Order ID,Order Date,Customer ID,Customer Name,Segment,Country,Market,Region,Product ID,Category,Sub-Category,Product Name,Sales,Quantity,Discount,Profit
IN-2015-JS156857-42035,2015-01-31 00:00:00,JS-156857,Jim Sink,Corporate,Australia,Asia Pacific,Oceania,TEC-CO-3597,Technology,Copiers,"Brother Fax Machine, High-Speed",2565.594,9,0.1,28.40399999999994
ES-2015-PO18865139-42018,2015-01-14 00:00:00,PO-18865139,Patrick O'Donnell,Consumer,United Kingdom,Europe,Northern Europe,TEC-CO-3598,Technology,Copiers,"Brother Fax Machine, Laser",4141.02,13,0,1697.67
IN-2015-DB1340527-42022,2015-01-18 00:00:00,DB-1340527,Denny Blanton,Consumer,China,Asia Pacific,Eastern Asia,FUR-CH-5774,Furniture,Chairs,"SAFCO Executive Leather Armchair, Black",5048.999999999999,11,0,656.37
CA-2015-AS10045140-42007,2015-01-03 00:00:00,AS-100451408,Aaron Smayling,Corporate,United States,USCA,Southern US,TEC-MA-3788,Technology,Machines,Cisco CP-7937G Unified IP Conference Station Phone,695.7,2,0.5,-27.827999999999975
CA-2015-AS10045140-42007,2015-01-03 00:00:00,AS-100451408,Aaron Smayling,Corporate,United States,USCA,Southern US,OFF-BI-3308,Office Supplies,Binders,Avery Recycled Flexi-View Covers for Binding Systems,28.854000000000006,6,0.7,-21.159599999999998
CA-2015-AS10045140-42007,2015-01-03 00:00:00,AS-100451408,Aaron Smayling,Corporate,United States,USCA,Southern US,OFF-BI-3185,Office Supplies,Binders,"Avery 3 1/2"" Diskette Storage Pages, 10/Pack",15.66,5,0.7,-12.527999999999995
LH-2015-JC610575-42032,2015-01-28 00:00:00,JC-610575,Julie Creighton,Corporate,Lithuania,Europe,Northern Europe,FUR-TA-3345,Furniture,Tables,"Barricks Conference Table, Rectangular",2171.16,8,0.7,-2750.2799999999993
ES-2015-MG1769564-42018,2015-01-14 00:00:00,MG-1769564,Maureen Gnade,Consumer,Italy,Europe,Southern Europe,TEC-CO-6012,Technology,Copiers,"Sharp Wireless Fax, Laser",2847.36,8,0,711.84
IN-2015-RA1988527-42034,2015-01-30 00:00:00,RA-1988527,Ruben Ausman,Corporate,China,Asia Pacific,Eastern Asia,FUR-CH-5380,Furniture,Chairs,"Novimex Executive Leather Armchair, Red",2300.9999999999995,5,0,91.95
ES-2015-RD19585120-42007,2015-01-03 00:00:00,RD-19585120,Rob Dowd,Consumer,Spain,Europe,Southern Europe,TEC-CO-3681,Technology,Copiers,"Canon Copy Machine, Laser",2097.1200000000003,8,0,188.64000000000001
MX-2015-VT2170018-42012,2015-01-08 00:00:00,VT-2170018,Valerie Takahito,Home Office,Brazil,LATAM,South America,TEC-PH-3148,Technology,Phones,"Apple Smart Phone, Full Size",3393.12,8,0,101.76
IN-2015-KD1634558-42029,2015-01-25 00:00:00,KD-1634558,Katherine Ducich,Consumer,India,Asia Pacific,Southern Asia,FUR-BO-4849,Furniture,Bookcases,"Ikea Classic Bookcase, Mobile",2485.6199999999994,6,0,795.24
ES-2015-DJ1342045-42035,2015-01-31 00:00:00,DJ-1342045,Denny Joy,Corporate,France,Europe,Western Europe,TEC-MA-5547,Technology,Machines,"Panasonic Inkjet, Red",2102.832,8,0.15,321.55199999999996
IN-2015-AH105857-42033,2015-01-29 00:00:00,AH-105857,Angele Hood,Consumer,Australia,Asia Pacific,Oceania,FUR-BO-4849,Furniture,Bookcases,"Ikea Classic Bookcase, Mobile",1864.2149999999997,5,0.1,455.56499999999994
MZ-2015-CC247587-42024,2015-01-20 00:00:00,CC-247587,Cindy Chapman,Consumer,Mozambique,Africa,Eastern Africa,FUR-CH-5776,Furniture,Chairs,"SAFCO Executive Leather Armchair, Set of Two",1854.7199999999998,4,0,778.92
CA-2015-AD10180140-42027,2015-01-23 00:00:00,AD-101801404,Alan Dominguez,Home Office,United States,USCA,Western US,TEC-CO-3690,Technology,Copiers,Canon Image Class D660 Copier,2999.95,5,0,1379.9769999999999
CA-2015-AD10180140-42027,2015-01-23 00:00:00,AD-101801404,Alan Dominguez,Home Office,United States,USCA,Western US,OFF-ST-6294,Office Supplies,Storage,Tennsco Single-Tier Lockers,1126.02,3,0,56.30099999999999
CA-2015-AD10180140-42027,2015-01-23 00:00:00,AD-101801404,Alan Dominguez,Home Office,United States,USCA,Western US,OFF-ST-3059,Office Supplies,Storage,Advantus Rolling Storage Box,51.449999999999996,3,0,13.891499999999999
IN-2015-MG1789097-42022,2015-01-18 00:00:00,MG-1789097,Michael Granlund,Home Office,Pakistan,Asia Pacific,Southern Asia,OFF-AP-3572,Office Supplies,Appliances,"Breville Microwave, Silver",2117.22,14,0.5,-1736.2799999999997
CA-2015-AD10180140-42027,2015-01-23 00:00:00,AD-101801404,Alan Dominguez,Home Office,United States,USCA,Western US,OFF-PA-4460,Office Supplies,Paper,Great White Multi-Use Recycled Paper (20Lb. and 84 Bright),11.96,2,0,5.382
ES-2015-IG1508545-42032,2015-01-28 00:00:00,IG-1508545,Ivan Gibson,Consumer,France,Europe,Western Europe,FUR-BO-3901,Furniture,Bookcases,"Dania Library with Doors, Metal",977.0220000000002,3,0.1,271.332
IN-2015-RR1952527-42035,2015-01-31 00:00:00,RR-1952527,Rick Reed,Corporate,China,Asia Pacific,Eastern Asia,TEC-CO-3587,Technology,Copiers,"Brother Copy Machine, Color",791.19,3,0,126.53999999999999
IN-2015-CG1204092-42032,2015-01-28 00:00:00,CG-1204092,Catherine Glotzbach,Home Office,New Zealand,Asia Pacific,Oceania,FUR-BO-3629,Furniture,Bookcases,"Bush Corner Shelving, Mobile",759.0600000000001,6,0,15.120000000000001
IN-2015-AH105857-42033,2015-01-29 00:00:00,AH-105857,Angele Hood,Consumer,Australia,Asia Pacific,Oceania,FUR-BO-3887,Furniture,Bookcases,"Dania 3-Shelf Cabinet, Pine",1028.16,8,0.1,274.08
ES-2015-KM1672048-42027,2015-01-23 00:00:00,KM-1672048,Kunst Miller,Consumer,Germany,Europe,Western Europe,TEC-CO-4575,Technology,Copiers,"Hewlett Fax Machine, Color",642.7199999999999,2,0,224.94
ES-2015-MA1756048-42028,2015-01-24 00:00:00,MA-1756048,Matt Abelman,Home Office,Germany,Europe,Western Europe,OFF-AR-6105,Office Supplies,Art,"Stanley Canvas, Blue",346.28999999999996,7,0,55.23
IZ-2015-JL550561-42028,2015-01-24 00:00:00,JL-550561,Jeremy Lonsdale,Consumer,Iraq,Asia Pacific,Western Asia,OFF-ST-5693,Office Supplies,Storage,"Rogers File Cart, Single Width",1699.56,12,0,441.72
IN-2015-EM1414011-42021,2015-01-17 00:00:00,EM-1414011,Eugene Moren,Home Office,Bangladesh,Asia Pacific,Southern Asia,TEC-CO-6011,Technology,Copiers,"Sharp Wireless Fax, High-Speed",1770.6,5,0,495.74999999999994
RS-2015-KB6315108-42033,2015-01-29 00:00:00,KB-6315108,Karl Braun,Consumer,Russia,Europe,Eastern Europe,OFF-ST-4106,Office Supplies,Storage,"Eldon Trays, Industrial",581.4,12,0,273.24
ID-2015-MP17965144-42008,2015-01-04 00:00:00,MP-17965144,Michael Paige,Corporate,Vietnam,Asia Pacific,Southeastern Asia,FUR-CH-5379,Furniture,Chairs,"Novimex Executive Leather Armchair, Black",1002.9104999999997,3,0.27,-329.80949999999996
MX-2015-CT1199528-42022,2015-01-18 00:00:00,CT-1199528,Carol Triggs,Consumer,Colombia,LATAM,South America,FUR-CH-4563,Furniture,Chairs,"Harbour Creations Swivel Stool, Red",840.5600000000001,7,0,243.74
ID-2015-JC15340102-42012,2015-01-08 00:00:00,JC-15340102,Jasper Cacioppo,Consumer,Philippines,Asia Pacific,Southeastern Asia,TEC-CO-4791,Technology,Copiers,"HP Wireless Fax, High-Speed",698.8995,3,0.35,-32.26049999999998
MX-2015-NP1868582-42019,2015-01-15 00:00:00,NP-1868582,Nora Pelletier,Home Office,Mexico,LATAM,Central America,TEC-CO-6001,Technology,Copiers,"Sharp Ink, Color",334.9288,4,0.002,42.9288
IN-2015-JJ1544558-42020,2015-01-16 00:00:00,JJ-1544558,Jennifer Jackson,Consumer,India,Asia Pacific,Southern Asia,FUR-CH-5774,Furniture,Chairs,"SAFCO Executive Leather Armchair, Black",1376.9999999999995,3,0,179.01
IN-2015-RA1988527-42034,2015-01-30 00:00:00,RA-1988527,Ruben Ausman,Corporate,China,Asia Pacific,Eastern Asia,TEC-PH-3147,Technology,Phones,"Apple Smart Phone, Cordless",1272.6,2,0,470.82
IN-2015-LB1679558-42033,2015-01-29 00:00:00,LB-1679558,Laurel Beltran,Home Office,India,Asia Pacific,Southern Asia,TEC-MA-5513,Technology,Machines,"Okidata Printer, Wireless",1611.0000000000005,6,0,64.44
IN-2015-DL1331592-42025,2015-01-21 00:00:00,DL-1331592,Delfina Latchford,Consumer,New Zealand,Asia Pacific,Oceania,TEC-CO-4789,Technology,Copiers,"HP Wireless Fax, Color",867.9599999999999,4,0.4,86.7600000000001
CA-2015-AR10540140-42021,2015-01-17 00:00:00,AR-105401402,Andy Reiter,Consumer,United States,USCA,Central US,OFF-BI-4340,Office Supplies,Binders,GBC DocuBind P400 Electric Binding System,5443.96,4,0,2504.2216
CA-2015-AR10540140-42021,2015-01-17 00:00:00,AR-105401402,Andy Reiter,Consumer,United States,USCA,Central US,FUR-CH-5444,Furniture,Chairs,Office Star Flex Back Scooter Chair with Aluminum Finish Frame,302.67,3,0,72.6408
CA-2015-AR10540140-42021,2015-01-17 00:00:00,AR-105401402,Andy Reiter,Consumer,United States,USCA,Central US,OFF-PA-6309,Office Supplies,Paper,"TOPS Money Receipt Book, Consecutively Numbered in Red,",56.07,7,0,25.231499999999997
IR-2015-DM301560-42019,2015-01-15 00:00:00,DM-301560,Darrin Martin,Consumer,Iran,Asia Pacific,Southern Asia,FUR-FU-3035,Furniture,Furnishings,"Advantus Frame, Erganomic",877.92,8,0,280.79999999999995
ES-2015-SB2018564-42015,2015-01-11 00:00:00,SB-2018564,Sarah Brown,Consumer,Italy,Europe,Southern Europe,OFF-AP-3578,Office Supplies,Appliances,"Breville Stove, Black",2243.88,4,0,246.71999999999997
MO-2015-GH442586-42020,2015-01-16 00:00:00,GH-442586,Gary Hwang,Consumer,Morocco,Africa,North Africa,TEC-PH-5249,Technology,Phones,"Motorola Audio Dock, with Caller ID",1040.22,6,0,405.54
US-2015-NC1853582-42028,2015-01-24 00:00:00,NC-1853582,Nick Crebassa,Corporate,Mexico,LATAM,Central America,FUR-CH-4654,Furniture,Chairs,"Hon Executive Leather Armchair, Adjustable",970.0479999999998,4,0.2,-36.431999999999924
ES-2015-AS1028545-42014,2015-01-10 00:00:00,AS-1028545,Alejandro Savely,Corporate,France,Europe,Western Europe,TEC-CO-4590,Technology,Copiers,"Hewlett Wireless Fax, Color",1621.9274999999998,5,0.15,95.37750000000005
IN-2015-CA1196527-42015,2015-01-11 00:00:00,CA-1196527,Carol Adams,Corporate,China,Asia Pacific,Eastern Asia,FUR-CH-5446,Furniture,Chairs,"Office Star Rocking Chair, Adjustable",1290.6000000000001,9,0,25.65
ES-2015-FH1435045-42005,2015-01-01 00:00:00,FH-1435045,Fred Harton,Consumer,France,Europe,Western Europe,TEC-MA-5511,Technology,Machines,"Okidata Printer, Red",677.4075,3,0.15,-111.62250000000002
IT-2015-JL1517545-42010,2015-01-06 00:00:00,JL-1517545,James Lanier,Home Office,France,Europe,Western Europe,FUR-TA-5072,Furniture,Tables,"Lesro Wood Table, Fully Assembled",1828.71,6,0.35,-56.430000000000064
MX-2015-NP1868582-42019,2015-01-15 00:00:00,NP-1868582,Nora Pelletier,Home Office,Mexico,LATAM,Central America,OFF-ST-5693,Office Supplies,Storage,"Rogers File Cart, Single Width",284.16,3,0,113.64000000000001
ES-2015-RA1928548-42018,2015-01-14 00:00:00,RA-1928548,Ralph Arnett,Consumer,Germany,Europe,Western Europe,TEC-PH-3133,Technology,Phones,"Apple Headset, Full Size",596.4,8,0,101.28
MX-2015-BP1105039-42020,2015-01-16 00:00:00,BP-1105039,Barry Pond,Corporate,El Salvador,LATAM,Central America,TEC-PH-3818,Technology,Phones,"Cisco Speaker Phone, with Caller ID",461.6,5,0,180
ID-2015-DP131657-42011,2015-01-07 00:00:00,DP-131657,David Philippe,Consumer,Australia,Asia Pacific,Oceania,OFF-AP-3572,Office Supplies,Appliances,"Breville Microwave, Silver",3810.996,14,0.1,-42.50399999999996
ES-2015-GZ1447045-42017,2015-01-13 00:00:00,GZ-1447045,Gary Zandusky,Consumer,France,Europe,Western Europe,TEC-AC-3404,Technology,Accessories,"Belkin Router, Programmable",1301.25,5,0,572.5500000000001
ES-2015-NF1847548-42010,2015-01-06 00:00:00,NF-1847548,Neil Französisch,Home Office,Germany,Europe,Western Europe,TEC-MA-4197,Technology,Machines,"Epson Inkjet, Durable",919.89,3,0,303.48
IN-2015-ND184607-42029,2015-01-25 00:00:00,ND-184607,Neil Ducich,Corporate,Australia,Asia Pacific,Oceania,TEC-CO-4578,Technology,Copiers,"Hewlett Fax Machine, Laser",575.856,2,0.1,243.09599999999998
MX-2015-JJ1544565-42018,2015-01-14 00:00:00,JJ-1544565,Jennifer Jackson,Consumer,Jamaica,LATAM,Caribbean,FUR-TA-5070,Furniture,Tables,"Lesro Training Table, with Bottom Storage",537.6,3,0,134.4
ES-2015-KD1627045-42021,2015-01-17 00:00:00,KD-1627045,Karen Daniels,Consumer,France,Europe,Western Europe,OFF-ST-4079,Office Supplies,Storage,"Eldon Lockers, Industrial",714.204,4,0.1,309.44399999999996
IZ-2015-SS1014061-42028,2015-01-24 00:00:00,SS-1014061,Saphhira Shifley,Corporate,Iraq,Asia Pacific,Western Asia,TEC-MA-4197,Technology,Machines,"Epson Inkjet, Durable",1226.52,4,0,404.64
ID-2015-PK1907592-42033,2015-01-29 00:00:00,PK-1907592,Pete Kriz,Consumer,New Zealand,Asia Pacific,Oceania,TEC-CO-6010,Technology,Copiers,"Sharp Wireless Fax, Digital",853.3439999999999,4,0.4,-42.696000000000026
EG-2015-LS694538-42024,2015-01-20 00:00:00,LS-694538,Linda Southworth,Corporate,Egypt,Africa,North Africa,OFF-AP-4743,Office Supplies,Appliances,"Hoover Stove, Red",568.47,1,0,284.21999999999997
ID-2015-DP131657-42011,2015-01-07 00:00:00,DP-131657,David Philippe,Consumer,Australia,Asia Pacific,Oceania,OFF-AP-3870,Office Supplies,Appliances,"Cuisinart Refrigerator, Silver",1788.5879999999997,4,0.1,99.34800000000001
ID-2015-JC15340102-42012,2015-01-08 00:00:00,JC-15340102,Jasper Cacioppo,Consumer,Philippines,Asia Pacific,Southeastern Asia,FUR-BO-5941,Furniture,Bookcases,"Sauder 3-Shelf Cabinet, Mobile",769.8600000000001,7,0.35,59.21999999999997
CA-2015-AO81023-42028,2015-01-24 00:00:00,AO-81023,Anthony O'Donnell,Corporate,Canada,USCA,Canada,TEC-PH-3787,Technology,Phones,"Cisco Audio Dock, with Caller ID",364.14,2,0,80.1
CA-2015-AO81023-42028,2015-01-24 00:00:00,AO-81023,Anthony O'Donnell,Corporate,Canada,USCA,Canada,OFF-PA-3999,Office Supplies,Paper,"Eaton Message Books, Multicolor",21.99,1,0,10.11
IN-2015-DJ135107-42007,2015-01-03 00:00:00,DJ-135107,Don Jones,Corporate,Australia,Asia Pacific,Oceania,OFF-AP-3866,Office Supplies,Appliances,"Cuisinart Microwave, Silver",1256.445,5,0.1,488.595
ES-2015-AG10270139-42017,2015-01-13 00:00:00,AG-10270139,Alejandro Grove,Consumer,United Kingdom,Europe,Northern Europe,OFF-AR-3448,Office Supplies,Art,"BIC Canvas, Easy-Erase",323.82,6,0,109.98000000000002
ES-2015-GM14695139-42025,2015-01-21 00:00:00,GM-14695139,Greg Maxwell,Corporate,United Kingdom,Europe,Northern Europe,FUR-TA-3766,Furniture,Tables,"Chromcraft Conference Table, with Bottom Storage",1745.34,2,0,122.16
MO-2015-MC759086-42033,2015-01-29 00:00:00,MC-759086,Matt Collister,Corporate,Morocco,Africa,North Africa,TEC-AC-5205,Technology,Accessories,"Memorex Memory Card, Programmable",415.0799999999999,4,0,58.08
ID-2015-BG1169588-42012,2015-01-08 00:00:00,BG-1169588,Brooke Gillingham,Corporate,Myanmar (Burma),Asia Pacific,Southeastern Asia,TEC-PH-3148,Technology,Phones,"Apple Smart Phone, Full Size",1056.1086,2,0.17,-127.27140000000003
ES-2015-RH1949545-42010,2015-01-06 00:00:00,RH-1949545,Rick Hansen,Consumer,France,Europe,Western Europe,TEC-PH-3787,Technology,Phones,"Cisco Audio Dock, with Caller ID",773.7975,5,0.15,63.69750000000002
MX-2015-KE1642031-42028,2015-01-24 00:00:00,KE-1642031,Katrina Edelman,Corporate,Cuba,LATAM,Caribbean,FUR-CH-5773,Furniture,Chairs,"SAFCO Executive Leather Armchair, Adjustable",927.8400000000001,3,0,352.56000000000006
ES-2015-LS1724545-42032,2015-01-28 00:00:00,LS-1724545,Lynn Smith,Consumer,France,Europe,Western Europe,TEC-CO-6007,Technology,Copiers,"Sharp Personal Copier, High-Speed",301.40999999999997,3,0.15,92.16
ES-2015-LP1709545-42007,2015-01-03 00:00:00,LP-1709545,Liz Preis,Consumer,France,Europe,Western Europe,OFF-PA-5848,Office Supplies,Paper,"SanDisk Cards & Envelopes, Multicolor",249.14999999999998,5,0,17.4
IN-2015-ML1775511-42007,2015-01-03 00:00:00,ML-1775511,Max Ludwig,Home Office,Bangladesh,Asia Pacific,Southern Asia,TEC-CO-4589,Technology,Copiers,"Hewlett Personal Copier, Laser",288.53999999999996,2,0,11.52
ES-2015-RP1985548-42012,2015-01-08 00:00:00,RP-1985548,Roy Phan,Corporate,Germany,Europe,Western Europe,OFF-AR-5902,Office Supplies,Art,"Sanford Canvas, Blue",227.33999999999997,5,0.1,47.940000000000005
ES-2015-EB1417064-42012,2015-01-08 00:00:00,EB-1417064,Evan Bailliet,Consumer,Italy,Europe,Southern Europe,FUR-BO-5959,Furniture,Bookcases,"Sauder Floating Shelf Set, Metal",388.08000000000004,2,0,93.12
IT-2015-JD1606048-42029,2015-01-25 00:00:00,JD-1606048,Julia Dunbar,Consumer,Germany,Europe,Western Europe,OFF-ST-4078,Office Supplies,Storage,"Eldon Lockers, Blue",534.357,3,0.1,-0.06300000000000239
IT-2015-AR1034545-42024,2015-01-20 00:00:00,AR-1034545,Alex Russell,Corporate,France,Europe,Western Europe,OFF-AP-3869,Office Supplies,Appliances,"Cuisinart Refrigerator, Red",1785.8879999999997,4,0.1,297.648
TU-2015-PT9090134-42008,2015-01-04 00:00:00,PT-9090134,Pete Takahito,Consumer,Turkey,Asia Pacific,Western Asia,TEC-PH-5268,Technology,Phones,"Motorola Smart Phone, Full Size",515.1840000000001,2,0.6,-386.4359999999999
ID-2015-DB1355592-42026,2015-01-22 00:00:00,DB-1355592,Dorothy Badders,Corporate,New Zealand,Asia Pacific,Oceania,OFF-AP-4959,Office Supplies,Appliances,"KitchenAid Microwave, White",370.152,2,0.4,-74.088
IN-2015-DK1337527-42021,2015-01-17 00:00:00,DK-1337527,Dennis Kane,Consumer,China,Asia Pacific,Eastern Asia,FUR-TA-3342,Furniture,Tables,"Barricks Computer Table, with Bottom Storage",1008.0629999999999,3,0.3,28.77300000000014
IT-2015-TH2123545-42013,2015-01-09 00:00:00,TH-2123545,Tiffany House,Corporate,France,Europe,Western Europe,TEC-MA-6140,Technology,Machines,"StarTech Inkjet, Durable",1020.6120000000002,4,0.15,-48.10800000000003
AG-2015-PO88653-42017,2015-01-13 00:00:00,PO-88653,Patrick O'Donnell,Consumer,Algeria,Africa,North Africa,TEC-CO-5999,Technology,Copiers,"Sharp Fax Machine, High-Speed",293.84999999999997,1,0,61.67999999999999
IN-2015-RB1970527-42032,2015-01-28 00:00:00,RB-1970527,Roger Barcio,Home Office,China,Asia Pacific,Eastern Asia,FUR-CH-5409,Furniture,Chairs,"Novimex Steel Folding Chair, Set of Two",506.88,6,0,20.160000000000004
IT-2015-MH1802564-42024,2015-01-20 00:00:00,MH-1802564,Michelle Huthwaite,Consumer,Italy,Europe,Southern Europe,OFF-ST-6248,Office Supplies,Storage,"Tenex File Cart, Single Width",565.3620000000001,7,0.4,65.77199999999988
IN-2015-SP20620102-42019,2015-01-15 00:00:00,SP-20620102,Stefania Perrino,Corporate,Philippines,Asia Pacific,Southeastern Asia,FUR-FU-4084,Furniture,Furnishings,"Eldon Photo Frame, Duo Pack",305.3925,7,0.25,8.032500000000013
ES-2015-JG1580545-42021,2015-01-17 00:00:00,JG-1580545,John Grady,Corporate,France,Europe,Western Europe,OFF-ST-5692,Office Supplies,Storage,"Rogers File Cart, Industrial",637.2000000000002,5,0.1,49.499999999999986
ID-2015-MY1738059-42035,2015-01-31 00:00:00,MY-1738059,Maribeth Yedwab,Corporate,Indonesia,Asia Pacific,Southeastern Asia,OFF-AP-4748,Office Supplies,Appliances,"Hoover Toaster, Silver",490.3059000000001,7,0.17,70.72590000000001
CA-2015-BW11110140-42012,2015-01-08 00:00:00,BW-111101402,Bart Watters,Corporate,United States,USCA,Central US,TEC-MA-5082,Technology,Machines,Lexmark MX611dhe Monochrome Laser Printer,3059.982,2,0.1,679.9959999999996
LY-2015-SC1005074-42024,2015-01-20 00:00:00,SC-1005074,Sample Company A,Home Office,Libya,Africa,North Africa,TEC-PH-3792,Technology,Phones,"Cisco Headset, VoIP",354.12,4,0,14.16
IN-2015-EM1414011-42021,2015-01-17 00:00:00,EM-1414011,Eugene Moren,Home Office,Bangladesh,Asia Pacific,Southern Asia,FUR-CH-5796,Furniture,Chairs,"SAFCO Rocking Chair, Set of Two",685.8,5,0,157.65
CA-2015-BP11155140-42005,2015-01-01 00:00:00,BP-111551404,Becky Pak,Consumer,United States,USCA,Western US,OFF-BI-4356,Office Supplies,Binders,"GBC Pre-Punched Binding Paper, Plastic, White, 8-1/2"" x 11""",38.376000000000005,3,0.2,13.4316
SA-2015-RB9705110-42030,2015-01-26 00:00:00,RB-9705110,Roger Barcio,Home Office,Saudi Arabia,Asia Pacific,Western Asia,FUR-CH-4701,Furniture,Chairs,"Hon Swivel Stool, Adjustable",332.2800000000001,2,0,43.14
IN-2015-RF1934527-42007,2015-01-03 00:00:00,RF-1934527,Randy Ferguson,Corporate,China,Asia Pacific,Eastern Asia,OFF-ST-4055,Office Supplies,Storage,"Eldon File Cart, Blue",634.8000000000001,5,0,171.29999999999998
IZ-2015-KM672061-42020,2015-01-16 00:00:00,KM-672061,Kunst Miller,Consumer,Iraq,Asia Pacific,Western Asia,TEC-CO-5996,Technology,Copiers,"Sharp Fax and Copier, Laser",674.4,4,0,303.48
IN-2015-RD1958558-42010,2015-01-06 00:00:00,RD-1958558,Rob Dowd,Consumer,India,Asia Pacific,Southern Asia,OFF-ST-4057,Office Supplies,Storage,"Eldon File Cart, Single Width",511.68,4,0,30.599999999999998
IN-2015-SS2051527-42035,2015-01-31 00:00:00,SS-2051527,Shirley Schmidt,Home Office,China,Asia Pacific,Eastern Asia,FUR-FU-3066,Furniture,Furnishings,"Advantus Stacking Tray, Durable",316.44000000000005,12,0,117
ID-2015-MP17965144-42008,2015-01-04 00:00:00,MP-17965144,Michael Paige,Corporate,Vietnam,Asia Pacific,Southeastern Asia,FUR-CH-4544,Furniture,Chairs,"Harbour Creations Rocking Chair, Adjustable",327.58019999999993,3,0.27,-76.3398
IR-2015-SC1072560-42034,2015-01-30 00:00:00,SC-1072560,Steven Cartwright,Consumer,Iran,Asia Pacific,Southern Asia,OFF-ST-6275,Office Supplies,Storage,"Tenex Shelving, Wire Frame",644.76,12,0,77.03999999999999
IN-2015-RB1970527-42032,2015-01-28 00:00:00,RB-1970527,Roger Barcio,Home Office,China,Asia Pacific,Eastern Asia,FUR-CH-4697,Furniture,Chairs,"Hon Steel Folding Chair, Adjustable",335.64,4,0,164.39999999999998
CA-2015-BV11245140-42035,2015-01-31 00:00:00,BV-112451402,Benjamin Venier,Corporate,United States,USCA,Central US,TEC-PH-3164,Technology,Phones,AT&T 841000 Phone,207,3,0,51.75
CA-2015-BV11245140-42035,2015-01-31 00:00:00,BV-112451402,Benjamin Venier,Corporate,United States,USCA,Central US,FUR-FU-3830,Furniture,Furnishings,"C-Line Magnetic Cubicle Keepers, Clear Polypropylene",34.580000000000005,7,0,14.523600000000002
CA-2015-BV11245140-42035,2015-01-31 00:00:00,BV-112451402,Benjamin Venier,Corporate,United States,USCA,Central US,OFF-AR-3524,Office Supplies,Art,Boston 19500 Mighty Mite Electric Pencil Sharpener,40.3,2,0,10.881
CA-2015-BV11245140-42035,2015-01-31 00:00:00,BV-112451402,Benjamin Venier,Corporate,United States,USCA,Central US,OFF-BI-4348,Office Supplies,Binders,GBC Instant Report Kit,32.35,5,0,16.175
CA-2015-BV11245140-42035,2015-01-31 00:00:00,BV-112451402,Benjamin Venier,Corporate,United States,USCA,Central US,OFF-BI-3728,Office Supplies,Binders,Cardinal EasyOpen D-Ring Binders,18.28,2,0,9.14
CA-2015-BV11245140-42035,2015-01-31 00:00:00,BV-112451402,Benjamin Venier,Corporate,United States,USCA,Central US,OFF-BI-3983,Office Supplies,Binders,DXL Angle-View Binders with Locking Rings by Samsill,7.71,1,0,3.4695
ID-2015-BP1105092-42006,2015-01-02 00:00:00,BP-1105092,Barry Pond,Corporate,New Zealand,Asia Pacific,Oceania,TEC-AC-3403,Technology,Accessories,"Belkin Router, Erganomic",307.87200000000007,2,0.4,-118.06800000000005
ID-2015-AJ1096059-42020,2015-01-16 00:00:00,AJ-1096059,Astrea Jones,Consumer,Indonesia,Asia Pacific,Southeastern Asia,TEC-MA-5501,Technology,Machines,"Okidata Inkjet, Durable",778.1499000000001,3,0.17,149.9498999999999
CA-2015-BP11290140-42014,2015-01-10 00:00:00,BP-112901406,Beth Paige,Consumer,United States,USCA,Eastern US,OFF-BI-4822,Office Supplies,Binders,Ibico Hi-Tech Manual Binding System,274.49100000000004,3,0.7,-228.74250000000006
MX-2015-LC1696018-42020,2015-01-16 00:00:00,LC-1696018,Lindsay Castell,Home Office,Brazil,LATAM,South America,FUR-CH-5409,Furniture,Chairs,"Novimex Steel Folding Chair, Set of Two",168.96,3,0,40.5
CA-2015-BT11305140-42033,2015-01-29 00:00:00,BT-113051404,Beth Thompson,Home Office,United States,USCA,Western US,TEC-AC-5104,Technology,Accessories,Logitech G13 Programmable Gameboard with LCD Display,239.96999999999997,3,0,26.39670000000001
CA-2015-BT11305140-42033,2015-01-29 00:00:00,BT-113051404,Beth Thompson,Home Office,United States,USCA,Western US,FUR-FU-3917,Furniture,Furnishings,"DAX Executive Solid Wood Document Frame, Desktop or Hang, Mahogany, 5 x 7",37.74,3,0,12.831599999999996
AG-2015-SB101703-42026,2015-01-22 00:00:00,SB-101703,Sarah Bern,Consumer,Algeria,Africa,North Africa,FUR-BO-5950,Furniture,Bookcases,"Sauder Classic Bookcase, Pine",874.6800000000001,2,0,148.68
ES-2015-JH1618045-42025,2015-01-21 00:00:00,JH-1618045,Justin Hirsh,Consumer,France,Europe,Western Europe,TEC-MA-5013,Technology,Machines,"Konica Phone, Wireless",586.092,8,0.15,34.331999999999994
ES-2015-TT2107045-42012,2015-01-08 00:00:00,TT-2107045,Ted Trevino,Consumer,France,Europe,Western Europe,TEC-MA-5569,Technology,Machines,"Panasonic Phone, White",495.33750000000003,7,0.15,-35.12249999999999
IT-2015-RE1945064-42027,2015-01-23 00:00:00,RE-1945064,Richard Eichhorn,Consumer,Italy,Europe,Southern Europe,FUR-FU-6278,Furniture,Furnishings,"Tenex Stacking Tray, Erganomic",190.8,8,0,13.200000000000001
MX-2015-GM1450098-42025,2015-01-21 00:00:00,GM-1450098,Gene McClure,Consumer,Panama,LATAM,Central America,FUR-CH-4531,Furniture,Chairs,"Harbour Creations Executive Leather Armchair, Black",1136.6639999999998,6,0.4,-284.256
CA-2015-BE11410140-42026,2015-01-22 00:00:00,BE-114101402,Bobby Elias,Consumer,United States,USCA,Central US,OFF-EN-3077,Office Supplies,Envelopes,Airmail Envelopes,268.576,4,0.2,90.64439999999999
ES-2015-RH1949545-42010,2015-01-06 00:00:00,RH-1949545,Rick Hansen,Consumer,France,Europe,Western Europe,TEC-PH-5843,Technology,Phones,"Samsung Speaker Phone, Cordless",535.8825,5,0.15,12.532499999999999
US-2015-BD11500140-42031,2015-01-27 00:00:00,BD-115001408,Bradley Drucker,Consumer,United States,USCA,Southern US,TEC-PH-5817,Technology,Phones,Samsung Galaxy Mega 6.3,2939.9300000000003,7,0,764.3818000000001
ES-2015-MM1726048-42034,2015-01-30 00:00:00,MM-1726048,Magdelene Morse,Consumer,Germany,Europe,Western Europe,TEC-CO-6006,Technology,Copiers,"Sharp Personal Copier, Digital",323.028,3,0.1,143.56800000000004
ID-2015-DK13090102-42026,2015-01-22 00:00:00,DK-13090102,Dave Kipp,Consumer,Philippines,Asia Pacific,Southeastern Asia,FUR-CH-4530,Furniture,Chairs,"Harbour Creations Executive Leather Armchair, Adjustable",1428.3,4,0.25,-57.18000000000001
US-2015-BD11500140-42031,2015-01-27 00:00:00,BD-115001408,Bradley Drucker,Consumer,United States,USCA,Southern US,FUR-FU-3157,Furniture,Furnishings,Artistic Insta-Plaque,62.72,4,0,24.4608
PL-2015-CC2610103-42025,2015-01-21 00:00:00,CC-2610103,Corey Catlett,Corporate,Poland,Europe,Eastern Europe,TEC-MA-5012,Technology,Machines,"Konica Phone, White",338.4,4,0,118.44
IN-2015-JW1607558-42013,2015-01-09 00:00:00,JW-1607558,Julia West,Consumer,India,Asia Pacific,Southern Asia,TEC-CO-3697,Technology,Copiers,"Canon Ink, Laser",294.29999999999995,2,0,135.35999999999999
IN-2015-JK1609027-42007,2015-01-03 00:00:00,JK-1609027,Juliana Krohn,Consumer,China,Asia Pacific,Eastern Asia,TEC-PH-5247,Technology,Phones,"Motorola Audio Dock, Full Size",523.98,3,0,125.73000000000002
IN-2015-JK1562559-42026,2015-01-22 00:00:00,JK-1562559,Jim Karlsson,Consumer,Indonesia,Asia Pacific,Southeastern Asia,OFF-AP-4512,Office Supplies,Appliances,"Hamilton Beach Toaster, White",184.758,4,0.17,62.23799999999999
IN-2015-EM1414011-42021,2015-01-17 00:00:00,EM-1414011,Eugene Moren,Home Office,Bangladesh,Asia Pacific,Southern Asia,TEC-AC-5895,Technology,Accessories,"SanDisk Router, Erganomic",762.48,3,0,121.95000000000002
LY-2015-SC1005074-42024,2015-01-20 00:00:00,SC-1005074,Sample Company A,Home Office,Libya,Africa,North Africa,OFF-ST-4057,Office Supplies,Storage,"Eldon File Cart, Single Width",255.84,2,0,46.019999999999996
ID-2015-DK13090102-42026,2015-01-22 00:00:00,DK-13090102,Dave Kipp,Consumer,Philippines,Asia Pacific,Southeastern Asia,FUR-TA-4706,Furniture,Tables,"Hon Training Table, Fully Assembled",451.1295,3,0.55,-150.43050000000017
IN-2015-SE20110113-42026,2015-01-22 00:00:00,SE-20110113,Sanjit Engle,Consumer,Singapore,Asia Pacific,Southeastern Asia,FUR-CH-5442,Furniture,Chairs,"Office Star Executive Leather Armchair, Black",467.42999999999995,1,0,219.69
CA-2015-BT153023-42017,2015-01-13 00:00:00,BT-153023,Bradley Talbott,Home Office,Canada,USCA,Canada,FUR-BO-4866,Furniture,Bookcases,"Ikea Stackable Bookrack, Pine",743.58,6,0,371.7
CA-2015-BT153023-42017,2015-01-13 00:00:00,BT-153023,Bradley Talbott,Home Office,Canada,USCA,Canada,OFF-BI-4804,Office Supplies,Binders,"Ibico 3-Hole Punch, Durable",63.900000000000006,2,0,23.64
CA-2015-BT153023-42017,2015-01-13 00:00:00,BT-153023,Bradley Talbott,Home Office,Canada,USCA,Canada,OFF-AR-5918,Office Supplies,Art,"Sanford Markers, Easy-Erase",23.52,1,0,0.44999999999999996
IS-2015-MH778563-42010,2015-01-06 00:00:00,MH-778563,Maya Herman,Corporate,Israel,Asia Pacific,Western Asia,OFF-SU-4327,Office Supplies,Supplies,"Fiskars Trimmer, Serrated",234.00000000000006,6,0,28.08
IN-2015-RB1970527-42032,2015-01-28 00:00:00,RB-1970527,Roger Barcio,Home Office,China,Asia Pacific,Eastern Asia,FUR-BO-5745,Furniture,Bookcases,"Safco 3-Shelf Cabinet, Metal",336.6,2,0,158.16
IN-2015-KN164507-42005,2015-01-01 00:00:00,KN-164507,Kean Nguyen,Corporate,Australia,Asia Pacific,Oceania,TEC-MA-5008,Technology,Machines,"Konica Inkjet, Wireless",846.288,3,0.1,46.99799999999999
CA-2015-BD11620140-42005,2015-01-01 00:00:00,BD-116201404,Brian DeCherney,Consumer,United States,USCA,Western US,TEC-PH-3017,Technology,Phones,Adtran 1202752G1,302.376,3,0.2,22.678200000000018
MX-2015-MR1754582-42026,2015-01-22 00:00:00,MR-1754582,Mathew Reese,Home Office,Mexico,LATAM,Central America,TEC-MA-4197,Technology,Machines,"Epson Inkjet, Durable",1226.52,6,0,232.92
ES-2015-NF1847548-42010,2015-01-06 00:00:00,NF-1847548,Neil Französisch,Home Office,Germany,Europe,Western Europe,TEC-MA-5576,Technology,Machines,"Panasonic Receipt Printer, Red",354.15000000000003,3,0,173.52
ES-2015-ND18460139-42013,2015-01-09 00:00:00,ND-18460139,Neil Ducich,Corporate,United Kingdom,Europe,Northern Europe,TEC-CO-4570,Technology,Copiers,"Hewlett Copy Machine, Laser",1843.17,7,0,36.75
IN-2015-KC1625578-42007,2015-01-03 00:00:00,KC-1625578,Karen Carlisle,Corporate,Malaysia,Asia Pacific,Southeastern Asia,FUR-CH-5412,Furniture,Chairs,"Novimex Swivel Stool, Black",486.0900000000001,3,0,106.92
ES-2015-JL1585045-42020,2015-01-16 00:00:00,JL-1585045,John Lucas,Consumer,France,Europe,Western Europe,OFF-AR-3492,Office Supplies,Art,"Binney & Smith Pencil Sharpener, Easy-Erase",139.65,5,0,15.3
IN-2015-GR145607-42026,2015-01-22 00:00:00,GR-145607,Georgia Rosenberg,Corporate,Australia,Asia Pacific,Oceania,TEC-CO-3600,Technology,Copiers,"Brother Ink, Digital",264.492,2,0.1,114.612
ES-2015-PB1880545-42010,2015-01-06 00:00:00,PB-1880545,Patrick Bzostek,Home Office,France,Europe,Western Europe,TEC-PH-5249,Technology,Phones,"Motorola Audio Dock, with Caller ID",736.8225,5,0.15,207.92250000000004
IN-2015-RA1988527-42034,2015-01-30 00:00:00,RA-1988527,Ruben Ausman,Corporate,China,Asia Pacific,Eastern Asia,FUR-BO-4860,Furniture,Bookcases,"Ikea Library with Doors, Metal",362.85,1,0,32.64
CM-2015-BF102022-42024,2015-01-20 00:00:00,BF-102022,Barry Französisch,Corporate,Cameroon,Africa,Central Africa,FUR-TA-5073,Furniture,Tables,"Lesro Wood Table, Rectangular",465,1,0,79.05000000000001
CG-2015-PS876033-42022,2015-01-18 00:00:00,PS-876033,Pamela Stobb,Consumer,Democratic Republic of the Congo,Africa,Central Africa,TEC-MA-5015,Technology,Machines,"Konica Printer, Red",264.99,1,0,119.22
MX-2015-SK1999051-42020,2015-01-16 00:00:00,SK-1999051,Sally Knutson,Consumer,Guatemala,LATAM,Central America,OFF-AP-4962,Office Supplies,Appliances,"KitchenAid Refrigerator, Silver",1057.3799999999999,3,0,285.47999999999996
CA-2015-BH11710140-42019,2015-01-15 00:00:00,BH-117101408,Brosina Hoffman,Consumer,United States,USCA,Southern US,TEC-PH-4843,Technology,Phones,iHome FM Clock Radio with Lightning Dock,111.984,2,0.2,6.999000000000006
CA-2015-BH11710140-42019,2015-01-15 00:00:00,BH-117101408,Brosina Hoffman,Consumer,United States,USCA,Southern US,OFF-PA-6485,Office Supplies,Paper,Xerox 1931,36.28800000000001,7,0.2,12.700800000000001
CA-2015-BH11710140-42019,2015-01-15 00:00:00,BH-117101408,Brosina Hoffman,Consumer,United States,USCA,Southern US,OFF-BI-4834,Office Supplies,Binders,Ibico Presentation Index for Binding Systems,5.970000000000001,5,0.7,-4.577
IN-2015-KD1634558-42029,2015-01-25 00:00:00,KD-1634558,Katherine Ducich,Consumer,India,Asia Pacific,Southern Asia,TEC-CO-3589,Technology,Copiers,"Brother Copy Machine, Laser",785.79,3,0,369.27
IT-2015-JL1517545-42010,2015-01-06 00:00:00,JL-1517545,James Lanier,Home Office,France,Europe,Western Europe,OFF-ST-6048,Office Supplies,Storage,"Smead Lockers, Single Width",357.21,2,0.1,138.87
CA-2015-BH11710140-42019,2015-01-15 00:00:00,BH-117101408,Brosina Hoffman,Consumer,United States,USCA,Southern US,OFF-BI-3268,Office Supplies,Binders,Avery Durable Slant Ring Binders With Label Holder,2.508,2,0.7,-1.8392
CA-2015-BH11710140-42019,2015-01-15 00:00:00,BH-117101408,Brosina Hoffman,Consumer,United States,USCA,Southern US,OFF-EN-2849,Office Supplies,Envelopes,"#10- 4 1/8"" x 9 1/2"" Security-Tint Envelopes",18.336,3,0.2,6.646799999999999
MX-2015-ER1385528-42013,2015-01-09 00:00:00,ER-1385528,Elpida Rittenbach,Corporate,Colombia,LATAM,South America,TEC-PH-5360,Technology,Phones,"Nokia Speaker Phone, with Caller ID",164.2,2,0,26.24
EG-2015-CS246038-42031,2015-01-27 00:00:00,CS-246038,Chuck Sachs,Consumer,Egypt,Africa,North Africa,FUR-TA-5055,Furniture,Tables,"Lesro Computer Table, Fully Assembled",428.34000000000003,1,0,137.04
SA-2015-RB9705110-42030,2015-01-26 00:00:00,RB-9705110,Roger Barcio,Home Office,Saudi Arabia,Asia Pacific,Western Asia,FUR-BO-3904,Furniture,Bookcases,"Dania Library with Doors, Traditional",362.4,1,0,39.839999999999996
SU-2015-JM5250122-42006,2015-01-02 00:00:00,JM-5250122,Janet Martin,Consumer,Sudan,Africa,North Africa,TEC-PH-5837,Technology,Phones,"Samsung Signal Booster, VoIP",546.72,4,0,185.88
ID-2015-NZ185657-42021,2015-01-17 00:00:00,NZ-185657,Nick Zandusky,Home Office,Australia,Asia Pacific,Oceania,TEC-CO-3602,Technology,Copiers,"Brother Ink, Laser",883.8000000000001,10,0.4,-397.80000000000007
ID-2015-BT11305102-42013,2015-01-09 00:00:00,BT-11305102,Beth Thompson,Home Office,Philippines,Asia Pacific,Southeastern Asia,FUR-CH-5774,Furniture,Chairs,"SAFCO Executive Leather Armchair, Black",1032.7499999999995,3,0.25,-165.2399999999999
CA-2015-BD11770140-42034,2015-01-30 00:00:00,BD-117701406,Bryan Davis,Consumer,United States,USCA,Eastern US,OFF-AR-5639,Office Supplies,Art,"Premium Writing Pencils, Soft, #2 by Central Association for the Blind",4.768,2,0.2,0.4768000000000001
UP-2015-FA4230137-42028,2015-01-24 00:00:00,FA-4230137,Frank Atkinson,Corporate,Ukraine,Europe,Eastern Europe,TEC-PH-5268,Technology,Phones,"Motorola Smart Phone, Full Size",642.6899999999999,1,0,244.20000000000002
ES-2015-HR1483064-42013,2015-01-09 00:00:00,HR-1483064,Harold Ryan,Corporate,Italy,Europe,Southern Europe,FUR-TA-3415,Furniture,Tables,"Bevis Coffee Table, Rectangular",631.5,4,0.5,-113.70000000000005
CA-2015-CA11965140-42031,2015-01-27 00:00:00,CA-119651408,Carol Adams,Corporate,United States,USCA,Southern US,OFF-AR-5288,Office Supplies,Art,Newell 311,15.469999999999999,7,0,4.1769
CA-2015-CA11965140-42031,2015-01-27 00:00:00,CA-119651408,Carol Adams,Corporate,United States,USCA,Southern US,OFF-BI-3305,Office Supplies,Binders,Avery Poly Binder Pockets,7.16,2,0,3.4368
IT-2015-AS1024045-42005,2015-01-01 00:00:00,AS-1024045,Alan Shonely,Consumer,France,Europe,Western Europe,TEC-PH-5349,Technology,Phones,"Nokia Office Telephone, with Caller ID",332.16299999999995,6,0.15,-43.136999999999986
IN-2015-JK1562559-42026,2015-01-22 00:00:00,JK-1562559,Jim Karlsson,Consumer,Indonesia,Asia Pacific,Southeastern Asia,FUR-BO-4847,Furniture,Bookcases,"Ikea 3-Shelf Cabinet, Traditional",264.9384,2,0.07,99.69840000000002
IT-2015-KL1664545-42024,2015-01-20 00:00:00,KL-1664545,Ken Lonsdale,Consumer,France,Europe,Western Europe,TEC-CO-3609,Technology,Copiers,"Brother Wireless Fax, Digital",643.365,2,0.15,-45.43500000000002
ID-2015-KM162257-42018,2015-01-14 00:00:00,KM-162257,Kalyca Meade,Corporate,Australia,Asia Pacific,Oceania,TEC-CO-4568,Technology,Copiers,"Hewlett Copy Machine, Color",318.13199999999995,2,0.4,-196.18799999999996
ES-2015-KM1672048-42027,2015-01-23 00:00:00,KM-1672048,Kunst Miller,Consumer,Germany,Europe,Western Europe,OFF-AR-3537,Office Supplies,Art,"Boston Markers, Blue",131.85000000000002,5,0,54
CA-2015-CJ12010140-42031,2015-01-27 00:00:00,CJ-120101404,Caroline Jumper,Consumer,United States,USCA,Western US,OFF-FA-3472,Office Supplies,Fasteners,Binder Clips by OIC,11.84,8,0,5.683199999999999
ES-2015-KS16300120-42024,2015-01-20 00:00:00,KS-16300120,Karen Seio,Corporate,Spain,Europe,Southern Europe,OFF-AR-3463,Office Supplies,Art,"BIC Pencil Sharpener, Water Color",193.14,6,0,73.26
ES-2015-LR1691564-42034,2015-01-30 00:00:00,LR-1691564,Lena Radford,Consumer,Italy,Europe,Southern Europe,TEC-AC-4187,Technology,Accessories,"Enermax Router, Programmable",519.66,2,0,213.06
IN-2015-JK1562559-42026,2015-01-22 00:00:00,JK-1562559,Jim Karlsson,Consumer,Indonesia,Asia Pacific,Southeastern Asia,TEC-PH-5360,Technology,Phones,"Nokia Speaker Phone, with Caller ID",613.2869999999999,6,0.17,44.307000000000016
US-2015-CP12085140-42018,2015-01-14 00:00:00,CP-120851402,Cathy Prescott,Corporate,United States,USCA,Central US,OFF-SU-5168,Office Supplies,Supplies,Martin Yale Chadless Opener Electric Letter Opener,4164.049999999999,5,0,83.28100000000006
US-2015-CP12085140-42018,2015-01-14 00:00:00,CP-120851402,Cathy Prescott,Corporate,United States,USCA,Central US,FUR-BO-4666,Furniture,Bookcases,"Hon Metal Bookcases, Black",212.94,3,0,53.235000000000014
NG-2015-DC285094-42028,2015-01-24 00:00:00,DC-285094,Dan Campbell,Consumer,Niger,Africa,Western Africa,TEC-PH-5354,Technology,Phones,"Nokia Smart Phone, Cordless",636.1500000000001,1,0,203.54999999999998
US-2015-CP12085140-42018,2015-01-14 00:00:00,CP-120851402,Cathy Prescott,Corporate,United States,USCA,Central US,OFF-AR-4796,Office Supplies,Art,Hunt Boston Vacuum Mount KS Pencil Sharpener,209.94,6,0,54.5844
ES-2015-RH1949545-42010,2015-01-06 00:00:00,RH-1949545,Rick Hansen,Consumer,France,Europe,Western Europe,TEC-PH-3784,Technology,Phones,"Cisco Audio Dock, Cordless",314.36400000000003,2,0.15,-7.416000000000004
IN-2015-GT1475558-42028,2015-01-24 00:00:00,GT-1475558,Guy Thornton,Consumer,India,Asia Pacific,Southern Asia,FUR-BO-5972,Furniture,Bookcases,"Sauder Stackable Bookrack, Pine",296.34000000000003,2,0,142.2
IN-2015-KD164957-42007,2015-01-03 00:00:00,KD-164957,Keith Dawkins,Corporate,Australia,Asia Pacific,Oceania,FUR-BO-5954,Furniture,Bookcases,"Sauder Corner Shelving, Pine",401.355,3,0.1,35.59499999999999
US-2015-CP12085140-42018,2015-01-14 00:00:00,CP-120851402,Cathy Prescott,Corporate,United States,USCA,Central US,OFF-PA-6594,Office Supplies,Paper,Xerox 23,32.400000000000006,5,0,15.552000000000001
IN-2015-RB1970527-42032,2015-01-28 00:00:00,RB-1970527,Roger Barcio,Home Office,China,Asia Pacific,Eastern Asia,TEC-MA-5576,Technology,Machines,"Panasonic Receipt Printer, Red",354.15000000000003,3,0,109.71000000000001
IN-2015-SC2077088-42010,2015-01-06 00:00:00,SC-2077088,Stewart Carmichael,Corporate,Myanmar (Burma),Asia Pacific,Southeastern Asia,FUR-TA-3355,Furniture,Tables,"Barricks Training Table, with Bottom Storage",821.2139999999998,6,0.5700000000000001,-592.1459999999998
MX-2015-GH1442582-42013,2015-01-09 00:00:00,GH-1442582,Gary Hwang,Consumer,Mexico,LATAM,Central America,FUR-CH-5409,Furniture,Chairs,"Novimex Steel Folding Chair, Set of Two",180.22400000000002,4,0.2,8.943999999999994
UP-2015-AJ945137-42029,2015-01-25 00:00:00,AJ-945137,Ashley Jarboe,Consumer,Ukraine,Europe,Eastern Europe,TEC-CO-5990,Technology,Copiers,"Sharp Copy Machine, Color",475.19999999999993,2,0,66.48
ES-2015-KW1643545-42032,2015-01-28 00:00:00,KW-1643545,Katrina Willman,Consumer,France,Europe,Western Europe,FUR-BO-3907,Furniture,Bookcases,"Dania Stackable Bookrack, Traditional",217.89,2,0.1,77.43000000000002
IT-2015-MH1802564-42024,2015-01-20 00:00:00,MH-1802564,Michelle Huthwaite,Consumer,Italy,Europe,Southern Europe,OFF-ST-5703,Office Supplies,Storage,"Rogers Lockers, Wire Frame",252.82799999999997,2,0.4,-63.25200000000001
IN-2015-MG1768011-42012,2015-01-08 00:00:00,MG-1768011,Maureen Gastineau,Home Office,Bangladesh,Asia Pacific,Southern Asia,FUR-CH-5805,Furniture,Chairs,"SAFCO Swivel Stool, Adjustable",340.86000000000007,2,0,122.69999999999999
IT-2015-KW1643545-42033,2015-01-29 00:00:00,KW-1643545,Katrina Willman,Consumer,France,Europe,Western Europe,TEC-PH-3146,Technology,Phones,"Apple Signal Booster, with Caller ID",464.61,4,0.15,-32.91
ES-2015-TS2108545-42033,2015-01-29 00:00:00,TS-2108545,Thais Sissman,Consumer,France,Europe,Western Europe,OFF-ST-5702,Office Supplies,Storage,"Rogers Lockers, Single Width",380.96999999999997,2,0.1,143.91000000000003
MX-2015-GH1442582-42013,2015-01-09 00:00:00,GH-1442582,Gary Hwang,Consumer,Mexico,LATAM,Central America,TEC-AC-5875,Technology,Accessories,"SanDisk Memory Card, USB",225.23999999999995,3,0,78.78
IN-2015-SC2038027-42008,2015-01-04 00:00:00,SC-2038027,Shahid Collister,Consumer,China,Asia Pacific,Eastern Asia,OFF-EN-4447,Office Supplies,Envelopes,"GlobeWeis Manila Envelope, Recycled",183.33,7,0,49.35000000000001
ES-2015-BD1150045-42014,2015-01-10 00:00:00,BD-1150045,Bradley Drucker,Consumer,France,Europe,Western Europe,OFF-ST-6283,Office Supplies,Storage,"Tenex Trays, Single Width",97.63199999999999,2,0.1,30.372
ES-2015-KL1664548-42028,2015-01-24 00:00:00,KL-1664548,Ken Lonsdale,Consumer,Germany,Europe,Western Europe,OFF-ST-6058,Office Supplies,Storage,"Smead Shelving, Industrial",222.345,5,0.1,34.54500000000001
ES-2015-ND18460139-42013,2015-01-09 00:00:00,ND-18460139,Neil Ducich,Corporate,United Kingdom,Europe,Northern Europe,FUR-CH-5370,Furniture,Chairs,"Novimex Chairmat, Adjustable",529.47,9,0,201.15
TU-2015-GA4515134-42027,2015-01-23 00:00:00,GA-4515134,George Ashbrook,Consumer,Turkey,Asia Pacific,Western Asia,TEC-MA-6138,Technology,Machines,"StarTech Card Printer, White",518.1120000000001,8,0.6,-570.0480000000001
CA-2015-CS12250140-42028,2015-01-24 00:00:00,CS-122501404,Chris Selesnick,Corporate,United States,USCA,Western US,TEC-PH-4486,Technology,Phones,Griffin GC17055 Auxiliary Audio Cable,86.352,6,0.2,8.635200000000001
CG-2015-HK489033-42007,2015-01-03 00:00:00,HK-489033,Heather Kirkland,Corporate,Democratic Republic of the Congo,Africa,Central Africa,TEC-CO-3587,Technology,Copiers,"Brother Copy Machine, Color",260.49,1,0,31.23
CA-2015-CS12250140-42028,2015-01-24 00:00:00,CS-122501404,Chris Selesnick,Corporate,United States,USCA,Western US,OFF-PA-6575,Office Supplies,Paper,Xerox 212,25.92,4,0,12.441600000000001
CA-2015-CS12250140-42028,2015-01-24 00:00:00,CS-122501404,Chris Selesnick,Corporate,United States,USCA,Western US,OFF-BI-5643,Office Supplies,Binders,Pressboard Hanging Data Binders for Unburst Sheets,19.68,5,0.2,6.887999999999998
CA-2015-CS12250140-42028,2015-01-24 00:00:00,CS-122501404,Chris Selesnick,Corporate,United States,USCA,Western US,OFF-PA-6472,Office Supplies,Paper,Xerox 192,6.48,1,0,3.1104000000000003
IN-2015-CM12445102-42026,2015-01-22 00:00:00,CM-12445102,Chuck Magee,Consumer,Philippines,Asia Pacific,Southeastern Asia,FUR-BO-5972,Furniture,Bookcases,"Sauder Stackable Bookrack, Pine",582.426,6,0.35,26.76600000000002
IT-2015-AR1034545-42024,2015-01-20 00:00:00,AR-1034545,Alex Russell,Corporate,France,Europe,Western Europe,OFF-ST-6262,Office Supplies,Storage,"Tenex Lockers, Industrial",552.501,3,0.1,110.42099999999999
ES-2015-KL1664548-42028,2015-01-24 00:00:00,KL-1664548,Ken Lonsdale,Consumer,Germany,Europe,Western Europe,OFF-ST-4097,Office Supplies,Storage,"Eldon Shelving, Wire Frame",128.223,3,0.1,-2.907000000000002
ES-2015-SR20740139-42018,2015-01-14 00:00:00,SR-20740139,Steven Roelle,Home Office,United Kingdom,Europe,Northern Europe,TEC-CO-3607,Technology,Copiers,"Brother Personal Copier, Laser",428.6700000000001,3,0,42.839999999999996
ES-2015-RC1982545-42007,2015-01-03 00:00:00,RC-1982545,Roy Collins,Consumer,France,Europe,Western Europe,FUR-FU-6237,Furniture,Furnishings,"Tenex Clock, Duo Pack",402.48,8,0,152.88
ES-2015-CS12490139-42026,2015-01-22 00:00:00,CS-12490139,Cindy Schnelling,Corporate,United Kingdom,Europe,Northern Europe,OFF-PA-3990,Office Supplies,Paper,"Eaton Computer Printout Paper, 8.5 x 11",184.14000000000001,6,0,84.60000000000001
MX-2015-AB1001593-42019,2015-01-15 00:00:00,AB-1001593,Aaron Bergman,Consumer,Nicaragua,LATAM,Central America,TEC-AC-3389,Technology,Accessories,"Belkin Memory Card, Erganomic",225.23999999999995,3,0,58.55999999999999
ES-2015-LR1691564-42034,2015-01-30 00:00:00,LR-1691564,Lena Radford,Consumer,Italy,Europe,Southern Europe,TEC-AC-5137,Technology,Accessories,"Logitech Router, USB",495.06000000000006,2,0,59.400000000000006
ID-2015-SG208907-42035,2015-01-31 00:00:00,SG-208907,Susan Gilcrest,Corporate,Australia,Asia Pacific,Oceania,FUR-BO-3639,Furniture,Bookcases,"Bush Library with Doors, Metal",654.8040000000001,2,0.1,-14.556000000000019
ID-2015-KM162257-42018,2015-01-14 00:00:00,KM-162257,Kalyca Meade,Corporate,Australia,Asia Pacific,Oceania,TEC-PH-5836,Technology,Phones,"Samsung Signal Booster, Full Size",330.912,4,0.4,-209.68800000000002
IT-2015-AG1076564-42018,2015-01-14 00:00:00,AG-1076564,Anthony Garverick,Home Office,Italy,Europe,Southern Europe,FUR-CH-4544,Furniture,Chairs,"Harbour Creations Rocking Chair, Adjustable",358.99199999999996,6,0.6,-251.38799999999998
NI-2015-TC1098095-42033,2015-01-29 00:00:00,TC-1098095,Tamara Chand,Corporate,Nigeria,Africa,Western Africa,TEC-PH-3807,Technology,Phones,"Cisco Smart Phone, with Caller ID",196.27200000000002,1,0.7,-170.11799999999994
ID-2015-BG1169588-42012,2015-01-08 00:00:00,BG-1169588,Brooke Gillingham,Corporate,Myanmar (Burma),Asia Pacific,Southeastern Asia,TEC-MA-6139,Technology,Machines,"StarTech Card Printer, Wireless",407.11499999999995,3,0.17,29.384999999999977
IN-2015-RA1988527-42034,2015-01-30 00:00:00,RA-1988527,Ruben Ausman,Corporate,China,Asia Pacific,Eastern Asia,FUR-FU-3030,Furniture,Furnishings,"Advantus Door Stop, Erganomic",174.60000000000002,4,0,15.600000000000001
ID-2015-BT1168059-42014,2015-01-10 00:00:00,BT-1168059,Brian Thompson,Consumer,Indonesia,Asia Pacific,Southeastern Asia,TEC-PH-5337,Technology,Phones,"Nokia Audio Dock, VoIP",276.9378,2,0.17,46.657799999999995
ES-2015-GR1456048-42025,2015-01-21 00:00:00,GR-1456048,Georgia Rosenberg,Corporate,Germany,Europe,Western Europe,FUR-CH-5396,Furniture,Chairs,"Novimex Rocking Chair, Red",354.86099999999993,3,0.1,31.491000000000007
IN-2015-RD1958558-42010,2015-01-06 00:00:00,RD-1958558,Rob Dowd,Consumer,India,Asia Pacific,Southern Asia,OFF-PA-4480,Office Supplies,Paper,"Green Bar Note Cards, Premium",148.95,5,0,16.35
IN-2015-DG1330056-42020,2015-01-16 00:00:00,DG-1330056,Deirdre Greer,Corporate,Hong Kong,Asia Pacific,Eastern Asia,TEC-AC-5889,Technology,Accessories,"SanDisk Numeric Keypad, USB",372.12000000000006,7,0,107.73
MX-2015-GG1465082-42017,2015-01-13 00:00:00,GG-1465082,Greg Guthrie,Corporate,Mexico,LATAM,Central America,FUR-BO-3900,Furniture,Bookcases,"Dania Floating Shelf Set, Traditional",270.9599999999999,3,0.2,-64.37999999999998
EZ-2015-VW1177532-42018,2015-01-14 00:00:00,VW-1177532,Victoria Wilson,Corporate,Czech Republic,Europe,Eastern Europe,OFF-AR-5920,Office Supplies,Art,"Sanford Markers, Water Color",105.71999999999998,4,0,9.48
CA-2015-CM12385140-42008,2015-01-04 00:00:00,CM-123851404,Christopher Martinez,Consumer,United States,USCA,Western US,OFF-BI-4359,Office Supplies,Binders,GBC ProClick 150 Presentation Binding System,2022.2720000000002,8,0.2,682.5168000000001
ES-2015-EN1378045-42024,2015-01-20 00:00:00,EN-1378045,Edward Nazzal,Consumer,France,Europe,Western Europe,FUR-CH-4704,Furniture,Chairs,"Hon Swivel Stool, Set of Two",597.24,4,0.1,92.88000000000001
CA-2015-CM12385140-42008,2015-01-04 00:00:00,CM-123851404,Christopher Martinez,Consumer,United States,USCA,Western US,OFF-AR-5166,Office Supplies,Art,Manco Dry-Lighter Erasable Highlighter,9.120000000000001,3,0,3.1007999999999996
ID-2015-DB1355592-42026,2015-01-22 00:00:00,DB-1355592,Dorothy Badders,Corporate,New Zealand,Asia Pacific,Oceania,FUR-FU-3048,Furniture,Furnishings,"Advantus Photo Frame, Duo Pack",127.29599999999999,4,0.4,-4.344000000000008
ES-2015-LS1724545-42032,2015-01-28 00:00:00,LS-1724545,Lynn Smith,Consumer,France,Europe,Western Europe,OFF-ST-4258,Office Supplies,Storage,"Fellowes File Cart, Industrial",248.02200000000005,2,0.1,8.261999999999993
MX-2015-CS1250582-42035,2015-01-31 00:00:00,CS-1250582,Cindy Stewart,Consumer,Mexico,LATAM,Central America,FUR-CH-4702,Furniture,Chairs,"Hon Swivel Stool, Black",257.95200000000006,3,0.2,22.51199999999999
IN-2015-SC2038027-42008,2015-01-04 00:00:00,SC-2038027,Shahid Collister,Consumer,China,Asia Pacific,Eastern Asia,FUR-CH-5409,Furniture,Chairs,"Novimex Steel Folding Chair, Set of Two",168.96,2,0,6.720000000000001
ES-2015-SJ2012545-42009,2015-01-05 00:00:00,SJ-2012545,Sanjit Jacobs,Home Office,France,Europe,Western Europe,OFF-SU-2965,Office Supplies,Supplies,"Acme Box Cutter, Easy Grip",275.93999999999994,7,0,135.03
ES-2015-BG11740139-42013,2015-01-09 00:00:00,BG-11740139,Bruce Geld,Consumer,United Kingdom,Europe,Northern Europe,OFF-BI-3251,Office Supplies,Binders,"Avery Binder, Clear",111.24,9,0,11.07
IN-2015-PB191057-42024,2015-01-20 00:00:00,PB-191057,Peter Bühler,Consumer,Australia,Asia Pacific,Oceania,TEC-PH-3793,Technology,Phones,"Cisco Headset, with Caller ID",238.788,3,0.1,84.888
IS-2015-DK283563-42033,2015-01-29 00:00:00,DK-283563,Damala Kotsonis,Corporate,Israel,Asia Pacific,Western Asia,OFF-ST-6246,Office Supplies,Storage,"Tenex File Cart, Blue",266.40000000000003,2,0,47.94
MX-2015-MH1778582-42007,2015-01-03 00:00:00,MH-1778582,Maya Herman,Corporate,Mexico,LATAM,Central America,OFF-AR-5933,Office Supplies,Art,"Sanford Sketch Pad, Water Color",129.76,4,0,60.96
ES-2015-TS2108545-42033,2015-01-29 00:00:00,TS-2108545,Thais Sissman,Consumer,France,Europe,Western Europe,TEC-MA-4206,Technology,Machines,"Epson Printer, Red",441.609,2,0.15,31.149
MX-2015-RA1928582-42031,2015-01-27 00:00:00,RA-1928582,Ralph Arnett,Consumer,Mexico,LATAM,Central America,TEC-AC-3385,Technology,Accessories,"Belkin Keyboard, Erganomic",381.22,7,0,175.27999999999997
CA-2015-CG12520140-42031,2015-01-27 00:00:00,CG-125201402,Claire Gute,Consumer,United States,USCA,Central US,OFF-ST-6015,Office Supplies,Storage,"SimpliFile Personal File, Black Granite, 15w x 6-15/16d x 11-1/4h",18.16,2,0.2,1.8160000000000016
IZ-2015-KM672061-42020,2015-01-16 00:00:00,KM-672061,Kunst Miller,Consumer,Iraq,Asia Pacific,Western Asia,FUR-BO-4860,Furniture,Bookcases,"Ikea Library with Doors, Metal",362.85,1,0,130.62
IN-2015-MG1789097-42022,2015-01-18 00:00:00,MG-1789097,Michael Granlund,Home Office,Pakistan,Asia Pacific,Southern Asia,FUR-CH-5455,Furniture,Chairs,"Office Star Swivel Stool, Black",411.6240000000001,3,0.2,107.96399999999996
ES-2015-TS2108545-42033,2015-01-29 00:00:00,TS-2108545,Thais Sissman,Consumer,France,Europe,Western Europe,TEC-CO-4766,Technology,Copiers,"HP Copy Machine, High-Speed",828.5459999999999,4,0.15,19.386000000000024
IN-2015-SE20110113-42026,2015-01-22 00:00:00,SE-20110113,Sanjit Engle,Consumer,Singapore,Asia Pacific,Southeastern Asia,OFF-AR-3501,Office Supplies,Art,"Binney & Smith Sketch Pad, Fluorescent",190.32,4,0,53.28
IN-2015-SC2077088-42010,2015-01-06 00:00:00,SC-2077088,Stewart Carmichael,Corporate,Myanmar (Burma),Asia Pacific,Southeastern Asia,FUR-CH-5806,Furniture,Chairs,"SAFCO Swivel Stool, Black",724.9338,6,0.27,208.51379999999995
RS-2015-DV3045108-42011,2015-01-07 00:00:00,DV-3045108,Darrin Van Huff,Corporate,Russia,Europe,Eastern Europe,FUR-FU-3931,Furniture,Furnishings,"Deflect-O Clock, Erganomic",195.71999999999997,4,0,17.52
ES-2015-RB19795139-42019,2015-01-15 00:00:00,RB-19795139,Ross Baird,Home Office,United Kingdom,Europe,Northern Europe,TEC-PH-5336,Technology,Phones,"Nokia Audio Dock, Full Size",336.06,2,0,57.12
US-2015-CK12595140-42034,2015-01-30 00:00:00,CK-125951402,Clytie Kelty,Consumer,United States,USCA,Central US,OFF-BI-4336,Office Supplies,Binders,"GBC Clear Cover, 8-1/2 x 11, unpunched, 25 covers per pack",12.127999999999997,4,0.8,-20.617600000000003
ES-2015-AJ1078045-42030,2015-01-26 00:00:00,AJ-1078045,Anthony Jacobs,Corporate,France,Europe,Western Europe,FUR-FU-4065,Furniture,Furnishings,"Eldon Frame, Duo Pack",581.55,5,0,261.6
SU-2015-JM5250122-42006,2015-01-02 00:00:00,JM-5250122,Janet Martin,Consumer,Sudan,Africa,North Africa,OFF-ST-4080,Office Supplies,Storage,"Eldon Lockers, Single Width",395.87999999999994,2,0,193.98
US-2015-CA127755-42013,2015-01-09 00:00:00,CA-127755,Cynthia Arntzen,Consumer,Argentina,LATAM,South America,TEC-AC-5121,Technology,Accessories,"Logitech Memory Card, Bluetooth",124.05600000000001,3,0.4,-26.903999999999996
IN-2015-JK1562559-42026,2015-01-22 00:00:00,JK-1562559,Jim Karlsson,Consumer,Indonesia,Asia Pacific,Southeastern Asia,TEC-CO-6005,Technology,Copiers,"Sharp Personal Copier, Color",112.9392,1,0.07,37.6392
ID-2015-KM162257-42018,2015-01-14 00:00:00,KM-162257,Kalyca Meade,Corporate,Australia,Asia Pacific,Oceania,FUR-CH-4702,Furniture,Chairs,"Hon Swivel Stool, Black",580.392,6,0.4,77.29199999999992
ID-2015-BP1105092-42006,2015-01-02 00:00:00,BP-1105092,Barry Pond,Corporate,New Zealand,Asia Pacific,Oceania,OFF-SU-4131,Office Supplies,Supplies,"Elite Shears, Easy Grip",116.712,4,0.4,-54.528000000000006
US-2015-CL12700140-42033,2015-01-29 00:00:00,CL-127001406,Craig Leslie,Home Office,United States,USCA,Eastern US,TEC-AC-5600,Technology,Accessories,Plantronics Audio 478 Stereo USB Headset,449.91,9,0,157.46849999999998
SF-2015-MC7845117-42007,2015-01-03 00:00:00,MC-7845117,Michael Chen,Consumer,South Africa,Africa,Southern Africa,TEC-PH-3784,Technology,Phones,"Cisco Audio Dock, Cordless",184.92000000000002,1,0,24.03
MX-2015-BN1147039-42006,2015-01-02 00:00:00,BN-1147039,Brad Norvell,Corporate,El Salvador,LATAM,Central America,TEC-CO-3594,Technology,Copiers,"Brother Fax and Copier, Laser",382.21403999999995,3,0.002,41.354040000000005
ID-2015-JC1610597-42013,2015-01-09 00:00:00,JC-1610597,Julie Creighton,Corporate,Pakistan,Asia Pacific,Southern Asia,TEC-AC-3385,Technology,Accessories,"Belkin Keyboard, Erganomic",204.225,5,0.5,-8.174999999999983
LY-2015-SC1005074-42024,2015-01-20 00:00:00,SC-1005074,Sample Company A,Home Office,Libya,Africa,North Africa,OFF-PA-4475,Office Supplies,Paper,"Green Bar Message Books, Multicolor",151.20000000000002,6,0,72.53999999999999
ES-2015-KH1636045-42029,2015-01-25 00:00:00,KH-1636045,Katherine Hughes,Consumer,France,Europe,Western Europe,OFF-ST-6049,Office Supplies,Storage,"Smead Lockers, Wire Frame",355.482,2,0.1,-3.9780000000000086
ES-2015-MG1769564-42018,2015-01-14 00:00:00,MG-1769564,Maureen Gnade,Consumer,Italy,Europe,Southern Europe,OFF-AR-6108,Office Supplies,Art,"Stanley Canvas, Water Color",157.95000000000002,3,0,69.48
MX-2015-TP2141531-42021,2015-01-17 00:00:00,TP-2141531,Tom Prescott,Consumer,Cuba,LATAM,Caribbean,TEC-MA-5004,Technology,Machines,"Konica Card Printer, White",231.44,2,0,39.32
ES-2015-TT2107045-42012,2015-01-08 00:00:00,TT-2107045,Ted Trevino,Consumer,France,Europe,Western Europe,FUR-FU-3034,Furniture,Furnishings,"Advantus Frame, Durable",324.45000000000005,3,0,35.64
CA-2015-CV12805140-42025,2015-01-21 00:00:00,CV-128051406,Cynthia Voltz,Corporate,United States,USCA,Eastern US,FUR-CH-4404,Furniture,Chairs,Global Deluxe Steno Chair,207.84600000000003,3,0.1,2.3093999999999895
IN-2015-AR104057-42019,2015-01-15 00:00:00,AR-104057,Allen Rosenblatt,Corporate,Australia,Asia Pacific,Oceania,TEC-AC-5863,Technology,Accessories,"SanDisk Flash Drive, USB",178.87499999999994,5,0.1,19.875
MO-2015-SB1017086-42026,2015-01-22 00:00:00,SB-1017086,Sarah Bern,Consumer,Morocco,Africa,North Africa,OFF-ST-6262,Office Supplies,Storage,"Tenex Lockers, Industrial",409.26,2,0,114.53999999999999
IT-2015-BD1132091-42032,2015-01-28 00:00:00,BD-1132091,Bill Donatelli,Consumer,Netherlands,Europe,Western Europe,TEC-CO-5990,Technology,Copiers,"Sharp Copy Machine, Color",240.83999999999997,2,0.5,-62.639999999999986
IN-2015-JG151157-42035,2015-01-31 00:00:00,JG-151157,Jack Garza,Consumer,Australia,Asia Pacific,Oceania,FUR-FU-3025,Furniture,Furnishings,"Advantus Clock, Durable",217.89000000000001,5,0.1,55.59000000000001
BO-2015-DB291013-42014,2015-01-10 00:00:00,DB-291013,Daniel Byrd,Home Office,Belarus,Europe,Eastern Europe,OFF-ST-4057,Office Supplies,Storage,"Eldon File Cart, Single Width",256.74,2,0,110.34
MX-2015-SV2081582-42019,2015-01-15 00:00:00,SV-2081582,Stuart Van,Corporate,Mexico,LATAM,Central America,TEC-PH-5335,Technology,Phones,"Nokia Audio Dock, Cordless",226.11999999999998,2,0,97.2
IN-2015-MG1789097-42022,2015-01-18 00:00:00,MG-1789097,Michael Granlund,Home Office,Pakistan,Asia Pacific,Southern Asia,OFF-ST-4295,Office Supplies,Storage,"Fellowes Trays, Single Width",229.68,8,0.5,-23.04000000000002
ES-2015-MG1769564-42018,2015-01-14 00:00:00,MG-1769564,Maureen Gnade,Consumer,Italy,Europe,Southern Europe,OFF-PA-4144,Office Supplies,Paper,"Enermax Cards & Envelopes, Multicolor",97.02000000000001,2,0,13.559999999999999
EG-2015-CS246038-42031,2015-01-27 00:00:00,CS-246038,Chuck Sachs,Consumer,Egypt,Africa,North Africa,TEC-AC-4179,Technology,Accessories,"Enermax Numeric Keypad, Erganomic",235.32,4,0,25.799999999999997
ES-2015-RK1930048-42024,2015-01-20 00:00:00,RK-1930048,Ralph Kennedy,Consumer,Germany,Europe,Western Europe,OFF-EN-4912,Office Supplies,Envelopes,"Jiffy Interoffice Envelope, Set of 50",139.32,3,0,13.86
CA-2015-DL12865140-42024,2015-01-20 00:00:00,DL-128651402,Dan Lawera,Consumer,United States,USCA,Central US,OFF-LA-3232,Office Supplies,Labels,Avery 510,6,2,0.2,2.0999999999999996
ID-2015-LE168107-42028,2015-01-24 00:00:00,LE-168107,Laurel Elliston,Consumer,Australia,Asia Pacific,Oceania,TEC-AC-5887,Technology,Accessories,"SanDisk Numeric Keypad, Bluetooth",232.47,7,0.4,-112.56000000000002
IN-2015-EM1414011-42021,2015-01-17 00:00:00,EM-1414011,Eugene Moren,Home Office,Bangladesh,Asia Pacific,Southern Asia,FUR-FU-5724,Furniture,Furnishings,"Rubbermaid Door Stop, Duo Pack",219.3,5,0,26.25
MX-2015-AB1001593-42019,2015-01-15 00:00:00,AB-1001593,Aaron Bergman,Consumer,Nicaragua,LATAM,Central America,TEC-AC-5896,Technology,Accessories,"SanDisk Router, Programmable",343.79999999999995,2,0,106.55999999999999
IN-2015-ME177257-42015,2015-01-11 00:00:00,ME-177257,Max Engle,Consumer,Australia,Asia Pacific,Oceania,TEC-CO-3606,Technology,Copiers,"Brother Personal Copier, High-Speed",169.308,2,0.4,8.447999999999979
ES-2015-BW11110139-42031,2015-01-27 00:00:00,BW-11110139,Bart Watters,Corporate,United Kingdom,Europe,Northern Europe,OFF-ST-6057,Office Supplies,Storage,"Smead Shelving, Blue",220.18499999999995,5,0.1,48.88499999999999
IN-2015-SC2038027-42008,2015-01-04 00:00:00,SC-2038027,Shahid Collister,Consumer,China,Asia Pacific,Eastern Asia,OFF-PA-4470,Office Supplies,Paper,"Green Bar Memo Slips, 8.5 x 11",168.72,8,0,84.24
ES-2015-EM1382545-42018,2015-01-14 00:00:00,EM-1382545,Elizabeth Moffitt,Corporate,France,Europe,Western Europe,FUR-CH-5795,Furniture,Chairs,"SAFCO Rocking Chair, Red",364.257,3,0.1,-20.312999999999995
SF-2015-AC450117-42033,2015-01-29 00:00:00,AC-450117,Amy Cox,Consumer,South Africa,Africa,Southern Africa,FUR-TA-4707,Furniture,Tables,"Hon Training Table, Rectangular",330.27,1,0,46.230000000000004
ES-2015-EM1382545-42018,2015-01-14 00:00:00,EM-1382545,Elizabeth Moffitt,Corporate,France,Europe,Western Europe,FUR-BO-3890,Furniture,Bookcases,"Dania Classic Bookcase, Mobile",371.952,1,0.1,33.042
IN-2015-RB1970527-42032,2015-01-28 00:00:00,RB-1970527,Roger Barcio,Home Office,China,Asia Pacific,Eastern Asia,OFF-AR-3498,Office Supplies,Art,"Binney & Smith Pens, Water Color",181.44,12,0,72.35999999999999
IN-2015-DK1337527-42021,2015-01-17 00:00:00,DK-1337527,Dennis Kane,Consumer,China,Asia Pacific,Eastern Asia,TEC-PH-5350,Technology,Phones,"Nokia Signal Booster, Cordless",418.05000000000007,3,0,79.38
CA-2015-DS13030140-42026,2015-01-22 00:00:00,DS-130301404,Darrin Sayre,Home Office,United States,USCA,Western US,OFF-ST-3745,Office Supplies,Storage,Carina Double Wide Media Storage Towers in Natural & Black,242.94,3,0,9.71759999999999
CA-2015-DS13030140-42026,2015-01-22 00:00:00,DS-130301404,Darrin Sayre,Home Office,United States,USCA,Western US,TEC-AC-5147,Technology,Accessories,Logitech Illuminated - Keyboard,179.97,3,0,86.38560000000001
CA-2015-DS13030140-42026,2015-01-22 00:00:00,DS-130301404,Darrin Sayre,Home Office,United States,USCA,Western US,FUR-BO-5525,Furniture,Bookcases,O'Sullivan Cherrywood Estates Traditional Bookcase,84.98,1,0,18.6956
CA-2015-DS13030140-42026,2015-01-22 00:00:00,DS-130301404,Darrin Sayre,Home Office,United States,USCA,Western US,OFF-BI-6386,Office Supplies,Binders,Wilson Jones Century Plastic Molded Ring Binders,99.696,6,0.2,33.6474
CA-2015-DS13030140-42026,2015-01-22 00:00:00,DS-130301404,Darrin Sayre,Home Office,United States,USCA,Western US,OFF-BI-6407,Office Supplies,Binders,Wilson Jones Leather-Like Binders with DublLock Round Rings,27.936000000000003,4,0.2,9.428399999999996
IN-2015-RA1988527-42034,2015-01-30 00:00:00,RA-1988527,Ruben Ausman,Corporate,China,Asia Pacific,Eastern Asia,OFF-ST-5710,Office Supplies,Storage,"Rogers Trays, Industrial",124.32,2,0,42.24
CA-2015-DS13030140-42026,2015-01-22 00:00:00,DS-130301404,Darrin Sayre,Home Office,United States,USCA,Western US,OFF-BI-2936,Office Supplies,Binders,Acco Translucent Poly Ring Binders,18.72,5,0.2,6.552
IN-2015-JK157307-42015,2015-01-11 00:00:00,JK-157307,Joe Kamberova,Consumer,Australia,Asia Pacific,Oceania,TEC-PH-5247,Technology,Phones,"Motorola Audio Dock, Full Size",349.32,2,0,83.82000000000001
IS-2015-AC61563-42032,2015-01-28 00:00:00,AC-61563,Ann Chong,Corporate,Israel,Asia Pacific,Western Asia,OFF-AR-5902,Office Supplies,Art,"Sanford Canvas, Blue",101.03999999999999,2,0,29.28
ES-2015-RH1949545-42010,2015-01-06 00:00:00,RH-1949545,Rick Hansen,Consumer,France,Europe,Western Europe,OFF-BI-3724,Office Supplies,Binders,"Cardinal Binding Machine, Clear",246.15000000000006,5,0,98.4
ES-2015-EH1399048-42019,2015-01-15 00:00:00,EH-1399048,Erica Hackney,Consumer,Germany,Europe,Western Europe,TEC-CO-4777,Technology,Copiers,"HP Ink, Color",260.28000000000003,2,0,67.62
IN-2015-KD1634558-42029,2015-01-25 00:00:00,KD-1634558,Katherine Ducich,Consumer,India,Asia Pacific,Southern Asia,OFF-PA-4473,Office Supplies,Paper,"Green Bar Memo Slips, Recycled",185.45999999999998,11,0,59.07
MX-2015-JF1549082-42017,2015-01-13 00:00:00,JF-1549082,Jeremy Farry,Consumer,Costa Rica,LATAM,Central America,OFF-AR-6127,Office Supplies,Art,"Stanley Sketch Pad, Fluorescent",365.52000000000004,12,0,142.32
PL-2015-CC2610103-42025,2015-01-21 00:00:00,CC-2610103,Corey Catlett,Corporate,Poland,Europe,Eastern Europe,FUR-FU-6256,Furniture,Furnishings,"Tenex Frame, Erganomic",108.6,1,0,35.82
US-2015-DB13120140-42017,2015-01-13 00:00:00,DB-131201402,David Bremer,Corporate,United States,USCA,Central US,OFF-BI-4345,Office Supplies,Binders,GBC Ibimaster 500 Manual ProClick Binding System,760.9799999999998,5,0.8,-1141.47
CA-2015-DB312023-42011,2015-01-07 00:00:00,DB-312023,David Bremer,Corporate,Canada,USCA,Canada,FUR-BO-4859,Furniture,Bookcases,"Ikea Floating Shelf Set, Traditional",170.34,1,0,10.2
IT-2015-GZ14470120-42026,2015-01-22 00:00:00,GZ-14470120,Gary Zandusky,Consumer,Spain,Europe,Southern Europe,FUR-CH-5412,Furniture,Chairs,"Novimex Swivel Stool, Black",259.24800000000005,2,0.2,-55.09200000000001
IN-2015-KD1634558-42029,2015-01-25 00:00:00,KD-1634558,Katherine Ducich,Consumer,India,Asia Pacific,Southern Asia,FUR-CH-5802,Furniture,Chairs,"SAFCO Steel Folding Chair, Red",771.3900000000001,9,0,154.17
IN-2015-AJ1079527-42007,2015-01-03 00:00:00,AJ-1079527,Anthony Johnson,Corporate,China,Asia Pacific,Eastern Asia,OFF-AR-5921,Office Supplies,Art,"Sanford Pencil Sharpener, Easy-Erase",216.71999999999997,8,0,108.24
ES-2015-HG1502564-42026,2015-01-22 00:00:00,HG-1502564,Hunter Glantz,Consumer,Italy,Europe,Southern Europe,OFF-ST-6060,Office Supplies,Storage,"Smead Shelving, Wire Frame",86.39999999999999,3,0.4,8.64
ID-2015-JC15340102-42012,2015-01-08 00:00:00,JC-15340102,Jasper Cacioppo,Consumer,Philippines,Asia Pacific,Southeastern Asia,FUR-FU-3932,Furniture,Furnishings,"Deflect-O Door Stop, Black",98.88750000000002,3,0.25,-0.022500000000007958
IN-2015-BP1115527-42031,2015-01-27 00:00:00,BP-1115527,Becky Pak,Consumer,China,Asia Pacific,Eastern Asia,OFF-SU-4320,Office Supplies,Supplies,"Fiskars Shears, High Speed",333.48,7,0,110.04
IN-2015-RR1952527-42035,2015-01-31 00:00:00,RR-1952527,Rick Reed,Corporate,China,Asia Pacific,Eastern Asia,OFF-PA-6603,Office Supplies,Paper,"Xerox Cards & Envelopes, Recycled",89.76,2,0,26.880000000000003
SA-2015-RB9705110-42030,2015-01-26 00:00:00,RB-9705110,Roger Barcio,Home Office,Saudi Arabia,Asia Pacific,Western Asia,FUR-CH-5794,Furniture,Chairs,"SAFCO Rocking Chair, Black",132.48000000000002,1,0,14.549999999999999
ES-2015-CS1235548-42010,2015-01-06 00:00:00,CS-1235548,Christine Sundaresam,Consumer,Germany,Europe,Western Europe,FUR-CH-5408,Furniture,Chairs,"Novimex Steel Folding Chair, Red",148.014,2,0.1,54.233999999999995
IN-2015-SC2077088-42010,2015-01-06 00:00:00,SC-2077088,Stewart Carmichael,Corporate,Myanmar (Burma),Asia Pacific,Southeastern Asia,TEC-PH-3128,Technology,Phones,"Apple Audio Dock, Full Size",418.76820000000004,3,0.17,90.80819999999997
MX-2015-CK1259551-42027,2015-01-23 00:00:00,CK-1259551,Clytie Kelty,Consumer,Guatemala,LATAM,Central America,TEC-PH-3139,Technology,Phones,"Apple Office Telephone, Cordless",227.1,5,0,111.2
IT-2015-TS2120534-42026,2015-01-22 00:00:00,TS-2120534,Thomas Seio,Corporate,Denmark,Europe,Northern Europe,OFF-ST-4259,Office Supplies,Storage,"Fellowes File Cart, Single Width",206.01,3,0.5,-206.01
ES-2015-SG2060548-42024,2015-01-20 00:00:00,SG-2060548,Speros Goranitis,Consumer,Germany,Europe,Western Europe,TEC-CO-3696,Technology,Copiers,"Canon Ink, High-Speed",145.35,1,0,46.5
IN-2015-KC1625578-42007,2015-01-03 00:00:00,KC-1625578,Karen Carlisle,Corporate,Malaysia,Asia Pacific,Southeastern Asia,TEC-AC-4158,Technology,Accessories,"Enermax Keyboard, USB",251.01,3,0,62.730000000000004
ID-2015-BG1169588-42012,2015-01-08 00:00:00,BG-1169588,Brooke Gillingham,Corporate,Myanmar (Burma),Asia Pacific,Southeastern Asia,FUR-CH-4632,Furniture,Chairs,"Hon Chairmat, Red",202.6845,5,0.27,-5.665500000000009
ES-2015-ND18460139-42013,2015-01-09 00:00:00,ND-18460139,Neil Ducich,Corporate,United Kingdom,Europe,Northern Europe,FUR-CH-4630,Furniture,Chairs,"Hon Chairmat, Adjustable",174.06,3,0,41.75999999999999
BO-2015-DB291013-42014,2015-01-10 00:00:00,DB-291013,Daniel Byrd,Home Office,Belarus,Europe,Eastern Europe,TEC-CO-6001,Technology,Copiers,"Sharp Ink, Color",503.40000000000003,4,0,236.52
IN-2015-SC20260130-42032,2015-01-28 00:00:00,SC-20260130,Scott Cohen,Corporate,Thailand,Asia Pacific,Southeastern Asia,FUR-FU-6238,Furniture,Furnishings,"Tenex Clock, Durable",241.60080000000002,7,0.27,49.4508
IN-2015-DJ135107-42007,2015-01-03 00:00:00,DJ-135107,Don Jones,Corporate,Australia,Asia Pacific,Oceania,FUR-CH-5802,Furniture,Chairs,"SAFCO Steel Folding Chair, Red",308.55600000000004,4,0.1,34.23599999999999
IT-2015-BW1111045-42013,2015-01-09 00:00:00,BW-1111045,Bart Watters,Corporate,France,Europe,Western Europe,OFF-ST-6250,Office Supplies,Storage,"Tenex Folders, Industrial",63.99000000000001,3,0.1,-7.110000000000001
US-2015-DL13315140-42008,2015-01-04 00:00:00,DL-133151404,Delfina Latchford,Consumer,United States,USCA,Western US,OFF-PA-6456,Office Supplies,Paper,Xerox 1905,38.88,6,0,18.6624
ES-2015-AA1064564-42014,2015-01-10 00:00:00,AA-1064564,Anna Andreadi,Consumer,Italy,Europe,Southern Europe,OFF-BI-6382,Office Supplies,Binders,"Wilson Jones Binding Machine, Clear",193.68,4,0,58.08
ES-2015-SR20740139-42018,2015-01-14 00:00:00,SR-20740139,Steven Roelle,Home Office,United Kingdom,Europe,Northern Europe,OFF-ST-6275,Office Supplies,Storage,"Tenex Shelving, Wire Frame",214.92000000000002,4,0,25.68
ES-2015-BP11185120-42025,2015-01-21 00:00:00,BP-11185120,Ben Peterman,Corporate,Spain,Europe,Southern Europe,TEC-MA-5547,Technology,Machines,"Panasonic Inkjet, Red",556.6320000000001,2,0.1,111.31199999999998
ES-2015-AS1063045-42028,2015-01-24 00:00:00,AS-1063045,Ann Steele,Home Office,France,Europe,Western Europe,OFF-ST-6033,Office Supplies,Storage,"Smead File Cart, Single Width",231.984,2,0.1,-7.776
AG-2015-CR27303-42005,2015-01-01 00:00:00,CR-27303,Craig Reiter,Consumer,Algeria,Africa,North Africa,FUR-FU-5729,Furniture,Furnishings,"Rubbermaid Frame, Durable",106.92000000000002,1,0,26.73
IN-2015-TP211307-42013,2015-01-09 00:00:00,TP-211307,Theone Pippenger,Consumer,Australia,Asia Pacific,Oceania,OFF-AR-5932,Office Supplies,Art,"Sanford Sketch Pad, Fluorescent",336.528,8,0.1,74.68799999999999
ES-2015-GH1466564-42035,2015-01-31 00:00:00,GH-1466564,Greg Hansen,Consumer,Italy,Europe,Southern Europe,OFF-AR-5911,Office Supplies,Art,"Sanford Highlighters, Easy-Erase",64.08,4,0,2.52
IZ-2015-KM672061-42020,2015-01-16 00:00:00,KM-672061,Kunst Miller,Consumer,Iraq,Asia Pacific,Western Asia,FUR-BO-5960,Furniture,Bookcases,"Sauder Floating Shelf Set, Mobile",197.10000000000002,1,0,72.9
ES-2015-GM14695139-42025,2015-01-21 00:00:00,GM-14695139,Greg Maxwell,Corporate,United Kingdom,Europe,Northern Europe,TEC-MA-4204,Technology,Machines,"Epson Phone, Wireless",161.94,2,0,72.84
IN-2015-KN164507-42005,2015-01-01 00:00:00,KN-164507,Kean Nguyen,Corporate,Australia,Asia Pacific,Oceania,OFF-EN-5035,Office Supplies,Envelopes,"Kraft Mailers, Set of 50",203.31000000000003,6,0.1,13.409999999999997
ES-2015-MG1769564-42018,2015-01-14 00:00:00,MG-1769564,Maureen Gnade,Consumer,Italy,Europe,Southern Europe,OFF-AR-3457,Office Supplies,Art,"BIC Markers, Easy-Erase",80.10000000000001,3,0,22.410000000000004
IN-2015-JS156857-42035,2015-01-31 00:00:00,JS-156857,Jim Sink,Corporate,Australia,Asia Pacific,Oceania,OFF-AR-3497,Office Supplies,Art,"Binney & Smith Pens, Fluorescent",59.400000000000006,5,0.1,4.4999999999999964
CA-2015-DP13390140-42011,2015-01-07 00:00:00,DP-133901408,Dennis Pardue,Home Office,United States,USCA,Southern US,OFF-BI-6412,Office Supplies,Binders,Wilson Jones Turn Tabs Binder Tool for Ring Binders,33.74,7,0,15.5204
CA-2015-DP13390140-42006,2015-01-02 00:00:00,DP-133901402,Dennis Pardue,Home Office,United States,USCA,Central US,OFF-BI-6391,Office Supplies,Binders,Wilson Jones Easy Flow II Sheet Lifters,3.6,2,0,1.728
ES-2015-GP1474045-42005,2015-01-01 00:00:00,GP-1474045,Guy Phonely,Corporate,France,Europe,Western Europe,OFF-AR-6107,Office Supplies,Art,"Stanley Canvas, Fluorescent",152.19,3,0,48.69
MX-2015-FC1433531-42020,2015-01-16 00:00:00,FC-1433531,Fred Chung,Corporate,Cuba,LATAM,Caribbean,TEC-CO-3607,Technology,Copiers,"Brother Personal Copier, Laser",285.20844,3,0.002,65.12844
IR-2015-DM301560-42019,2015-01-15 00:00:00,DM-301560,Darrin Martin,Consumer,Iran,Asia Pacific,Southern Asia,OFF-PA-5854,Office Supplies,Paper,"SanDisk Computer Printout Paper, Recycled",118.80000000000001,4,0,53.400000000000006
MX-2015-MR1754582-42026,2015-01-22 00:00:00,MR-1754582,Mathew Reese,Home Office,Mexico,LATAM,Central America,OFF-ST-5692,Office Supplies,Storage,"Rogers File Cart, Industrial",377.6,4,0,3.7600000000000002
ES-2015-AH10075139-42010,2015-01-06 00:00:00,AH-10075139,Adam Hart,Corporate,United Kingdom,Europe,Northern Europe,OFF-EN-4441,Office Supplies,Envelopes,"GlobeWeis Interoffice Envelope, Set of 50",286.92,6,0,65.88
ID-2015-RB197957-42028,2015-01-24 00:00:00,RB-197957,Ross Baird,Home Office,Australia,Asia Pacific,Oceania,OFF-LA-6052,Office Supplies,Labels,"Smead Removable Labels, Laser Printer Compatible",43.344,7,0.4,-10.206000000000003
US-2015-DA13450140-42017,2015-01-13 00:00:00,DA-134501406,Dianna Arnett,Home Office,United States,USCA,Eastern US,FUR-FU-4329,Furniture,Furnishings,Flat Face Poster Frame,37.68,2,0,15.825600000000001
US-2015-DA13450140-42017,2015-01-13 00:00:00,DA-134501406,Dianna Arnett,Home Office,United States,USCA,Eastern US,OFF-PA-6505,Office Supplies,Paper,Xerox 195,40.08,6,0,19.2384
ES-2015-EH1399048-42019,2015-01-15 00:00:00,EH-1399048,Erica Hackney,Consumer,Germany,Europe,Western Europe,TEC-MA-5546,Technology,Machines,"Panasonic Inkjet, Durable",312.21000000000004,1,0,62.42999999999999
IT-2015-DO13645139-42026,2015-01-22 00:00:00,DO-13645139,Doug O'Connell,Consumer,United Kingdom,Europe,Northern Europe,OFF-AP-3569,Office Supplies,Appliances,"Breville Coffee Grinder, White",180,3,0,5.3999999999999995
MX-2015-BP1105039-42020,2015-01-16 00:00:00,BP-1105039,Barry Pond,Corporate,El Salvador,LATAM,Central America,FUR-FU-6255,Furniture,Furnishings,"Tenex Frame, Durable",784.7400000000001,11,0,227.48000000000002
MX-2015-GA1472582-42032,2015-01-28 00:00:00,GA-1472582,Guy Armstrong,Consumer,Mexico,LATAM,Central America,OFF-ST-4250,Office Supplies,Storage,"Fellowes Box, Blue",91.83999999999999,7,0,34.86
IT-2015-AB1060091-42032,2015-01-28 00:00:00,AB-1060091,Ann Blume,Corporate,Netherlands,Europe,Western Europe,OFF-AR-3525,Office Supplies,Art,"Boston Canvas, Blue",107.28,4,0.5,-53.64
PL-2015-JK5370103-42025,2015-01-21 00:00:00,JK-5370103,Jay Kimmel,Consumer,Poland,Europe,Eastern Europe,OFF-ST-6046,Office Supplies,Storage,"Smead Lockers, Blue",198.42000000000002,1,0,33.72
IN-2015-RA1988527-42034,2015-01-30 00:00:00,RA-1988527,Ruben Ausman,Corporate,China,Asia Pacific,Eastern Asia,TEC-MA-5567,Technology,Machines,"Panasonic Phone, Durable",169.92000000000002,2,0,27.18
IT-2015-SC2077091-42012,2015-01-08 00:00:00,SC-2077091,Stewart Carmichael,Corporate,Netherlands,Europe,Western Europe,OFF-ST-6261,Office Supplies,Storage,"Tenex Lockers, Blue",306.22499999999997,3,0.5,-147.01499999999993
GH-2015-JK562549-42019,2015-01-15 00:00:00,JK-562549,Jim Karlsson,Consumer,Ghana,Africa,Western Africa,OFF-SU-4327,Office Supplies,Supplies,"Fiskars Trimmer, Serrated",234.00000000000006,6,0,28.08
ES-2015-KM1672048-42027,2015-01-23 00:00:00,KM-1672048,Kunst Miller,Consumer,Germany,Europe,Western Europe,OFF-FA-6193,Office Supplies,Fasteners,"Stockwell Push Pins, 12 Pack",93.87,7,0,7.349999999999999
ID-2015-JE15745102-42015,2015-01-11 00:00:00,JE-15745102,Joel Eaton,Consumer,Philippines,Asia Pacific,Southeastern Asia,OFF-SU-6181,Office Supplies,Supplies,"Stiletto Trimmer, High Speed",117.56250000000003,5,0.45,-55.68750000000002
US-2015-DB13660140-42005,2015-01-01 00:00:00,DB-136601406,Duane Benoit,Consumer,United States,USCA,Eastern US,OFF-ST-6290,Office Supplies,Storage,Tennsco Industrial Shelving,156.512,4,0.2,-35.215199999999996
IT-2015-TB2128048-42014,2015-01-10 00:00:00,TB-2128048,Toby Braunhardt,Consumer,Germany,Europe,Western Europe,OFF-PA-3995,Office Supplies,Paper,"Eaton Memo Slips, Multicolor",90.89999999999999,6,0,15.299999999999999
ES-2015-RB19795139-42019,2015-01-15 00:00:00,RB-19795139,Ross Baird,Home Office,United Kingdom,Europe,Northern Europe,OFF-BI-4815,Office Supplies,Binders,"Ibico Binding Machine, Clear",203.52,4,0,93.6
MO-2015-DW358586-42012,2015-01-08 00:00:00,DW-358586,Dorothy Wardle,Corporate,Morocco,Africa,North Africa,TEC-CO-3687,Technology,Copiers,"Canon Fax Machine, Digital",318.03000000000003,1,0,73.14
MX-2015-GH1442582-42013,2015-01-09 00:00:00,GH-1442582,Gary Hwang,Consumer,Mexico,LATAM,Central America,TEC-PH-5252,Technology,Phones,"Motorola Headset, Full Size",432.16,8,0,108
IR-2015-DM301560-42019,2015-01-15 00:00:00,DM-301560,Darrin Martin,Consumer,Iran,Asia Pacific,Southern Asia,TEC-AC-4156,Technology,Accessories,"Enermax Keyboard, Erganomic",81.27,1,0,40.62
EZ-2015-PB880532-42027,2015-01-23 00:00:00,PB-880532,Patrick Bzostek,Home Office,Czech Republic,Europe,Eastern Europe,TEC-PH-5254,Technology,Phones,"Motorola Headset, with Caller ID",79.74,1,0,26.31
ES-2015-AA1064564-42014,2015-01-10 00:00:00,AA-1064564,Anna Andreadi,Consumer,Italy,Europe,Southern Europe,OFF-ST-6058,Office Supplies,Storage,"Smead Shelving, Industrial",148.23,5,0.4,-39.569999999999986
NI-2015-TC1098095-42033,2015-01-29 00:00:00,TC-1098095,Tamara Chand,Corporate,Nigeria,Africa,Western Africa,OFF-SU-4138,Office Supplies,Supplies,"Elite Trimmer, Steel",73.92600000000002,6,0.7,-51.89400000000002
AG-2015-PO88653-42017,2015-01-13 00:00:00,PO-88653,Patrick O'Donnell,Consumer,Algeria,Africa,North Africa,OFF-SU-4320,Office Supplies,Supplies,"Fiskars Shears, High Speed",47.64,1,0,23.34
CA-2015-EH13765140-42027,2015-01-23 00:00:00,EH-137651402,Edward Hooks,Corporate,United States,USCA,Central US,OFF-FA-6129,Office Supplies,Fasteners,Staples,15.120000000000001,5,0.2,4.913999999999999
ES-2015-CA1231045-42018,2015-01-14 00:00:00,CA-1231045,Christine Abelman,Corporate,France,Europe,Western Europe,FUR-FU-3030,Furniture,Furnishings,"Advantus Door Stop, Erganomic",130.95000000000002,3,0,40.589999999999996
CA-2015-EH13765140-42027,2015-01-23 00:00:00,EH-137651402,Edward Hooks,Corporate,United States,USCA,Central US,OFF-AR-5328,Office Supplies,Art,Newell 348,7.872,3,0.2,0.8855999999999988
ES-2015-JW152208-42033,2015-01-29 00:00:00,JW-152208,Jane Waco,Corporate,Austria,Europe,Western Europe,FUR-FU-3048,Furniture,Furnishings,"Advantus Photo Frame, Duo Pack",212.16,4,0,80.52
ES-2015-AI1085548-42025,2015-01-21 00:00:00,AI-1085548,Arianne Irving,Consumer,Germany,Europe,Western Europe,OFF-SU-3001,Office Supplies,Supplies,"Acme Trimmer, Easy Grip",138.60000000000002,3,0,30.42
CG-2015-PS876033-42022,2015-01-18 00:00:00,PS-876033,Pamela Stobb,Consumer,Democratic Republic of the Congo,Africa,Central Africa,TEC-MA-5511,Technology,Machines,"Okidata Printer, Red",265.65000000000003,1,0,2.64
ES-2015-GD1459048-42026,2015-01-22 00:00:00,GD-1459048,Giulietta Dortch,Corporate,Germany,Europe,Western Europe,OFF-PA-4144,Office Supplies,Paper,"Enermax Cards & Envelopes, Multicolor",145.53000000000003,3,0,20.339999999999996
CA-2015-EB13870140-42035,2015-01-31 00:00:00,EB-138701408,Emily Burns,Consumer,United States,USCA,Southern US,FUR-CH-5425,Furniture,Chairs,"Office Star - Contemporary Task Swivel chair with 2-way adjustable arms, Plum",419.13599999999997,4,0.2,-68.1096
IN-2015-JK1562559-42026,2015-01-22 00:00:00,JK-1562559,Jim Karlsson,Consumer,Indonesia,Asia Pacific,Southeastern Asia,TEC-AC-3379,Technology,Accessories,"Belkin Flash Drive, Erganomic",63.20250000000001,3,0.47000000000000003,-34.6275
IN-2015-RA1988527-42034,2015-01-30 00:00:00,RA-1988527,Ruben Ausman,Corporate,China,Asia Pacific,Eastern Asia,OFF-SU-4310,Office Supplies,Supplies,"Fiskars Letter Opener, Steel",73.89000000000001,3,0,7.38
RO-2015-LW6825107-42005,2015-01-01 00:00:00,LW-6825107,Laurel Workman,Corporate,Romania,Europe,Eastern Europe,OFF-AR-6106,Office Supplies,Art,"Stanley Canvas, Easy-Erase",99.47999999999999,2,0,23.82
IN-2015-MC1813027-42023,2015-01-19 00:00:00,MC-1813027,Mike Caudle,Corporate,China,Asia Pacific,Eastern Asia,OFF-ST-6067,Office Supplies,Storage,"Smead Trays, Single Width",194.03999999999996,4,0,34.92
ES-2015-MF182508-42033,2015-01-29 00:00:00,MF-182508,Monica Federle,Corporate,Austria,Europe,Western Europe,OFF-ST-5686,Office Supplies,Storage,"Rogers Box, Blue",215.73,9,0,4.05
ES-2015-PB1880545-42010,2015-01-06 00:00:00,PB-1880545,Patrick Bzostek,Home Office,France,Europe,Western Europe,FUR-FU-3950,Furniture,Furnishings,"Deflect-O Photo Frame, Black",155.70000000000002,3,0,34.199999999999996
ID-2015-RB197957-42028,2015-01-24 00:00:00,RB-197957,Ross Baird,Home Office,Australia,Asia Pacific,Oceania,TEC-MA-6142,Technology,Machines,"StarTech Inkjet, Wireless",181.13400000000001,1,0.4,-117.75600000000003
US-2015-EP13915140-42005,2015-01-01 00:00:00,EP-139151408,Emily Phan,Consumer,United States,USCA,Southern US,OFF-AR-5325,Office Supplies,Art,Newell 345,47.616,3,0.2,3.571200000000001
US-2015-EP13915140-42005,2015-01-01 00:00:00,EP-139151408,Emily Phan,Consumer,United States,USCA,Southern US,OFF-PA-6303,Office Supplies,Paper,Things To Do Today Pad,23.480000000000004,5,0.2,8.218
TO-2015-FM4290131-42008,2015-01-04 00:00:00,FM-4290131,Frank Merwin,Home Office,Togo,Africa,Western Africa,FUR-CH-4630,Furniture,Chairs,"Hon Chairmat, Adjustable",116.03999999999999,2,0,27.839999999999996
MX-2015-SK1999051-42020,2015-01-16 00:00:00,SK-1999051,Sally Knutson,Consumer,Guatemala,LATAM,Central America,TEC-AC-5118,Technology,Accessories,"Logitech Keyboard, USB",145.32,3,0,14.52
IN-2015-AH1058527-42027,2015-01-23 00:00:00,AH-1058527,Angele Hood,Consumer,China,Asia Pacific,Eastern Asia,TEC-AC-3392,Technology,Accessories,"Belkin Mouse, Bluetooth",203.55,5,0,28.35
IN-2015-JB1604558-42019,2015-01-15 00:00:00,JB-1604558,Julia Barnett,Home Office,India,Asia Pacific,Southern Asia,TEC-AC-5202,Technology,Accessories,"Memorex Keyboard, USB",143.10000000000002,2,0,9.959999999999999
MX-2015-JC1610582-42010,2015-01-06 00:00:00,JC-1610582,Julie Creighton,Corporate,Mexico,LATAM,Central America,OFF-ST-6230,Office Supplies,Storage,"Tenex Box, Single Width",77.13999999999999,7,0,36.12
IT-2015-DO13645139-42026,2015-01-22 00:00:00,DO-13645139,Doug O'Connell,Consumer,United Kingdom,Europe,Northern Europe,OFF-ST-4061,Office Supplies,Storage,"Eldon Folders, Industrial",157.14000000000001,9,0,4.59
CA-2015-EH14125140-42035,2015-01-31 00:00:00,EH-141251404,Eugene Hildebrand,Home Office,United States,USCA,Western US,FUR-CH-5410,Furniture,Chairs,Novimex Swivel Fabric Task Chair,120.78399999999999,1,0.2,-13.5882
CA-2015-EH14125140-42035,2015-01-31 00:00:00,EH-141251404,Eugene Hildebrand,Home Office,United States,USCA,Western US,OFF-AR-5317,Office Supplies,Art,Newell 338,8.82,3,0,2.3814
BU-2015-GD459019-42017,2015-01-13 00:00:00,GD-459019,Giulietta Dortch,Corporate,Bulgaria,Europe,Eastern Europe,FUR-BO-5961,Furniture,Bookcases,"Sauder Floating Shelf Set, Pine",391.86,2,0,90.12
CA-2015-EH14125140-42035,2015-01-31 00:00:00,EH-141251404,Eugene Hildebrand,Home Office,United States,USCA,Western US,OFF-AR-3852,Office Supplies,Art,"Crayola Anti Dust Chalk, 12/Pack",12.74,7,0,5.733
ID-2015-MG1768092-42032,2015-01-28 00:00:00,MG-1768092,Maureen Gastineau,Home Office,New Zealand,Asia Pacific,Oceania,TEC-AC-5887,Technology,Accessories,"SanDisk Numeric Keypad, Bluetooth",66.67200000000001,2,0.4,7.751999999999988
ES-2015-LS1724545-42032,2015-01-28 00:00:00,LS-1724545,Lynn Smith,Consumer,France,Europe,Western Europe,OFF-PA-5871,Office Supplies,Paper,"SanDisk Memo Slips, Recycled",67.56,4,0,27.599999999999998
ES-2015-MG1769564-42018,2015-01-14 00:00:00,MG-1769564,Maureen Gnade,Consumer,Italy,Europe,Southern Europe,OFF-FA-2950,Office Supplies,Fasteners,"Accos Push Pins, Metal",58.56,4,0,9.84
IN-2015-KH1651027-42006,2015-01-02 00:00:00,KH-1651027,Keith Herrera,Consumer,China,Asia Pacific,Eastern Asia,TEC-MA-4192,Technology,Machines,"Epson Calculator, Wireless",139.23000000000002,3,0,68.22
MX-2015-NW1840098-42035,2015-01-31 00:00:00,NW-1840098,Natalie Webber,Consumer,Panama,LATAM,Central America,OFF-ST-6264,Office Supplies,Storage,"Tenex Lockers, Wire Frame",243.86399999999998,3,0.4,-142.296
IN-2015-VP2173058-42024,2015-01-20 00:00:00,VP-2173058,Victor Preis,Home Office,India,Asia Pacific,Southern Asia,OFF-LA-4540,Office Supplies,Labels,"Harbour Creations Legal Exhibit Labels, Laser Printer Compatible",54.75,5,0,15.750000000000002
MX-2015-AW1093018-42032,2015-01-28 00:00:00,AW-1093018,Arthur Wiediger,Home Office,Brazil,LATAM,South America,TEC-PH-5826,Technology,Phones,"Samsung Headset, VoIP",48.86,1,0,17.1
ES-2015-TG2131048-42018,2015-01-14 00:00:00,TG-2131048,Toby Gnade,Consumer,Germany,Europe,Western Europe,OFF-AR-3552,Office Supplies,Art,"Boston Sketch Pad, Blue",87.47999999999999,2,0.1,32.04
KE-2015-PL892569-42010,2015-01-06 00:00:00,PL-892569,Paul Lucas,Home Office,Kenya,Africa,Eastern Africa,OFF-EN-3107,Office Supplies,Envelopes,"Ames Manila Envelope, with clear poly window",169.38,6,0,72.72
SF-2015-MC7845117-42007,2015-01-03 00:00:00,MC-7845117,Michael Chen,Consumer,South Africa,Africa,Southern Africa,FUR-CH-4683,Furniture,Chairs,"Hon Rocking Chair, Red",130.62,1,0,10.44
IN-2015-EB137507-42007,2015-01-03 00:00:00,EB-137507,Edward Becker,Corporate,Australia,Asia Pacific,Oceania,OFF-AP-3861,Office Supplies,Appliances,"Cuisinart Coffee Grinder, Red",69.498,2,0.1,6.137999999999999
MX-2015-GM1450098-42025,2015-01-21 00:00:00,GM-1450098,Gene McClure,Consumer,Panama,LATAM,Central America,FUR-CH-4563,Furniture,Chairs,"Harbour Creations Swivel Stool, Red",144.09599999999998,2,0.4,-26.424
IN-2015-KD1634558-42029,2015-01-25 00:00:00,KD-1634558,Katherine Ducich,Consumer,India,Asia Pacific,Southern Asia,TEC-AC-5115,Technology,Accessories,"Logitech Keyboard, Bluetooth",144.9,2,0,72.42
ES-2015-TT2107045-42012,2015-01-08 00:00:00,TT-2107045,Ted Trevino,Consumer,France,Europe,Western Europe,OFF-SU-4320,Office Supplies,Supplies,"Fiskars Shears, High Speed",95.28,2,0,46.68
ES-2015-KM1637545-42029,2015-01-25 00:00:00,KM-1637545,Katherine Murray,Home Office,France,Europe,Western Europe,OFF-AR-3449,Office Supplies,Art,"BIC Canvas, Fluorescent",109.92,2,0,38.46
MX-2015-AH1003051-42010,2015-01-06 00:00:00,AH-1003051,Aaron Hawkins,Corporate,Guatemala,LATAM,Central America,FUR-CH-5457,Furniture,Chairs,"Office Star Swivel Stool, Set of Two",234.92,2,0,28.160000000000004
IT-2015-DO13645139-42026,2015-01-22 00:00:00,DO-13645139,Doug O'Connell,Consumer,United Kingdom,Europe,Northern Europe,OFF-AR-3544,Office Supplies,Art,"Boston Pencil Sharpener, Fluorescent",115.80000000000001,4,0,16.200000000000003
ID-2015-JC1610597-42013,2015-01-09 00:00:00,JC-1610597,Julie Creighton,Corporate,Pakistan,Asia Pacific,Southern Asia,FUR-FU-5735,Furniture,Furnishings,"Rubbermaid Photo Frame, Black",82.80000000000001,2,0.2,-4.140000000000004
ID-2015-PK1907592-42033,2015-01-29 00:00:00,PK-1907592,Pete Kriz,Consumer,New Zealand,Asia Pacific,Oceania,OFF-ST-4257,Office Supplies,Storage,"Fellowes File Cart, Blue",82.386,1,0.4,8.225999999999999
CA-2015-FW14395140-42007,2015-01-03 00:00:00,FW-143951404,Fred Wasserman,Corporate,United States,USCA,Western US,TEC-AC-4936,Technology,Accessories,Kensington K72356US Mouse-in-a-Box USB Desktop Mouse,16.59,1,0,5.8065
ID-2015-AA10315102-42011,2015-01-07 00:00:00,AA-10315102,Alex Avila,Consumer,Philippines,Asia Pacific,Southeastern Asia,TEC-MA-5001,Technology,Machines,"Konica Calculator, Wireless",116.16750000000002,3,0.25,35.6175
IN-2015-PB191057-42024,2015-01-20 00:00:00,PB-191057,Peter Bühler,Consumer,Australia,Asia Pacific,Oceania,OFF-EN-3674,Office Supplies,Envelopes,"Cameo Peel and Seal, Security-Tint",63.17999999999999,3,0.1,6.299999999999999
IN-2015-JK1609027-42007,2015-01-03 00:00:00,JK-1609027,Juliana Krohn,Consumer,China,Asia Pacific,Eastern Asia,OFF-EN-3108,Office Supplies,Envelopes,"Ames Peel and Seal, Recycled",157.41000000000003,9,0,34.56
IN-2015-RF1934527-42007,2015-01-03 00:00:00,RF-1934527,Randy Ferguson,Corporate,China,Asia Pacific,Eastern Asia,FUR-FU-3957,Furniture,Furnishings,"Deflect-O Stacking Tray, Erganomic",66.96000000000001,3,0,5.3100000000000005
MO-2015-AW93086-42012,2015-01-08 00:00:00,AW-93086,Arthur Wiediger,Home Office,Morocco,Africa,North Africa,OFF-BI-4815,Office Supplies,Binders,"Ibico Binding Machine, Clear",101.76,2,0,46.8
IZ-2015-TS1108561-42035,2015-01-31 00:00:00,TS-1108561,Thais Sissman,Consumer,Iraq,Asia Pacific,Western Asia,OFF-BI-6382,Office Supplies,Binders,"Wilson Jones Binding Machine, Clear",96.84,2,0,29.04
IN-2015-AH1058527-42027,2015-01-23 00:00:00,AH-1058527,Angele Hood,Consumer,China,Asia Pacific,Eastern Asia,OFF-AR-5903,Office Supplies,Art,"Sanford Canvas, Easy-Erase",253.95,5,0,76.05000000000001
IN-2015-JK1609027-42007,2015-01-03 00:00:00,JK-1609027,Juliana Krohn,Consumer,China,Asia Pacific,Eastern Asia,FUR-FU-3932,Furniture,Furnishings,"Deflect-O Door Stop, Black",87.9,2,0,21.96
ES-2015-AI1085548-42025,2015-01-21 00:00:00,AI-1085548,Arianne Irving,Consumer,Germany,Europe,Western Europe,OFF-AR-3462,Office Supplies,Art,"BIC Pencil Sharpener, Fluorescent",121.08,4,0,41.160000000000004
IN-2015-JW1607558-42013,2015-01-09 00:00:00,JW-1607558,Julia West,Consumer,India,Asia Pacific,Southern Asia,OFF-EN-3110,Office Supplies,Envelopes,"Ames Peel and Seal, Set of 50",37.38,2,0,1.08
ES-2015-LC16930139-42031,2015-01-27 00:00:00,LC-16930139,Linda Cazamias,Corporate,United Kingdom,Europe,Northern Europe,OFF-AR-3493,Office Supplies,Art,"Binney & Smith Pencil Sharpener, Fluorescent",72.00900000000001,3,0.1,-4.851000000000002
ES-2015-ES1402045-42032,2015-01-28 00:00:00,ES-1402045,Erica Smith,Consumer,France,Europe,Western Europe,OFF-BI-2901,Office Supplies,Binders,"Acco Binding Machine, Economy",255.45000000000002,5,0,73.94999999999999
ES-2015-BK11260139-42013,2015-01-09 00:00:00,BK-11260139,Berenike Kampe,Consumer,United Kingdom,Europe,Northern Europe,OFF-EN-4923,Office Supplies,Envelopes,"Jiffy Peel and Seal, Recycled",94.05,5,0,15.9
MX-2015-GM1450098-42025,2015-01-21 00:00:00,GM-1450098,Gene McClure,Consumer,Panama,LATAM,Central America,TEC-CO-3686,Technology,Copiers,"Canon Fax Machine, Color",382.51668,3,0.402,-257.14332
ES-2015-AJ1078045-42030,2015-01-26 00:00:00,AJ-1078045,Anthony Jacobs,Corporate,France,Europe,Western Europe,TEC-MA-5517,Technology,Machines,"Okidata Receipt Printer, Wireless",313.4205,3,0.15,44.23049999999999
US-2015-GB14575140-42033,2015-01-29 00:00:00,GB-145751402,Giulietta Baptist,Consumer,United States,USCA,Central US,OFF-PA-6488,Office Supplies,Paper,Xerox 1934,279.9,5,0,137.151
MX-2015-DB1361531-42009,2015-01-05 00:00:00,DB-1361531,Doug Bickford,Consumer,Cuba,LATAM,Caribbean,OFF-EN-5022,Office Supplies,Envelopes,"Kraft Business Envelopes, Recycled",150.71999999999997,12,0,10.319999999999999
AG-2015-IL51003-42028,2015-01-24 00:00:00,IL-51003,Ivan Liston,Consumer,Algeria,Africa,North Africa,FUR-CH-4628,Furniture,Chairs,"Hon Bag Chairs, Red",90.3,2,0,29.759999999999998
PL-2015-JK5370103-42025,2015-01-21 00:00:00,JK-5370103,Jay Kimmel,Consumer,Poland,Europe,Eastern Europe,OFF-ST-4269,Office Supplies,Storage,"Fellowes Lockers, Wire Frame",206.39999999999998,1,0,92.88
IS-2015-AC61563-42032,2015-01-28 00:00:00,AC-61563,Ann Chong,Corporate,Israel,Asia Pacific,Western Asia,TEC-PH-5832,Technology,Phones,"Samsung Office Telephone, with Caller ID",65.22,1,0,15
US-2015-LC1696018-42020,2015-01-16 00:00:00,LC-1696018,Lindsay Castell,Home Office,Brazil,LATAM,South America,FUR-CH-5409,Furniture,Chairs,"Novimex Steel Folding Chair, Set of Two",67.58400000000002,3,0.6,-60.876
PL-2015-DO3645103-42005,2015-01-01 00:00:00,DO-3645103,Doug O'Connell,Consumer,Poland,Europe,Eastern Europe,OFF-EN-3671,Office Supplies,Envelopes,"Cameo Manila Envelope, Set of 50",54,2,0,4.86
IV-2015-MA799529-42014,2015-01-10 00:00:00,MA-799529,Michelle Arnett,Home Office,Cote d'Ivoire,Africa,Western Africa,OFF-LA-4527,Office Supplies,Labels,"Harbour Creations Color Coded Labels, Adjustable",86.39999999999999,8,0,12
AG-2015-IL51003-42028,2015-01-24 00:00:00,IL-51003,Ivan Liston,Consumer,Algeria,Africa,North Africa,OFF-EN-3668,Office Supplies,Envelopes,"Cameo Mailers, with clear poly window",83.4,2,0,3.3000000000000003
MO-2015-MG769586-42028,2015-01-24 00:00:00,MG-769586,Maureen Gnade,Consumer,Morocco,Africa,North Africa,FUR-FU-5741,Furniture,Furnishings,"Rubbermaid Stacking Tray, Erganomic",95.03999999999999,4,0,30.36
ES-2015-AJ1078045-42030,2015-01-26 00:00:00,AJ-1078045,Anthony Jacobs,Corporate,France,Europe,Western Europe,OFF-AP-4746,Office Supplies,Appliances,"Hoover Toaster, Black",74.763,1,0.1,29.073
ES-2015-CJ11875120-42020,2015-01-16 00:00:00,CJ-11875120,Carl Jackson,Corporate,Spain,Europe,Southern Europe,TEC-MA-5493,Technology,Machines,"Okidata Calculator, Durable",141.507,3,0.1,-4.7429999999999986
CA-2015-GA14725140-42006,2015-01-02 00:00:00,GA-147251406,Guy Armstrong,Consumer,United States,USCA,Eastern US,FUR-FU-5091,Furniture,Furnishings,"Linden 10"" Round Wall Clock, Black",48.896,4,0.2,8.556799999999999
ES-2015-BF11080120-42035,2015-01-31 00:00:00,BF-11080120,Bart Folk,Consumer,Spain,Europe,Southern Europe,FUR-CH-5805,Furniture,Chairs,"SAFCO Swivel Stool, Adjustable",136.34400000000002,1,0.2,47.693999999999996
IN-2015-DJ135107-42007,2015-01-03 00:00:00,DJ-135107,Don Jones,Corporate,Australia,Asia Pacific,Oceania,OFF-PA-4473,Office Supplies,Paper,"Green Bar Memo Slips, Recycled",106.21799999999999,7,0.1,25.788000000000004
CA-2015-HR14770140-42019,2015-01-15 00:00:00,HR-147701402,Hallie Redmond,Home Office,United States,USCA,Central US,TEC-AC-5237,Technology,Accessories,Microsoft Sculpt Comfort Mouse,159.8,4,0,70.31200000000001
CA-2015-HR14770140-42019,2015-01-15 00:00:00,HR-147701402,Hallie Redmond,Home Office,United States,USCA,Central US,OFF-ST-6266,Office Supplies,Storage,"Tenex Personal Project File with Scoop Front Design, Black",67.4,5,0,17.523999999999997
CA-2015-HR14770140-42019,2015-01-15 00:00:00,HR-147701402,Hallie Redmond,Home Office,United States,USCA,Central US,TEC-PH-3154,Technology,Phones,ARKON Windshield Dashboard Air Vent Car Mount Holder,67.8,4,0,1.3559999999999945
CA-2015-HR14770140-42019,2015-01-15 00:00:00,HR-147701402,Hallie Redmond,Home Office,United States,USCA,Central US,OFF-FA-6129,Office Supplies,Fasteners,Staples,18.76,2,0,5.252800000000001
CA-2015-HR14770140-42019,2015-01-15 00:00:00,HR-147701402,Hallie Redmond,Home Office,United States,USCA,Central US,FUR-FU-3910,Furniture,Furnishings,"DAX Charcoal/Nickel-Tone Document Frame, 5 x 7",18.96,2,0,8.532
MX-2015-NW1840098-42035,2015-01-31 00:00:00,NW-1840098,Natalie Webber,Consumer,Panama,LATAM,Central America,TEC-AC-5193,Technology,Accessories,"Memorex Flash Drive, Bluetooth",70.55999999999999,6,0.4,-22.44000000000001
CA-2015-HR14770140-42019,2015-01-15 00:00:00,HR-147701402,Hallie Redmond,Home Office,United States,USCA,Central US,OFF-PA-6428,Office Supplies,Paper,Xerox 188,11.34,1,0,5.5565999999999995
CA-2015-HR14770140-42019,2015-01-15 00:00:00,HR-147701402,Hallie Redmond,Home Office,United States,USCA,Central US,OFF-FA-3330,Office Supplies,Fasteners,Bagged Rubber Bands,2.52,2,0,0.1008
CA-2015-HR14770140-42019,2015-01-15 00:00:00,HR-147701402,Hallie Redmond,Home Office,United States,USCA,Central US,TEC-AC-4880,Technology,Accessories,Imation USB 2.0 Swivel Flash Drive USB flash drive - 4 GB - Pink,12.12,4,0,2.5451999999999995
IN-2015-GT1475558-42028,2015-01-24 00:00:00,GT-1475558,Guy Thornton,Consumer,India,Asia Pacific,Southern Asia,OFF-LA-6044,Office Supplies,Labels,"Smead Legal Exhibit Labels, Alphabetical",54.599999999999994,5,0,18.45
CA-2015-HP14815140-42028,2015-01-24 00:00:00,HP-148151404,Harold Pawlan,Home Office,United States,USCA,Western US,TEC-AC-5139,Technology,Accessories,Logitech Wireless Anywhere Mouse MX for PC and Mac,95.98400000000001,2,0.2,11.997999999999998
CA-2015-HP14815140-42028,2015-01-24 00:00:00,HP-148151404,Harold Pawlan,Home Office,United States,USCA,Western US,OFF-BI-6389,Office Supplies,Binders,Wilson Jones data.warehouse D-Ring Binders with DublLock,4.938000000000001,2,0.7,-3.6212
ES-2015-MD173508-42030,2015-01-26 00:00:00,MD-173508,Maribeth Dona,Consumer,Austria,Europe,Western Europe,OFF-ST-6229,Office Supplies,Storage,"Tenex Box, Industrial",118.86,7,0,55.86
ID-2015-BT1168059-42014,2015-01-10 00:00:00,BT-1168059,Brian Thompson,Consumer,Indonesia,Asia Pacific,Southeastern Asia,TEC-AC-3384,Technology,Accessories,"Belkin Keyboard, Bluetooth",222.282,5,0.47000000000000003,-176.268
IN-2015-KD1634558-42029,2015-01-25 00:00:00,KD-1634558,Katherine Ducich,Consumer,India,Asia Pacific,Southern Asia,TEC-AC-5880,Technology,Accessories,"SanDisk Mouse, Bluetooth",76.62,2,0,0.72
IN-2015-GT1475558-42028,2015-01-24 00:00:00,GT-1475558,Guy Thornton,Consumer,India,Asia Pacific,Southern Asia,OFF-EN-5022,Office Supplies,Envelopes,"Kraft Business Envelopes, Recycled",56.519999999999996,3,0,5.58
ID-2015-MY1738059-42035,2015-01-31 00:00:00,MY-1738059,Maribeth Yedwab,Corporate,Indonesia,Asia Pacific,Southeastern Asia,TEC-AC-5860,Technology,Accessories,"SanDisk Flash Drive, Bluetooth",83.8248,4,0.47000000000000003,-3.175200000000004
NI-2015-TC1098095-42033,2015-01-29 00:00:00,TC-1098095,Tamara Chand,Corporate,Nigeria,Africa,Western Africa,FUR-BO-3893,Furniture,Bookcases,"Dania Corner Shelving, Metal",36.459,1,0.7,-27.980999999999995
SA-2015-RB9705110-42030,2015-01-26 00:00:00,RB-9705110,Roger Barcio,Home Office,Saudi Arabia,Asia Pacific,Western Asia,OFF-AR-5904,Office Supplies,Art,"Sanford Canvas, Fluorescent",103.56,2,0,38.28
IN-2015-BE1141066-42006,2015-01-02 00:00:00,BE-1141066,Bobby Elias,Consumer,Japan,Asia Pacific,Eastern Asia,OFF-EN-4905,Office Supplies,Envelopes,"Jiffy Business Envelopes, Set of 50",58.5,3,0,11.07
ES-2015-LT1711045-42025,2015-01-21 00:00:00,LT-1711045,Liz Thompson,Consumer,France,Europe,Western Europe,TEC-AC-5101,Technology,Accessories,"Logitech Flash Drive, Programmable",192.05999999999995,6,0,90.17999999999999
ID-2015-BP1105092-42006,2015-01-02 00:00:00,BP-1105092,Barry Pond,Corporate,New Zealand,Asia Pacific,Oceania,OFF-ST-4061,Office Supplies,Storage,"Eldon Folders, Industrial",83.808,8,0.4,-51.79200000000001
ES-2015-TG2131048-42018,2015-01-14 00:00:00,TG-2131048,Toby Gnade,Consumer,Germany,Europe,Western Europe,FUR-CH-4627,Furniture,Chairs,"Hon Bag Chairs, Black",68.352,2,0.2,-0.04800000000000182
MX-2015-RC1982582-42024,2015-01-20 00:00:00,RC-1982582,Roy Collins,Consumer,Mexico,LATAM,Central America,OFF-ST-6273,Office Supplies,Storage,"Tenex Shelving, Industrial",73.52000000000001,2,0,16.16
CA-2015-JO15145140-42021,2015-01-17 00:00:00,JO-151451404,Jack O'Briant,Corporate,United States,USCA,Western US,FUR-TA-5066,Furniture,Tables,"Lesro Sheffield Collection Coffee Table, End Table, Center Table, Corner Table",399.672,7,0.2,-14.98770000000006
PL-2015-DE3255103-42014,2015-01-10 00:00:00,DE-3255103,Deanra Eno,Home Office,Poland,Europe,Eastern Europe,TEC-MA-5576,Technology,Machines,"Panasonic Receipt Printer, Red",118.05000000000001,1,0,57.84
CA-2015-JO15145140-42021,2015-01-17 00:00:00,JO-151451404,Jack O'Briant,Corporate,United States,USCA,Western US,FUR-FU-4052,Furniture,Furnishings,"Eldon Expressions Wood and Plastic Desk Accessories, Cherry Wood",27.92,4,0,8.096799999999998
MX-2015-VT2170018-42012,2015-01-08 00:00:00,VT-2170018,Valerie Takahito,Home Office,Brazil,LATAM,South America,OFF-EN-5037,Office Supplies,Envelopes,"Kraft Manila Envelope, Recycled",67.44,4,0,30.32
NI-2015-TC1098095-42033,2015-01-29 00:00:00,TC-1098095,Tamara Chand,Corporate,Nigeria,Africa,Western Africa,TEC-CO-6005,Technology,Copiers,"Sharp Personal Copier, Color",36.43200000000001,1,0.7,-52.24800000000001
ES-2015-BB1154545-42010,2015-01-06 00:00:00,BB-1154545,Brenda Bowman,Corporate,France,Europe,Western Europe,OFF-LA-3274,Office Supplies,Labels,"Avery File Folder Labels, Laser Printer Compatible",45.60000000000001,5,0,19.950000000000003
IN-2015-DJ1342058-42021,2015-01-17 00:00:00,DJ-1342058,Denny Joy,Corporate,India,Asia Pacific,Southern Asia,FUR-FU-3030,Furniture,Furnishings,"Advantus Door Stop, Erganomic",87.30000000000001,2,0,7.800000000000001
US-2015-JF15190140-42012,2015-01-08 00:00:00,JF-151901404,Jamie Frazer,Consumer,United States,USCA,Western US,OFF-ST-4059,Office Supplies,Storage,Eldon Fold 'N Roll Cart System,153.78,11,0,44.596199999999996
IN-2015-MG1789097-42022,2015-01-18 00:00:00,MG-1789097,Michael Granlund,Home Office,Pakistan,Asia Pacific,Southern Asia,TEC-PH-5825,Technology,Phones,"Samsung Headset, Full Size",74.49,2,0.5,-50.669999999999995
US-2015-JF15190140-42012,2015-01-08 00:00:00,JF-151901404,Jamie Frazer,Consumer,United States,USCA,Western US,OFF-ST-6288,Office Supplies,Storage,Tennsco Commercial Shelving,61.019999999999996,3,0,0.6101999999999954
US-2015-JF15190140-42012,2015-01-08 00:00:00,JF-151901404,Jamie Frazer,Consumer,United States,USCA,Western US,OFF-SU-2973,Office Supplies,Supplies,Acme Galleria Hot Forged Steel Scissors with Colored Handles,110.11,7,0,31.931899999999988
ID-2015-BG1169588-42012,2015-01-08 00:00:00,BG-1169588,Brooke Gillingham,Corporate,Myanmar (Burma),Asia Pacific,Southeastern Asia,OFF-AR-5933,Office Supplies,Art,"Sanford Sketch Pad, Water Color",121.1634,3,0.17,7.223399999999998
MO-2015-AW93086-42012,2015-01-08 00:00:00,AW-93086,Arthur Wiediger,Home Office,Morocco,Africa,North Africa,OFF-AR-3499,Office Supplies,Art,"Binney & Smith Sketch Pad, Blue",92.64,2,0,24.06
US-2015-JF15190140-42012,2015-01-08 00:00:00,JF-151901404,Jamie Frazer,Consumer,United States,USCA,Western US,OFF-FA-6129,Office Supplies,Fasteners,Staples,7.89,1,0,3.5504999999999995
IR-2015-CG252060-42005,2015-01-01 00:00:00,CG-252060,Claire Gute,Consumer,Iran,Asia Pacific,Southern Asia,OFF-LA-4660,Office Supplies,Labels,"Hon File Folder Labels, Laser Printer Compatible",34.56,4,0,4.08
CA-2015-JM15250140-42006,2015-01-02 00:00:00,JM-152501402,Janet Martin,Consumer,United States,USCA,Central US,FUR-CH-5424,Furniture,Chairs,Office Star - Contemporary Task Swivel Chair,310.74399999999997,4,0.3,-26.635199999999998
CA-2015-JM15250140-42006,2015-01-02 00:00:00,JM-152501402,Janet Martin,Consumer,United States,USCA,Central US,OFF-ST-5754,Office Supplies,Storage,SAFCO Boltless Steel Shelving,454.56000000000006,5,0.2,-107.95800000000004
CA-2015-JM15250140-42006,2015-01-02 00:00:00,JM-152501402,Janet Martin,Consumer,United States,USCA,Central US,FUR-FU-6232,Furniture,Furnishings,"Tenex Carpeted, Granite-Look or Clear Contemporary Contour Shape Chair Mats",141.42,5,0.6,-187.38150000000002
CA-2015-JM15250140-42006,2015-01-02 00:00:00,JM-152501402,Janet Martin,Consumer,United States,USCA,Central US,OFF-AR-4332,Office Supplies,Art,Fluorescent Highlighters by Dixon,12.736,4,0.2,2.228799999999999
CA-2015-JM15250140-42006,2015-01-02 00:00:00,JM-152501402,Janet Martin,Consumer,United States,USCA,Central US,OFF-BI-5640,Office Supplies,Binders,"Pressboard Covers with Storage Hooks, 9 1/2"" x 11"", Light Blue",13.747999999999998,14,0.8,-22.684200000000004
CA-2015-JM15250140-42006,2015-01-02 00:00:00,JM-152501402,Janet Martin,Consumer,United States,USCA,Central US,OFF-AP-4292,Office Supplies,Appliances,Fellowes Superior 10 Outlet Split Surge Protector,15.223999999999997,2,0.8,-38.82120000000001
CA-2015-JM15250140-42006,2015-01-02 00:00:00,JM-152501402,Janet Martin,Consumer,United States,USCA,Central US,OFF-BI-4348,Office Supplies,Binders,GBC Instant Report Kit,6.469999999999998,5,0.8,-9.705000000000002
IN-2015-SJ202157-42007,2015-01-03 00:00:00,SJ-202157,Sarah Jordon,Consumer,Australia,Asia Pacific,Oceania,OFF-AR-3457,Office Supplies,Art,"BIC Markers, Easy-Erase",216.27000000000004,9,0.1,28.619999999999994
SF-2015-LS6975117-42021,2015-01-17 00:00:00,LS-6975117,Lindsay Shagiari,Home Office,South Africa,Africa,Southern Africa,OFF-AR-5911,Office Supplies,Art,"Sanford Highlighters, Easy-Erase",128.16,8,0,5.04
IN-2015-TM2149058-42026,2015-01-22 00:00:00,TM-2149058,Tony Molinari,Consumer,India,Asia Pacific,Southern Asia,TEC-AC-4178,Technology,Accessories,"Enermax Numeric Keypad, Bluetooth",171.99,3,0,6.840000000000001
IT-2015-DO13645139-42026,2015-01-22 00:00:00,DO-13645139,Doug O'Connell,Consumer,United Kingdom,Europe,Northern Europe,OFF-ST-6023,Office Supplies,Storage,"Smead Box, Blue",75.39,7,0,0
IS-2015-MH778563-42010,2015-01-06 00:00:00,MH-778563,Maya Herman,Corporate,Israel,Asia Pacific,Western Asia,OFF-BI-4815,Office Supplies,Binders,"Ibico Binding Machine, Clear",50.88,1,0,23.4
ID-2015-PK1907592-42033,2015-01-29 00:00:00,PK-1907592,Pete Kriz,Consumer,New Zealand,Asia Pacific,Oceania,FUR-CH-5750,Furniture,Chairs,"SAFCO Bag Chairs, Adjustable",62.31599999999999,2,0.4,-24.983999999999998
ES-2015-RA1928548-42018,2015-01-14 00:00:00,RA-1928548,Ralph Arnett,Consumer,Germany,Europe,Western Europe,TEC-AC-5195,Technology,Accessories,"Memorex Flash Drive, Programmable",92.7,3,0,30.509999999999998
CG-2015-MS783033-42013,2015-01-09 00:00:00,MS-783033,Melanie Seite,Consumer,Democratic Republic of the Congo,Africa,Central Africa,TEC-MA-6137,Technology,Machines,"StarTech Card Printer, Red",160.65,1,0,17.669999999999998
ES-2015-PO18865139-42018,2015-01-14 00:00:00,PO-18865139,Patrick O'Donnell,Consumer,United Kingdom,Europe,Northern Europe,OFF-FA-6202,Office Supplies,Fasteners,"Stockwell Staples, Assorted Sizes",39.300000000000004,5,0,14.1
ES-2015-LR1691564-42034,2015-01-30 00:00:00,LR-1691564,Lena Radford,Consumer,Italy,Europe,Southern Europe,TEC-MA-5500,Technology,Machines,"Okidata Card Printer, Wireless",210.99599999999998,2,0.4,-123.08399999999999
IT-2015-NC1853564-42019,2015-01-15 00:00:00,NC-1853564,Nick Crebassa,Corporate,Italy,Europe,Southern Europe,TEC-PH-3793,Technology,Phones,"Cisco Headset, with Caller ID",106.128,2,0.4,-0.012000000000000455
AO-2015-SK99904-42017,2015-01-13 00:00:00,SK-99904,Sally Knutson,Consumer,Angola,Africa,Central Africa,OFF-ST-6060,Office Supplies,Storage,"Smead Shelving, Wire Frame",96,2,0,44.160000000000004
ES-2015-AH10075139-42010,2015-01-06 00:00:00,AH-10075139,Adam Hart,Corporate,United Kingdom,Europe,Northern Europe,OFF-PA-4477,Office Supplies,Paper,"Green Bar Message Books, Recycled",71.1,3,0,25.56
ES-2015-EB1417064-42012,2015-01-08 00:00:00,EB-1417064,Evan Bailliet,Consumer,Italy,Europe,Southern Europe,OFF-LA-4541,Office Supplies,Labels,"Harbour Creations Removable Labels, 5000 Label Set",31.050000000000004,3,0,11.16
MX-2015-RH1960082-42013,2015-01-09 00:00:00,RH-1960082,Rob Haberlin,Consumer,Mexico,LATAM,Central America,FUR-CH-5802,Furniture,Chairs,"SAFCO Steel Folding Chair, Red",137.13600000000002,3,0.2,23.97599999999999
MX-2015-SW2075582-42013,2015-01-09 00:00:00,SW-2075582,Steven Ward,Corporate,Mexico,LATAM,Central America,FUR-BO-4859,Furniture,Bookcases,"Ikea Floating Shelf Set, Traditional",181.696,2,0.2,18.136000000000003
IN-2015-ME177257-42015,2015-01-11 00:00:00,ME-177257,Max Engle,Consumer,Australia,Asia Pacific,Oceania,OFF-PA-4474,Office Supplies,Paper,"Green Bar Message Books, 8.5 x 11",67.032,4,0.4,-32.448
ES-2015-TG2131048-42018,2015-01-14 00:00:00,TG-2131048,Toby Gnade,Consumer,Germany,Europe,Western Europe,OFF-ST-4296,Office Supplies,Storage,"Fellowes Trays, Wire Frame",180.67200000000003,4,0.2,11.232
IN-2015-TS2120527-42033,2015-01-29 00:00:00,TS-2120527,Thomas Seio,Corporate,China,Asia Pacific,Eastern Asia,OFF-BI-3734,Office Supplies,Binders,"Cardinal Hole Reinforcements, Durable",20.520000000000003,3,0,6.75
ID-2015-JE15715118-42031,2015-01-27 00:00:00,JE-15715118,Joe Elijah,Consumer,South Korea,Asia Pacific,Eastern Asia,OFF-EN-3675,Office Supplies,Envelopes,"Cameo Peel and Seal, Set of 50",84,8,0.5,-35.28
ES-2015-PF1916548-42025,2015-01-21 00:00:00,PF-1916548,Philip Fox,Consumer,Germany,Europe,Western Europe,OFF-LA-5392,Office Supplies,Labels,"Novimex Removable Labels, Adjustable",61.56,6,0,6.12
AG-2015-PO88653-42017,2015-01-13 00:00:00,PO-88653,Patrick O'Donnell,Consumer,Algeria,Africa,North Africa,OFF-SU-4982,Office Supplies,Supplies,"Kleencut Ruler, High Speed",27.119999999999997,2,0,5.9399999999999995
IN-2015-SE20110113-42026,2015-01-22 00:00:00,SE-20110113,Sanjit Engle,Consumer,Singapore,Asia Pacific,Southeastern Asia,OFF-AR-3466,Office Supplies,Art,"BIC Pens, Fluorescent",31.08,2,0,9
CG-2015-EN378033-42005,2015-01-01 00:00:00,EN-378033,Edward Nazzal,Consumer,Democratic Republic of the Congo,Africa,Central Africa,OFF-SU-4996,Office Supplies,Supplies,"Kleencut Trimmer, Steel",40.83,1,0,6.51
IT-2015-EB1397591-42012,2015-01-08 00:00:00,EB-1397591,Erica Bern,Corporate,Netherlands,Europe,Western Europe,TEC-AC-5102,Technology,Accessories,"Logitech Flash Drive, USB",61.43999999999999,4,0.5,-24.599999999999994
TU-2015-MG7695134-42034,2015-01-30 00:00:00,MG-7695134,Maureen Gnade,Consumer,Turkey,Asia Pacific,Western Asia,OFF-ST-6048,Office Supplies,Storage,"Smead Lockers, Single Width",158.76,2,0.6,-59.579999999999984
US-2015-JF15490140-42025,2015-01-21 00:00:00,JF-154901406,Jeremy Farry,Consumer,United States,USCA,Eastern US,OFF-AR-5304,Office Supplies,Art,Newell 326,3.52,2,0,1.0208
IR-2015-CS186060-42022,2015-01-18 00:00:00,CS-186060,Cari Schnelling,Consumer,Iran,Asia Pacific,Southern Asia,OFF-PA-5854,Office Supplies,Paper,"SanDisk Computer Printout Paper, Recycled",29.700000000000003,1,0,13.350000000000001
MX-2015-VT2170018-42012,2015-01-08 00:00:00,VT-2170018,Valerie Takahito,Home Office,Brazil,LATAM,South America,TEC-PH-3153,Technology,Phones,"Apple Speaker Phone, with Caller ID",164.4,2,0,6.56
IN-2015-DJ135107-42007,2015-01-03 00:00:00,DJ-135107,Don Jones,Corporate,Australia,Asia Pacific,Oceania,OFF-AP-4496,Office Supplies,Appliances,"Hamilton Beach Coffee Grinder, White",73.44,2,0.1,2.4000000000000004
TU-2015-SW10350134-42024,2015-01-20 00:00:00,SW-10350134,Sean Wendt,Home Office,Turkey,Asia Pacific,Western Asia,FUR-CH-4702,Furniture,Chairs,"Hon Swivel Stool, Black",64.48800000000001,1,0.6,-51.612000000000016
IN-2015-MG1789097-42022,2015-01-18 00:00:00,MG-1789097,Michael Granlund,Home Office,Pakistan,Asia Pacific,Southern Asia,OFF-PA-4004,Office Supplies,Paper,"Eaton Note Cards, Premium",41.985,3,0.5,-0.045000000000001705
IT-2015-TB2128048-42014,2015-01-10 00:00:00,TB-2128048,Toby Braunhardt,Consumer,Germany,Europe,Western Europe,OFF-AR-3498,Office Supplies,Art,"Binney & Smith Pens, Water Color",75.60000000000001,5,0,27.15
MX-2015-RM1975082-42034,2015-01-30 00:00:00,RM-1975082,Roland Murray,Consumer,Mexico,LATAM,Central America,OFF-ST-6272,Office Supplies,Storage,"Tenex Shelving, Blue",109.31999999999998,3,0,13.080000000000002
ES-2015-MG1769564-42018,2015-01-14 00:00:00,MG-1769564,Maureen Gnade,Consumer,Italy,Europe,Southern Europe,OFF-BI-3737,Office Supplies,Binders,"Cardinal Index Tab, Clear",29.04,4,0,10.08
ES-2015-GH1442596-42020,2015-01-16 00:00:00,GH-1442596,Gary Hwang,Consumer,Norway,Europe,Northern Europe,OFF-AR-5903,Office Supplies,Art,"Sanford Canvas, Easy-Erase",101.58,2,0,13.200000000000001
ES-2015-TT2107045-42012,2015-01-08 00:00:00,TT-2107045,Ted Trevino,Consumer,France,Europe,Western Europe,OFF-BI-6377,Office Supplies,Binders,"Wilson Jones Binder Covers, Recycled",57.74999999999999,5,0,13.8
ES-2015-TN21040139-42020,2015-01-16 00:00:00,TN-21040139,Tanja Norvell,Home Office,United Kingdom,Europe,Northern Europe,OFF-AR-5932,Office Supplies,Art,"Sanford Sketch Pad, Fluorescent",93.48,2,0,43.92
IN-2015-ML1775511-42007,2015-01-03 00:00:00,ML-1775511,Max Ludwig,Home Office,Bangladesh,Asia Pacific,Southern Asia,OFF-BI-4826,Office Supplies,Binders,"Ibico Hole Reinforcements, Recycled",58.800000000000004,8,0,21.12
ES-2015-RB19795139-42019,2015-01-15 00:00:00,RB-19795139,Ross Baird,Home Office,United Kingdom,Europe,Northern Europe,OFF-SU-4303,Office Supplies,Supplies,"Fiskars Box Cutter, Easy Grip",74.28,2,0,33.42
AG-2015-CA23103-42033,2015-01-29 00:00:00,CA-23103,Christine Abelman,Corporate,Algeria,Africa,North Africa,OFF-ST-5689,Office Supplies,Storage,"Rogers Box, Wire Frame",92.16,4,0,11.040000000000001
IN-2015-DB1340527-42022,2015-01-18 00:00:00,DB-1340527,Denny Blanton,Consumer,China,Asia Pacific,Eastern Asia,OFF-SU-2985,Office Supplies,Supplies,"Acme Ruler, High Speed",116.97,7,0,4.62
MX-2015-NW1840098-42035,2015-01-31 00:00:00,NW-1840098,Natalie Webber,Consumer,Panama,LATAM,Central America,FUR-CH-5373,Furniture,Chairs,"Novimex Chairmat, Set of Two",46.87200000000001,2,0.4,4.671999999999997
ES-2015-MG1769564-42018,2015-01-14 00:00:00,MG-1769564,Maureen Gnade,Consumer,Italy,Europe,Southern Europe,OFF-ST-6283,Office Supplies,Storage,"Tenex Trays, Single Width",32.544,1,0.4,-1.0859999999999985
IN-2015-DK1337527-42021,2015-01-17 00:00:00,DK-1337527,Dennis Kane,Consumer,China,Asia Pacific,Eastern Asia,OFF-LA-5374,Office Supplies,Labels,"Novimex Color Coded Labels, 5000 Label Set",76.85999999999999,6,0,17.64
ES-2015-GZ1447045-42017,2015-01-13 00:00:00,GZ-1447045,Gary Zandusky,Consumer,France,Europe,Western Europe,OFF-AR-5923,Office Supplies,Art,"Sanford Pencil Sharpener, Water Color",87.03,3,0,9.540000000000001
MX-2015-RC1982528-42021,2015-01-17 00:00:00,RC-1982528,Roy Collins,Consumer,Colombia,LATAM,South America,FUR-FU-3065,Furniture,Furnishings,"Advantus Stacking Tray, Black",123.33999999999999,7,0,61.6
IN-2015-JJ1544558-42020,2015-01-16 00:00:00,JJ-1544558,Jennifer Jackson,Consumer,India,Asia Pacific,Southern Asia,OFF-EN-3099,Office Supplies,Envelopes,"Ames Interoffice Envelope, with clear poly window",145.98,3,0,7.290000000000001
MX-2015-BP1105039-42020,2015-01-16 00:00:00,BP-1105039,Barry Pond,Corporate,El Salvador,LATAM,Central America,OFF-EN-3110,Office Supplies,Envelopes,"Ames Peel and Seal, Set of 50",37.379999999999995,3,0,0.36
ID-2015-BT11305102-42013,2015-01-09 00:00:00,BT-11305102,Beth Thompson,Home Office,Philippines,Asia Pacific,Southeastern Asia,FUR-FU-6270,Furniture,Furnishings,"Tenex Photo Frame, Durable",73.30499999999999,2,0.25,16.605
ID-2015-MM18055102-42024,2015-01-20 00:00:00,MM-18055102,Michelle Moray,Consumer,Philippines,Asia Pacific,Southeastern Asia,OFF-FA-2942,Office Supplies,Fasteners,"Accos Clamps, Bulk Pack",42.63600000000001,4,0.45,-14.004000000000008
CA-2015-JH15820140-42032,2015-01-28 00:00:00,JH-158201406,John Huston,Consumer,United States,USCA,Eastern US,TEC-PH-4900,Technology,Phones,JBL Micro Wireless Portable Bluetooth Speaker,107.982,3,0.4,-26.995499999999993
IN-2015-MG1769527-42021,2015-01-17 00:00:00,MG-1769527,Maureen Gnade,Consumer,China,Asia Pacific,Eastern Asia,OFF-LA-5393,Office Supplies,Labels,"Novimex Removable Labels, Laser Printer Compatible",87.21,9,0,43.47
CA-2015-JH15820140-42032,2015-01-28 00:00:00,JH-158201406,John Huston,Consumer,United States,USCA,Eastern US,TEC-AC-3125,Technology,Accessories,Anker Ultrathin Bluetooth Wireless Keyboard Aluminum Cover with Stand ,71.976,3,0.2,-8.997000000000003
CA-2015-JH15820140-42032,2015-01-28 00:00:00,JH-158201406,John Huston,Consumer,United States,USCA,Eastern US,OFF-AR-5289,Office Supplies,Art,Newell 312,14.015999999999998,3,0.2,1.7519999999999998
MX-2015-RM1975082-42034,2015-01-30 00:00:00,RM-1975082,Roland Murray,Consumer,Mexico,LATAM,Central America,FUR-FU-5718,Furniture,Furnishings,"Rubbermaid Clock, Black",80.256,4,0.4,12.015999999999996
ES-2015-BN1147064-42005,2015-01-01 00:00:00,BN-1147064,Brad Norvell,Corporate,Italy,Europe,Southern Europe,OFF-ST-4295,Office Supplies,Storage,"Fellowes Trays, Single Width",137.808,4,0.4,22.96799999999999
EG-2015-LS694538-42024,2015-01-20 00:00:00,LS-694538,Linda Southworth,Corporate,Egypt,Africa,North Africa,OFF-BI-6380,Office Supplies,Binders,"Wilson Jones Binder, Economy",52.08,4,0,16.080000000000002
IZ-2015-TS1108561-42035,2015-01-31 00:00:00,TS-1108561,Thais Sissman,Consumer,Iraq,Asia Pacific,Western Asia,OFF-AR-6111,Office Supplies,Art,"Stanley Highlighters, Easy-Erase",89.82000000000001,6,0,32.22
IN-2015-RF1934527-42007,2015-01-03 00:00:00,RF-1934527,Randy Ferguson,Corporate,China,Asia Pacific,Eastern Asia,OFF-SU-4315,Office Supplies,Supplies,"Fiskars Scissors, Easy Grip",49.56,2,0,14.34
IN-2015-GM1468027-42005,2015-01-01 00:00:00,GM-1468027,Greg Matthias,Consumer,China,Asia Pacific,Eastern Asia,OFF-LA-3263,Office Supplies,Labels,"Avery Color Coded Labels, Laser Printer Compatible",39.87,3,0,8.73
UP-2015-TB11190137-42025,2015-01-21 00:00:00,TB-11190137,Thomas Brumley,Home Office,Ukraine,Europe,Eastern Europe,OFF-ST-5697,Office Supplies,Storage,"Rogers Folders, Wire Frame",59.51999999999999,2,0,6.540000000000001
ES-2015-LC16930139-42031,2015-01-27 00:00:00,LC-16930139,Linda Cazamias,Corporate,United Kingdom,Europe,Northern Europe,OFF-EN-5022,Office Supplies,Envelopes,"Kraft Business Envelopes, Recycled",109.72800000000001,8,0.1,24.288000000000004
TU-2015-TT11220134-42026,2015-01-22 00:00:00,TT-11220134,Thomas Thornton,Consumer,Turkey,Asia Pacific,Western Asia,FUR-CH-4697,Furniture,Chairs,"Hon Steel Folding Chair, Adjustable",67.128,2,0.6,-70.512
IN-2015-EM1381058-42018,2015-01-14 00:00:00,EM-1381058,Eleni McCrary,Corporate,India,Asia Pacific,Southern Asia,OFF-FA-5468,Office Supplies,Fasteners,"OIC Paper Clips, Assorted Sizes",59.39999999999999,5,0,24.3
ES-2015-CM1216045-42010,2015-01-06 00:00:00,CM-1216045,Charles McCrossin,Consumer,France,Europe,Western Europe,OFF-AR-3552,Office Supplies,Art,"Boston Sketch Pad, Blue",97.19999999999999,2,0,41.76
MX-2015-CW1190582-42010,2015-01-06 00:00:00,CW-1190582,Carl Weiss,Home Office,Mexico,LATAM,Central America,OFF-SU-6179,Office Supplies,Supplies,"Stiletto Shears, Steel",31.660000000000004,1,0,7.279999999999999
IR-2015-CM183060-42010,2015-01-06 00:00:00,CM-183060,Cari MacIntyre,Corporate,Iran,Asia Pacific,Southern Asia,OFF-BI-3713,Office Supplies,Binders,"Cardinal 3-Hole Punch, Durable",30.299999999999997,1,0,13.919999999999998
IN-2015-MH1744027-42025,2015-01-21 00:00:00,MH-1744027,Mark Haberlin,Corporate,China,Asia Pacific,Eastern Asia,OFF-AR-5933,Office Supplies,Art,"Sanford Sketch Pad, Water Color",97.32,2,0,21.36
MX-2015-SK1999051-42020,2015-01-16 00:00:00,SK-1999051,Sally Knutson,Consumer,Guatemala,LATAM,Central America,OFF-EN-4441,Office Supplies,Envelopes,"GlobeWeis Interoffice Envelope, Set of 50",63.760000000000005,2,0,12.72
IZ-2015-BP115561-42028,2015-01-24 00:00:00,BP-115561,Becky Pak,Consumer,Iraq,Asia Pacific,Western Asia,FUR-FU-3047,Furniture,Furnishings,"Advantus Photo Frame, Black",52.980000000000004,1,0,0.51
ES-2015-PB1880545-42010,2015-01-06 00:00:00,PB-1880545,Patrick Bzostek,Home Office,France,Europe,Western Europe,OFF-BI-4818,Office Supplies,Binders,"Ibico Binding Machine, Recycled",258.9,5,0,46.5
ES-2015-RC1982545-42007,2015-01-03 00:00:00,RC-1982545,Roy Collins,Consumer,France,Europe,Western Europe,OFF-BI-6379,Office Supplies,Binders,"Wilson Jones Binder, Durable",58.08,4,0,2.2800000000000002
MX-2015-TP2141531-42021,2015-01-17 00:00:00,TP-2141531,Tom Prescott,Consumer,Cuba,LATAM,Caribbean,FUR-FU-5741,Furniture,Furnishings,"Rubbermaid Stacking Tray, Erganomic",44.34,3,0,10.62
TU-2015-DK3150134-42024,2015-01-20 00:00:00,DK-3150134,David Kendrick,Corporate,Turkey,Asia Pacific,Western Asia,TEC-MA-4195,Technology,Machines,"Epson Card Printer, White",134.68800000000002,2,0.6,-111.132
TU-2015-RA9285134-42007,2015-01-03 00:00:00,RA-9285134,Ralph Arnett,Consumer,Turkey,Asia Pacific,Western Asia,OFF-AP-3861,Office Supplies,Appliances,"Cuisinart Coffee Grinder, Red",61.776,4,0.6,-24.744
ES-2015-RB19795139-42019,2015-01-15 00:00:00,RB-19795139,Ross Baird,Home Office,United Kingdom,Europe,Northern Europe,FUR-FU-3935,Furniture,Furnishings,"Deflect-O Door Stop, Erganomic",59.598000000000006,2,0.3,-10.242000000000006
ID-2015-KM162257-42018,2015-01-14 00:00:00,KM-162257,Kalyca Meade,Corporate,Australia,Asia Pacific,Oceania,OFF-PA-5850,Office Supplies,Paper,"SanDisk Cards & Envelopes, Recycled",57.995999999999995,2,0.4,-30.024
IN-2015-KD1634558-42029,2015-01-25 00:00:00,KD-1634558,Katherine Ducich,Consumer,India,Asia Pacific,Southern Asia,OFF-BI-6370,Office Supplies,Binders,"Wilson Jones 3-Hole Punch, Durable",88.47,3,0,37.980000000000004
MX-2015-RC1996018-42006,2015-01-02 00:00:00,RC-1996018,Ryan Crowe,Consumer,Brazil,LATAM,South America,TEC-AC-3395,Technology,Accessories,"Belkin Mouse, USB",54.56,2,0,19.64
ES-2015-TS2108545-42033,2015-01-29 00:00:00,TS-2108545,Thais Sissman,Consumer,France,Europe,Western Europe,OFF-ST-4252,Office Supplies,Storage,"Fellowes Box, Single Width",53.217,3,0.1,-2.4030000000000005
AG-2015-JG51603-42028,2015-01-24 00:00:00,JG-51603,James Galang,Consumer,Algeria,Africa,North Africa,FUR-FU-5725,Furniture,Furnishings,"Rubbermaid Door Stop, Durable",40.830000000000005,1,0,5.28
IN-2015-KB1631559-42020,2015-01-16 00:00:00,KB-1631559,Karl Braun,Consumer,Indonesia,Asia Pacific,Southeastern Asia,OFF-BI-3189,Office Supplies,Binders,"Avery 3-Hole Punch, Recycled",93.7236,4,0.17,34.92359999999999
ES-2015-JG1580548-42035,2015-01-31 00:00:00,JG-1580548,John Grady,Corporate,Germany,Europe,Western Europe,OFF-SU-4311,Office Supplies,Supplies,"Fiskars Ruler, Easy Grip",48.14999999999999,3,0,15.84
ID-2015-EM13825102-42019,2015-01-15 00:00:00,EM-13825102,Elizabeth Moffitt,Corporate,Philippines,Asia Pacific,Southeastern Asia,OFF-AR-3469,Office Supplies,Art,"BIC Sketch Pad, Easy-Erase",53.82299999999999,2,0.45,-28.43699999999999
IN-2015-CM12445102-42026,2015-01-22 00:00:00,CM-12445102,Chuck Magee,Consumer,Philippines,Asia Pacific,Southeastern Asia,OFF-BI-3716,Office Supplies,Binders,"Cardinal Binder Covers, Clear",48.705,5,0.15000000000000002,16.604999999999997
MO-2015-MC759086-42033,2015-01-29 00:00:00,MC-759086,Matt Collister,Corporate,Morocco,Africa,North Africa,FUR-FU-3947,Furniture,Furnishings,"Deflect-O Light Bulb, Duo Pack",19.049999999999997,1,0,7.02
ES-2015-LT1711045-42025,2015-01-21 00:00:00,LT-1711045,Liz Thompson,Consumer,France,Europe,Western Europe,OFF-EN-5028,Office Supplies,Envelopes,"Kraft Clasp Envelope, with clear poly window",25.08,2,0,12
ES-2015-RM1937548-42020,2015-01-16 00:00:00,RM-1937548,Raymond Messe,Consumer,Germany,Europe,Western Europe,OFF-BI-6379,Office Supplies,Binders,"Wilson Jones Binder, Durable",145.2,10,0,5.700000000000001
ES-2015-JB1540064-42018,2015-01-14 00:00:00,JB-1540064,Jennifer Braxton,Corporate,Italy,Europe,Southern Europe,OFF-BI-3716,Office Supplies,Binders,"Cardinal Binder Covers, Clear",34.379999999999995,3,0,8.91
NI-2015-JE616595-42014,2015-01-10 00:00:00,JE-616595,Justin Ellison,Corporate,Nigeria,Africa,Western Africa,TEC-PH-5359,Technology,Phones,"Nokia Speaker Phone, VoIP",73.944,2,0.7,-165.15599999999998
IN-2015-MG1789097-42022,2015-01-18 00:00:00,MG-1789097,Michael Granlund,Home Office,Pakistan,Asia Pacific,Southern Asia,OFF-FA-2959,Office Supplies,Fasteners,"Accos Thumb Tacks, 12 Pack",45.885,7,0.5,-34.964999999999996
EG-2015-LS694538-42024,2015-01-20 00:00:00,LS-694538,Linda Southworth,Corporate,Egypt,Africa,North Africa,OFF-PA-4182,Office Supplies,Paper,"Enermax Parchment Paper, Multicolor",16.799999999999997,1,0,5.04
ES-2015-MD1735045-42008,2015-01-04 00:00:00,MD-1735045,Maribeth Dona,Consumer,France,Europe,Western Europe,OFF-SU-4981,Office Supplies,Supplies,"Kleencut Ruler, Easy Grip",45.54,3,0,0.9000000000000001
ES-2015-BF11080120-42035,2015-01-31 00:00:00,BF-11080120,Bart Folk,Consumer,Spain,Europe,Southern Europe,OFF-BI-2897,Office Supplies,Binders,"Acco Binder, Economy",75.75,5,0,10.499999999999998
IN-2015-KC1625578-42007,2015-01-03 00:00:00,KC-1625578,Karen Carlisle,Corporate,Malaysia,Asia Pacific,Southeastern Asia,OFF-BI-3186,Office Supplies,Binders,"Avery 3-Hole Punch, Clear",54.66000000000001,2,0,6
ID-2015-MG1768092-42032,2015-01-28 00:00:00,MG-1768092,Maureen Gastineau,Home Office,New Zealand,Asia Pacific,Oceania,FUR-FU-3956,Furniture,Furnishings,"Deflect-O Stacking Tray, Durable",60.696,4,0.4,-15.263999999999996
IN-2015-CC1261058-42019,2015-01-15 00:00:00,CC-1261058,Corey Catlett,Corporate,India,Asia Pacific,Southern Asia,OFF-LA-5385,Office Supplies,Labels,"Novimex File Folder Labels, Laser Printer Compatible",33,4,0,0.24
CA-2015-KD16495140-42029,2015-01-25 00:00:00,KD-164951404,Keith Dawkins,Corporate,United States,USCA,Western US,OFF-BI-4820,Office Supplies,Binders,Ibico EB-19 Dual Function Manual Binding System,276.78400000000005,2,0.2,89.95479999999999
CA-2015-KD16495140-42029,2015-01-25 00:00:00,KD-164951404,Keith Dawkins,Corporate,United States,USCA,Western US,TEC-PH-4901,Technology,Phones,Jensen SMPS-640 - speaker phone,110.352,3,0.2,8.276399999999995
IN-2015-RA1988527-42034,2015-01-30 00:00:00,RA-1988527,Ruben Ausman,Corporate,China,Asia Pacific,Eastern Asia,OFF-BI-3722,Office Supplies,Binders,"Cardinal Binder, Economy",27.659999999999997,2,0,6.6000000000000005
CA-2015-KD16495140-42029,2015-01-25 00:00:00,KD-164951404,Keith Dawkins,Corporate,United States,USCA,Western US,OFF-AP-2932,Office Supplies,Appliances,"Acco Six-Outlet Power Strip, 4' Cord Length",25.86,3,0,6.7236
ID-2015-EM13825102-42019,2015-01-15 00:00:00,EM-13825102,Elizabeth Moffitt,Corporate,Philippines,Asia Pacific,Southeastern Asia,OFF-ST-6068,Office Supplies,Storage,"Smead Trays, Wire Frame",52.305,2,0.45,-25.695
IN-2015-RF1934527-42007,2015-01-03 00:00:00,RF-1934527,Randy Ferguson,Corporate,China,Asia Pacific,Eastern Asia,OFF-FA-6207,Office Supplies,Fasteners,"Stockwell Thumb Tacks, Bulk Pack",91.98,7,0,40.32
ES-2015-LT1711045-42025,2015-01-21 00:00:00,LT-1711045,Liz Thompson,Consumer,France,Europe,Western Europe,OFF-BI-4826,Office Supplies,Binders,"Ibico Hole Reinforcements, Recycled",44.1,6,0,13.5
AG-2015-PO88653-42017,2015-01-13 00:00:00,PO-88653,Patrick O'Donnell,Consumer,Algeria,Africa,North Africa,OFF-EN-3108,Office Supplies,Envelopes,"Ames Peel and Seal, Recycled",17.490000000000002,1,0,6.12
CA-2015-KL16555140-42005,2015-01-01 00:00:00,KL-165551404,Kelly Lampkin,Corporate,United States,USCA,Western US,OFF-BI-5093,Office Supplies,Binders,Lock-Up Easel 'Spel-Binder',159.768,7,0.2,53.92170000000001
IN-2015-TM2149058-42026,2015-01-22 00:00:00,TM-2149058,Tony Molinari,Consumer,India,Asia Pacific,Southern Asia,OFF-EN-3105,Office Supplies,Envelopes,"Ames Manila Envelope, Security-Tint",81.27000000000001,3,0,36.54
ID-2015-BT11305102-42013,2015-01-09 00:00:00,BT-11305102,Beth Thompson,Home Office,Philippines,Asia Pacific,Southeastern Asia,OFF-FA-5472,Office Supplies,Fasteners,"OIC Push Pins, Assorted Sizes",47.586,7,0.45,1.5959999999999965
ID-2015-AO108107-42027,2015-01-23 00:00:00,AO-108107,Anthony O'Donnell,Corporate,Australia,Asia Pacific,Oceania,OFF-FA-6204,Office Supplies,Fasteners,"Stockwell Staples, Metal",66.339,7,0.1,-5.270999999999999
CA-2015-KL16555140-42005,2015-01-01 00:00:00,KL-165551404,Kelly Lampkin,Corporate,United States,USCA,Western US,OFF-AR-3852,Office Supplies,Art,"Crayola Anti Dust Chalk, 12/Pack",3.64,2,0,1.638
NI-2015-TC1098095-42033,2015-01-29 00:00:00,TC-1098095,Tamara Chand,Corporate,Nigeria,Africa,Western Africa,OFF-BI-4805,Office Supplies,Binders,"Ibico 3-Hole Punch, Economy",18.270000000000003,2,0.7,-12.21
ES-2015-LC16930139-42031,2015-01-27 00:00:00,LC-16930139,Linda Cazamias,Corporate,United Kingdom,Europe,Northern Europe,OFF-AR-3534,Office Supplies,Art,"Boston Highlighters, Water Color",39.69,2,0.1,3.5100000000000007
NI-2015-TC1098095-42033,2015-01-29 00:00:00,TC-1098095,Tamara Chand,Corporate,Nigeria,Africa,Western Africa,FUR-CH-4701,Furniture,Chairs,"Hon Swivel Stool, Adjustable",49.84200000000002,1,0.7,-94.72800000000001
IT-2015-DO13645139-42026,2015-01-22 00:00:00,DO-13645139,Doug O'Connell,Consumer,United Kingdom,Europe,Northern Europe,OFF-SU-4991,Office Supplies,Supplies,"Kleencut Shears, Serrated",86.94,2,0,4.32
SA-2015-RB9705110-42030,2015-01-26 00:00:00,RB-9705110,Roger Barcio,Home Office,Saudi Arabia,Asia Pacific,Western Asia,OFF-EN-5041,Office Supplies,Envelopes,"Kraft Peel and Seal, Recycled",19.29,1,0,1.1400000000000001
MX-2015-BN1147039-42006,2015-01-02 00:00:00,BN-1147039,Brad Norvell,Corporate,El Salvador,LATAM,Central America,TEC-AC-3381,Technology,Accessories,"Belkin Flash Drive, USB",56.19999999999999,2,0,15.16
IN-2015-SC2038027-42008,2015-01-04 00:00:00,SC-2038027,Shahid Collister,Consumer,China,Asia Pacific,Eastern Asia,OFF-BI-6405,Office Supplies,Binders,"Wilson Jones Index Tab, Recycled",20.43,3,0,9.36
IN-2015-TM2149058-42026,2015-01-22 00:00:00,TM-2149058,Tony Molinari,Consumer,India,Asia Pacific,Southern Asia,OFF-AR-3532,Office Supplies,Art,"Boston Highlighters, Easy-Erase",57.41999999999999,3,0,11.43
IT-2015-DO13645139-42026,2015-01-22 00:00:00,DO-13645139,Doug O'Connell,Consumer,United Kingdom,Europe,Northern Europe,OFF-PA-4147,Office Supplies,Paper,"Enermax Computer Printout Paper, 8.5 x 11",65.22,2,0,16.919999999999998
MX-2015-TP2141531-42021,2015-01-17 00:00:00,TP-2141531,Tom Prescott,Consumer,Cuba,LATAM,Caribbean,TEC-PH-5843,Technology,Phones,"Samsung Speaker Phone, Cordless",84.06,1,0,18.48
IN-2015-JJ1544558-42020,2015-01-16 00:00:00,JJ-1544558,Jennifer Jackson,Consumer,India,Asia Pacific,Southern Asia,OFF-LA-4664,Office Supplies,Labels,"Hon Legal Exhibit Labels, Alphabetical",106.8,10,0,35.099999999999994
IR-2015-JO555060-42017,2015-01-13 00:00:00,JO-555060,Jesus Ocampo,Home Office,Iran,Asia Pacific,Southern Asia,TEC-MA-5494,Technology,Machines,"Okidata Calculator, Red",49.44,1,0,14.309999999999999
IT-2015-BD1132091-42032,2015-01-28 00:00:00,BD-1132091,Bill Donatelli,Consumer,Netherlands,Europe,Western Europe,OFF-FA-5463,Office Supplies,Fasteners,"OIC Clamps, Assorted Sizes",51.66,6,0.5,-14.579999999999998
MO-2015-ML739586-42018,2015-01-14 00:00:00,ML-739586,Marina Lichtenstein,Corporate,Morocco,Africa,North Africa,OFF-AR-5922,Office Supplies,Art,"Sanford Pencil Sharpener, Fluorescent",25.83,1,0,9.03
AG-2015-PO88653-42017,2015-01-13 00:00:00,PO-88653,Patrick O'Donnell,Consumer,Algeria,Africa,North Africa,OFF-BI-2900,Office Supplies,Binders,"Acco Binding Machine, Durable",105.18,2,0,25.200000000000003
AG-2015-SB101703-42026,2015-01-22 00:00:00,SB-101703,Sarah Bern,Consumer,Algeria,Africa,North Africa,OFF-AR-3493,Office Supplies,Art,"Binney & Smith Pencil Sharpener, Fluorescent",26.67,1,0,1.0499999999999998
ES-2015-RK1930048-42024,2015-01-20 00:00:00,RK-1930048,Ralph Kennedy,Consumer,Germany,Europe,Western Europe,OFF-BI-3186,Office Supplies,Binders,"Avery 3-Hole Punch, Clear",27.330000000000005,1,0,3.54
ES-2015-MD17860139-42031,2015-01-27 00:00:00,MD-17860139,Michael Dominguez,Corporate,United Kingdom,Europe,Northern Europe,OFF-FA-6194,Office Supplies,Fasteners,"Stockwell Push Pins, Assorted Sizes",35.46,3,0,11.700000000000001
MX-2015-CS1250582-42035,2015-01-31 00:00:00,CS-1250582,Cindy Stewart,Consumer,Mexico,LATAM,Central America,OFF-FA-3053,Office Supplies,Fasteners,"Advantus Push Pins, 12 Pack",27.720000000000006,3,0,8.819999999999999
IT-2015-BD1132091-42032,2015-01-28 00:00:00,BD-1132091,Bill Donatelli,Consumer,Netherlands,Europe,Western Europe,OFF-BI-4815,Office Supplies,Binders,"Ibico Binding Machine, Clear",76.32000000000001,3,0.5,-6.120000000000019
IN-2015-ME177257-42015,2015-01-11 00:00:00,ME-177257,Max Engle,Consumer,Australia,Asia Pacific,Oceania,FUR-CH-5369,Furniture,Chairs,"Novimex Bag Chairs, Set of Two",57.852,2,0.4,-6.768000000000008
IN-2015-GR145607-42026,2015-01-22 00:00:00,GR-145607,Georgia Rosenberg,Corporate,Australia,Asia Pacific,Oceania,OFF-AR-3465,Office Supplies,Art,"BIC Pens, Easy-Erase",39.285,3,0.1,5.175000000000001
CA-2015-LS16945140-42017,2015-01-13 00:00:00,LS-169451404,Linda Southworth,Corporate,United States,USCA,Western US,OFF-FA-6129,Office Supplies,Fasteners,Staples,9.78,1,0,4.89
ES-2015-HR1483064-42013,2015-01-09 00:00:00,HR-1483064,Harold Ryan,Corporate,Italy,Europe,Southern Europe,TEC-MA-4201,Technology,Machines,"Epson Phone, Durable",145.96199999999996,3,0.4,-63.288
ES-2015-RD19585120-42007,2015-01-03 00:00:00,RD-19585120,Rob Dowd,Consumer,Spain,Europe,Southern Europe,OFF-EN-5040,Office Supplies,Envelopes,"Kraft Manila Envelope, with clear poly window",30.03,1,0,14.700000000000001
IN-2015-SC2038027-42008,2015-01-04 00:00:00,SC-2038027,Shahid Collister,Consumer,China,Asia Pacific,Eastern Asia,TEC-AC-5129,Technology,Accessories,"Logitech Mouse, USB",29.490000000000002,1,0,6.48
NI-2015-SC1080095-42010,2015-01-06 00:00:00,SC-1080095,Stuart Calhoun,Consumer,Nigeria,Africa,Western Africa,FUR-FU-3930,Furniture,Furnishings,"Deflect-O Clock, Durable",56.80800000000001,4,0.7,-72.07199999999999
IN-2015-KD1634558-42029,2015-01-25 00:00:00,KD-1634558,Katherine Ducich,Consumer,India,Asia Pacific,Southern Asia,OFF-AR-6127,Office Supplies,Art,"Stanley Sketch Pad, Fluorescent",45.69,1,0,18.72
IZ-2015-JL550561-42028,2015-01-24 00:00:00,JL-550561,Jeremy Lonsdale,Consumer,Iraq,Asia Pacific,Western Asia,OFF-AR-6126,Office Supplies,Art,"Stanley Sketch Pad, Easy-Erase",44.7,1,0,8.49
ES-2015-CA1231045-42018,2015-01-14 00:00:00,CA-1231045,Christine Abelman,Corporate,France,Europe,Western Europe,TEC-MA-5508,Technology,Machines,"Okidata Phone, White",72.47099999999999,1,0.15,-11.948999999999998
TU-2015-HR4830134-42022,2015-01-18 00:00:00,HR-4830134,Harold Ryan,Corporate,Turkey,Asia Pacific,Western Asia,TEC-AC-5872,Technology,Accessories,"SanDisk Memory Card, Bluetooth",44.964,1,0.6,-52.836
IS-2015-AC61563-42032,2015-01-28 00:00:00,AC-61563,Ann Chong,Corporate,Israel,Asia Pacific,Western Asia,OFF-BI-3718,Office Supplies,Binders,"Cardinal Binder Covers, Economy",12,1,0,0.48
IN-2015-JJ1544558-42020,2015-01-16 00:00:00,JJ-1544558,Jennifer Jackson,Consumer,India,Asia Pacific,Southern Asia,OFF-LA-4539,Office Supplies,Labels,"Harbour Creations Legal Exhibit Labels, Alphabetical",32.31,3,0,12.599999999999998
CA-2015-LP17095140-42035,2015-01-31 00:00:00,LP-170951402,Liz Preis,Consumer,United States,USCA,Central US,TEC-PH-5821,Technology,Phones,Samsung Galaxy S4,2003.1680000000001,4,0.2,250.39599999999984
CA-2015-LP17095140-42035,2015-01-31 00:00:00,LP-170951402,Liz Preis,Consumer,United States,USCA,Central US,FUR-TA-3333,Furniture,Tables,Balt Split Level Computer Training Table,69.375,1,0.5,-47.175
CA-2015-LP17095140-42035,2015-01-31 00:00:00,LP-170951402,Liz Preis,Consumer,United States,USCA,Central US,OFF-SU-2999,Office Supplies,Supplies,Acme Tagit Stainless Steel Antibacterial Scissors,31.680000000000003,4,0.2,2.7719999999999994
PL-2015-CR2820103-42013,2015-01-09 00:00:00,CR-2820103,Cyra Reiten,Home Office,Poland,Europe,Eastern Europe,TEC-AC-5218,Technology,Accessories,"Memorex Mouse, Programmable",29.67,1,0,2.07
CA-2015-LP17095140-42035,2015-01-31 00:00:00,LP-170951402,Liz Preis,Consumer,United States,USCA,Central US,OFF-AR-5653,Office Supplies,Art,"Quartet Omega Colored Chalk, 12/Pack",9.344,2,0.2,3.1535999999999995
IT-2015-EB1397591-42012,2015-01-08 00:00:00,EB-1397591,Erica Bern,Corporate,Netherlands,Europe,Western Europe,FUR-FU-6278,Furniture,Furnishings,"Tenex Stacking Tray, Erganomic",38.160000000000004,2,0.2,-6.24
IT-2015-BD1132091-42032,2015-01-28 00:00:00,BD-1132091,Bill Donatelli,Consumer,Netherlands,Europe,Western Europe,OFF-PA-3988,Office Supplies,Paper,"Eaton Cards & Envelopes, Premium",45.18,2,0.5,-18.12
NI-2015-TC1098095-42033,2015-01-29 00:00:00,TC-1098095,Tamara Chand,Corporate,Nigeria,Africa,Western Africa,FUR-CH-4633,Furniture,Chairs,"Hon Chairmat, Set of Two",17.334000000000003,1,0.7,-27.755999999999997
ID-2015-BT11305102-42013,2015-01-09 00:00:00,BT-11305102,Beth Thompson,Home Office,Philippines,Asia Pacific,Southeastern Asia,OFF-AR-3538,Office Supplies,Art,"Boston Markers, Easy-Erase",58.608000000000004,4,0.45,-40.51200000000001
IN-2015-RA1988527-42034,2015-01-30 00:00:00,RA-1988527,Ruben Ausman,Corporate,China,Asia Pacific,Eastern Asia,OFF-LA-4555,Office Supplies,Labels,"Harbour Creations Shipping Labels, Laser Printer Compatible",22.919999999999998,2,0,8.7
ES-2015-RD19585120-42007,2015-01-03 00:00:00,RD-19585120,Rob Dowd,Consumer,Spain,Europe,Southern Europe,OFF-BI-4807,Office Supplies,Binders,"Ibico Binder Covers, Clear",52.44,4,0,3.5999999999999996
MX-2015-CR1258039-42032,2015-01-28 00:00:00,CR-1258039,Clay Rozendal,Home Office,El Salvador,LATAM,Central America,FUR-CH-4626,Furniture,Chairs,"Hon Bag Chairs, Adjustable",31.76,1,0,7.3
IN-2015-RA1988527-42034,2015-01-30 00:00:00,RA-1988527,Ruben Ausman,Corporate,China,Asia Pacific,Eastern Asia,OFF-BI-2891,Office Supplies,Binders,"Acco Binder Covers, Clear",89.46,7,0,0
MO-2015-CM219086-42024,2015-01-20 00:00:00,CM-219086,Charlotte Melton,Consumer,Morocco,Africa,North Africa,OFF-AR-3526,Office Supplies,Art,"Boston Canvas, Easy-Erase",53.91,1,0,12.39
IN-2015-KB1631559-42020,2015-01-16 00:00:00,KB-1631559,Karl Braun,Consumer,Indonesia,Asia Pacific,Southeastern Asia,OFF-AR-3467,Office Supplies,Art,"BIC Pens, Water Color",50.983200000000004,4,0.27,-1.4568000000000048
IR-2015-SH997560-42018,2015-01-14 00:00:00,SH-997560,Sally Hughsby,Corporate,Iran,Asia Pacific,Southern Asia,OFF-EN-3654,Office Supplies,Envelopes,"Cameo Business Envelopes, Recycled",19.35,1,0,2.0999999999999996
MO-2015-MC759086-42033,2015-01-29 00:00:00,MC-759086,Matt Collister,Corporate,Morocco,Africa,North Africa,OFF-AR-6111,Office Supplies,Art,"Stanley Highlighters, Easy-Erase",14.97,1,0,5.37
IT-2015-CA1277545-42022,2015-01-18 00:00:00,CA-1277545,Cynthia Arntzen,Consumer,France,Europe,Western Europe,OFF-EN-4921,Office Supplies,Envelopes,"Jiffy Manila Envelope, with clear poly window",29.549999999999997,1,0,0.27
IN-2015-EH137657-42008,2015-01-04 00:00:00,EH-137657,Edward Hooks,Corporate,Australia,Asia Pacific,Oceania,OFF-BI-3248,Office Supplies,Binders,"Avery Binder Covers, Economy",29.889000000000003,3,0.1,10.269
MX-2015-RC1996018-42006,2015-01-02 00:00:00,RC-1996018,Ryan Crowe,Consumer,Brazil,LATAM,South America,OFF-AR-3548,Office Supplies,Art,"Boston Pens, Fluorescent",30.96,3,0,11.760000000000002
TU-2015-CA2265134-42013,2015-01-09 00:00:00,CA-2265134,Christina Anderson,Consumer,Turkey,Asia Pacific,Western Asia,FUR-CH-5759,Furniture,Chairs,"SAFCO Chairmat, Set of Two",24.828000000000003,1,0.6,-13.662000000000003
US-2015-DK1309098-42010,2015-01-06 00:00:00,DK-1309098,Dave Kipp,Consumer,Panama,LATAM,Central America,OFF-FA-6194,Office Supplies,Fasteners,"Stockwell Push Pins, Assorted Sizes",18.288,4,0.4,-3.0720000000000027
ID-2015-BB115457-42022,2015-01-18 00:00:00,BB-115457,Brenda Bowman,Corporate,Australia,Asia Pacific,Oceania,OFF-PA-4483,Office Supplies,Paper,"Green Bar Parchment Paper, Premium",30.023999999999997,3,0.4,-15.516000000000002
IN-2015-KD1634558-42029,2015-01-25 00:00:00,KD-1634558,Katherine Ducich,Consumer,India,Asia Pacific,Southern Asia,OFF-BI-3714,Office Supplies,Binders,"Cardinal 3-Hole Punch, Economy",28.799999999999997,1,0,4.32
IR-2015-JO555060-42017,2015-01-13 00:00:00,JO-555060,Jesus Ocampo,Home Office,Iran,Asia Pacific,Southern Asia,OFF-BI-3291,Office Supplies,Binders,"Avery Hole Reinforcements, Economy",61.74,14,0,0
IN-2015-CM123857-42020,2015-01-16 00:00:00,CM-123857,Christopher Martinez,Consumer,Australia,Asia Pacific,Oceania,OFF-EN-3111,Office Supplies,Envelopes,"Ames Peel and Seal, with clear poly window",40.014,2,0.1,7.073999999999999
CA-2015-ML17410140-42025,2015-01-21 00:00:00,ML-174101402,Maris LaWare,Consumer,United States,USCA,Central US,OFF-LA-3270,Office Supplies,Labels,Avery File Folder Labels,11.52,5,0.2,4.176
TU-2015-MG7695134-42034,2015-01-30 00:00:00,MG-7695134,Maureen Gnade,Consumer,Turkey,Asia Pacific,Western Asia,OFF-AR-6106,Office Supplies,Art,"Stanley Canvas, Easy-Erase",39.792,2,0.6,-35.86799999999999
IN-2015-MS1798092-42014,2015-01-10 00:00:00,MS-1798092,Michael Stewart,Corporate,New Zealand,Asia Pacific,Oceania,OFF-SU-4120,Office Supplies,Supplies,"Elite Letter Opener, Easy Grip",27.299999999999997,1,0,6.8100000000000005
GH-2015-JK562549-42019,2015-01-15 00:00:00,JK-562549,Jim Karlsson,Consumer,Ghana,Africa,Western Africa,OFF-AR-6120,Office Supplies,Art,"Stanley Pencil Sharpener, Water Color",27.96,1,0,1.1099999999999999
ID-2015-AA10315102-42011,2015-01-07 00:00:00,AA-10315102,Alex Avila,Consumer,Philippines,Asia Pacific,Southeastern Asia,OFF-LA-4660,Office Supplies,Labels,"Hon File Folder Labels, Laser Printer Compatible",23.760000000000005,5,0.45,-10.440000000000001
IN-2015-SC20380144-42025,2015-01-21 00:00:00,SC-20380144,Shahid Collister,Consumer,Vietnam,Asia Pacific,Southeastern Asia,OFF-PA-3996,Office Supplies,Paper,"Eaton Memo Slips, Premium",34.212599999999995,3,0.17,11.532599999999999
ES-2015-BW11110139-42031,2015-01-27 00:00:00,BW-11110139,Bart Watters,Corporate,United Kingdom,Europe,Northern Europe,OFF-FA-2955,Office Supplies,Fasteners,"Accos Staples, 12 Pack",37.367999999999995,4,0.1,4.488
IN-2015-EM1381058-42018,2015-01-14 00:00:00,EM-1381058,Eleni McCrary,Corporate,India,Asia Pacific,Southern Asia,OFF-AR-5924,Office Supplies,Art,"Sanford Pens, Blue",33.300000000000004,3,0,5.9399999999999995
ES-2015-TG2131045-42025,2015-01-21 00:00:00,TG-2131045,Toby Gnade,Consumer,France,Europe,Western Europe,FUR-CH-5372,Furniture,Chairs,"Novimex Chairmat, Red",101.412,2,0.1,22.512
ES-2015-BN1147064-42005,2015-01-01 00:00:00,BN-1147064,Brad Norvell,Corporate,Italy,Europe,Southern Europe,OFF-SU-4135,Office Supplies,Supplies,"Elite Trimmer, Easy Grip",43.29,1,0,20.34
AG-2015-JE54753-42005,2015-01-01 00:00:00,JE-54753,Jeremy Ellison,Consumer,Algeria,Africa,North Africa,OFF-EN-3654,Office Supplies,Envelopes,"Cameo Business Envelopes, Recycled",19.35,1,0,2.0999999999999996
ID-2015-RH194957-42016,2015-01-12 00:00:00,RH-194957,Rick Hansen,Consumer,Australia,Asia Pacific,Oceania,OFF-AR-3492,Office Supplies,Art,"Binney & Smith Pencil Sharpener, Easy-Erase",33.516,2,0.4,-0.5640000000000001
MX-2015-CS1235582-42026,2015-01-22 00:00:00,CS-1235582,Christine Sundaresam,Consumer,Mexico,LATAM,Central America,OFF-PA-4471,Office Supplies,Paper,"Green Bar Memo Slips, Multicolor",36.720000000000006,3,0,10.260000000000002
CA-2015-MC17605140-42028,2015-01-24 00:00:00,MC-176051402,Matt Connell,Corporate,United States,USCA,Central US,FUR-TA-3331,Furniture,Tables,Balt Solid Wood Rectangular Table,210.98,2,0,21.097999999999985
ES-2015-NF18475139-42011,2015-01-07 00:00:00,NF-18475139,Neil Französisch,Home Office,United Kingdom,Europe,Northern Europe,OFF-LA-3271,Office Supplies,Labels,"Avery File Folder Labels, 5000 Label Set",19.02,2,0,0.72
NI-2015-TT1146095-42008,2015-01-04 00:00:00,TT-1146095,Tonja Turnell,Home Office,Nigeria,Africa,Western Africa,OFF-PA-4480,Office Supplies,Paper,"Green Bar Note Cards, Premium",18.720000000000006,2,0.7,-36.84
IT-2015-JW1522096-42033,2015-01-29 00:00:00,JW-1522096,Jane Waco,Corporate,Norway,Europe,Northern Europe,OFF-BI-3246,Office Supplies,Binders,"Avery Binder Covers, Clear",31.589999999999996,3,0,7.200000000000001
IT-2015-DO13645139-42026,2015-01-22 00:00:00,DO-13645139,Doug O'Connell,Consumer,United Kingdom,Europe,Northern Europe,OFF-EN-3667,Office Supplies,Envelopes,"Cameo Mailers, Set of 50",38.160000000000004,1,0,17.91
AG-2015-IL51003-42028,2015-01-24 00:00:00,IL-51003,Ivan Liston,Consumer,Algeria,Africa,North Africa,OFF-SU-6177,Office Supplies,Supplies,"Stiletto Shears, High Speed",48.09,1,0,4.32
IN-2015-CM123857-42020,2015-01-16 00:00:00,CM-123857,Christopher Martinez,Consumer,Australia,Asia Pacific,Oceania,OFF-PA-4468,Office Supplies,Paper,"Green Bar Computer Printout Paper, Premium",53.568,2,0.1,22.008000000000003
ID-2015-MY1738059-42035,2015-01-31 00:00:00,MY-1738059,Maribeth Yedwab,Corporate,Indonesia,Asia Pacific,Southeastern Asia,OFF-LA-3263,Office Supplies,Labels,"Avery Color Coded Labels, Laser Printer Compatible",21.1311,3,0.47000000000000003,-10.0089
ES-2015-GP1474045-42005,2015-01-01 00:00:00,GP-1474045,Guy Phonely,Corporate,France,Europe,Western Europe,OFF-BI-4826,Office Supplies,Binders,"Ibico Hole Reinforcements, Recycled",51.45,7,0,15.75
ES-2015-JG1580545-42021,2015-01-17 00:00:00,JG-1580545,John Grady,Corporate,France,Europe,Western Europe,OFF-AR-3484,Office Supplies,Art,"Binney & Smith Highlighters, Water Color",79.08,4,0,33.12
IT-2015-EB1397591-42012,2015-01-08 00:00:00,EB-1397591,Erica Bern,Corporate,Netherlands,Europe,Western Europe,OFF-AR-3470,Office Supplies,Art,"BIC Sketch Pad, Fluorescent",49.92,2,0.5,-16.980000000000004
TU-2015-CM2445134-42021,2015-01-17 00:00:00,CM-2445134,Chuck Magee,Consumer,Turkey,Asia Pacific,Western Asia,OFF-AR-6118,Office Supplies,Art,"Stanley Pencil Sharpener, Easy-Erase",10.416,1,0.6,-6.773999999999997
MX-2015-GM1450098-42025,2015-01-21 00:00:00,GM-1450098,Gene McClure,Consumer,Panama,LATAM,Central America,OFF-FA-2943,Office Supplies,Fasteners,"Accos Clamps, Metal",39.00000000000001,5,0.4,5.199999999999994
ML-2015-BM178579-42014,2015-01-10 00:00:00,BM-178579,Bryan Mills,Consumer,Mali,Africa,Western Africa,FUR-FU-3067,Furniture,Furnishings,"Advantus Stacking Tray, Erganomic",24.990000000000002,1,0,7.74
ES-2015-HJ14875139-42013,2015-01-09 00:00:00,HJ-14875139,Heather Jas,Home Office,United Kingdom,Europe,Northern Europe,OFF-LA-4526,Office Supplies,Labels,"Harbour Creations Color Coded Labels, 5000 Label Set",26.58,2,0,12.72
MX-2015-AW1093018-42032,2015-01-28 00:00:00,AW-1093018,Arthur Wiediger,Home Office,Brazil,LATAM,South America,OFF-LA-4550,Office Supplies,Labels,"Harbour Creations Round Labels, Alphabetical",13.139999999999997,3,0,4.680000000000001
ES-2015-CM1216045-42010,2015-01-06 00:00:00,CM-1216045,Charles McCrossin,Consumer,France,Europe,Western Europe,OFF-LA-4540,Office Supplies,Labels,"Harbour Creations Legal Exhibit Labels, Laser Printer Compatible",32.849999999999994,3,0,7.200000000000001
ID-2015-JE15745102-42015,2015-01-11 00:00:00,JE-15745102,Joel Eaton,Consumer,Philippines,Asia Pacific,Southeastern Asia,OFF-LA-6030,Office Supplies,Labels,"Smead Color Coded Labels, Laser Printer Compatible",14.355,2,0.45,-10.485
TU-2015-CM2445134-42021,2015-01-17 00:00:00,CM-2445134,Chuck Magee,Consumer,Turkey,Asia Pacific,Western Asia,FUR-CH-5370,Furniture,Chairs,"Novimex Chairmat, Adjustable",23.532,1,0.6,-12.947999999999993
CA-2015-MM17920140-42035,2015-01-31 00:00:00,MM-179201404,Michael Moore,Consumer,United States,USCA,Western US,OFF-ST-6088,Office Supplies,Storage,Space Solutions Commercial Steel Shelving,129.3,2,0,6.464999999999989
SF-2015-MW8235117-42025,2015-01-21 00:00:00,MW-8235117,Mitch Willingham,Corporate,South Africa,Africa,Southern Africa,OFF-PA-4177,Office Supplies,Paper,"Enermax Note Cards, Premium",28.5,1,0,2.8499999999999996
MX-2015-TG2131039-42034,2015-01-30 00:00:00,TG-2131039,Toby Gnade,Consumer,El Salvador,LATAM,Central America,OFF-EN-3659,Office Supplies,Envelopes,"Cameo Clasp Envelope, Set of 50",25.36,4,0,12.16
IN-2015-KH1663088-42031,2015-01-27 00:00:00,KH-1663088,Ken Heidel,Corporate,Myanmar (Burma),Asia Pacific,Southeastern Asia,OFF-EN-3088,Office Supplies,Envelopes,"Ames Business Envelopes, Recycled",28.286400000000004,2,0.17,8.8464
IN-2015-MH1744027-42025,2015-01-21 00:00:00,MH-1744027,Mark Haberlin,Corporate,China,Asia Pacific,Eastern Asia,OFF-FA-3069,Office Supplies,Fasteners,"Advantus Staples, Assorted Sizes",33.24,4,0,2.2800000000000002
ES-2015-BS1175564-42026,2015-01-22 00:00:00,BS-1175564,Bruce Stewart,Consumer,Italy,Europe,Southern Europe,OFF-AR-5923,Office Supplies,Art,"Sanford Pencil Sharpener, Water Color",26.099999999999998,1,0,6.779999999999999
SU-2015-JM5250122-42006,2015-01-02 00:00:00,JM-5250122,Janet Martin,Consumer,Sudan,Africa,North Africa,FUR-FU-3955,Furniture,Furnishings,"Deflect-O Stacking Tray, Black",25.349999999999998,1,0,11.399999999999999
ID-2015-BT11305102-42013,2015-01-09 00:00:00,BT-11305102,Beth Thompson,Home Office,Philippines,Asia Pacific,Southeastern Asia,OFF-FA-6190,Office Supplies,Fasteners,"Stockwell Paper Clips, Bulk Pack",22.473000000000006,3,0.45,-4.527000000000001
ID-2015-SC2044059-42014,2015-01-10 00:00:00,SC-2044059,Shaun Chance,Corporate,Indonesia,Asia Pacific,Southeastern Asia,OFF-FA-3021,Office Supplies,Fasteners,"Advantus Clamps, Bulk Pack",30.67110000000001,3,0.47000000000000003,-4.06890000000001
CA-2015-MH18115140-42026,2015-01-22 00:00:00,MH-181151402,Mick Hernandez,Home Office,United States,USCA,Central US,TEC-AC-5105,Technology,Accessories,Logitech G19 Programmable Gaming Keyboard,619.9499999999999,5,0,111.59099999999995
ES-2015-TN21040139-42020,2015-01-16 00:00:00,TN-21040139,Tanja Norvell,Home Office,United Kingdom,Europe,Northern Europe,OFF-ST-4029,Office Supplies,Storage,"Eldon Box, Industrial",21.479999999999997,2,0,7.92
CA-2015-MH18115140-42026,2015-01-22 00:00:00,MH-181151402,Mick Hernandez,Home Office,United States,USCA,Central US,TEC-PH-3171,Technology,Phones,"Ativa D5772 2-Line 5.8GHz Digital Expandable Corded/Cordless Phone System with Answering & Caller ID/Call Waiting, Black/Silver",164.99,1,0,49.496999999999986
CA-2015-MH18115140-42026,2015-01-22 00:00:00,MH-181151402,Mick Hernandez,Home Office,United States,USCA,Central US,OFF-BI-3275,Office Supplies,Binders,"Avery Flip-Chart Easel Binder, Black",89.52,4,0,42.0744
CA-2015-MH18115140-42026,2015-01-22 00:00:00,MH-181151402,Mick Hernandez,Home Office,United States,USCA,Central US,TEC-MA-4801,Technology,Machines,I.R.I.S IRISCard Anywhere 5 Card Scanner,350.97300000000007,3,0.1,152.08829999999998
ES-2015-AH1019548-42021,2015-01-17 00:00:00,AH-1019548,Alan Haines,Corporate,Germany,Europe,Western Europe,OFF-LA-4660,Office Supplies,Labels,"Hon File Folder Labels, Laser Printer Compatible",17.28,2,0,2.04
CA-2015-MH18115140-42026,2015-01-22 00:00:00,MH-181151402,Mick Hernandez,Home Office,United States,USCA,Central US,OFF-BI-3264,Office Supplies,Binders,Avery Durable Binders,14.399999999999999,5,0,7.056
MX-2015-BN1147039-42006,2015-01-02 00:00:00,BN-1147039,Brad Norvell,Corporate,El Salvador,LATAM,Central America,OFF-BI-6377,Office Supplies,Binders,"Wilson Jones Binder Covers, Recycled",53.89999999999999,7,0,3.2199999999999998
NI-2015-TC1098095-42033,2015-01-29 00:00:00,TC-1098095,Tamara Chand,Corporate,Nigeria,Africa,Western Africa,OFF-AR-6128,Office Supplies,Art,"Stanley Sketch Pad, Water Color",14.283000000000001,1,0.7,-24.296999999999997
ES-2015-CM1216045-42010,2015-01-06 00:00:00,CM-1216045,Charles McCrossin,Consumer,France,Europe,Western Europe,OFF-LA-4662,Office Supplies,Labels,"Hon Legal Exhibit Labels, 5000 Label Set",45,4,0,8.040000000000001
ES-2015-GH1442596-42020,2015-01-16 00:00:00,GH-1442596,Gary Hwang,Consumer,Norway,Europe,Northern Europe,TEC-MA-5000,Technology,Machines,"Konica Calculator, White",50.04,1,0,14.49
ES-2015-NF1847548-42010,2015-01-06 00:00:00,NF-1847548,Neil Französisch,Home Office,Germany,Europe,Western Europe,OFF-LA-4679,Office Supplies,Labels,"Hon Removable Labels, Adjustable",21.299999999999997,2,0,1.02
ES-2015-RD19585120-42007,2015-01-03 00:00:00,RD-19585120,Rob Dowd,Consumer,Spain,Europe,Southern Europe,OFF-BI-3719,Office Supplies,Binders,"Cardinal Binder Covers, Recycled",24.72,2,0,11.100000000000001
ES-2015-EH1399048-42019,2015-01-15 00:00:00,EH-1399048,Erica Hackney,Consumer,Germany,Europe,Western Europe,OFF-LA-4696,Office Supplies,Labels,"Hon Shipping Labels, Laser Printer Compatible",34.11,3,0,9.540000000000001
MO-2015-GH442586-42020,2015-01-16 00:00:00,GH-442586,Gary Hwang,Consumer,Morocco,Africa,North Africa,OFF-BI-3251,Office Supplies,Binders,"Avery Binder, Clear",12.36,1,0,1.23
SU-2015-JM5250122-42006,2015-01-02 00:00:00,JM-5250122,Janet Martin,Consumer,Sudan,Africa,North Africa,OFF-BI-2897,Office Supplies,Binders,"Acco Binder, Economy",15.149999999999999,1,0,2.0999999999999996
ES-2015-SH2039548-42018,2015-01-14 00:00:00,SH-2039548,Shahid Hopkins,Consumer,Germany,Europe,Western Europe,FUR-FU-4102,Furniture,Furnishings,"Eldon Stacking Tray, Duo Pack",31.56,1,0,3.7800000000000002
MX-2015-GG1465082-42017,2015-01-13 00:00:00,GG-1465082,Greg Guthrie,Corporate,Mexico,LATAM,Central America,OFF-LA-6034,Office Supplies,Labels,"Smead File Folder Labels, 5000 Label Set",12.359999999999998,2,0,3.8
TU-2015-CM2715134-42008,2015-01-04 00:00:00,CM-2715134,Craig Molinari,Corporate,Turkey,Asia Pacific,Western Asia,OFF-ST-4028,Office Supplies,Storage,"Eldon Box, Blue",8.207999999999998,2,0.6,-7.031999999999997
ID-2015-CM1183097-42019,2015-01-15 00:00:00,CM-1183097,Cari MacIntyre,Corporate,Pakistan,Asia Pacific,Southern Asia,OFF-SU-2996,Office Supplies,Supplies,"Acme Shears, Steel",24.660000000000004,1,0.5,-13.320000000000004
MO-2015-GH442586-42020,2015-01-16 00:00:00,GH-442586,Gary Hwang,Consumer,Morocco,Africa,North Africa,OFF-ST-6040,Office Supplies,Storage,"Smead Folders, Single Width",17.52,1,0,5.43
IN-2015-KH1651027-42006,2015-01-02 00:00:00,KH-1651027,Keith Herrera,Consumer,China,Asia Pacific,Eastern Asia,OFF-EN-5033,Office Supplies,Envelopes,"Kraft Mailers, Recycled",36.45,1,0,4.71
MO-2015-MG769586-42028,2015-01-24 00:00:00,MG-769586,Maureen Gnade,Consumer,Morocco,Africa,North Africa,OFF-AR-3497,Office Supplies,Art,"Binney & Smith Pens, Fluorescent",13.200000000000001,1,0,0.24
ES-2015-TT2107045-42012,2015-01-08 00:00:00,TT-2107045,Ted Trevino,Consumer,France,Europe,Western Europe,OFF-ST-5688,Office Supplies,Storage,"Rogers Box, Single Width",21.6,1,0.1,0.47999999999999954
ES-2015-AJ1079545-42013,2015-01-09 00:00:00,AJ-1079545,Anthony Johnson,Corporate,France,Europe,Western Europe,OFF-SU-4304,Office Supplies,Supplies,"Fiskars Box Cutter, High Speed",71.03999999999999,2,0,24.839999999999996
IN-2015-CM12445102-42026,2015-01-22 00:00:00,CM-12445102,Chuck Magee,Consumer,Philippines,Asia Pacific,Southeastern Asia,OFF-FA-2951,Office Supplies,Fasteners,"Accos Rubber Bands, 12 Pack",26.5815,3,0.45,-14.548499999999999
CA-2015-NS18505140-42024,2015-01-20 00:00:00,NS-185051406,Neola Schneider,Consumer,United States,USCA,Eastern US,FUR-CH-4396,Furniture,Chairs,Global Comet Stacking Arm Chair,887.2709999999998,3,0.3,-63.376499999999965
CA-2015-NS18505140-42024,2015-01-20 00:00:00,NS-185051406,Neola Schneider,Consumer,United States,USCA,Eastern US,TEC-PH-6365,Technology,Phones,Wilson Electronics DB Pro Signal Booster,429.59999999999997,2,0.4,-93.07999999999998
CA-2015-NS18505140-42024,2015-01-20 00:00:00,NS-185051406,Neola Schneider,Consumer,United States,USCA,Eastern US,FUR-FU-2858,Furniture,Furnishings,12-1/2 Diameter Round Wall Clock,31.968000000000004,2,0.2,6.393599999999999
CA-2015-NS18505140-42024,2015-01-20 00:00:00,NS-185051406,Neola Schneider,Consumer,United States,USCA,Eastern US,OFF-PA-6214,Office Supplies,Paper,Strathmore Photo Mount Cards,21.696,4,0.2,7.051199999999999
EG-2015-LS694538-42024,2015-01-20 00:00:00,LS-694538,Linda Southworth,Corporate,Egypt,Africa,North Africa,OFF-AR-6123,Office Supplies,Art,"Stanley Pens, Fluorescent",11.310000000000002,1,0,0.99
IS-2015-AC61563-42032,2015-01-28 00:00:00,AC-61563,Ann Chong,Corporate,Israel,Asia Pacific,Western Asia,OFF-BI-3291,Office Supplies,Binders,"Avery Hole Reinforcements, Economy",4.41,1,0,0
RS-2015-DV3045108-42011,2015-01-07 00:00:00,DV-3045108,Darrin Van Huff,Corporate,Russia,Europe,Eastern Europe,OFF-BI-3290,Office Supplies,Binders,"Avery Hole Reinforcements, Durable",5.91,1,0,2.0999999999999996
ES-2015-FH1435045-42005,2015-01-01 00:00:00,FH-1435045,Fred Harton,Consumer,France,Europe,Western Europe,OFF-AR-3540,Office Supplies,Art,"Boston Markers, Water Color",29.549999999999997,1,0,0
ES-2015-GM14695139-42025,2015-01-21 00:00:00,GM-14695139,Greg Maxwell,Corporate,United Kingdom,Europe,Northern Europe,OFF-ST-6057,Office Supplies,Storage,"Smead Shelving, Blue",146.78999999999996,3,0,44.00999999999999
ES-2015-HJ14875120-42006,2015-01-02 00:00:00,HJ-14875120,Heather Jas,Home Office,Spain,Europe,Southern Europe,OFF-LA-4538,Office Supplies,Labels,"Harbour Creations Legal Exhibit Labels, Adjustable",8.850000000000001,1,0,4.050000000000001
SF-2015-MC7845117-42007,2015-01-03 00:00:00,MC-7845117,Michael Chen,Consumer,South Africa,Africa,Southern Africa,OFF-SU-2987,Office Supplies,Supplies,"Acme Ruler, Steel",16.11,1,0,4.83
ES-2015-AM10705120-42017,2015-01-13 00:00:00,AM-10705120,Anne McFarland,Consumer,Spain,Europe,Southern Europe,OFF-BI-3718,Office Supplies,Binders,"Cardinal Binder Covers, Economy",24,2,0,0.96
ID-2015-BT11305102-42013,2015-01-09 00:00:00,BT-11305102,Beth Thompson,Home Office,Philippines,Asia Pacific,Southeastern Asia,OFF-AR-6114,Office Supplies,Art,"Stanley Markers, Blue",36.63,3,0.45,1.9799999999999969
IN-2015-GT1475558-42028,2015-01-24 00:00:00,GT-1475558,Guy Thornton,Consumer,India,Asia Pacific,Southern Asia,OFF-FA-2954,Office Supplies,Fasteners,"Accos Rubber Bands, Metal",16.8,1,0,5.37
IN-2015-SJ202157-42007,2015-01-03 00:00:00,SJ-202157,Sarah Jordon,Consumer,Australia,Asia Pacific,Oceania,OFF-BI-2895,Office Supplies,Binders,"Acco Binder, Clear",39.446999999999996,3,0.1,5.697000000000002
MX-2015-RM1975082-42034,2015-01-30 00:00:00,RM-1975082,Roland Murray,Consumer,Mexico,LATAM,Central America,OFF-ST-4251,Office Supplies,Storage,"Fellowes Box, Industrial",13.440000000000001,1,0,1.34
MX-2015-GG1465082-42017,2015-01-13 00:00:00,GG-1465082,Greg Guthrie,Corporate,Mexico,LATAM,Central America,OFF-ST-6251,Office Supplies,Storage,"Tenex Folders, Single Width",77.5,5,0,3.8
SF-2015-FG4260117-42015,2015-01-11 00:00:00,FG-4260117,Frank Gastineau,Home Office,South Africa,Africa,Southern Africa,OFF-FA-5469,Office Supplies,Fasteners,"OIC Paper Clips, Bulk Pack",14.43,1,0,7.050000000000001
AG-2015-JG51603-42028,2015-01-24 00:00:00,JG-51603,James Galang,Consumer,Algeria,Africa,North Africa,OFF-LA-4526,Office Supplies,Labels,"Harbour Creations Color Coded Labels, 5000 Label Set",13.29,1,0,6.36
IN-2015-LD1685559-42006,2015-01-02 00:00:00,LD-1685559,Lela Donovan,Corporate,Indonesia,Asia Pacific,Southeastern Asia,OFF-AR-3525,Office Supplies,Art,"Boston Canvas, Blue",117.4716,3,0.27,17.661599999999993
ID-2015-BP1105092-42006,2015-01-02 00:00:00,BP-1105092,Barry Pond,Corporate,New Zealand,Asia Pacific,Oceania,OFF-FA-2944,Office Supplies,Fasteners,"Accos Paper Clips, Assorted Sizes",13.788,2,0.4,-2.532
ES-2015-NF18475139-42011,2015-01-07 00:00:00,NF-18475139,Neil Französisch,Home Office,United Kingdom,Europe,Northern Europe,OFF-BI-4825,Office Supplies,Binders,"Ibico Hole Reinforcements, Economy",20.97,3,0,10.26
IN-2015-KH1651027-42006,2015-01-02 00:00:00,KH-1651027,Keith Herrera,Consumer,China,Asia Pacific,Eastern Asia,OFF-EN-3670,Office Supplies,Envelopes,"Cameo Manila Envelope, Security-Tint",29.400000000000002,1,0,9.39
ES-2015-AS1004564-42028,2015-01-24 00:00:00,AS-1004564,Aaron Smayling,Corporate,Italy,Europe,Southern Europe,OFF-AR-5924,Office Supplies,Art,"Sanford Pens, Blue",44.400000000000006,4,0,10.56
RS-2015-KB6315108-42033,2015-01-29 00:00:00,KB-6315108,Karl Braun,Consumer,Russia,Europe,Eastern Europe,OFF-ST-6023,Office Supplies,Storage,"Smead Box, Blue",10.77,1,0,0
NI-2015-TC1098095-42033,2015-01-29 00:00:00,TC-1098095,Tamara Chand,Corporate,Nigeria,Africa,Western Africa,OFF-FA-6187,Office Supplies,Fasteners,"Stockwell Clamps, Metal",5.6880000000000015,1,0.7,-12.912
ES-2015-AM10705120-42017,2015-01-13 00:00:00,AM-10705120,Anne McFarland,Consumer,Spain,Europe,Southern Europe,OFF-BI-6376,Office Supplies,Binders,"Wilson Jones Binder Covers, Economy",44.76,4,0,11.52
MX-2015-CR1262539-42027,2015-01-23 00:00:00,CR-1262539,Corey Roper,Home Office,El Salvador,LATAM,Central America,OFF-SU-4312,Office Supplies,Supplies,"Fiskars Ruler, High Speed",28.859999999999996,3,0,7.74
IT-2015-EB1397591-42012,2015-01-08 00:00:00,EB-1397591,Erica Bern,Corporate,Netherlands,Europe,Western Europe,OFF-EN-4439,Office Supplies,Envelopes,"GlobeWeis Interoffice Envelope, Recycled",46.62,2,0.5,-19.619999999999997
NI-2015-TC1098095-42033,2015-01-29 00:00:00,TC-1098095,Tamara Chand,Corporate,Nigeria,Africa,Western Africa,OFF-FA-6189,Office Supplies,Fasteners,"Stockwell Paper Clips, Assorted Sizes",6.57,2,0.7,-6.809999999999999
MX-2015-JJ1544565-42018,2015-01-14 00:00:00,JJ-1544565,Jennifer Jackson,Consumer,Jamaica,LATAM,Caribbean,OFF-LA-3271,Office Supplies,Labels,"Avery File Folder Labels, 5000 Label Set",12.68,2,0,1.7600000000000002
IT-2015-DO13645139-42026,2015-01-22 00:00:00,DO-13645139,Doug O'Connell,Consumer,United Kingdom,Europe,Northern Europe,OFF-AR-6113,Office Supplies,Art,"Stanley Highlighters, Water Color",107.28,6,0,36.36
MO-2015-HG496586-42013,2015-01-09 00:00:00,HG-496586,Henry Goldwyn,Corporate,Morocco,Africa,North Africa,OFF-PA-5891,Office Supplies,Paper,"SanDisk Parchment Paper, Multicolor",18.119999999999997,1,0,3.5999999999999996
IN-2015-MG1789097-42022,2015-01-18 00:00:00,MG-1789097,Michael Granlund,Home Office,Pakistan,Asia Pacific,Southern Asia,OFF-BI-2895,Office Supplies,Binders,"Acco Binder, Clear",14.61,2,0.5,-7.889999999999999
TU-2015-CB2535134-42017,2015-01-13 00:00:00,CB-2535134,Claudia Bergmann,Corporate,Turkey,Asia Pacific,Western Asia,OFF-AR-3537,Office Supplies,Art,"Boston Markers, Blue",10.548000000000002,1,0.6,-5.022000000000002
BO-2015-DB291013-42014,2015-01-10 00:00:00,DB-291013,Daniel Byrd,Home Office,Belarus,Europe,Eastern Europe,OFF-LA-4539,Office Supplies,Labels,"Harbour Creations Legal Exhibit Labels, Alphabetical",10.77,1,0,4.62
MX-2015-CT1199528-42022,2015-01-18 00:00:00,CT-1199528,Carol Triggs,Consumer,Colombia,LATAM,South America,FUR-FU-4076,Furniture,Furnishings,"Eldon Light Bulb, Durable",14.819999999999999,1,0,2.8
MX-2015-GH1442582-42013,2015-01-09 00:00:00,GH-1442582,Gary Hwang,Consumer,Mexico,LATAM,Central America,OFF-BI-3720,Office Supplies,Binders,"Cardinal Binder, Clear",26.579999999999995,3,0,3.72
CA-2015-PS19045140-42026,2015-01-22 00:00:00,PS-190451408,Penelope Sewall,Home Office,United States,USCA,Southern US,OFF-ST-4271,Office Supplies,Storage,"Fellowes Mobile File Cart, Black",348.20799999999997,7,0.2,30.468200000000024
CA-2015-PS19045140-42026,2015-01-22 00:00:00,PS-190451408,Penelope Sewall,Home Office,United States,USCA,Southern US,OFF-BI-4364,Office Supplies,Binders,GBC Recycled VeloBinder Covers,35.784,7,0.7,-28.62720000000001
ES-2015-NF18475139-42011,2015-01-07 00:00:00,NF-18475139,Neil Französisch,Home Office,United Kingdom,Europe,Northern Europe,OFF-BI-6397,Office Supplies,Binders,"Wilson Jones Hole Reinforcements, Clear",15.96,4,0,1.6800000000000002
ES-2015-HR1483064-42013,2015-01-09 00:00:00,HR-1483064,Harold Ryan,Corporate,Italy,Europe,Southern Europe,OFF-FA-6204,Office Supplies,Fasteners,"Stockwell Staples, Metal",63.17999999999999,6,0,16.919999999999998
MX-2015-CK1259551-42027,2015-01-23 00:00:00,CK-1259551,Clytie Kelty,Consumer,Guatemala,LATAM,Central America,OFF-EN-3676,Office Supplies,Envelopes,"Cameo Peel and Seal, with clear poly window",32.72,2,0,8.16
IN-2015-KD1634558-42029,2015-01-25 00:00:00,KD-1634558,Katherine Ducich,Consumer,India,Asia Pacific,Southern Asia,OFF-LA-4657,Office Supplies,Labels,"Hon File Folder Labels, 5000 Label Set",9.03,1,0,3.33
MO-2015-AG90086-42033,2015-01-29 00:00:00,AG-90086,Arthur Gainer,Consumer,Morocco,Africa,North Africa,OFF-LA-4639,Office Supplies,Labels,"Hon Color Coded Labels, Alphabetical",25.259999999999998,2,0,0.48
ID-2015-TS2165559-42014,2015-01-10 00:00:00,TS-2165559,Trudy Schmidt,Consumer,Indonesia,Asia Pacific,Southeastern Asia,TEC-AC-4173,Technology,Accessories,"Enermax Mouse, Programmable",22.1487,1,0.47000000000000003,-1.2813000000000017
ID-2015-AJ1096059-42020,2015-01-16 00:00:00,AJ-1096059,Astrea Jones,Consumer,Indonesia,Asia Pacific,Southeastern Asia,OFF-PA-4481,Office Supplies,Paper,"Green Bar Parchment Paper, 8.5 x 11",22.069200000000002,2,0.47000000000000003,-3.370799999999999
ES-2015-GR1456048-42025,2015-01-21 00:00:00,GR-1456048,Georgia Rosenberg,Corporate,Germany,Europe,Western Europe,OFF-SU-2990,Office Supplies,Supplies,"Acme Scissors, Serrated",22.14,1,0,1.32
ES-2015-KH1636045-42029,2015-01-25 00:00:00,KH-1636045,Katherine Hughes,Consumer,France,Europe,Western Europe,OFF-BI-2917,Office Supplies,Binders,"Acco Index Tab, Clear",8.04,1,0,3.3600000000000003
IN-2015-CD1279027-42033,2015-01-29 00:00:00,CD-1279027,Cynthia Delaney,Home Office,China,Asia Pacific,Eastern Asia,OFF-PA-6612,Office Supplies,Paper,"Xerox Memo Slips, Recycled",26.880000000000003,2,0,9.899999999999999
NI-2015-SF1006595-42031,2015-01-27 00:00:00,SF-1006595,Sandra Flanagan,Consumer,Nigeria,Africa,Western Africa,OFF-AR-5927,Office Supplies,Art,"Sanford Pens, Water Color",4.284000000000001,1,0.7,-3.4559999999999995
ID-2015-BB115457-42022,2015-01-18 00:00:00,BB-115457,Brenda Bowman,Corporate,Australia,Asia Pacific,Oceania,OFF-FA-6201,Office Supplies,Fasteners,"Stockwell Staples, 12 Pack",24.552,4,0.4,-14.328000000000003
US-2015-RM19375140-42024,2015-01-20 00:00:00,RM-193751406,Raymond Messe,Consumer,United States,USCA,Eastern US,OFF-AP-3179,Office Supplies,Appliances,Avanti 4.4 Cu. Ft. Refrigerator,542.9399999999999,3,0,152.02319999999997
US-2015-RM19375140-42024,2015-01-20 00:00:00,RM-193751406,Raymond Messe,Consumer,United States,USCA,Eastern US,OFF-PA-6461,Office Supplies,Paper,Xerox 191,79.92,4,0,37.5624
US-2015-RM19375140-42024,2015-01-20 00:00:00,RM-193751406,Raymond Messe,Consumer,United States,USCA,Eastern US,OFF-PA-6430,Office Supplies,Paper,Xerox 1881,12.28,1,0,5.771599999999999
US-2015-RM19375140-42024,2015-01-20 00:00:00,RM-193751406,Raymond Messe,Consumer,United States,USCA,Eastern US,OFF-EN-5619,Office Supplies,Envelopes,Poly String Tie Envelopes,2.04,1,0,0.9587999999999999
MO-2015-GH442586-42020,2015-01-16 00:00:00,GH-442586,Gary Hwang,Consumer,Morocco,Africa,North Africa,OFF-AR-6123,Office Supplies,Art,"Stanley Pens, Fluorescent",11.310000000000002,1,0,0.99
TU-2015-SW10350134-42024,2015-01-20 00:00:00,SW-10350134,Sean Wendt,Home Office,Turkey,Asia Pacific,Western Asia,OFF-PA-5891,Office Supplies,Paper,"SanDisk Parchment Paper, Multicolor",7.247999999999999,1,0.6,-7.2719999999999985
CA-2015-RS19420140-42013,2015-01-09 00:00:00,RS-194201404,Ricardo Sperren,Corporate,United States,USCA,Western US,FUR-TA-3332,Furniture,Tables,Balt Solid Wood Round Tables,892.98,2,0,80.3682
IR-2015-KB660060-42032,2015-01-28 00:00:00,KB-660060,Ken Brennan,Corporate,Iran,Asia Pacific,Southern Asia,OFF-BI-3739,Office Supplies,Binders,"Cardinal Index Tab, Economy",8.76,1,0,4.0200000000000005
NI-2015-TC1098095-42033,2015-01-29 00:00:00,TC-1098095,Tamara Chand,Corporate,Nigeria,Africa,Western Africa,OFF-BI-3189,Office Supplies,Binders,"Avery 3-Hole Punch, Recycled",8.469000000000003,1,0.7,-19.761000000000003
ES-2015-TC2153564-42035,2015-01-31 00:00:00,TC-2153564,Tracy Collins,Home Office,Italy,Europe,Southern Europe,OFF-BI-3289,Office Supplies,Binders,"Avery Hole Reinforcements, Clear",23.22,6,0,2.16
ID-2015-JE15745102-42015,2015-01-11 00:00:00,JE-15745102,Joel Eaton,Consumer,Philippines,Asia Pacific,Southeastern Asia,OFF-FA-6193,Office Supplies,Fasteners,"Stockwell Push Pins, 12 Pack",7.375500000000001,1,0.45,0.6554999999999991
CA-2015-RB19570140-42019,2015-01-15 00:00:00,RB-195701408,Rob Beeghly,Consumer,United States,USCA,Southern US,OFF-EN-6325,Office Supplies,Envelopes,"Tyvek  Top-Opening Peel & Seel Envelopes, Plain White",21.744,1,0.2,7.3386
CA-2015-RB19570140-42019,2015-01-15 00:00:00,RB-195701408,Rob Beeghly,Consumer,United States,USCA,Southern US,TEC-PH-5936,Technology,Phones,Sannysis Cute Owl Design Soft Skin Case Cover for Samsung Galaxy S4,7.92,5,0.2,0.6930000000000001
ID-2015-SG208907-42035,2015-01-31 00:00:00,SG-208907,Susan Gilcrest,Corporate,Australia,Asia Pacific,Oceania,OFF-BI-6405,Office Supplies,Binders,"Wilson Jones Index Tab, Recycled",42.903000000000006,7,0.1,17.073
CA-2015-RD19585140-42034,2015-01-30 00:00:00,RD-195851406,Rob Dowd,Consumer,United States,USCA,Eastern US,OFF-LA-5591,Office Supplies,Labels,Permanent Self-Adhesive File Folder Labels for Typewriters by Universal,5.22,2,0,2.4012
ID-2015-JE15715118-42031,2015-01-27 00:00:00,JE-15715118,Joe Elijah,Consumer,South Korea,Asia Pacific,Eastern Asia,OFF-BI-4818,Office Supplies,Binders,"Ibico Binding Machine, Recycled",77.66999999999999,3,0.5,-62.18999999999998
ES-2015-RA1928548-42018,2015-01-14 00:00:00,RA-1928548,Ralph Arnett,Consumer,Germany,Europe,Western Europe,OFF-EN-3091,Office Supplies,Envelopes,"Ames Clasp Envelope, Recycled",18,3,0,3.7800000000000002
IZ-2015-TS1108561-42035,2015-01-31 00:00:00,TS-1108561,Thais Sissman,Consumer,Iraq,Asia Pacific,Western Asia,OFF-AR-5910,Office Supplies,Art,"Sanford Highlighters, Blue",15.749999999999996,1,0,1.71
CA-2015-RW19690140-42020,2015-01-16 00:00:00,RW-196901406,Robert Waldorf,Consumer,United States,USCA,Eastern US,OFF-AP-4716,Office Supplies,Appliances,Honeywell Enviracaire Portable HEPA Air Cleaner for 17' x 22' Room,1924.1599999999999,8,0.2,312.67599999999993
CA-2015-RW19690140-42020,2015-01-16 00:00:00,RW-196901406,Robert Waldorf,Consumer,United States,USCA,Eastern US,OFF-AP-3376,Office Supplies,Appliances,Belkin F9M820V08 8 Outlet Surge,34.384,1,0.2,3.8681999999999945
IN-2015-NS1864027-42035,2015-01-31 00:00:00,NS-1864027,Noel Staavos,Corporate,China,Asia Pacific,Eastern Asia,OFF-FA-6205,Office Supplies,Fasteners,"Stockwell Thumb Tacks, 12 Pack",25.92,2,0,8.28
IN-2015-RW196307-42028,2015-01-24 00:00:00,RW-196307,Rob Williams,Corporate,Australia,Asia Pacific,Oceania,OFF-FA-5468,Office Supplies,Fasteners,"OIC Paper Clips, Assorted Sizes",10.692,1,0.1,3.6720000000000006
MX-2015-GA1472582-42032,2015-01-28 00:00:00,GA-1472582,Guy Armstrong,Consumer,Mexico,LATAM,Central America,OFF-SU-4315,Office Supplies,Supplies,"Fiskars Scissors, Easy Grip",16.52,1,0,4.279999999999999
NI-2015-CG252095-42024,2015-01-20 00:00:00,CG-252095,Claire Gute,Consumer,Nigeria,Africa,Western Africa,FUR-FU-4074,Furniture,Furnishings,"Eldon Light Bulb, Black",7.560000000000002,1,0.7,-8.07
IR-2015-KB660060-42032,2015-01-28 00:00:00,KB-660060,Ken Brennan,Corporate,Iran,Asia Pacific,Southern Asia,OFF-ST-4061,Office Supplies,Storage,"Eldon Folders, Industrial",17.46,1,0,0.51
IR-2015-KB660060-42032,2015-01-28 00:00:00,KB-660060,Ken Brennan,Corporate,Iran,Asia Pacific,Southern Asia,OFF-SU-6163,Office Supplies,Supplies,"Stiletto Box Cutter, Steel",35.37,1,0,2.46
ET-2015-SJ1021543-42032,2015-01-28 00:00:00,SJ-1021543,Sarah Jordon,Consumer,Ethiopia,Africa,Eastern Africa,OFF-ST-4063,Office Supplies,Storage,"Eldon Folders, Wire Frame",32.099999999999994,2,0,3.18
IT-2015-ZC21910124-42028,2015-01-24 00:00:00,ZC-21910124,Zuschuss Carroll,Consumer,Sweden,Europe,Northern Europe,OFF-FA-3069,Office Supplies,Fasteners,"Advantus Staples, Assorted Sizes",8.31,2,0.5,-1.3500000000000014
MX-2015-BP1105039-42020,2015-01-16 00:00:00,BP-1105039,Barry Pond,Corporate,El Salvador,LATAM,Central America,OFF-EN-4906,Office Supplies,Envelopes,"Jiffy Clasp Envelope, Recycled",4.879999999999999,1,0,0.34
IN-2015-EM1414011-42021,2015-01-17 00:00:00,EM-1414011,Eugene Moren,Home Office,Bangladesh,Asia Pacific,Southern Asia,OFF-EN-3088,Office Supplies,Envelopes,"Ames Business Envelopes, Recycled",40.32000000000001,3,0,14.849999999999998
ES-2015-GD1459048-42026,2015-01-22 00:00:00,GD-1459048,Giulietta Dortch,Corporate,Germany,Europe,Western Europe,OFF-BI-6397,Office Supplies,Binders,"Wilson Jones Hole Reinforcements, Clear",7.98,2,0,0.8400000000000001
ID-2015-JE15610144-42024,2015-01-20 00:00:00,JE-15610144,Jim Epp,Corporate,Vietnam,Asia Pacific,Southeastern Asia,OFF-AP-3859,Office Supplies,Appliances,"Cuisinart Blender, White",162.1737,3,0.17,-25.476300000000002
ES-2015-AJ1078045-42030,2015-01-26 00:00:00,AJ-1078045,Anthony Jacobs,Corporate,France,Europe,Western Europe,OFF-BI-2915,Office Supplies,Binders,"Acco Hole Reinforcements, Recycled",14.04,2,0,7.02
NI-2015-TC1098095-42033,2015-01-29 00:00:00,TC-1098095,Tamara Chand,Corporate,Nigeria,Africa,Western Africa,OFF-SU-2980,Office Supplies,Supplies,"Acme Letter Opener, Steel",8.883000000000003,1,0.7,-8.607
CA-2015-SZ20035140-42035,2015-01-31 00:00:00,SZ-200351404,Sam Zeldin,Home Office,United States,USCA,Western US,TEC-PH-5240,Technology,Phones,Mitel 5320 IP Phone VoIP phone,604.768,4,0.2,60.476800000000026
MO-2015-SB1017086-42026,2015-01-22 00:00:00,SB-1017086,Sarah Bern,Consumer,Morocco,Africa,North Africa,OFF-LA-6062,Office Supplies,Labels,"Smead Shipping Labels, Adjustable",9.51,1,0,0.66
US-2015-CS1235518-42026,2015-01-22 00:00:00,CS-1235518,Christine Sundaresam,Consumer,Brazil,LATAM,South America,OFF-PA-4471,Office Supplies,Paper,"Green Bar Memo Slips, Multicolor",14.688000000000002,3,0.6,-11.771999999999998
NG-2015-DC285094-42028,2015-01-24 00:00:00,DC-285094,Dan Campbell,Consumer,Niger,Africa,Western Africa,OFF-BI-3293,Office Supplies,Binders,"Avery Index Tab, Clear",6.33,1,0,0.24
NI-2015-JE616595-42014,2015-01-10 00:00:00,JE-616595,Justin Ellison,Corporate,Nigeria,Africa,Western Africa,OFF-EN-4909,Office Supplies,Envelopes,"Jiffy Clasp Envelope, with clear poly window",7.236000000000001,2,0.7,-10.163999999999996
CA-2015-SC20095140-42020,2015-01-16 00:00:00,SC-200951406,Sanjit Chand,Consumer,United States,USCA,Eastern US,OFF-PA-6222,Office Supplies,Paper,"Telephone Message Books with Fax/Mobile Section, 5 1/2"" x 3 3/16""",12.7,2,0,5.842
ID-2015-BP1105092-42006,2015-01-02 00:00:00,BP-1105092,Barry Pond,Corporate,New Zealand,Asia Pacific,Oceania,OFF-LA-5401,Office Supplies,Labels,"Novimex Round Labels, Laser Printer Compatible",7.523999999999999,2,0.4,0.8639999999999999
ID-2015-JK1532566-42015,2015-01-11 00:00:00,JK-1532566,Jason Klamczynski,Corporate,Japan,Asia Pacific,Eastern Asia,OFF-FA-6199,Office Supplies,Fasteners,"Stockwell Rubber Bands, Bulk Pack",96.84,6,0,46.44
ID-2015-PK1907592-42033,2015-01-29 00:00:00,PK-1907592,Pete Kriz,Consumer,New Zealand,Asia Pacific,Oceania,OFF-FA-5484,Office Supplies,Fasteners,"OIC Thumb Tacks, 12 Pack",16.2,2,0.4,-8.100000000000001
RO-2015-SA10830107-42012,2015-01-08 00:00:00,SA-10830107,Sue Ann Reed,Consumer,Romania,Europe,Eastern Europe,OFF-AR-3451,Office Supplies,Art,"BIC Highlighters, Blue",18.93,1,0,7.5600000000000005
IZ-2015-BD160561-42017,2015-01-13 00:00:00,BD-160561,Brian Dahlen,Consumer,Iraq,Asia Pacific,Western Asia,OFF-ST-4029,Office Supplies,Storage,"Eldon Box, Industrial",10.739999999999998,1,0,3.96
TX-2015-ES4020135-42025,2015-01-21 00:00:00,ES-4020135,Erica Smith,Consumer,Turkmenistan,Asia Pacific,Central Asia,OFF-AR-3501,Office Supplies,Art,"Binney & Smith Sketch Pad, Fluorescent",14.274000000000001,1,0.7,-30.935999999999996
AO-2015-SK99904-42017,2015-01-13 00:00:00,SK-99904,Sally Knutson,Consumer,Angola,Africa,Central Africa,OFF-BI-3737,Office Supplies,Binders,"Cardinal Index Tab, Clear",7.26,1,0,2.52
IR-2015-SC1072560-42034,2015-01-30 00:00:00,SC-1072560,Steven Cartwright,Consumer,Iran,Asia Pacific,Southern Asia,OFF-ST-4029,Office Supplies,Storage,"Eldon Box, Industrial",21.479999999999997,2,0,7.92
ES-2015-AJ1078045-42030,2015-01-26 00:00:00,AJ-1078045,Anthony Jacobs,Corporate,France,Europe,Western Europe,OFF-BI-3734,Office Supplies,Binders,"Cardinal Hole Reinforcements, Durable",20.520000000000003,3,0,4.2299999999999995
ID-2015-JS16030102-42017,2015-01-13 00:00:00,JS-16030102,Joy Smith,Consumer,Philippines,Asia Pacific,Southeastern Asia,OFF-FA-3068,Office Supplies,Fasteners,"Advantus Staples, 12 Pack",11.319,2,0.45,-4.161
MO-2015-AW93086-42012,2015-01-08 00:00:00,AW-93086,Arthur Wiediger,Home Office,Morocco,Africa,North Africa,OFF-BI-6399,Office Supplies,Binders,"Wilson Jones Hole Reinforcements, Economy",4.530000000000001,1,0,2.25
IN-2015-LD1685559-42006,2015-01-02 00:00:00,LD-1685559,Lela Donovan,Corporate,Indonesia,Asia Pacific,Southeastern Asia,OFF-LA-6053,Office Supplies,Labels,"Smead Round Labels, 5000 Label Set",19.318500000000004,5,0.47000000000000003,-7.6815000000000015
US-2015-AR1057036-42010,2015-01-06 00:00:00,AR-1057036,Anemone Ratner,Consumer,Dominican Republic,LATAM,Caribbean,OFF-BI-2892,Office Supplies,Binders,"Acco Binder Covers, Durable",23.712,3,0.2,-2.0879999999999996
IN-2015-AH1058527-42027,2015-01-23 00:00:00,AH-1058527,Angele Hood,Consumer,China,Asia Pacific,Eastern Asia,OFF-BI-3291,Office Supplies,Binders,"Avery Hole Reinforcements, Economy",8.82,2,0,2.64
ES-2015-LC16930139-42031,2015-01-27 00:00:00,LC-16930139,Linda Cazamias,Corporate,United Kingdom,Europe,Northern Europe,OFF-LA-5377,Office Supplies,Labels,"Novimex Color Coded Labels, Laser Printer Compatible",33.534,3,0.1,5.184
CA-2015-SO20335140-42019,2015-01-15 00:00:00,SO-203351404,Sean O'Donnell,Consumer,United States,USCA,Western US,OFF-PA-6450,Office Supplies,Paper,Xerox 19,154.9,5,0,69.705
TU-2015-RE9450134-42017,2015-01-13 00:00:00,RE-9450134,Richard Eichhorn,Consumer,Turkey,Asia Pacific,Western Asia,OFF-AR-6106,Office Supplies,Art,"Stanley Canvas, Easy-Erase",19.896,1,0.6,-17.933999999999994
ID-2015-SG208907-42035,2015-01-31 00:00:00,SG-208907,Susan Gilcrest,Corporate,Australia,Asia Pacific,Oceania,OFF-AR-5919,Office Supplies,Art,"Sanford Markers, Fluorescent",22.058999999999997,1,0.1,-1.971
ID-2015-KM162257-42018,2015-01-14 00:00:00,KM-162257,Kalyca Meade,Corporate,Australia,Asia Pacific,Oceania,OFF-FA-6198,Office Supplies,Fasteners,"Stockwell Rubber Bands, Assorted Sizes",8.388,1,0.4,1.3979999999999997
IZ-2015-DC285061-42028,2015-01-24 00:00:00,DC-285061,Dan Campbell,Consumer,Iraq,Asia Pacific,Western Asia,OFF-BI-3720,Office Supplies,Binders,"Cardinal Binder, Clear",26.58,2,0,0.78
NI-2015-PB915095-42007,2015-01-03 00:00:00,PB-915095,Philip Brown,Consumer,Nigeria,Africa,Western Africa,OFF-FA-5480,Office Supplies,Fasteners,"OIC Staples, 12 Pack",3.2310000000000003,1,0.7,-7.028999999999999
TU-2015-SJ10215134-42013,2015-01-09 00:00:00,SJ-10215134,Sarah Jordon,Consumer,Turkey,Asia Pacific,Western Asia,OFF-FA-2960,Office Supplies,Fasteners,"Accos Thumb Tacks, Assorted Sizes",4.452,1,0.6,-5.927999999999999
ID-2015-JC1610597-42013,2015-01-09 00:00:00,JC-1610597,Julie Creighton,Corporate,Pakistan,Asia Pacific,Southern Asia,OFF-ST-6025,Office Supplies,Storage,"Smead Box, Single Width",16.200000000000003,3,0.5,-8.100000000000001
NI-2015-CG252095-42024,2015-01-20 00:00:00,CG-252095,Claire Gute,Consumer,Nigeria,Africa,Western Africa,OFF-BI-3737,Office Supplies,Binders,"Cardinal Index Tab, Clear",4.356000000000001,2,0.7,-5.124
MX-2015-FC1433531-42020,2015-01-16 00:00:00,FC-1433531,Fred Chung,Corporate,Cuba,LATAM,Caribbean,OFF-LA-4537,Office Supplies,Labels,"Harbour Creations Legal Exhibit Labels, 5000 Label Set",7.56,1,0,0.82
NI-2015-PB915095-42007,2015-01-03 00:00:00,PB-915095,Philip Brown,Consumer,Nigeria,Africa,Western Africa,OFF-LA-4528,Office Supplies,Labels,"Harbour Creations Color Coded Labels, Alphabetical",3.8160000000000007,1,0.7,-2.5439999999999996
MX-2015-GH1442582-42013,2015-01-09 00:00:00,GH-1442582,Gary Hwang,Consumer,Mexico,LATAM,Central America,FUR-FU-3049,Furniture,Furnishings,"Advantus Photo Frame, Durable",40.007999999999996,2,0.4,-22.671999999999997
SF-2015-LS6975117-42021,2015-01-17 00:00:00,LS-6975117,Lindsay Shagiari,Home Office,South Africa,Africa,Southern Africa,OFF-SU-4313,Office Supplies,Supplies,"Fiskars Ruler, Serrated",22.259999999999998,2,0,8.22
IN-2015-MG1789097-42022,2015-01-18 00:00:00,MG-1789097,Michael Granlund,Home Office,Pakistan,Asia Pacific,Southern Asia,OFF-PA-4480,Office Supplies,Paper,"Green Bar Note Cards, Premium",44.685,3,0.5,-34.875
JO-2015-DV304567-42034,2015-01-30 00:00:00,DV-304567,Darrin Van Huff,Corporate,Jordan,Asia Pacific,Western Asia,OFF-EN-3667,Office Supplies,Envelopes,"Cameo Mailers, Set of 50",38.160000000000004,1,0,17.91
TU-2015-DK3150134-42024,2015-01-20 00:00:00,DK-3150134,David Kendrick,Corporate,Turkey,Asia Pacific,Western Asia,OFF-AR-3456,Office Supplies,Art,"BIC Markers, Blue",10.572000000000001,1,0.6,-15.347999999999999
IN-2015-PB191057-42024,2015-01-20 00:00:00,PB-191057,Peter Bühler,Consumer,Australia,Asia Pacific,Oceania,OFF-LA-4687,Office Supplies,Labels,"Hon Round Labels, Alphabetical",17.496000000000002,3,0.1,7.506
NI-2015-LT711095-42032,2015-01-28 00:00:00,LT-711095,Liz Thompson,Consumer,Nigeria,Africa,Western Africa,OFF-BI-4812,Office Supplies,Binders,"Ibico Binder, Durable",5.093999999999999,1,0.7,-11.405999999999997
NI-2015-PB915095-42007,2015-01-03 00:00:00,PB-915095,Philip Brown,Consumer,Nigeria,Africa,Western Africa,OFF-EN-4433,Office Supplies,Envelopes,"GlobeWeis Business Envelopes, Set of 50",10.404000000000002,2,0.7,-14.916
ID-2015-RH194957-42016,2015-01-12 00:00:00,RH-194957,Rick Hansen,Consumer,Australia,Asia Pacific,Oceania,OFF-SU-4976,Office Supplies,Supplies,"Kleencut Box Cutter, Steel",40.85999999999999,2,0.4,-15.719999999999999
CA-2015-SC20725140-42006,2015-01-02 00:00:00,SC-207251404,Steven Cartwright,Consumer,United States,USCA,Western US,FUR-FU-4753,Furniture,Furnishings,"Howard Miller 11-1/2"" Diameter Brentwood Wall Clock",474.43,11,0,199.26060000000004
IN-2015-AH1058527-42027,2015-01-23 00:00:00,AH-1058527,Angele Hood,Consumer,China,Asia Pacific,Eastern Asia,OFF-ST-4030,Office Supplies,Storage,"Eldon Box, Single Width",20.58,2,0,8.22
BO-2015-DB291013-42014,2015-01-10 00:00:00,DB-291013,Daniel Byrd,Home Office,Belarus,Europe,Eastern Europe,OFF-SU-4988,Office Supplies,Supplies,"Kleencut Scissors, Steel",21.69,1,0,1.29
ES-2015-HR1483064-42013,2015-01-09 00:00:00,HR-1483064,Harold Ryan,Corporate,Italy,Europe,Southern Europe,OFF-AR-6112,Office Supplies,Art,"Stanley Highlighters, Fluorescent",15.959999999999997,1,0,5.88
ID-2015-JE15715118-42031,2015-01-27 00:00:00,JE-15715118,Joe Elijah,Consumer,South Korea,Asia Pacific,Eastern Asia,TEC-AC-5217,Technology,Accessories,"Memorex Mouse, Erganomic",38.97,3,0.5,-28.08
TU-2015-AT435134-42014,2015-01-10 00:00:00,AT-435134,Alyssa Tate,Home Office,Turkey,Asia Pacific,Western Asia,OFF-SU-6181,Office Supplies,Supplies,"Stiletto Trimmer, High Speed",17.100000000000005,1,0.6,-16.26
ES-2015-ND18460139-42013,2015-01-09 00:00:00,ND-18460139,Neil Ducich,Corporate,United Kingdom,Europe,Northern Europe,OFF-EN-5027,Office Supplies,Envelopes,"Kraft Clasp Envelope, Set of 50",18,2,0,0
NI-2015-SC1080095-42010,2015-01-06 00:00:00,SC-1080095,Stuart Calhoun,Consumer,Nigeria,Africa,Western Africa,OFF-BI-2917,Office Supplies,Binders,"Acco Index Tab, Clear",5.148000000000001,2,0.7,-9.311999999999998
LH-2015-JC610575-42032,2015-01-28 00:00:00,JC-610575,Julie Creighton,Corporate,Lithuania,Europe,Northern Europe,OFF-BI-3251,Office Supplies,Binders,"Avery Binder, Clear",3.708,1,0.7,-7.421999999999999
SF-2015-LS6975117-42021,2015-01-17 00:00:00,LS-6975117,Lindsay Shagiari,Home Office,South Africa,Africa,Southern Africa,OFF-LA-6062,Office Supplies,Labels,"Smead Shipping Labels, Adjustable",9.51,1,0,0.66
EG-2015-CS246038-42031,2015-01-27 00:00:00,CS-246038,Chuck Sachs,Consumer,Egypt,Africa,North Africa,OFF-AR-6111,Office Supplies,Art,"Stanley Highlighters, Easy-Erase",14.97,1,0,5.37
CA-2015-TM21010140-42025,2015-01-21 00:00:00,TM-210101404,Tamara Manning,Consumer,United States,USCA,Western US,TEC-PH-5565,Technology,Phones,Panasonic KX-TG9541B DECT 6.0 Digital 2-Line Expandable Cordless Phone With Digital Answering System,359.97600000000006,3,0.2,130.49130000000002
CA-2015-TM21010140-42034,2015-01-30 00:00:00,TM-210101402,Tamara Manning,Consumer,United States,USCA,Central US,OFF-PA-6436,Office Supplies,Paper,Xerox 1887,94.85,5,0,45.52799999999999
CA-2015-TM21010140-42034,2015-01-30 00:00:00,TM-210101402,Tamara Manning,Consumer,United States,USCA,Central US,FUR-FU-3923,Furniture,Furnishings,"DAX Value U-Channel Document Frames, Easel Back",14.91,3,0,4.6221
CA-2015-TM21010140-42034,2015-01-30 00:00:00,TM-210101402,Tamara Manning,Consumer,United States,USCA,Central US,OFF-PA-6556,Office Supplies,Paper,Xerox 1997,12.96,2,0,6.2208000000000006
MX-2015-BP1105039-42020,2015-01-16 00:00:00,BP-1105039,Barry Pond,Corporate,El Salvador,LATAM,Central America,OFF-LA-4543,Office Supplies,Labels,"Harbour Creations Removable Labels, Laser Printer Compatible",13.559999999999999,2,0,0.52
CA-2015-TM21010140-42034,2015-01-30 00:00:00,TM-210101402,Tamara Manning,Consumer,United States,USCA,Central US,OFF-ST-6266,Office Supplies,Storage,"Tenex Personal Project File with Scoop Front Design, Black",13.48,1,0,3.5047999999999995
CA-2015-TM21010140-42025,2015-01-21 00:00:00,TM-210101404,Tamara Manning,Consumer,United States,USCA,Western US,OFF-FA-6129,Office Supplies,Fasteners,Staples,24.2,5,0,7.986
ES-2015-JG1580545-42021,2015-01-17 00:00:00,JG-1580545,John Grady,Corporate,France,Europe,Western Europe,OFF-BI-2913,Office Supplies,Binders,"Acco Hole Reinforcements, Durable",24.48,3,0,11.43
MX-2015-GM1450098-42025,2015-01-21 00:00:00,GM-1450098,Gene McClure,Consumer,Panama,LATAM,Central America,OFF-BI-3737,Office Supplies,Binders,"Cardinal Index Tab, Clear",8.063999999999997,3,0.4,0.5040000000000013
IT-2015-BD1132091-42032,2015-01-28 00:00:00,BD-1132091,Bill Donatelli,Consumer,Netherlands,Europe,Western Europe,OFF-BI-3289,Office Supplies,Binders,"Avery Hole Reinforcements, Clear",13.545,7,0.5,-11.025
TU-2015-CB2535134-42017,2015-01-13 00:00:00,CB-2535134,Claudia Bergmann,Corporate,Turkey,Asia Pacific,Western Asia,OFF-AR-5905,Office Supplies,Art,"Sanford Canvas, Water Color",21.480000000000004,1,0.6,-32.22
ID-2015-SG208907-42035,2015-01-31 00:00:00,SG-208907,Susan Gilcrest,Corporate,Australia,Asia Pacific,Oceania,OFF-BI-6403,Office Supplies,Binders,"Wilson Jones Index Tab, Durable",7.154999999999999,1,0.1,0.615
US-2015-TS21085140-42012,2015-01-08 00:00:00,TS-210851408,Thais Sissman,Consumer,United States,USCA,Southern US,OFF-BI-6634,Office Supplies,Binders,Zipper Ring Binder Pockets,2.8080000000000007,3,0.7,-1.9656000000000002
CA-2015-TH21100140-42025,2015-01-21 00:00:00,TH-211001404,Thea Hendricks,Consumer,United States,USCA,Western US,TEC-PH-5662,Technology,Phones,RCA Visys Integrated PBX 8-Line Router,160.776,3,0.2,10.048500000000004
CA-2015-TP21130140-42029,2015-01-25 00:00:00,TP-211301408,Theone Pippenger,Consumer,United States,USCA,Southern US,OFF-FA-5680,Office Supplies,Fasteners,Revere Boxed Rubber Bands by Revere,5.67,3,0,0.11340000000000017
ES-2015-FH1435045-42005,2015-01-01 00:00:00,FH-1435045,Fred Harton,Consumer,France,Europe,Western Europe,OFF-LA-6056,Office Supplies,Labels,"Smead Round Labels, Laser Printer Compatible",13.799999999999999,2,0,4.92
IT-2015-JL1517545-42010,2015-01-06 00:00:00,JL-1517545,James Lanier,Home Office,France,Europe,Western Europe,OFF-AR-3482,Office Supplies,Art,"Binney & Smith Highlighters, Easy-Erase",16.86,1,0,6.0600000000000005
US-2015-TB21250140-42020,2015-01-16 00:00:00,TB-212501402,Tim Brockman,Consumer,United States,USCA,Central US,TEC-AC-5182,Technology,Accessories,"Maxell 74 Minute CDR, 10/Pack",62.592,8,0.2,13.300799999999999
US-2015-TB21250140-42020,2015-01-16 00:00:00,TB-212501402,Tim Brockman,Consumer,United States,USCA,Central US,TEC-AC-5094,Technology,Accessories,Logitech 910-002974 M325 Wireless Mouse for Web Scrolling,47.984,2,0.2,14.395200000000004
ES-2015-JH1618045-42025,2015-01-21 00:00:00,JH-1618045,Justin Hirsh,Consumer,France,Europe,Western Europe,OFF-LA-6050,Office Supplies,Labels,"Smead Removable Labels, 5000 Label Set",21,2,0,6.720000000000001
US-2015-TB21250140-42020,2015-01-16 00:00:00,TB-212501402,Tim Brockman,Consumer,United States,USCA,Central US,OFF-BI-2905,Office Supplies,Binders,Acco D-Ring Binder w/DublLock,4.275999999999999,1,0.8,-6.627800000000001
US-2015-TB21250140-42020,2015-01-16 00:00:00,TB-212501402,Tim Brockman,Consumer,United States,USCA,Central US,OFF-BI-6408,Office Supplies,Binders,"Wilson Jones Ledger-Size, Piano-Hinge Binder, 2"", Blue",32.78399999999999,4,0.8,-52.45440000000001
TU-2015-Co2640134-42007,2015-01-03 00:00:00,Co-2640134,Corey-Lock,Consumer,Turkey,Asia Pacific,Western Asia,OFF-BI-4823,Office Supplies,Binders,"Ibico Hole Reinforcements, Clear",2.58,1,0.6,-1.3799999999999994
US-2015-TG21310140-42032,2015-01-28 00:00:00,TG-213101406,Toby Gnade,Consumer,United States,USCA,Eastern US,TEC-PH-4901,Technology,Phones,Jensen SMPS-640 - speaker phone,137.94,3,0,35.864399999999996
IN-2015-SR2074058-42033,2015-01-29 00:00:00,SR-2074058,Steven Roelle,Home Office,India,Asia Pacific,Southern Asia,FUR-FU-6259,Furniture,Furnishings,"Tenex Light Bulb, Durable",15.959999999999997,1,0,2.37
KE-2015-PL892569-42010,2015-01-06 00:00:00,PL-892569,Paul Lucas,Home Office,Kenya,Africa,Eastern Africa,OFF-AR-3465,Office Supplies,Art,"BIC Pens, Easy-Erase",29.099999999999998,2,0,6.36
IZ-2015-KM672061-42020,2015-01-16 00:00:00,KM-672061,Kunst Miller,Consumer,Iraq,Asia Pacific,Western Asia,OFF-BI-6400,Office Supplies,Binders,"Wilson Jones Hole Reinforcements, Recycled",19.560000000000002,4,0,4.68
CA-2015-TT21460140-42020,2015-01-16 00:00:00,TT-214601404,Tonja Turnell,Home Office,United States,USCA,Western US,OFF-AR-5327,Office Supplies,Art,Newell 347,21.400000000000002,5,0,6.205999999999998
CG-2015-AR54033-42010,2015-01-06 00:00:00,AR-54033,Andy Reiter,Consumer,Democratic Republic of the Congo,Africa,Central Africa,OFF-BI-4826,Office Supplies,Binders,"Ibico Hole Reinforcements, Recycled",7.3500000000000005,1,0,2.25
SU-2015-JM5250122-42006,2015-01-02 00:00:00,JM-5250122,Janet Martin,Consumer,Sudan,Africa,North Africa,OFF-FA-6195,Office Supplies,Fasteners,"Stockwell Push Pins, Bulk Pack",14.370000000000001,1,0,3
TU-2015-DK3150134-42024,2015-01-20 00:00:00,DK-3150134,David Kendrick,Corporate,Turkey,Asia Pacific,Western Asia,OFF-FA-3070,Office Supplies,Fasteners,"Advantus Staples, Bulk Pack",8.688,2,0.6,-4.391999999999998
US-2015-TP21565140-42019,2015-01-15 00:00:00,TP-215651404,Tracy Poddar,Corporate,United States,USCA,Western US,TEC-AC-4875,Technology,Accessories,Imation 8GB Mini TravelDrive USB 2.0 Flash Drive,169.06400000000002,7,0.2,-14.793099999999995
US-2015-TP21565140-42019,2015-01-15 00:00:00,TP-215651404,Tracy Poddar,Corporate,United States,USCA,Western US,OFF-ST-5242,Office Supplies,Storage,Mobile Personal File Cube,168.624,9,0.2,14.754599999999996
IN-2015-AS1022527-42013,2015-01-09 00:00:00,AS-1022527,Alan Schoenberger,Corporate,China,Asia Pacific,Eastern Asia,OFF-LA-3321,Office Supplies,Labels,"Avery Shipping Labels, Adjustable",48.75,5,0,11.7
ES-2015-EN1378045-42024,2015-01-20 00:00:00,EN-1378045,Edward Nazzal,Consumer,France,Europe,Western Europe,OFF-BI-3293,Office Supplies,Binders,"Avery Index Tab, Clear",12.66,2,0,0.48
ES-2015-GM14695139-42025,2015-01-21 00:00:00,GM-14695139,Greg Maxwell,Corporate,United Kingdom,Europe,Northern Europe,OFF-LA-4542,Office Supplies,Labels,"Harbour Creations Removable Labels, Adjustable",16.5,2,0,2.2800000000000002
ES-2015-RA1928548-42018,2015-01-14 00:00:00,RA-1928548,Ralph Arnett,Consumer,Germany,Europe,Western Europe,OFF-SU-2988,Office Supplies,Supplies,"Acme Scissors, Easy Grip",54.12,2,0,12.96
CA-2015-TS21655140-42007,2015-01-03 00:00:00,TS-216551402,Trudy Schmidt,Consumer,United States,USCA,Central US,FUR-TA-3423,Furniture,Tables,"Bevis Oval Conference Table, Walnut",913.4300000000001,5,0.3,-169.63700000000009
CA-2015-TS21655140-42007,2015-01-03 00:00:00,TS-216551402,Trudy Schmidt,Consumer,United States,USCA,Central US,OFF-ST-3981,Office Supplies,Storage,"Dual Level, Single-Width Filing Carts",372.144,3,0.2,27.91080000000001
CA-2015-TS21655140-42007,2015-01-03 00:00:00,TS-216551402,Trudy Schmidt,Consumer,United States,USCA,Central US,OFF-AR-5296,Office Supplies,Art,Newell 319,31.744,2,0.2,3.9679999999999964
ES-2015-GD1459048-42026,2015-01-22 00:00:00,GD-1459048,Giulietta Dortch,Corporate,Germany,Europe,Western Europe,OFF-LA-4534,Office Supplies,Labels,"Harbour Creations File Folder Labels, Adjustable",26.52,4,0,1.32
CA-2015-TS21655140-42007,2015-01-03 00:00:00,TS-216551402,Trudy Schmidt,Consumer,United States,USCA,Central US,OFF-AP-4729,Office Supplies,Appliances,Hoover Commercial SteamVac,5.431999999999999,2,0.8,-13.580000000000002
ID-2015-CM1183097-42019,2015-01-15 00:00:00,CM-1183097,Cari MacIntyre,Corporate,Pakistan,Asia Pacific,Southern Asia,OFF-FA-6190,Office Supplies,Fasteners,"Stockwell Paper Clips, Bulk Pack",14.01,2,0.5,-2.8499999999999996
IT-2015-DO13645139-42026,2015-01-22 00:00:00,DO-13645139,Doug O'Connell,Consumer,United Kingdom,Europe,Northern Europe,OFF-BI-6402,Office Supplies,Binders,"Wilson Jones Index Tab, Clear",11.82,2,0,1.02
NI-2015-TC1098095-42033,2015-01-29 00:00:00,TC-1098095,Tamara Chand,Corporate,Nigeria,Africa,Western Africa,OFF-AR-3528,Office Supplies,Art,"Boston Canvas, Water Color",17.046000000000006,1,0.7,-31.254
MX-2015-VT2170018-42012,2015-01-08 00:00:00,VT-2170018,Valerie Takahito,Home Office,Brazil,LATAM,South America,OFF-FA-6205,Office Supplies,Fasteners,"Stockwell Thumb Tacks, 12 Pack",17.280000000000005,2,0,6.36
NI-2015-PB915095-42007,2015-01-03 00:00:00,PB-915095,Philip Brown,Consumer,Nigeria,Africa,Western Africa,TEC-AC-4151,Technology,Accessories,"Enermax Flash Drive, Bluetooth",12.456000000000001,1,0.7,-15.803999999999997
CA-2015-VG21790140-42034,2015-01-30 00:00:00,VG-217901404,Vivek Gonzalez,Consumer,United States,USCA,Western US,OFF-BI-3823,Office Supplies,Binders,Clear Mylar Reinforcing Strips,119.61600000000001,8,0.2,40.3704
CA-2015-VG21790140-42034,2015-01-30 00:00:00,VG-217901404,Vivek Gonzalez,Consumer,United States,USCA,Western US,OFF-SU-2981,Office Supplies,Supplies,Acme Office Executive Series Stainless Steel Trimmers,8.57,1,0,2.2282
CA-2015-VG21790140-42034,2015-01-30 00:00:00,VG-217901404,Vivek Gonzalez,Consumer,United States,USCA,Western US,OFF-AR-5318,Office Supplies,Art,Newell 339,8.34,3,0,2.1683999999999997
NI-2015-SF1006595-42035,2015-01-31 00:00:00,SF-1006595,Sandra Flanagan,Consumer,Nigeria,Africa,Western Africa,OFF-BI-6403,Office Supplies,Binders,"Wilson Jones Index Tab, Durable",2.3850000000000002,1,0.7,-5.414999999999999
ES-2015-IG1508545-42032,2015-01-28 00:00:00,IG-1508545,Ivan Gibson,Consumer,France,Europe,Western Europe,OFF-EN-4917,Office Supplies,Envelopes,"Jiffy Mailers, with clear poly window",122.13,3,0,61.019999999999996
SU-2015-JM5250122-42006,2015-01-02 00:00:00,JM-5250122,Janet Martin,Consumer,Sudan,Africa,North Africa,TEC-PH-5248,Technology,Phones,"Motorola Audio Dock, VoIP",173.46,1,0,50.28
IN-2015-SJ202157-42007,2015-01-03 00:00:00,SJ-202157,Sarah Jordon,Consumer,Australia,Asia Pacific,Oceania,OFF-AR-3547,Office Supplies,Art,"Boston Pens, Easy-Erase",78.24600000000001,6,0.1,-0.05400000000000027
TU-2015-SW10350134-42024,2015-01-20 00:00:00,SW-10350134,Sean Wendt,Home Office,Turkey,Asia Pacific,Western Asia,OFF-BI-6384,Office Supplies,Binders,"Wilson Jones Binding Machine, Economy",19.584000000000003,1,0.6,-11.765999999999998
