Order ID,Order Date,Customer ID,Customer Name,Segment,Country,Market,Region,Product ID,Category,Sub-Category,Product Name,Sales,Quantity,Discount,Profit
BO-2015-MZ733513-42046,2015-02-11 00:00:00,MZ-733513,Maria Zettner,Home Office,Belarus,Europe,Eastern Europe,FUR-CH-4654,Furniture,Chairs,"Hon Executive Leather Armchair, Adjustable",2757.7799999999997,6,0,744.48
ES-2015-MB1808545-42049,2015-02-14 00:00:00,MB-1808545,Mick Brown,Consumer,France,Europe,Western Europe,OFF-ST-6261,Office Supplies,Storage,"Tenex Lockers, Blue",734.9399999999999,4,0.1,130.62000000000003
IN-2015-CC125507-42046,2015-02-11 00:00:00,CC-125507,Clay Cheatham,Consumer,Australia,Asia Pacific,Oceania,TEC-CO-3706,Technology,Copiers,"Canon Personal Copier, Laser",1027.728,8,0.1,182.688
MX-2015-NS1850528-42059,2015-02-24 00:00:00,NS-1850528,Neola Schneider,Consumer,Colombia,LATAM,South America,TEC-CO-6010,Technology,Copiers,"Sharp Wireless Fax, Digital",1655.9614399999998,7,0.002,13.201440000000002
IZ-2015-BD163561-42045,2015-02-10 00:00:00,BD-163561,Brian Derr,Consumer,Iraq,Asia Pacific,Western Asia,OFF-AP-4966,Office Supplies,Appliances,"KitchenAid Stove, Silver",3425.4000000000005,6,0,1233
ES-2015-RF19345120-42043,2015-02-08 00:00:00,RF-19345120,Randy Ferguson,Corporate,Spain,Europe,Southern Europe,OFF-AP-4743,Office Supplies,Appliances,"Hoover Stove, Red",1136.94,2,0,568.4399999999999
ES-2015-AS10090139-42062,2015-02-27 00:00:00,AS-10090139,Adam Shillingsburg,Consumer,United Kingdom,Europe,Northern Europe,OFF-AP-4745,Office Supplies,Appliances,"Hoover Stove, White",1699.83,3,0,84.96000000000001
IN-2015-AM107057-42047,2015-02-12 00:00:00,AM-107057,Anne McFarland,Consumer,Australia,Asia Pacific,Oceania,TEC-AC-4186,Technology,Accessories,"Enermax Router, Erganomic",2074.7340000000004,9,0.1,276.534
ID-2015-KH16510102-42052,2015-02-17 00:00:00,KH-16510102,Keith Herrera,Consumer,Philippines,Asia Pacific,Southeastern Asia,FUR-CH-5441,Furniture,Chairs,"Office Star Executive Leather Armchair, Adjustable",1046.2499999999995,3,0.25,-111.59999999999985
ES-2015-BW11110120-42046,2015-02-11 00:00:00,BW-11110120,Bart Watters,Corporate,Spain,Europe,Southern Europe,OFF-AP-3868,Office Supplies,Appliances,"Cuisinart Refrigerator, Black",2477.55,5,0,1040.5500000000002
IT-2015-JK1532545-42052,2015-02-17 00:00:00,JK-1532545,Jason Klamczynski,Corporate,France,Europe,Western Europe,FUR-BO-3904,Furniture,Bookcases,"Dania Library with Doors, Traditional",1630.7999999999997,5,0.1,17.99999999999997
IR-2015-CH207060-42048,2015-02-13 00:00:00,CH-207060,Cathy Hwang,Home Office,Iran,Asia Pacific,Southern Asia,FUR-BO-5953,Furniture,Bookcases,"Sauder Corner Shelving, Mobile",1198.5600000000002,8,0,359.52
IN-2015-LS1694559-42045,2015-02-10 00:00:00,LS-1694559,Linda Southworth,Corporate,Indonesia,Asia Pacific,Southeastern Asia,TEC-PH-3147,Technology,Phones,"Apple Smart Phone, Cordless",1584.3869999999997,3,0.17,381.717
MX-2015-AH1021051-42039,2015-02-04 00:00:00,AH-1021051,Alan Hwang,Consumer,Guatemala,LATAM,Central America,TEC-PH-5356,Technology,Phones,"Nokia Smart Phone, with Caller ID",2981.5799999999995,7,0,1192.52
ID-2015-MF18250102-42039,2015-02-04 00:00:00,MF-18250102,Monica Federle,Corporate,Philippines,Asia Pacific,Southeastern Asia,FUR-CH-4530,Furniture,Chairs,"Harbour Creations Executive Leather Armchair, Adjustable",714.15,2,0.25,-28.590000000000003
ES-2015-DL1349548-42052,2015-02-17 00:00:00,DL-1349548,Dionis Lloyd,Corporate,Germany,Europe,Western Europe,TEC-MA-5014,Technology,Machines,"Konica Printer, Durable",1071.8400000000001,4,0,310.79999999999995
ES-2015-JB1540045-42060,2015-02-25 00:00:00,JB-1540045,Jennifer Braxton,Corporate,France,Europe,Western Europe,TEC-MA-5515,Technology,Machines,"Okidata Receipt Printer, Red",918.4590000000001,9,0.15,21.518999999999977
IT-2015-TC2098045-42056,2015-02-21 00:00:00,TC-2098045,Tamara Chand,Corporate,France,Europe,Western Europe,TEC-CO-3592,Technology,Copiers,"Brother Fax and Copier, Digital",1299.684,8,0.15,-15.515999999999991
IT-2015-CM12655124-42042,2015-02-07 00:00:00,CM-12655124,Corinna Mitchell,Home Office,Sweden,Europe,Northern Europe,FUR-BO-5948,Furniture,Bookcases,"Sauder Classic Bookcase, Metal",2830.425,13,0.5,-1981.3950000000002
SA-2015-KH6630110-42043,2015-02-08 00:00:00,KH-6630110,Ken Heidel,Corporate,Saudi Arabia,Asia Pacific,Western Asia,TEC-CO-3708,Technology,Copiers,"Canon Wireless Fax, Digital",756.6,2,0,332.88
MX-2015-RD1966082-42038,2015-02-03 00:00:00,RD-1966082,Robert Dilbeck,Home Office,Mexico,LATAM,Central America,TEC-PH-5358,Technology,Phones,"Nokia Speaker Phone, Full Size",331.84,4,0,23.2
IS-2015-PB921063-42062,2015-02-27 00:00:00,PB-921063,Phillip Breyer,Corporate,Israel,Asia Pacific,Western Asia,TEC-CO-4774,Technology,Copiers,"HP Fax Machine, Digital",1198.32,4,0,0
ID-2015-MB17305144-42049,2015-02-14 00:00:00,MB-17305144,Maria Bertelson,Consumer,Vietnam,Asia Pacific,Southeastern Asia,TEC-AC-4186,Technology,Accessories,"Enermax Router, Erganomic",678.7710000000002,5,0.47000000000000003,-320.22900000000016
SF-2015-CD1920117-42055,2015-02-20 00:00:00,CD-1920117,Carlos Daly,Consumer,South Africa,Africa,Southern Africa,FUR-BO-3885,Furniture,Bookcases,"Dania 3-Shelf Cabinet, Metal",1127.28,8,0,225.36
ID-2015-MF18250102-42039,2015-02-04 00:00:00,MF-18250102,Monica Federle,Corporate,Philippines,Asia Pacific,Southeastern Asia,TEC-PH-5355,Technology,Phones,"Nokia Smart Phone, Full Size",956.0250000000001,2,0.25,-153.01500000000001
ES-2015-GZ1447048-42060,2015-02-25 00:00:00,GZ-1447048,Gary Zandusky,Consumer,Germany,Europe,Western Europe,FUR-CH-5774,Furniture,Chairs,"SAFCO Executive Leather Armchair, Black",1652.3999999999996,4,0.1,679.3199999999999
ES-2015-TS2150545-42042,2015-02-07 00:00:00,TS-2150545,Tony Sayre,Consumer,France,Europe,Western Europe,TEC-CO-3598,Technology,Copiers,"Brother Fax Machine, Laser",541.518,2,0.15,165.618
PL-2015-KB6315103-42058,2015-02-23 00:00:00,KB-6315103,Karl Braun,Consumer,Poland,Europe,Eastern Europe,FUR-TA-3759,Furniture,Tables,"Chromcraft Computer Table, Adjustable Height",445.62,1,0,218.34
SA-2015-MY7380110-42047,2015-02-12 00:00:00,MY-7380110,Maribeth Yedwab,Corporate,Saudi Arabia,Asia Pacific,Western Asia,FUR-BO-5787,Furniture,Bookcases,"Safco Library with Doors, Pine",1564.56,4,0,782.28
ES-2015-KW16570139-42059,2015-02-24 00:00:00,KW-16570139,Kelly Williams,Consumer,United Kingdom,Europe,Northern Europe,FUR-CH-5450,Furniture,Chairs,"Office Star Steel Folding Chair, Adjustable",470.99999999999994,5,0,226.05
IT-2015-JC15340139-42046,2015-02-11 00:00:00,JC-15340139,Jasper Cacioppo,Consumer,United Kingdom,Europe,Northern Europe,OFF-ST-6031,Office Supplies,Storage,"Smead File Cart, Blue",318.675,5,0.5,-312.375
ES-2015-JP1546045-42059,2015-02-24 00:00:00,JP-1546045,Jennifer Patt,Corporate,France,Europe,Western Europe,OFF-AP-4504,Office Supplies,Appliances,"Hamilton Beach Refrigerator, White",896.8859999999999,2,0.1,219.18600000000004
MX-2015-RB1943582-42041,2015-02-06 00:00:00,RB-1943582,Richard Bierner,Consumer,Mexico,LATAM,Central America,FUR-BO-5760,Furniture,Bookcases,"Safco Classic Bookcase, Metal",1867.136,8,0.2,-93.50399999999999
CA-2015-AC10615140-42059,2015-02-24 00:00:00,AC-106151404,Ann Chong,Corporate,United States,USCA,Western US,TEC-PH-4887,Technology,Phones,invisibleSHIELD by ZAGG Smudge-Free Screen Protector,71.96,5,0.2,25.185999999999996
CA-2015-AC10615140-42059,2015-02-24 00:00:00,AC-106151404,Ann Chong,Corporate,United States,USCA,Western US,OFF-FA-3081,Office Supplies,Fasteners,Alliance Rubber Bands,8.4,5,0,0.33599999999999963
ES-2015-AB1001545-42047,2015-02-12 00:00:00,AB-1001545,Aaron Bergman,Consumer,France,Europe,Western Europe,TEC-CO-6009,Technology,Copiers,"Sharp Wireless Fax, Color",1822.5359999999998,6,0.15,385.776
IT-2015-BT1144091-42052,2015-02-17 00:00:00,BT-1144091,Bobby Trafton,Consumer,Netherlands,Europe,Western Europe,TEC-CO-4765,Technology,Copiers,"HP Copy Machine, Color",735.39,6,0.5,-235.34999999999997
IN-2015-AB1060097-42055,2015-02-20 00:00:00,AB-1060097,Ann Blume,Corporate,Pakistan,Asia Pacific,Southern Asia,FUR-BO-4862,Furniture,Bookcases,"Ikea Library with Doors, Pine",2042.5440000000003,7,0.2,255.23399999999992
IN-2015-LD170057-42063,2015-02-28 00:00:00,LD-170057,Lisa DeCherney,Consumer,Australia,Asia Pacific,Oceania,FUR-BO-5798,Furniture,Bookcases,"Safco Stackable Bookrack, Pine",545.4,4,0.1,60.59999999999999
IT-2015-CM1181564-42055,2015-02-20 00:00:00,CM-1181564,Candace McMahon,Corporate,Italy,Europe,Southern Europe,TEC-MA-6142,Technology,Machines,"StarTech Inkjet, Wireless",724.248,4,0.4,-446.7120000000001
IN-2015-TB21400102-42049,2015-02-14 00:00:00,TB-21400102,Tom Boeckenhauer,Consumer,Philippines,Asia Pacific,Southeastern Asia,FUR-CH-5442,Furniture,Chairs,"Office Star Executive Leather Armchair, Black",1051.7175,3,0.25,308.49749999999995
IN-2015-CC1261027-42059,2015-02-24 00:00:00,CC-1261027,Corey Catlett,Corporate,China,Asia Pacific,Eastern Asia,TEC-CO-4588,Technology,Copiers,"Hewlett Personal Copier, High-Speed",997.2899999999997,7,0,9.87
IR-2015-SC1026060-42054,2015-02-19 00:00:00,SC-1026060,Scott Cohen,Corporate,Iran,Asia Pacific,Southern Asia,TEC-PH-3147,Technology,Phones,"Apple Smart Phone, Cordless",1272.6,2,0,279.96
MX-2015-AG1076593-42061,2015-02-26 00:00:00,AG-1076593,Anthony Garverick,Home Office,Nicaragua,LATAM,Central America,FUR-BO-4848,Furniture,Bookcases,"Ikea Classic Bookcase, Metal",1918.9799999999996,7,0,633.2199999999999
ID-2015-CW119057-42056,2015-02-21 00:00:00,CW-119057,Carl Weiss,Home Office,Australia,Asia Pacific,Oceania,OFF-ST-4057,Office Supplies,Storage,"Eldon File Cart, Single Width",805.896,7,0.1,-35.994000000000014
IN-2015-KB16405102-42048,2015-02-13 00:00:00,KB-16405102,Katrina Bavinger,Home Office,Philippines,Asia Pacific,Southeastern Asia,FUR-CH-5378,Furniture,Chairs,"Novimex Executive Leather Armchair, Adjustable",1726.6499999999996,5,0.25,414.29999999999995
RO-2015-LA6780107-42063,2015-02-28 00:00:00,LA-6780107,Laura Armstrong,Corporate,Romania,Europe,Eastern Europe,TEC-PH-3148,Technology,Phones,"Apple Smart Phone, Full Size",1272.42,2,0,356.21999999999997
IN-2015-AC1061527-42049,2015-02-14 00:00:00,AC-1061527,Ann Chong,Corporate,China,Asia Pacific,Eastern Asia,FUR-BO-3618,Furniture,Bookcases,"Bush 3-Shelf Cabinet, Traditional",573.48,4,0,200.64
IN-2015-AM107057-42047,2015-02-12 00:00:00,AM-107057,Anne McFarland,Consumer,Australia,Asia Pacific,Oceania,TEC-PH-3787,Technology,Phones,"Cisco Audio Dock, with Caller ID",655.452,4,0.1,240.25199999999998
ID-2015-CR1262559-42053,2015-02-18 00:00:00,CR-1262559,Corey Roper,Home Office,Indonesia,Asia Pacific,Southeastern Asia,TEC-AC-5897,Technology,Accessories,"SanDisk Router, USB",951.8376,7,0.47000000000000003,35.81759999999986
ID-2015-DM1334597-42048,2015-02-13 00:00:00,DM-1334597,Denise Monton,Corporate,Pakistan,Asia Pacific,Southern Asia,OFF-ST-5702,Office Supplies,Storage,"Rogers Lockers, Single Width",740.7749999999999,7,0.5,-88.93499999999983
ID-2015-KH16510102-42052,2015-02-17 00:00:00,KH-16510102,Keith Herrera,Consumer,Philippines,Asia Pacific,Southeastern Asia,FUR-CH-4656,Furniture,Chairs,"Hon Executive Leather Armchair, Red",344.5424999999999,1,0.25,-45.96749999999997
ES-2015-BW11110120-42046,2015-02-11 00:00:00,BW-11110120,Bart Watters,Corporate,Spain,Europe,Southern Europe,FUR-FU-3047,Furniture,Furnishings,"Advantus Photo Frame, Black",688.74,13,0,6.63
ES-2015-CC1214596-42047,2015-02-12 00:00:00,CC-1214596,Charles Crestani,Consumer,Norway,Europe,Northern Europe,TEC-MA-5514,Technology,Machines,"Okidata Receipt Printer, Durable",369.09000000000003,3,0,14.76
IN-2015-KB165857-42040,2015-02-05 00:00:00,KB-165857,Ken Black,Corporate,Australia,Asia Pacific,Oceania,OFF-AP-4735,Office Supplies,Appliances,"Hoover Refrigerator, Black",1419.3629999999998,3,0.1,110.31299999999999
ES-2015-AS10045139-42042,2015-02-07 00:00:00,AS-10045139,Aaron Smayling,Corporate,United Kingdom,Europe,Northern Europe,TEC-AC-5887,Technology,Accessories,"SanDisk Numeric Keypad, Bluetooth",388.9200000000001,7,0,0
IN-2015-AM107057-42047,2015-02-12 00:00:00,AM-107057,Anne McFarland,Consumer,Australia,Asia Pacific,Oceania,FUR-BO-5762,Furniture,Bookcases,"Safco Classic Bookcase, Pine",1186.65,3,0.1,-39.60000000000002
ES-2015-HM1498048-42049,2015-02-14 00:00:00,HM-1498048,Henry MacAllister,Consumer,Germany,Europe,Western Europe,OFF-ST-6264,Office Supplies,Storage,"Tenex Lockers, Wire Frame",1280.2859999999998,7,0.1,298.53599999999994
ES-2015-LC1696064-42049,2015-02-14 00:00:00,LC-1696064,Lindsay Castell,Home Office,Italy,Europe,Southern Europe,FUR-BO-4851,Furniture,Bookcases,"Ikea Classic Bookcase, Traditional",1235.25,3,0,469.34999999999997
ES-2015-BB1099048-42060,2015-02-25 00:00:00,BB-1099048,Barry Blumstein,Corporate,Germany,Europe,Western Europe,TEC-PH-5813,Technology,Phones,"Samsung Audio Dock, Full Size",672.48,4,0,87.36
ES-2015-AH1012045-42057,2015-02-22 00:00:00,AH-1012045,Adrian Hane,Home Office,France,Europe,Western Europe,OFF-ST-4081,Office Supplies,Storage,"Eldon Lockers, Wire Frame",886.4099999999999,5,0.1,98.45999999999998
MX-2015-KM1666082-42047,2015-02-12 00:00:00,KM-1666082,Khloe Miller,Consumer,Mexico,LATAM,Central America,FUR-CH-4561,Furniture,Chairs,"Harbour Creations Swivel Stool, Adjustable",681.744,7,0.2,187.404
BO-2015-DS303013-42042,2015-02-07 00:00:00,DS-303013,Darrin Sayre,Home Office,Belarus,Europe,Eastern Europe,TEC-PH-3140,Technology,Phones,"Apple Office Telephone, Full Size",798.8399999999999,12,0,351.36
CA-2015-BP11095140-42056,2015-02-21 00:00:00,BP-110951404,Bart Pistole,Corporate,United States,USCA,Western US,OFF-FA-6129,Office Supplies,Fasteners,Staples,9.432,3,0.2,3.065399999999999
ID-2015-TZ214457-42042,2015-02-07 00:00:00,TZ-214457,Tom Zandusky,Corporate,Australia,Asia Pacific,Oceania,FUR-BO-5786,Furniture,Bookcases,"Safco Library with Doors, Mobile",706.1579999999999,3,0.4,-117.70199999999994
RS-2015-CM2115108-42059,2015-02-24 00:00:00,CM-2115108,Chad McGuire,Consumer,Russia,Europe,Eastern Europe,OFF-ST-4078,Office Supplies,Storage,"Eldon Lockers, Blue",395.82,2,0,39.54
TU-2015-IG5085134-42038,2015-02-03 00:00:00,IG-5085134,Ivan Gibson,Consumer,Turkey,Asia Pacific,Western Asia,TEC-PH-5273,Technology,Phones,"Motorola Speaker Phone, with Caller ID",207.64800000000002,4,0.6,-197.35199999999998
CG-2015-HP481533-42047,2015-02-12 00:00:00,HP-481533,Harold Pawlan,Home Office,Democratic Republic of the Congo,Africa,Central Africa,OFF-AP-4501,Office Supplies,Appliances,"Hamilton Beach Refrigerator, Black",499.55999999999995,1,0,89.91
IN-2015-CM12160102-42053,2015-02-18 00:00:00,CM-12160102,Charles McCrossin,Consumer,Philippines,Asia Pacific,Southeastern Asia,FUR-FU-3940,Furniture,Furnishings,"Deflect-O Frame, Black",495.18,6,0.25,79.19999999999999
CA-2015-BM11140140-42062,2015-02-27 00:00:00,BM-111401404,Becky Martin,Consumer,United States,USCA,Western US,OFF-AP-6320,Office Supplies,Appliances,Tripp Lite TLP810NET Broadband Surge for Modem/Fax,356.78999999999996,7,0,99.90119999999999
IN-2015-AB10015144-42045,2015-02-10 00:00:00,AB-10015144,Aaron Bergman,Consumer,Vietnam,Asia Pacific,Southeastern Asia,TEC-CO-5992,Technology,Copiers,"Sharp Copy Machine, Laser",602.3807999999999,4,0.37,114.70080000000007
MX-2015-JD1589582-42042,2015-02-07 00:00:00,JD-1589582,Jonathan Doherty,Corporate,Mexico,LATAM,Central America,TEC-PH-3784,Technology,Phones,"Cisco Audio Dock, Cordless",616.4,5,0,43.099999999999994
IN-2015-JK1537059-42054,2015-02-19 00:00:00,JK-1537059,Jay Kimmel,Consumer,Indonesia,Asia Pacific,Southeastern Asia,FUR-BO-4867,Furniture,Bookcases,"Ikea Stackable Bookrack, Traditional",341.9982,3,0.07,80.81819999999999
IS-2015-PB921063-42062,2015-02-27 00:00:00,PB-921063,Phillip Breyer,Corporate,Israel,Asia Pacific,Western Asia,TEC-AC-4173,Technology,Accessories,"Enermax Mouse, Programmable",585.06,14,0,0
IN-2015-RW1963066-42048,2015-02-13 00:00:00,RW-1963066,Rob Williams,Corporate,Japan,Asia Pacific,Eastern Asia,FUR-CH-5800,Furniture,Chairs,"SAFCO Steel Folding Chair, Adjustable",352.79999999999995,4,0,165.72
ES-2015-HA1490564-42062,2015-02-27 00:00:00,HA-1490564,Helen Abelman,Consumer,Italy,Europe,Southern Europe,TEC-CO-3710,Technology,Copiers,"Canon Wireless Fax, Laser",757.32,2,0,371.04
IN-2015-PG1889559-42048,2015-02-13 00:00:00,PG-1889559,Paul Gonzalez,Consumer,Indonesia,Asia Pacific,Southeastern Asia,FUR-BO-3896,Furniture,Bookcases,"Dania Corner Shelving, Traditional",681.1505999999999,6,0.07,21.810599999999994
ES-2015-RP19855139-42063,2015-02-28 00:00:00,RP-19855139,Roy Phan,Corporate,United Kingdom,Europe,Northern Europe,OFF-ST-6281,Office Supplies,Storage,"Tenex Trays, Blue",271.04999999999995,5,0,56.85000000000001
ID-2015-MO17800102-42063,2015-02-28 00:00:00,MO-17800102,Meg O'Connel,Home Office,Philippines,Asia Pacific,Southeastern Asia,TEC-CO-3607,Technology,Copiers,"Brother Personal Copier, Laser",743.0280000000001,8,0.35,-114.49200000000002
ID-2015-HK148907-42046,2015-02-11 00:00:00,HK-148907,Heather Kirkland,Corporate,Australia,Asia Pacific,Oceania,FUR-TA-3356,Furniture,Tables,"Barricks Wood Table, Adjustable Height",363.38399999999996,1,0.3,-98.64599999999999
PL-2015-KB6315103-42058,2015-02-23 00:00:00,KB-6315103,Karl Braun,Consumer,Poland,Europe,Eastern Europe,OFF-EN-3665,Office Supplies,Envelopes,"Cameo Mailers, Recycled",147.84,4,0,33.96
CA-2015-BO11350140-42038,2015-02-03 00:00:00,BO-113501404,Bill Overfelt,Corporate,United States,USCA,Western US,FUR-FU-4026,Furniture,Furnishings,Eldon Antistatic Chair Mats for Low to Medium Pile Carpets,210.58,2,0,12.634799999999984
CA-2015-BO11350140-42038,2015-02-03 00:00:00,BO-113501404,Bill Overfelt,Corporate,United States,USCA,Western US,TEC-MA-4783,Technology,Machines,"HP Officejet Pro 8600 e-All-In-One Printer, Copier, Scanner, Fax",239.98400000000004,2,0.2,38.99739999999997
CA-2015-BO11350140-42038,2015-02-03 00:00:00,BO-113501404,Bill Overfelt,Corporate,United States,USCA,Western US,OFF-BI-4344,Office Supplies,Binders,GBC Durable Plastic Covers,30.960000000000004,2,0.2,10.061999999999998
IN-2015-PO188507-42062,2015-02-27 00:00:00,PO-188507,Patrick O'Brill,Consumer,Australia,Asia Pacific,Oceania,TEC-CO-3706,Technology,Copiers,"Canon Personal Copier, Laser",385.398,3,0.1,68.508
LI-2015-TH1123573-42050,2015-02-15 00:00:00,TH-1123573,Tiffany House,Corporate,Liberia,Africa,Western Africa,TEC-CO-4590,Technology,Copiers,"Hewlett Wireless Fax, Color",381.63,1,0,76.32000000000001
ID-2015-TB2152088-42048,2015-02-13 00:00:00,TB-2152088,Tracy Blumstein,Consumer,Myanmar (Burma),Asia Pacific,Southeastern Asia,TEC-CO-3592,Technology,Copiers,"Brother Fax and Copier, Digital",722.4714,6,0.37,68.71140000000003
MX-2015-CM1181528-42054,2015-02-19 00:00:00,CM-1181528,Candace McMahon,Corporate,Colombia,LATAM,South America,OFF-SU-6183,Office Supplies,Supplies,"Stiletto Trimmer, Steel",337.2,12,0,80.88000000000001
IN-2015-LS1694559-42045,2015-02-10 00:00:00,LS-1694559,Linda Southworth,Corporate,Indonesia,Asia Pacific,Southeastern Asia,TEC-CO-4771,Technology,Copiers,"HP Fax and Copier, High-Speed",477.34109999999987,3,0.07,87.1911
IN-2015-JC1610511-42042,2015-02-07 00:00:00,JC-1610511,Julie Creighton,Corporate,Bangladesh,Asia Pacific,Southern Asia,OFF-SU-4116,Office Supplies,Supplies,"Elite Box Cutter, Easy Grip",182.54999999999995,5,0,23.700000000000003
EZ-2015-CH207032-42063,2015-02-28 00:00:00,CH-207032,Cathy Hwang,Home Office,Czech Republic,Europe,Eastern Europe,TEC-PH-5268,Technology,Phones,"Motorola Smart Phone, Full Size",643.98,1,0,193.17000000000002
MX-2015-CM1181528-42054,2015-02-19 00:00:00,CM-1181528,Candace McMahon,Corporate,Colombia,LATAM,South America,TEC-AC-5894,Technology,Accessories,"SanDisk Router, Bluetooth",341.79999999999995,2,0,164.04000000000002
MX-2015-AP1091593-42052,2015-02-17 00:00:00,AP-1091593,Arthur Prichep,Consumer,Nicaragua,LATAM,Central America,TEC-AC-5202,Technology,Accessories,"Memorex Keyboard, USB",238.5,5,0,109.7
IN-2015-JB1592511-42063,2015-02-28 00:00:00,JB-1592511,Joni Blumstein,Consumer,Bangladesh,Asia Pacific,Southern Asia,FUR-CH-5412,Furniture,Chairs,"Novimex Swivel Stool, Black",486.0900000000001,3,0,106.92
IT-2015-AG1033048-42059,2015-02-24 00:00:00,AG-1033048,Alex Grayson,Consumer,Germany,Europe,Western Europe,TEC-PH-5246,Technology,Phones,"Motorola Audio Dock, Cordless",528.66,3,0,137.43
ES-2015-JJ1576045-42040,2015-02-05 00:00:00,JJ-1576045,Joel Jenkins,Home Office,France,Europe,Western Europe,FUR-CH-5409,Furniture,Chairs,"Novimex Steel Folding Chair, Set of Two",380.1600000000001,5,0.1,-21.240000000000006
TZ-2015-JL5835129-42056,2015-02-21 00:00:00,JL-5835129,John Lee,Consumer,Tanzania,Africa,Eastern Africa,FUR-BO-3618,Furniture,Bookcases,"Bush 3-Shelf Cabinet, Traditional",573.48,4,0,126.12
ZA-2015-TS11205146-42062,2015-02-27 00:00:00,TS-11205146,Thomas Seio,Corporate,Zambia,Africa,Eastern Africa,FUR-CH-5409,Furniture,Chairs,"Novimex Steel Folding Chair, Set of Two",337.92,4,0,16.799999999999997
ES-2015-AS10045139-42042,2015-02-07 00:00:00,AS-10045139,Aaron Smayling,Corporate,United Kingdom,Europe,Northern Europe,TEC-AC-5206,Technology,Accessories,"Memorex Memory Card, USB",307.43999999999994,3,0,73.71000000000001
CA-2015-BT11530140-42062,2015-02-27 00:00:00,BT-115301404,Bradley Talbott,Home Office,United States,USCA,Western US,TEC-PH-6313,Technology,Phones,Toshiba IPT2010-SD IP Telephone,889.5360000000001,8,0.2,66.71519999999998
CA-2015-BT11530140-42062,2015-02-27 00:00:00,BT-115301404,Bradley Talbott,Home Office,United States,USCA,Western US,FUR-CH-4489,Furniture,Chairs,GuestStacker Chair with Chrome Finish Legs,892.224,3,0.2,89.22240000000002
CA-2015-BT11530140-42062,2015-02-27 00:00:00,BT-115301404,Bradley Talbott,Home Office,United States,USCA,Western US,OFF-PA-6459,Office Supplies,Paper,Xerox 1908,223.92,4,0,109.7208
TZ-2015-BE1410129-42056,2015-02-21 00:00:00,BE-1410129,Bobby Elias,Consumer,Tanzania,Africa,Eastern Africa,OFF-ST-6263,Office Supplies,Storage,"Tenex Lockers, Single Width",735.0479999999999,4,0.1,-32.71199999999998
ES-2015-AS10090139-42062,2015-02-27 00:00:00,AS-10090139,Adam Shillingsburg,Consumer,United Kingdom,Europe,Northern Europe,TEC-AC-5888,Technology,Accessories,"SanDisk Numeric Keypad, Erganomic",454.80000000000007,8,0,77.28
CA-2015-BT11530140-42062,2015-02-27 00:00:00,BT-115301404,Bradley Talbott,Home Office,United States,USCA,Western US,OFF-AP-4929,Office Supplies,Appliances,Kensington 6 Outlet Guardian Standard Surge Protector,81.92,4,0,22.1184
CA-2015-BT11530140-42062,2015-02-27 00:00:00,BT-115301404,Bradley Talbott,Home Office,United States,USCA,Western US,OFF-PA-6477,Office Supplies,Paper,Xerox 1924,23.12,4,0,11.328800000000001
ID-2015-LT171107-42045,2015-02-10 00:00:00,LT-171107,Liz Thompson,Consumer,Australia,Asia Pacific,Oceania,TEC-MA-5008,Technology,Machines,"Konica Inkjet, Wireless",1128.384,4,0.1,62.66399999999999
ES-2015-DJ13510139-42046,2015-02-11 00:00:00,DJ-13510139,Don Jones,Corporate,United Kingdom,Europe,Northern Europe,TEC-PH-3133,Technology,Phones,"Apple Headset, Full Size",670.9499999999999,9,0,113.94
IT-2015-CS1246048-42054,2015-02-19 00:00:00,CS-1246048,Chuck Sachs,Consumer,Germany,Europe,Western Europe,FUR-TA-5064,Furniture,Tables,"Lesro Round Table, Rectangular",876.681,3,0.35,121.31100000000009
IN-2015-SC2023027-42040,2015-02-05 00:00:00,SC-2023027,Scot Coram,Corporate,China,Asia Pacific,Eastern Asia,TEC-CO-3593,Technology,Copiers,"Brother Fax and Copier, High-Speed",379.38,2,0,125.16
ES-2015-MR1754548-42041,2015-02-06 00:00:00,MR-1754548,Mathew Reese,Home Office,Germany,Europe,Western Europe,TEC-CO-3703,Technology,Copiers,"Canon Personal Copier, Color",576.72,4,0,28.799999999999997
ID-2015-MF18250102-42039,2015-02-04 00:00:00,MF-18250102,Monica Federle,Corporate,Philippines,Asia Pacific,Southeastern Asia,FUR-BO-5771,Furniture,Bookcases,"Safco Corner Shelving, Traditional",582.8940000000001,6,0.35,26.874000000000024
MX-2015-BP1109518-42039,2015-02-04 00:00:00,BP-1109518,Bart Pistole,Corporate,Brazil,LATAM,South America,FUR-CH-5437,Furniture,Chairs,"Office Star Chairmat, Adjustable",273.23999999999995,6,0,62.75999999999999
IT-2015-JC15340139-42046,2015-02-11 00:00:00,JC-15340139,Jasper Cacioppo,Consumer,United Kingdom,Europe,Northern Europe,TEC-CO-3681,Technology,Copiers,"Canon Copy Machine, Laser",262.14000000000004,2,0.5,-214.98000000000005
ES-2015-JS15940120-42052,2015-02-17 00:00:00,JS-15940120,Joni Sundaresam,Home Office,Spain,Europe,Southern Europe,TEC-CO-3685,Technology,Copiers,"Canon Fax and Copier, Laser",574.02,3,0,269.73
ES-2015-NS1850545-42052,2015-02-17 00:00:00,NS-1850545,Neola Schneider,Consumer,France,Europe,Western Europe,FUR-CH-5407,Furniture,Chairs,"Novimex Steel Folding Chair, Black",574.56,8,0.1,44.639999999999986
ES-2015-HM1498048-42049,2015-02-14 00:00:00,HM-1498048,Henry MacAllister,Consumer,Germany,Europe,Western Europe,FUR-BO-4854,Furniture,Bookcases,"Ikea Corner Shelving, Pine",447.8760000000001,4,0.1,-10.044000000000011
CA-2015-BD11770140-42042,2015-02-07 00:00:00,BD-117701406,Bryan Davis,Consumer,United States,USCA,Eastern US,FUR-BO-3177,Furniture,Bookcases,"Atlantic Metals Mobile 5-Shelf Bookcases, Custom Colors",240.78400000000002,1,0.2,30.097999999999978
IN-2015-AC1042027-42063,2015-02-28 00:00:00,AC-1042027,Alyssa Crouse,Corporate,China,Asia Pacific,Eastern Asia,FUR-CH-5447,Furniture,Chairs,"Office Star Rocking Chair, Black",415.44000000000005,3,0,149.49
MX-2015-SS2087531-42057,2015-02-22 00:00:00,SS-2087531,Sung Shariari,Consumer,Cuba,LATAM,Caribbean,FUR-BO-4849,Furniture,Bookcases,"Ikea Classic Bookcase, Mobile",552.3599999999998,2,0,121.47999999999999
CA-2015-CS11845140-42047,2015-02-12 00:00:00,CS-118451404,Cari Sayre,Corporate,United States,USCA,Western US,FUR-CH-4415,Furniture,Chairs,"Global Leather and Oak Executive Chair, Black",963.1360000000001,4,0.2,108.35279999999986
ES-2015-TA2138545-42041,2015-02-06 00:00:00,TA-2138545,Tom Ashbrook,Home Office,France,Europe,Western Europe,FUR-CH-4682,Furniture,Chairs,"Hon Rocking Chair, Black",346.113,3,0.1,107.613
CA-2015-CS11845140-42047,2015-02-12 00:00:00,CS-118451404,Cari Sayre,Corporate,United States,USCA,Western US,TEC-PH-5095,Technology,Phones,"Logitech B530 USB Headset - headset - Full size, Binaural",88.77600000000001,3,0.2,7.767900000000001
ES-2015-FW1439548-42049,2015-02-14 00:00:00,FW-1439548,Fred Wasserman,Corporate,Germany,Europe,Western Europe,TEC-MA-5510,Technology,Machines,"Okidata Printer, Durable",268.62,1,0,91.32000000000001
ES-2015-LT16765120-42059,2015-02-24 00:00:00,LT-16765120,Larry Tron,Consumer,Spain,Europe,Southern Europe,TEC-PH-3793,Technology,Phones,"Cisco Headset, with Caller ID",636.768,8,0.1,212.20799999999997
ES-2015-AS10045139-42042,2015-02-07 00:00:00,AS-10045139,Aaron Smayling,Corporate,United Kingdom,Europe,Northern Europe,TEC-PH-3144,Technology,Phones,"Apple Signal Booster, Full Size",413.82,3,0,20.61
IN-2015-TB21400102-42049,2015-02-14 00:00:00,TB-21400102,Tom Boeckenhauer,Consumer,Philippines,Asia Pacific,Southeastern Asia,FUR-CH-4702,Furniture,Chairs,"Hon Swivel Stool, Black",604.575,5,0.25,185.325
IS-2015-PB921063-42062,2015-02-27 00:00:00,PB-921063,Phillip Breyer,Corporate,Israel,Asia Pacific,Western Asia,OFF-AP-4742,Office Supplies,Appliances,"Hoover Stove, Black",567.9000000000001,1,0,45.42
AU-2015-DH36758-42052,2015-02-17 00:00:00,DH-36758,Duane Huffman,Home Office,Austria,Europe,Western Europe,TEC-PH-3151,Technology,Phones,"Apple Speaker Phone, Full Size",249.18,2,0,107.10000000000001
MX-2015-BF1108082-42063,2015-02-28 00:00:00,BF-1108082,Bart Folk,Consumer,Mexico,LATAM,Central America,FUR-CH-5793,Furniture,Chairs,"SAFCO Rocking Chair, Adjustable",146.56000000000003,2,0.2,38.43999999999998
SA-2015-KH6630110-42043,2015-02-08 00:00:00,KH-6630110,Ken Heidel,Corporate,Saudi Arabia,Asia Pacific,Western Asia,TEC-PH-5358,Technology,Phones,"Nokia Speaker Phone, Full Size",124.44,1,0,24.869999999999997
IT-2015-MC1763545-42049,2015-02-14 00:00:00,MC-1763545,Matthew Clasen,Corporate,France,Europe,Western Europe,OFF-ST-5692,Office Supplies,Storage,"Rogers File Cart, Industrial",382.32000000000005,3,0.1,29.69999999999998
EZ-2015-CH207032-42063,2015-02-28 00:00:00,CH-207032,Cathy Hwang,Home Office,Czech Republic,Europe,Eastern Europe,OFF-ST-5710,Office Supplies,Storage,"Rogers Trays, Industrial",372.96,6,0,149.03999999999996
IT-2015-CS1246048-42054,2015-02-19 00:00:00,CS-1246048,Chuck Sachs,Consumer,Germany,Europe,Western Europe,TEC-CO-6009,Technology,Copiers,"Sharp Wireless Fax, Color",1072.08,3,0,353.7
ES-2015-VM2183548-42055,2015-02-20 00:00:00,VM-2183548,Vivian Mathis,Consumer,Germany,Europe,Western Europe,TEC-AC-5194,Technology,Accessories,"Memorex Flash Drive, Erganomic",81.63,3,0,8.100000000000001
IS-2015-PB921063-42062,2015-02-27 00:00:00,PB-921063,Phillip Breyer,Corporate,Israel,Asia Pacific,Western Asia,TEC-AC-5875,Technology,Accessories,"SanDisk Memory Card, USB",450.48,4,0,58.56
CA-2015-CB12025140-42041,2015-02-06 00:00:00,CB-120251402,Cassandra Brandow,Consumer,United States,USCA,Central US,OFF-BI-4822,Office Supplies,Binders,Ibico Hi-Tech Manual Binding System,243.99199999999996,4,0.8,-426.9860000000001
ID-2015-LT171107-42045,2015-02-10 00:00:00,LT-171107,Liz Thompson,Consumer,Australia,Asia Pacific,Oceania,FUR-FU-3929,Furniture,Furnishings,"Deflect-O Clock, Duo Pack",362.664,8,0.1,140.904
NI-2015-CM219095-42046,2015-02-11 00:00:00,CM-219095,Charlotte Melton,Consumer,Nigeria,Africa,Western Africa,TEC-AC-5896,Technology,Accessories,"SanDisk Router, Programmable",464.13,6,0.7,-742.7699999999998
CA-2015-CB12025140-42041,2015-02-06 00:00:00,CB-120251402,Cassandra Brandow,Consumer,United States,USCA,Central US,OFF-FA-6129,Office Supplies,Fasteners,Staples,7.120000000000001,5,0.2,0.7119999999999997
ID-2015-CR1262559-42053,2015-02-18 00:00:00,CR-1262559,Corey Roper,Home Office,Indonesia,Asia Pacific,Southeastern Asia,FUR-CH-5455,Furniture,Chairs,"Office Star Swivel Stool, Black",250.40460000000002,2,0.27,47.96459999999996
IT-2015-AB10015139-42042,2015-02-07 00:00:00,AB-10015139,Aaron Bergman,Consumer,United Kingdom,Europe,Northern Europe,OFF-ST-4283,Office Supplies,Storage,"Fellowes Shelving, Industrial",174.95999999999998,3,0,76.95
MX-2015-TB2105518-42050,2015-02-15 00:00:00,TB-2105518,Ted Butterfield,Consumer,Brazil,LATAM,South America,FUR-FU-3027,Furniture,Furnishings,"Advantus Door Stop, Black",330.21999999999997,11,0,108.9
ES-2015-MV1748545-42052,2015-02-17 00:00:00,MV-1748545,Mark Van Huff,Consumer,France,Europe,Western Europe,TEC-PH-3799,Technology,Phones,"Cisco Office Telephone, with Caller ID",273.564,4,0.15,-6.516000000000005
IT-2015-RK1930045-42061,2015-02-26 00:00:00,RK-1930045,Ralph Kennedy,Consumer,France,Europe,Western Europe,TEC-CO-3688,Technology,Copiers,"Canon Fax Machine, High-Speed",332.41949999999997,3,0.65,-503.4105000000001
ID-2015-BE1145592-42038,2015-02-03 00:00:00,BE-1145592,Brad Eason,Home Office,New Zealand,Asia Pacific,Oceania,OFF-ST-4078,Office Supplies,Storage,"Eldon Lockers, Blue",474.984,4,0.4,-300.936
ID-2015-CR1262559-42053,2015-02-18 00:00:00,CR-1262559,Corey Roper,Home Office,Indonesia,Asia Pacific,Southeastern Asia,TEC-CO-4772,Technology,Copiers,"HP Fax and Copier, Laser",160.78769999999997,1,0.07,29.387700000000002
ES-2015-JM1553564-42036,2015-02-01 00:00:00,JM-1553564,Jessica Myrick,Consumer,Italy,Europe,Southern Europe,OFF-ST-6248,Office Supplies,Storage,"Tenex File Cart, Single Width",484.596,6,0.4,56.37599999999986
SF-2015-ML7755117-42060,2015-02-25 00:00:00,ML-7755117,Max Ludwig,Home Office,South Africa,Africa,Southern Africa,TEC-AC-5865,Technology,Accessories,"SanDisk Keyboard, Erganomic",158.58,2,0,20.580000000000002
SA-2015-DK3375110-42063,2015-02-28 00:00:00,DK-3375110,Dennis Kane,Consumer,Saudi Arabia,Asia Pacific,Western Asia,TEC-MA-4207,Technology,Machines,"Epson Printer, White",522.0600000000001,2,0,20.88
IT-2015-JC15340139-42046,2015-02-11 00:00:00,JC-15340139,Jasper Cacioppo,Consumer,United Kingdom,Europe,Northern Europe,OFF-AR-3500,Office Supplies,Art,"Binney & Smith Sketch Pad, Easy-Erase",93.17999999999999,4,0.5,-65.34
SF-2015-CD1920117-42055,2015-02-20 00:00:00,CD-1920117,Carlos Daly,Consumer,South Africa,Africa,Southern Africa,TEC-CO-4773,Technology,Copiers,"HP Fax Machine, Color",301.38,1,0,0
ES-2015-FW1439548-42049,2015-02-14 00:00:00,FW-1439548,Fred Wasserman,Corporate,Germany,Europe,Western Europe,OFF-AP-3862,Office Supplies,Appliances,"Cuisinart Coffee Grinder, Silver",106.27199999999999,3,0.1,11.772000000000002
ES-2015-JJ1576045-42040,2015-02-05 00:00:00,JJ-1576045,Joel Jenkins,Home Office,France,Europe,Western Europe,FUR-FU-3935,Furniture,Furnishings,"Deflect-O Door Stop, Erganomic",170.28000000000003,4,0,30.599999999999998
ES-2015-PF1912048-42038,2015-02-03 00:00:00,PF-1912048,Peter Fuller,Consumer,Germany,Europe,Western Europe,FUR-BO-5747,Furniture,Bookcases,"Safco 3-Shelf Cabinet, Pine",306.342,2,0.1,20.381999999999998
IN-2015-FC1424527-42050,2015-02-15 00:00:00,FC-1424527,Frank Carlisle,Home Office,China,Asia Pacific,Eastern Asia,OFF-AR-3526,Office Supplies,Art,"Boston Canvas, Easy-Erase",323.46,6,0,61.38
IT-2015-RB1933062-42050,2015-02-15 00:00:00,RB-1933062,Randy Bradley,Consumer,Ireland,Europe,Northern Europe,FUR-CH-5806,Furniture,Chairs,"SAFCO Swivel Stool, Black",248.26500000000004,3,0.5,-69.52500000000003
BK-2015-PG882017-42047,2015-02-12 00:00:00,PG-882017,Patrick Gardner,Consumer,Bosnia and Herzegovina,Europe,Southern Europe,TEC-CO-3588,Technology,Copiers,"Brother Copy Machine, High-Speed",262.29,1,0,28.83
CA-2015-CK12325140-42053,2015-02-18 00:00:00,CK-123251406,Christine Kargatis,Home Office,United States,USCA,Eastern US,FUR-CH-4399,Furniture,Chairs,Global Commerce Series Low-Back Swivel/Tilt Chairs,899.43,5,0.3,-12.84900000000016
CA-2015-CK12325140-42053,2015-02-18 00:00:00,CK-123251406,Christine Kargatis,Home Office,United States,USCA,Eastern US,FUR-TA-5791,Furniture,Tables,"SAFCO PlanMaster Boards, 60w x 37-1/2d, White Melamine",455.97,5,0.4,-106.39299999999997
CA-2015-CK12325140-42053,2015-02-18 00:00:00,CK-123251406,Christine Kargatis,Home Office,United States,USCA,Eastern US,FUR-FU-4329,Furniture,Furnishings,Flat Face Poster Frame,30.144000000000002,2,0.2,8.2896
CA-2015-CK12325140-42053,2015-02-18 00:00:00,CK-123251406,Christine Kargatis,Home Office,United States,USCA,Eastern US,TEC-PH-6347,Technology,Phones,Vtech CS6719,57.593999999999994,1,0.4,-11.518799999999999
ES-2015-SP2092048-42063,2015-02-28 00:00:00,SP-2092048,Susan Pistek,Consumer,Germany,Europe,Western Europe,TEC-MA-5539,Technology,Machines,"Panasonic Calculator, Red",332.01,7,0,112.77
CA-2015-CK12325140-42053,2015-02-18 00:00:00,CK-123251406,Christine Kargatis,Home Office,United States,USCA,Eastern US,OFF-BI-2924,Office Supplies,Binders,"Acco Pressboard Covers with Storage Hooks, 14 7/8"" x 11"", Executive Red",5.715000000000002,5,0.7,-4.762500000000001
LI-2015-TH1123573-42050,2015-02-15 00:00:00,TH-1123573,Tiffany House,Corporate,Liberia,Africa,Western Africa,FUR-BO-5953,Furniture,Bookcases,"Sauder Corner Shelving, Mobile",299.64000000000004,2,0,89.88
RS-2015-CM2115108-42059,2015-02-24 00:00:00,CM-2115108,Chad McGuire,Consumer,Russia,Europe,Eastern Europe,OFF-ST-4267,Office Supplies,Storage,"Fellowes Lockers, Industrial",207.81,1,0,91.41
IN-2015-KB165857-42040,2015-02-05 00:00:00,KB-165857,Ken Black,Corporate,Australia,Asia Pacific,Oceania,OFF-BI-3257,Office Supplies,Binders,"Avery Binding Machine, Economy",571.428,13,0.1,25.037999999999997
ZA-2015-SW10350146-42061,2015-02-26 00:00:00,SW-10350146,Sean Wendt,Home Office,Zambia,Africa,Eastern Africa,TEC-CO-4577,Technology,Copiers,"Hewlett Fax Machine, High-Speed",318.12,1,0,31.799999999999997
IT-2015-OT18730139-42060,2015-02-25 00:00:00,OT-18730139,Olvera Toch,Consumer,United Kingdom,Europe,Northern Europe,TEC-MA-5510,Technology,Machines,"Okidata Printer, Durable",268.62,2,0.5,-85.97999999999999
ES-2015-GT1471048-42054,2015-02-19 00:00:00,GT-1471048,Greg Tran,Consumer,Germany,Europe,Western Europe,OFF-AP-3870,Office Supplies,Appliances,"Cuisinart Refrigerator, Silver",447.14699999999993,1,0.1,34.766999999999996
ID-2015-KE164207-42059,2015-02-24 00:00:00,KE-164207,Katrina Edelman,Corporate,Australia,Asia Pacific,Oceania,OFF-EN-3671,Office Supplies,Envelopes,"Cameo Manila Envelope, Set of 50",64.8,4,0.4,-6.480000000000004
IN-2015-KB16405102-42048,2015-02-13 00:00:00,KB-16405102,Katrina Bavinger,Home Office,Philippines,Asia Pacific,Southeastern Asia,FUR-BO-5778,Furniture,Bookcases,"Safco Floating Shelf Set, Mobile",259.038,2,0.35,-23.92199999999997
ID-2015-CJ118757-42061,2015-02-26 00:00:00,CJ-118757,Carl Jackson,Corporate,Australia,Asia Pacific,Oceania,FUR-CH-5434,Furniture,Chairs,"Office Star Bag Chairs, Black",190.83599999999998,4,0.1,-2.1239999999999952
TU-2015-AT435134-42046,2015-02-11 00:00:00,AT-435134,Alyssa Tate,Home Office,Turkey,Asia Pacific,Western Asia,TEC-AC-5866,Technology,Accessories,"SanDisk Keyboard, Programmable",132.76800000000003,4,0.6,-146.11200000000005
CA-2015-CB12415140-42060,2015-02-25 00:00:00,CB-124151406,Christy Brittain,Consumer,United States,USCA,Eastern US,OFF-BI-2937,Office Supplies,Binders,"ACCOHIDE 3-Ring Binder, Blue, 1""",4.956,4,0.7,-3.799599999999998
NI-2015-LH690095-42063,2015-02-28 00:00:00,LH-690095,Lena Hernandez,Consumer,Nigeria,Africa,Western Africa,FUR-BO-5771,Furniture,Bookcases,"Safco Corner Shelving, Traditional",179.35200000000003,4,0.7,-310.96799999999996
ID-2015-KH16510102-42052,2015-02-17 00:00:00,KH-16510102,Keith Herrera,Consumer,Philippines,Asia Pacific,Southeastern Asia,OFF-ST-6047,Office Supplies,Storage,"Smead Lockers, Industrial",218.79,2,0.45,-123.33
ES-2015-SN20710139-42042,2015-02-07 00:00:00,SN-20710139,Steve Nguyen,Home Office,United Kingdom,Europe,Northern Europe,FUR-CH-5449,Furniture,Chairs,"Office Star Rocking Chair, Set of Two",429.48,3,0,17.099999999999998
IN-2015-RH1951011-42040,2015-02-05 00:00:00,RH-1951011,Rick Huthwaite,Home Office,Bangladesh,Asia Pacific,Southern Asia,TEC-MA-5576,Technology,Machines,"Panasonic Receipt Printer, Red",354.15000000000003,3,0,109.71000000000001
ID-2015-JD15790130-42041,2015-02-06 00:00:00,JD-15790130,John Dryer,Consumer,Thailand,Asia Pacific,Southeastern Asia,FUR-FU-3957,Furniture,Furnishings,"Deflect-O Stacking Tray, Erganomic",130.3488,8,0.27,-34.05120000000001
RS-2015-HE4800108-42041,2015-02-06 00:00:00,HE-4800108,Harold Engle,Corporate,Russia,Europe,Eastern Europe,OFF-SU-3003,Office Supplies,Supplies,"Acme Trimmer, Serrated",330.24,8,0,39.599999999999994
ID-2015-PC1874588-42056,2015-02-21 00:00:00,PC-1874588,Pamela Coakley,Corporate,Myanmar (Burma),Asia Pacific,Southeastern Asia,FUR-TA-3418,Furniture,Tables,"Bevis Computer Table, Fully Assembled",426.55139999999994,2,0.5700000000000001,-426.58860000000004
CA-2015-CK12595140-42059,2015-02-24 00:00:00,CK-125951404,Clytie Kelty,Consumer,United States,USCA,Western US,OFF-PA-3115,Office Supplies,Paper,"Ampad Phone Message Book, Recycled, 400 Message Capacity, 5 ¾” x 11”",37.44,6,0,16.848
ES-2015-BE11455124-42040,2015-02-05 00:00:00,BE-11455124,Brad Eason,Home Office,Sweden,Europe,Northern Europe,OFF-ST-5693,Office Supplies,Storage,"Rogers File Cart, Single Width",283.26,4,0.5,-136.01999999999998
ID-2015-CS121757-42039,2015-02-04 00:00:00,CS-121757,Charles Sheldon,Corporate,Australia,Asia Pacific,Oceania,FUR-CH-4701,Furniture,Chairs,"Hon Swivel Stool, Adjustable",299.0520000000001,2,0.1,-3.348000000000006
MO-2015-ST1053086-42046,2015-02-11 00:00:00,ST-1053086,Shui Tom,Consumer,Morocco,Africa,North Africa,FUR-BO-5969,Furniture,Bookcases,"Sauder Library with Doors, Traditional",387.63,1,0,3.87
ES-2015-JS15940120-42052,2015-02-17 00:00:00,JS-15940120,Joni Sundaresam,Home Office,Spain,Europe,Southern Europe,FUR-FU-3931,Furniture,Furnishings,"Deflect-O Clock, Erganomic",342.50999999999993,7,0,30.66
CA-2015-CR262523-42063,2015-02-28 00:00:00,CR-262523,Corey Roper,Home Office,Canada,USCA,Canada,OFF-PA-4463,Office Supplies,Paper,"Green Bar Cards & Envelopes, Premium",48.39000000000001,1,0,15
ES-2015-MG182058-42046,2015-02-11 00:00:00,MG-182058,Mitch Gastineau,Corporate,Austria,Europe,Western Europe,TEC-MA-5545,Technology,Machines,"Panasonic Card Printer, Wireless",173.82,1,0,24.33
CA-2015-CR262523-42063,2015-02-28 00:00:00,CR-262523,Corey Roper,Home Office,Canada,USCA,Canada,OFF-ST-4063,Office Supplies,Storage,"Eldon Folders, Wire Frame",16.049999999999997,1,0,1.59
ES-2015-BD1132045-42041,2015-02-06 00:00:00,BD-1132045,Bill Donatelli,Consumer,France,Europe,Western Europe,OFF-ST-5693,Office Supplies,Storage,"Rogers File Cart, Single Width",255.74400000000003,2,0.1,17.003999999999998
CA-2015-CR262523-42063,2015-02-28 00:00:00,CR-262523,Corey Roper,Home Office,Canada,USCA,Canada,OFF-LA-4680,Office Supplies,Labels,"Hon Removable Labels, Laser Printer Compatible",20.16,2,0,6.42
CA-2015-CR262523-42063,2015-02-28 00:00:00,CR-262523,Corey Roper,Home Office,Canada,USCA,Canada,OFF-EN-5025,Office Supplies,Envelopes,"Kraft Clasp Envelope, Recycled",15.599999999999998,2,0,2.46
IN-2015-BT1148559-42042,2015-02-07 00:00:00,BT-1148559,Brad Thomas,Home Office,Indonesia,Asia Pacific,Southeastern Asia,TEC-PH-3145,Technology,Phones,"Apple Signal Booster, VoIP",340.48260000000005,3,0.17,12.252599999999987
IN-2015-RW196907-42048,2015-02-13 00:00:00,RW-196907,Robert Waldorf,Consumer,Australia,Asia Pacific,Oceania,FUR-BO-5778,Furniture,Bookcases,"Safco Floating Shelf Set, Mobile",358.668,2,0.1,75.708
MX-2015-CD1228082-42048,2015-02-13 00:00:00,CD-1228082,Christina DeMoss,Consumer,Mexico,LATAM,Central America,TEC-PH-5340,Technology,Phones,"Nokia Headset, Full Size",99.19999999999999,2,0,23.8
ES-2015-MG182058-42046,2015-02-11 00:00:00,MG-182058,Mitch Gastineau,Corporate,Austria,Europe,Western Europe,OFF-ST-4257,Office Supplies,Storage,"Fellowes File Cart, Blue",411.93,3,0,164.70000000000002
ES-2015-RD1972064-42040,2015-02-05 00:00:00,RD-1972064,Roger Demir,Consumer,Italy,Europe,Southern Europe,FUR-BO-3896,Furniture,Bookcases,"Dania Corner Shelving, Traditional",244.14,2,0,82.98
EZ-2015-CH207032-42063,2015-02-28 00:00:00,CH-207032,Cathy Hwang,Home Office,Czech Republic,Europe,Eastern Europe,TEC-PH-3817,Technology,Phones,"Cisco Speaker Phone, VoIP",277.14,2,0,91.44
ES-2015-RF19345120-42043,2015-02-08 00:00:00,RF-19345120,Randy Ferguson,Corporate,Spain,Europe,Southern Europe,OFF-AP-4490,Office Supplies,Appliances,"Hamilton Beach Blender, Black",281.88,4,0,14.04
IT-2015-FG1426045-42045,2015-02-10 00:00:00,FG-1426045,Frank Gastineau,Home Office,France,Europe,Western Europe,TEC-MA-4201,Technology,Machines,"Epson Phone, Durable",482.48549999999994,7,0.15,-5.764499999999984
IN-2015-CM12160102-42053,2015-02-18 00:00:00,CM-12160102,Charles McCrossin,Consumer,Philippines,Asia Pacific,Southeastern Asia,TEC-AC-5122,Technology,Accessories,"Logitech Memory Card, Erganomic",222.61800000000002,4,0.45,-157.902
TU-2015-TS11340134-42040,2015-02-05 00:00:00,TS-11340134,Toby Swindell,Consumer,Turkey,Asia Pacific,Western Asia,TEC-PH-5338,Technology,Phones,"Nokia Audio Dock, with Caller ID",66.69600000000001,1,0.6,-75.054
ES-2015-RP19855139-42063,2015-02-28 00:00:00,RP-19855139,Roy Phan,Corporate,United Kingdom,Europe,Northern Europe,OFF-ST-5708,Office Supplies,Storage,"Rogers Shelving, Wire Frame",183.6,3,0,56.88
ES-2015-AS10090139-42062,2015-02-27 00:00:00,AS-10090139,Adam Shillingsburg,Consumer,United Kingdom,Europe,Northern Europe,TEC-AC-3393,Technology,Accessories,"Belkin Mouse, Erganomic",154.07999999999998,4,0,26.160000000000004
IT-2015-AG1033048-42059,2015-02-24 00:00:00,AG-1033048,Alex Grayson,Consumer,Germany,Europe,Western Europe,FUR-CH-4522,Furniture,Chairs,"Harbour Creations Chairmat, Adjustable",134.08200000000002,2,0.1,41.681999999999995
ES-2015-KB1660096-42048,2015-02-13 00:00:00,KB-1660096,Ken Brennan,Corporate,Norway,Europe,Northern Europe,TEC-AC-4158,Technology,Accessories,"Enermax Keyboard, USB",334.68,4,0,110.39999999999999
IT-2015-LD17005139-42059,2015-02-24 00:00:00,LD-17005139,Lisa DeCherney,Consumer,United Kingdom,Europe,Northern Europe,OFF-SU-2993,Office Supplies,Supplies,"Acme Shears, Easy Grip",128.85,5,0.5,-74.85
BN-2015-TH1111515-42045,2015-02-10 00:00:00,TH-1111515,Thea Hudgings,Corporate,Benin,Africa,Western Africa,TEC-CO-3595,Technology,Copiers,"Brother Fax Machine, Color",319.98,1,0,143.97
CA-2015-CV12805140-42054,2015-02-19 00:00:00,CV-128051404,Cynthia Voltz,Corporate,United States,USCA,Western US,TEC-PH-4843,Technology,Phones,iHome FM Clock Radio with Lightning Dock,167.976,3,0.2,10.498500000000007
IN-2015-CC125507-42046,2015-02-11 00:00:00,CC-125507,Clay Cheatham,Consumer,Australia,Asia Pacific,Oceania,OFF-PA-4181,Office Supplies,Paper,"Enermax Parchment Paper, 8.5 x 11",52.73100000000001,3,0.1,9.890999999999998
CA-2015-CV12805140-42054,2015-02-19 00:00:00,CV-128051404,Cynthia Voltz,Corporate,United States,USCA,Western US,TEC-AC-5208,Technology,Accessories,Memorex Micro Travel Drive 32 GB,109.53,3,0,47.0979
IR-2015-SW1045560-42063,2015-02-28 00:00:00,SW-1045560,Shaun Weien,Consumer,Iran,Asia Pacific,Southern Asia,OFF-BI-2902,Office Supplies,Binders,"Acco Binding Machine, Recycled",308.7,6,0,77.03999999999999
CA-2015-CV12805140-42054,2015-02-19 00:00:00,CV-128051404,Cynthia Voltz,Corporate,United States,USCA,Western US,OFF-LA-3213,Office Supplies,Labels,Avery 493,9.82,2,0,4.8118
CA-2015-CR12820140-42053,2015-02-18 00:00:00,CR-128201402,Cyra Reiten,Home Office,United States,USCA,Central US,FUR-BO-5970,Furniture,Bookcases,"Sauder Mission Library with Doors, Fruitwood Finish",89.06639999999999,1,0.32,-17.027400000000007
CA-2015-CR12820140-42053,2015-02-18 00:00:00,CR-128201402,Cyra Reiten,Home Office,United States,USCA,Central US,TEC-PH-4899,Technology,Phones,Jawbone MINI JAMBOX Wireless Bluetooth Speaker,438.336,4,0.2,-87.66720000000004
CA-2015-CR12820140-42053,2015-02-18 00:00:00,CR-128201402,Cyra Reiten,Home Office,United States,USCA,Central US,OFF-AR-3972,Office Supplies,Art,"Dixon Ticonderoga Core-Lock Colored Pencils, 48-Color Set",175.44,6,0.2,52.632000000000005
IN-2015-TB2162558-42048,2015-02-13 00:00:00,TB-2162558,Trudy Brown,Consumer,India,Asia Pacific,Southern Asia,TEC-AC-5128,Technology,Accessories,"Logitech Mouse, Programmable",153.90000000000003,5,0,12.3
IN-2015-LP17095102-42056,2015-02-21 00:00:00,LP-17095102,Liz Preis,Consumer,Philippines,Asia Pacific,Southeastern Asia,FUR-CH-4627,Furniture,Chairs,"Hon Bag Chairs, Black",384.48,12,0.25,-123.11999999999999
ES-2015-JF1549045-42038,2015-02-03 00:00:00,JF-1549045,Jeremy Farry,Consumer,France,Europe,Western Europe,TEC-CO-6004,Technology,Copiers,"Sharp Ink, Laser",528.7425,5,0.15,6.142499999999998
ES-2015-TM2149045-42055,2015-02-20 00:00:00,TM-2149045,Tony Molinari,Consumer,France,Europe,Western Europe,TEC-PH-5846,Technology,Phones,"Samsung Speaker Phone, with Caller ID",314.26199999999994,3,0.15,-33.31799999999999
IN-2015-AC1061527-42049,2015-02-14 00:00:00,AC-1061527,Ann Chong,Corporate,China,Asia Pacific,Eastern Asia,TEC-PH-5248,Technology,Phones,"Motorola Audio Dock, VoIP",346.92,2,0,97.08
IN-2015-LP17095102-42056,2015-02-21 00:00:00,LP-17095102,Liz Preis,Consumer,Philippines,Asia Pacific,Southeastern Asia,TEC-MA-6138,Technology,Machines,"StarTech Card Printer, White",364.29750000000007,3,0.25,67.92749999999997
ES-2015-HD14785120-42038,2015-02-03 00:00:00,HD-14785120,Harold Dahlen,Home Office,Spain,Europe,Southern Europe,TEC-PH-5836,Technology,Phones,"Samsung Signal Booster, Full Size",248.184,2,0.1,104.78399999999999
NI-2015-SC1072595-42048,2015-02-13 00:00:00,SC-1072595,Steven Cartwright,Consumer,Nigeria,Africa,Western Africa,FUR-TA-4648,Furniture,Tables,"Hon Conference Table, with Bottom Storage",276.444,1,0.7,-304.11599999999993
ES-2015-JP1546045-42059,2015-02-24 00:00:00,JP-1546045,Jennifer Patt,Corporate,France,Europe,Western Europe,OFF-AR-3448,Office Supplies,Art,"BIC Canvas, Easy-Erase",161.91,3,0,54.99000000000001
LI-2015-TH1123573-42050,2015-02-15 00:00:00,TH-1123573,Tiffany House,Corporate,Liberia,Africa,Western Africa,OFF-AR-3475,Office Supplies,Art,"Binney & Smith Canvas, Blue",308.15999999999997,6,0,58.5
IN-2015-MO1780027-42056,2015-02-21 00:00:00,MO-1780027,Meg O'Connel,Home Office,China,Asia Pacific,Eastern Asia,FUR-CH-5793,Furniture,Chairs,"SAFCO Rocking Chair, Adjustable",412.20000000000005,3,0,70.02
IN-2015-CM12160102-42053,2015-02-18 00:00:00,CM-12160102,Charles McCrossin,Consumer,Philippines,Asia Pacific,Southeastern Asia,TEC-MA-5508,Technology,Machines,"Okidata Phone, White",127.88999999999999,2,0.25,28.950000000000003
SG-2015-JM5655111-42059,2015-02-24 00:00:00,JM-5655111,Jim Mitchum,Corporate,Senegal,Africa,Western Africa,FUR-CH-4628,Furniture,Chairs,"Hon Bag Chairs, Red",90.3,2,0,29.759999999999998
IN-2015-CC125507-42046,2015-02-11 00:00:00,CC-125507,Clay Cheatham,Consumer,Australia,Asia Pacific,Oceania,OFF-BI-2897,Office Supplies,Binders,"Acco Binder, Economy",68.175,5,0.1,15.825
ZA-2015-TS11205146-42062,2015-02-27 00:00:00,TS-11205146,Thomas Seio,Corporate,Zambia,Africa,Eastern Africa,TEC-AC-5226,Technology,Accessories,"Memorex Router, USB",246.42000000000002,1,0,19.71
SF-2015-SM10905117-42054,2015-02-19 00:00:00,SM-10905117,Susan MacKendrick,Consumer,South Africa,Africa,Southern Africa,OFF-BI-2902,Office Supplies,Binders,"Acco Binding Machine, Recycled",102.89999999999999,2,0,25.68
TU-2015-TS11340134-42040,2015-02-05 00:00:00,TS-11340134,Toby Swindell,Consumer,Turkey,Asia Pacific,Western Asia,OFF-ST-4056,Office Supplies,Storage,"Eldon File Cart, Industrial",51.156000000000006,1,0.6,-61.40400000000001
ES-2015-LH1690048-42041,2015-02-06 00:00:00,LH-1690048,Lena Hernandez,Consumer,Germany,Europe,Western Europe,OFF-BI-4818,Office Supplies,Binders,"Ibico Binding Machine, Recycled",207.11999999999998,4,0,37.2
ID-2015-RB19705102-42059,2015-02-24 00:00:00,RB-19705102,Roger Barcio,Home Office,Philippines,Asia Pacific,Southeastern Asia,TEC-CO-6005,Technology,Copiers,"Sharp Personal Copier, Color",157.872,2,0.35,7.271999999999991
ES-2015-AH10690120-42045,2015-02-10 00:00:00,AH-10690120,Anna Häberlin,Corporate,Spain,Europe,Southern Europe,TEC-PH-3130,Technology,Phones,"Apple Audio Dock, with Caller ID",450.60300000000007,3,0.1,24.992999999999995
MX-2015-SS2087582-42059,2015-02-24 00:00:00,SS-2087582,Sung Shariari,Consumer,Mexico,LATAM,Central America,TEC-CO-3606,Technology,Copiers,"Brother Personal Copier, High-Speed",187.74376,2,0.002,9.02376
ID-2015-MC17575130-42054,2015-02-19 00:00:00,MC-17575130,Matt Collins,Consumer,Thailand,Asia Pacific,Southeastern Asia,FUR-BO-4852,Furniture,Bookcases,"Ikea Corner Shelving, Metal",154.3752,2,0.37,-68.6448
ID-2015-TB2152088-42048,2015-02-13 00:00:00,TB-2152088,Tracy Blumstein,Consumer,Myanmar (Burma),Asia Pacific,Southeastern Asia,TEC-AC-4178,Technology,Accessories,"Enermax Numeric Keypad, Bluetooth",274.4658,9,0.47000000000000003,-67.35420000000002
CA-2015-DB13060140-42062,2015-02-27 00:00:00,DB-130601404,Dave Brooks,Consumer,United States,USCA,Western US,TEC-PH-2878,Technology,Phones,Aastra 57i VoIP phone,258.576,2,0.2,19.393200000000007
CA-2015-DB13060140-42062,2015-02-27 00:00:00,DB-130601404,Dave Brooks,Consumer,United States,USCA,Western US,FUR-FU-6227,Furniture,Furnishings,Tenex B1-RE Series Chair Mats for Low Pile Carpets,91.96,2,0,15.633199999999988
ES-2015-KW16570139-42059,2015-02-24 00:00:00,KW-16570139,Kelly Williams,Consumer,United Kingdom,Europe,Northern Europe,TEC-AC-4154,Technology,Accessories,"Enermax Flash Drive, USB",83.46,2,0,32.519999999999996
CA-2015-DB13060140-42062,2015-02-27 00:00:00,DB-130601404,Dave Brooks,Consumer,United States,USCA,Western US,OFF-PA-4892,Office Supplies,Paper,"It's Hot Message Books with Stickers, 2 3/4"" x 5""",29.6,4,0,13.32
IN-2015-JG15160118-42056,2015-02-21 00:00:00,JG-15160118,James Galang,Consumer,South Korea,Asia Pacific,Eastern Asia,FUR-CH-4520,Furniture,Chairs,"Harbour Creations Bag Chairs, Red",246.48000000000002,5,0.2,55.379999999999995
ES-2015-JF1549045-42038,2015-02-03 00:00:00,JF-1549045,Jeremy Farry,Consumer,France,Europe,Western Europe,TEC-PH-5843,Technology,Phones,"Samsung Speaker Phone, Cordless",428.706,4,0.15,10.025999999999996
ES-2015-EH1394564-42052,2015-02-17 00:00:00,EH-1394564,Eric Hoffmann,Consumer,Italy,Europe,Southern Europe,OFF-SU-6166,Office Supplies,Supplies,"Stiletto Letter Opener, High Speed",111.12000000000002,4,0,18.84
ES-2015-SN20710139-42042,2015-02-07 00:00:00,SN-20710139,Steve Nguyen,Home Office,United Kingdom,Europe,Northern Europe,OFF-BI-2894,Office Supplies,Binders,"Acco Binder Covers, Recycled",82.08,6,0,24.48
IN-2015-RD198107-42048,2015-02-13 00:00:00,RD-198107,Ross DeVincentis,Home Office,Australia,Asia Pacific,Oceania,TEC-PH-3144,Technology,Phones,"Apple Signal Booster, Full Size",248.292,2,0.1,79.99199999999999
CA-2015-DK13090140-42057,2015-02-22 00:00:00,DK-130901402,Dave Kipp,Consumer,United States,USCA,Central US,TEC-AC-5236,Technology,Accessories,Microsoft Natural Keyboard Elite,47.904,1,0.2,-2.9940000000000015
TU-2015-CA2775134-42060,2015-02-25 00:00:00,CA-2775134,Cynthia Arntzen,Consumer,Turkey,Asia Pacific,Western Asia,TEC-AC-5137,Technology,Accessories,"Logitech Router, USB",198.02400000000003,2,0.6,-237.636
MX-2015-KM1622582-42041,2015-02-06 00:00:00,KM-1622582,Kalyca Meade,Corporate,Mexico,LATAM,Central America,OFF-SU-4319,Office Supplies,Supplies,"Fiskars Shears, Easy Grip",164.2,5,0,82.1
MX-2015-SC2084582-42039,2015-02-04 00:00:00,SC-2084582,Sung Chung,Consumer,Mexico,LATAM,Central America,FUR-CH-5407,Furniture,Chairs,"Novimex Steel Folding Chair, Black",170.23999999999995,4,0.2,53.20000000000001
HU-2015-BN151557-42042,2015-02-07 00:00:00,BN-151557,Bradley Nguyen,Consumer,Hungary,Europe,Eastern Europe,OFF-ST-4259,Office Supplies,Storage,"Fellowes File Cart, Single Width",274.68,2,0,0
ES-2015-KD16345139-42063,2015-02-28 00:00:00,KD-16345139,Katherine Ducich,Consumer,United Kingdom,Europe,Northern Europe,OFF-BI-4817,Office Supplies,Binders,"Ibico Binding Machine, Economy",92.55600000000001,2,0.1,-1.0440000000000005
ES-2015-AG10525139-42045,2015-02-10 00:00:00,AG-10525139,Andy Gerbode,Corporate,United Kingdom,Europe,Northern Europe,OFF-ST-4263,Office Supplies,Storage,"Fellowes Folders, Single Width",79.28999999999999,3,0,32.49
ES-2015-IL1510034-42045,2015-02-10 00:00:00,IL-1510034,Ivan Liston,Consumer,Denmark,Europe,Northern Europe,FUR-FU-3928,Furniture,Furnishings,"Deflect-O Clock, Black",160.99200000000002,8,0.6,-229.488
IN-2015-AC1061527-42049,2015-02-14 00:00:00,AC-1061527,Ann Chong,Corporate,China,Asia Pacific,Eastern Asia,FUR-FU-3033,Furniture,Furnishings,"Advantus Frame, Duo Pack",222.36,2,0,57.78
ES-2015-JJ1576045-42040,2015-02-05 00:00:00,JJ-1576045,Joel Jenkins,Home Office,France,Europe,Western Europe,OFF-BI-4815,Office Supplies,Binders,"Ibico Binding Machine, Clear",101.76,2,0,46.8
ES-2015-LP17080120-42042,2015-02-07 00:00:00,LP-17080120,Liz Pelletier,Consumer,Spain,Europe,Southern Europe,TEC-MA-4211,Technology,Machines,"Epson Receipt Printer, White",311.68800000000005,3,0.1,114.22799999999998
IT-2015-TC2098045-42056,2015-02-21 00:00:00,TC-2098045,Tamara Chand,Corporate,France,Europe,Western Europe,OFF-ST-5705,Office Supplies,Storage,"Rogers Shelving, Blue",167.75099999999998,3,0.1,-9.369
ES-2015-AS10045139-42042,2015-02-07 00:00:00,AS-10045139,Aaron Smayling,Corporate,United Kingdom,Europe,Northern Europe,OFF-ST-5708,Office Supplies,Storage,"Rogers Shelving, Wire Frame",122.39999999999999,2,0,37.92
ES-2015-RD1966048-42055,2015-02-20 00:00:00,RD-1966048,Robert Dilbeck,Home Office,Germany,Europe,Western Europe,FUR-FU-3030,Furniture,Furnishings,"Advantus Door Stop, Erganomic",130.95000000000002,3,0,40.589999999999996
IN-2015-EB141107-42050,2015-02-15 00:00:00,EB-141107,Eugene Barchas,Consumer,Australia,Asia Pacific,Oceania,OFF-BI-4806,Office Supplies,Binders,"Ibico 3-Hole Punch, Recycled",221.83200000000002,8,0.1,91.03200000000001
IN-2015-AC1061527-42049,2015-02-14 00:00:00,AC-1061527,Ann Chong,Corporate,China,Asia Pacific,Eastern Asia,OFF-ST-6273,Office Supplies,Storage,"Tenex Shelving, Industrial",551.4,10,0,170.7
TU-2015-LS7230134-42039,2015-02-04 00:00:00,LS-7230134,Lycoris Saunders,Consumer,Turkey,Asia Pacific,Western Asia,FUR-CH-4532,Furniture,Chairs,"Harbour Creations Executive Leather Armchair, Red",190.34399999999997,1,0.6,-99.93599999999992
IT-2015-JC1610591-42042,2015-02-07 00:00:00,JC-1610591,Julie Creighton,Corporate,Netherlands,Europe,Western Europe,TEC-MA-4189,Technology,Machines,"Epson Calculator, Durable",46.53,2,0.5,-21.450000000000003
ID-2015-CR1262559-42053,2015-02-18 00:00:00,CR-1262559,Corey Roper,Home Office,Indonesia,Asia Pacific,Southeastern Asia,OFF-AR-3493,Office Supplies,Art,"Binney & Smith Pencil Sharpener, Fluorescent",155.7528,8,0.27,34.07279999999999
IN-2015-JB1592511-42063,2015-02-28 00:00:00,JB-1592511,Joni Blumstein,Consumer,Bangladesh,Asia Pacific,Southern Asia,OFF-AR-3548,Office Supplies,Art,"Boston Pens, Fluorescent",170.28,11,0,23.76
IR-2015-SW1045560-42063,2015-02-28 00:00:00,SW-1045560,Shaun Weien,Consumer,Iran,Asia Pacific,Southern Asia,TEC-MA-6153,Technology,Machines,"StarTech Receipt Printer, White",217.98000000000002,2,0,74.1
RS-2015-JP6135108-42055,2015-02-20 00:00:00,JP-6135108,Julie Prescott,Home Office,Russia,Europe,Eastern Europe,OFF-ST-6284,Office Supplies,Storage,"Tenex Trays, Wire Frame",213.11999999999998,4,0,106.56
SG-2015-JM5655111-42059,2015-02-24 00:00:00,JM-5655111,Jim Mitchum,Corporate,Senegal,Africa,Western Africa,TEC-PH-5359,Technology,Phones,"Nokia Speaker Phone, VoIP",123.24,1,0,3.69
SF-2015-CD1920117-42055,2015-02-20 00:00:00,CD-1920117,Carlos Daly,Consumer,South Africa,Africa,Southern Africa,OFF-ST-5693,Office Supplies,Storage,"Rogers File Cart, Single Width",141.63,1,0,36.81
BU-2015-KM637519-42048,2015-02-13 00:00:00,KM-637519,Katherine Murray,Home Office,Bulgaria,Europe,Eastern Europe,OFF-ST-5702,Office Supplies,Storage,"Rogers Lockers, Single Width",211.64999999999998,1,0,93.12
MX-2015-DE1325593-42061,2015-02-26 00:00:00,DE-1325593,Deanra Eno,Home Office,Nicaragua,LATAM,Central America,FUR-BO-5797,Furniture,Bookcases,"Safco Stackable Bookrack, Mobile",297.96000000000004,3,0,77.46
IN-2015-JC1610511-42042,2015-02-07 00:00:00,JC-1610511,Julie Creighton,Corporate,Bangladesh,Asia Pacific,Southern Asia,FUR-CH-4632,Furniture,Chairs,"Hon Chairmat, Red",111.06,2,0,27.72
IN-2015-CM12160102-42053,2015-02-18 00:00:00,CM-12160102,Charles McCrossin,Consumer,Philippines,Asia Pacific,Southeastern Asia,TEC-PH-5346,Technology,Phones,"Nokia Office Telephone, Cordless",101.97,2,0.25,13.589999999999996
SF-2015-SM10905117-42054,2015-02-19 00:00:00,SM-10905117,Susan MacKendrick,Consumer,South Africa,Africa,Southern Africa,OFF-SU-4980,Office Supplies,Supplies,"Kleencut Letter Opener, Steel",95.03999999999999,4,0,23.759999999999998
AO-2015-DC28504-42054,2015-02-19 00:00:00,DC-28504,Dan Campbell,Consumer,Angola,Africa,Central Africa,OFF-ST-5693,Office Supplies,Storage,"Rogers File Cart, Single Width",568.32,4,0,90.84
BK-2015-RS987017-42046,2015-02-11 00:00:00,RS-987017,Roy Skaria,Home Office,Bosnia and Herzegovina,Europe,Southern Europe,OFF-ST-5695,Office Supplies,Storage,"Rogers Folders, Industrial",124.67999999999998,4,0,17.4
ES-2015-AA1037545-42052,2015-02-17 00:00:00,AA-1037545,Allen Armold,Consumer,France,Europe,Western Europe,OFF-AR-6123,Office Supplies,Art,"Stanley Pens, Fluorescent",90.48000000000002,8,0,7.92
MX-2015-MM1805598-42049,2015-02-14 00:00:00,MM-1805598,Michelle Moray,Consumer,Panama,LATAM,Central America,TEC-PH-5838,Technology,Phones,"Samsung Signal Booster, with Caller ID",163.908,3,0.4,16.368000000000006
TU-2015-TS11340134-42040,2015-02-05 00:00:00,TS-11340134,Toby Swindell,Consumer,Turkey,Asia Pacific,Western Asia,OFF-AR-3467,Office Supplies,Art,"BIC Pens, Water Color",41.904,6,0.6,-20.016000000000012
US-2015-DJ13510140-42047,2015-02-12 00:00:00,DJ-135101406,Don Jones,Corporate,United States,USCA,Eastern US,OFF-LA-3191,Office Supplies,Labels,Avery 473,20.7,2,0,9.936
CA-2015-DM352523-42046,2015-02-11 00:00:00,DM-352523,Don Miller,Corporate,Canada,USCA,Canada,OFF-ST-5701,Office Supplies,Storage,"Rogers Lockers, Industrial",212.10000000000002,1,0,80.58
CA-2015-DM352523-42046,2015-02-11 00:00:00,DM-352523,Don Miller,Corporate,Canada,USCA,Canada,OFF-AR-3475,Office Supplies,Art,"Binney & Smith Canvas, Blue",102.71999999999998,2,0,19.5
MX-2015-AR1034518-42054,2015-02-19 00:00:00,AR-1034518,Alex Russell,Corporate,Brazil,LATAM,South America,FUR-CH-5369,Furniture,Chairs,"Novimex Bag Chairs, Set of Two",192.83999999999997,6,0,24.96
CA-2015-DM352523-42046,2015-02-11 00:00:00,DM-352523,Don Miller,Corporate,Canada,USCA,Canada,OFF-PA-4159,Office Supplies,Paper,"Enermax Memo Slips, 8.5 x 11",19.8,1,0,0
CG-2015-HE480033-42051,2015-02-16 00:00:00,HE-480033,Harold Engle,Corporate,Democratic Republic of the Congo,Africa,Central Africa,TEC-PH-5264,Technology,Phones,"Motorola Signal Booster, Full Size",144.42000000000002,1,0,23.1
ES-2015-CC12475120-42041,2015-02-06 00:00:00,CC-12475120,Cindy Chapman,Consumer,Spain,Europe,Southern Europe,OFF-AR-5923,Office Supplies,Art,"Sanford Pencil Sharpener, Water Color",78.3,3,0,20.339999999999996
ES-2015-JL1513045-42055,2015-02-20 00:00:00,JL-1513045,Jack Lebron,Consumer,France,Europe,Western Europe,OFF-AR-3546,Office Supplies,Art,"Boston Pens, Blue",85.32000000000001,6,0,1.62
US-2015-DW13585140-42038,2015-02-03 00:00:00,DW-135851406,Dorothy Wardle,Corporate,United States,USCA,Eastern US,OFF-PA-6468,Office Supplies,Paper,Xerox 1916,78.304,2,0.2,29.363999999999997
US-2015-DW13585140-42038,2015-02-03 00:00:00,DW-135851406,Dorothy Wardle,Corporate,United States,USCA,Eastern US,TEC-PH-3121,Technology,Phones,Anker 36W 4-Port USB Wall Charger Travel Power Adapter for iPhone 5s 5c 5,59.96999999999999,5,0.4,-11.993999999999993
IT-2015-MH1745591-42059,2015-02-24 00:00:00,MH-1745591,Mark Hamilton,Consumer,Netherlands,Europe,Western Europe,FUR-CH-4547,Furniture,Chairs,"Harbour Creations Rocking Chair, Set of Two",224.00999999999996,3,0.5,-143.36999999999995
US-2015-DW13585140-42038,2015-02-03 00:00:00,DW-135851406,Dorothy Wardle,Corporate,United States,USCA,Eastern US,OFF-FA-6129,Office Supplies,Fasteners,Staples,21.456,9,0.2,6.973199999999998
ES-2015-GZ1447048-42060,2015-02-25 00:00:00,GZ-1447048,Gary Zandusky,Consumer,Germany,Europe,Western Europe,OFF-EN-3097,Office Supplies,Envelopes,"Ames Interoffice Envelope, Security-Tint",237.59999999999997,5,0,116.4
IT-2015-DB13555139-42063,2015-02-28 00:00:00,DB-13555139,Dorothy Badders,Corporate,United Kingdom,Europe,Northern Europe,OFF-AR-5930,Office Supplies,Art,"Sanford Sketch Pad, Blue",204.66000000000003,5,0.1,-15.990000000000006
IN-2015-LD170057-42063,2015-02-28 00:00:00,LD-170057,Lisa DeCherney,Consumer,Australia,Asia Pacific,Oceania,OFF-SU-4304,Office Supplies,Supplies,"Fiskars Box Cutter, High Speed",95.904,3,0.1,-9.665999999999999
MX-2015-KS1630031-42063,2015-02-28 00:00:00,KS-1630031,Karen Seio,Corporate,Cuba,LATAM,Caribbean,TEC-CO-4587,Technology,Copiers,"Hewlett Personal Copier, Digital",287.24436,3,0.002,65.60436
IN-2015-GR145607-42047,2015-02-12 00:00:00,GR-145607,Georgia Rosenberg,Corporate,Australia,Asia Pacific,Oceania,OFF-SU-4996,Office Supplies,Supplies,"Kleencut Trimmer, Steel",220.482,6,0.1,-14.778
SG-2015-QJ9255111-42062,2015-02-27 00:00:00,QJ-9255111,Quincy Jones,Corporate,Senegal,Africa,Western Africa,OFF-PA-4476,Office Supplies,Paper,"Green Bar Message Books, Premium",95.16,4,0,9.48
IT-2015-CM12655124-42042,2015-02-07 00:00:00,CM-12655124,Corinna Mitchell,Home Office,Sweden,Europe,Northern Europe,OFF-ST-4260,Office Supplies,Storage,"Fellowes File Cart, Wire Frame",204.57000000000005,3,0.5,-118.71000000000006
ES-2015-PB19210139-42060,2015-02-25 00:00:00,PB-19210139,Phillip Breyer,Corporate,United Kingdom,Europe,Northern Europe,OFF-AR-3531,Office Supplies,Art,"Boston Highlighters, Blue",94.35,5,0,23.55
ZA-2015-SW10350146-42061,2015-02-26 00:00:00,SW-10350146,Sean Wendt,Home Office,Zambia,Africa,Eastern Africa,TEC-CO-3593,Technology,Copiers,"Brother Fax and Copier, High-Speed",189.69,1,0,37.92
IR-2015-AH19560-42044,2015-02-09 00:00:00,AH-19560,Alan Haines,Corporate,Iran,Asia Pacific,Southern Asia,OFF-ST-4056,Office Supplies,Storage,"Eldon File Cart, Industrial",127.89000000000001,1,0,15.330000000000002
ES-2015-CC12475120-42041,2015-02-06 00:00:00,CC-12475120,Cindy Chapman,Consumer,Spain,Europe,Southern Europe,OFF-AR-3545,Office Supplies,Art,"Boston Pencil Sharpener, Water Color",146.1,5,0,18.900000000000002
MX-2015-ME1772582-42061,2015-02-26 00:00:00,ME-1772582,Max Engle,Consumer,Mexico,LATAM,Central America,OFF-SU-3004,Office Supplies,Supplies,"Acme Trimmer, Steel",146.6,5,0,58.6
IN-2015-SC2023027-42040,2015-02-05 00:00:00,SC-2023027,Scot Coram,Corporate,China,Asia Pacific,Eastern Asia,TEC-CO-4765,Technology,Copiers,"HP Copy Machine, Color",1715.9099999999999,7,0,840.63
RO-2015-LA6780107-42063,2015-02-28 00:00:00,LA-6780107,Laura Armstrong,Corporate,Romania,Europe,Eastern Europe,TEC-PH-3797,Technology,Phones,"Cisco Office Telephone, Full Size",163.5,2,0,31.02
ES-2015-JK1562545-42051,2015-02-16 00:00:00,JK-1562545,Jim Karlsson,Consumer,France,Europe,Western Europe,TEC-AC-5881,Technology,Accessories,"SanDisk Mouse, Erganomic",216.71999999999997,6,0,43.199999999999996
ID-2015-JC1538592-42039,2015-02-04 00:00:00,JC-1538592,Jenna Caffey,Consumer,New Zealand,Asia Pacific,Oceania,FUR-BO-5959,Furniture,Bookcases,"Sauder Floating Shelf Set, Metal",232.848,2,0.4,-97.03200000000004
ES-2015-JP1546045-42059,2015-02-24 00:00:00,JP-1546045,Jennifer Patt,Corporate,France,Europe,Western Europe,OFF-AR-5921,Office Supplies,Art,"Sanford Pencil Sharpener, Easy-Erase",162.53999999999996,6,0,81.17999999999999
IT-2015-DB13555139-42063,2015-02-28 00:00:00,DB-13555139,Dorothy Badders,Corporate,United Kingdom,Europe,Northern Europe,TEC-AC-4172,Technology,Accessories,"Enermax Mouse, Erganomic",171.45,5,0.1,-5.849999999999996
CA-2015-ED13885140-42055,2015-02-20 00:00:00,ED-138851404,Emily Ducich,Home Office,United States,USCA,Western US,FUR-FU-6299,Furniture,Furnishings,Tensor Computer Mounted Lamp,44.67,3,0,12.060900000000002
CA-2015-ED13885140-42055,2015-02-20 00:00:00,ED-138851404,Emily Ducich,Home Office,United States,USCA,Western US,OFF-AR-5298,Office Supplies,Art,Newell 320,12.84,3,0,3.4668000000000005
ES-2015-PT190908-42061,2015-02-26 00:00:00,PT-190908,Pete Takahito,Consumer,Austria,Europe,Western Europe,OFF-ST-4096,Office Supplies,Storage,"Eldon Shelving, Single Width",145.35,3,0,0
ES-2015-AS10045139-42042,2015-02-07 00:00:00,AS-10045139,Aaron Smayling,Corporate,United Kingdom,Europe,Northern Europe,OFF-ST-4261,Office Supplies,Storage,"Fellowes Folders, Blue",79.19999999999999,3,0,39.6
TZ-2015-BE1410129-42056,2015-02-21 00:00:00,BE-1410129,Bobby Elias,Consumer,Tanzania,Africa,Eastern Africa,OFF-ST-4258,Office Supplies,Storage,"Fellowes File Cart, Industrial",124.01100000000002,1,0.1,4.130999999999997
MX-2015-DC1285051-42041,2015-02-06 00:00:00,DC-1285051,Dan Campbell,Consumer,Guatemala,LATAM,Central America,TEC-AC-4174,Technology,Accessories,"Enermax Mouse, USB",80.99999999999997,3,0,17.82
ES-2015-AH10690120-42045,2015-02-10 00:00:00,AH-10690120,Anna Häberlin,Corporate,Spain,Europe,Southern Europe,OFF-AR-6117,Office Supplies,Art,"Stanley Markers, Water Color",152.27999999999997,6,0,50.220000000000006
ID-2015-SC200507-42054,2015-02-19 00:00:00,SC-200507,Sample Company A,Home Office,Australia,Asia Pacific,Oceania,TEC-AC-3388,Technology,Accessories,"Belkin Memory Card, Bluetooth",137.772,2,0.4,-27.587999999999994
ID-2015-HK148907-42046,2015-02-11 00:00:00,HK-148907,Heather Kirkland,Corporate,Australia,Asia Pacific,Oceania,OFF-EN-5031,Office Supplies,Envelopes,"Kraft Interoffice Envelope, Set of 50",126.684,3,0.1,14.003999999999998
IT-2015-GH14665124-42050,2015-02-15 00:00:00,GH-14665124,Greg Hansen,Consumer,Sweden,Europe,Northern Europe,OFF-EN-3109,Office Supplies,Envelopes,"Ames Peel and Seal, Security-Tint",63.269999999999996,6,0.5,-24.209999999999994
ID-2015-EH1400559-42039,2015-02-04 00:00:00,EH-1400559,Erica Hernandez,Home Office,Indonesia,Asia Pacific,Southeastern Asia,OFF-FA-5477,Office Supplies,Fasteners,"OIC Rubber Bands, Bulk Pack",99.5181,11,0.47000000000000003,-24.56190000000001
ES-2015-RB1964548-42049,2015-02-14 00:00:00,RB-1964548,Robert Barroso,Corporate,Germany,Europe,Western Europe,FUR-FU-6276,Furniture,Furnishings,"Tenex Stacking Tray, Black",126.44999999999999,5,0,17.7
IN-2015-AG1030059-42048,2015-02-13 00:00:00,AG-1030059,Aleksandra Gannaway,Corporate,Indonesia,Asia Pacific,Southeastern Asia,TEC-PH-3790,Technology,Phones,"Cisco Headset, Cordless",454.6242,6,0.17,38.284199999999984
EZ-2015-CH207032-42063,2015-02-28 00:00:00,CH-207032,Cathy Hwang,Home Office,Czech Republic,Europe,Eastern Europe,OFF-ST-5692,Office Supplies,Storage,"Rogers File Cart, Industrial",141.60000000000002,1,0,24.06
ES-2015-HM1498014-42041,2015-02-06 00:00:00,HM-1498014,Henry MacAllister,Consumer,Belgium,Europe,Western Europe,OFF-AR-5923,Office Supplies,Art,"Sanford Pencil Sharpener, Water Color",104.39999999999999,4,0,27.119999999999997
IN-2015-RW196907-42048,2015-02-13 00:00:00,RW-196907,Robert Waldorf,Consumer,Australia,Asia Pacific,Oceania,TEC-AC-5881,Technology,Accessories,"SanDisk Mouse, Erganomic",195.04799999999997,6,0.1,36.828
IN-2015-SJ2021527-42038,2015-02-03 00:00:00,SJ-2021527,Sarah Jordon,Consumer,China,Asia Pacific,Eastern Asia,FUR-BO-4845,Furniture,Bookcases,"Ikea 3-Shelf Cabinet, Mobile",289.9200000000001,2,0,40.56
CA-2015-ES14080140-42060,2015-02-25 00:00:00,ES-140801406,Erin Smith,Corporate,United States,USCA,Eastern US,TEC-AC-5605,Technology,Accessories,Plantronics CS510 - Over-the-Head monaural Wireless Headset System,1319.8,5,0.2,214.4674999999998
CA-2015-ES14080140-42060,2015-02-25 00:00:00,ES-140801406,Erin Smith,Corporate,United States,USCA,Eastern US,OFF-PA-6546,Office Supplies,Paper,Xerox 1988,123.92000000000002,5,0.2,38.724999999999994
IN-2015-AC1061527-42049,2015-02-14 00:00:00,AC-1061527,Ann Chong,Corporate,China,Asia Pacific,Eastern Asia,FUR-FU-5733,Furniture,Furnishings,"Rubbermaid Light Bulb, Durable",79.35,5,0,22.199999999999996
MX-2015-MH1744031-42045,2015-02-10 00:00:00,MH-1744031,Mark Haberlin,Corporate,Cuba,LATAM,Caribbean,FUR-FU-3025,Furniture,Furnishings,"Advantus Clock, Durable",161.4,5,0,32.2
ES-2015-JJ1576045-42040,2015-02-05 00:00:00,JJ-1576045,Joel Jenkins,Home Office,France,Europe,Western Europe,FUR-CH-5758,Furniture,Chairs,"SAFCO Chairmat, Red",107.67600000000002,2,0.1,13.115999999999996
ES-2015-LC1696064-42058,2015-02-23 00:00:00,LC-1696064,Lindsay Castell,Home Office,Italy,Europe,Southern Europe,OFF-ST-4253,Office Supplies,Storage,"Fellowes Box, Wire Frame",112.5,10,0.4,11.099999999999994
ES-2015-BB1099048-42060,2015-02-25 00:00:00,BB-1099048,Barry Blumstein,Corporate,Germany,Europe,Western Europe,OFF-AR-5932,Office Supplies,Art,"Sanford Sketch Pad, Fluorescent",233.70000000000002,5,0,109.80000000000001
MX-2015-CD1228082-42048,2015-02-13 00:00:00,CD-1228082,Christina DeMoss,Consumer,Mexico,LATAM,Central America,OFF-BI-2900,Office Supplies,Binders,"Acco Binding Machine, Durable",105.18000000000002,3,0,49.379999999999995
MX-2015-SS2087531-42057,2015-02-22 00:00:00,SS-2087531,Sung Shariari,Consumer,Cuba,LATAM,Caribbean,TEC-AC-4178,Technology,Accessories,"Enermax Numeric Keypad, Bluetooth",76.44,2,0,0
ID-2015-KH16510102-42052,2015-02-17 00:00:00,KH-16510102,Keith Herrera,Consumer,Philippines,Asia Pacific,Southeastern Asia,OFF-BI-2894,Office Supplies,Binders,"Acco Binder Covers, Recycled",46.512,4,0.15000000000000002,9.191999999999998
SF-2015-ML7755117-42060,2015-02-25 00:00:00,ML-7755117,Max Ludwig,Home Office,South Africa,Africa,Southern Africa,FUR-CH-4520,Furniture,Chairs,"Harbour Creations Bag Chairs, Red",61.620000000000005,1,0,26.490000000000002
IT-2015-GT14635124-42046,2015-02-11 00:00:00,GT-14635124,Grant Thornton,Corporate,Sweden,Europe,Northern Europe,OFF-ST-5703,Office Supplies,Storage,"Rogers Lockers, Wire Frame",210.69,2,0.5,-105.38999999999999
MX-2015-TP2156582-42056,2015-02-21 00:00:00,TP-2156582,Tracy Poddar,Corporate,Mexico,LATAM,Central America,OFF-BI-2882,Office Supplies,Binders,"Acco 3-Hole Punch, Durable",63.24000000000001,3,0,9.48
ID-2015-MC175757-42058,2015-02-23 00:00:00,MC-175757,Matt Collins,Consumer,Australia,Asia Pacific,Oceania,OFF-LA-4639,Office Supplies,Labels,"Hon Color Coded Labels, Alphabetical",34.101,3,0.1,-3.7889999999999997
IN-2015-AM107057-42047,2015-02-12 00:00:00,AM-107057,Anne McFarland,Consumer,Australia,Asia Pacific,Oceania,TEC-AC-5205,Technology,Accessories,"Memorex Memory Card, Programmable",186.78599999999997,2,0.1,8.286000000000001
CA-2015-FC14335140-42041,2015-02-06 00:00:00,FC-143351404,Fred Chung,Corporate,United States,USCA,Western US,OFF-AP-5938,Office Supplies,Appliances,"Sanyo Counter Height Refrigerator with Crisper, 3.6 Cubic Foot, Stainless Steel/Black",1640.6999999999998,5,0,459.39599999999996
AG-2015-DS31803-42046,2015-02-11 00:00:00,DS-31803,David Smith,Corporate,Algeria,Africa,North Africa,OFF-AR-6118,Office Supplies,Art,"Stanley Pencil Sharpener, Easy-Erase",52.08,2,0,17.700000000000003
CA-2015-FC14335140-42041,2015-02-06 00:00:00,FC-143351404,Fred Chung,Corporate,United States,USCA,Western US,TEC-PH-4389,Technology,Phones,Geemarc AmpliPOWER60,371.2,5,0.2,41.75999999999995
ES-2015-RB1964548-42049,2015-02-14 00:00:00,RB-1964548,Robert Barroso,Corporate,Germany,Europe,Western Europe,OFF-SU-4121,Office Supplies,Supplies,"Elite Letter Opener, High Speed",106.79999999999998,4,0,44.76
CA-2015-FH14350140-42049,2015-02-14 00:00:00,FH-143501404,Fred Harton,Consumer,United States,USCA,Western US,TEC-AC-5657,Technology,Accessories,Razer Tiamat Over Ear 7.1 Surround Sound PC Gaming Headset,799.96,4,0,343.98280000000005
CA-2015-FH14350140-42049,2015-02-14 00:00:00,FH-143501404,Fred Harton,Consumer,United States,USCA,Western US,FUR-FU-6240,Furniture,Furnishings,"Tenex Contemporary Contur Chairmats for Low and Medium Pile Carpet, Computer, 39"" x 49""",107.53,1,0,21.506
CA-2015-FH14350140-42049,2015-02-14 00:00:00,FH-143501404,Fred Harton,Consumer,United States,USCA,Western US,OFF-AR-5288,Office Supplies,Art,Newell 311,6.63,3,0,1.7901
ES-2015-CC12475120-42041,2015-02-06 00:00:00,CC-12475120,Cindy Chapman,Consumer,Spain,Europe,Southern Europe,OFF-BI-2896,Office Supplies,Binders,"Acco Binder, Durable",49.949999999999996,3,0,13.950000000000001
IZ-2015-NZ856561-42056,2015-02-21 00:00:00,NZ-856561,Nick Zandusky,Home Office,Iraq,Asia Pacific,Western Asia,FUR-CH-5447,Furniture,Chairs,"Office Star Rocking Chair, Black",138.48000000000002,1,0,27.69
CA-2015-GH14410140-42053,2015-02-18 00:00:00,GH-144101406,Gary Hansen,Home Office,United States,USCA,Eastern US,OFF-ST-4246,Office Supplies,Storage,Fellowes Bases and Tops For Staxonsteel/High-Stak Systems,166.45,5,0,39.94799999999999
ES-2015-KD16345139-42063,2015-02-28 00:00:00,KD-16345139,Katherine Ducich,Consumer,United Kingdom,Europe,Northern Europe,OFF-FA-5483,Office Supplies,Fasteners,"OIC Staples, Metal",51.57000000000001,5,0.1,17.669999999999998
CA-2015-GH14410140-42053,2015-02-18 00:00:00,GH-144101406,Gary Hansen,Home Office,United States,USCA,Eastern US,OFF-PA-3011,Office Supplies,Paper,"Adams Telephone Message Book W/Dividers/Space For Phone Numbers, 5 1/4""X8 1/2"", 300/Messages",11.76,2,0,5.7623999999999995
ID-2015-TZ214457-42042,2015-02-07 00:00:00,TZ-214457,Tom Zandusky,Corporate,Australia,Asia Pacific,Oceania,OFF-BI-2881,Office Supplies,Binders,"Acco 3-Hole Punch, Clear",88.74000000000001,5,0.4,-57.81000000000001
TU-2015-CA2775134-42060,2015-02-25 00:00:00,CA-2775134,Cynthia Arntzen,Consumer,Turkey,Asia Pacific,Western Asia,OFF-SU-6183,Office Supplies,Supplies,"Stiletto Trimmer, Steel",101.16000000000003,6,0.6,-65.88000000000002
EG-2015-SR1042538-42056,2015-02-21 00:00:00,SR-1042538,Sharelle Roach,Home Office,Egypt,Africa,North Africa,OFF-BI-4808,Office Supplies,Binders,"Ibico Binder Covers, Durable",60.599999999999994,4,0,7.199999999999999
SF-2015-NP8700117-42052,2015-02-17 00:00:00,NP-8700117,Nora Preis,Consumer,South Africa,Africa,Southern Africa,TEC-MA-5002,Technology,Machines,"Konica Card Printer, Durable",350.58000000000004,2,0,98.16
ID-2015-LT171107-42045,2015-02-10 00:00:00,LT-171107,Liz Thompson,Consumer,Australia,Asia Pacific,Oceania,FUR-CH-5369,Furniture,Chairs,"Novimex Bag Chairs, Set of Two",173.556,4,0.1,44.31599999999999
ID-2015-TB2152088-42048,2015-02-13 00:00:00,TB-2152088,Tracy Blumstein,Consumer,Myanmar (Burma),Asia Pacific,Southeastern Asia,TEC-AC-5200,Technology,Accessories,"Memorex Keyboard, Erganomic",109.94850000000001,3,0.47000000000000003,-18.751500000000007
IN-2015-NL18310130-42052,2015-02-17 00:00:00,NL-18310130,Nancy Lomonaco,Home Office,Thailand,Asia Pacific,Southeastern Asia,FUR-CH-5447,Furniture,Chairs,"Office Star Rocking Chair, Black",202.18080000000003,2,0.27,24.88079999999998
IN-2015-EB141107-42050,2015-02-15 00:00:00,EB-141107,Eugene Barchas,Consumer,Australia,Asia Pacific,Oceania,FUR-FU-3065,Furniture,Furnishings,"Advantus Stacking Tray, Black",118.935,5,0.1,26.384999999999998
IN-2015-AB10015144-42045,2015-02-10 00:00:00,AB-10015144,Aaron Bergman,Consumer,Vietnam,Asia Pacific,Southeastern Asia,TEC-PH-5825,Technology,Phones,"Samsung Headset, Full Size",123.65339999999999,2,0.17,-1.5065999999999988
ES-2015-TG21310139-42057,2015-02-22 00:00:00,TG-21310139,Toby Gnade,Consumer,United Kingdom,Europe,Northern Europe,OFF-AR-3451,Office Supplies,Art,"BIC Highlighters, Blue",94.65,5,0,37.800000000000004
ID-2015-CR1262559-42053,2015-02-18 00:00:00,CR-1262559,Corey Roper,Home Office,Indonesia,Asia Pacific,Southeastern Asia,TEC-AC-5216,Technology,Accessories,"Memorex Mouse, Bluetooth",74.65050000000001,5,0.47000000000000003,-49.39950000000002
LH-2015-AA48075-42055,2015-02-20 00:00:00,AA-48075,Andrew Allen,Consumer,Lithuania,Europe,Northern Europe,OFF-AR-3458,Office Supplies,Art,"BIC Markers, Fluorescent",49.84200000000001,6,0.7,-103.158
ES-2015-IL1510034-42045,2015-02-10 00:00:00,IL-1510034,Ivan Liston,Consumer,Denmark,Europe,Northern Europe,FUR-CH-4521,Furniture,Chairs,"Harbour Creations Bag Chairs, Set of Two",31.935000000000002,1,0.5,-11.505000000000003
IN-2015-SC2023027-42040,2015-02-05 00:00:00,SC-2023027,Scot Coram,Corporate,China,Asia Pacific,Eastern Asia,OFF-SU-4134,Office Supplies,Supplies,"Elite Shears, Steel",92.82,2,0,3.66
MX-2015-AD1018031-42038,2015-02-03 00:00:00,AD-1018031,Alan Dominguez,Home Office,Cuba,LATAM,Caribbean,OFF-EN-3105,Office Supplies,Envelopes,"Ames Manila Envelope, Security-Tint",54.18000000000001,3,0,8.1
TU-2015-CA2775134-42060,2015-02-25 00:00:00,CA-2775134,Cynthia Arntzen,Consumer,Turkey,Asia Pacific,Western Asia,OFF-AP-3870,Office Supplies,Appliances,"Cuisinart Refrigerator, Silver",198.73199999999997,1,0.6,-213.64799999999997
MX-2015-AH1012039-42063,2015-02-28 00:00:00,AH-1012039,Adrian Hane,Home Office,El Salvador,LATAM,Central America,OFF-AP-3861,Office Supplies,Appliances,"Cuisinart Coffee Grinder, Red",205.92,8,0,51.36
IN-2015-RD196607-42046,2015-02-11 00:00:00,RD-196607,Robert Dilbeck,Home Office,Australia,Asia Pacific,Oceania,OFF-AR-3502,Office Supplies,Art,"Binney & Smith Sketch Pad, Water Color",267.3,6,0.1,11.879999999999995
ID-2015-RA199457-42050,2015-02-15 00:00:00,RA-199457,Ryan Akin,Consumer,Australia,Asia Pacific,Oceania,FUR-CH-4627,Furniture,Chairs,"Hon Bag Chairs, Black",76.896,2,0.1,-7.704000000000001
IN-2015-AB10015144-42045,2015-02-10 00:00:00,AB-10015144,Aaron Bergman,Consumer,Vietnam,Asia Pacific,Southeastern Asia,FUR-BO-5955,Furniture,Bookcases,"Sauder Corner Shelving, Traditional",185.598,2,0.37,-2.9819999999999993
US-2015-RB193305-42053,2015-02-18 00:00:00,RB-193305,Randy Bradley,Consumer,Argentina,LATAM,South America,OFF-SU-4321,Office Supplies,Supplies,"Fiskars Shears, Serrated",53.208000000000006,3,0.4,-2.7120000000000006
MX-2015-ME1772582-42061,2015-02-26 00:00:00,ME-1772582,Max Engle,Consumer,Mexico,LATAM,Central America,OFF-SU-2993,Office Supplies,Supplies,"Acme Shears, Easy Grip",103.08000000000001,3,0,26.76
CG-2015-MD735033-42056,2015-02-21 00:00:00,MD-735033,Maribeth Dona,Consumer,Democratic Republic of the Congo,Africa,Central Africa,OFF-ST-6246,Office Supplies,Storage,"Tenex File Cart, Blue",133.20000000000002,1,0,23.97
ES-2015-LC1696064-42049,2015-02-14 00:00:00,LC-1696064,Lindsay Castell,Home Office,Italy,Europe,Southern Europe,OFF-PA-5876,Office Supplies,Paper,"SanDisk Message Books, 8.5 x 11",55.92,2,0,27.36
IR-2015-SN1056060-42039,2015-02-04 00:00:00,SN-1056060,Skye Norling,Home Office,Iran,Asia Pacific,Southern Asia,TEC-MA-5499,Technology,Machines,"Okidata Card Printer, White",174.24,1,0,59.22
IR-2015-CD198060-42038,2015-02-03 00:00:00,CD-198060,Carol Darley,Consumer,Iran,Asia Pacific,Southern Asia,OFF-LA-3322,Office Supplies,Labels,"Avery Shipping Labels, Alphabetical",23.339999999999996,2,0,7.199999999999999
ID-2015-AI1085559-42061,2015-02-26 00:00:00,AI-1085559,Arianne Irving,Consumer,Indonesia,Asia Pacific,Southeastern Asia,OFF-SU-4990,Office Supplies,Supplies,"Kleencut Shears, High Speed",123.9405,5,0.47000000000000003,-84.2595
IN-2015-LS1694559-42045,2015-02-10 00:00:00,LS-1694559,Linda Southworth,Corporate,Indonesia,Asia Pacific,Southeastern Asia,OFF-SU-6178,Office Supplies,Supplies,"Stiletto Shears, Serrated",71.21610000000001,3,0.47000000000000003,-5.463900000000017
ID-2015-MF18250102-42039,2015-02-04 00:00:00,MF-18250102,Monica Federle,Corporate,Philippines,Asia Pacific,Southeastern Asia,OFF-AR-3502,Office Supplies,Art,"Binney & Smith Sketch Pad, Water Color",54.45,2,0.45,-30.690000000000005
IN-2015-RW1963066-42048,2015-02-13 00:00:00,RW-1963066,Rob Williams,Corporate,Japan,Asia Pacific,Eastern Asia,OFF-FA-6189,Office Supplies,Fasteners,"Stockwell Paper Clips, Assorted Sizes",55.56,4,0,22.68
IT-2015-MC1763545-42049,2015-02-14 00:00:00,MC-1763545,Matthew Clasen,Corporate,France,Europe,Western Europe,TEC-PH-5270,Technology,Phones,"Motorola Speaker Phone, Cordless",225.47099999999998,2,0.15,-26.528999999999996
ES-2015-SC2023064-42062,2015-02-27 00:00:00,SC-2023064,Scot Coram,Corporate,Italy,Europe,Southern Europe,OFF-FA-2945,Office Supplies,Fasteners,"Accos Paper Clips, Bulk Pack",56.64,4,0,20.88
ID-2015-CJ118757-42061,2015-02-26 00:00:00,CJ-118757,Carl Jackson,Corporate,Australia,Asia Pacific,Oceania,OFF-ST-5697,Office Supplies,Storage,"Rogers Folders, Wire Frame",53.56799999999999,2,0.1,-2.411999999999999
CA-2015-HW14935140-42056,2015-02-21 00:00:00,HW-149351404,Helen Wasserman,Corporate,United States,USCA,Western US,TEC-PH-5125,Technology,Phones,Logitech Mobile Speakerphone P710e - speaker phone,215.968,2,0.2,18.89719999999999
CG-2015-BO142533-42039,2015-02-04 00:00:00,BO-142533,Bobby Odegard,Consumer,Democratic Republic of the Congo,Africa,Central Africa,OFF-AR-3554,Office Supplies,Art,"Boston Sketch Pad, Fluorescent",99.72,2,0,0
CA-2015-HW14935140-42056,2015-02-21 00:00:00,HW-149351404,Helen Wasserman,Corporate,United States,USCA,Western US,FUR-FU-4231,Furniture,Furnishings,"Executive Impressions 14"" Contract Wall Clock",22.23,1,0,7.335899999999999
US-2015-JD1601598-42036,2015-02-01 00:00:00,JD-1601598,Joy Daniels,Consumer,Panama,LATAM,Central America,OFF-ST-5712,Office Supplies,Storage,"Rogers Trays, Wire Frame",97.2,4,0.4,-38.88
ES-2015-SP2092048-42063,2015-02-28 00:00:00,SP-2092048,Susan Pistek,Consumer,Germany,Europe,Western Europe,OFF-ST-5687,Office Supplies,Storage,"Rogers Box, Industrial",110.025,5,0.1,-12.225000000000001
IT-2015-TC2098045-42056,2015-02-21 00:00:00,TC-2098045,Tamara Chand,Corporate,France,Europe,Western Europe,TEC-AC-4172,Technology,Accessories,"Enermax Mouse, Erganomic",114.29999999999998,3,0,7.92
MO-2015-MZ733586-42059,2015-02-24 00:00:00,MZ-733586,Maria Zettner,Home Office,Morocco,Africa,North Africa,OFF-AR-3502,Office Supplies,Art,"Binney & Smith Sketch Pad, Water Color",99,2,0,32.64
ES-2015-AH10690120-42045,2015-02-10 00:00:00,AH-10690120,Anna Häberlin,Corporate,Spain,Europe,Southern Europe,TEC-AC-5129,Technology,Accessories,"Logitech Mouse, USB",88.47,3,0,11.43
ID-2015-PC1874588-42056,2015-02-21 00:00:00,PC-1874588,Pamela Coakley,Corporate,Myanmar (Burma),Asia Pacific,Southeastern Asia,TEC-CO-5995,Technology,Copiers,"Sharp Fax and Copier, High-Speed",315.25199999999995,3,0.37,-155.17799999999997
MX-2015-KC1654037-42053,2015-02-18 00:00:00,KC-1654037,Kelly Collister,Consumer,Ecuador,LATAM,South America,OFF-ST-5703,Office Supplies,Storage,"Rogers Lockers, Wire Frame",280.91999999999996,2,0,50.56000000000001
IN-2015-ED138857-42048,2015-02-13 00:00:00,ED-138857,Emily Ducich,Home Office,Australia,Asia Pacific,Oceania,TEC-AC-4158,Technology,Accessories,"Enermax Keyboard, USB",150.606,3,0.4,-37.67400000000001
IN-2015-CM1244566-42061,2015-02-26 00:00:00,CM-1244566,Chuck Magee,Consumer,Japan,Asia Pacific,Eastern Asia,OFF-SU-4123,Office Supplies,Supplies,"Elite Ruler, Easy Grip",53.96999999999999,7,0.5,-28.139999999999993
ES-2015-SR2074045-42056,2015-02-21 00:00:00,SR-2074045,Steven Roelle,Home Office,France,Europe,Western Europe,OFF-AR-3460,Office Supplies,Art,"BIC Pencil Sharpener, Blue",29.009999999999998,1,0,11.879999999999999
ES-2015-JF1549045-42038,2015-02-03 00:00:00,JF-1549045,Jeremy Farry,Consumer,France,Europe,Western Europe,OFF-AP-4511,Office Supplies,Appliances,"Hamilton Beach Toaster, Silver",157.30200000000002,3,0.1,59.381999999999984
IN-2015-NL18310130-42052,2015-02-17 00:00:00,NL-18310130,Nancy Lomonaco,Home Office,Thailand,Asia Pacific,Southeastern Asia,OFF-ST-4029,Office Supplies,Storage,"Eldon Box, Industrial",62.6142,11,0.47000000000000003,-7.345799999999997
IN-2015-KD1627027-42049,2015-02-14 00:00:00,KD-1627027,Karen Daniels,Consumer,China,Asia Pacific,Eastern Asia,TEC-AC-5862,Technology,Accessories,"SanDisk Flash Drive, Programmable",123.12,3,0,20.879999999999995
EZ-2015-EM381032-42052,2015-02-17 00:00:00,EM-381032,Eleni McCrary,Corporate,Czech Republic,Europe,Eastern Europe,OFF-AR-3491,Office Supplies,Art,"Binney & Smith Markers, Water Color",109.08,4,0,18.48
ES-2015-JM1553564-42036,2015-02-01 00:00:00,JM-1553564,Jessica Myrick,Consumer,Italy,Europe,Southern Europe,OFF-BI-3712,Office Supplies,Binders,"Cardinal 3-Hole Punch, Clear",84.78,3,0,17.73
ES-2015-MV1748545-42052,2015-02-17 00:00:00,MV-1748545,Mark Van Huff,Consumer,France,Europe,Western Europe,OFF-ST-4105,Office Supplies,Storage,"Eldon Trays, Blue",86.346,2,0.1,7.6259999999999994
EG-2015-LR703538-42056,2015-02-21 00:00:00,LR-703538,Lisa Ryan,Corporate,Egypt,Africa,North Africa,OFF-ST-4061,Office Supplies,Storage,"Eldon Folders, Industrial",69.84,4,0,2.04
IN-2015-CC1261027-42059,2015-02-24 00:00:00,CC-1261027,Corey Catlett,Corporate,China,Asia Pacific,Eastern Asia,TEC-AC-4173,Technology,Accessories,"Enermax Mouse, Programmable",83.58,2,0,36.72
IN-2015-CS1249066-42045,2015-02-10 00:00:00,CS-1249066,Cindy Schnelling,Corporate,Japan,Asia Pacific,Eastern Asia,TEC-PH-5262,Technology,Phones,"Motorola Office Telephone, with Caller ID",143.51999999999998,2,0,66
ES-2015-KW16570139-42059,2015-02-24 00:00:00,KW-16570139,Kelly Williams,Consumer,United Kingdom,Europe,Northern Europe,OFF-BI-3290,Office Supplies,Binders,"Avery Hole Reinforcements, Durable",17.73,3,0,6.299999999999999
IN-2015-EB141107-42050,2015-02-15 00:00:00,EB-141107,Eugene Barchas,Consumer,Australia,Asia Pacific,Oceania,OFF-EN-4448,Office Supplies,Envelopes,"GlobeWeis Manila Envelope, Security-Tint",80.43299999999999,3,0.1,-8.937000000000001
ES-2015-CM1219045-42050,2015-02-15 00:00:00,CM-1219045,Charlotte Melton,Consumer,France,Europe,Western Europe,OFF-PA-4484,Office Supplies,Paper,"Green Bar Parchment Paper, Recycled",82.94999999999999,5,0,38.1
IR-2015-DP339060-42053,2015-02-18 00:00:00,DP-339060,Dennis Pardue,Home Office,Iran,Asia Pacific,Southern Asia,OFF-FA-2954,Office Supplies,Fasteners,"Accos Rubber Bands, Metal",67.2,4,0,24.839999999999996
ID-2015-CT119957-42048,2015-02-13 00:00:00,CT-119957,Carol Triggs,Consumer,Australia,Asia Pacific,Oceania,FUR-CH-5368,Furniture,Chairs,"Novimex Bag Chairs, Red",124.09200000000001,3,0.1,-2.808
ES-2015-AS10045139-42042,2015-02-07 00:00:00,AS-10045139,Aaron Smayling,Corporate,United Kingdom,Europe,Northern Europe,OFF-ST-4264,Office Supplies,Storage,"Fellowes Folders, Wire Frame",50.93999999999999,2,0,13.200000000000001
GH-2015-KB624049-42052,2015-02-17 00:00:00,KB-624049,Karen Bern,Corporate,Ghana,Africa,Western Africa,TEC-MA-6146,Technology,Machines,"StarTech Phone, Wireless",74.52,1,0,5.9399999999999995
IN-2015-DM135257-42046,2015-02-11 00:00:00,DM-135257,Don Miller,Corporate,Australia,Asia Pacific,Oceania,FUR-FU-4084,Furniture,Furnishings,"Eldon Photo Frame, Duo Pack",104.706,2,0.1,19.746000000000002
ES-2015-YC2189514-42038,2015-02-03 00:00:00,YC-2189514,Yoseph Carroll,Corporate,Belgium,Europe,Western Europe,OFF-AR-6119,Office Supplies,Art,"Stanley Pencil Sharpener, Fluorescent",49.56,2,0,15.84
IT-2015-MF1825091-42061,2015-02-26 00:00:00,MF-1825091,Monica Federle,Corporate,Netherlands,Europe,Western Europe,OFF-AR-5932,Office Supplies,Art,"Sanford Sketch Pad, Fluorescent",46.74,2,0.5,-2.8200000000000003
ES-2015-RP19855139-42063,2015-02-28 00:00:00,RP-19855139,Roy Phan,Corporate,United Kingdom,Europe,Northern Europe,OFF-SU-4987,Office Supplies,Supplies,"Kleencut Scissors, Serrated",56.970000000000006,3,0,4.5
US-2015-DO1343536-42054,2015-02-19 00:00:00,DO-1343536,Denny Ordway,Consumer,Dominican Republic,LATAM,Caribbean,FUR-CH-5436,Furniture,Chairs,"Office Star Bag Chairs, Set of Two",92.30400000000002,3,0.2,-3.5160000000000027
CA-2015-JF15355140-42040,2015-02-05 00:00:00,JF-153551406,Jay Fein,Consumer,United States,USCA,Eastern US,OFF-AP-3364,Office Supplies,Appliances,Belkin 6 Outlet Metallic Surge Strip,32.67,3,0,8.494200000000001
IN-2015-MJ1774027-42060,2015-02-25 00:00:00,MJ-1774027,Max Jones,Consumer,China,Asia Pacific,Eastern Asia,OFF-BI-4818,Office Supplies,Binders,"Ibico Binding Machine, Recycled",155.33999999999997,3,0,15.48
TU-2015-CS1860134-42042,2015-02-07 00:00:00,CS-1860134,Cari Schnelling,Consumer,Turkey,Asia Pacific,Western Asia,TEC-MA-5011,Technology,Machines,"Konica Phone, Red",66.67200000000001,2,0.6,-30.047999999999988
UZ-2015-VD11670142-42052,2015-02-17 00:00:00,VD-11670142,Valerie Dominguez,Consumer,Uzbekistan,Asia Pacific,Central Asia,OFF-BI-4804,Office Supplies,Binders,"Ibico 3-Hole Punch, Durable",63.900000000000006,2,0,23.64
SF-2015-HJ4875117-42059,2015-02-24 00:00:00,HJ-4875117,Heather Jas,Home Office,South Africa,Africa,Southern Africa,OFF-ST-6066,Office Supplies,Storage,"Smead Trays, Industrial",48.96,1,0,16.14
ES-2015-JL1513045-42055,2015-02-20 00:00:00,JL-1513045,Jack Lebron,Consumer,France,Europe,Western Europe,OFF-LA-4533,Office Supplies,Labels,"Harbour Creations File Folder Labels, 5000 Label Set",27.360000000000003,3,0,5.9399999999999995
ES-2015-LP17080120-42042,2015-02-07 00:00:00,LP-17080120,Liz Pelletier,Consumer,Spain,Europe,Southern Europe,OFF-AR-5926,Office Supplies,Art,"Sanford Pens, Fluorescent",86.52,7,0,24.15
CA-2015-JP15460140-42049,2015-02-14 00:00:00,JP-154601406,Jennifer Patt,Corporate,United States,USCA,Eastern US,OFF-PA-6455,Office Supplies,Paper,Xerox 1903,17.94,3,0,8.790600000000001
ES-2015-PB19210139-42060,2015-02-25 00:00:00,PB-19210139,Phillip Breyer,Corporate,United Kingdom,Europe,Northern Europe,OFF-EN-4431,Office Supplies,Envelopes,"GlobeWeis Business Envelopes, Recycled",64.56,4,0,28.32
ID-2015-CR1262559-42053,2015-02-18 00:00:00,CR-1262559,Corey Roper,Home Office,Indonesia,Asia Pacific,Southeastern Asia,OFF-LA-4664,Office Supplies,Labels,"Hon Legal Exhibit Labels, Alphabetical",33.9624,6,0.47000000000000003,-9.057600000000004
ES-2015-HD14785120-42038,2015-02-03 00:00:00,HD-14785120,Harold Dahlen,Home Office,Spain,Europe,Southern Europe,OFF-AR-6125,Office Supplies,Art,"Stanley Sketch Pad, Blue",88.86,2,0,29.28
CA-2015-JK562523-42053,2015-02-18 00:00:00,JK-562523,Jim Karlsson,Consumer,Canada,USCA,Canada,TEC-AC-5897,Technology,Accessories,"SanDisk Router, USB",1539.3600000000001,6,0,646.3799999999999
CA-2015-JK562523-42053,2015-02-18 00:00:00,JK-562523,Jim Karlsson,Consumer,Canada,USCA,Canada,TEC-AC-5895,Technology,Accessories,"SanDisk Router, Erganomic",508.32,2,0,203.28000000000003
CM-2015-DB291022-42036,2015-02-01 00:00:00,DB-291022,Daniel Byrd,Home Office,Cameroon,Africa,Central Africa,OFF-SU-4979,Office Supplies,Supplies,"Kleencut Letter Opener, High Speed",52.92,2,0,18.48
ES-2015-CB1202545-42041,2015-02-06 00:00:00,CB-1202545,Cassandra Brandow,Consumer,France,Europe,Western Europe,OFF-EN-3671,Office Supplies,Envelopes,"Cameo Manila Envelope, Set of 50",162,6,0,14.580000000000002
CA-2015-JK562523-42053,2015-02-18 00:00:00,JK-562523,Jim Karlsson,Consumer,Canada,USCA,Canada,FUR-CH-5796,Furniture,Chairs,"SAFCO Rocking Chair, Set of Two",137.16,1,0,0
CA-2015-JK562523-42053,2015-02-18 00:00:00,JK-562523,Jim Karlsson,Consumer,Canada,USCA,Canada,OFF-AR-6118,Office Supplies,Art,"Stanley Pencil Sharpener, Easy-Erase",52.08,2,0,17.700000000000003
CA-2015-JK562523-42053,2015-02-18 00:00:00,JK-562523,Jim Karlsson,Consumer,Canada,USCA,Canada,OFF-AR-3458,Office Supplies,Art,"BIC Markers, Fluorescent",27.69,1,0,2.19
ID-2015-AI1085559-42061,2015-02-26 00:00:00,AI-1085559,Arianne Irving,Consumer,Indonesia,Asia Pacific,Southeastern Asia,OFF-PA-6603,Office Supplies,Paper,"Xerox Cards & Envelopes, Recycled",47.57280000000001,2,0.47000000000000003,-15.307200000000002
ID-2015-KH16510102-42052,2015-02-17 00:00:00,KH-16510102,Keith Herrera,Consumer,Philippines,Asia Pacific,Southeastern Asia,OFF-SU-6170,Office Supplies,Supplies,"Stiletto Ruler, Serrated",31.845000000000002,5,0.45,-22.005
SO-2015-KL6555116-42057,2015-02-22 00:00:00,KL-6555116,Kelly Lampkin,Corporate,Somalia,Africa,Eastern Africa,OFF-AR-6106,Office Supplies,Art,"Stanley Canvas, Easy-Erase",49.739999999999995,1,0,11.91
ID-2015-RR19525130-42042,2015-02-07 00:00:00,RR-19525130,Rick Reed,Corporate,Thailand,Asia Pacific,Southeastern Asia,OFF-AR-3525,Office Supplies,Art,"Boston Canvas, Blue",85.2876,3,0.47000000000000003,-14.522400000000005
IN-2015-SC2023027-42040,2015-02-05 00:00:00,SC-2023027,Scot Coram,Corporate,China,Asia Pacific,Eastern Asia,OFF-FA-3070,Office Supplies,Fasteners,"Advantus Staples, Bulk Pack",43.44,4,0,14.76
ID-2015-CJ1201059-42047,2015-02-12 00:00:00,CJ-1201059,Caroline Jumper,Consumer,Indonesia,Asia Pacific,Southeastern Asia,OFF-FA-5487,Office Supplies,Fasteners,"OIC Thumb Tacks, Metal",60.16559999999999,8,0.47000000000000003,-45.4344
IN-2015-SC2023027-42040,2015-02-05 00:00:00,SC-2023027,Scot Coram,Corporate,China,Asia Pacific,Eastern Asia,OFF-AR-3460,Office Supplies,Art,"BIC Pencil Sharpener, Blue",87.03,3,0,15.66
ID-2015-LT171107-42045,2015-02-10 00:00:00,LT-171107,Liz Thompson,Consumer,Australia,Asia Pacific,Oceania,OFF-ST-6228,Office Supplies,Storage,"Tenex Box, Blue",74.25,5,0.1,-5.85
UZ-2015-VD11670142-42052,2015-02-17 00:00:00,VD-11670142,Valerie Dominguez,Consumer,Uzbekistan,Asia Pacific,Central Asia,OFF-BI-4804,Office Supplies,Binders,"Ibico 3-Hole Punch, Durable",31.950000000000003,1,0,11.82
ES-2015-JP1546045-42059,2015-02-24 00:00:00,JP-1546045,Jennifer Patt,Corporate,France,Europe,Western Europe,OFF-FA-6187,Office Supplies,Fasteners,"Stockwell Clamps, Metal",75.84,4,0,1.44
ES-2015-AH10690120-42045,2015-02-10 00:00:00,AH-10690120,Anna Häberlin,Corporate,Spain,Europe,Southern Europe,OFF-ST-4295,Office Supplies,Storage,"Fellowes Trays, Single Width",103.35600000000001,2,0.1,45.936
ID-2015-CR1262559-42053,2015-02-18 00:00:00,CR-1262559,Corey Roper,Home Office,Indonesia,Asia Pacific,Southeastern Asia,TEC-CO-6012,Technology,Copiers,"Sharp Wireless Fax, Laser",1324.0224,4,0.07,512.4624
IN-2015-CM12160102-42053,2015-02-18 00:00:00,CM-12160102,Charles McCrossin,Consumer,Philippines,Asia Pacific,Southeastern Asia,OFF-ST-6230,Office Supplies,Storage,"Tenex Box, Single Width",27.274500000000003,3,0.45,-5.035499999999999
US-2015-KW1657082-42056,2015-02-21 00:00:00,KW-1657082,Kelly Williams,Consumer,Mexico,LATAM,Central America,FUR-CH-4628,Furniture,Chairs,"Hon Bag Chairs, Red",48.15999999999999,2,0.2,-9.639999999999997
IN-2015-PG1889559-42048,2015-02-13 00:00:00,PG-1889559,Paul Gonzalez,Consumer,Indonesia,Asia Pacific,Southeastern Asia,OFF-BI-2891,Office Supplies,Binders,"Acco Binder Covers, Clear",53.03699999999999,5,0.17,-10.863
CG-2015-BO142533-42039,2015-02-04 00:00:00,BO-142533,Bobby Odegard,Consumer,Democratic Republic of the Congo,Africa,Central Africa,OFF-BI-2915,Office Supplies,Binders,"Acco Hole Reinforcements, Recycled",42.12,6,0,21.06
CA-2015-JL15835140-42038,2015-02-03 00:00:00,JL-158351404,John Lee,Consumer,United States,USCA,Western US,OFF-ST-5276,Office Supplies,Storage,"Multi-Use Personal File Cart and Caster Set, Three Stacking Bins",139.04,4,0,38.931200000000004
CA-2015-JL15835140-42038,2015-02-03 00:00:00,JL-158351404,John Lee,Consumer,United States,USCA,Western US,FUR-FU-4754,Furniture,Furnishings,"Howard Miller 11-1/2"" Diameter Grantwood Wall Clock",86.26,2,0,29.328400000000002
CA-2015-JL15835140-42038,2015-02-03 00:00:00,JL-158351404,John Lee,Consumer,United States,USCA,Western US,OFF-AP-4566,Office Supplies,Appliances,Harmony HEPA Quiet Air Purifiers,46.8,4,0,16.38
ES-2015-TM2149045-42055,2015-02-20 00:00:00,TM-2149045,Tony Molinari,Consumer,France,Europe,Western Europe,OFF-AR-5910,Office Supplies,Art,"Sanford Highlighters, Blue",62.999999999999986,4,0,6.84
IT-2015-TC2098045-42056,2015-02-21 00:00:00,TC-2098045,Tamara Chand,Corporate,France,Europe,Western Europe,OFF-EN-4903,Office Supplies,Envelopes,"Jiffy Business Envelopes, Recycled",44.28,3,0,7.02
EG-2015-EL373538-42056,2015-02-21 00:00:00,EL-373538,Ed Ludwig,Home Office,Egypt,Africa,North Africa,OFF-AP-4725,Office Supplies,Appliances,"Hoover Coffee Grinder, White",66.93,1,0,1.98
ES-2015-EH1394564-42052,2015-02-17 00:00:00,EH-1394564,Eric Hoffmann,Consumer,Italy,Europe,Southern Europe,OFF-BI-3247,Office Supplies,Binders,"Avery Binder Covers, Durable",37.709999999999994,3,0,4.86
EZ-2015-CH207032-42063,2015-02-28 00:00:00,CH-207032,Cathy Hwang,Home Office,Czech Republic,Europe,Eastern Europe,OFF-AR-3532,Office Supplies,Art,"Boston Highlighters, Easy-Erase",76.55999999999999,4,0,16.799999999999997
EZ-2015-CH207032-42063,2015-02-28 00:00:00,CH-207032,Cathy Hwang,Home Office,Czech Republic,Europe,Eastern Europe,OFF-LA-3323,Office Supplies,Labels,"Avery Shipping Labels, Laser Printer Compatible",71.1,6,0,9.9
ID-2015-CR1262559-42053,2015-02-18 00:00:00,CR-1262559,Corey Roper,Home Office,Indonesia,Asia Pacific,Southeastern Asia,OFF-SU-6173,Office Supplies,Supplies,"Stiletto Scissors, High Speed",25.026600000000002,2,0.47000000000000003,-21.293400000000002
ES-2015-AH1012045-42057,2015-02-22 00:00:00,AH-1012045,Adrian Hane,Home Office,France,Europe,Western Europe,OFF-BI-6377,Office Supplies,Binders,"Wilson Jones Binder Covers, Recycled",23.099999999999998,2,0,5.5200000000000005
ES-2015-IM1505545-42063,2015-02-28 00:00:00,IM-1505545,Ionia McGrath,Consumer,France,Europe,Western Europe,OFF-PA-4469,Office Supplies,Paper,"Green Bar Computer Printout Paper, Recycled",59.34,2,0,5.34
IN-2015-KB165857-42040,2015-02-05 00:00:00,KB-165857,Ken Black,Corporate,Australia,Asia Pacific,Oceania,OFF-SU-4991,Office Supplies,Supplies,"Kleencut Shears, Serrated",78.246,2,0.1,-3.5340000000000007
AG-2015-DS31803-42046,2015-02-11 00:00:00,DS-31803,David Smith,Corporate,Algeria,Africa,North Africa,OFF-AR-6127,Office Supplies,Art,"Stanley Sketch Pad, Fluorescent",45.69,1,0,7.290000000000001
ES-2015-AH1012045-42057,2015-02-22 00:00:00,AH-1012045,Adrian Hane,Home Office,France,Europe,Western Europe,OFF-ST-6252,Office Supplies,Storage,"Tenex Folders, Wire Frame",120.366,6,0.1,50.705999999999996
ES-2015-TR21325139-42042,2015-02-07 00:00:00,TR-21325139,Toby Ritter,Consumer,United Kingdom,Europe,Northern Europe,OFF-FA-3020,Office Supplies,Fasteners,"Advantus Clamps, Assorted Sizes",66.96000000000001,4,0,8.64
IZ-2015-BD163561-42045,2015-02-10 00:00:00,BD-163561,Brian Derr,Consumer,Iraq,Asia Pacific,Western Asia,OFF-AR-6126,Office Supplies,Art,"Stanley Sketch Pad, Easy-Erase",44.7,1,0,8.49
CG-2015-MD735033-42056,2015-02-21 00:00:00,MD-735033,Maribeth Dona,Consumer,Democratic Republic of the Congo,Africa,Central Africa,OFF-AP-4971,Office Supplies,Appliances,"KitchenAid Toaster, White",83.46000000000001,1,0,33.36
ES-2015-PN1877548-42061,2015-02-26 00:00:00,PN-1877548,Parhena Norris,Home Office,Germany,Europe,Western Europe,OFF-AR-3452,Office Supplies,Art,"BIC Highlighters, Easy-Erase",38.400000000000006,2,0,8.82
ES-2015-KB1658545-42045,2015-02-10 00:00:00,KB-1658545,Ken Black,Corporate,France,Europe,Western Europe,OFF-EN-3668,Office Supplies,Envelopes,"Cameo Mailers, with clear poly window",83.4,2,0,3.3000000000000003
ID-2015-LT171107-42045,2015-02-10 00:00:00,LT-171107,Liz Thompson,Consumer,Australia,Asia Pacific,Oceania,OFF-FA-2941,Office Supplies,Fasteners,"Accos Clamps, Assorted Sizes",60.58800000000002,4,0.1,4.667999999999996
US-2015-EA1403555-42055,2015-02-20 00:00:00,EA-1403555,Erin Ashbrook,Corporate,Honduras,LATAM,Central America,TEC-PH-3786,Technology,Phones,"Cisco Audio Dock, VoIP",218.592,3,0.4,-83.80800000000002
TU-2015-JF5190134-42042,2015-02-07 00:00:00,JF-5190134,Jamie Frazer,Consumer,Turkey,Asia Pacific,Western Asia,TEC-AC-4166,Technology,Accessories,"Enermax Memory Card, USB",45.84,1,0.6,-51.56999999999999
IN-2015-TW2102578-42063,2015-02-28 00:00:00,TW-2102578,Tamara Willingham,Home Office,Malaysia,Asia Pacific,Southeastern Asia,OFF-ST-5712,Office Supplies,Storage,"Rogers Trays, Wire Frame",121.5,2,0,49.800000000000004
BK-2015-PG882017-42047,2015-02-12 00:00:00,PG-882017,Patrick Gardner,Consumer,Bosnia and Herzegovina,Europe,Southern Europe,OFF-ST-4294,Office Supplies,Storage,"Fellowes Trays, Industrial",57.87,1,0,13.86
CA-2015-JS16030140-42052,2015-02-17 00:00:00,JS-160301402,Joy Smith,Consumer,United States,USCA,Central US,FUR-CH-4400,Furniture,Chairs,Global Deluxe High-Back Manager's Chair,600.558,3,0.3,-8.579400000000078
MX-2015-AD1018031-42038,2015-02-03 00:00:00,AD-1018031,Alan Dominguez,Home Office,Cuba,LATAM,Caribbean,OFF-ST-6065,Office Supplies,Storage,"Smead Trays, Blue",32.32,1,0,14.219999999999999
CA-2015-JS16030140-42052,2015-02-17 00:00:00,JS-160301402,Joy Smith,Consumer,United States,USCA,Central US,OFF-ST-6291,Office Supplies,Storage,"Tennsco Lockers, Gray",50.352000000000004,3,0.2,-8.182200000000005
CA-2015-JS16030140-42052,2015-02-17 00:00:00,JS-160301402,Joy Smith,Consumer,United States,USCA,Central US,OFF-AR-5289,Office Supplies,Art,Newell 312,28.031999999999996,6,0.2,3.5039999999999996
CA-2015-JS16030140-42052,2015-02-17 00:00:00,JS-160301402,Joy Smith,Consumer,United States,USCA,Central US,OFF-FA-6344,Office Supplies,Fasteners,"Vinyl Coated Wire Paper Clips in Organizer Box, 800/Box",18.368000000000002,2,0.2,6.199199999999999
CA-2015-JS16030140-42052,2015-02-17 00:00:00,JS-160301402,Joy Smith,Consumer,United States,USCA,Central US,FUR-FU-4228,Furniture,Furnishings,"Executive Impressions 13"" Clairmont Wall Clock",7.692,1,0.6,-3.653699999999999
IT-2015-DB13555139-42063,2015-02-28 00:00:00,DB-13555139,Dorothy Badders,Corporate,United Kingdom,Europe,Northern Europe,FUR-FU-5735,Furniture,Furnishings,"Rubbermaid Photo Frame, Black",62.099999999999994,2,0.4,-39.36000000000001
IN-2015-CR126257-42046,2015-02-11 00:00:00,CR-126257,Corey Roper,Home Office,Australia,Asia Pacific,Oceania,OFF-LA-4542,Office Supplies,Labels,"Harbour Creations Removable Labels, Adjustable",48.33,5,0.1,13.379999999999999
CA-2015-JK16120140-42053,2015-02-18 00:00:00,JK-161201402,Julie Kriz,Home Office,United States,USCA,Central US,FUR-TA-3751,Furniture,Tables,"Chromcraft 48"" x 96"" Racetrack Double Pedestal Table",480.96,3,0.5,-269.3376
CA-2015-JK16120140-42053,2015-02-18 00:00:00,JK-161201402,Julie Kriz,Home Office,United States,USCA,Central US,TEC-PH-5087,Technology,Phones,LG Exalt,124.79200000000002,1,0.2,10.919299999999996
CA-2015-JP16135140-42056,2015-02-21 00:00:00,JP-161351402,Julie Prescott,Home Office,United States,USCA,Central US,OFF-AP-3967,Office Supplies,Appliances,Disposable Triple-Filter Dust Bags,13.11,3,0,3.4086000000000003
CA-2015-JP16135140-42056,2015-02-21 00:00:00,JP-161351402,Julie Prescott,Home Office,United States,USCA,Central US,OFF-AR-5332,Office Supplies,Art,Newell 351,6.56,2,0,1.9023999999999992
IN-2015-TB21400102-42049,2015-02-14 00:00:00,TB-21400102,Tom Boeckenhauer,Consumer,Philippines,Asia Pacific,Southeastern Asia,FUR-FU-3048,Furniture,Furnishings,"Advantus Photo Frame, Duo Pack",79.56,2,0.25,13.739999999999998
ES-2015-RP19855139-42063,2015-02-28 00:00:00,RP-19855139,Roy Phan,Corporate,United Kingdom,Europe,Northern Europe,OFF-ST-4262,Office Supplies,Storage,"Fellowes Folders, Industrial",80.63999999999999,3,0,18.54
IR-2015-DP339060-42053,2015-02-18 00:00:00,DP-339060,Dennis Pardue,Home Office,Iran,Asia Pacific,Southern Asia,OFF-EN-3655,Office Supplies,Envelopes,"Cameo Business Envelopes, Security-Tint",33.900000000000006,2,0,12.18
ES-2015-MV1748545-42052,2015-02-17 00:00:00,MV-1748545,Mark Van Huff,Consumer,France,Europe,Western Europe,OFF-AR-6115,Office Supplies,Art,"Stanley Markers, Easy-Erase",44.94,2,0,0
ID-2015-KW165707-42061,2015-02-26 00:00:00,KW-165707,Kelly Williams,Consumer,Australia,Asia Pacific,Oceania,OFF-ST-4095,Office Supplies,Storage,"Eldon Shelving, Industrial",58.68000000000001,2,0.4,-24.480000000000004
IR-2015-SC1026060-42054,2015-02-19 00:00:00,SC-1026060,Scott Cohen,Corporate,Iran,Asia Pacific,Southern Asia,TEC-AC-4180,Technology,Accessories,"Enermax Numeric Keypad, USB",55.14,1,0,15.99
IN-2015-BT1148559-42042,2015-02-07 00:00:00,BT-1148559,Brad Thomas,Home Office,Indonesia,Asia Pacific,Southeastern Asia,OFF-ST-6273,Office Supplies,Storage,"Tenex Shelving, Industrial",228.831,5,0.17,38.48099999999999
IR-2015-DP339060-42053,2015-02-18 00:00:00,DP-339060,Dennis Pardue,Home Office,Iran,Asia Pacific,Southern Asia,OFF-AR-3469,Office Supplies,Art,"BIC Sketch Pad, Easy-Erase",48.92999999999999,1,0,24.450000000000003
IN-2015-TT210707-42054,2015-02-19 00:00:00,TT-210707,Ted Trevino,Consumer,Australia,Asia Pacific,Oceania,FUR-FU-4086,Furniture,Furnishings,"Eldon Photo Frame, Erganomic",153.171,3,0.1,25.461000000000002
TU-2015-IG5085134-42038,2015-02-03 00:00:00,IG-5085134,Ivan Gibson,Consumer,Turkey,Asia Pacific,Western Asia,OFF-SU-4133,Office Supplies,Supplies,"Elite Shears, Serrated",34.968,2,0.6,-45.492
IV-2015-SF1020029-42053,2015-02-18 00:00:00,SF-1020029,Sarah Foster,Consumer,Cote d'Ivoire,Africa,Western Africa,FUR-FU-5738,Furniture,Furnishings,"Rubbermaid Photo Frame, Erganomic",100.74,2,0,31.200000000000003
MX-2015-TM2101055-42039,2015-02-04 00:00:00,TM-2101055,Tamara Manning,Consumer,Honduras,LATAM,Central America,FUR-CH-5753,Furniture,Chairs,"SAFCO Bag Chairs, Set of Two",41.352000000000004,2,0.4,6.192000000000002
ES-2015-AH10690120-42045,2015-02-10 00:00:00,AH-10690120,Anna Häberlin,Corporate,Spain,Europe,Southern Europe,OFF-SU-4117,Office Supplies,Supplies,"Elite Box Cutter, High Speed",139.56,4,0,55.800000000000004
IN-2015-JM1565592-42038,2015-02-03 00:00:00,JM-1565592,Jim Mitchum,Corporate,New Zealand,Asia Pacific,Oceania,OFF-AR-3547,Office Supplies,Art,"Boston Pens, Easy-Erase",28.98,2,0,2.88
BK-2015-RS987017-42046,2015-02-11 00:00:00,RS-987017,Roy Skaria,Home Office,Bosnia and Herzegovina,Europe,Southern Europe,OFF-AR-5903,Office Supplies,Art,"Sanford Canvas, Easy-Erase",50.79,1,0,6.6000000000000005
KE-2015-CL189069-42055,2015-02-20 00:00:00,CL-189069,Carl Ludwig,Consumer,Kenya,Africa,Eastern Africa,OFF-SU-6167,Office Supplies,Supplies,"Stiletto Letter Opener, Steel",50.16000000000001,2,0,6
NI-2015-PB921095-42052,2015-02-17 00:00:00,PB-921095,Phillip Breyer,Corporate,Nigeria,Africa,Western Africa,FUR-BO-5967,Furniture,Bookcases,"Sauder Library with Doors, Mobile",117.04500000000002,1,0.7,-214.60499999999996
ID-2015-MF18250102-42039,2015-02-04 00:00:00,MF-18250102,Monica Federle,Corporate,Philippines,Asia Pacific,Southeastern Asia,OFF-BI-3718,Office Supplies,Binders,"Cardinal Binder Covers, Economy",30.599999999999998,3,0.15000000000000002,-1.7999999999999998
CA-2015-KM16375140-42056,2015-02-21 00:00:00,KM-163751404,Katherine Murray,Home Office,United States,USCA,Western US,FUR-TA-4943,Furniture,Tables,KI Adjustable-Height Table,386.91,9,0.5,-185.71679999999998
CA-2015-KM16375140-42056,2015-02-21 00:00:00,KM-163751404,Katherine Murray,Home Office,United States,USCA,Western US,TEC-PH-6313,Technology,Phones,Toshiba IPT2010-SD IP Telephone,333.576,3,0.2,25.018199999999993
CA-2015-KM16375140-42056,2015-02-21 00:00:00,KM-163751404,Katherine Murray,Home Office,United States,USCA,Western US,FUR-FU-4759,Furniture,Furnishings,"Howard Miller 13"" Diameter Pewter Finish Round Wall Clock",68.704,2,0.2,16.317200000000003
CA-2015-KM16375140-42056,2015-02-21 00:00:00,KM-163751404,Katherine Murray,Home Office,United States,USCA,Western US,OFF-ST-4245,Office Supplies,Storage,Fellowes Bankers Box Stor/Drawer Steel Plus,51.168000000000006,2,0.2,-6.396000000000001
CA-2015-KM16375140-42056,2015-02-21 00:00:00,KM-163751404,Katherine Murray,Home Office,United States,USCA,Western US,TEC-AC-5238,Technology,Accessories,Microsoft Wireless Mobile Mouse 4000,31.992000000000004,1,0.2,4.798799999999996
CA-2015-KM16375140-42056,2015-02-21 00:00:00,KM-163751404,Katherine Murray,Home Office,United States,USCA,Western US,OFF-EN-5075,Office Supplies,Envelopes,Letter or Legal Size Expandable Poly String Tie Envelopes,10.64,5,0.2,3.857
IT-2015-DB13555139-42063,2015-02-28 00:00:00,DB-13555139,Dorothy Badders,Corporate,United Kingdom,Europe,Northern Europe,OFF-BI-3739,Office Supplies,Binders,"Cardinal Index Tab, Economy",63.072,8,0.1,25.152000000000005
IN-2015-TB21400102-42049,2015-02-14 00:00:00,TB-21400102,Tom Boeckenhauer,Consumer,Philippines,Asia Pacific,Southeastern Asia,OFF-AR-3538,Office Supplies,Art,"Boston Markers, Easy-Erase",87.912,6,0.45,-60.768000000000015
MX-2015-NS1850528-42059,2015-02-24 00:00:00,NS-1850528,Neola Schneider,Consumer,Colombia,LATAM,South America,TEC-AC-5860,Technology,Accessories,"SanDisk Flash Drive, Bluetooth",26.360000000000003,1,0,8.16
RS-2015-HE4800108-42041,2015-02-06 00:00:00,HE-4800108,Harold Engle,Corporate,Russia,Europe,Eastern Europe,FUR-CH-4626,Furniture,Chairs,"Hon Bag Chairs, Adjustable",47.64,1,0,10.47
IT-2015-CM12655124-42042,2015-02-07 00:00:00,CM-12655124,Corinna Mitchell,Home Office,Sweden,Europe,Northern Europe,OFF-AR-6117,Office Supplies,Art,"Stanley Markers, Water Color",38.06999999999999,3,0.5,-12.95999999999999
RS-2015-HE4800108-42041,2015-02-06 00:00:00,HE-4800108,Harold Engle,Corporate,Russia,Europe,Eastern Europe,OFF-FA-6203,Office Supplies,Fasteners,"Stockwell Staples, Bulk Pack",43.199999999999996,4,0,6.48
IN-2015-GR145607-42047,2015-02-12 00:00:00,GR-145607,Georgia Rosenberg,Corporate,Australia,Asia Pacific,Oceania,OFF-BI-4804,Office Supplies,Binders,"Ibico 3-Hole Punch, Durable",57.510000000000005,2,0.1,8.909999999999998
ID-2015-MF18250102-42039,2015-02-04 00:00:00,MF-18250102,Monica Federle,Corporate,Philippines,Asia Pacific,Southeastern Asia,OFF-SU-4984,Office Supplies,Supplies,"Kleencut Ruler, Steel",35.64000000000001,5,0.45,-15.660000000000004
ES-2015-RB1964548-42049,2015-02-14 00:00:00,RB-1964548,Robert Barroso,Corporate,Germany,Europe,Western Europe,OFF-LA-3262,Office Supplies,Labels,"Avery Color Coded Labels, Alphabetical",39.33,3,0,16.11
IN-2015-EH141257-42039,2015-02-04 00:00:00,EH-141257,Eugene Hildebrand,Home Office,Australia,Asia Pacific,Oceania,OFF-FA-2944,Office Supplies,Fasteners,"Accos Paper Clips, Assorted Sizes",37.908,3,0.1,1.6380000000000008
ES-2015-KW16570139-42059,2015-02-24 00:00:00,KW-16570139,Kelly Williams,Consumer,United Kingdom,Europe,Northern Europe,OFF-FA-3069,Office Supplies,Fasteners,"Advantus Staples, Assorted Sizes",16.62,2,0,6.959999999999999
AG-2015-DS31803-42046,2015-02-11 00:00:00,DS-31803,David Smith,Corporate,Algeria,Africa,North Africa,OFF-AR-5926,Office Supplies,Art,"Sanford Pens, Fluorescent",49.44,4,0,13.799999999999999
ES-2015-RP19855139-42063,2015-02-28 00:00:00,RP-19855139,Roy Phan,Corporate,United Kingdom,Europe,Northern Europe,OFF-PA-4182,Office Supplies,Paper,"Enermax Parchment Paper, Multicolor",33.599999999999994,2,0,10.08
ES-2015-RP19855139-42063,2015-02-28 00:00:00,RP-19855139,Roy Phan,Corporate,United Kingdom,Europe,Northern Europe,OFF-EN-4904,Office Supplies,Envelopes,"Jiffy Business Envelopes, Security-Tint",31.92,2,0,1.8599999999999999
US-2015-RB1957055-42052,2015-02-17 00:00:00,RB-1957055,Rob Beeghly,Consumer,Honduras,LATAM,Central America,OFF-SU-4130,Office Supplies,Supplies,"Elite Scissors, Steel",43.85999999999999,5,0.4,-9.539999999999997
ES-2015-DS1303045-42057,2015-02-22 00:00:00,DS-1303045,Darrin Sayre,Home Office,France,Europe,Western Europe,OFF-EN-4449,Office Supplies,Envelopes,"GlobeWeis Manila Envelope, Set of 50",54.78,2,0,18.06
ES-2015-MC1810045-42043,2015-02-08 00:00:00,MC-1810045,Mick Crebagga,Consumer,France,Europe,Western Europe,OFF-BI-3721,Office Supplies,Binders,"Cardinal Binder, Durable",30.659999999999997,2,0,1.5
TU-2015-CA2775134-42060,2015-02-25 00:00:00,CA-2775134,Cynthia Arntzen,Consumer,Turkey,Asia Pacific,Western Asia,OFF-ST-5693,Office Supplies,Storage,"Rogers File Cart, Single Width",56.83200000000001,1,0.6,-62.538000000000004
ES-2015-HD14785120-42038,2015-02-03 00:00:00,HD-14785120,Harold Dahlen,Home Office,Spain,Europe,Southern Europe,OFF-AP-4971,Office Supplies,Appliances,"KitchenAid Toaster, White",250.38000000000002,3,0,100.08
IN-2015-TT210707-42054,2015-02-19 00:00:00,TT-210707,Ted Trevino,Consumer,Australia,Asia Pacific,Oceania,OFF-FA-6189,Office Supplies,Fasteners,"Stockwell Paper Clips, Assorted Sizes",39.42,4,0.1,13.5
IT-2015-JC15340139-42046,2015-02-11 00:00:00,JC-15340139,Jasper Cacioppo,Consumer,United Kingdom,Europe,Northern Europe,OFF-LA-4528,Office Supplies,Labels,"Harbour Creations Color Coded Labels, Alphabetical",19.080000000000002,3,0.5,0
ES-2015-SP2092048-42063,2015-02-28 00:00:00,SP-2092048,Susan Pistek,Consumer,Germany,Europe,Western Europe,OFF-FA-6198,Office Supplies,Fasteners,"Stockwell Rubber Bands, Assorted Sizes",41.94,3,0,7.92
NI-2015-JC610595-42053,2015-02-18 00:00:00,JC-610595,Julie Creighton,Corporate,Nigeria,Africa,Western Africa,OFF-ST-6263,Office Supplies,Storage,"Tenex Lockers, Single Width",61.25399999999999,1,0.7,-130.68599999999995
ES-2015-IL1510034-42045,2015-02-10 00:00:00,IL-1510034,Ivan Liston,Consumer,Denmark,Europe,Northern Europe,OFF-PA-4484,Office Supplies,Paper,"Green Bar Parchment Paper, Recycled",49.76999999999999,6,0.5,-4.04999999999999
BU-2015-KM637519-42048,2015-02-13 00:00:00,KM-637519,Katherine Murray,Home Office,Bulgaria,Europe,Eastern Europe,TEC-AC-5218,Technology,Accessories,"Memorex Mouse, Programmable",118.68,4,0,8.28
RS-2015-SH10635108-42052,2015-02-17 00:00:00,SH-10635108,Stefanie Holloman,Corporate,Russia,Europe,Eastern Europe,OFF-PA-4144,Office Supplies,Paper,"Enermax Cards & Envelopes, Multicolor",48.510000000000005,1,0,6.779999999999999
TU-2015-AH585134-42062,2015-02-27 00:00:00,AH-585134,Angele Hood,Consumer,Turkey,Asia Pacific,Western Asia,OFF-ST-6246,Office Supplies,Storage,"Tenex File Cart, Blue",53.28000000000001,1,0.6,-55.95
MX-2015-TP2156582-42056,2015-02-21 00:00:00,TP-2156582,Tracy Poddar,Corporate,Mexico,LATAM,Central America,OFF-SU-6165,Office Supplies,Supplies,"Stiletto Letter Opener, Easy Grip",40,2,0,9.6
IT-2015-AG1033048-42059,2015-02-24 00:00:00,AG-1033048,Alex Grayson,Consumer,Germany,Europe,Western Europe,FUR-FU-6276,Furniture,Furnishings,"Tenex Stacking Tray, Black",50.58,2,0,7.08
IN-2015-KB165857-42040,2015-02-05 00:00:00,KB-165857,Ken Black,Corporate,Australia,Asia Pacific,Oceania,OFF-EN-5024,Office Supplies,Envelopes,"Kraft Business Envelopes, Set of 50",53.946,3,0.1,16.776
IT-2015-CM12655124-42042,2015-02-07 00:00:00,CM-12655124,Corinna Mitchell,Home Office,Sweden,Europe,Northern Europe,OFF-ST-6251,Office Supplies,Storage,"Tenex Folders, Single Width",46.5,4,0.5,-27.06
US-2015-LL16840140-42053,2015-02-18 00:00:00,LL-168401408,Lauren Leatherbury,Consumer,United States,USCA,Southern US,TEC-PH-4972,Technology,Phones,KLD Oscar II Style Snap-on Ultra Thin Side Flip Synthetic Leather Cover Case for HTC One HTC M7,29.160000000000004,3,0,8.456399999999999
IN-2015-ML1804092-42048,2015-02-13 00:00:00,ML-1804092,Michelle Lonsdale,Corporate,New Zealand,Asia Pacific,Oceania,FUR-FU-4074,Furniture,Furnishings,"Eldon Light Bulb, Black",50.400000000000006,2,0,4.0200000000000005
US-2015-RO1978055-42045,2015-02-10 00:00:00,RO-1978055,Rose O'Brian,Consumer,Honduras,LATAM,Central America,TEC-AC-5226,Technology,Accessories,"Memorex Router, USB",98.568,1,0.4,-64.072
IN-2015-SJ20215127-42041,2015-02-06 00:00:00,SJ-20215127,Sarah Jordon,Consumer,Taiwan,Asia Pacific,Eastern Asia,OFF-ST-6228,Office Supplies,Storage,"Tenex Box, Blue",49.5,3,0,1.44
ES-2015-GZ1447048-42060,2015-02-25 00:00:00,GZ-1447048,Gary Zandusky,Consumer,Germany,Europe,Western Europe,OFF-EN-3105,Office Supplies,Envelopes,"Ames Manila Envelope, Security-Tint",54.18000000000001,2,0,21.66
ES-2015-LC1696064-42049,2015-02-14 00:00:00,LC-1696064,Lindsay Castell,Home Office,Italy,Europe,Southern Europe,OFF-ST-6060,Office Supplies,Storage,"Smead Shelving, Wire Frame",28.799999999999997,1,0.4,2.879999999999999
ES-2015-HD14785120-42038,2015-02-03 00:00:00,HD-14785120,Harold Dahlen,Home Office,Spain,Europe,Southern Europe,OFF-EN-4903,Office Supplies,Envelopes,"Jiffy Business Envelopes, Recycled",29.52,2,0,4.68
MX-2015-AR1034518-42054,2015-02-19 00:00:00,AR-1034518,Alex Russell,Corporate,Brazil,LATAM,South America,OFF-BI-2881,Office Supplies,Binders,"Acco 3-Hole Punch, Clear",39.44,2,0,6.68
ES-2015-LC1696064-42049,2015-02-14 00:00:00,LC-1696064,Lindsay Castell,Home Office,Italy,Europe,Southern Europe,TEC-MA-5508,Technology,Machines,"Okidata Phone, White",102.31199999999998,2,0.4,-66.52799999999999
ES-2015-AS10045139-42042,2015-02-07 00:00:00,AS-10045139,Aaron Smayling,Corporate,United Kingdom,Europe,Northern Europe,OFF-LA-3297,Office Supplies,Labels,"Avery Legal Exhibit Labels, 5000 Label Set",35.19,3,0,16.11
TZ-2015-DR2940129-42061,2015-02-26 00:00:00,DR-2940129,Daniel Raglin,Home Office,Tanzania,Africa,Eastern Africa,OFF-LA-4528,Office Supplies,Labels,"Harbour Creations Color Coded Labels, Alphabetical",50.88,4,0,25.44
ES-2015-GM1444045-42040,2015-02-05 00:00:00,GM-1444045,Gary McGarr,Consumer,France,Europe,Western Europe,OFF-LA-5405,Office Supplies,Labels,"Novimex Shipping Labels, Laser Printer Compatible",21.959999999999997,2,0,9.66
CA-2015-LS697523-42057,2015-02-22 00:00:00,LS-697523,Lindsay Shagiari,Home Office,Canada,USCA,Canada,OFF-AR-5917,Office Supplies,Art,"Sanford Markers, Blue",139.49999999999997,6,0,26.46
CA-2015-LS697523-42057,2015-02-22 00:00:00,LS-697523,Lindsay Shagiari,Home Office,Canada,USCA,Canada,OFF-AR-3452,Office Supplies,Art,"BIC Highlighters, Easy-Erase",153.60000000000002,8,0,35.28
CA-2015-LS697523-42057,2015-02-22 00:00:00,LS-697523,Lindsay Shagiari,Home Office,Canada,USCA,Canada,TEC-AC-5128,Technology,Accessories,"Logitech Mouse, Programmable",123.12000000000002,4,0,33.24
CA-2015-LS697523-42057,2015-02-22 00:00:00,LS-697523,Lindsay Shagiari,Home Office,Canada,USCA,Canada,OFF-ST-4060,Office Supplies,Storage,"Eldon Folders, Blue",33.96,2,0,5.76
MX-2015-TP2156582-42056,2015-02-21 00:00:00,TP-2156582,Tracy Poddar,Corporate,Mexico,LATAM,Central America,OFF-BI-3253,Office Supplies,Binders,"Avery Binder, Economy",34.4,4,0,2.4
IN-2015-TT210707-42054,2015-02-19 00:00:00,TT-210707,Ted Trevino,Consumer,Australia,Asia Pacific,Oceania,OFF-LA-4638,Office Supplies,Labels,"Hon Color Coded Labels, Adjustable",28.916999999999994,3,0.1,0.5670000000000011
IT-2015-CM12655124-42042,2015-02-07 00:00:00,CM-12655124,Corinna Mitchell,Home Office,Sweden,Europe,Northern Europe,OFF-AR-5932,Office Supplies,Art,"Sanford Sketch Pad, Fluorescent",46.74,2,0.5,-2.8200000000000003
US-2015-JD1601598-42036,2015-02-01 00:00:00,JD-1601598,Joy Daniels,Consumer,Panama,LATAM,Central America,OFF-SU-4116,Office Supplies,Supplies,"Elite Box Cutter, Easy Grip",29.208,2,0.4,-9.751999999999999
IR-2015-SN1056060-42039,2015-02-04 00:00:00,SN-1056060,Skye Norling,Home Office,Iran,Asia Pacific,Southern Asia,FUR-CH-5367,Furniture,Chairs,"Novimex Bag Chairs, Black",43.53,1,0,19.14
SG-2015-QJ9255111-42062,2015-02-27 00:00:00,QJ-9255111,Quincy Jones,Corporate,Senegal,Africa,Western Africa,OFF-FA-3061,Office Supplies,Fasteners,"Advantus Rubber Bands, Assorted Sizes",28.08,2,0,6.12
CA-2015-LF17185140-42052,2015-02-17 00:00:00,LF-171851406,Luke Foster,Consumer,United States,USCA,Eastern US,OFF-PA-6464,Office Supplies,Paper,Xerox 1912,37.94,2,0,18.211199999999998
CA-2015-LW721523-42057,2015-02-22 00:00:00,LW-721523,Luke Weiss,Consumer,Canada,USCA,Canada,TEC-PH-3817,Technology,Phones,"Cisco Speaker Phone, VoIP",277.14,2,0,91.44
MX-2015-KS1630031-42063,2015-02-28 00:00:00,KS-1630031,Karen Seio,Corporate,Cuba,LATAM,Caribbean,OFF-SU-4327,Office Supplies,Supplies,"Fiskars Trimmer, Serrated",52.000000000000014,2,0,16.119999999999997
ES-2015-HM1498048-42049,2015-02-14 00:00:00,HM-1498048,Henry MacAllister,Consumer,Germany,Europe,Western Europe,OFF-AR-3534,Office Supplies,Art,"Boston Highlighters, Water Color",44.099999999999994,2,0,7.92
CA-2015-MM17260140-42047,2015-02-12 00:00:00,MM-172601406,Magdelene Morse,Consumer,United States,USCA,Eastern US,FUR-FU-3954,Furniture,Furnishings,"Deflect-o RollaMat Studded, Beveled Mat for Medium Pile Carpeting",147.568,2,0.2,-3.6892000000000067
BK-2015-RS987017-42046,2015-02-11 00:00:00,RS-987017,Roy Skaria,Home Office,Bosnia and Herzegovina,Europe,Southern Europe,OFF-PA-4145,Office Supplies,Paper,"Enermax Cards & Envelopes, Premium",47.1,1,0,13.649999999999999
ES-2015-JS15940120-42052,2015-02-17 00:00:00,JS-15940120,Joni Sundaresam,Home Office,Spain,Europe,Southern Europe,OFF-AR-3452,Office Supplies,Art,"BIC Highlighters, Easy-Erase",38.400000000000006,2,0,8.82
IN-2015-DL133307-42045,2015-02-10 00:00:00,DL-133307,Denise Leinenbach,Consumer,Australia,Asia Pacific,Oceania,OFF-LA-3313,Office Supplies,Labels,"Avery Removable Labels, Laser Printer Compatible",57.996,6,0.1,19.836
CG-2015-LC688533-42047,2015-02-12 00:00:00,LC-688533,Lena Creighton,Consumer,Democratic Republic of the Congo,Africa,Central Africa,OFF-SU-4328,Office Supplies,Supplies,"Fiskars Trimmer, Steel",41.7,1,0,4.9799999999999995
IN-2015-LC1693027-42048,2015-02-13 00:00:00,LC-1693027,Linda Cazamias,Corporate,China,Asia Pacific,Eastern Asia,OFF-FA-2960,Office Supplies,Fasteners,"Accos Thumb Tacks, Assorted Sizes",22.259999999999998,2,0,1.5
IN-2015-RW196907-42048,2015-02-13 00:00:00,RW-196907,Robert Waldorf,Consumer,Australia,Asia Pacific,Oceania,OFF-BI-2897,Office Supplies,Binders,"Acco Binder, Economy",40.905,3,0.1,9.495
RS-2015-SH10635108-42052,2015-02-17 00:00:00,SH-10635108,Stefanie Holloman,Corporate,Russia,Europe,Eastern Europe,OFF-ST-4108,Office Supplies,Storage,"Eldon Trays, Wire Frame",47.04,1,0,18.330000000000002
TU-2015-BB990134-42059,2015-02-24 00:00:00,BB-990134,Barry Blumstein,Corporate,Turkey,Asia Pacific,Western Asia,OFF-FA-6205,Office Supplies,Fasteners,"Stockwell Thumb Tacks, 12 Pack",10.368000000000002,2,0.6,-3.911999999999999
IN-2015-GR145607-42047,2015-02-12 00:00:00,GR-145607,Georgia Rosenberg,Corporate,Australia,Asia Pacific,Oceania,FUR-FU-5723,Furniture,Furnishings,"Rubbermaid Door Stop, Black",39.42,1,0.1,2.6099999999999994
CA-2015-ML17395140-42045,2015-02-10 00:00:00,ML-173951404,Marina Lichtenstein,Corporate,United States,USCA,Western US,FUR-FU-5170,Furniture,Furnishings,"Master Big Foot Doorstop, Beige",21.12,4,0,6.547199999999998
ES-2015-JK1562545-42051,2015-02-16 00:00:00,JK-1562545,Jim Karlsson,Consumer,France,Europe,Western Europe,OFF-LA-4685,Office Supplies,Labels,"Hon Round Labels, 5000 Label Set",42.300000000000004,6,0,13.5
IT-2015-CS1246048-42054,2015-02-19 00:00:00,CS-1246048,Chuck Sachs,Consumer,Germany,Europe,Western Europe,OFF-AR-3462,Office Supplies,Art,"BIC Pencil Sharpener, Fluorescent",60.54,2,0,20.580000000000002
CA-2015-MH17455140-42049,2015-02-14 00:00:00,MH-174551402,Mark Hamilton,Consumer,United States,USCA,Central US,OFF-AP-4609,Office Supplies,Appliances,"Holmes Replacement Filter for HEPA Air Cleaner, Medium Room",90.64,8,0,38.97520000000001
MX-2015-MH1744031-42045,2015-02-10 00:00:00,MH-1744031,Mark Haberlin,Corporate,Cuba,LATAM,Caribbean,OFF-PA-5878,Office Supplies,Paper,"SanDisk Message Books, Premium",47.64,3,0,15.239999999999998
CA-2015-MV17485140-42042,2015-02-07 00:00:00,MV-174851408,Mark Van Huff,Consumer,United States,USCA,Southern US,FUR-BO-3621,Furniture,Bookcases,"Bush Andora Bookcase, Maple/Graphite Gray Finish",359.96999999999997,3,0,79.19339999999997
AG-2015-DS31803-42046,2015-02-11 00:00:00,DS-31803,David Smith,Corporate,Algeria,Africa,North Africa,OFF-ST-4264,Office Supplies,Storage,"Fellowes Folders, Wire Frame",25.469999999999995,1,0,6.6000000000000005
IN-2015-CM12160102-42053,2015-02-18 00:00:00,CM-12160102,Charles McCrossin,Consumer,Philippines,Asia Pacific,Southeastern Asia,OFF-LA-5390,Office Supplies,Labels,"Novimex Legal Exhibit Labels, Laser Printer Compatible",11.517,2,0.45,-6.303
MO-2015-ST1053086-42046,2015-02-11 00:00:00,ST-1053086,Shui Tom,Consumer,Morocco,Africa,North Africa,OFF-AR-3545,Office Supplies,Art,"Boston Pencil Sharpener, Water Color",32.129999999999995,1,0,16.049999999999997
US-2015-DJ1363098-42045,2015-02-10 00:00:00,DJ-1363098,Doug Jacobs,Consumer,Panama,LATAM,Central America,OFF-SU-4976,Office Supplies,Supplies,"Kleencut Box Cutter, Steel",27.24,2,0.4,-2.2799999999999985
IN-2015-GR145607-42047,2015-02-12 00:00:00,GR-145607,Georgia Rosenberg,Corporate,Australia,Asia Pacific,Oceania,OFF-BI-3720,Office Supplies,Binders,"Cardinal Binder, Clear",47.844,4,0.1,21.204
IN-2015-JH159107-42039,2015-02-04 00:00:00,JH-159107,Jonathan Howell,Consumer,Australia,Asia Pacific,Oceania,OFF-ST-4251,Office Supplies,Storage,"Fellowes Box, Industrial",54.432000000000016,3,0.1,10.241999999999997
CA-2015-MC17575140-42039,2015-02-04 00:00:00,MC-175751406,Matt Collins,Consumer,United States,USCA,Eastern US,OFF-ST-4752,Office Supplies,Storage,"Hot File 7-Pocket, Floor Stand",285.552,2,0.2,35.69399999999996
SF-2015-ML7755117-42060,2015-02-25 00:00:00,ML-7755117,Max Ludwig,Home Office,South Africa,Africa,Southern Africa,OFF-EN-3102,Office Supplies,Envelopes,"Ames Mailers, Set of 50",35.849999999999994,1,0,5.01
CA-2015-MC17575140-42039,2015-02-04 00:00:00,MC-175751406,Matt Collins,Consumer,United States,USCA,Eastern US,OFF-BI-4249,Office Supplies,Binders,Fellowes Black Plastic Comb Bindings,5.229,3,0.7,-4.183199999999998
TU-2015-BO1350134-42041,2015-02-06 00:00:00,BO-1350134,Bill Overfelt,Corporate,Turkey,Asia Pacific,Western Asia,OFF-BI-6371,Office Supplies,Binders,"Wilson Jones 3-Hole Punch, Economy",11.196000000000002,1,0.6,-7.584000000000001
MO-2015-MZ733586-42059,2015-02-24 00:00:00,MZ-733586,Maria Zettner,Home Office,Morocco,Africa,North Africa,OFF-SU-2978,Office Supplies,Supplies,"Acme Letter Opener, High Speed",30.21,1,0,2.0999999999999996
CA-2015-ME772523-42046,2015-02-11 00:00:00,ME-772523,Max Engle,Consumer,Canada,USCA,Canada,OFF-ST-6261,Office Supplies,Storage,"Tenex Lockers, Blue",204.14999999999998,1,0,53.07000000000001
ID-2015-SG2047059-42049,2015-02-14 00:00:00,SG-2047059,Sheri Gordon,Consumer,Indonesia,Asia Pacific,Southeastern Asia,OFF-PA-6609,Office Supplies,Paper,"Xerox Memo Slips, 8.5 x 11",28.095300000000005,3,0.47000000000000003,-23.384700000000002
CA-2015-ME17725140-42055,2015-02-20 00:00:00,ME-177251404,Max Engle,Consumer,United States,USCA,Western US,OFF-FA-5717,Office Supplies,Fasteners,Rubber Band Ball,11.22,3,0,0.2244000000000006
ES-2015-YC2189514-42038,2015-02-03 00:00:00,YC-2189514,Yoseph Carroll,Corporate,Belgium,Europe,Western Europe,OFF-EN-4906,Office Supplies,Envelopes,"Jiffy Clasp Envelope, Recycled",21.959999999999994,3,0,10.709999999999999
EG-2015-NF838538-42060,2015-02-25 00:00:00,NF-838538,Natalie Fritzler,Consumer,Egypt,Africa,North Africa,FUR-FU-4102,Furniture,Furnishings,"Eldon Stacking Tray, Duo Pack",31.56,1,0,3.7800000000000002
IS-2015-PB921063-42062,2015-02-27 00:00:00,PB-921063,Phillip Breyer,Corporate,Israel,Asia Pacific,Western Asia,OFF-SU-4981,Office Supplies,Supplies,"Kleencut Ruler, Easy Grip",30.36,2,0,0.6000000000000001
EZ-2015-CH207032-42063,2015-02-28 00:00:00,CH-207032,Cathy Hwang,Home Office,Czech Republic,Europe,Eastern Europe,OFF-AR-3545,Office Supplies,Art,"Boston Pencil Sharpener, Water Color",32.129999999999995,1,0,16.049999999999997
MX-2015-JD1615082-42056,2015-02-21 00:00:00,JD-1615082,Justin Deggeller,Corporate,Mexico,LATAM,Central America,OFF-PA-5853,Office Supplies,Paper,"SanDisk Computer Printout Paper, Premium",59.58,3,0,9.48
IT-2015-CM12655124-42042,2015-02-07 00:00:00,CM-12655124,Corinna Mitchell,Home Office,Sweden,Europe,Northern Europe,OFF-BI-2884,Office Supplies,Binders,"Acco 3-Hole Punch, Recycled",60.96000000000001,4,0.5,-50.040000000000006
IN-2015-FC1424527-42050,2015-02-15 00:00:00,FC-1424527,Frank Carlisle,Home Office,China,Asia Pacific,Eastern Asia,OFF-SU-4138,Office Supplies,Supplies,"Elite Trimmer, Steel",41.07000000000001,1,0,16.41
IN-2015-MS1798021-42048,2015-02-13 00:00:00,MS-1798021,Michael Stewart,Corporate,Cambodia,Asia Pacific,Southeastern Asia,OFF-BI-3289,Office Supplies,Binders,"Avery Hole Reinforcements, Clear",11.61,3,0,5.49
CG-2015-HP481533-42047,2015-02-12 00:00:00,HP-481533,Harold Pawlan,Home Office,Democratic Republic of the Congo,Africa,Central Africa,OFF-LA-4680,Office Supplies,Labels,"Hon Removable Labels, Laser Printer Compatible",20.16,2,0,6.42
IN-2015-JS158807-42059,2015-02-24 00:00:00,JS-158807,John Stevenson,Consumer,Australia,Asia Pacific,Oceania,OFF-AR-3465,Office Supplies,Art,"BIC Pens, Easy-Erase",13.094999999999999,1,0.1,1.725
US-2015-JD1601598-42036,2015-02-01 00:00:00,JD-1601598,Joy Daniels,Consumer,Panama,LATAM,Central America,OFF-AR-5921,Office Supplies,Art,"Sanford Pencil Sharpener, Easy-Erase",21.672,2,0.4,-1.807999999999997
CA-2015-MN17935140-42046,2015-02-11 00:00:00,MN-179351406,Michael Nguyen,Consumer,United States,USCA,Eastern US,OFF-PA-4782,Office Supplies,Paper,HP Office Recycled Paper (20Lb. and 87 Bright),23.12,4,0,11.328800000000001
IR-2015-SW1045560-42063,2015-02-28 00:00:00,SW-1045560,Shaun Weien,Consumer,Iran,Asia Pacific,Southern Asia,OFF-BI-4809,Office Supplies,Binders,"Ibico Binder Covers, Economy",27.299999999999997,2,0,3.7800000000000002
IN-2015-CL118907-42048,2015-02-13 00:00:00,CL-118907,Carl Ludwig,Consumer,Australia,Asia Pacific,Oceania,OFF-SU-4317,Office Supplies,Supplies,"Fiskars Scissors, Serrated",35.748,2,0.1,11.088
CA-2015-MH18025140-42061,2015-02-26 00:00:00,MH-180251402,Michelle Huthwaite,Consumer,United States,USCA,Central US,OFF-BI-3281,Office Supplies,Binders,Avery Hidden Tab Dividers for Binding Systems,1.7879999999999996,3,0.8,-3.0396
AJ-2015-GM44409-42059,2015-02-24 00:00:00,GM-44409,Gary McGarr,Consumer,Azerbaijan,Asia Pacific,Western Asia,OFF-FA-6185,Office Supplies,Fasteners,"Stockwell Clamps, Assorted Sizes",33.36,2,0,12.66
TU-2015-LS7230134-42039,2015-02-04 00:00:00,LS-7230134,Lycoris Saunders,Consumer,Turkey,Asia Pacific,Western Asia,OFF-BI-6378,Office Supplies,Binders,"Wilson Jones Binder, Clear",49.92000000000001,10,0.6,-64.97999999999999
IN-2015-TB21400102-42049,2015-02-14 00:00:00,TB-21400102,Tom Boeckenhauer,Consumer,Philippines,Asia Pacific,Southeastern Asia,OFF-BI-4810,Office Supplies,Binders,"Ibico Binder Covers, Recycled",23.817,2,0.15000000000000002,-3.123
PL-2015-KB6315103-42058,2015-02-23 00:00:00,KB-6315103,Karl Braun,Consumer,Poland,Europe,Eastern Europe,OFF-BI-4809,Office Supplies,Binders,"Ibico Binder Covers, Economy",13.649999999999999,1,0,1.8900000000000001
ES-2015-TA2138545-42041,2015-02-06 00:00:00,TA-2138545,Tom Ashbrook,Home Office,France,Europe,Western Europe,OFF-BI-3736,Office Supplies,Binders,"Cardinal Hole Reinforcements, Recycled",17.1,3,0,7.11
CA-2015-MP18175140-42046,2015-02-11 00:00:00,MP-181751404,Mike Pelletier,Home Office,United States,USCA,Western US,FUR-BO-3621,Furniture,Bookcases,"Bush Andora Bookcase, Maple/Graphite Gray Finish",203.98299999999998,2,0.15,16.79859999999998
ES-2015-LS17245139-42036,2015-02-01 00:00:00,LS-17245139,Lynn Smith,Consumer,United Kingdom,Europe,Northern Europe,OFF-EN-5044,Office Supplies,Envelopes,"Kraft Peel and Seal, with clear poly window",96.12,4,0,25.92
IN-2015-ML1804092-42048,2015-02-13 00:00:00,ML-1804092,Michelle Lonsdale,Corporate,New Zealand,Asia Pacific,Oceania,OFF-FA-3074,Office Supplies,Fasteners,"Advantus Thumb Tacks, Bulk Pack",27.18,2,0,4.86
IN-2015-AM107057-42047,2015-02-12 00:00:00,AM-107057,Anne McFarland,Consumer,Australia,Asia Pacific,Oceania,OFF-BI-6374,Office Supplies,Binders,"Wilson Jones Binder Covers, Clear",47.925,5,0.1,7.875000000000002
IV-2015-SF1020029-42053,2015-02-18 00:00:00,SF-1020029,Sarah Foster,Consumer,Cote d'Ivoire,Africa,Western Africa,TEC-MA-4211,Technology,Machines,"Epson Receipt Printer, White",115.44000000000001,1,0,49.62
GB-2015-EH376546-42050,2015-02-15 00:00:00,EH-376546,Edward Hooks,Corporate,Gabon,Africa,Central Africa,OFF-BI-2892,Office Supplies,Binders,"Acco Binder Covers, Durable",29.639999999999997,2,0,13.32
MX-2015-KS1630031-42063,2015-02-28 00:00:00,KS-1630031,Karen Seio,Corporate,Cuba,LATAM,Caribbean,OFF-ST-4060,Office Supplies,Storage,"Eldon Folders, Blue",45.28,4,0,0
TU-2015-CA2775134-42060,2015-02-25 00:00:00,CA-2775134,Cynthia Arntzen,Consumer,Turkey,Asia Pacific,Western Asia,OFF-SU-2977,Office Supplies,Supplies,"Acme Letter Opener, Easy Grip",12.732,1,0.6,-10.187999999999999
IN-2015-EK1379527-42040,2015-02-05 00:00:00,EK-1379527,Eileen Kiefer,Home Office,China,Asia Pacific,Eastern Asia,OFF-FA-5487,Office Supplies,Fasteners,"OIC Thumb Tacks, Metal",14.189999999999998,1,0,0.99
CA-2015-NG18355140-42052,2015-02-17 00:00:00,NG-183551406,Nat Gilpin,Corporate,United States,USCA,Eastern US,OFF-ST-4287,Office Supplies,Storage,Fellowes Staxonsteel Drawer Files,579.51,3,0,81.13140000000001
CA-2015-NG18355140-42052,2015-02-17 00:00:00,NG-183551406,Nat Gilpin,Corporate,United States,USCA,Eastern US,TEC-PH-3406,Technology,Phones,"Belkin SportFit Armband For iPhone 5s/5c, Fuchsia",14.99,1,0,7.3451
ES-2015-RB1964548-42049,2015-02-14 00:00:00,RB-1964548,Robert Barroso,Corporate,Germany,Europe,Western Europe,OFF-LA-4552,Office Supplies,Labels,"Harbour Creations Shipping Labels, 5000 Label Set",35.550000000000004,3,0,7.74
ES-2015-GT1471048-42054,2015-02-19 00:00:00,GT-1471048,Greg Tran,Consumer,Germany,Europe,Western Europe,OFF-LA-4680,Office Supplies,Labels,"Hon Removable Labels, Laser Printer Compatible",20.16,2,0,6.42
SO-2015-KL6555116-42057,2015-02-22 00:00:00,KL-6555116,Kelly Lampkin,Corporate,Somalia,Africa,Eastern Africa,OFF-BI-4826,Office Supplies,Binders,"Ibico Hole Reinforcements, Recycled",14.700000000000001,2,0,4.5
ID-2015-RB19705102-42059,2015-02-24 00:00:00,RB-19705102,Roger Barcio,Home Office,Philippines,Asia Pacific,Southeastern Asia,OFF-LA-6030,Office Supplies,Labels,"Smead Color Coded Labels, Laser Printer Compatible",14.355,2,0.45,-10.485
TU-2015-VG11790134-42042,2015-02-07 00:00:00,VG-11790134,Vivek Gonzalez,Consumer,Turkey,Asia Pacific,Western Asia,OFF-EN-3662,Office Supplies,Envelopes,"Cameo Interoffice Envelope, Security-Tint",19.932000000000002,1,0.6,-24.917999999999996
TU-2015-DM3525134-42048,2015-02-13 00:00:00,DM-3525134,Don Miller,Corporate,Turkey,Asia Pacific,Western Asia,OFF-AR-3478,Office Supplies,Art,"Binney & Smith Canvas, Water Color",21.816000000000003,1,0.6,-6.563999999999993
US-2015-RO1978055-42045,2015-02-10 00:00:00,RO-1978055,Rose O'Brian,Consumer,Honduras,LATAM,Central America,OFF-FA-5482,Office Supplies,Fasteners,"OIC Staples, Bulk Pack",22.679999999999996,5,0.4,-9.12
CA-2015-NH18610140-42055,2015-02-20 00:00:00,NH-186101408,Nicole Hansen,Corporate,United States,USCA,Southern US,OFF-AP-4933,Office Supplies,Appliances,Kensington 7 Outlet MasterPiece Power Center,1245.86,7,0,361.2993999999999
RS-2015-SH10635108-42052,2015-02-17 00:00:00,SH-10635108,Stefanie Holloman,Corporate,Russia,Europe,Eastern Europe,OFF-FA-2944,Office Supplies,Fasteners,"Accos Paper Clips, Assorted Sizes",14.04,1,0,0.8400000000000001
ES-2015-SJ20125139-42049,2015-02-14 00:00:00,SJ-20125139,Sanjit Jacobs,Home Office,United Kingdom,Europe,Northern Europe,OFF-AR-5920,Office Supplies,Art,"Sanford Markers, Water Color",79.28999999999999,3,0,7.11
IN-2015-AC1061527-42049,2015-02-14 00:00:00,AC-1061527,Ann Chong,Corporate,China,Asia Pacific,Eastern Asia,TEC-PH-3145,Technology,Phones,"Apple Signal Booster, VoIP",410.22,3,0,81.99
TU-2015-VG11790134-42042,2015-02-07 00:00:00,VG-11790134,Vivek Gonzalez,Consumer,Turkey,Asia Pacific,Western Asia,OFF-PA-4168,Office Supplies,Paper,"Enermax Message Books, Multicolor",9.564,1,0.6,-13.176
TU-2015-VG11790134-42042,2015-02-07 00:00:00,VG-11790134,Vivek Gonzalez,Consumer,Turkey,Asia Pacific,Western Asia,OFF-EN-3109,Office Supplies,Envelopes,"Ames Peel and Seal, Security-Tint",8.436,1,0.6,-6.144
IN-2015-AM107057-42047,2015-02-12 00:00:00,AM-107057,Anne McFarland,Consumer,Australia,Asia Pacific,Oceania,OFF-BI-6374,Office Supplies,Binders,"Wilson Jones Binder Covers, Clear",9.584999999999999,1,0.1,1.5750000000000002
EZ-2015-EM381032-42052,2015-02-17 00:00:00,EM-381032,Eleni McCrary,Corporate,Czech Republic,Europe,Eastern Europe,FUR-FU-3932,Furniture,Furnishings,"Deflect-O Door Stop, Black",43.95,1,0,1.7399999999999998
BK-2015-PG882017-42047,2015-02-12 00:00:00,PG-882017,Patrick Gardner,Consumer,Bosnia and Herzegovina,Europe,Southern Europe,OFF-PA-5891,Office Supplies,Paper,"SanDisk Parchment Paper, Multicolor",36.239999999999995,2,0,7.199999999999999
EZ-2015-CH207032-42063,2015-02-28 00:00:00,CH-207032,Cathy Hwang,Home Office,Czech Republic,Europe,Eastern Europe,OFF-EN-3108,Office Supplies,Envelopes,"Ames Peel and Seal, Recycled",17.490000000000002,1,0,6.12
TU-2015-JF5190134-42042,2015-02-07 00:00:00,JF-5190134,Jamie Frazer,Consumer,Turkey,Asia Pacific,Western Asia,OFF-ST-6231,Office Supplies,Storage,"Tenex Box, Wire Frame",6.228,1,0.6,-2.201999999999999
SO-2015-KL6555116-42057,2015-02-22 00:00:00,KL-6555116,Kelly Lampkin,Corporate,Somalia,Africa,Eastern Africa,OFF-LA-3299,Office Supplies,Labels,"Avery Legal Exhibit Labels, Alphabetical",11.16,1,0,2.43
ID-2015-MF18250102-42039,2015-02-04 00:00:00,MF-18250102,Monica Federle,Corporate,Philippines,Asia Pacific,Southeastern Asia,TEC-AC-5127,Technology,Accessories,"Logitech Mouse, Erganomic",89.39700000000002,6,0.45,-71.52300000000001
TX-2015-BT1440135-42053,2015-02-18 00:00:00,BT-1440135,Bobby Trafton,Consumer,Turkmenistan,Asia Pacific,Central Asia,OFF-AR-5917,Office Supplies,Art,"Sanford Markers, Blue",6.975,1,0.7,-11.864999999999995
ES-2015-BF11275139-42042,2015-02-07 00:00:00,BF-11275139,Beth Fritzler,Corporate,United Kingdom,Europe,Northern Europe,OFF-ST-6041,Office Supplies,Storage,"Smead Folders, Wire Frame",33.12,2,0,1.98
MO-2015-MZ733586-42059,2015-02-24 00:00:00,MZ-733586,Maria Zettner,Home Office,Morocco,Africa,North Africa,OFF-BI-6374,Office Supplies,Binders,"Wilson Jones Binder Covers, Clear",21.299999999999997,2,0,5.28
ID-2015-TZ214457-42042,2015-02-07 00:00:00,TZ-214457,Tom Zandusky,Corporate,Australia,Asia Pacific,Oceania,OFF-SU-2988,Office Supplies,Supplies,"Acme Scissors, Easy Grip",32.471999999999994,2,0.4,1.5719999999999992
MX-2015-MG1814531-42049,2015-02-14 00:00:00,MG-1814531,Mike Gockenbach,Consumer,Cuba,LATAM,Caribbean,OFF-PA-5849,Office Supplies,Paper,"SanDisk Cards & Envelopes, Premium",32.28,1,0,16.14
IN-2015-BT1148559-42042,2015-02-07 00:00:00,BT-1148559,Brad Thomas,Home Office,Indonesia,Asia Pacific,Southeastern Asia,OFF-BI-6378,Office Supplies,Binders,"Wilson Jones Binder, Clear",20.7168,2,0.17,-2.023200000000001
IN-2015-CC1261027-42059,2015-02-24 00:00:00,CC-1261027,Corey Catlett,Corporate,China,Asia Pacific,Eastern Asia,OFF-BI-6398,Office Supplies,Binders,"Wilson Jones Hole Reinforcements, Durable",24.120000000000005,4,0,0.72
MX-2015-KS1630031-42063,2015-02-28 00:00:00,KS-1630031,Karen Seio,Corporate,Cuba,LATAM,Caribbean,OFF-LA-5391,Office Supplies,Labels,"Novimex Removable Labels, 5000 Label Set",26.32,4,0,8.640000000000002
EZ-2015-EM381032-42052,2015-02-17 00:00:00,EM-381032,Eleni McCrary,Corporate,Czech Republic,Europe,Eastern Europe,OFF-AR-3549,Office Supplies,Art,"Boston Pens, Water Color",17.400000000000002,1,0,1.56
TU-2015-BO1350134-42041,2015-02-06 00:00:00,BO-1350134,Bill Overfelt,Corporate,Turkey,Asia Pacific,Western Asia,OFF-EN-4446,Office Supplies,Envelopes,"GlobeWeis Mailers, with clear poly window",16.836,1,0.6,-17.273999999999997
IN-2015-RW1963066-42048,2015-02-13 00:00:00,RW-1963066,Rob Williams,Corporate,Japan,Asia Pacific,Eastern Asia,TEC-CO-5995,Technology,Copiers,"Sharp Fax and Copier, High-Speed",333.59999999999997,2,0,19.98
AG-2015-DS31803-42046,2015-02-11 00:00:00,DS-31803,David Smith,Corporate,Algeria,Africa,North Africa,OFF-LA-3315,Office Supplies,Labels,"Avery Round Labels, Adjustable",5.04,1,0,0.8400000000000001
CG-2015-HE480033-42051,2015-02-16 00:00:00,HE-480033,Harold Engle,Corporate,Democratic Republic of the Congo,Africa,Central Africa,OFF-BI-2918,Office Supplies,Binders,"Acco Index Tab, Durable",8.939999999999998,1,0,1.9500000000000002
ID-2015-KH16510102-42052,2015-02-17 00:00:00,KH-16510102,Keith Herrera,Consumer,Philippines,Asia Pacific,Southeastern Asia,OFF-BI-6370,Office Supplies,Binders,"Wilson Jones 3-Hole Punch, Durable",25.0665,1,0.15000000000000002,8.2365
ES-2015-CR1282048-42041,2015-02-06 00:00:00,CR-1282048,Cyra Reiten,Home Office,Germany,Europe,Western Europe,OFF-BI-3712,Office Supplies,Binders,"Cardinal 3-Hole Punch, Clear",113.03999999999999,4,0,23.64
IN-2015-MA1799566-42049,2015-02-14 00:00:00,MA-1799566,Michelle Arnett,Home Office,Japan,Asia Pacific,Eastern Asia,OFF-EN-3093,Office Supplies,Envelopes,"Ames Clasp Envelope, Set of 50",21.599999999999998,3,0,9.27
ID-2015-TB2152088-42048,2015-02-13 00:00:00,TB-2152088,Tracy Blumstein,Consumer,Myanmar (Burma),Asia Pacific,Southeastern Asia,OFF-LA-4537,Office Supplies,Labels,"Harbour Creations Legal Exhibit Labels, 5000 Label Set",9.412199999999999,1,0.17,0.5621999999999996
ID-2015-BF11080118-42056,2015-02-21 00:00:00,BF-11080118,Bart Folk,Consumer,South Korea,Asia Pacific,Eastern Asia,OFF-BI-3247,Office Supplies,Binders,"Avery Binder Covers, Durable",31.424999999999997,5,0.5,-30.224999999999998
IN-2015-CS1249066-42045,2015-02-10 00:00:00,CS-1249066,Cindy Schnelling,Corporate,Japan,Asia Pacific,Eastern Asia,OFF-LA-4696,Office Supplies,Labels,"Hon Shipping Labels, Laser Printer Compatible",22.740000000000002,2,0,11.34
GH-2015-KB624049-42052,2015-02-17 00:00:00,KB-624049,Karen Bern,Corporate,Ghana,Africa,Western Africa,OFF-PA-3988,Office Supplies,Paper,"Eaton Cards & Envelopes, Premium",45.18,1,0,13.53
LH-2015-AA48075-42055,2015-02-20 00:00:00,AA-48075,Andrew Allen,Consumer,Lithuania,Europe,Northern Europe,OFF-AR-3457,Office Supplies,Art,"BIC Markers, Easy-Erase",16.020000000000003,2,0.7,-22.44
CA-2015-RD19810140-42039,2015-02-04 00:00:00,RD-198101402,Ross DeVincentis,Home Office,United States,USCA,Central US,OFF-PA-6439,Office Supplies,Paper,Xerox 189,419.4,5,0.2,146.79
CA-2015-RD19810140-42039,2015-02-04 00:00:00,RD-198101402,Ross DeVincentis,Home Office,United States,USCA,Central US,OFF-PA-6443,Office Supplies,Paper,Xerox 1893,65.584,2,0.2,23.7742
KZ-2015-TB1105568-42045,2015-02-10 00:00:00,TB-1105568,Ted Butterfield,Consumer,Kazakhstan,Asia Pacific,Central Asia,OFF-AR-5923,Office Supplies,Art,"Sanford Pencil Sharpener, Water Color",15.660000000000002,2,0.7,-22.979999999999993
CA-2015-RD19810140-42039,2015-02-04 00:00:00,RD-198101402,Ross DeVincentis,Home Office,United States,USCA,Central US,FUR-FU-4032,Furniture,Furnishings,Eldon Cleatmat Chair Mats for Medium Pile Carpets,22.200000000000003,1,0.6,-26.084999999999994
CA-2015-RD19810140-42039,2015-02-04 00:00:00,RD-198101402,Ross DeVincentis,Home Office,United States,USCA,Central US,OFF-PA-6559,Office Supplies,Paper,Xerox 2,5.184000000000001,1,0.2,1.8144
EZ-2015-CH207032-42063,2015-02-28 00:00:00,CH-207032,Cathy Hwang,Home Office,Czech Republic,Europe,Eastern Europe,OFF-LA-6029,Office Supplies,Labels,"Smead Color Coded Labels, Alphabetical",25.740000000000002,2,0,10.8
MX-2015-JK1573039-42039,2015-02-04 00:00:00,JK-1573039,Joe Kamberova,Consumer,El Salvador,LATAM,Central America,OFF-BI-3737,Office Supplies,Binders,"Cardinal Index Tab, Clear",9.68,2,0,4.44
AO-2015-DC28504-42054,2015-02-19 00:00:00,DC-28504,Dan Campbell,Consumer,Angola,Africa,Central Africa,OFF-FA-6184,Office Supplies,Fasteners,"Stockwell Clamps, 12 Pack",18.66,1,0,8.94
MX-2015-TS2108536-42059,2015-02-24 00:00:00,TS-2108536,Thais Sissman,Consumer,Dominican Republic,LATAM,Caribbean,OFF-FA-6203,Office Supplies,Fasteners,"Stockwell Staples, Bulk Pack",27.76,5,0.2,1.3599999999999994
US-2015-TS2108518-42059,2015-02-24 00:00:00,TS-2108518,Thais Sissman,Consumer,Brazil,LATAM,South America,OFF-FA-6203,Office Supplies,Fasteners,"Stockwell Staples, Bulk Pack",13.879999999999999,5,0.6,-12.519999999999998
IT-2015-DB13555139-42063,2015-02-28 00:00:00,DB-13555139,Dorothy Badders,Corporate,United Kingdom,Europe,Northern Europe,OFF-AR-3500,Office Supplies,Art,"Binney & Smith Sketch Pad, Easy-Erase",41.931,1,0.1,2.3009999999999993
TU-2015-KT6465134-42054,2015-02-19 00:00:00,KT-6465134,Kean Takahito,Consumer,Turkey,Asia Pacific,Western Asia,OFF-FA-6206,Office Supplies,Fasteners,"Stockwell Thumb Tacks, Assorted Sizes",8.784,2,0.6,-5.496
IN-2015-PO188507-42062,2015-02-27 00:00:00,PO-188507,Patrick O'Brill,Consumer,Australia,Asia Pacific,Oceania,OFF-FA-6190,Office Supplies,Fasteners,"Stockwell Paper Clips, Bulk Pack",12.609,1,0.1,4.179
US-2015-SH1997555-42052,2015-02-17 00:00:00,SH-1997555,Sally Hughsby,Corporate,Honduras,LATAM,Central America,OFF-FA-6196,Office Supplies,Fasteners,"Stockwell Push Pins, Metal",11.28,2,0.4,-7.360000000000001
EZ-2015-EM381032-42052,2015-02-17 00:00:00,EM-381032,Eleni McCrary,Corporate,Czech Republic,Europe,Eastern Europe,OFF-EN-3091,Office Supplies,Envelopes,"Ames Clasp Envelope, Recycled",6,1,0,1.26
TU-2015-KT6465134-42054,2015-02-19 00:00:00,KT-6465134,Kean Takahito,Consumer,Turkey,Asia Pacific,Western Asia,OFF-AR-5924,Office Supplies,Art,"Sanford Pens, Blue",4.44,1,0.6,-4.020000000000001
BK-2015-RS987017-42046,2015-02-11 00:00:00,RS-987017,Roy Skaria,Home Office,Bosnia and Herzegovina,Europe,Southern Europe,OFF-BI-3736,Office Supplies,Binders,"Cardinal Hole Reinforcements, Recycled",22.8,4,0,9.48
SG-2015-QJ9255111-42062,2015-02-27 00:00:00,QJ-9255111,Quincy Jones,Corporate,Senegal,Africa,Western Africa,OFF-BI-2896,Office Supplies,Binders,"Acco Binder, Durable",16.65,1,0,4.65
CA-2015-SB20170140-42045,2015-02-10 00:00:00,SB-201701404,Sarah Bern,Consumer,United States,USCA,Western US,OFF-ST-5980,Office Supplies,Storage,Sensible Storage WireTech Storage Systems,354.90000000000003,5,0,17.744999999999962
ES-2015-AB1001545-42047,2015-02-12 00:00:00,AB-1001545,Aaron Bergman,Consumer,France,Europe,Western Europe,OFF-BI-3718,Office Supplies,Binders,"Cardinal Binder Covers, Economy",12,1,0,0.48
ES-2015-SN20710139-42042,2015-02-07 00:00:00,SN-20710139,Steve Nguyen,Home Office,United Kingdom,Europe,Northern Europe,OFF-BI-3249,Office Supplies,Binders,"Avery Binder Covers, Recycled",22.86,2,0,8.22
IN-2015-DB13360118-42049,2015-02-14 00:00:00,DB-13360118,Dennis Bolton,Home Office,South Korea,Asia Pacific,Eastern Asia,FUR-FU-3038,Furniture,Furnishings,"Advantus Light Bulb, Durable",27.36,2,0.2,2.039999999999999
US-2015-SW20245140-42061,2015-02-26 00:00:00,SW-202451408,Scot Wooten,Consumer,United States,USCA,Southern US,FUR-BO-3652,Furniture,Bookcases,"Bush Westfield Collection Bookcases, Medium Cherry Finish",231.92000000000002,5,0.2,5.798000000000002
US-2015-SW20245140-42061,2015-02-26 00:00:00,SW-202451408,Scot Wooten,Consumer,United States,USCA,Southern US,FUR-CH-4412,Furniture,Chairs,"Global High-Back Leather Tilter, Burgundy",196.784,2,0.2,-22.138200000000012
MX-2015-PF1916582-42047,2015-02-12 00:00:00,PF-1916582,Philip Fox,Consumer,Mexico,LATAM,Central America,OFF-BI-2914,Office Supplies,Binders,"Acco Hole Reinforcements, Economy",13.320000000000002,3,0,2.22
ES-2015-DB1327045-42042,2015-02-07 00:00:00,DB-1327045,Deborah Brumfield,Home Office,France,Europe,Western Europe,OFF-EN-3090,Office Supplies,Envelopes,"Ames Business Envelopes, Set of 50",18.18,1,0,5.25
CA-2015-SC20380140-42039,2015-02-04 00:00:00,SC-203801408,Shahid Collister,Consumer,United States,USCA,Southern US,OFF-PA-2859,Office Supplies,Paper,14-7/8 x 11 Blue Bar Computer Printout Paper,115.296,3,0.2,40.353599999999986
IR-2015-SW1045560-42063,2015-02-28 00:00:00,SW-1045560,Shaun Weien,Consumer,Iran,Asia Pacific,Southern Asia,OFF-BI-6405,Office Supplies,Binders,"Wilson Jones Index Tab, Recycled",6.8100000000000005,1,0,1.8900000000000001
ID-2015-TZ214457-42042,2015-02-07 00:00:00,TZ-214457,Tom Zandusky,Corporate,Australia,Asia Pacific,Oceania,OFF-FA-5482,Office Supplies,Fasteners,"OIC Staples, Bulk Pack",6.803999999999999,1,0.4,-3.9960000000000004
ES-2015-CS12355139-42061,2015-02-26 00:00:00,CS-12355139,Christine Sundaresam,Consumer,United Kingdom,Europe,Northern Europe,OFF-BI-2918,Office Supplies,Binders,"Acco Index Tab, Durable",26.819999999999993,3,0,5.8500000000000005
CA-2015-SC20380140-42039,2015-02-04 00:00:00,SC-203801408,Shahid Collister,Consumer,United States,USCA,Southern US,OFF-BI-4348,Office Supplies,Binders,GBC Instant Report Kit,3.8820000000000006,2,0.7,-2.588
IT-2015-JC15340139-42046,2015-02-11 00:00:00,JC-15340139,Jasper Cacioppo,Consumer,United Kingdom,Europe,Northern Europe,OFF-LA-5400,Office Supplies,Labels,"Novimex Round Labels, Alphabetical",9.135,3,0.5,-1.3049999999999997
MO-2015-MT807086-42046,2015-02-11 00:00:00,MT-807086,Michelle Tran,Home Office,Morocco,Africa,North Africa,OFF-AR-5923,Office Supplies,Art,"Sanford Pencil Sharpener, Water Color",29.009999999999998,1,0,3.18
NI-2015-PB921095-42052,2015-02-17 00:00:00,PB-921095,Phillip Breyer,Corporate,Nigeria,Africa,Western Africa,OFF-BI-4813,Office Supplies,Binders,"Ibico Binder, Economy",4.644,1,0.7,-6.5159999999999965
US-2015-SP20545140-42042,2015-02-07 00:00:00,SP-205451406,Sibella Parks,Corporate,United States,USCA,Eastern US,TEC-PH-4458,Technology,Phones,Grandstream GXP1160 VoIP phone,227.45999999999998,6,0,65.96339999999998
US-2015-SP20545140-42042,2015-02-07 00:00:00,SP-205451406,Sibella Parks,Corporate,United States,USCA,Eastern US,OFF-BI-2930,Office Supplies,Binders,"Acco Recycled 2"" Capacity Laser Printer Hanging Data Binders",46.24,4,0.2,15.605999999999996
IN-2015-ZC219107-42062,2015-02-27 00:00:00,ZC-219107,Zuschuss Carroll,Consumer,Australia,Asia Pacific,Oceania,OFF-BI-3253,Office Supplies,Binders,"Avery Binder, Economy",15.479999999999997,2,0.4,0.2400000000000002
CA-2015-SN20560140-42042,2015-02-07 00:00:00,SN-205601404,Skye Norling,Home Office,United States,USCA,Western US,OFF-PA-6502,Office Supplies,Paper,Xerox 1947,29.900000000000002,5,0,13.454999999999998
ID-2015-LS172007-42062,2015-02-27 00:00:00,LS-172007,Luke Schmidt,Corporate,Australia,Asia Pacific,Oceania,OFF-BI-3738,Office Supplies,Binders,"Cardinal Index Tab, Durable",36.576,8,0.4,-4.464000000000002
ES-2015-AH10690120-42045,2015-02-10 00:00:00,AH-10690120,Anna Häberlin,Corporate,Spain,Europe,Southern Europe,OFF-EN-3091,Office Supplies,Envelopes,"Ames Clasp Envelope, Recycled",6,1,0,1.26
MX-2015-MH1744031-42045,2015-02-10 00:00:00,MH-1744031,Mark Haberlin,Corporate,Cuba,LATAM,Caribbean,OFF-FA-6189,Office Supplies,Fasteners,"Stockwell Paper Clips, Assorted Sizes",14.6,2,0,5.679999999999999
IT-2015-DB13555139-42063,2015-02-28 00:00:00,DB-13555139,Dorothy Badders,Corporate,United Kingdom,Europe,Northern Europe,OFF-BI-3293,Office Supplies,Binders,"Avery Index Tab, Clear",17.091,3,0.1,-1.179
MO-2015-GG465086-42057,2015-02-22 00:00:00,GG-465086,Greg Guthrie,Corporate,Morocco,Africa,North Africa,OFF-EN-4920,Office Supplies,Envelopes,"Jiffy Manila Envelope, Set of 50",26.009999999999998,1,0,10.379999999999999
MX-2015-RB1943582-42041,2015-02-06 00:00:00,RB-1943582,Richard Bierner,Consumer,Mexico,LATAM,Central America,OFF-AR-6122,Office Supplies,Art,"Stanley Pens, Easy-Erase",13.760000000000002,2,0,6.16
CA-2015-SV20785140-42049,2015-02-14 00:00:00,SV-207851406,Stewart Visinsky,Consumer,United States,USCA,Eastern US,OFF-SU-2971,Office Supplies,Supplies,Acme Elite Stainless Steel Scissors,25.02,3,0,6.5052
CA-2015-SV20785140-42049,2015-02-14 00:00:00,SV-207851406,Stewart Visinsky,Consumer,United States,USCA,Eastern US,OFF-AR-3334,Office Supplies,Art,Barrel Sharpener,10.709999999999999,3,0,2.7845999999999997
BN-2015-TB1135515-42063,2015-02-28 00:00:00,TB-1135515,Todd Boyes,Corporate,Benin,Africa,Western Africa,OFF-ST-6040,Office Supplies,Storage,"Smead Folders, Single Width",17.52,1,0,5.43
EZ-2015-CH207032-42063,2015-02-28 00:00:00,CH-207032,Cathy Hwang,Home Office,Czech Republic,Europe,Eastern Europe,OFF-BI-6400,Office Supplies,Binders,"Wilson Jones Hole Reinforcements, Recycled",4.890000000000001,1,0,1.17
MX-2015-DC1285051-42041,2015-02-06 00:00:00,DC-1285051,Dan Campbell,Consumer,Guatemala,LATAM,Central America,OFF-BI-3248,Office Supplies,Binders,"Avery Binder Covers, Economy",7.38,1,0,0.8800000000000001
ES-2015-AH10690120-42045,2015-02-10 00:00:00,AH-10690120,Anna Häberlin,Corporate,Spain,Europe,Southern Europe,OFF-FA-5473,Office Supplies,Fasteners,"OIC Push Pins, Bulk Pack",44.730000000000004,3,0,9.36
ID-2015-TB2152088-42048,2015-02-13 00:00:00,TB-2152088,Tracy Blumstein,Consumer,Myanmar (Burma),Asia Pacific,Southeastern Asia,OFF-BI-6398,Office Supplies,Binders,"Wilson Jones Hole Reinforcements, Durable",15.014700000000003,3,0.17,-2.535300000000001
TU-2015-CS1860134-42042,2015-02-07 00:00:00,CS-1860134,Cari Schnelling,Consumer,Turkey,Asia Pacific,Western Asia,OFF-LA-3315,Office Supplies,Labels,"Avery Round Labels, Adjustable",2.016,1,0.6,-2.184
TU-2015-CS1860134-42042,2015-02-07 00:00:00,CS-1860134,Cari Schnelling,Consumer,Turkey,Asia Pacific,Western Asia,OFF-FA-6201,Office Supplies,Fasteners,"Stockwell Staples, 12 Pack",3.936,1,0.6,-2.274
SG-2015-QJ9255111-42062,2015-02-27 00:00:00,QJ-9255111,Quincy Jones,Corporate,Senegal,Africa,Western Africa,OFF-FA-6204,Office Supplies,Fasteners,"Stockwell Staples, Metal",10.53,1,0,2.82
IN-2015-ML1804092-42048,2015-02-13 00:00:00,ML-1804092,Michelle Lonsdale,Corporate,New Zealand,Asia Pacific,Oceania,OFF-FA-3046,Office Supplies,Fasteners,"Advantus Paper Clips, Metal",26.759999999999998,2,0,10.379999999999999
IN-2015-PG1889559-42048,2015-02-13 00:00:00,PG-1889559,Paul Gonzalez,Consumer,Indonesia,Asia Pacific,Southeastern Asia,OFF-BI-2898,Office Supplies,Binders,"Acco Binder, Recycled",12.873299999999999,1,0.17,-2.0367
LH-2015-AA48075-42055,2015-02-20 00:00:00,AA-48075,Andrew Allen,Consumer,Lithuania,Europe,Northern Europe,OFF-PA-6619,Office Supplies,Paper,"Xerox Note Cards, Premium",7.9110000000000005,1,0.7,-13.208999999999996
IT-2015-BT1144091-42052,2015-02-17 00:00:00,BT-1144091,Bobby Trafton,Consumer,Netherlands,Europe,Western Europe,OFF-BI-4828,Office Supplies,Binders,"Ibico Index Tab, Clear",8.370000000000001,2,0.5,-2.1900000000000013
TU-2015-BO1350134-42041,2015-02-06 00:00:00,BO-1350134,Bill Overfelt,Corporate,Turkey,Asia Pacific,Western Asia,OFF-FA-2949,Office Supplies,Fasteners,"Accos Push Pins, Bulk Pack",5.808,1,0.6,-4.5120000000000005
SA-2015-NZ8565110-42049,2015-02-14 00:00:00,NZ-8565110,Nick Zandusky,Home Office,Saudi Arabia,Asia Pacific,Western Asia,OFF-EN-3110,Office Supplies,Envelopes,"Ames Peel and Seal, Set of 50",18.69,1,0,8.58
IT-2015-RP1985591-42052,2015-02-17 00:00:00,RP-1985591,Roy Phan,Corporate,Netherlands,Europe,Western Europe,OFF-SU-4120,Office Supplies,Supplies,"Elite Letter Opener, Easy Grip",27.299999999999997,2,0.5,-25.139999999999997
CA-2015-TP21415140-42045,2015-02-10 00:00:00,TP-214151402,Tom Prescott,Consumer,United States,USCA,Central US,OFF-BI-4359,Office Supplies,Binders,GBC ProClick 150 Presentation Binding System,252.78399999999996,4,0.8,-417.09360000000004
CA-2015-TP21415140-42045,2015-02-10 00:00:00,TP-214151402,Tom Prescott,Consumer,United States,USCA,Central US,TEC-AC-5656,Technology,Accessories,Razer Kraken PRO Over Ear PC and Music Headset,127.984,2,0.2,15.997999999999987
CA-2015-TP21415140-42045,2015-02-10 00:00:00,TP-214151402,Tom Prescott,Consumer,United States,USCA,Central US,OFF-AP-3377,Office Supplies,Appliances,Belkin F9S820V06 8 Outlet Surge,12.991999999999996,2,0.8,-32.480000000000004
CA-2015-TP21415140-42045,2015-02-10 00:00:00,TP-214151402,Tom Prescott,Consumer,United States,USCA,Central US,FUR-FU-6101,Furniture,Furnishings,Stacking Trays by OIC,3.9840000000000004,2,0.6,-2.6892000000000005
NI-2015-CM219095-42046,2015-02-11 00:00:00,CM-219095,Charlotte Melton,Consumer,Nigeria,Africa,Western Africa,OFF-SU-4125,Office Supplies,Supplies,"Elite Ruler, Serrated",3.1500000000000004,1,0.7,-5.459999999999999
IN-2015-MJ1774027-42060,2015-02-25 00:00:00,MJ-1774027,Max Jones,Consumer,China,Asia Pacific,Eastern Asia,OFF-AP-4493,Office Supplies,Appliances,"Hamilton Beach Coffee Grinder, Black",84.17999999999999,2,0,37.86
NI-2015-PB921095-42052,2015-02-17 00:00:00,PB-921095,Phillip Breyer,Corporate,Nigeria,Africa,Western Africa,OFF-BI-6378,Office Supplies,Binders,"Wilson Jones Binder, Clear",3.7440000000000007,1,0.7,-7.745999999999999
IN-2015-TP215657-42052,2015-02-17 00:00:00,TP-215657,Tracy Poddar,Corporate,Australia,Asia Pacific,Oceania,OFF-LA-3314,Office Supplies,Labels,"Avery Round Labels, 5000 Label Set",6.776999999999999,1,0.1,0.20699999999999996
ES-2015-ER1385545-42062,2015-02-27 00:00:00,ER-1385545,Elpida Rittenbach,Corporate,France,Europe,Western Europe,OFF-LA-3315,Office Supplies,Labels,"Avery Round Labels, Adjustable",5.04,1,0,0.8400000000000001
NI-2015-PB921095-42052,2015-02-17 00:00:00,PB-921095,Phillip Breyer,Corporate,Nigeria,Africa,Western Africa,OFF-ST-4296,Office Supplies,Storage,"Fellowes Trays, Wire Frame",16.938000000000002,1,0.7,-25.421999999999997
CA-2015-VW21775140-42047,2015-02-12 00:00:00,VW-217751404,Victoria Wilson,Corporate,United States,USCA,Western US,OFF-BI-2923,Office Supplies,Binders,"Acco Pressboard Covers with Storage Hooks, 14 7/8"" x 11"", Dark Blue",21.336,7,0.2,7.734300000000001
IT-2015-SS2087591-42039,2015-02-04 00:00:00,SS-2087591,Sung Shariari,Consumer,Netherlands,Europe,Western Europe,OFF-BI-6376,Office Supplies,Binders,"Wilson Jones Binder Covers, Economy",5.595,1,0.5,-2.715
RS-2015-TB11250108-42040,2015-02-05 00:00:00,TB-11250108,Tim Brockman,Consumer,Russia,Europe,Eastern Europe,OFF-EN-5026,Office Supplies,Envelopes,"Kraft Clasp Envelope, Security-Tint",11.399999999999999,1,0,2.61
ES-2015-IM1505545-42063,2015-02-28 00:00:00,IM-1505545,Ionia McGrath,Consumer,France,Europe,Western Europe,OFF-AR-3465,Office Supplies,Art,"BIC Pens, Easy-Erase",43.65,3,0,9.540000000000001
ES-2015-LP17080120-42042,2015-02-07 00:00:00,LP-17080120,Liz Pelletier,Consumer,Spain,Europe,Southern Europe,OFF-FA-2944,Office Supplies,Fasteners,"Accos Paper Clips, Assorted Sizes",14.04,1,0,0.8400000000000001
NI-2015-KM637595-42045,2015-02-10 00:00:00,KM-637595,Katherine Murray,Home Office,Nigeria,Africa,Western Africa,OFF-BI-3189,Office Supplies,Binders,"Avery 3-Hole Punch, Recycled",8.469000000000003,1,0.7,-19.761000000000003
MO-2015-MZ733586-42059,2015-02-24 00:00:00,MZ-733586,Maria Zettner,Home Office,Morocco,Africa,North Africa,OFF-BI-4805,Office Supplies,Binders,"Ibico 3-Hole Punch, Economy",30.450000000000003,1,0,15.21
