Order ID,Order Date,Customer ID,Customer Name,Segment,Country,Market,Region,Product ID,Category,Sub-Category,Product Name,Sales,Quantity,Discount,Profit
IN-2015-CS1246011-42074,2015-03-11 00:00:00,CS-1246011,Chuck Sachs,Consumer,Bangladesh,Asia Pacific,Southern Asia,FUR-BO-5760,Furniture,Bookcases,"Safco Classic Bookcase, Metal",3063.27,7,0,581.91
IT-2015-RP1927045-42081,2015-03-18 00:00:00,RP-1927045,Rachel Payne,Corporate,France,Europe,Western Europe,TEC-CO-5998,Technology,Copiers,"Sharp Fax Machine, Digital",1505.9789999999998,6,0.15,-265.76099999999997
MX-2015-BE1133582-42082,2015-03-19 00:00:00,BE-1133582,Bill Eplett,Home Office,Mexico,LATAM,Central America,OFF-AP-4745,Office Supplies,Appliances,"Hoover Stove, White",1888.7,5,0,887.6
IN-2015-CG125207-42077,2015-03-14 00:00:00,CG-125207,Claire Gute,Consumer,Australia,Asia Pacific,Oceania,OFF-AP-4745,Office Supplies,Appliances,"Hoover Stove, White",3569.643,7,0.1,674.163
ID-2015-AA10480130-42080,2015-03-17 00:00:00,AA-10480130,Andrew Allen,Consumer,Thailand,Asia Pacific,Southeastern Asia,TEC-PH-5840,Technology,Phones,"Samsung Smart Phone, Full Size",2645.376,5,0.17,-0.024000000000114596
ES-2015-FW1439545-42069,2015-03-06 00:00:00,FW-1439545,Fred Wasserman,Corporate,France,Europe,Western Europe,FUR-BO-3627,Furniture,Bookcases,"Bush Classic Bookcase, Traditional",1114.236,3,0.1,383.706
IN-2015-AP1091559-42089,2015-03-26 00:00:00,AP-1091559,Arthur Prichep,Consumer,Indonesia,Asia Pacific,Southeastern Asia,OFF-AP-4966,Office Supplies,Appliances,"KitchenAid Stove, Silver",1421.5410000000002,3,0.17,428.12099999999987
RS-2015-RB9465108-42082,2015-03-19 00:00:00,RB-9465108,Rick Bensley,Home Office,Russia,Europe,Eastern Europe,TEC-PH-5268,Technology,Phones,"Motorola Smart Phone, Full Size",2570.7599999999998,4,0,976.8000000000001
IN-2015-BE114557-42080,2015-03-17 00:00:00,BE-114557,Brad Eason,Home Office,Australia,Asia Pacific,Oceania,TEC-CO-4568,Technology,Copiers,"Hewlett Copy Machine, Color",3299.5620000000004,14,0.1,366.28199999999987
ID-2015-MG17680144-42078,2015-03-15 00:00:00,MG-17680144,Maureen Gastineau,Home Office,Vietnam,Asia Pacific,Southeastern Asia,FUR-CH-5378,Furniture,Chairs,"Novimex Executive Leather Armchair, Adjustable",1680.6059999999998,5,0.27,368.256
MX-2015-NF1838582-42087,2015-03-24 00:00:00,NF-1838582,Natalie Fritzler,Consumer,Mexico,LATAM,Central America,FUR-TA-3359,Furniture,Tables,"Barricks Wood Table, with Bottom Storage",2205.568,8,0.2,689.088
CA-2015-AB10165140-42094,2015-03-31 00:00:00,AB-101651404,Alan Barnes,Consumer,United States,USCA,Western US,FUR-FU-4329,Furniture,Furnishings,Flat Face Poster Frame,94.2,5,0,39.56400000000001
ES-2015-CM1219045-42094,2015-03-31 00:00:00,CM-1219045,Charlotte Melton,Consumer,France,Europe,Western Europe,FUR-BO-3889,Furniture,Bookcases,"Dania Classic Bookcase, Metal",2953.5840000000003,8,0.1,754.7039999999998
TU-2015-EH4125134-42068,2015-03-05 00:00:00,EH-4125134,Eugene Hildebrand,Home Office,Turkey,Asia Pacific,Western Asia,FUR-CH-4531,Furniture,Chairs,"Harbour Creations Executive Leather Armchair, Black",1136.6639999999998,6,0.6,-880.9559999999997
ES-2015-PW19030139-42076,2015-03-13 00:00:00,PW-19030139,Pauline Webber,Corporate,United Kingdom,Europe,Northern Europe,FUR-BO-5960,Furniture,Bookcases,"Sauder Floating Shelf Set, Mobile",788.4000000000001,4,0,291.6
IN-2015-MG1814558-42087,2015-03-24 00:00:00,MG-1814558,Mike Gockenbach,Consumer,India,Asia Pacific,Southern Asia,FUR-TA-5060,Furniture,Tables,"Lesro Conference Table, with Bottom Storage",2572.74,3,0,1080.54
CA-2015-AH10210140-42072,2015-03-09 00:00:00,AH-102101404,Alan Hwang,Consumer,United States,USCA,Western US,OFF-BI-4485,Office Supplies,Binders,"Green Canvas Binder for 8-1/2"" x 14"" Sheets",171.20000000000002,5,0.2,64.19999999999999
MX-2015-SG2047031-42074,2015-03-11 00:00:00,SG-2047031,Sheri Gordon,Consumer,Cuba,LATAM,Caribbean,FUR-TA-5060,Furniture,Tables,"Lesro Conference Table, with Bottom Storage",1143.44,2,0,320.16
CA-2015-AH10210140-42072,2015-03-09 00:00:00,AH-102101404,Alan Hwang,Consumer,United States,USCA,Western US,OFF-AR-5301,Office Supplies,Art,Newell 323,3.36,2,0,0.8736000000000002
MX-2015-DC1328582-42091,2015-03-28 00:00:00,DC-1328582,Debra Catini,Consumer,Mexico,LATAM,Central America,FUR-TA-5067,Furniture,Tables,"Lesro Training Table, Adjustable Height",1011.6959999999999,7,0.2,126.33599999999997
IN-2015-GW1460527-42089,2015-03-26 00:00:00,GW-1460527,Giulietta Weimer,Consumer,China,Asia Pacific,Eastern Asia,TEC-CO-6009,Technology,Copiers,"Sharp Wireless Fax, Color",3216.24,9,0,96.38999999999999
US-2015-MC1760536-42081,2015-03-18 00:00:00,MC-1760536,Matt Connell,Corporate,Dominican Republic,LATAM,Caribbean,FUR-CH-4654,Furniture,Chairs,"Hon Executive Leather Armchair, Adjustable",1212.5599999999997,5,0.2,-45.53999999999992
IT-2015-MA1799548-42080,2015-03-17 00:00:00,MA-1799548,Michelle Arnett,Home Office,Germany,Europe,Western Europe,TEC-CO-4780,Technology,Copiers,"HP Ink, Laser",1029.6,8,0,205.92000000000002
IN-2015-GW1460527-42089,2015-03-26 00:00:00,GW-1460527,Giulietta Weimer,Consumer,China,Asia Pacific,Eastern Asia,FUR-TA-4692,Furniture,Tables,"Hon Round Table, with Bottom Storage",1444.5479999999998,4,0.3,103.06799999999998
GH-2015-JF541549-42084,2015-03-21 00:00:00,JF-541549,Jennifer Ferguson,Consumer,Ghana,Africa,Western Africa,TEC-PH-3806,Technology,Phones,"Cisco Smart Phone, Full Size",2605.56,4,0,573.12
IN-2015-AF1087058-42090,2015-03-27 00:00:00,AF-1087058,Art Ferguson,Consumer,India,Asia Pacific,Southern Asia,FUR-CH-5379,Furniture,Chairs,"Novimex Executive Leather Armchair, Black",2289.7499999999995,5,0,68.55000000000001
IN-2015-DW135407-42078,2015-03-15 00:00:00,DW-135407,Don Weiss,Consumer,Australia,Asia Pacific,Oceania,FUR-CH-5807,Furniture,Chairs,"SAFCO Swivel Stool, Red",1058.0220000000002,7,0.1,340.87199999999996
ES-2015-BT1139564-42088,2015-03-25 00:00:00,BT-1139564,Bill Tyler,Corporate,Italy,Europe,Southern Europe,FUR-BO-3624,Furniture,Bookcases,"Bush Classic Bookcase, Metal",2060.7,5,0,700.5000000000001
TU-2015-LC6930134-42078,2015-03-15 00:00:00,LC-6930134,Linda Cazamias,Corporate,Turkey,Asia Pacific,Western Asia,TEC-PH-3805,Technology,Phones,"Cisco Smart Phone, Cordless",521.1840000000001,2,0.6,-260.616
CA-2015-AG10270140-42091,2015-03-28 00:00:00,AG-102701406,Alejandro Grove,Consumer,United States,USCA,Eastern US,FUR-FU-4050,Furniture,Furnishings,"Eldon Expressions Punched Metal & Wood Desk Accessories, Black & Cherry",15.008000000000003,2,0.2,1.5008
ID-2015-DH1307559-42080,2015-03-17 00:00:00,DH-1307559,Dave Hallsten,Corporate,Indonesia,Asia Pacific,Southeastern Asia,OFF-AP-4500,Office Supplies,Appliances,"Hamilton Beach Microwave, White",2096.4555,9,0.17,-429.3945
IN-2015-MC1757527-42066,2015-03-03 00:00:00,MC-1757527,Matt Collins,Consumer,China,Asia Pacific,Eastern Asia,TEC-CO-4579,Technology,Copiers,"Hewlett Ink, Color",900.72,6,0,45
ES-2015-LA167808-42067,2015-03-04 00:00:00,LA-167808,Laura Armstrong,Corporate,Austria,Europe,Western Europe,TEC-CO-4568,Technology,Copiers,"Hewlett Copy Machine, Color",1060.4399999999998,4,0,360.48
ES-2015-CA1205548-42084,2015-03-21 00:00:00,CA-1205548,Cathy Armstrong,Home Office,Germany,Europe,Western Europe,FUR-CH-5441,Furniture,Chairs,"Office Star Executive Leather Armchair, Adjustable",2092.4999999999995,5,0.1,720.7499999999999
IN-2015-BT1139527-42077,2015-03-14 00:00:00,BT-1139527,Bill Tyler,Corporate,China,Asia Pacific,Eastern Asia,OFF-ST-4266,Office Supplies,Storage,"Fellowes Lockers, Blue",1243.98,6,0,534.78
SF-2015-NP8685117-42089,2015-03-26 00:00:00,NP-8685117,Nora Pelletier,Home Office,South Africa,Africa,Southern Africa,TEC-MA-5503,Technology,Machines,"Okidata Inkjet, Wireless",1884.6000000000001,6,0,791.46
IZ-2015-DB306061-42089,2015-03-26 00:00:00,DB-306061,Dave Brooks,Consumer,Iraq,Asia Pacific,Western Asia,OFF-ST-5703,Office Supplies,Storage,"Rogers Lockers, Wire Frame",842.76,4,0,210.60000000000002
IN-2015-VP2173058-42085,2015-03-22 00:00:00,VP-2173058,Victor Preis,Home Office,India,Asia Pacific,Southern Asia,FUR-TA-5058,Furniture,Tables,"Lesro Conference Table, Fully Assembled",1718.1,2,0,618.48
SF-2015-EH3945117-42075,2015-03-12 00:00:00,EH-3945117,Eric Hoffmann,Consumer,South Africa,Africa,Southern Africa,OFF-AP-3579,Office Supplies,Appliances,"Breville Stove, Red",561.54,1,0,101.07
IN-2015-RB1943558-42090,2015-03-27 00:00:00,RB-1943558,Richard Bierner,Consumer,India,Asia Pacific,Southern Asia,FUR-BO-5968,Furniture,Bookcases,"Sauder Library with Doors, Pine",2722.86,7,0,408.24000000000007
CA-2015-AG49523-42073,2015-03-10 00:00:00,AG-49523,Andrew Gjertsen,Corporate,Canada,USCA,Canada,OFF-AP-4494,Office Supplies,Appliances,"Hamilton Beach Coffee Grinder, Red",42.66,1,0,5.1
ID-2015-MG17680144-42078,2015-03-15 00:00:00,MG-17680144,Maureen Gastineau,Home Office,Vietnam,Asia Pacific,Southeastern Asia,TEC-PH-5838,Technology,Phones,"Samsung Signal Booster, with Caller ID",793.5879,7,0.17,238.97789999999998
IN-2015-BD1132027-42081,2015-03-18 00:00:00,BD-1132027,Bill Donatelli,Consumer,China,Asia Pacific,Eastern Asia,FUR-TA-4713,Furniture,Tables,"Hon Wood Table, with Bottom Storage",1487.7239999999997,4,0.3,-488.9159999999999
IN-2015-KW1657058-42083,2015-03-20 00:00:00,KW-1657058,Kelly Williams,Consumer,India,Asia Pacific,Southern Asia,TEC-CO-4577,Technology,Copiers,"Hewlett Fax Machine, High-Speed",1272.48,4,0,458.04
ES-2015-FO1430514-42077,2015-03-14 00:00:00,FO-1430514,Frank Olsen,Consumer,Belgium,Europe,Western Europe,FUR-CH-4561,Furniture,Chairs,"Harbour Creations Swivel Stool, Adjustable",547.83,3,0,153.35999999999999
ES-2015-KH16690120-42089,2015-03-26 00:00:00,KH-16690120,Kristen Hastings,Corporate,Spain,Europe,Southern Europe,TEC-CO-3602,Technology,Copiers,"Brother Ink, Laser",736.5,5,0,0
CA-2015-AC10615140-42088,2015-03-25 00:00:00,AC-106151402,Ann Chong,Corporate,United States,USCA,Central US,OFF-ST-4891,Office Supplies,Storage,Iris Project Case,12.768,2,0.2,0.9575999999999993
IN-2015-CJ1187527-42089,2015-03-26 00:00:00,CJ-1187527,Carl Jackson,Corporate,China,Asia Pacific,Eastern Asia,TEC-CO-4774,Technology,Copiers,"HP Fax Machine, Digital",898.74,3,0,134.73000000000002
US-2015-AS10630140-42081,2015-03-18 00:00:00,AS-106301408,Ann Steele,Home Office,United States,USCA,Southern US,OFF-LA-3192,Office Supplies,Labels,Avery 474,4.608,2,0.2,1.6704
IN-2015-GH1448566-42080,2015-03-17 00:00:00,GH-1448566,Gene Hale,Corporate,Japan,Asia Pacific,Eastern Asia,FUR-BO-5972,Furniture,Bookcases,"Sauder Stackable Bookrack, Pine",1481.7000000000003,10,0,711
ES-2015-GK14620139-42071,2015-03-08 00:00:00,GK-14620139,Grace Kelly,Corporate,United Kingdom,Europe,Northern Europe,OFF-AP-3858,Office Supplies,Appliances,"Cuisinart Blender, Silver",474.18000000000006,7,0,18.900000000000002
ES-2015-JH1618064-42071,2015-03-08 00:00:00,JH-1618064,Justin Hirsh,Consumer,Italy,Europe,Southern Europe,OFF-AP-3874,Office Supplies,Appliances,"Cuisinart Stove, Silver",1078.08,2,0,323.4
CA-2015-AC10660140-42087,2015-03-24 00:00:00,AC-106601402,Anna Chung,Consumer,United States,USCA,Central US,OFF-ST-4273,Office Supplies,Storage,Fellowes Officeware Wire Shelving,143.728,2,0.2,-32.338800000000006
IN-2015-SU2066527-42090,2015-03-27 00:00:00,SU-2066527,Stephanie Ulpright,Home Office,China,Asia Pacific,Eastern Asia,FUR-CH-4560,Furniture,Chairs,"Harbour Creations Steel Folding Chair, Set of Two",500.70000000000005,5,0,30
IN-2015-LS1724527-42089,2015-03-26 00:00:00,LS-1724527,Lynn Smith,Consumer,China,Asia Pacific,Eastern Asia,TEC-CO-3593,Technology,Copiers,"Brother Fax and Copier, High-Speed",569.0699999999999,3,0,187.74
IN-2015-FO1430527-42076,2015-03-13 00:00:00,FO-1430527,Frank Olsen,Consumer,China,Asia Pacific,Eastern Asia,FUR-CH-5447,Furniture,Chairs,"Office Star Rocking Chair, Black",969.3600000000001,7,0,348.81
MX-2015-AR1082582-42088,2015-03-25 00:00:00,AR-1082582,Anthony Rawles,Corporate,Mexico,LATAM,Central America,FUR-BO-5771,Furniture,Bookcases,"Safco Corner Shelving, Traditional",717.408,9,0.2,224.02799999999996
RO-2015-CA1965107-42090,2015-03-27 00:00:00,CA-1965107,Carol Adams,Corporate,Romania,Europe,Eastern Europe,OFF-ST-6033,Office Supplies,Storage,"Smead File Cart, Single Width",1031.04,8,0,72
SA-2015-JS5940110-42080,2015-03-17 00:00:00,JS-5940110,Joni Sundaresam,Home Office,Saudi Arabia,Asia Pacific,Western Asia,FUR-BO-5762,Furniture,Bookcases,"Safco Classic Bookcase, Pine",879,2,0,35.160000000000004
MA-2015-SC1038077-42094,2015-03-31 00:00:00,SC-1038077,Shahid Collister,Consumer,Madagascar,Africa,Eastern Africa,OFF-ST-6264,Office Supplies,Storage,"Tenex Lockers, Wire Frame",812.8799999999999,4,0,251.88
IN-2015-VP2173058-42085,2015-03-22 00:00:00,VP-2173058,Victor Preis,Home Office,India,Asia Pacific,Southern Asia,TEC-PH-3815,Technology,Phones,"Cisco Speaker Phone, Cordless",706.6499999999999,5,0,204.90000000000003
IS-2015-JS568563-42094,2015-03-31 00:00:00,JS-568563,Jim Sink,Corporate,Israel,Asia Pacific,Western Asia,TEC-CO-3687,Technology,Copiers,"Canon Fax Machine, Digital",1272.1200000000001,4,0,292.56
ES-2015-MC1813048-42094,2015-03-31 00:00:00,MC-1813048,Mike Caudle,Corporate,Germany,Europe,Western Europe,FUR-BO-4849,Furniture,Bookcases,"Ikea Classic Bookcase, Mobile",745.6859999999999,2,0.1,182.226
MX-2015-KC1667518-42070,2015-03-07 00:00:00,KC-1667518,Kimberly Carter,Corporate,Brazil,LATAM,South America,OFF-AP-3575,Office Supplies,Appliances,"Breville Refrigerator, Red",692.4399999999998,2,0,6.92
IT-2015-RP1927045-42081,2015-03-18 00:00:00,RP-1927045,Rachel Payne,Corporate,France,Europe,Western Europe,TEC-CO-3688,Technology,Copiers,"Canon Fax Machine, High-Speed",1076.4060000000002,4,0.15,-38.03399999999999
RW-2015-BF975109-42083,2015-03-20 00:00:00,BF-975109,Barbara Fisher,Corporate,Rwanda,Africa,Eastern Africa,OFF-AR-3478,Office Supplies,Art,"Binney & Smith Canvas, Water Color",327.24,6,0,156.96000000000004
ID-2015-AS1028527-42090,2015-03-27 00:00:00,AS-1028527,Alejandro Savely,Corporate,China,Asia Pacific,Eastern Asia,FUR-TA-5052,Furniture,Tables,"Lesro Coffee Table, Rectangular",1048.194,6,0.3,-284.52599999999995
IN-2015-DB1340558-42094,2015-03-31 00:00:00,DB-1340558,Denny Blanton,Consumer,India,Asia Pacific,Southern Asia,FUR-BO-5954,Furniture,Bookcases,"Sauder Corner Shelving, Pine",743.25,5,0,133.65
ES-2015-HG14965120-42080,2015-03-17 00:00:00,HG-14965120,Henry Goldwyn,Corporate,Spain,Europe,Southern Europe,TEC-PH-3152,Technology,Phones,"Apple Speaker Phone, VoIP",444.20400000000006,4,0.1,148.04399999999998
IN-2015-LA1678021-42074,2015-03-11 00:00:00,LA-1678021,Laura Armstrong,Corporate,Cambodia,Asia Pacific,Southeastern Asia,TEC-CO-3686,Technology,Copiers,"Canon Fax Machine, Color",639.66,2,0,121.5
ES-2015-SH2039545-42068,2015-03-05 00:00:00,SH-2039545,Shahid Hopkins,Consumer,France,Europe,Western Europe,TEC-AC-4166,Technology,Accessories,"Enermax Memory Card, USB",687.5999999999999,6,0,103.14000000000001
US-2015-DB1366098-42088,2015-03-25 00:00:00,DB-1366098,Duane Benoit,Consumer,Panama,LATAM,Central America,TEC-CO-4765,Technology,Copiers,"HP Copy Machine, Color",488.6257999999999,5,0.402,-165.07420000000002
ES-2015-JF1556534-42067,2015-03-04 00:00:00,JF-1556534,Jill Fjeld,Consumer,Denmark,Europe,Northern Europe,TEC-PH-5263,Technology,Phones,"Motorola Signal Booster, Cordless",656.9100000000001,9,0.5,-65.88000000000011
ES-2015-SW2045545-42078,2015-03-15 00:00:00,SW-2045545,Shaun Weien,Consumer,France,Europe,Western Europe,OFF-ST-4081,Office Supplies,Storage,"Eldon Lockers, Wire Frame",354.56399999999996,2,0.1,39.384
IT-2015-EM14095139-42080,2015-03-17 00:00:00,EM-14095139,Eudokia Martin,Corporate,United Kingdom,Europe,Northern Europe,TEC-CO-3706,Technology,Copiers,"Canon Personal Copier, Laser",856.44,6,0,385.38
MX-2015-KC1625518-42083,2015-03-20 00:00:00,KC-1625518,Karen Carlisle,Corporate,Brazil,LATAM,South America,FUR-BO-5961,Furniture,Bookcases,"Sauder Floating Shelf Set, Pine",653.1,5,0,215.5
CA-2015-BP11050140-42082,2015-03-19 00:00:00,BP-110501404,Barry Pond,Corporate,United States,USCA,Western US,OFF-EN-5582,Office Supplies,Envelopes,Peel & Seel Envelopes,19.4,5,0,9.312000000000001
CA-2015-BP11050140-42082,2015-03-19 00:00:00,BP-110501404,Barry Pond,Corporate,United States,USCA,Western US,OFF-AR-5632,Office Supplies,Art,Prang Drawing Pencil Set,13.899999999999999,5,0,3.7529999999999997
ES-2015-TG2131045-42091,2015-03-28 00:00:00,TG-2131045,Toby Gnade,Consumer,France,Europe,Western Europe,TEC-CO-6006,Technology,Copiers,"Sharp Personal Copier, Digital",711.8580000000002,7,0.15,293.11800000000005
IN-2015-AP1091559-42089,2015-03-26 00:00:00,AP-1091559,Arthur Prichep,Consumer,Indonesia,Asia Pacific,Southeastern Asia,OFF-ST-5693,Office Supplies,Storage,"Rogers File Cart, Single Width",352.65869999999995,3,0.17,4.178699999999992
MX-2015-CA1231082-42089,2015-03-26 00:00:00,CA-1231082,Christine Abelman,Corporate,Mexico,LATAM,Central America,TEC-CO-4592,Technology,Copiers,"Hewlett Wireless Fax, High-Speed",503.51095999999995,2,0.002,150.31095999999997
MX-2015-SS20515100-42091,2015-03-28 00:00:00,SS-20515100,Shirley Schmidt,Home Office,Paraguay,LATAM,South America,TEC-CO-4577,Technology,Copiers,"Hewlett Fax Machine, High-Speed",634.9675200000001,3,0.002,-1.27248
IN-2015-RE19450113-42076,2015-03-13 00:00:00,RE-19450113,Richard Eichhorn,Consumer,Singapore,Asia Pacific,Southeastern Asia,TEC-CO-3688,Technology,Copiers,"Canon Fax Machine, High-Speed",1582.9500000000003,5,0,332.40000000000003
ES-2015-JB16000139-42088,2015-03-25 00:00:00,JB-16000139,Joy Bell-,Consumer,United Kingdom,Europe,Northern Europe,OFF-ST-6031,Office Supplies,Storage,"Smead File Cart, Blue",764.8199999999999,6,0,7.5600000000000005
ES-2015-CM1219045-42094,2015-03-31 00:00:00,CM-1219045,Charlotte Melton,Consumer,France,Europe,Western Europe,OFF-ST-6033,Office Supplies,Storage,"Smead File Cart, Single Width",462.34799999999996,4,0.1,-46.331999999999994
US-2015-BP11155140-42094,2015-03-31 00:00:00,BP-111551406,Becky Pak,Consumer,United States,USCA,Eastern US,OFF-BI-2924,Office Supplies,Binders,"Acco Pressboard Covers with Storage Hooks, 14 7/8"" x 11"", Executive Red",5.715000000000002,5,0.7,-4.762500000000001
US-2015-DB1366098-42088,2015-03-25 00:00:00,DB-1366098,Duane Benoit,Consumer,Panama,LATAM,Central America,OFF-ST-4267,Office Supplies,Storage,"Fellowes Lockers, Industrial",332.496,4,0.4,-210.62400000000002
IT-2015-MA1799548-42080,2015-03-17 00:00:00,MA-1799548,Michelle Arnett,Home Office,Germany,Europe,Western Europe,OFF-ST-6031,Office Supplies,Storage,"Smead File Cart, Blue",344.169,3,0.1,-34.461
IN-2015-CB1202558-42073,2015-03-10 00:00:00,CB-1202558,Cassandra Brandow,Consumer,India,Asia Pacific,Southern Asia,FUR-BO-3889,Furniture,Bookcases,"Dania Classic Bookcase, Metal",1230.66,3,0,24.57
US-2015-BF11170140-42070,2015-03-07 00:00:00,BF-111701404,Ben Ferrer,Home Office,United States,USCA,Western US,OFF-BI-4012,Office Supplies,Binders,Economy Binders,14.976,9,0.2,5.428800000000001
ID-2015-NS18505144-42075,2015-03-12 00:00:00,NS-18505144,Neola Schneider,Consumer,Vietnam,Asia Pacific,Southeastern Asia,FUR-CH-4524,Furniture,Chairs,"Harbour Creations Chairmat, Red",735.8400000000001,14,0.27,201.59999999999985
ID-2015-NM18445118-42073,2015-03-10 00:00:00,NM-18445118,Nathan Mautz,Home Office,South Korea,Asia Pacific,Eastern Asia,TEC-PH-5342,Technology,Phones,"Nokia Headset, with Caller ID",292.43999999999994,8,0.5,-81.95999999999995
IT-2015-OT1873091-42077,2015-03-14 00:00:00,OT-1873091,Olvera Toch,Consumer,Netherlands,Europe,Western Europe,FUR-FU-5728,Furniture,Furnishings,"Rubbermaid Frame, Duo Pack",615.7200000000001,7,0.2,-69.30000000000004
ES-2015-DO1343545-42082,2015-03-19 00:00:00,DO-1343545,Denny Ordway,Consumer,France,Europe,Western Europe,FUR-FU-4066,Furniture,Furnishings,"Eldon Frame, Durable",453.12000000000006,4,0,117.72
MX-2015-NF1838582-42087,2015-03-24 00:00:00,NF-1838582,Natalie Fritzler,Consumer,Mexico,LATAM,Central America,TEC-AC-5874,Technology,Accessories,"SanDisk Memory Card, Programmable",379.7,5,0,174.60000000000002
CA-2015-BF11215140-42077,2015-03-14 00:00:00,BF-112151404,Benjamin Farhat,Home Office,United States,USCA,Western US,OFF-PA-6434,Office Supplies,Paper,Xerox 1885,288.24,6,0,138.35519999999997
CA-2015-BF11215140-42077,2015-03-14 00:00:00,BF-112151404,Benjamin Farhat,Home Office,United States,USCA,Western US,TEC-PH-5532,Technology,Phones,OtterBox Commuter Series Case - iPhone 5 & 5s,140.736,8,0.2,49.2576
CA-2015-BF11215140-42077,2015-03-14 00:00:00,BF-112151404,Benjamin Farhat,Home Office,United States,USCA,Western US,TEC-AC-5141,Technology,Accessories,Logitech Wireless Headset H600 Over-The-Head Design,214.95000000000002,5,0,88.12950000000001
CA-2015-BF11215140-42077,2015-03-14 00:00:00,BF-112151404,Benjamin Farhat,Home Office,United States,USCA,Western US,OFF-ST-6015,Office Supplies,Storage,"SimpliFile Personal File, Black Granite, 15w x 6-15/16d x 11-1/4h",90.8,8,0,25.424000000000007
CA-2015-BF11215140-42077,2015-03-14 00:00:00,BF-112151404,Benjamin Farhat,Home Office,United States,USCA,Western US,OFF-PA-6595,Office Supplies,Paper,Xerox 230,45.36,7,0,21.772800000000004
IT-2015-MG1814562-42075,2015-03-12 00:00:00,MG-1814562,Mike Gockenbach,Consumer,Ireland,Europe,Northern Europe,FUR-CH-4558,Furniture,Chairs,"Harbour Creations Steel Folding Chair, Black",238.65000000000003,5,0.5,-162.30000000000004
MX-2015-RM1937526-42090,2015-03-27 00:00:00,RM-1937526,Raymond Messe,Consumer,Chile,LATAM,South America,TEC-CO-4572,Technology,Copiers,"Hewlett Fax and Copier, Digital",256.16664000000003,2,0.002,91.88664
ID-2015-ER1385597-42073,2015-03-10 00:00:00,ER-1385597,Elpida Rittenbach,Corporate,Pakistan,Asia Pacific,Southern Asia,TEC-CO-3595,Technology,Copiers,"Brother Fax Machine, Color",799.95,5,0.5,-608.1
US-2015-AM10360101-42077,2015-03-14 00:00:00,AM-10360101,Alice McCarthy,Corporate,Peru,LATAM,South America,FUR-CH-4654,Furniture,Chairs,"Hon Executive Leather Armchair, Adjustable",551.5559999999998,3,0.4,-101.12399999999994
IT-2015-RS19420139-42087,2015-03-24 00:00:00,RS-19420139,Ricardo Sperren,Corporate,United Kingdom,Europe,Northern Europe,OFF-ST-6262,Office Supplies,Storage,"Tenex Lockers, Industrial",511.575,5,0.5,-225.22500000000002
IN-2015-GZ1454527-42094,2015-03-31 00:00:00,GZ-1454527,George Zrebassa,Corporate,China,Asia Pacific,Eastern Asia,FUR-CH-4702,Furniture,Chairs,"Hon Swivel Stool, Black",483.6600000000001,3,0,232.11
CA-2015-BE11335140-42087,2015-03-24 00:00:00,BE-113351404,Bill Eplett,Home Office,United States,USCA,Western US,FUR-FU-3919,Furniture,Furnishings,DAX Natural Wood-Tone Poster Frame,211.84,8,0,76.26239999999999
IT-2015-KD1661564-42069,2015-03-06 00:00:00,KD-1661564,Ken Dana,Corporate,Italy,Europe,Southern Europe,TEC-MA-5540,Technology,Machines,"Panasonic Calculator, White",262.926,9,0.4,-30.834000000000003
MX-2015-Dp1324031-42080,2015-03-17 00:00:00,Dp-1324031,Dean percer,Home Office,Cuba,LATAM,Caribbean,TEC-PH-5263,Technology,Phones,"Motorola Signal Booster, Cordless",486.6000000000001,5,0,209.2
US-2015-JS1603055-42064,2015-03-01 00:00:00,JS-1603055,Joy Smith,Consumer,Honduras,LATAM,Central America,TEC-CO-3686,Technology,Copiers,"Canon Fax Machine, Color",382.51668,3,0.402,-257.14332
IN-2015-SU2066527-42090,2015-03-27 00:00:00,SU-2066527,Stephanie Ulpright,Home Office,China,Asia Pacific,Eastern Asia,FUR-FU-5728,Furniture,Furnishings,"Rubbermaid Frame, Duo Pack",329.85,3,0,164.88
CA-2015-BS11380140-42076,2015-03-13 00:00:00,BS-113801404,Bill Stewart,Corporate,United States,USCA,Western US,OFF-ST-3745,Office Supplies,Storage,Carina Double Wide Media Storage Towers in Natural & Black,242.94,3,0,9.71759999999999
CA-2015-BT11395140-42067,2015-03-04 00:00:00,BT-113951404,Bill Tyler,Corporate,United States,USCA,Western US,FUR-TA-5066,Furniture,Tables,"Lesro Sheffield Collection Coffee Table, End Table, Center Table, Corner Table",399.672,7,0.2,-14.98770000000006
ID-2015-KC166757-42068,2015-03-05 00:00:00,KC-166757,Kimberly Carter,Corporate,Australia,Asia Pacific,Oceania,TEC-CO-5991,Technology,Copiers,"Sharp Copy Machine, High-Speed",861.8399999999999,4,0.1,-95.75999999999999
MX-2015-TC2114582-42064,2015-03-01 00:00:00,TC-2114582,Theresa Coyne,Corporate,Mexico,LATAM,Central America,FUR-BO-5760,Furniture,Bookcases,"Safco Classic Bookcase, Metal",700.176,3,0.2,-35.063999999999986
IN-2015-BT1139527-42077,2015-03-14 00:00:00,BT-1139527,Bill Tyler,Corporate,China,Asia Pacific,Eastern Asia,FUR-CH-4522,Furniture,Chairs,"Harbour Creations Chairmat, Adjustable",521.4300000000001,7,0,229.32
MX-2015-TC2098098-42067,2015-03-04 00:00:00,TC-2098098,Tamara Chand,Corporate,Panama,LATAM,Central America,TEC-CO-6008,Technology,Copiers,"Sharp Personal Copier, Laser",143.51999999999998,3,0.402,9.119999999999994
CA-2015-BN11470140-42078,2015-03-15 00:00:00,BN-114701402,Brad Norvell,Corporate,United States,USCA,Central US,TEC-PH-5975,Technology,Phones,Seidio BD2-HK3IPH5-BK DILEX Case and Holster Combo for Apple iPhone 5/5s - Black,49.61600000000001,2,0.2,4.961599999999999
ES-2015-PW19030139-42076,2015-03-13 00:00:00,PW-19030139,Pauline Webber,Corporate,United Kingdom,Europe,Northern Europe,TEC-CO-3687,Technology,Copiers,"Canon Fax Machine, Digital",318.03000000000003,1,0,73.14
SF-2015-NP8685117-42089,2015-03-26 00:00:00,NP-8685117,Nora Pelletier,Home Office,South Africa,Africa,Southern Africa,OFF-ST-4260,Office Supplies,Storage,"Fellowes File Cart, Wire Frame",545.5200000000001,4,0,114.47999999999999
TU-2015-TD10995134-42068,2015-03-05 00:00:00,TD-10995134,Tamara Dahlen,Consumer,Turkey,Asia Pacific,Western Asia,FUR-CH-4682,Furniture,Chairs,"Hon Rocking Chair, Black",307.656,6,0.6,-169.34400000000005
CG-2015-RD972033-42080,2015-03-17 00:00:00,RD-972033,Roger Demir,Consumer,Democratic Republic of the Congo,Africa,Central Africa,OFF-ST-4081,Office Supplies,Storage,"Eldon Lockers, Wire Frame",196.98,1,0,39.39
IN-2015-PF191657-42087,2015-03-24 00:00:00,PF-191657,Philip Fox,Consumer,Australia,Asia Pacific,Oceania,FUR-FU-5723,Furniture,Furnishings,"Rubbermaid Door Stop, Black",433.62,11,0.1,28.709999999999994
ES-2015-JH1543048-42066,2015-03-03 00:00:00,JH-1543048,Jennifer Halladay,Consumer,Germany,Europe,Western Europe,TEC-AC-5887,Technology,Accessories,"SanDisk Numeric Keypad, Bluetooth",221.40000000000003,4,0,35.400000000000006
CA-2015-BD11560140-42091,2015-03-28 00:00:00,BD-115601404,Brendan Dodson,Home Office,United States,USCA,Western US,OFF-PA-6465,Office Supplies,Paper,Xerox 1913,110.96,2,0,53.260799999999996
CA-2015-BD11560140-42091,2015-03-28 00:00:00,BD-115601404,Brendan Dodson,Home Office,United States,USCA,Western US,OFF-PA-6540,Office Supplies,Paper,Xerox 1982,45.68,2,0,21.0128
UP-2015-DK3150137-42084,2015-03-21 00:00:00,DK-3150137,David Kendrick,Corporate,Ukraine,Europe,Eastern Europe,TEC-AC-5117,Technology,Accessories,"Logitech Keyboard, Programmable",443.70000000000005,6,0,44.28
CA-2015-BD11560140-42091,2015-03-28 00:00:00,BD-115601404,Brendan Dodson,Home Office,United States,USCA,Western US,OFF-PA-6336,Office Supplies,Paper,Unpadded Memo Slips,11.94,3,0,5.97
ES-2015-MR1754545-42068,2015-03-05 00:00:00,MR-1754545,Mathew Reese,Home Office,France,Europe,Western Europe,FUR-BO-4866,Furniture,Bookcases,"Ikea Stackable Bookrack, Pine",446.148,4,0.1,198.22799999999998
RS-2015-LH7155108-42083,2015-03-20 00:00:00,LH-7155108,Logan Haushalter,Consumer,Russia,Europe,Eastern Europe,TEC-PH-3818,Technology,Phones,"Cisco Speaker Phone, with Caller ID",553.92,4,0,22.080000000000002
ES-2015-AG1076545-42068,2015-03-05 00:00:00,AG-1076545,Anthony Garverick,Home Office,France,Europe,Western Europe,OFF-BI-3726,Office Supplies,Binders,"Cardinal Binding Machine, Economy",348.3900000000001,7,0,97.43999999999998
IN-2015-AC1061558-42067,2015-03-04 00:00:00,AC-1061558,Ann Chong,Corporate,India,Asia Pacific,Southern Asia,TEC-PH-5845,Technology,Phones,"Samsung Speaker Phone, VoIP",493.32,4,0,172.56
IN-2015-SU2066527-42090,2015-03-27 00:00:00,SU-2066527,Stephanie Ulpright,Home Office,China,Asia Pacific,Eastern Asia,OFF-ST-5691,Office Supplies,Storage,"Rogers File Cart, Blue",281.34000000000003,2,0,104.03999999999999
MX-2015-BE1133582-42082,2015-03-19 00:00:00,BE-1133582,Bill Eplett,Home Office,Mexico,LATAM,Central America,TEC-PH-5251,Technology,Phones,"Motorola Headset, Cordless",220.24,4,0,15.36
SF-2015-PM9135117-42068,2015-03-05 00:00:00,PM-9135117,Peter McVee,Home Office,South Africa,Africa,Southern Africa,TEC-PH-5335,Technology,Phones,"Nokia Audio Dock, Cordless",339.18,2,0,67.80000000000001
MX-2015-RF1934555-42068,2015-03-05 00:00:00,RF-1934555,Randy Ferguson,Corporate,Honduras,LATAM,Central America,FUR-TA-5050,Furniture,Tables,"Lesro Coffee Table, Adjustable Height",254.19,5,0.7,-245.8099999999999
IN-2015-DB1340558-42094,2015-03-31 00:00:00,DB-1340558,Denny Blanton,Consumer,India,Asia Pacific,Southern Asia,TEC-CO-4573,Technology,Copiers,"Hewlett Fax and Copier, High-Speed",382.14,2,0,145.2
ES-2015-TG2131045-42091,2015-03-28 00:00:00,TG-2131045,Toby Gnade,Consumer,France,Europe,Western Europe,OFF-ST-4268,Office Supplies,Storage,"Fellowes Lockers, Single Width",559.8719999999998,3,0.1,43.54200000000001
CA-2015-BM11650140-42088,2015-03-25 00:00:00,BM-116501406,Brian Moss,Corporate,United States,USCA,Eastern US,OFF-PA-6437,Office Supplies,Paper,Xerox 1888,221.92,4,0,106.52159999999999
MX-2015-JB1540082-42067,2015-03-04 00:00:00,JB-1540082,Jennifer Braxton,Corporate,Mexico,LATAM,Central America,OFF-EN-4917,Office Supplies,Envelopes,"Jiffy Mailers, with clear poly window",108.55999999999999,4,0,24.96
IN-2015-BD1132027-42081,2015-03-18 00:00:00,BD-1132027,Bill Donatelli,Consumer,China,Asia Pacific,Eastern Asia,FUR-BO-4848,Furniture,Bookcases,"Ikea Classic Bookcase, Metal",822.42,2,0,123.35999999999999
MG-2015-GG465084-42075,2015-03-12 00:00:00,GG-465084,Greg Guthrie,Corporate,Mongolia,Asia Pacific,Eastern Asia,FUR-CH-5436,Furniture,Chairs,"Office Star Bag Chairs, Set of Two",346.14,6,0,17.28
CA-2015-BM11650140-42088,2015-03-25 00:00:00,BM-116501406,Brian Moss,Corporate,United States,USCA,Eastern US,TEC-AC-5210,Technology,Accessories,Memorex Micro Travel Drive 8 GB,26,2,0,11.7
IN-2015-DW135407-42078,2015-03-15 00:00:00,DW-135407,Don Weiss,Consumer,Australia,Asia Pacific,Oceania,TEC-MA-6154,Technology,Machines,"StarTech Receipt Printer, Wireless",298.56600000000003,3,0.1,43.05600000000002
IN-2015-SC2038027-42083,2015-03-20 00:00:00,SC-2038027,Shahid Collister,Consumer,China,Asia Pacific,Eastern Asia,OFF-BI-3258,Office Supplies,Binders,"Avery Binding Machine, Recycled",246,5,0,81.15
IN-2015-AF1087058-42090,2015-03-27 00:00:00,AF-1087058,Art Ferguson,Consumer,India,Asia Pacific,Southern Asia,TEC-AC-5882,Technology,Accessories,"SanDisk Mouse, Programmable",318.48,8,0,6.24
MX-2015-LE1681082-42075,2015-03-12 00:00:00,LE-1681082,Laurel Elliston,Consumer,Mexico,LATAM,Central America,FUR-BO-3893,Furniture,Bookcases,"Dania Corner Shelving, Metal",194.44800000000004,3,0.2,24.287999999999993
ES-2015-RS1942064-42091,2015-03-28 00:00:00,RS-1942064,Ricardo Sperren,Corporate,Italy,Europe,Southern Europe,TEC-CO-3599,Technology,Copiers,"Brother Ink, Color",297.48,2,0,145.74
ES-2015-SH2039545-42068,2015-03-05 00:00:00,SH-2039545,Shahid Hopkins,Consumer,France,Europe,Western Europe,OFF-AR-6107,Office Supplies,Art,"Stanley Canvas, Fluorescent",355.11,7,0,113.61
IN-2015-GW1460527-42089,2015-03-26 00:00:00,GW-1460527,Giulietta Weimer,Consumer,China,Asia Pacific,Eastern Asia,FUR-BO-3647,Furniture,Bookcases,"Bush Stackable Bookrack, Pine",374.5799999999999,3,0,134.82
ES-2015-PW19030139-42076,2015-03-13 00:00:00,PW-19030139,Pauline Webber,Corporate,United Kingdom,Europe,Northern Europe,FUR-BO-4859,Furniture,Bookcases,"Ikea Floating Shelf Set, Traditional",511.02,3,0,30.599999999999998
UP-2015-NP8685137-42090,2015-03-27 00:00:00,NP-8685137,Nora Pelletier,Home Office,Ukraine,Europe,Eastern Europe,TEC-CO-4765,Technology,Copiers,"HP Copy Machine, Color",245.13,1,0,83.34
ZA-2015-AA375146-42070,2015-03-07 00:00:00,AA-375146,Allen Armold,Consumer,Zambia,Africa,Eastern Africa,TEC-PH-3817,Technology,Phones,"Cisco Speaker Phone, VoIP",138.57,1,0,45.72
IN-2015-BT114857-42083,2015-03-20 00:00:00,BT-114857,Brad Thomas,Home Office,Australia,Asia Pacific,Oceania,OFF-ST-6032,Office Supplies,Storage,"Smead File Cart, Industrial",346.67999999999995,3,0.1,69.3
IT-2015-EM14095139-42080,2015-03-17 00:00:00,EM-14095139,Eudokia Martin,Corporate,United Kingdom,Europe,Northern Europe,TEC-MA-5516,Technology,Machines,"Okidata Receipt Printer, White",485.2800000000001,4,0,29.04
US-2015-MC1763582-42087,2015-03-24 00:00:00,MC-1763582,Matthew Clasen,Corporate,Mexico,LATAM,Central America,FUR-TA-5053,Furniture,Tables,"Lesro Coffee Table, with Bottom Storage",403.2,3,0.2,-100.8
IN-2015-VP2173058-42085,2015-03-22 00:00:00,VP-2173058,Victor Preis,Home Office,India,Asia Pacific,Southern Asia,FUR-CH-4564,Furniture,Chairs,"Harbour Creations Swivel Stool, Set of Two",364.74,2,0,123.96000000000001
CA-2015-CM11815140-42074,2015-03-11 00:00:00,CM-118151404,Candace McMahon,Corporate,United States,USCA,Western US,TEC-AC-5187,Technology,Accessories,Maxell LTO Ultrium - 800 GB,111.96,4,0,21.27239999999999
ID-2015-GT14635118-42083,2015-03-20 00:00:00,GT-14635118,Grant Thornton,Corporate,South Korea,Asia Pacific,Eastern Asia,TEC-CO-4573,Technology,Copiers,"Hewlett Fax and Copier, High-Speed",286.605,3,0.5,-68.80500000000004
MX-2015-LE1681082-42075,2015-03-12 00:00:00,LE-1681082,Laurel Elliston,Consumer,Mexico,LATAM,Central America,TEC-AC-5887,Technology,Accessories,"SanDisk Numeric Keypad, Bluetooth",111.12000000000005,3,0,23.279999999999998
IN-2015-CA120551-42085,2015-03-22 00:00:00,CA-120551,Cathy Armstrong,Home Office,Afghanistan,Asia Pacific,Southern Asia,FUR-BO-4861,Furniture,Bookcases,"Ikea Library with Doors, Mobile",731.8199999999999,2,0,102.42
UP-2015-KH6330137-42094,2015-03-31 00:00:00,KH-6330137,Katharine Harms,Corporate,Ukraine,Europe,Eastern Europe,FUR-CH-5380,Furniture,Chairs,"Novimex Executive Leather Armchair, Red",920.3999999999999,2,0,322.14
ES-2015-SH20635139-42078,2015-03-15 00:00:00,SH-20635139,Stefanie Holloman,Corporate,United Kingdom,Europe,Northern Europe,OFF-AP-4721,Office Supplies,Appliances,"Hoover Blender, White",685.44,7,0,6.72
ID-2015-NS18505144-42075,2015-03-12 00:00:00,NS-18505144,Neola Schneider,Consumer,Vietnam,Asia Pacific,Southeastern Asia,FUR-BO-4859,Furniture,Bookcases,"Ikea Floating Shelf Set, Traditional",321.94259999999997,3,0.37,-168.6474
ES-2015-SH20635139-42078,2015-03-15 00:00:00,SH-20635139,Stefanie Holloman,Corporate,United Kingdom,Europe,Northern Europe,TEC-MA-4193,Technology,Machines,"Epson Card Printer, Durable",850.3500000000001,5,0,289.05
US-2015-CD11980140-42082,2015-03-19 00:00:00,CD-119801402,Carol Darley,Consumer,United States,USCA,Central US,OFF-BI-4822,Office Supplies,Binders,Ibico Hi-Tech Manual Binding System,182.99399999999997,3,0.8,-320.23950000000013
US-2015-CD11980140-42082,2015-03-19 00:00:00,CD-119801402,Carol Darley,Consumer,United States,USCA,Central US,FUR-FU-4760,Furniture,Furnishings,"Howard Miller 13-1/2"" Diameter Rosebrook Wall Clock",82.524,3,0.6,-41.26199999999997
US-2015-CD11980140-42082,2015-03-19 00:00:00,CD-119801402,Carol Darley,Consumer,United States,USCA,Central US,TEC-AC-6340,Technology,Accessories,"Verbatim 25 GB 6x Blu-ray Single Layer Recordable Disc, 10/Pack",27.816000000000003,3,0.2,4.520099999999996
US-2015-CD11980140-42082,2015-03-19 00:00:00,CD-119801402,Carol Darley,Consumer,United States,USCA,Central US,OFF-AP-4734,Office Supplies,Appliances,Hoover Portapower Portable Vacuum,2.6879999999999997,3,0.8,-7.392000000000002
CA-2015-CJ12010140-42091,2015-03-28 00:00:00,CJ-120101402,Caroline Jumper,Consumer,United States,USCA,Central US,FUR-BO-3177,Furniture,Bookcases,"Atlantic Metals Mobile 5-Shelf Bookcases, Custom Colors",1023.3319999999999,5,0.32,-30.098000000000127
ES-2015-KA1652545-42084,2015-03-21 00:00:00,KA-1652545,Kelly Andreada,Consumer,France,Europe,Western Europe,TEC-MA-4203,Technology,Machines,"Epson Phone, White",134.946,2,0.15,36.486000000000004
MX-2015-MY1829531-42066,2015-03-03 00:00:00,MY-1829531,Muhammed Yedwab,Corporate,Cuba,LATAM,Caribbean,FUR-CH-5448,Furniture,Chairs,"Office Star Rocking Chair, Red",281.82,3,0,118.31999999999998
CA-2015-CJ12010140-42091,2015-03-28 00:00:00,CJ-120101402,Caroline Jumper,Consumer,United States,USCA,Central US,FUR-CH-4400,Furniture,Chairs,Global Deluxe High-Back Manager's Chair,600.558,3,0.3,-8.579400000000078
MX-2015-HG1484536-42070,2015-03-07 00:00:00,HG-1484536,Harry Greene,Consumer,Dominican Republic,LATAM,Caribbean,OFF-AP-3875,Office Supplies,Appliances,"Cuisinart Stove, White",572.192,2,0.2,21.431999999999995
CA-2015-CJ12010140-42091,2015-03-28 00:00:00,CJ-120101402,Caroline Jumper,Consumer,United States,USCA,Central US,FUR-CH-4414,Furniture,Chairs,"Global Leather & Oak Executive Chair, Burgundy",211.24599999999998,2,0.3,-66.39159999999998
SF-2015-RB9330117-42081,2015-03-18 00:00:00,RB-9330117,Randy Bradley,Consumer,South Africa,Africa,Southern Africa,OFF-PA-4004,Office Supplies,Paper,"Eaton Note Cards, Premium",223.92000000000002,8,0,66.96000000000001
CA-2015-CJ12010140-42091,2015-03-28 00:00:00,CJ-120101402,Caroline Jumper,Consumer,United States,USCA,Central US,TEC-AC-4938,Technology,Accessories,Kensington SlimBlade Notebook Wireless Mouse with Nano Receiver ,39.992000000000004,1,0.2,6.9986
IN-2015-BS1175558-42064,2015-03-01 00:00:00,BS-1175558,Bruce Stewart,Consumer,India,Asia Pacific,Southern Asia,TEC-CO-6003,Technology,Copiers,"Sharp Ink, High-Speed",735.6599999999999,6,0,95.58
IT-2015-CL1189045-42081,2015-03-18 00:00:00,CL-1189045,Carl Ludwig,Consumer,France,Europe,Western Europe,FUR-CH-5456,Furniture,Chairs,"Office Star Swivel Stool, Red",626.184,4,0.1,-34.89600000000001
US-2015-CG12040140-42083,2015-03-20 00:00:00,CG-120401406,Catherine Glotzbach,Home Office,United States,USCA,Eastern US,OFF-LA-3227,Office Supplies,Labels,Avery 506,28.91,7,0,13.2986
SF-2015-MP8175117-42070,2015-03-07 00:00:00,MP-8175117,Mike Pelletier,Home Office,South Africa,Africa,Southern Africa,FUR-FU-6270,Furniture,Furnishings,"Tenex Photo Frame, Durable",293.21999999999997,6,0,99.53999999999999
IT-2015-HM1498048-42089,2015-03-26 00:00:00,HM-1498048,Henry MacAllister,Consumer,Germany,Europe,Western Europe,OFF-AP-4490,Office Supplies,Appliances,"Hamilton Beach Blender, Black",186.78600000000003,3,0.1,-14.544000000000006
MX-2015-FH1436539-42081,2015-03-18 00:00:00,FH-1436539,Fred Hopkins,Corporate,El Salvador,LATAM,Central America,FUR-CH-5794,Furniture,Chairs,"SAFCO Rocking Chair, Black",264.96000000000004,3,0,108.6
SA-2015-LH7155110-42066,2015-03-03 00:00:00,LH-7155110,Logan Haushalter,Consumer,Saudi Arabia,Asia Pacific,Western Asia,FUR-CH-4702,Furniture,Chairs,"Hon Swivel Stool, Black",322.44000000000005,2,0,90.24
EG-2015-JS594038-42094,2015-03-31 00:00:00,JS-594038,Joni Sundaresam,Home Office,Egypt,Africa,North Africa,OFF-ST-6033,Office Supplies,Storage,"Smead File Cart, Single Width",515.52,4,0,36
MX-2015-TB2152026-42091,2015-03-28 00:00:00,TB-2152026,Tracy Blumstein,Consumer,Chile,LATAM,South America,TEC-PH-5346,Technology,Phones,"Nokia Office Telephone, Cordless",135.95999999999998,3,0,10.860000000000001
CG-2015-BT144033-42067,2015-03-04 00:00:00,BT-144033,Bobby Trafton,Consumer,Democratic Republic of the Congo,Africa,Central Africa,OFF-BI-6384,Office Supplies,Binders,"Wilson Jones Binding Machine, Economy",391.68,8,0,140.88
IR-2015-CR258060-42088,2015-03-25 00:00:00,CR-258060,Clay Rozendal,Home Office,Iran,Asia Pacific,Southern Asia,TEC-MA-6145,Technology,Machines,"StarTech Phone, White",145.85999999999999,2,0,59.760000000000005
MX-2015-JM1619518-42076,2015-03-13 00:00:00,JM-1619518,Justin MacKendrick,Consumer,Brazil,LATAM,South America,FUR-CH-4697,Furniture,Chairs,"Hon Steel Folding Chair, Adjustable",167.82,3,0,31.859999999999996
ID-2015-MT180707-42074,2015-03-11 00:00:00,MT-180707,Michelle Tran,Home Office,Australia,Asia Pacific,Oceania,FUR-FU-6271,Furniture,Furnishings,"Tenex Photo Frame, Erganomic",181.656,4,0.1,-4.103999999999999
IN-2015-NM184457-42074,2015-03-11 00:00:00,NM-184457,Nathan Mautz,Home Office,Australia,Asia Pacific,Oceania,FUR-CH-5441,Furniture,Chairs,"Office Star Executive Leather Armchair, Adjustable",418.4999999999999,1,0.1,32.55000000000002
IN-2015-LS1724527-42089,2015-03-26 00:00:00,LS-1724527,Lynn Smith,Consumer,China,Asia Pacific,Eastern Asia,TEC-PH-5836,Technology,Phones,"Samsung Signal Booster, Full Size",275.76,2,0,5.46
IN-2015-GH1448566-42080,2015-03-17 00:00:00,GH-1448566,Gene Hale,Corporate,Japan,Asia Pacific,Eastern Asia,TEC-MA-6154,Technology,Machines,"StarTech Receipt Printer, Wireless",442.32,4,0,101.64000000000001
ES-2015-JH1618064-42071,2015-03-08 00:00:00,JH-1618064,Justin Hirsh,Consumer,Italy,Europe,Southern Europe,TEC-CO-4778,Technology,Copiers,"HP Ink, Digital",385.02,3,0,50.04
ES-2015-RO1978048-42069,2015-03-06 00:00:00,RO-1978048,Rose O'Brian,Consumer,Germany,Europe,Western Europe,OFF-EN-4920,Office Supplies,Envelopes,"Jiffy Manila Envelope, Set of 50",156.06,6,0,62.279999999999994
MX-2015-LE1681082-42075,2015-03-12 00:00:00,LE-1681082,Laurel Elliston,Consumer,Mexico,LATAM,Central America,TEC-MA-5496,Technology,Machines,"Okidata Calculator, Wireless",104.58000000000001,3,0,33.42
MA-2015-SC1038077-42094,2015-03-31 00:00:00,SC-1038077,Shahid Collister,Consumer,Madagascar,Africa,Eastern Africa,FUR-CH-5456,Furniture,Chairs,"Office Star Swivel Stool, Red",347.88,2,0,17.34
US-2015-CV12295140-42089,2015-03-26 00:00:00,CV-122951404,Christina VanderZanden,Consumer,United States,USCA,Western US,TEC-CO-4583,Technology,Copiers,Hewlett Packard 310 Color Digital Copier,479.98400000000004,2,0.2,59.99799999999996
US-2015-CV12295140-42089,2015-03-26 00:00:00,CV-122951404,Christina VanderZanden,Consumer,United States,USCA,Western US,TEC-PH-3826,Technology,Phones,Clearsounds A400,211.168,4,0.2,15.837600000000009
US-2015-CV12295140-42089,2015-03-26 00:00:00,CV-122951404,Christina VanderZanden,Consumer,United States,USCA,Western US,OFF-AP-2933,Office Supplies,Appliances,Acco Smartsocket Color-Coded Six-Outlet AC Adapter Model Surge Protectors,176.04,4,0,45.770399999999995
NI-2015-DR288095-42081,2015-03-18 00:00:00,DR-288095,Dan Reichenbach,Corporate,Nigeria,Africa,Western Africa,TEC-CO-3685,Technology,Copiers,"Canon Fax and Copier, Laser",229.608,4,0.7,-176.11199999999997
US-2015-CV12295140-42089,2015-03-26 00:00:00,CV-122951404,Christina VanderZanden,Consumer,United States,USCA,Western US,OFF-BI-3245,Office Supplies,Binders,Avery Arch Ring Binders,185.92000000000002,4,0.2,62.74799999999999
US-2015-CV12295140-42089,2015-03-26 00:00:00,CV-122951404,Christina VanderZanden,Consumer,United States,USCA,Western US,OFF-FA-6129,Office Supplies,Fasteners,Staples,16.02,9,0,4.4856
MX-2015-KC1625518-42083,2015-03-20 00:00:00,KC-1625518,Karen Carlisle,Corporate,Brazil,LATAM,South America,FUR-BO-3635,Furniture,Bookcases,"Bush Floating Shelf Set, Mobile",463.43999999999994,4,0,120.47999999999999
CG-2015-RD972033-42080,2015-03-17 00:00:00,RD-972033,Roger Demir,Consumer,Democratic Republic of the Congo,Africa,Central Africa,FUR-FU-5725,Furniture,Furnishings,"Rubbermaid Door Stop, Durable",163.32000000000002,4,0,21.12
ES-2015-BE1133545-42091,2015-03-28 00:00:00,BE-1133545,Bill Eplett,Home Office,France,Europe,Western Europe,OFF-ST-6247,Office Supplies,Storage,"Tenex File Cart, Industrial",845.019,7,0.1,84.39899999999999
RW-2015-DP3000109-42069,2015-03-06 00:00:00,DP-3000109,Darren Powers,Consumer,Rwanda,Africa,Eastern Africa,OFF-SU-4993,Office Supplies,Supplies,"Kleencut Trimmer, Easy Grip",344.4,8,0,82.56
UP-2015-SC10845137-42087,2015-03-24 00:00:00,SC-10845137,Sung Chung,Consumer,Ukraine,Europe,Eastern Europe,TEC-AC-3397,Technology,Accessories,"Belkin Numeric Keypad, Erganomic",474,8,0,9.36
US-2015-DR1288082-42075,2015-03-12 00:00:00,DR-1288082,Dan Reichenbach,Corporate,Mexico,LATAM,Central America,FUR-CH-4654,Furniture,Chairs,"Hon Executive Leather Armchair, Adjustable",485.0239999999999,2,0.2,-18.215999999999962
IN-2015-BS117557-42087,2015-03-24 00:00:00,BS-117557,Bruce Stewart,Consumer,Australia,Asia Pacific,Oceania,OFF-EN-3664,Office Supplies,Envelopes,"Cameo Interoffice Envelope, with clear poly window",91.74600000000001,2,0.1,1.985999999999997
PL-2015-GZ4470103-42067,2015-03-04 00:00:00,GZ-4470103,Gary Zandusky,Consumer,Poland,Europe,Eastern Europe,OFF-EN-4442,Office Supplies,Envelopes,"GlobeWeis Interoffice Envelope, with clear poly window",308.15999999999997,6,0,86.22
NI-2015-TS1150595-42082,2015-03-19 00:00:00,TS-1150595,Tony Sayre,Consumer,Nigeria,Africa,Western Africa,FUR-CH-4530,Furniture,Chairs,"Harbour Creations Executive Leather Armchair, Adjustable",571.32,4,0.7,-571.3199999999999
MX-2015-RF1934526-42083,2015-03-20 00:00:00,RF-1934526,Randy Ferguson,Corporate,Chile,LATAM,South America,OFF-AR-5920,Office Supplies,Art,"Sanford Markers, Water Color",140.95999999999998,8,0,35.2
ID-2015-PO19180102-42067,2015-03-04 00:00:00,PO-19180102,Philisse Overcash,Home Office,Philippines,Asia Pacific,Southeastern Asia,TEC-CO-4592,Technology,Copiers,"Hewlett Wireless Fax, High-Speed",2951.442,12,0.35,226.96200000000044
MX-2015-TH2155051-42087,2015-03-24 00:00:00,TH-2155051,Tracy Hopkins,Home Office,Guatemala,LATAM,Central America,OFF-ST-5700,Office Supplies,Storage,"Rogers Lockers, Blue",705.4000000000001,5,0,21.1
IN-2015-AC1061558-42067,2015-03-04 00:00:00,AC-1061558,Ann Chong,Corporate,India,Asia Pacific,Southern Asia,TEC-MA-5004,Technology,Machines,"Konica Card Printer, White",347.16,2,0,138.84
IN-2015-SC2038027-42083,2015-03-20 00:00:00,SC-2038027,Shahid Collister,Consumer,China,Asia Pacific,Eastern Asia,OFF-AR-6117,Office Supplies,Art,"Stanley Markers, Water Color",228.41999999999996,9,0,43.2
ID-2015-SG2089097-42085,2015-03-22 00:00:00,SG-2089097,Susan Gilcrest,Corporate,Pakistan,Asia Pacific,Southern Asia,TEC-PH-5825,Technology,Phones,"Samsung Headset, Full Size",260.715,7,0.5,-177.34499999999997
AL-2015-JB59252-42073,2015-03-10 00:00:00,JB-59252,Joni Blumstein,Consumer,Albania,Europe,Southern Europe,OFF-AR-3544,Office Supplies,Art,"Boston Pencil Sharpener, Fluorescent",173.70000000000002,6,0,24.300000000000004
US-2015-TS2137055-42067,2015-03-04 00:00:00,TS-2137055,Todd Sumrall,Corporate,Honduras,LATAM,Central America,FUR-CH-4545,Furniture,Chairs,"Harbour Creations Rocking Chair, Black",173.592,3,0.4,-34.727999999999994
MX-2015-DC1328582-42091,2015-03-28 00:00:00,DC-1328582,Debra Catini,Consumer,Mexico,LATAM,Central America,TEC-AC-5206,Technology,Accessories,"Memorex Memory Card, USB",341.6,5,0,88.80000000000001
ES-2015-NS1850562-42094,2015-03-31 00:00:00,NS-1850562,Neola Schneider,Consumer,Ireland,Europe,Northern Europe,FUR-BO-3616,Furniture,Bookcases,"Bush 3-Shelf Cabinet, Mobile",291.78000000000003,4,0.5,-204.3
ES-2015-MH1802548-42077,2015-03-14 00:00:00,MH-1802548,Michelle Huthwaite,Consumer,Germany,Europe,Western Europe,FUR-FU-3066,Furniture,Furnishings,"Advantus Stacking Tray, Durable",210.96000000000004,8,0,56.88
US-2015-RR1952598-42069,2015-03-06 00:00:00,RR-1952598,Rick Reed,Corporate,Panama,LATAM,Central America,OFF-AP-4498,Office Supplies,Appliances,"Hamilton Beach Microwave, Red",339.012,3,0.4,-62.20800000000004
US-2015-JD1601536-42071,2015-03-08 00:00:00,JD-1601536,Joy Daniels,Consumer,Dominican Republic,LATAM,Caribbean,FUR-BO-5955,Furniture,Bookcases,"Sauder Corner Shelving, Traditional",117.83999999999999,2,0.4,-29.480000000000008
MX-2015-BE1133582-42082,2015-03-19 00:00:00,BE-1133582,Bill Eplett,Home Office,Mexico,LATAM,Central America,OFF-AP-4970,Office Supplies,Appliances,"KitchenAid Toaster, Silver",114.75999999999999,2,0,35.56000000000001
ZA-2015-AA375146-42070,2015-03-07 00:00:00,AA-375146,Allen Armold,Consumer,Zambia,Africa,Eastern Africa,OFF-FA-3068,Office Supplies,Fasteners,"Advantus Staples, 12 Pack",82.32,8,0,5.76
ES-2015-BK1126045-42082,2015-03-19 00:00:00,BK-1126045,Berenike Kampe,Consumer,France,Europe,Western Europe,FUR-CH-4682,Furniture,Chairs,"Hon Rocking Chair, Black",461.484,4,0.1,143.48399999999998
CA-2015-CB12535140-42069,2015-03-06 00:00:00,CB-125351408,Claudia Bergmann,Corporate,United States,USCA,Southern US,OFF-AP-4932,Office Supplies,Appliances,Kensington 7 Outlet MasterPiece HOMEOFFICE Power Control Center,262.24,2,0,78.672
ES-2015-PC19000139-42075,2015-03-12 00:00:00,PC-19000139,Pauline Chand,Home Office,United Kingdom,Europe,Northern Europe,FUR-BO-3887,Furniture,Bookcases,"Dania 3-Shelf Cabinet, Pine",428.40000000000003,3,0,38.519999999999996
CA-2015-CB12535140-42069,2015-03-06 00:00:00,CB-125351408,Claudia Bergmann,Corporate,United States,USCA,Southern US,OFF-BI-4836,Office Supplies,Binders,Ibico Recycled Linen-Style Covers,234.36,6,0,112.49279999999999
CA-2015-CB12535140-42069,2015-03-06 00:00:00,CB-125351408,Claudia Bergmann,Corporate,United States,USCA,Southern US,TEC-AC-5111,Technology,Accessories,Logitech G700s Rechargeable Gaming Mouse,299.96999999999997,3,0,125.98740000000001
CA-2015-CB12535140-42069,2015-03-06 00:00:00,CB-125351408,Claudia Bergmann,Corporate,United States,USCA,Southern US,OFF-EN-5047,Office Supplies,Envelopes,Laser & Ink Jet Business Envelopes,42.68,4,0,19.6328
MX-2015-SJ2012582-42076,2015-03-13 00:00:00,SJ-2012582,Sanjit Jacobs,Home Office,Mexico,LATAM,Central America,FUR-CH-5407,Furniture,Chairs,"Novimex Steel Folding Chair, Black",127.67999999999998,3,0.2,39.90000000000001
ES-2015-JL15850139-42086,2015-03-23 00:00:00,JL-15850139,John Lucas,Consumer,United Kingdom,Europe,Northern Europe,OFF-SU-6177,Office Supplies,Supplies,"Stiletto Shears, High Speed",240.45000000000002,5,0,21.6
CA-2015-CL12565140-42085,2015-03-22 00:00:00,CL-125651402,Clay Ludtke,Consumer,United States,USCA,Central US,FUR-CH-4415,Furniture,Chairs,"Global Leather and Oak Executive Chair, Black",1805.88,6,0,523.7051999999999
IN-2015-GW1460527-42089,2015-03-26 00:00:00,GW-1460527,Giulietta Weimer,Consumer,China,Asia Pacific,Eastern Asia,OFF-SU-2995,Office Supplies,Supplies,"Acme Shears, Serrated",372.96000000000004,8,0,40.8
MX-2015-HD1478536-42075,2015-03-12 00:00:00,HD-1478536,Harold Dahlen,Home Office,Dominican Republic,LATAM,Caribbean,TEC-PH-5273,Technology,Phones,"Motorola Speaker Phone, with Caller ID",346.08000000000004,5,0.2,108.08000000000001
IN-2015-MR175457-42074,2015-03-11 00:00:00,MR-175457,Mathew Reese,Home Office,Australia,Asia Pacific,Oceania,TEC-CO-6004,Technology,Copiers,"Sharp Ink, Laser",497.64,4,0,9.84
CA-2015-CL12565140-42081,2015-03-18 00:00:00,CL-125651404,Clay Ludtke,Consumer,United States,USCA,Western US,OFF-BI-4567,Office Supplies,Binders,Heavy-Duty E-Z-D Binders,17.456,2,0.2,5.8914
IN-2015-CS1246011-42074,2015-03-11 00:00:00,CS-1246011,Chuck Sachs,Consumer,Bangladesh,Asia Pacific,Southern Asia,OFF-EN-3661,Office Supplies,Envelopes,"Cameo Interoffice Envelope, Recycled",231.15000000000003,5,0,85.5
ES-2015-SC20050139-42091,2015-03-28 00:00:00,SC-20050139,Sample Company A,Home Office,United Kingdom,Europe,Northern Europe,TEC-PH-5248,Technology,Phones,"Motorola Audio Dock, VoIP",520.38,3,0,150.84
IN-2015-FO1430527-42076,2015-03-13 00:00:00,FO-1430527,Frank Olsen,Consumer,China,Asia Pacific,Eastern Asia,FUR-FU-4035,Furniture,Furnishings,"Eldon Clock, Duo Pack",113.16,2,0,53.16
US-2015-JD1601536-42071,2015-03-08 00:00:00,JD-1601536,Joy Daniels,Consumer,Dominican Republic,LATAM,Caribbean,FUR-BO-3894,Furniture,Bookcases,"Dania Corner Shelving, Mobile",149.50799999999998,3,0.4,-32.41200000000001
MX-2015-LE1681082-42075,2015-03-12 00:00:00,LE-1681082,Laurel Elliston,Consumer,Mexico,LATAM,Central America,TEC-MA-4194,Technology,Machines,"Epson Card Printer, Red",111.4,1,0,51.239999999999995
ID-2015-NR18550102-42078,2015-03-15 00:00:00,NR-18550102,Nick Radford,Consumer,Philippines,Asia Pacific,Southeastern Asia,FUR-CH-4629,Furniture,Chairs,"Hon Bag Chairs, Set of Two",426.59999999999997,12,0.25,-5.759999999999991
ES-2015-JB16000139-42088,2015-03-25 00:00:00,JB-16000139,Joy Bell-,Consumer,United Kingdom,Europe,Northern Europe,FUR-CH-5808,Furniture,Chairs,"SAFCO Swivel Stool, Set of Two",510.57,3,0,193.95000000000002
ID-2015-MG17680144-42078,2015-03-15 00:00:00,MG-17680144,Maureen Gastineau,Home Office,Vietnam,Asia Pacific,Southeastern Asia,FUR-CH-5451,Furniture,Chairs,"Office Star Steel Folding Chair, Black",260.6976,4,0.27,-75.06240000000001
US-2015-MS17770143-42090,2015-03-27 00:00:00,MS-17770143,Maxwell Schwartz,Consumer,Venezuela,LATAM,South America,FUR-BO-4864,Furniture,Bookcases,"Ikea Stackable Bookrack, Metal",292.896,6,0.4,-170.90400000000005
IT-2015-RP1927045-42081,2015-03-18 00:00:00,RP-1927045,Rachel Payne,Corporate,France,Europe,Western Europe,OFF-EN-4905,Office Supplies,Envelopes,"Jiffy Business Envelopes, Set of 50",117,6,0,17.46
ID-2015-NR18550102-42078,2015-03-15 00:00:00,NR-18550102,Nick Radford,Consumer,Philippines,Asia Pacific,Southeastern Asia,FUR-BO-3629,Furniture,Bookcases,"Bush Corner Shelving, Mobile",246.69450000000003,3,0.35,-125.2755
ES-2015-LA167808-42067,2015-03-04 00:00:00,LA-167808,Laura Armstrong,Corporate,Austria,Europe,Western Europe,TEC-PH-5270,Technology,Phones,"Motorola Speaker Phone, Cordless",265.26,2,0,13.26
MX-2015-TS2137039-42091,2015-03-28 00:00:00,TS-2137039,Todd Sumrall,Corporate,El Salvador,LATAM,Central America,TEC-AC-4166,Technology,Accessories,"Enermax Memory Card, USB",229.19999999999996,3,0,68.75999999999999
MX-2015-LC1714036-42080,2015-03-17 00:00:00,LC-1714036,Logan Currie,Consumer,Dominican Republic,LATAM,Caribbean,TEC-CO-4589,Technology,Copiers,"Hewlett Personal Copier, Laser",460.5098399999999,6,0.202,119.94984000000004
NI-2015-BS175595-42074,2015-03-11 00:00:00,BS-175595,Bruce Stewart,Consumer,Nigeria,Africa,Western Africa,FUR-TA-3336,Furniture,Tables,"Barricks Coffee Table, Adjustable Height",364.428,4,0.7,-546.7319999999997
AG-2015-JO55503-42070,2015-03-07 00:00:00,JO-55503,Jesus Ocampo,Home Office,Algeria,Africa,North Africa,OFF-ST-4260,Office Supplies,Storage,"Fellowes File Cart, Wire Frame",818.2800000000002,6,0,171.71999999999997
ES-2015-MC1813048-42094,2015-03-31 00:00:00,MC-1813048,Mike Caudle,Corporate,Germany,Europe,Western Europe,OFF-EN-4445,Office Supplies,Envelopes,"GlobeWeis Mailers, Set of 50",154.2,4,0,1.44
US-2015-CK12760140-42092,2015-03-29 00:00:00,CK-127601408,Cyma Kinney,Corporate,United States,USCA,Southern US,OFF-BI-3711,Office Supplies,Binders,Canvas Sectional Post Binders,68.74200000000002,9,0.7,-48.119399999999985
ES-2015-MH1744048-42069,2015-03-06 00:00:00,MH-1744048,Mark Haberlin,Corporate,Germany,Europe,Western Europe,TEC-MA-5020,Technology,Machines,"Konica Receipt Printer, White",241.32000000000005,4,0.5,-77.28000000000006
MX-2015-RP1927093-42069,2015-03-06 00:00:00,RP-1927093,Rachel Payne,Corporate,Nicaragua,LATAM,Central America,FUR-BO-3906,Furniture,Bookcases,"Dania Stackable Bookrack, Pine",245.87999999999997,3,0,44.220000000000006
IN-2015-BE114557-42080,2015-03-17 00:00:00,BE-114557,Brad Eason,Home Office,Australia,Asia Pacific,Oceania,OFF-AP-3878,Office Supplies,Appliances,"Cuisinart Toaster, Silver",195.15600000000003,4,0.1,64.95599999999999
IN-2015-GW1460527-42089,2015-03-26 00:00:00,GW-1460527,Giulietta Weimer,Consumer,China,Asia Pacific,Eastern Asia,FUR-FU-5719,Furniture,Furnishings,"Rubbermaid Clock, Duo Pack",150.66000000000003,3,0,9
RS-2015-RP9270108-42083,2015-03-20 00:00:00,RP-9270108,Rachel Payne,Corporate,Russia,Europe,Eastern Europe,OFF-SU-4979,Office Supplies,Supplies,"Kleencut Letter Opener, High Speed",158.76,6,0,55.44
ES-2015-RO1978048-42069,2015-03-06 00:00:00,RO-1978048,Rose O'Brian,Consumer,Germany,Europe,Western Europe,TEC-PH-5246,Technology,Phones,"Motorola Audio Dock, Cordless",528.66,3,0,137.43
US-2015-SV2081536-42075,2015-03-12 00:00:00,SV-2081536,Stuart Van,Corporate,Dominican Republic,LATAM,Caribbean,OFF-ST-6248,Office Supplies,Storage,"Tenex File Cart, Single Width",357.76,5,0.2,58.06
US-2015-PO1886582-42074,2015-03-11 00:00:00,PO-1886582,Patrick O'Donnell,Consumer,Mexico,LATAM,Central America,FUR-BO-3902,Furniture,Bookcases,"Dania Library with Doors, Mobile",583.8720000000001,3,0.2,-14.62800000000002
MX-2015-AJ1079582-42066,2015-03-03 00:00:00,AJ-1079582,Anthony Johnson,Corporate,Mexico,LATAM,Central America,FUR-BO-3642,Furniture,Bookcases,"Bush Library with Doors, Traditional",388.60800000000006,2,0.2,29.127999999999986
ES-2015-RO1978048-42069,2015-03-06 00:00:00,RO-1978048,Rose O'Brian,Consumer,Germany,Europe,Western Europe,OFF-AR-3534,Office Supplies,Art,"Boston Highlighters, Water Color",110.24999999999999,5,0,19.8
ID-2015-MG17680144-42078,2015-03-15 00:00:00,MG-17680144,Maureen Gastineau,Home Office,Vietnam,Asia Pacific,Southeastern Asia,TEC-PH-5357,Technology,Phones,"Nokia Speaker Phone, Cordless",209.16,2,0.17,10.079999999999998
SU-2015-SD10485122-42084,2015-03-21 00:00:00,SD-10485122,Shirley Daniels,Home Office,Sudan,Africa,North Africa,TEC-CO-4572,Technology,Copiers,"Hewlett Fax and Copier, Digital",385.02,2,0,127.02000000000001
MX-2015-SJ2012582-42076,2015-03-13 00:00:00,SJ-2012582,Sanjit Jacobs,Home Office,Mexico,LATAM,Central America,TEC-AC-5866,Technology,Accessories,"SanDisk Keyboard, Programmable",110.64000000000001,2,0,37.6
RS-2015-RP9270108-42083,2015-03-20 00:00:00,RP-9270108,Rachel Payne,Corporate,Russia,Europe,Eastern Europe,FUR-BO-3893,Furniture,Bookcases,"Dania Corner Shelving, Metal",121.53,1,0,57.09
US-2015-DH1307582-42068,2015-03-05 00:00:00,DH-1307582,Dave Hallsten,Corporate,Mexico,LATAM,Central America,FUR-BO-4864,Furniture,Bookcases,"Ikea Stackable Bookrack, Metal",260.35200000000003,4,0.2,-48.84800000000001
MX-2015-MG1765039-42081,2015-03-18 00:00:00,MG-1765039,Matthew Grinstein,Home Office,El Salvador,LATAM,Central America,TEC-CO-4767,Technology,Copiers,"HP Copy Machine, Laser",485.68667999999997,3,0.002,8.74668
ES-2015-AW1093064-42078,2015-03-15 00:00:00,AW-1093064,Arthur Wiediger,Home Office,Italy,Europe,Southern Europe,TEC-MA-5011,Technology,Machines,"Konica Phone, Red",200.016,4,0.4,6.575999999999993
RO-2015-CA1965107-42090,2015-03-27 00:00:00,CA-1965107,Carol Adams,Corporate,Romania,Europe,Eastern Europe,TEC-MA-5513,Technology,Machines,"Okidata Printer, Wireless",268.50000000000006,1,0,72.48
MX-2015-RF1934555-42068,2015-03-05 00:00:00,RF-1934555,Randy Ferguson,Corporate,Honduras,LATAM,Central America,FUR-CH-5412,Furniture,Chairs,"Novimex Swivel Stool, Black",259.248,4,0.4,-129.632
MX-2015-AT1043582-42067,2015-03-04 00:00:00,AT-1043582,Alyssa Tate,Home Office,Mexico,LATAM,Central America,OFF-ST-4285,Office Supplies,Storage,"Fellowes Shelving, Wire Frame",113.81999999999998,3,0,56.88000000000001
ES-2015-ST20530120-42081,2015-03-18 00:00:00,ST-20530120,Shui Tom,Consumer,Spain,Europe,Southern Europe,OFF-EN-3656,Office Supplies,Envelopes,"Cameo Business Envelopes, Set of 50",81.96000000000001,4,0,32.76
BU-2015-MH802519-42064,2015-03-01 00:00:00,MH-802519,Michelle Huthwaite,Consumer,Bulgaria,Europe,Eastern Europe,FUR-CH-4563,Furniture,Chairs,"Harbour Creations Swivel Stool, Red",360.24,2,0,126.06
ES-2015-MP1796562-42081,2015-03-18 00:00:00,MP-1796562,Michael Paige,Corporate,Ireland,Europe,Northern Europe,OFF-AR-6115,Office Supplies,Art,"Stanley Markers, Easy-Erase",67.41,6,0.5,-67.41
ES-2015-JM156558-42082,2015-03-19 00:00:00,JM-156558,Jim Mitchum,Corporate,Austria,Europe,Western Europe,FUR-FU-3025,Furniture,Furnishings,"Advantus Clock, Durable",242.10000000000002,5,0,14.399999999999999
TU-2015-QJ9255134-42076,2015-03-13 00:00:00,QJ-9255134,Quincy Jones,Corporate,Turkey,Asia Pacific,Western Asia,OFF-ST-4268,Office Supplies,Storage,"Fellowes Lockers, Single Width",165.88799999999998,2,0.6,-178.33199999999994
US-2015-CH1207036-42084,2015-03-21 00:00:00,CH-1207036,Cathy Hwang,Home Office,Dominican Republic,LATAM,Caribbean,OFF-AP-3563,Office Supplies,Appliances,"Breville Blender, Black",143.472,3,0.2,25.09199999999999
IN-2015-RB1943558-42090,2015-03-27 00:00:00,RB-1943558,Richard Bierner,Consumer,India,Asia Pacific,Southern Asia,FUR-BO-4860,Furniture,Bookcases,"Ikea Library with Doors, Metal",362.85,1,0,32.64
IN-2015-RP193907-42091,2015-03-28 00:00:00,RP-193907,Resi Pölking,Consumer,Australia,Asia Pacific,Oceania,FUR-BO-5953,Furniture,Bookcases,"Sauder Corner Shelving, Mobile",599.2800000000001,4,0,17.88
US-2015-RR1952598-42069,2015-03-06 00:00:00,RR-1952598,Rick Reed,Corporate,Panama,LATAM,Central America,FUR-FU-3030,Furniture,Furnishings,"Advantus Door Stop, Erganomic",122.22,7,0.4,-50.96000000000001
IN-2015-PO191957-42070,2015-03-07 00:00:00,PO-191957,Phillina Ober,Home Office,Australia,Asia Pacific,Oceania,FUR-CH-5373,Furniture,Chairs,"Novimex Chairmat, Set of Two",263.65500000000003,5,0.1,79.005
ES-2015-TG2131048-42085,2015-03-22 00:00:00,TG-2131048,Toby Gnade,Consumer,Germany,Europe,Western Europe,OFF-EN-3109,Office Supplies,Envelopes,"Ames Peel and Seal, Security-Tint",105.45,5,0,32.55
IT-2015-DN1369062-42075,2015-03-12 00:00:00,DN-1369062,Duane Noonan,Consumer,Ireland,Europe,Northern Europe,TEC-CO-4776,Technology,Copiers,"HP Fax Machine, Laser",449.90999999999997,3,0.5,-90
IZ-2015-PA906061-42080,2015-03-17 00:00:00,PA-906061,Pete Armstrong,Home Office,Iraq,Asia Pacific,Western Asia,FUR-BO-3616,Furniture,Bookcases,"Bush 3-Shelf Cabinet, Mobile",145.89000000000001,1,0,21.87
ES-2015-MJ17740139-42073,2015-03-10 00:00:00,MJ-17740139,Max Jones,Consumer,United Kingdom,Europe,Northern Europe,TEC-CO-4790,Technology,Copiers,"HP Wireless Fax, Digital",359.85,1,0,147.51
SF-2015-MR7545117-42077,2015-03-14 00:00:00,MR-7545117,Mathew Reese,Home Office,South Africa,Africa,Southern Africa,TEC-AC-5193,Technology,Accessories,"Memorex Flash Drive, Bluetooth",58.800000000000004,2,0,12.299999999999999
IN-2015-CS1246011-42074,2015-03-11 00:00:00,CS-1246011,Chuck Sachs,Consumer,Bangladesh,Asia Pacific,Southern Asia,FUR-BO-5943,Furniture,Bookcases,"Sauder 3-Shelf Cabinet, Traditional",166.68,1,0,18.330000000000002
CA-2015-DP13000140-42068,2015-03-05 00:00:00,DP-130001402,Darren Powers,Consumer,United States,USCA,Central US,OFF-PA-6488,Office Supplies,Paper,Xerox 1934,89.568,2,0.2,32.4684
MX-2015-BT1139531-42075,2015-03-12 00:00:00,BT-1139531,Bill Tyler,Corporate,Cuba,LATAM,Caribbean,OFF-BI-4817,Office Supplies,Binders,"Ibico Binding Machine, Economy",239.95999999999998,7,0,91.13999999999999
PL-2015-DR2940103-42065,2015-03-02 00:00:00,DR-2940103,Daniel Raglin,Home Office,Poland,Europe,Eastern Europe,TEC-AC-3388,Technology,Accessories,"Belkin Memory Card, Bluetooth",114.80999999999999,1,0,25.23
ES-2015-GK14620139-42071,2015-03-08 00:00:00,GK-14620139,Grace Kelly,Corporate,United Kingdom,Europe,Northern Europe,OFF-AR-3502,Office Supplies,Art,"Binney & Smith Sketch Pad, Water Color",99,2,0,32.64
US-2015-NP183255-42087,2015-03-24 00:00:00,NP-183255,Naresj Patel,Consumer,Argentina,LATAM,South America,FUR-BO-3639,Furniture,Bookcases,"Bush Library with Doors, Metal",291.024,2,0.4,-116.41599999999998
AG-2015-AR5703-42075,2015-03-12 00:00:00,AR-5703,Anemone Ratner,Consumer,Algeria,Africa,North Africa,OFF-ST-5711,Office Supplies,Storage,"Rogers Trays, Single Width",123.42,2,0,8.58
SA-2015-TT11220110-42078,2015-03-15 00:00:00,TT-11220110,Thomas Thornton,Consumer,Saudi Arabia,Asia Pacific,Western Asia,TEC-CO-3587,Technology,Copiers,"Brother Copy Machine, Color",263.73,1,0,113.39999999999999
US-2015-EH1394582-42085,2015-03-22 00:00:00,EH-1394582,Eric Hoffmann,Consumer,Mexico,LATAM,Central America,FUR-BO-4856,Furniture,Bookcases,"Ikea Floating Shelf Set, Metal",181.12,2,0.2,-11.319999999999999
IN-2015-AW1084058-42083,2015-03-20 00:00:00,AW-1084058,Anthony Witt,Consumer,India,Asia Pacific,Southern Asia,TEC-AC-5135,Technology,Accessories,"Logitech Router, Erganomic",245.13000000000002,1,0,85.77
ID-2015-JE156107-42087,2015-03-24 00:00:00,JE-156107,Jim Epp,Corporate,Australia,Asia Pacific,Oceania,OFF-AR-3447,Office Supplies,Art,"BIC Canvas, Blue",386.64,12,0.4,-245.16
ID-2015-JB160007-42069,2015-03-06 00:00:00,JB-160007,Joy Bell-,Consumer,Australia,Asia Pacific,Oceania,FUR-FU-3950,Furniture,Furnishings,"Deflect-O Photo Frame, Black",373.68000000000006,8,0.1,-4.320000000000007
AG-2015-BD16053-42094,2015-03-31 00:00:00,BD-16053,Brian Dahlen,Consumer,Algeria,Africa,North Africa,OFF-ST-5696,Office Supplies,Storage,"Rogers Folders, Single Width",122.87999999999998,4,0,9.72
US-2015-DH13075140-42092,2015-03-29 00:00:00,DH-130751404,Dave Hallsten,Corporate,United States,USCA,Western US,OFF-ST-5754,Office Supplies,Storage,SAFCO Boltless Steel Shelving,795.48,7,0,7.954799999999963
US-2015-DH13075140-42092,2015-03-29 00:00:00,DH-130751404,Dave Hallsten,Corporate,United States,USCA,Western US,TEC-MA-6155,Technology,Machines,StarTech.com 10/100 VDSL2 Ethernet Extender Kit,532.72,2,0.2,53.27199999999999
IN-2015-AP1091559-42089,2015-03-26 00:00:00,AP-1091559,Arthur Prichep,Consumer,Indonesia,Asia Pacific,Southeastern Asia,OFF-AR-6127,Office Supplies,Art,"Stanley Sketch Pad, Fluorescent",100.06109999999998,3,0.27,19.1511
SF-2015-EH3945117-42075,2015-03-12 00:00:00,EH-3945117,Eric Hoffmann,Consumer,South Africa,Africa,Southern Africa,OFF-ST-5708,Office Supplies,Storage,"Rogers Shelving, Wire Frame",61.199999999999996,1,0,18.96
US-2015-DH13075140-42092,2015-03-29 00:00:00,DH-130751404,Dave Hallsten,Corporate,United States,USCA,Western US,FUR-FU-6099,Furniture,Furnishings,Stackable Trays,21.560000000000002,7,0,6.899199999999999
US-2015-DH13075140-42092,2015-03-29 00:00:00,DH-130751404,Dave Hallsten,Corporate,United States,USCA,Western US,OFF-PA-6534,Office Supplies,Paper,Xerox 1977,20.04,3,0,9.6192
US-2015-DH13075140-42092,2015-03-29 00:00:00,DH-130751404,Dave Hallsten,Corporate,United States,USCA,Western US,FUR-FU-3909,Furniture,Furnishings,DAX Black Cherry Wood-Tone Poster Frame,26.48,1,0,10.0624
US-2015-DH13075140-42092,2015-03-29 00:00:00,DH-130751404,Dave Hallsten,Corporate,United States,USCA,Western US,OFF-PA-6532,Office Supplies,Paper,Xerox 1975,12.96,2,0,6.3504000000000005
US-2015-DH13075140-42092,2015-03-29 00:00:00,DH-130751404,Dave Hallsten,Corporate,United States,USCA,Western US,OFF-PA-6524,Office Supplies,Paper,Xerox 1968,26.72,4,0,12.8256
MX-2015-RB1957082-42066,2015-03-03 00:00:00,RB-1957082,Rob Beeghly,Consumer,Mexico,LATAM,Central America,OFF-AP-4494,Office Supplies,Appliances,"Hamilton Beach Coffee Grinder, Red",199.07999999999998,7,0,81.61999999999999
IN-2015-AS1004559-42067,2015-03-04 00:00:00,AS-1004559,Aaron Smayling,Corporate,Indonesia,Asia Pacific,Southeastern Asia,FUR-BO-4852,Furniture,Bookcases,"Ikea Corner Shelving, Metal",227.8872,2,0.07,4.867199999999997
IS-2015-DD357063-42069,2015-03-06 00:00:00,DD-357063,Dorothy Dickinson,Consumer,Israel,Asia Pacific,Western Asia,TEC-PH-5812,Technology,Phones,"Samsung Audio Dock, Cordless",339.36,2,0,61.08
IT-2015-DS1303091-42092,2015-03-29 00:00:00,DS-1303091,Darrin Sayre,Home Office,Netherlands,Europe,Western Europe,OFF-ST-6033,Office Supplies,Storage,"Smead File Cart, Single Width",193.32,3,0.5,-166.32
MX-2015-FH1436539-42081,2015-03-18 00:00:00,FH-1436539,Fred Hopkins,Corporate,El Salvador,LATAM,Central America,OFF-ST-4260,Office Supplies,Storage,"Fellowes File Cart, Wire Frame",363.68000000000006,4,0,18.16
MX-2015-EM1420018-42073,2015-03-10 00:00:00,EM-1420018,Evan Minnotte,Home Office,Brazil,LATAM,South America,OFF-LA-5382,Office Supplies,Labels,"Novimex File Folder Labels, 5000 Label Set",46.08,8,0,16
UP-2015-KH6330137-42094,2015-03-31 00:00:00,KH-6330137,Katharine Harms,Corporate,Ukraine,Europe,Eastern Europe,TEC-MA-4199,Technology,Machines,"Epson Inkjet, Wireless",308.34000000000003,1,0,33.900000000000006
ES-2015-AG1076545-42068,2015-03-05 00:00:00,AG-1076545,Anthony Garverick,Home Office,France,Europe,Western Europe,OFF-PA-5890,Office Supplies,Paper,"SanDisk Parchment Paper, 8.5 x 11",145.95,7,0,21.84
ES-2015-DK1309064-42067,2015-03-04 00:00:00,DK-1309064,Dave Kipp,Consumer,Italy,Europe,Southern Europe,OFF-AR-3555,Office Supplies,Art,"Boston Sketch Pad, Water Color",155.34,3,0,4.59
RS-2015-RP9270108-42083,2015-03-20 00:00:00,RP-9270108,Rachel Payne,Corporate,Russia,Europe,Eastern Europe,OFF-ST-4251,Office Supplies,Storage,"Fellowes Box, Industrial",80.64000000000001,4,0,3.96
ID-2015-AS102407-42070,2015-03-07 00:00:00,AS-102407,Alan Shonely,Consumer,Australia,Asia Pacific,Oceania,OFF-PA-4170,Office Supplies,Paper,"Enermax Message Books, Recycled",161.352,8,0.1,-7.368
SF-2015-EH3945117-42075,2015-03-12 00:00:00,EH-3945117,Eric Hoffmann,Consumer,South Africa,Africa,Southern Africa,OFF-EN-4439,Office Supplies,Envelopes,"GlobeWeis Interoffice Envelope, Recycled",279.71999999999997,6,0,81
MX-2015-LC1705018-42070,2015-03-07 00:00:00,LC-1705018,Liz Carlisle,Consumer,Brazil,LATAM,South America,OFF-SU-4994,Office Supplies,Supplies,"Kleencut Trimmer, High Speed",110.47999999999999,4,0,22.080000000000002
ID-2015-DH1307559-42080,2015-03-17 00:00:00,DH-1307559,Dave Hallsten,Corporate,Indonesia,Asia Pacific,Southeastern Asia,OFF-ST-6261,Office Supplies,Storage,"Tenex Lockers, Blue",169.44449999999998,1,0.17,18.364500000000007
MX-2015-FH1436539-42081,2015-03-18 00:00:00,FH-1436539,Fred Hopkins,Corporate,El Salvador,LATAM,Central America,OFF-ST-5693,Office Supplies,Storage,"Rogers File Cart, Single Width",189.44000000000003,2,0,75.76
IN-2015-ND183707-42073,2015-03-10 00:00:00,ND-183707,Natalie DeCherney,Consumer,Australia,Asia Pacific,Oceania,OFF-PA-4474,Office Supplies,Paper,"Green Bar Message Books, 8.5 x 11",125.685,5,0.1,1.3350000000000009
ID-2015-JF15415102-42067,2015-03-04 00:00:00,JF-15415102,Jennifer Ferguson,Consumer,Philippines,Asia Pacific,Southeastern Asia,OFF-ST-6273,Office Supplies,Storage,"Tenex Shelving, Industrial",90.98100000000001,3,0.45,-23.229000000000006
IN-2015-PF1916558-42093,2015-03-30 00:00:00,PF-1916558,Philip Fox,Consumer,India,Asia Pacific,Southern Asia,TEC-PH-3142,Technology,Phones,"Apple Office Telephone, with Caller ID",130.56,2,0,50.88
RS-2015-RP9270108-42083,2015-03-20 00:00:00,RP-9270108,Rachel Payne,Corporate,Russia,Europe,Eastern Europe,OFF-FA-3060,Office Supplies,Fasteners,"Advantus Rubber Bands, 12 Pack",64.08,4,0,17.28
ES-2015-JO1514545-42094,2015-03-31 00:00:00,JO-1514545,Jack O'Briant,Corporate,France,Europe,Western Europe,OFF-AR-3528,Office Supplies,Art,"Boston Canvas, Water Color",227.28000000000003,4,0,34.08
ID-2015-AB102557-42088,2015-03-25 00:00:00,AB-102557,Alejandro Ballentine,Home Office,Australia,Asia Pacific,Oceania,OFF-EN-4441,Office Supplies,Envelopes,"GlobeWeis Interoffice Envelope, Set of 50",172.152,6,0.4,-71.748
ES-2015-BK1126045-42082,2015-03-19 00:00:00,BK-1126045,Berenike Kampe,Consumer,France,Europe,Western Europe,OFF-ST-4282,Office Supplies,Storage,"Fellowes Shelving, Blue",260.28,5,0.1,78.03
US-2015-MN179355-42067,2015-03-04 00:00:00,MN-179355,Michael Nguyen,Consumer,Argentina,LATAM,South America,FUR-CH-4703,Furniture,Chairs,"Hon Swivel Stool, Red",261.84000000000003,4,0.4,-117.84000000000003
ES-2015-PC19000139-42075,2015-03-12 00:00:00,PC-19000139,Pauline Chand,Home Office,United Kingdom,Europe,Northern Europe,OFF-ST-4081,Office Supplies,Storage,"Eldon Lockers, Wire Frame",393.96,2,0,78.78
MX-2015-VF2171582-42074,2015-03-11 00:00:00,VF-2171582,Vicky Freymann,Home Office,Mexico,LATAM,Central America,FUR-CH-5407,Furniture,Chairs,"Novimex Steel Folding Chair, Black",383.0399999999999,9,0.2,119.7
MX-2015-Dp1324031-42080,2015-03-17 00:00:00,Dp-1324031,Dean percer,Home Office,Cuba,LATAM,Caribbean,OFF-SU-3002,Office Supplies,Supplies,"Acme Trimmer, High Speed",118.88,4,0,13.040000000000001
ES-2015-LC1688545-42080,2015-03-17 00:00:00,LC-1688545,Lena Creighton,Consumer,France,Europe,Western Europe,TEC-AC-5866,Technology,Accessories,"SanDisk Keyboard, Programmable",165.96000000000004,2,0,26.52
ES-2015-NS1850562-42094,2015-03-31 00:00:00,NS-1850562,Neola Schneider,Consumer,Ireland,Europe,Northern Europe,OFF-SU-4974,Office Supplies,Supplies,"Kleencut Box Cutter, High Speed",155.92499999999998,9,0.5,-155.92499999999998
MX-2015-GP1474093-42075,2015-03-12 00:00:00,GP-1474093,Guy Phonely,Corporate,Nicaragua,LATAM,Central America,FUR-CH-5369,Furniture,Chairs,"Novimex Bag Chairs, Set of Two",96.41999999999999,3,0,12.48
ES-2015-TZ2158048-42082,2015-03-19 00:00:00,TZ-2158048,Tracy Zic,Consumer,Germany,Europe,Western Europe,OFF-SU-4996,Office Supplies,Supplies,"Kleencut Trimmer, Steel",163.32,4,0,26.04
AL-2015-JB59252-42073,2015-03-10 00:00:00,JB-59252,Joni Blumstein,Consumer,Albania,Europe,Southern Europe,OFF-ST-6274,Office Supplies,Storage,"Tenex Shelving, Single Width",218.76,4,0,54.599999999999994
ES-2015-HG14965120-42080,2015-03-17 00:00:00,HG-14965120,Henry Goldwyn,Corporate,Spain,Europe,Southern Europe,OFF-SU-2977,Office Supplies,Supplies,"Acme Letter Opener, Easy Grip",190.98,6,0,53.46
ZA-2015-AA375146-42070,2015-03-07 00:00:00,AA-375146,Allen Armold,Consumer,Zambia,Africa,Eastern Africa,OFF-ST-4293,Office Supplies,Storage,"Fellowes Trays, Blue",57.39,1,0,3.99
IN-2015-FO1430527-42076,2015-03-13 00:00:00,FO-1430527,Frank Olsen,Consumer,China,Asia Pacific,Eastern Asia,OFF-PA-5852,Office Supplies,Paper,"SanDisk Computer Printout Paper, Multicolor",62.400000000000006,2,0,25.56
ES-2015-GG1465048-42094,2015-03-31 00:00:00,GG-1465048,Greg Guthrie,Corporate,Germany,Europe,Western Europe,OFF-ST-5692,Office Supplies,Storage,"Rogers File Cart, Industrial",382.32000000000005,3,0.1,29.69999999999998
MX-2015-SL2015539-42082,2015-03-19 00:00:00,SL-2015539,Sara Luxemburg,Home Office,El Salvador,LATAM,Central America,OFF-SU-4117,Office Supplies,Supplies,"Elite Box Cutter, High Speed",116.3,5,0,18.6
IN-2015-AW1084058-42083,2015-03-20 00:00:00,AW-1084058,Anthony Witt,Consumer,India,Asia Pacific,Southern Asia,FUR-CH-4631,Furniture,Chairs,"Hon Chairmat, Black",159.29999999999998,3,0,27
UP-2015-GZ4470137-42091,2015-03-28 00:00:00,GZ-4470137,Gary Zandusky,Consumer,Ukraine,Europe,Eastern Europe,OFF-SU-4979,Office Supplies,Supplies,"Kleencut Letter Opener, High Speed",211.68,8,0,73.92
CA-2015-DB13405140-42081,2015-03-18 00:00:00,DB-134051406,Denny Blanton,Consumer,United States,USCA,Eastern US,OFF-ST-5277,Office Supplies,Storage,"Neat Ideas Personal Hanging Folder Files, Black",107.44,8,0,27.934399999999997
CA-2015-DB13405140-42081,2015-03-18 00:00:00,DB-134051406,Denny Blanton,Consumer,United States,USCA,Eastern US,TEC-AC-5856,Technology,Accessories,SanDisk Cruzer 32 GB USB Flash Drive,57.06,3,0,18.2592
CA-2015-DB13405140-42081,2015-03-18 00:00:00,DB-134051406,Denny Blanton,Consumer,United States,USCA,Eastern US,TEC-AC-4945,Technology,Accessories,Kingston Digital DataTraveler 16GB USB 2.0,71.6,8,0,13.603999999999992
CA-2015-DB13405140-42081,2015-03-18 00:00:00,DB-134051406,Denny Blanton,Consumer,United States,USCA,Eastern US,TEC-PH-3814,Technology,Phones,Cisco SPA525G2 IP Phone - Wireless,119.69999999999999,6,0,31.121999999999996
CA-2015-DB13405140-42081,2015-03-18 00:00:00,DB-134051406,Denny Blanton,Consumer,United States,USCA,Eastern US,OFF-AR-5156,Office Supplies,Art,Lumber Crayons,59.099999999999994,6,0,22.458000000000002
CA-2015-DB13405140-42081,2015-03-18 00:00:00,DB-134051406,Denny Blanton,Consumer,United States,USCA,Eastern US,OFF-ST-6245,Office Supplies,Storage,"Tenex File Box, Personal Filing Tote with Lid, Black",46.53,3,0,12.097800000000001
CA-2015-DB13405140-42081,2015-03-18 00:00:00,DB-134051406,Denny Blanton,Consumer,United States,USCA,Eastern US,OFF-LA-3216,Office Supplies,Labels,Avery 496,18.75,5,0,9
CA-2015-DB13405140-42081,2015-03-18 00:00:00,DB-134051406,Denny Blanton,Consumer,United States,USCA,Eastern US,OFF-LA-3205,Office Supplies,Labels,Avery 486,7.31,1,0,3.4356999999999998
CA-2015-DB13405140-42081,2015-03-18 00:00:00,DB-134051406,Denny Blanton,Consumer,United States,USCA,Eastern US,OFF-BI-2926,Office Supplies,Binders,"Acco Pressboard Covers with Storage Hooks, 9 1/2"" x 11"", Executive Red",9.144,3,0.2,3.0860999999999996
SF-2015-MR7545117-42077,2015-03-14 00:00:00,MR-7545117,Mathew Reese,Home Office,South Africa,Africa,Southern Africa,OFF-ST-5695,Office Supplies,Storage,"Rogers Folders, Industrial",62.33999999999999,2,0,8.7
ID-2015-BD11725102-42085,2015-03-22 00:00:00,BD-11725102,Bruce Degenhardt,Consumer,Philippines,Asia Pacific,Southeastern Asia,FUR-FU-3027,Furniture,Furnishings,"Advantus Door Stop, Black",168.8625,5,0.25,35.96250000000001
RS-2015-RB9465108-42082,2015-03-19 00:00:00,RB-9465108,Rick Bensley,Home Office,Russia,Europe,Eastern Europe,OFF-AR-3469,Office Supplies,Art,"BIC Sketch Pad, Easy-Erase",195.71999999999997,4,0,97.80000000000001
MX-2015-JM1526531-42074,2015-03-11 00:00:00,JM-1526531,Janet Molinari,Corporate,Cuba,LATAM,Caribbean,FUR-FU-3033,Furniture,Furnishings,"Advantus Frame, Duo Pack",222.36000000000004,3,0,60
US-2015-MN179355-42067,2015-03-04 00:00:00,MN-179355,Michael Nguyen,Consumer,Argentina,LATAM,South America,OFF-SU-4996,Office Supplies,Supplies,"Kleencut Trimmer, Steel",146.988,9,0.4,-7.451999999999998
IN-2015-CS1246011-42074,2015-03-11 00:00:00,CS-1246011,Chuck Sachs,Consumer,Bangladesh,Asia Pacific,Southern Asia,OFF-EN-5029,Office Supplies,Envelopes,"Kraft Interoffice Envelope, Recycled",137.16,3,0,26.009999999999998
MX-2015-IM1507039-42090,2015-03-27 00:00:00,IM-1507039,Irene Maddox,Consumer,El Salvador,LATAM,Central America,OFF-AR-6118,Office Supplies,Art,"Stanley Pencil Sharpener, Easy-Erase",173.6,10,0,62.4
IN-2015-SC204407-42068,2015-03-05 00:00:00,SC-204407,Shaun Chance,Corporate,Australia,Asia Pacific,Oceania,OFF-LA-5374,Office Supplies,Labels,"Novimex Color Coded Labels, 5000 Label Set",57.644999999999996,5,0.1,8.295
AG-2015-AC4203-42065,2015-03-02 00:00:00,AC-4203,Alyssa Crouse,Corporate,Algeria,Africa,North Africa,OFF-ST-4081,Office Supplies,Storage,"Eldon Lockers, Wire Frame",196.98,1,0,39.39
TU-2015-MO7500134-42088,2015-03-25 00:00:00,MO-7500134,Mary O'Rourke,Consumer,Turkey,Asia Pacific,Western Asia,TEC-PH-5349,Technology,Phones,"Nokia Office Telephone, with Caller ID",52.104,2,0.6,-72.996
TU-2015-DL3495134-42087,2015-03-24 00:00:00,DL-3495134,Dionis Lloyd,Corporate,Turkey,Asia Pacific,Western Asia,OFF-ST-6057,Office Supplies,Storage,"Smead Shelving, Blue",78.288,4,0.6,-58.75199999999998
MX-2015-RD1990082-42080,2015-03-17 00:00:00,RD-1990082,Ruben Dartt,Consumer,Mexico,LATAM,Central America,TEC-PH-5846,Technology,Phones,"Samsung Speaker Phone, with Caller ID",246.47999999999996,3,0,76.38000000000001
ES-2015-SH2039545-42068,2015-03-05 00:00:00,SH-2039545,Shahid Hopkins,Consumer,France,Europe,Western Europe,OFF-EN-5043,Office Supplies,Envelopes,"Kraft Peel and Seal, Set of 50",61.470000000000006,3,0,10.98
ES-2015-SC2030545-42073,2015-03-10 00:00:00,SC-2030545,Sean Christensen,Consumer,France,Europe,Western Europe,TEC-MA-4205,Technology,Machines,"Epson Printer, Durable",446.658,2,0.15,120.858
CA-2015-DW13540140-42070,2015-03-07 00:00:00,DW-135401402,Don Weiss,Consumer,United States,USCA,Central US,OFF-AR-5325,Office Supplies,Art,Newell 345,63.488,4,0.2,4.761600000000001
IN-2015-DB1340558-42094,2015-03-31 00:00:00,DB-1340558,Denny Blanton,Consumer,India,Asia Pacific,Southern Asia,OFF-PA-3998,Office Supplies,Paper,"Eaton Message Books, 8.5 x 11",98.88,4,0,37.56
CA-2015-DW13540140-42070,2015-03-07 00:00:00,DW-135401402,Don Weiss,Consumer,United States,USCA,Central US,OFF-LA-3233,Office Supplies,Labels,Avery 511,4.928000000000001,2,0.2,1.7247999999999997
CA-2015-DB13555140-42066,2015-03-03 00:00:00,DB-135551406,Dorothy Badders,Corporate,United States,USCA,Eastern US,FUR-BO-3632,Furniture,Bookcases,"Bush Cubix Collection Bookcases, Fully Assembled",441.96,2,0,101.6508
CA-2015-DB13555140-42066,2015-03-03 00:00:00,DB-135551406,Dorothy Badders,Corporate,United States,USCA,Eastern US,OFF-FA-6129,Office Supplies,Fasteners,Staples,57.959999999999994,7,0,27.241199999999996
CA-2015-DB13555140-42066,2015-03-03 00:00:00,DB-135551406,Dorothy Badders,Corporate,United States,USCA,Eastern US,OFF-AR-5319,Office Supplies,Art,Newell 34,59.519999999999996,3,0,15.475200000000001
CA-2015-DB13555140-42066,2015-03-03 00:00:00,DB-135551406,Dorothy Badders,Corporate,United States,USCA,Eastern US,OFF-FA-6129,Office Supplies,Fasteners,Staples,68.03999999999999,6,0,33.3396
US-2015-JD1601536-42071,2015-03-08 00:00:00,JD-1601536,Joy Daniels,Consumer,Dominican Republic,LATAM,Caribbean,TEC-AC-4166,Technology,Accessories,"Enermax Memory Card, USB",61.11999999999999,1,0.2,7.640000000000001
TU-2015-MO7500134-42088,2015-03-25 00:00:00,MO-7500134,Mary O'Rourke,Consumer,Turkey,Asia Pacific,Western Asia,OFF-BI-6375,Office Supplies,Binders,"Wilson Jones Binder Covers, Durable",40.608,8,0.6,-14.351999999999983
RS-2015-LH7155108-42083,2015-03-20 00:00:00,LH-7155108,Logan Haushalter,Consumer,Russia,Europe,Eastern Europe,FUR-BO-3904,Furniture,Bookcases,"Dania Library with Doors, Traditional",362.4,1,0,39.839999999999996
RW-2015-BF975109-42083,2015-03-20 00:00:00,BF-975109,Barbara Fisher,Corporate,Rwanda,Africa,Eastern Africa,OFF-FA-2941,Office Supplies,Fasteners,"Accos Clamps, Assorted Sizes",134.64000000000004,8,0,40.32
EG-2015-MG768038-42074,2015-03-11 00:00:00,MG-768038,Maureen Gastineau,Home Office,Egypt,Africa,North Africa,OFF-ST-4268,Office Supplies,Storage,"Fellowes Lockers, Single Width",207.35999999999996,1,0,35.25
US-2015-PH1879036-42068,2015-03-05 00:00:00,PH-1879036,Patricia Hirasaki,Home Office,Dominican Republic,LATAM,Caribbean,FUR-BO-5768,Furniture,Bookcases,"Safco Corner Shelving, Metal",238.272,4,0.4,-7.968000000000006
US-2015-VP2176082-42082,2015-03-19 00:00:00,VP-2176082,Victoria Pisteka,Corporate,Mexico,LATAM,Central America,OFF-SU-3002,Office Supplies,Supplies,"Acme Trimmer, High Speed",178.32,6,0,19.560000000000002
CA-2015-DB13660140-42089,2015-03-26 00:00:00,DB-136601402,Duane Benoit,Consumer,United States,USCA,Central US,OFF-PA-6509,Office Supplies,Paper,Xerox 1953,6.848000000000001,2,0.2,2.1399999999999992
CA-2015-DB13660140-42064,2015-03-01 00:00:00,DB-136601406,Duane Benoit,Consumer,United States,USCA,Eastern US,OFF-PA-6081,Office Supplies,Paper,"Southworth 100% Résumé Paper, 24lb.",7.78,1,0,3.5009999999999994
CA-2015-DB13660140-42064,2015-03-01 00:00:00,DB-136601406,Duane Benoit,Consumer,United States,USCA,Eastern US,OFF-BI-5643,Office Supplies,Binders,Pressboard Hanging Data Binders for Unburst Sheets,9.84,2,0,4.723199999999999
ID-2015-SC202307-42082,2015-03-19 00:00:00,SC-202307,Scot Coram,Corporate,Australia,Asia Pacific,Oceania,TEC-PH-3791,Technology,Phones,"Cisco Headset, Full Size",403.78499999999997,5,0.1,62.68499999999999
MX-2015-JM1526531-42074,2015-03-11 00:00:00,JM-1526531,Janet Molinari,Corporate,Cuba,LATAM,Caribbean,TEC-PH-5824,Technology,Phones,"Samsung Headset, Cordless",152.09999999999997,3,0,42.540000000000006
MX-2015-RP1927093-42069,2015-03-06 00:00:00,RP-1927093,Rachel Payne,Corporate,Nicaragua,LATAM,Central America,FUR-FU-4084,Furniture,Furnishings,"Eldon Photo Frame, Duo Pack",77.56,2,0,3.08
ID-2015-DH1307559-42080,2015-03-17 00:00:00,DH-1307559,Dave Hallsten,Corporate,Indonesia,Asia Pacific,Southeastern Asia,OFF-ST-5706,Office Supplies,Storage,"Rogers Shelving, Industrial",155.89889999999997,3,0.17,1.8189000000000028
CA-2015-EJ13720140-42067,2015-03-04 00:00:00,EJ-137201404,Ed Jacobs,Consumer,United States,USCA,Western US,TEC-AC-4869,Technology,Accessories,Imation Bio 2GB USB Flash Drive Imation Corp,1049.44,8,0,440.76480000000004
ES-2015-LW1721545-42094,2015-03-31 00:00:00,LW-1721545,Luke Weiss,Consumer,France,Europe,Western Europe,OFF-ST-5688,Office Supplies,Storage,"Rogers Box, Single Width",43.2,2,0.1,0.9599999999999991
CA-2015-EJ13720140-42067,2015-03-04 00:00:00,EJ-137201404,Ed Jacobs,Consumer,United States,USCA,Western US,FUR-CH-5415,Furniture,Chairs,Novimex Turbo Task Chair,170.35200000000003,3,0.2,-17.035200000000003
MX-2015-AB1025536-42074,2015-03-11 00:00:00,AB-1025536,Alejandro Ballentine,Home Office,Dominican Republic,LATAM,Caribbean,OFF-EN-3097,Office Supplies,Envelopes,"Ames Interoffice Envelope, Security-Tint",126.72,5,0.2,28.419999999999998
ID-2015-VP2176088-42082,2015-03-19 00:00:00,VP-2176088,Victoria Pisteka,Corporate,Myanmar (Burma),Asia Pacific,Southeastern Asia,FUR-CH-4628,Furniture,Chairs,"Hon Bag Chairs, Red",263.676,8,0.27,57.756
ES-2015-DK13375139-42082,2015-03-19 00:00:00,DK-13375139,Dennis Kane,Consumer,United Kingdom,Europe,Northern Europe,OFF-ST-5695,Office Supplies,Storage,"Rogers Folders, Industrial",62.33999999999999,2,0,8.7
SF-2015-MR7545117-42077,2015-03-14 00:00:00,MR-7545117,Mathew Reese,Home Office,South Africa,Africa,Southern Africa,OFF-SU-6168,Office Supplies,Supplies,"Stiletto Ruler, Easy Grip",33,2,0,13.5
IN-2015-CA120551-42085,2015-03-22 00:00:00,CA-120551,Cathy Armstrong,Home Office,Afghanistan,Asia Pacific,Southern Asia,TEC-MA-4211,Technology,Machines,"Epson Receipt Printer, White",346.32000000000005,3,0,13.77
RS-2015-SC10050108-42069,2015-03-06 00:00:00,SC-10050108,Sample Company A,Home Office,Russia,Europe,Eastern Europe,TEC-AC-3393,Technology,Accessories,"Belkin Mouse, Erganomic",231.11999999999998,6,0,39.24000000000001
IN-2015-LA1678021-42074,2015-03-11 00:00:00,LA-1678021,Laura Armstrong,Corporate,Cambodia,Asia Pacific,Southeastern Asia,FUR-CH-4628,Furniture,Chairs,"Hon Bag Chairs, Red",90.3,2,0,38.82
ES-2015-MG1789048-42084,2015-03-21 00:00:00,MG-1789048,Michael Granlund,Home Office,Germany,Europe,Western Europe,OFF-ST-5701,Office Supplies,Storage,"Rogers Lockers, Industrial",190.89000000000001,1,0.1,59.36999999999999
MX-2015-BT1153082-42077,2015-03-14 00:00:00,BT-1153082,Bradley Talbott,Home Office,Mexico,LATAM,Central America,OFF-BI-2902,Office Supplies,Binders,"Acco Binding Machine, Recycled",68.6,2,0,26.72
IN-2015-SC2038058-42074,2015-03-11 00:00:00,SC-2038058,Shahid Collister,Consumer,India,Asia Pacific,Southern Asia,TEC-AC-5133,Technology,Accessories,"Logitech Numeric Keypad, USB",139.59,3,0,69.75
ES-2015-JR15670139-42080,2015-03-17 00:00:00,JR-15670139,Jim Radford,Consumer,United Kingdom,Europe,Northern Europe,OFF-ST-5706,Office Supplies,Storage,"Rogers Shelving, Industrial",250.43999999999997,4,0,75.12
ES-2015-PW19030139-42076,2015-03-13 00:00:00,PW-19030139,Pauline Webber,Corporate,United Kingdom,Europe,Northern Europe,OFF-AR-5910,Office Supplies,Art,"Sanford Highlighters, Blue",125.99999999999997,8,0,13.68
ES-2015-MK18160139-42067,2015-03-04 00:00:00,MK-18160139,Mike Kennedy,Consumer,United Kingdom,Europe,Northern Europe,OFF-AR-5930,Office Supplies,Art,"Sanford Sketch Pad, Blue",272.88,6,0,8.100000000000001
IN-2015-SU2066527-42090,2015-03-27 00:00:00,SU-2066527,Stephanie Ulpright,Home Office,China,Asia Pacific,Eastern Asia,OFF-AR-3498,Office Supplies,Art,"Binney & Smith Pens, Water Color",136.08,9,0,54.269999999999996
NI-2015-BS175595-42074,2015-03-11 00:00:00,BS-175595,Bruce Stewart,Consumer,Nigeria,Africa,Western Africa,TEC-PH-5268,Technology,Phones,"Motorola Smart Phone, Full Size",192.80700000000002,1,0.7,-205.6829999999999
ES-2015-ME1732045-42084,2015-03-21 00:00:00,ME-1732045,Maria Etezadi,Home Office,France,Europe,Western Europe,OFF-AR-3554,Office Supplies,Art,"Boston Sketch Pad, Fluorescent",199.44,4,0,0
CA-2015-EN13780140-42082,2015-03-19 00:00:00,EN-137801402,Edward Nazzal,Consumer,United States,USCA,Central US,OFF-AR-5585,Office Supplies,Art,Peel-Off China Markers,23.832,3,0.2,6.553800000000001
IN-2015-FO1430527-42076,2015-03-13 00:00:00,FO-1430527,Frank Olsen,Consumer,China,Asia Pacific,Eastern Asia,OFF-AR-5920,Office Supplies,Art,"Sanford Markers, Water Color",52.85999999999999,2,0,11.58
ES-2015-SH2039545-42068,2015-03-05 00:00:00,SH-2039545,Shahid Hopkins,Consumer,France,Europe,Western Europe,OFF-ST-6273,Office Supplies,Storage,"Tenex Shelving, Industrial",148.87800000000001,3,0.1,14.868000000000002
US-2015-CH1207036-42084,2015-03-21 00:00:00,CH-1207036,Cathy Hwang,Home Office,Dominican Republic,LATAM,Caribbean,TEC-MA-5576,Technology,Machines,"Panasonic Receipt Printer, Red",188.88000000000002,8,0.7,-377.84
IN-2015-NH1861058-42084,2015-03-21 00:00:00,NH-1861058,Nicole Hansen,Corporate,India,Asia Pacific,Southern Asia,OFF-BI-6383,Office Supplies,Binders,"Wilson Jones Binding Machine, Durable",100.92,2,0,45.36
ES-2015-DK1283545-42078,2015-03-15 00:00:00,DK-1283545,Damala Kotsonis,Corporate,France,Europe,Western Europe,OFF-ST-4260,Office Supplies,Storage,"Fellowes File Cart, Wire Frame",245.48400000000004,2,0.1,29.963999999999988
NI-2015-DR288095-42081,2015-03-18 00:00:00,DR-288095,Dan Reichenbach,Corporate,Nigeria,Africa,Western Africa,FUR-BO-5797,Furniture,Bookcases,"Safco Stackable Bookrack, Mobile",178.776,4,0.7,-345.7439999999999
UP-2015-NP8685137-42090,2015-03-27 00:00:00,NP-8685137,Nora Pelletier,Home Office,Ukraine,Europe,Eastern Europe,OFF-SU-6179,Office Supplies,Supplies,"Stiletto Shears, Steel",94.98000000000002,2,0,8.52
CA-2015-EB13870140-42074,2015-03-11 00:00:00,EB-138701406,Emily Burns,Consumer,United States,USCA,Eastern US,TEC-PH-5344,Technology,Phones,Nokia Lumia 521 (T-Mobile),53.982,3,0.4,-10.796399999999995
ID-2015-KB1624078-42064,2015-03-01 00:00:00,KB-1624078,Karen Bern,Corporate,Malaysia,Asia Pacific,Southeastern Asia,OFF-EN-4912,Office Supplies,Envelopes,"Jiffy Interoffice Envelope, Set of 50",278.64,6,0,55.62
IN-2015-LB1679558-42064,2015-03-01 00:00:00,LB-1679558,Laurel Beltran,Home Office,India,Asia Pacific,Southern Asia,TEC-MA-4192,Technology,Machines,"Epson Calculator, Wireless",185.64000000000001,4,0,90.96000000000001
MX-2015-AT1043582-42067,2015-03-04 00:00:00,AT-1043582,Alyssa Tate,Home Office,Mexico,LATAM,Central America,OFF-ST-4295,Office Supplies,Storage,"Fellowes Trays, Single Width",76.56,2,0,4.56
IT-2015-OT1873091-42077,2015-03-14 00:00:00,OT-1873091,Olvera Toch,Consumer,Netherlands,Europe,Western Europe,FUR-FU-3028,Furniture,Furnishings,"Advantus Door Stop, Duo Pack",216.43199999999996,6,0.2,-37.90799999999999
IN-2015-BN114707-42083,2015-03-20 00:00:00,BN-114707,Brad Norvell,Corporate,Australia,Asia Pacific,Oceania,FUR-FU-4086,Furniture,Furnishings,"Eldon Photo Frame, Erganomic",102.114,2,0.1,16.973999999999997
CA-2015-EP13915140-42067,2015-03-04 00:00:00,EP-139151402,Emily Phan,Consumer,United States,USCA,Central US,FUR-CH-4407,Furniture,Chairs,Global Ergonomic Managers Chair,180.98,1,0,47.0548
CA-2015-EP13915140-42067,2015-03-04 00:00:00,EP-139151402,Emily Phan,Consumer,United States,USCA,Central US,TEC-AC-5143,Technology,Accessories,Logitech Wireless Marathon Mouse M705,99.98,2,0,42.991400000000006
RS-2015-SC10050108-42069,2015-03-06 00:00:00,SC-10050108,Sample Company A,Home Office,Russia,Europe,Eastern Europe,OFF-BI-3727,Office Supplies,Binders,"Cardinal Binding Machine, Recycled",200.52,4,0,42
US-2015-RR1952598-42069,2015-03-06 00:00:00,RR-1952598,Rick Reed,Corporate,Panama,LATAM,Central America,OFF-AP-4493,Office Supplies,Appliances,"Hamilton Beach Coffee Grinder, Black",84.18,5,0.4,-53.32000000000001
ES-2015-BK1126045-42082,2015-03-19 00:00:00,BK-1126045,Berenike Kampe,Consumer,France,Europe,Western Europe,OFF-AR-3490,Office Supplies,Art,"Binney & Smith Markers, Fluorescent",152.1,6,0,41.04
ES-2015-SC20050139-42091,2015-03-28 00:00:00,SC-20050139,Sample Company A,Home Office,United Kingdom,Europe,Northern Europe,OFF-ST-4263,Office Supplies,Storage,"Fellowes Folders, Single Width",290.72999999999996,11,0,119.13
MX-2015-EM1420018-42073,2015-03-10 00:00:00,EM-1420018,Evan Minnotte,Home Office,Brazil,LATAM,South America,OFF-AR-3543,Office Supplies,Art,"Boston Pencil Sharpener, Easy-Erase",40.28,2,0,0.8
RS-2015-LH7155108-42083,2015-03-20 00:00:00,LH-7155108,Logan Haushalter,Consumer,Russia,Europe,Eastern Europe,TEC-MA-6148,Technology,Machines,"StarTech Printer, Red",253.32000000000005,1,0,108.89999999999999
IN-2015-CG125207-42077,2015-03-14 00:00:00,CG-125207,Claire Gute,Consumer,Australia,Asia Pacific,Oceania,FUR-FU-4034,Furniture,Furnishings,"Eldon Clock, Black",152.60399999999998,3,0.1,40.644000000000005
IN-2015-DW135407-42078,2015-03-15 00:00:00,DW-135407,Don Weiss,Consumer,Australia,Asia Pacific,Oceania,OFF-AR-3478,Office Supplies,Art,"Binney & Smith Canvas, Water Color",147.25799999999998,3,0.1,62.118000000000016
IT-2015-SS2051545-42088,2015-03-25 00:00:00,SS-2051545,Shirley Schmidt,Home Office,France,Europe,Western Europe,OFF-SU-4321,Office Supplies,Supplies,"Fiskars Shears, Serrated",221.70000000000002,5,0,64.2
IN-2015-HZ1495027-42081,2015-03-18 00:00:00,HZ-1495027,Henia Zydlo,Consumer,China,Asia Pacific,Eastern Asia,OFF-ST-4285,Office Supplies,Storage,"Fellowes Shelving, Wire Frame",113.82,2,0,53.46
IN-2015-PO191957-42070,2015-03-07 00:00:00,PO-191957,Phillina Ober,Home Office,Australia,Asia Pacific,Oceania,FUR-FU-4042,Furniture,Furnishings,"Eldon Door Stop, Durable",127.41299999999998,3,0.1,38.223
MX-2015-SC2077026-42067,2015-03-04 00:00:00,SC-2077026,Stewart Carmichael,Corporate,Chile,LATAM,South America,OFF-SU-4137,Office Supplies,Supplies,"Elite Trimmer, Serrated",127.90000000000002,5,0,47.3
MX-2015-VF2171582-42074,2015-03-11 00:00:00,VF-2171582,Vicky Freymann,Home Office,Mexico,LATAM,Central America,OFF-PA-4147,Office Supplies,Paper,"Enermax Computer Printout Paper, 8.5 x 11",108.7,5,0,23.9
MX-2015-EB1397582-42084,2015-03-21 00:00:00,EB-1397582,Erica Bern,Corporate,Mexico,LATAM,Central America,TEC-AC-4171,Technology,Accessories,"Enermax Mouse, Bluetooth",134.3,5,0,60.4
ES-2015-JS1559548-42066,2015-03-03 00:00:00,JS-1559548,Jill Stevenson,Corporate,Germany,Europe,Western Europe,OFF-SU-4328,Office Supplies,Supplies,"Fiskars Trimmer, Steel",125.10000000000001,3,0,14.939999999999998
IN-2015-ML1739592-42070,2015-03-07 00:00:00,ML-1739592,Marina Lichtenstein,Corporate,New Zealand,Asia Pacific,Oceania,TEC-AC-5195,Technology,Accessories,"Memorex Flash Drive, Programmable",61.800000000000004,2,0,14.82
US-2015-JD1601536-42071,2015-03-08 00:00:00,JD-1601536,Joy Daniels,Consumer,Dominican Republic,LATAM,Caribbean,FUR-CH-5751,Furniture,Chairs,"SAFCO Bag Chairs, Black",125.35999999999999,5,0.2,-11.040000000000001
MX-2015-RB1964539-42071,2015-03-08 00:00:00,RB-1964539,Robert Barroso,Corporate,El Salvador,LATAM,Central America,FUR-FU-4037,Furniture,Furnishings,"Eldon Clock, Erganomic",73.52000000000001,2,0,35.28
US-2015-EC14050140-42087,2015-03-24 00:00:00,EC-140501406,Erin Creighton,Consumer,United States,USCA,Eastern US,OFF-PA-6538,Office Supplies,Paper,Xerox 1980,25.68,6,0,11.555999999999997
IN-2015-HG150257-42091,2015-03-28 00:00:00,HG-150257,Hunter Glantz,Consumer,Australia,Asia Pacific,Oceania,OFF-PA-4143,Office Supplies,Paper,"Enermax Cards & Envelopes, 8.5 x 11",138.348,3,0.1,58.33800000000001
SA-2015-GZ4470110-42084,2015-03-21 00:00:00,GZ-4470110,Gary Zandusky,Consumer,Saudi Arabia,Asia Pacific,Western Asia,FUR-BO-3906,Furniture,Bookcases,"Dania Stackable Bookrack, Pine",122.94,1,0,1.2000000000000002
IN-2015-NH1861058-42084,2015-03-21 00:00:00,NH-1861058,Nicole Hansen,Corporate,India,Asia Pacific,Southern Asia,OFF-EN-3110,Office Supplies,Envelopes,"Ames Peel and Seal, Set of 50",74.76,4,0,2.16
IN-2015-DA134507-42094,2015-03-31 00:00:00,DA-134507,Dianna Arnett,Home Office,Australia,Asia Pacific,Oceania,TEC-AC-3393,Technology,Accessories,"Belkin Mouse, Erganomic",104.00399999999999,3,0.1,13.823999999999996
ES-2015-TZ2158048-42082,2015-03-19 00:00:00,TZ-2158048,Tracy Zic,Consumer,Germany,Europe,Western Europe,OFF-EN-5034,Office Supplies,Envelopes,"Kraft Mailers, Security-Tint",240.3,6,0,11.879999999999999
IZ-2015-PA906061-42080,2015-03-17 00:00:00,PA-906061,Pete Armstrong,Home Office,Iraq,Asia Pacific,Western Asia,FUR-FU-4037,Furniture,Furnishings,"Eldon Clock, Erganomic",55.14,1,0,18.72
RO-2015-IM5055107-42080,2015-03-17 00:00:00,IM-5055107,Ionia McGrath,Consumer,Romania,Europe,Eastern Europe,TEC-PH-5812,Technology,Phones,"Samsung Audio Dock, Cordless",169.68,1,0,30.54
IN-2015-DB1340558-42094,2015-03-31 00:00:00,DB-1340558,Denny Blanton,Consumer,India,Asia Pacific,Southern Asia,TEC-AC-5887,Technology,Accessories,"SanDisk Numeric Keypad, Bluetooth",110.70000000000002,2,0,12.120000000000001
ES-2015-NS1850562-42094,2015-03-31 00:00:00,NS-1850562,Neola Schneider,Consumer,Ireland,Europe,Northern Europe,OFF-ST-6282,Office Supplies,Storage,"Tenex Trays, Industrial",82.03499999999998,3,0.5,-65.65499999999999
CA-2015-EM14200140-42090,2015-03-27 00:00:00,EM-142001408,Evan Minnotte,Home Office,United States,USCA,Southern US,TEC-AC-5198,Technology,Accessories,Memorex Froggy Flash Drive 8 GB,53.25,3,0,20.7675
CA-2015-EM14200140-42090,2015-03-27 00:00:00,EM-142001408,Evan Minnotte,Home Office,United States,USCA,Southern US,OFF-FA-6129,Office Supplies,Fasteners,Staples,3.76,2,0,1.3159999999999998
ES-2015-TT2122048-42081,2015-03-18 00:00:00,TT-2122048,Thomas Thornton,Consumer,Germany,Europe,Western Europe,OFF-BI-4809,Office Supplies,Binders,"Ibico Binder Covers, Economy",54.599999999999994,4,0,7.5600000000000005
MX-2015-SG2047031-42074,2015-03-11 00:00:00,SG-2047031,Sheri Gordon,Consumer,Cuba,LATAM,Caribbean,OFF-AR-6125,Office Supplies,Art,"Stanley Sketch Pad, Blue",59.239999999999995,2,0,5.320000000000001
ID-2015-PO19180102-42067,2015-03-04 00:00:00,PO-19180102,Philisse Overcash,Home Office,Philippines,Asia Pacific,Southeastern Asia,TEC-CO-3605,Technology,Copiers,"Brother Personal Copier, Digital",463.2225000000001,5,0.35,-35.67750000000004
CA-2015-FM14215140-42089,2015-03-26 00:00:00,FM-142151404,Filia McAdams,Corporate,United States,USCA,Western US,OFF-AR-5285,Office Supplies,Art,Newell 309,23.1,2,0,6.93
ID-2015-MT180707-42074,2015-03-11 00:00:00,MT-180707,Michelle Tran,Home Office,Australia,Asia Pacific,Oceania,TEC-PH-3796,Technology,Phones,"Cisco Office Telephone, Cordless",449.874,6,0.1,69.89399999999999
TS-2015-PJ8835133-42069,2015-03-06 00:00:00,PJ-8835133,Patrick Jones,Corporate,Tunisia,Africa,North Africa,OFF-AP-3566,Office Supplies,Appliances,"Breville Coffee Grinder, Black",122.58,2,0,42.900000000000006
IN-2015-PO191957-42070,2015-03-07 00:00:00,PO-191957,Phillina Ober,Home Office,Australia,Asia Pacific,Oceania,OFF-SU-4118,Office Supplies,Supplies,"Elite Box Cutter, Serrated",85.29299999999999,3,0.1,32.193
CA-2015-FC14245140-42070,2015-03-07 00:00:00,FC-142451404,Frank Carlisle,Home Office,United States,USCA,Western US,OFF-PA-6443,Office Supplies,Paper,Xerox 1893,286.93,7,0,140.5957
CA-2015-FC14245140-42070,2015-03-07 00:00:00,FC-142451404,Frank Carlisle,Home Office,United States,USCA,Western US,TEC-PH-3966,Technology,Phones,Digium D40 VoIP phone,206.38400000000001,2,0.2,23.218199999999996
CA-2015-FC14245140-42070,2015-03-07 00:00:00,FC-142451404,Frank Carlisle,Home Office,United States,USCA,Western US,OFF-AR-4332,Office Supplies,Art,Fluorescent Highlighters by Dixon,23.88,6,0,8.1192
CA-2015-FC14245140-42070,2015-03-07 00:00:00,FC-142451404,Frank Carlisle,Home Office,United States,USCA,Western US,OFF-LA-3209,Office Supplies,Labels,Avery 49,11.52,4,0,5.6448
IN-2015-MC1757527-42066,2015-03-03 00:00:00,MC-1757527,Matt Collins,Consumer,China,Asia Pacific,Eastern Asia,OFF-ST-6251,Office Supplies,Storage,"Tenex Folders, Single Width",46.5,2,0,9.3
ES-2015-JB16000139-42088,2015-03-25 00:00:00,JB-16000139,Joy Bell-,Consumer,United Kingdom,Europe,Northern Europe,OFF-AR-3499,Office Supplies,Art,"Binney & Smith Sketch Pad, Blue",185.28,4,0,48.12
MX-2015-VF2171582-42074,2015-03-11 00:00:00,VF-2171582,Vicky Freymann,Home Office,Mexico,LATAM,Central America,FUR-BO-3624,Furniture,Bookcases,"Bush Classic Bookcase, Metal",659.424,3,0.2,-0.03600000000001273
IN-2015-CA120551-42085,2015-03-22 00:00:00,CA-120551,Cathy Armstrong,Home Office,Afghanistan,Asia Pacific,Southern Asia,FUR-FU-5726,Furniture,Furnishings,"Rubbermaid Door Stop, Erganomic",169.68000000000004,4,0,79.67999999999999
ID-2015-MT18070144-42078,2015-03-15 00:00:00,MT-18070144,Michelle Tran,Home Office,Vietnam,Asia Pacific,Southeastern Asia,TEC-AC-4180,Technology,Accessories,"Enermax Numeric Keypad, USB",146.121,5,0.47000000000000003,-96.57900000000001
CA-2015-FH14275140-42077,2015-03-14 00:00:00,FH-142751402,Frank Hawley,Corporate,United States,USCA,Central US,TEC-PH-5630,Technology,Phones,PowerGen Dual USB Car Charger,7.992000000000001,1,0.2,2.5973999999999995
CG-2015-PW903033-42094,2015-03-31 00:00:00,PW-903033,Pauline Webber,Corporate,Democratic Republic of the Congo,Africa,Central Africa,OFF-FA-2942,Office Supplies,Fasteners,"Accos Clamps, Bulk Pack",77.52000000000001,4,0,36.36
ID-2015-NR18550102-42078,2015-03-15 00:00:00,NR-18550102,Nick Radford,Consumer,Philippines,Asia Pacific,Southeastern Asia,OFF-BI-2899,Office Supplies,Binders,"Acco Binding Machine, Clear",128.9025,3,0.15000000000000002,30.26249999999999
ES-2015-TG2131045-42091,2015-03-28 00:00:00,TG-2131045,Toby Gnade,Consumer,France,Europe,Western Europe,OFF-BI-2898,Office Supplies,Binders,"Acco Binder, Recycled",62.04,4,0,1.7999999999999998
IN-2015-GR1456088-42085,2015-03-22 00:00:00,GR-1456088,Georgia Rosenberg,Corporate,Myanmar (Burma),Asia Pacific,Southeastern Asia,FUR-FU-4102,Furniture,Furnishings,"Eldon Stacking Tray, Duo Pack",276.4656,12,0.27,-72.0144
MX-2015-DC1328582-42091,2015-03-28 00:00:00,DC-1328582,Debra Catini,Consumer,Mexico,LATAM,Central America,FUR-BO-4845,Furniture,Bookcases,"Ikea 3-Shelf Cabinet, Mobile",154.62400000000002,2,0.2,15.423999999999989
KE-2015-FM429069-42088,2015-03-25 00:00:00,FM-429069,Frank Merwin,Home Office,Kenya,Africa,Eastern Africa,TEC-PH-5836,Technology,Phones,"Samsung Signal Booster, Full Size",137.88,1,0,66.17999999999999
IN-2015-SU2066527-42090,2015-03-27 00:00:00,SU-2066527,Stephanie Ulpright,Home Office,China,Asia Pacific,Eastern Asia,TEC-CO-3696,Technology,Copiers,"Canon Ink, High-Speed",145.35,1,0,1.44
IN-2015-AW1084058-42083,2015-03-20 00:00:00,AW-1084058,Anthony Witt,Consumer,India,Asia Pacific,Southern Asia,TEC-AC-3396,Technology,Accessories,"Belkin Numeric Keypad, Bluetooth",115.5,2,0,49.62
US-2015-SP2062055-42080,2015-03-17 00:00:00,SP-2062055,Stefania Perrino,Corporate,Honduras,LATAM,Central America,FUR-FU-6237,Furniture,Furnishings,"Tenex Clock, Duo Pack",60.37199999999999,3,0.4,-2.0279999999999974
ES-2015-BT1139564-42088,2015-03-25 00:00:00,BT-1139564,Bill Tyler,Corporate,Italy,Europe,Southern Europe,OFF-AR-3494,Office Supplies,Art,"Binney & Smith Pencil Sharpener, Water Color",188.58,7,0,86.73
MX-2015-FW1439518-42081,2015-03-18 00:00:00,FW-1439518,Fred Wasserman,Corporate,Brazil,LATAM,South America,FUR-FU-5732,Furniture,Furnishings,"Rubbermaid Light Bulb, Duo Pack",37.8,3,0,16.2
ID-2015-VT2170059-42074,2015-03-11 00:00:00,VT-2170059,Valerie Takahito,Home Office,Indonesia,Asia Pacific,Southeastern Asia,OFF-SU-4327,Office Supplies,Supplies,"Fiskars Trimmer, Serrated",124.02000000000004,6,0.47000000000000003,-70.20000000000003
ES-2015-PC19000139-42075,2015-03-12 00:00:00,PC-19000139,Pauline Chand,Home Office,United Kingdom,Europe,Northern Europe,OFF-ST-4096,Office Supplies,Storage,"Eldon Shelving, Single Width",242.24999999999997,5,0,0
US-2015-GM14440140-42090,2015-03-27 00:00:00,GM-144401406,Gary McGarr,Consumer,United States,USCA,Eastern US,TEC-PH-5344,Technology,Phones,Nokia Lumia 521 (T-Mobile),119.96,4,0,33.588800000000006
US-2015-GM14440140-42090,2015-03-27 00:00:00,GM-144401406,Gary McGarr,Consumer,United States,USCA,Eastern US,FUR-BO-5963,Furniture,Bookcases,"Sauder Forest Hills Library with Doors, Woodland Oak Finish",257.568,2,0.2,-28.976400000000012
ID-2015-ML1775592-42090,2015-03-27 00:00:00,ML-1775592,Max Ludwig,Home Office,New Zealand,Asia Pacific,Oceania,OFF-EN-3671,Office Supplies,Envelopes,"Cameo Manila Envelope, Set of 50",64.8,4,0.4,-6.480000000000004
ID-2015-MT180707-42074,2015-03-11 00:00:00,MT-180707,Michelle Tran,Home Office,Australia,Asia Pacific,Oceania,OFF-BI-2883,Office Supplies,Binders,"Acco 3-Hole Punch, Economy",81.32400000000001,3,0.1,4.463999999999999
IT-2015-DM1301564-42091,2015-03-28 00:00:00,DM-1301564,Darrin Martin,Consumer,Italy,Europe,Southern Europe,OFF-ST-6031,Office Supplies,Storage,"Smead File Cart, Blue",76.482,1,0.4,-49.728
JO-2015-BW111067-42068,2015-03-05 00:00:00,BW-111067,Bart Watters,Corporate,Jordan,Asia Pacific,Western Asia,OFF-AR-6126,Office Supplies,Art,"Stanley Sketch Pad, Easy-Erase",89.4,2,0,16.98
ID-2015-DH1307559-42080,2015-03-17 00:00:00,DH-1307559,Dave Hallsten,Corporate,Indonesia,Asia Pacific,Southeastern Asia,FUR-CH-5438,Furniture,Chairs,"Office Star Chairmat, Black",138.82410000000002,3,0.27,17.05409999999999
ES-2015-SG2008045-42083,2015-03-20 00:00:00,SG-2008045,Sandra Glassco,Consumer,France,Europe,Western Europe,OFF-AR-3484,Office Supplies,Art,"Binney & Smith Highlighters, Water Color",39.54,2,0,16.56
ES-2015-GG1465048-42094,2015-03-31 00:00:00,GG-1465048,Greg Guthrie,Corporate,Germany,Europe,Western Europe,TEC-AC-4178,Technology,Accessories,"Enermax Numeric Keypad, Bluetooth",115.08,2,0,26.46
MX-2015-BT1153082-42077,2015-03-14 00:00:00,BT-1153082,Bradley Talbott,Home Office,Mexico,LATAM,Central America,OFF-BI-2895,Office Supplies,Binders,"Acco Binder, Clear",48.7,5,0,17.5
CA-2015-GZ14545140-42083,2015-03-20 00:00:00,GZ-145451404,George Zrebassa,Corporate,United States,USCA,Western US,OFF-AP-3363,Office Supplies,Appliances,Belkin 5 Outlet SurgeMaster Power Centers,381.35999999999996,7,0,106.78080000000003
MX-2015-BT1153082-42068,2015-03-05 00:00:00,BT-1153082,Bradley Talbott,Home Office,Mexico,LATAM,Central America,FUR-CH-5802,Furniture,Chairs,"SAFCO Steel Folding Chair, Red",91.424,2,0.2,15.983999999999998
AG-2015-JO55503-42070,2015-03-07 00:00:00,JO-55503,Jesus Ocampo,Home Office,Algeria,Africa,North Africa,OFF-AR-6120,Office Supplies,Art,"Stanley Pencil Sharpener, Water Color",100.19999999999999,4,0,6
MX-2015-CK1276051-42071,2015-03-08 00:00:00,CK-1276051,Cyma Kinney,Corporate,Guatemala,LATAM,Central America,OFF-SU-2966,Office Supplies,Supplies,"Acme Box Cutter, High Speed",151.2,6,0,75.6
RW-2015-BF975109-42083,2015-03-20 00:00:00,BF-975109,Barbara Fisher,Corporate,Rwanda,Africa,Eastern Africa,FUR-FU-5732,Furniture,Furnishings,"Rubbermaid Light Bulb, Duo Pack",75.6,4,0,12
KZ-2015-SP1062068-42066,2015-03-03 00:00:00,SP-1062068,Stefania Perrino,Corporate,Kazakhstan,Asia Pacific,Central Asia,OFF-EN-4914,Office Supplies,Envelopes,"Jiffy Mailers, Recycled",43.164,4,0.7,-72.036
IN-2015-FO1430527-42076,2015-03-13 00:00:00,FO-1430527,Frank Olsen,Consumer,China,Asia Pacific,Eastern Asia,OFF-PA-3991,Office Supplies,Paper,"Eaton Computer Printout Paper, Multicolor",83.88,3,0,30.96
IN-2015-SU2066527-42090,2015-03-27 00:00:00,SU-2066527,Stephanie Ulpright,Home Office,China,Asia Pacific,Eastern Asia,OFF-EN-5029,Office Supplies,Envelopes,"Kraft Interoffice Envelope, Recycled",91.44,2,0,17.34
ES-2015-AS1024048-42082,2015-03-19 00:00:00,AS-1024048,Alan Shonely,Consumer,Germany,Europe,Western Europe,OFF-BI-2891,Office Supplies,Binders,"Acco Binder Covers, Clear",38.339999999999996,3,0,16.47
TU-2015-MO7500134-42088,2015-03-25 00:00:00,MO-7500134,Mary O'Rourke,Consumer,Turkey,Asia Pacific,Western Asia,OFF-PA-4475,Office Supplies,Paper,"Green Bar Message Books, Multicolor",40.32000000000001,4,0.6,-12.120000000000005
AU-2015-SU106658-42083,2015-03-20 00:00:00,SU-106658,Stephanie Ulpright,Home Office,Austria,Europe,Western Europe,FUR-CH-5808,Furniture,Chairs,"SAFCO Swivel Stool, Set of Two",170.19,1,0,64.65
IN-2015-MR175457-42083,2015-03-20 00:00:00,MR-175457,Mathew Reese,Home Office,Australia,Asia Pacific,Oceania,OFF-SU-6178,Office Supplies,Supplies,"Stiletto Shears, Serrated",80.62200000000001,2,0.1,29.502
IN-2015-SG2089059-42091,2015-03-28 00:00:00,SG-2089059,Susan Gilcrest,Corporate,Indonesia,Asia Pacific,Southeastern Asia,FUR-CH-5439,Furniture,Chairs,"Office Star Chairmat, Red",144.1458,3,0.27,43.435799999999986
ES-2015-MC1813048-42094,2015-03-31 00:00:00,MC-1813048,Mike Caudle,Corporate,Germany,Europe,Western Europe,OFF-AR-3488,Office Supplies,Art,"Binney & Smith Markers, Blue",72.26999999999998,3,0,13.680000000000001
ID-2015-NS18505144-42075,2015-03-12 00:00:00,NS-18505144,Neola Schneider,Consumer,Vietnam,Asia Pacific,Southeastern Asia,TEC-AC-5222,Technology,Accessories,"Memorex Numeric Keypad, USB",91.20240000000001,4,0.47000000000000003,-53.39760000000001
MX-2015-NF1859518-42077,2015-03-14 00:00:00,NF-1859518,Nicole Fjeld,Home Office,Brazil,LATAM,South America,FUR-BO-3628,Furniture,Bookcases,"Bush Corner Shelving, Metal",164.6,2,0,21.36
IN-2015-GR1456088-42085,2015-03-22 00:00:00,GR-1456088,Georgia Rosenberg,Corporate,Myanmar (Burma),Asia Pacific,Southeastern Asia,OFF-EN-4449,Office Supplies,Envelopes,"GlobeWeis Manila Envelope, Set of 50",90.9348,4,0.17,14.134799999999995
ES-2015-HG14965120-42080,2015-03-17 00:00:00,HG-14965120,Henry Goldwyn,Corporate,Spain,Europe,Southern Europe,TEC-MA-5011,Technology,Machines,"Konica Phone, Red",75.006,1,0.1,26.646
AG-2015-AR5703-42075,2015-03-12 00:00:00,AR-5703,Anemone Ratner,Consumer,Algeria,Africa,North Africa,OFF-FA-3070,Office Supplies,Fasteners,"Advantus Staples, Bulk Pack",130.32,12,0,51.84
IN-2015-TG2131058-42070,2015-03-07 00:00:00,TG-2131058,Toby Gnade,Consumer,India,Asia Pacific,Southern Asia,OFF-PA-4479,Office Supplies,Paper,"Green Bar Note Cards, Multicolor",169.65,5,0,39
CA-2015-GA14725140-42076,2015-03-13 00:00:00,GA-147251408,Guy Armstrong,Consumer,United States,USCA,Southern US,OFF-BI-3302,Office Supplies,Binders,Avery Non-Stick Binders,40.410000000000004,9,0,18.5886
CA-2015-HR477023-42076,2015-03-13 00:00:00,HR-477023,Hallie Redmond,Home Office,Canada,USCA,Canada,OFF-ST-6067,Office Supplies,Storage,"Smead Trays, Single Width",97.01999999999998,2,0,31.02
ES-2015-BT1139564-42088,2015-03-25 00:00:00,BT-1139564,Bill Tyler,Corporate,Italy,Europe,Southern Europe,OFF-AR-6120,Office Supplies,Art,"Stanley Pencil Sharpener, Water Color",100.19999999999999,4,0,6
MX-2015-BF1117082-42065,2015-03-02 00:00:00,BF-1117082,Ben Ferrer,Home Office,Mexico,LATAM,Central America,OFF-LA-3262,Office Supplies,Labels,"Avery Color Coded Labels, Alphabetical",61.18000000000001,7,0,7.279999999999999
ES-2015-BT1139564-42088,2015-03-25 00:00:00,BT-1139564,Bill Tyler,Corporate,Italy,Europe,Southern Europe,OFF-AR-3462,Office Supplies,Art,"BIC Pencil Sharpener, Fluorescent",121.08,4,0,41.160000000000004
MX-2015-BE1133582-42082,2015-03-19 00:00:00,BE-1133582,Bill Eplett,Home Office,Mexico,LATAM,Central America,OFF-AP-4738,Office Supplies,Appliances,"Hoover Refrigerator, White",1048.7999999999997,3,0,157.32
CA-2015-HR14830140-42088,2015-03-25 00:00:00,HR-148301406,Harold Ryan,Corporate,United States,USCA,Eastern US,TEC-PH-5823,Technology,Phones,Samsung Galaxy S4 Mini,469.99,1,0,136.29709999999994
CA-2015-HR14830140-42088,2015-03-25 00:00:00,HR-148301406,Harold Ryan,Corporate,United States,USCA,Eastern US,FUR-CH-4404,Furniture,Chairs,Global Deluxe Steno Chair,207.84600000000003,3,0.1,2.3093999999999895
CA-2015-HR14830140-42088,2015-03-25 00:00:00,HR-148301406,Harold Ryan,Corporate,United States,USCA,Eastern US,OFF-EN-2852,Office Supplies,Envelopes,"#10 White Business Envelopes,4 1/8 x 9 1/2",47.01,3,0,22.094699999999996
CA-2015-HG14845140-42084,2015-03-21 00:00:00,HG-148451402,Harry Greene,Consumer,United States,USCA,Central US,OFF-PA-6468,Office Supplies,Paper,Xerox 1916,274.064,7,0.2,102.77399999999999
CA-2015-HG14845140-42084,2015-03-21 00:00:00,HG-148451402,Harry Greene,Consumer,United States,USCA,Central US,OFF-FA-6129,Office Supplies,Fasteners,Staples,56.704,2,0.2,19.137599999999992
US-2015-RK19300143-42067,2015-03-04 00:00:00,RK-19300143,Ralph Kennedy,Consumer,Venezuela,LATAM,South America,OFF-BI-3255,Office Supplies,Binders,"Avery Binding Machine, Clear",57.96,3,0.4,-37.68000000000001
ES-2015-JO1514545-42094,2015-03-31 00:00:00,JO-1514545,Jack O'Briant,Corporate,France,Europe,Western Europe,OFF-AR-3456,Office Supplies,Art,"BIC Markers, Blue",52.86,2,0,1.02
US-2015-HK14890140-42090,2015-03-27 00:00:00,HK-148901402,Heather Kirkland,Corporate,United States,USCA,Central US,TEC-CO-3699,Technology,Copiers,Canon PC1080F Personal Copier,2399.96,5,0.2,569.9905000000001
US-2015-HK14890140-42090,2015-03-27 00:00:00,HK-148901402,Heather Kirkland,Corporate,United States,USCA,Central US,TEC-AC-6074,Technology,Accessories,Sony 64GB Class 10 Micro SDHC R40 Memory Card,143.96,5,0.2,1.7995000000000019
US-2015-HK14890140-42090,2015-03-27 00:00:00,HK-148901402,Heather Kirkland,Corporate,United States,USCA,Central US,OFF-PA-6507,Office Supplies,Paper,Xerox 1951,74.352,3,0.2,23.234999999999992
US-2015-HK14890140-42090,2015-03-27 00:00:00,HK-148901402,Heather Kirkland,Corporate,United States,USCA,Central US,OFF-AP-3363,Office Supplies,Appliances,Belkin 5 Outlet SurgeMaster Power Centers,87.16799999999998,8,0.8,-226.6368
PL-2015-DR2940103-42065,2015-03-02 00:00:00,DR-2940103,Daniel Raglin,Home Office,Poland,Europe,Eastern Europe,OFF-ST-4262,Office Supplies,Storage,"Fellowes Folders, Industrial",53.75999999999999,2,0,12.36
US-2015-HK14890140-42090,2015-03-27 00:00:00,HK-148901402,Heather Kirkland,Corporate,United States,USCA,Central US,OFF-ST-5277,Office Supplies,Storage,"Neat Ideas Personal Hanging Folder Files, Black",32.232,3,0.2,2.417399999999999
MX-2015-EM1420018-42073,2015-03-10 00:00:00,EM-1420018,Evan Minnotte,Home Office,Brazil,LATAM,South America,OFF-EN-3655,Office Supplies,Envelopes,"Cameo Business Envelopes, Security-Tint",45.2,4,0,14.88
IN-2015-DK129857-42076,2015-03-13 00:00:00,DK-129857,Darren Koutras,Consumer,Australia,Asia Pacific,Oceania,OFF-FA-6207,Office Supplies,Fasteners,"Stockwell Thumb Tacks, Bulk Pack",35.478,3,0.1,13.338000000000001
ES-2015-JF1556534-42067,2015-03-04 00:00:00,JF-1556534,Jill Fjeld,Consumer,Denmark,Europe,Northern Europe,OFF-AP-3878,Office Supplies,Appliances,"Cuisinart Toaster, Silver",81.31500000000001,3,0.5,-43.96500000000001
IN-2015-EA140357-42066,2015-03-03 00:00:00,EA-140357,Erin Ashbrook,Corporate,Australia,Asia Pacific,Oceania,OFF-BI-2893,Office Supplies,Binders,"Acco Binder Covers, Economy",59.94,5,0.1,3.240000000000001
US-2015-JS1603055-42064,2015-03-01 00:00:00,JS-1603055,Joy Smith,Consumer,Honduras,LATAM,Central America,OFF-PA-5854,Office Supplies,Paper,"SanDisk Computer Printout Paper, Recycled",59.4,5,0.4,-25.8
IN-2015-FO1430527-42076,2015-03-13 00:00:00,FO-1430527,Frank Olsen,Consumer,China,Asia Pacific,Eastern Asia,OFF-FA-6189,Office Supplies,Fasteners,"Stockwell Paper Clips, Assorted Sizes",45.36,4,0,6.24
MX-2015-FH1436539-42081,2015-03-18 00:00:00,FH-1436539,Fred Hopkins,Corporate,El Salvador,LATAM,Central America,OFF-AR-3554,Office Supplies,Art,"Boston Sketch Pad, Fluorescent",99.72,3,0,39.84
CA-2015-HW14935140-42084,2015-03-21 00:00:00,HW-149351404,Helen Wasserman,Corporate,United States,USCA,Western US,TEC-AC-4877,Technology,Accessories,Imation Secure Drive + Hardware Encrypted USB flash drive - 16 GB,265.93,7,0,63.8232
MX-2015-DC1328582-42091,2015-03-28 00:00:00,DC-1328582,Debra Catini,Consumer,Mexico,LATAM,Central America,OFF-PA-4480,Office Supplies,Paper,"Green Bar Note Cards, Premium",41.6,2,0,8.72
CG-2015-PF912033-42069,2015-03-06 00:00:00,PF-912033,Peter Fuller,Consumer,Democratic Republic of the Congo,Africa,Central Africa,FUR-FU-5719,Furniture,Furnishings,"Rubbermaid Clock, Duo Pack",200.88000000000002,4,0,32.04
MX-2015-MD1735016-42071,2015-03-08 00:00:00,MD-1735016,Maribeth Dona,Consumer,Bolivia,LATAM,South America,FUR-CH-4632,Furniture,Chairs,"Hon Chairmat, Red",111.06000000000002,3,0,24.42
RS-2015-RP9270108-42083,2015-03-20 00:00:00,RP-9270108,Rachel Payne,Corporate,Russia,Europe,Eastern Europe,OFF-ST-6284,Office Supplies,Storage,"Tenex Trays, Wire Frame",53.279999999999994,1,0,26.64
IN-2015-RB1943558-42090,2015-03-27 00:00:00,RB-1943558,Richard Bierner,Consumer,India,Asia Pacific,Southern Asia,OFF-SU-4134,Office Supplies,Supplies,"Elite Shears, Steel",139.23,3,0,5.49
ES-2015-TT2122048-42081,2015-03-18 00:00:00,TT-2122048,Thomas Thornton,Consumer,Germany,Europe,Western Europe,OFF-ST-5687,Office Supplies,Storage,"Rogers Box, Industrial",22.005000000000003,1,0.1,-2.4450000000000003
MX-2015-SJ2012582-42076,2015-03-13 00:00:00,SJ-2012582,Sanjit Jacobs,Home Office,Mexico,LATAM,Central America,OFF-AR-3481,Office Supplies,Art,"Binney & Smith Highlighters, Blue",44.239999999999995,4,0,7.92
MX-2015-NF1838582-42087,2015-03-24 00:00:00,NF-1838582,Natalie Fritzler,Consumer,Mexico,LATAM,Central America,FUR-FU-3030,Furniture,Furnishings,"Advantus Door Stop, Erganomic",52.379999999999995,3,0.4,-21.840000000000003
US-2015-MN179355-42067,2015-03-04 00:00:00,MN-179355,Michael Nguyen,Consumer,Argentina,LATAM,South America,FUR-FU-3932,Furniture,Furnishings,"Deflect-O Door Stop, Black",123.05999999999999,7,0.4,-82.03999999999999
ID-2015-EB13930130-42073,2015-03-10 00:00:00,EB-13930130,Eric Barreto,Consumer,Thailand,Asia Pacific,Southeastern Asia,OFF-SU-2990,Office Supplies,Supplies,"Acme Scissors, Serrated",46.936800000000005,4,0.47000000000000003,-16.903200000000005
TU-2015-MM7260134-42073,2015-03-10 00:00:00,MM-7260134,Magdelene Morse,Consumer,Turkey,Asia Pacific,Western Asia,FUR-CH-5756,Furniture,Chairs,"SAFCO Chairmat, Adjustable",49.848000000000006,2,0.6,-47.412000000000006
TU-2015-TD10995134-42068,2015-03-05 00:00:00,TD-10995134,Tamara Dahlen,Consumer,Turkey,Asia Pacific,Western Asia,TEC-MA-4207,Technology,Machines,"Epson Printer, White",104.41200000000002,1,0.6,-146.17800000000003
SA-2015-JS5940110-42080,2015-03-17 00:00:00,JS-5940110,Joni Sundaresam,Home Office,Saudi Arabia,Asia Pacific,Western Asia,OFF-AR-6107,Office Supplies,Art,"Stanley Canvas, Fluorescent",50.730000000000004,1,0,16.23
RS-2015-RP9270108-42083,2015-03-20 00:00:00,RP-9270108,Rachel Payne,Corporate,Russia,Europe,Eastern Europe,OFF-BI-4805,Office Supplies,Binders,"Ibico 3-Hole Punch, Economy",30.450000000000003,1,0,15.21
CM-2015-MC813022-42082,2015-03-19 00:00:00,MC-813022,Mike Caudle,Corporate,Cameroon,Africa,Central Africa,OFF-EN-5024,Office Supplies,Envelopes,"Kraft Business Envelopes, Set of 50",119.88,6,0,57.42
ES-2015-AH1019564-42067,2015-03-04 00:00:00,AH-1019564,Alan Haines,Corporate,Italy,Europe,Southern Europe,OFF-BI-3738,Office Supplies,Binders,"Cardinal Index Tab, Durable",38.1,5,0,17.1
IN-2015-EP1391527-42067,2015-03-04 00:00:00,EP-1391527,Emily Phan,Consumer,China,Asia Pacific,Eastern Asia,OFF-BI-6370,Office Supplies,Binders,"Wilson Jones 3-Hole Punch, Durable",88.47,3,0,37.980000000000004
ES-2015-NC18535120-42066,2015-03-03 00:00:00,NC-18535120,Nick Crebassa,Corporate,Spain,Europe,Southern Europe,TEC-MA-5020,Technology,Machines,"Konica Receipt Printer, White",108.59400000000002,1,0.1,28.943999999999996
TU-2015-AJ960134-42075,2015-03-12 00:00:00,AJ-960134,Astrea Jones,Consumer,Turkey,Asia Pacific,Western Asia,FUR-TA-5051,Furniture,Tables,"Lesro Coffee Table, Fully Assembled",101.38799999999999,1,0.6,-149.56199999999995
MX-2015-DO1343582-42085,2015-03-22 00:00:00,DO-1343582,Denny Ordway,Consumer,Mexico,LATAM,Central America,TEC-AC-5129,Technology,Accessories,"Logitech Mouse, USB",78.64,4,0,21.2
RW-2015-BF975109-42083,2015-03-20 00:00:00,BF-975109,Barbara Fisher,Corporate,Rwanda,Africa,Eastern Africa,TEC-AC-5196,Technology,Accessories,"Memorex Flash Drive, USB",29.61,1,0,2.64
IN-2015-AF1087058-42090,2015-03-27 00:00:00,AF-1087058,Art Ferguson,Consumer,India,Asia Pacific,Southern Asia,OFF-EN-4444,Office Supplies,Envelopes,"GlobeWeis Mailers, Security-Tint",81.89999999999999,2,0,33.54
ES-2015-SG2008045-42083,2015-03-20 00:00:00,SG-2008045,Sandra Glassco,Consumer,France,Europe,Western Europe,OFF-ST-4095,Office Supplies,Storage,"Eldon Shelving, Industrial",132.03000000000003,3,0.1,-10.350000000000001
IT-2015-SS2051545-42088,2015-03-25 00:00:00,SS-2051545,Shirley Schmidt,Home Office,France,Europe,Western Europe,OFF-ST-5687,Office Supplies,Storage,"Rogers Box, Industrial",88.02000000000001,4,0.1,-9.780000000000001
ES-2015-MH1811548-42073,2015-03-10 00:00:00,MH-1811548,Mick Hernandez,Home Office,Germany,Europe,Western Europe,OFF-SU-4982,Office Supplies,Supplies,"Kleencut Ruler, High Speed",54.239999999999995,4,0,11.879999999999999
MX-2015-NS1850531-42073,2015-03-10 00:00:00,NS-1850531,Neola Schneider,Consumer,Cuba,LATAM,Caribbean,OFF-AR-3468,Office Supplies,Art,"BIC Sketch Pad, Blue",162.2,5,0,30.8
ES-2015-SD2048564-42081,2015-03-18 00:00:00,SD-2048564,Shirley Daniels,Home Office,Italy,Europe,Southern Europe,OFF-AR-3534,Office Supplies,Art,"Boston Highlighters, Water Color",110.24999999999999,5,0,19.8
MX-2015-SS20515100-42091,2015-03-28 00:00:00,SS-20515100,Shirley Schmidt,Home Office,Paraguay,LATAM,South America,TEC-MA-5011,Technology,Machines,"Konica Phone, Red",55.56,1,0,10
US-2015-SW2045582-42087,2015-03-24 00:00:00,SW-2045582,Shaun Weien,Consumer,Mexico,LATAM,Central America,FUR-BO-3648,Furniture,Bookcases,"Bush Stackable Bookrack, Traditional",65.58399999999999,1,0.2,-2.475999999999999
CA-2015-JK15325140-42082,2015-03-19 00:00:00,JK-153251404,Jason Klamczynski,Corporate,United States,USCA,Western US,OFF-AP-4247,Office Supplies,Appliances,Fellowes Basic Home/Office Series Surge Protectors,90.86,7,0,26.349399999999992
ID-2015-DH1307559-42080,2015-03-17 00:00:00,DH-1307559,Dave Hallsten,Corporate,Indonesia,Asia Pacific,Southeastern Asia,FUR-BO-4844,Furniture,Bookcases,"Ikea 3-Shelf Cabinet, Metal",395.90099999999995,3,0.07,55.34100000000001
MG-2015-GG465084-42075,2015-03-12 00:00:00,GG-465084,Greg Guthrie,Corporate,Mongolia,Asia Pacific,Eastern Asia,OFF-EN-3094,Office Supplies,Envelopes,"Ames Clasp Envelope, with clear poly window",42.96,4,0,5.04
RS-2015-AG675108-42076,2015-03-13 00:00:00,AG-675108,Anna Gayman,Consumer,Russia,Europe,Eastern Europe,OFF-AR-3555,Office Supplies,Art,"Boston Sketch Pad, Water Color",51.78,1,0,1.53
ES-2015-SC2030545-42073,2015-03-10 00:00:00,SC-2030545,Sean Christensen,Consumer,France,Europe,Western Europe,OFF-AR-3534,Office Supplies,Art,"Boston Highlighters, Water Color",66.14999999999999,3,0,11.879999999999999
IR-2015-CK276060-42067,2015-03-04 00:00:00,CK-276060,Cyma Kinney,Corporate,Iran,Asia Pacific,Southern Asia,FUR-FU-6256,Furniture,Furnishings,"Tenex Frame, Erganomic",108.6,1,0,35.82
ES-2015-JG1580545-42069,2015-03-06 00:00:00,JG-1580545,John Grady,Corporate,France,Europe,Western Europe,OFF-LA-4680,Office Supplies,Labels,"Hon Removable Labels, Laser Printer Compatible",40.32,4,0,12.84
IN-2015-AF1087058-42090,2015-03-27 00:00:00,AF-1087058,Art Ferguson,Consumer,India,Asia Pacific,Southern Asia,OFF-LA-3322,Office Supplies,Labels,"Avery Shipping Labels, Alphabetical",58.349999999999994,5,0,23.25
US-2015-BT1153018-42077,2015-03-14 00:00:00,BT-1153018,Bradley Talbott,Home Office,Brazil,LATAM,South America,OFF-BI-2902,Office Supplies,Binders,"Acco Binding Machine, Recycled",27.440000000000005,2,0.6,-14.439999999999998
IN-2015-TS2120559-42082,2015-03-19 00:00:00,TS-2120559,Thomas Seio,Corporate,Indonesia,Asia Pacific,Southeastern Asia,OFF-AR-3449,Office Supplies,Art,"BIC Canvas, Fluorescent",120.36240000000001,3,0.27,9.842399999999998
US-2015-JD1601536-42071,2015-03-08 00:00:00,JD-1601536,Joy Daniels,Consumer,Dominican Republic,LATAM,Caribbean,FUR-BO-3647,Furniture,Bookcases,"Bush Stackable Bookrack, Pine",49.943999999999996,1,0.4,-6.676000000000005
SF-2015-MR7545117-42077,2015-03-14 00:00:00,MR-7545117,Mathew Reese,Home Office,South Africa,Africa,Southern Africa,OFF-ST-4060,Office Supplies,Storage,"Eldon Folders, Blue",16.98,1,0,2.88
US-2015-SS2051555-42081,2015-03-18 00:00:00,SS-2051555,Shirley Schmidt,Home Office,Honduras,LATAM,Central America,TEC-AC-5883,Technology,Accessories,"SanDisk Mouse, USB",30.815999999999992,2,0.4,-14.383999999999997
US-2015-EH1394582-42085,2015-03-22 00:00:00,EH-1394582,Eric Hoffmann,Consumer,Mexico,LATAM,Central America,OFF-AR-3483,Office Supplies,Art,"Binney & Smith Highlighters, Fluorescent",59.499999999999986,5,0,11.3
UP-2015-GZ4470137-42091,2015-03-28 00:00:00,GZ-4470137,Gary Zandusky,Consumer,Ukraine,Europe,Eastern Europe,OFF-SU-2980,Office Supplies,Supplies,"Acme Letter Opener, Steel",118.44000000000001,4,0,48.480000000000004
ES-2015-SC20575139-42075,2015-03-12 00:00:00,SC-20575139,Sonia Cooley,Consumer,United Kingdom,Europe,Northern Europe,OFF-BI-2896,Office Supplies,Binders,"Acco Binder, Durable",74.925,5,0.1,14.925
ID-2015-MH181157-42084,2015-03-21 00:00:00,MH-181157,Mick Hernandez,Home Office,Australia,Asia Pacific,Oceania,FUR-CH-4626,Furniture,Chairs,"Hon Bag Chairs, Adjustable",300.13200000000006,7,0.1,46.66199999999999
IN-2015-ES1402027-42064,2015-03-01 00:00:00,ES-1402027,Erica Smith,Consumer,China,Asia Pacific,Eastern Asia,OFF-SU-4325,Office Supplies,Supplies,"Fiskars Trimmer, Easy Grip",87.84,2,0,20.16
ES-2015-ME1732045-42084,2015-03-21 00:00:00,ME-1732045,Maria Etezadi,Home Office,France,Europe,Western Europe,OFF-ST-4250,Office Supplies,Storage,"Fellowes Box, Blue",88.56,5,0.1,5.760000000000002
MX-2015-JW1522039-42077,2015-03-14 00:00:00,JW-1522039,Jane Waco,Corporate,El Salvador,LATAM,Central America,FUR-CH-4655,Furniture,Chairs,"Hon Executive Leather Armchair, Black",609.5199999999998,2,0,201.12
ID-2015-JF15415102-42067,2015-03-04 00:00:00,JF-15415102,Jennifer Ferguson,Consumer,Philippines,Asia Pacific,Southeastern Asia,FUR-CH-5372,Furniture,Chairs,"Novimex Chairmat, Red",42.255,1,0.25,1.6649999999999991
IN-2015-AW1084058-42083,2015-03-20 00:00:00,AW-1084058,Anthony Witt,Consumer,India,Asia Pacific,Southern Asia,OFF-AR-3501,Office Supplies,Art,"Binney & Smith Sketch Pad, Fluorescent",95.16,2,0,26.64
IN-2015-RP193907-42091,2015-03-28 00:00:00,RP-193907,Resi Pölking,Consumer,Australia,Asia Pacific,Oceania,OFF-SU-4973,Office Supplies,Supplies,"Kleencut Box Cutter, Easy Grip",72.53999999999999,2,0,7.92
TU-2015-TD10995134-42068,2015-03-05 00:00:00,TD-10995134,Tamara Dahlen,Consumer,Turkey,Asia Pacific,Western Asia,TEC-CO-3606,Technology,Copiers,"Brother Personal Copier, High-Speed",112.87200000000001,2,0.6,-107.268
ID-2015-ME177257-42081,2015-03-18 00:00:00,ME-177257,Max Engle,Consumer,Australia,Asia Pacific,Oceania,OFF-AR-3547,Office Supplies,Art,"Boston Pens, Easy-Erase",39.123000000000005,3,0.1,-0.027000000000000135
NI-2015-EJ372095-42082,2015-03-19 00:00:00,EJ-372095,Ed Jacobs,Consumer,Nigeria,Africa,Western Africa,OFF-AR-3501,Office Supplies,Art,"Binney & Smith Sketch Pad, Fluorescent",57.096000000000004,4,0.7,-123.74399999999999
MX-2015-SS20515100-42091,2015-03-28 00:00:00,SS-20515100,Shirley Schmidt,Home Office,Paraguay,LATAM,South America,OFF-BI-3294,Office Supplies,Binders,"Avery Index Tab, Durable",49.06,11,0,12.539999999999997
MX-2015-RB1964539-42071,2015-03-08 00:00:00,RB-1964539,Robert Barroso,Corporate,El Salvador,LATAM,Central America,FUR-FU-6268,Furniture,Furnishings,"Tenex Photo Frame, Black",69.12000000000002,2,0,29
MX-2015-FH1436539-42081,2015-03-18 00:00:00,FH-1436539,Fred Hopkins,Corporate,El Salvador,LATAM,Central America,OFF-SU-4134,Office Supplies,Supplies,"Elite Shears, Steel",92.82,3,0,0
ID-2015-NM18445118-42073,2015-03-10 00:00:00,NM-18445118,Nathan Mautz,Home Office,South Korea,Asia Pacific,Eastern Asia,OFF-SU-4985,Office Supplies,Supplies,"Kleencut Scissors, Easy Grip",35.86500000000001,3,0.5,-26.59500000000001
IN-2015-DA134507-42094,2015-03-31 00:00:00,DA-134507,Dianna Arnett,Home Office,Australia,Asia Pacific,Oceania,FUR-FU-3027,Furniture,Furnishings,"Advantus Door Stop, Black",40.527,1,0.1,13.947000000000003
MX-2015-FH1436539-42081,2015-03-18 00:00:00,FH-1436539,Fred Hopkins,Corporate,El Salvador,LATAM,Central America,OFF-PA-6620,Office Supplies,Paper,"Xerox Note Cards, Recycled",52.55999999999999,3,0,12.6
MX-2015-AJ1079582-42066,2015-03-03 00:00:00,AJ-1079582,Anthony Johnson,Corporate,Mexico,LATAM,Central America,OFF-EN-5027,Office Supplies,Envelopes,"Kraft Clasp Envelope, Set of 50",84,14,0,37.8
RS-2015-RP9270108-42083,2015-03-20 00:00:00,RP-9270108,Rachel Payne,Corporate,Russia,Europe,Eastern Europe,OFF-LA-3262,Office Supplies,Labels,"Avery Color Coded Labels, Alphabetical",26.22,2,0,10.74
ID-2015-TB2162559-42084,2015-03-21 00:00:00,TB-2162559,Trudy Brown,Consumer,Indonesia,Asia Pacific,Southeastern Asia,OFF-AR-5920,Office Supplies,Art,"Sanford Markers, Water Color",77.17559999999999,4,0.27,-5.384399999999996
MO-2015-BD132086-42080,2015-03-17 00:00:00,BD-132086,Bill Donatelli,Consumer,Morocco,Africa,North Africa,OFF-BI-6372,Office Supplies,Binders,"Wilson Jones 3-Hole Punch, Recycled",56.7,2,0,16.98
SA-2015-TS11655110-42084,2015-03-21 00:00:00,TS-11655110,Trudy Schmidt,Consumer,Saudi Arabia,Asia Pacific,Western Asia,OFF-BI-4807,Office Supplies,Binders,"Ibico Binder Covers, Clear",78.66,6,0,5.3999999999999995
RS-2015-SB10290108-42082,2015-03-19 00:00:00,SB-10290108,Sean Braxton,Corporate,Russia,Europe,Eastern Europe,OFF-SU-4980,Office Supplies,Supplies,"Kleencut Letter Opener, Steel",23.759999999999998,1,0,5.9399999999999995
CA-2015-JC15775140-42089,2015-03-26 00:00:00,JC-157751402,John Castell,Consumer,United States,USCA,Central US,TEC-PH-5564,Technology,Phones,Panasonic KX-TG9471B,470.3760000000001,3,0.2,47.037600000000026
SF-2015-EH3945117-42075,2015-03-12 00:00:00,EH-3945117,Eric Hoffmann,Consumer,South Africa,Africa,Southern Africa,OFF-BI-2912,Office Supplies,Binders,"Acco Hole Reinforcements, Clear",24.48,4,0,0.96
MX-2015-EM1420018-42073,2015-03-10 00:00:00,EM-1420018,Evan Minnotte,Home Office,Brazil,LATAM,South America,OFF-EN-4437,Office Supplies,Envelopes,"GlobeWeis Clasp Envelope, Set of 50",26.4,4,0,8.4
WZ-2015-HR4770123-42081,2015-03-18 00:00:00,HR-4770123,Hallie Redmond,Home Office,Swaziland,Africa,Southern Africa,TEC-AC-4158,Technology,Accessories,"Enermax Keyboard, USB",83.67,1,0,27.599999999999998
IN-2015-PF1916558-42093,2015-03-30 00:00:00,PF-1916558,Philip Fox,Consumer,India,Asia Pacific,Southern Asia,OFF-BI-3736,Office Supplies,Binders,"Cardinal Hole Reinforcements, Recycled",39.9,7,0,9.87
IN-2015-VP2173058-42085,2015-03-22 00:00:00,VP-2173058,Victor Preis,Home Office,India,Asia Pacific,Southern Asia,FUR-FU-6236,Furniture,Furnishings,"Tenex Clock, Black",100.5,2,0,17.04
US-2015-KH1636098-42094,2015-03-31 00:00:00,KH-1636098,Katherine Hughes,Consumer,Panama,LATAM,Central America,FUR-CH-4630,Furniture,Chairs,"Hon Chairmat, Adjustable",69.624,3,0.4,-19.776000000000003
US-2015-BT1153018-42077,2015-03-14 00:00:00,BT-1153018,Bradley Talbott,Home Office,Brazil,LATAM,South America,OFF-BI-2895,Office Supplies,Binders,"Acco Binder, Clear",19.480000000000004,5,0.6,-11.719999999999999
US-2015-EH1394582-42085,2015-03-22 00:00:00,EH-1394582,Eric Hoffmann,Consumer,Mexico,LATAM,Central America,FUR-CH-5397,Furniture,Chairs,"Novimex Rocking Chair, Set of Two",71.296,1,0.2,14.256
MA-2015-SC1038077-42094,2015-03-31 00:00:00,SC-1038077,Shahid Collister,Consumer,Madagascar,Africa,Eastern Africa,OFF-AR-5926,Office Supplies,Art,"Sanford Pens, Fluorescent",49.44,4,0,13.799999999999999
ES-2015-GT1475545-42066,2015-03-03 00:00:00,GT-1475545,Guy Thornton,Consumer,France,Europe,Western Europe,OFF-BI-6372,Office Supplies,Binders,"Wilson Jones 3-Hole Punch, Recycled",85.05000000000001,3,0,25.47
CA-2015-JL15835140-42089,2015-03-26 00:00:00,JL-158351406,John Lee,Consumer,United States,USCA,Eastern US,OFF-AR-5288,Office Supplies,Art,Newell 311,11.05,5,0,2.9835000000000003
MX-2015-DC1285082-42069,2015-03-06 00:00:00,DC-1285082,Dan Campbell,Consumer,Mexico,LATAM,Central America,OFF-LA-4552,Office Supplies,Labels,"Harbour Creations Shipping Labels, 5000 Label Set",23.7,3,0,3.3
IN-2015-CS118457-42070,2015-03-07 00:00:00,CS-118457,Cari Sayre,Corporate,Australia,Asia Pacific,Oceania,TEC-AC-5864,Technology,Accessories,"SanDisk Keyboard, Bluetooth",81.48000000000002,1,0,19.53
MX-2015-EM1420018-42073,2015-03-10 00:00:00,EM-1420018,Evan Minnotte,Home Office,Brazil,LATAM,South America,OFF-LA-5383,Office Supplies,Labels,"Novimex File Folder Labels, Adjustable",20.499999999999996,5,0,8.2
TU-2015-TW11025134-42076,2015-03-13 00:00:00,TW-11025134,Tamara Willingham,Home Office,Turkey,Asia Pacific,Western Asia,FUR-BO-5799,Furniture,Bookcases,"Safco Stackable Bookrack, Traditional",59.376000000000005,1,0.6,-65.33399999999999
UZ-2015-ES4080142-42094,2015-03-31 00:00:00,ES-4080142,Erin Smith,Corporate,Uzbekistan,Asia Pacific,Central Asia,TEC-MA-5570,Technology,Machines,"Panasonic Phone, Wireless",169.68,2,0,6.779999999999999
ID-2015-VP2176088-42082,2015-03-19 00:00:00,VP-2176088,Victoria Pisteka,Corporate,Myanmar (Burma),Asia Pacific,Southeastern Asia,FUR-CH-4655,Furniture,Chairs,"Hon Executive Leather Armchair, Black",1001.1365999999996,3,0.27,-233.21339999999992
ES-2015-SM2090545-42090,2015-03-27 00:00:00,SM-2090545,Susan MacKendrick,Consumer,France,Europe,Western Europe,OFF-AR-3495,Office Supplies,Art,"Binney & Smith Pens, Blue",35.82000000000001,3,0,15.03
IN-2015-DB1340558-42094,2015-03-31 00:00:00,DB-1340558,Denny Blanton,Consumer,India,Asia Pacific,Southern Asia,FUR-FU-6278,Furniture,Furnishings,"Tenex Stacking Tray, Erganomic",47.7,2,0,19.98
IN-2015-BD1132027-42081,2015-03-18 00:00:00,BD-1132027,Bill Donatelli,Consumer,China,Asia Pacific,Eastern Asia,OFF-PA-3991,Office Supplies,Paper,"Eaton Computer Printout Paper, Multicolor",83.88,3,0,30.96
MX-2015-FH1436539-42081,2015-03-18 00:00:00,FH-1436539,Fred Hopkins,Corporate,El Salvador,LATAM,Central America,OFF-BI-3718,Office Supplies,Binders,"Cardinal Binder Covers, Economy",40,5,0,6.4
ES-2015-AH1019564-42067,2015-03-04 00:00:00,AH-1019564,Alan Haines,Corporate,Italy,Europe,Southern Europe,OFF-AP-4749,Office Supplies,Appliances,"Hoover Toaster, White",163.56,2,0,57.239999999999995
CA-2015-JA15970140-42066,2015-03-03 00:00:00,JA-159701406,Joseph Airdo,Consumer,United States,USCA,Eastern US,OFF-BI-4372,Office Supplies,Binders,GBC VeloBind Cover Sets,18.528000000000002,4,0.7,-12.352
IN-2015-DJ1351027-42085,2015-03-22 00:00:00,DJ-1351027,Don Jones,Corporate,China,Asia Pacific,Eastern Asia,OFF-PA-4477,Office Supplies,Paper,"Green Bar Message Books, Recycled",71.1,3,0,16.29
LO-2015-AH195114-42091,2015-03-28 00:00:00,AH-195114,Alan Haines,Corporate,Slovakia,Europe,Eastern Europe,OFF-ST-4263,Office Supplies,Storage,"Fellowes Folders, Single Width",105.71999999999998,4,0,43.32
CA-2015-JB16000140-42077,2015-03-14 00:00:00,JB-160001406,Joy Bell-,Consumer,United States,USCA,Eastern US,OFF-BI-3245,Office Supplies,Binders,Avery Arch Ring Binders,174.3,3,0,81.92099999999999
ES-2015-AW1093064-42078,2015-03-15 00:00:00,AW-1093064,Arthur Wiediger,Home Office,Italy,Europe,Southern Europe,OFF-FA-6189,Office Supplies,Fasteners,"Stockwell Paper Clips, Assorted Sizes",56.7,5,0,5.549999999999999
MX-2015-AJ1079582-42066,2015-03-03 00:00:00,AJ-1079582,Anthony Johnson,Corporate,Mexico,LATAM,Central America,OFF-EN-3103,Office Supplies,Envelopes,"Ames Mailers, with clear poly window",78.78,3,0,13.38
US-2015-KT1646554-42084,2015-03-21 00:00:00,KT-1646554,Kean Takahito,Consumer,Haiti,LATAM,Caribbean,OFF-BI-2897,Office Supplies,Binders,"Acco Binder, Economy",84.83999999999999,14,0.4,-14.280000000000012
ID-2015-GT14635118-42083,2015-03-20 00:00:00,GT-14635118,Grant Thornton,Corporate,South Korea,Asia Pacific,Eastern Asia,OFF-EN-3100,Office Supplies,Envelopes,"Ames Mailers, Recycled",51.974999999999994,3,0.5,-24.974999999999994
ES-2015-GG1465048-42094,2015-03-31 00:00:00,GG-1465048,Greg Guthrie,Corporate,Germany,Europe,Western Europe,OFF-AR-3537,Office Supplies,Art,"Boston Markers, Blue",79.11000000000001,3,0,32.400000000000006
BO-2015-MS798013-42091,2015-03-28 00:00:00,MS-798013,Michael Stewart,Corporate,Belarus,Europe,Eastern Europe,OFF-AR-6114,Office Supplies,Art,"Stanley Markers, Blue",133.2,6,0,11.879999999999999
CA-2015-JD16060140-42069,2015-03-06 00:00:00,JD-160601402,Julia Dunbar,Consumer,United States,USCA,Central US,OFF-BI-4360,Office Supplies,Binders,GBC ProClick Punch Binding System,127.96,2,0,62.7004
CA-2015-JD16060140-42069,2015-03-06 00:00:00,JD-160601402,Julia Dunbar,Consumer,United States,USCA,Central US,OFF-ST-5672,Office Supplies,Storage,Recycled Steel Personal File for Standard File Folders,221.16,4,0,57.501599999999996
CA-2015-JD16060140-42069,2015-03-06 00:00:00,JD-160601402,Julia Dunbar,Consumer,United States,USCA,Central US,OFF-FA-3040,Office Supplies,Fasteners,Advantus Map Pennant Flags and Round Head Tacks,7.9,2,0,2.5279999999999996
CA-2015-JD16060140-42069,2015-03-06 00:00:00,JD-160601402,Julia Dunbar,Consumer,United States,USCA,Central US,OFF-BI-3288,Office Supplies,Binders,Avery Hole Reinforcements,18.69,3,0,9.158100000000001
MA-2015-SC1038077-42094,2015-03-31 00:00:00,SC-1038077,Shahid Collister,Consumer,Madagascar,Africa,Eastern Africa,OFF-LA-4543,Office Supplies,Labels,"Harbour Creations Removable Labels, Laser Printer Compatible",40.68,4,0,18.240000000000002
IT-2015-CA12055120-42082,2015-03-19 00:00:00,CA-12055120,Cathy Armstrong,Home Office,Spain,Europe,Southern Europe,OFF-ST-6250,Office Supplies,Storage,"Tenex Folders, Industrial",85.32000000000001,4,0.1,-9.480000000000002
MX-2015-AJ1079582-42066,2015-03-03 00:00:00,AJ-1079582,Anthony Johnson,Corporate,Mexico,LATAM,Central America,OFF-PA-4472,Office Supplies,Paper,"Green Bar Memo Slips, Premium",56.5,5,0,23.1
CM-2015-MC813022-42082,2015-03-19 00:00:00,MC-813022,Mike Caudle,Corporate,Cameroon,Africa,Central Africa,OFF-PA-5853,Office Supplies,Paper,"SanDisk Computer Printout Paper, Premium",59.58,2,0,13.080000000000002
MX-2015-FH1436539-42081,2015-03-18 00:00:00,FH-1436539,Fred Hopkins,Corporate,El Salvador,LATAM,Central America,OFF-ST-5687,Office Supplies,Storage,"Rogers Box, Industrial",65.2,4,0,24.080000000000002
EG-2015-FO430538-42077,2015-03-14 00:00:00,FO-430538,Frank Olsen,Consumer,Egypt,Africa,North Africa,OFF-BI-2882,Office Supplies,Binders,"Acco 3-Hole Punch, Durable",63.24000000000001,2,0,25.92
MX-2015-TS2137039-42091,2015-03-28 00:00:00,TS-2137039,Todd Sumrall,Corporate,El Salvador,LATAM,Central America,TEC-PH-3798,Technology,Phones,"Cisco Office Telephone, VoIP",107.4,2,0,44
CA-2015-JD16150140-42089,2015-03-26 00:00:00,JD-161501402,Justin Deggeller,Corporate,United States,USCA,Central US,FUR-CH-5090,Furniture,Chairs,"Lifetime Advantage Folding Chairs, 4/Carton",1526.5600000000002,7,0,427.43679999999995
CA-2015-JD16150140-42089,2015-03-26 00:00:00,JD-161501402,Justin Deggeller,Corporate,United States,USCA,Central US,FUR-CH-4412,Furniture,Chairs,"Global High-Back Leather Tilter, Burgundy",368.96999999999997,3,0,40.58669999999998
CA-2015-JD16150140-42089,2015-03-26 00:00:00,JD-161501402,Justin Deggeller,Corporate,United States,USCA,Central US,FUR-CH-4411,Furniture,Chairs,Global Highback Leather Tilter in Burgundy,90.99,1,0,14.558400000000006
BN-2015-GH441015-42072,2015-03-09 00:00:00,GH-441015,Gary Hansen,Home Office,Benin,Africa,Western Africa,OFF-AP-3862,Office Supplies,Appliances,"Cuisinart Coffee Grinder, Silver",39.36,1,0,7.86
IT-2015-MA1799548-42080,2015-03-17 00:00:00,MA-1799548,Michelle Arnett,Home Office,Germany,Europe,Western Europe,OFF-LA-4542,Office Supplies,Labels,"Harbour Creations Removable Labels, Adjustable",41.25,5,0,5.700000000000001
MO-2015-AY55586-42076,2015-03-13 00:00:00,AY-55586,Andy Yotov,Corporate,Morocco,Africa,North Africa,OFF-ST-4293,Office Supplies,Storage,"Fellowes Trays, Blue",57.39,1,0,3.99
ES-2015-ED1388548-42080,2015-03-17 00:00:00,ED-1388548,Emily Ducich,Home Office,Germany,Europe,Western Europe,OFF-FA-6189,Office Supplies,Fasteners,"Stockwell Paper Clips, Assorted Sizes",55.56,4,0,7.68
IT-2015-AB1001548-42074,2015-03-11 00:00:00,AB-1001548,Aaron Bergman,Consumer,Germany,Europe,Western Europe,OFF-ST-6272,Office Supplies,Storage,"Tenex Shelving, Blue",98.38799999999999,2,0.1,-5.472
US-2015-NP183255-42087,2015-03-24 00:00:00,NP-183255,Naresj Patel,Consumer,Argentina,LATAM,South America,TEC-PH-3798,Technology,Phones,"Cisco Office Telephone, VoIP",64.44,2,0.4,1.0399999999999978
CA-2015-KF16285140-42077,2015-03-14 00:00:00,KF-162851404,Karen Ferguson,Home Office,United States,USCA,Western US,OFF-PA-5274,Office Supplies,Paper,Multicolor Computer Printout Paper,314.54999999999995,3,0,150.98399999999998
ES-2015-NS1850562-42094,2015-03-31 00:00:00,NS-1850562,Neola Schneider,Consumer,Ireland,Europe,Northern Europe,OFF-ST-5694,Office Supplies,Storage,"Rogers Folders, Blue",30.689999999999998,2,0.5,-29.49
ES-2015-HG14965120-42080,2015-03-17 00:00:00,HG-14965120,Henry Goldwyn,Corporate,Spain,Europe,Southern Europe,OFF-EN-4443,Office Supplies,Envelopes,"GlobeWeis Mailers, Recycled",37.349999999999994,1,0,4.47
IN-2015-GZ1454527-42094,2015-03-31 00:00:00,GZ-1454527,George Zrebassa,Corporate,China,Asia Pacific,Eastern Asia,FUR-FU-5739,Furniture,Furnishings,"Rubbermaid Stacking Tray, Black",50.400000000000006,2,0,11.040000000000001
CA-2015-KS16300140-42074,2015-03-11 00:00:00,KS-163001408,Karen Seio,Corporate,United States,USCA,Southern US,OFF-AP-4223,Office Supplies,Appliances,Euro Pro Shark Stick Mini Vacuum,48.784,1,0.2,3.6587999999999976
CA-2015-KS16300140-42074,2015-03-11 00:00:00,KS-163001408,Karen Seio,Corporate,United States,USCA,Southern US,OFF-BI-4567,Office Supplies,Binders,Heavy-Duty E-Z-D Binders,13.092000000000002,4,0.7,-10.037199999999999
CA-2015-KB16315140-42073,2015-03-10 00:00:00,KB-163151404,Karl Braun,Consumer,United States,USCA,Western US,TEC-CO-4583,Technology,Copiers,Hewlett Packard 310 Color Digital Copier,479.98400000000004,2,0.2,59.99799999999996
CA-2015-KB16315140-42073,2015-03-10 00:00:00,KB-163151404,Karl Braun,Consumer,United States,USCA,Western US,OFF-BI-3983,Office Supplies,Binders,DXL Angle-View Binders with Locking Rings by Samsill,30.84,5,0.2,9.6375
ID-2015-DH1307559-42080,2015-03-17 00:00:00,DH-1307559,Dave Hallsten,Corporate,Indonesia,Asia Pacific,Southeastern Asia,OFF-EN-4917,Office Supplies,Envelopes,"Jiffy Mailers, with clear poly window",43.1526,2,0.47000000000000003,-6.5274
US-2015-RH1955518-42079,2015-03-16 00:00:00,RH-1955518,Ritsa Hightower,Consumer,Brazil,LATAM,South America,OFF-ST-6275,Office Supplies,Storage,"Tenex Shelving, Wire Frame",42.984,3,0.6,-52.65599999999999
ID-2015-SC202307-42082,2015-03-19 00:00:00,SC-202307,Scot Coram,Corporate,Australia,Asia Pacific,Oceania,OFF-ST-6058,Office Supplies,Storage,"Smead Shelving, Industrial",133.407,3,0.1,-0.06300000000000061
MX-2015-FH1436539-42081,2015-03-18 00:00:00,FH-1436539,Fred Hopkins,Corporate,El Salvador,LATAM,Central America,OFF-PA-5878,Office Supplies,Paper,"SanDisk Message Books, Premium",47.64,3,0,15.239999999999998
IN-2015-AT1043527-42090,2015-03-27 00:00:00,AT-1043527,Alyssa Tate,Home Office,China,Asia Pacific,Eastern Asia,OFF-LA-5405,Office Supplies,Labels,"Novimex Shipping Labels, Laser Printer Compatible",54.89999999999999,5,0,8.7
ES-2015-MJ17740139-42073,2015-03-10 00:00:00,MJ-17740139,Max Jones,Consumer,United Kingdom,Europe,Northern Europe,OFF-AR-6107,Office Supplies,Art,"Stanley Canvas, Fluorescent",101.46000000000001,2,0,32.46
ID-2015-BD11725102-42085,2015-03-22 00:00:00,BD-11725102,Bruce Degenhardt,Consumer,Philippines,Asia Pacific,Southeastern Asia,OFF-EN-3664,Office Supplies,Envelopes,"Cameo Interoffice Envelope, with clear poly window",56.067000000000014,2,0.45,-33.693000000000005
IT-2015-OT1873091-42077,2015-03-14 00:00:00,OT-1873091,Olvera Toch,Consumer,Netherlands,Europe,Western Europe,OFF-PA-6608,Office Supplies,Paper,"Xerox Computer Printout Paper, Recycled",52.5,4,0.5,-17.939999999999998
ZA-2015-LS6975146-42077,2015-03-14 00:00:00,LS-6975146,Lindsay Shagiari,Home Office,Zambia,Africa,Eastern Africa,OFF-BI-6379,Office Supplies,Binders,"Wilson Jones Binder, Durable",29.04,2,0,1.1400000000000001
MX-2015-VF2171582-42074,2015-03-11 00:00:00,VF-2171582,Vicky Freymann,Home Office,Mexico,LATAM,Central America,FUR-FU-4075,Furniture,Furnishings,"Eldon Light Bulb, Duo Pack",40.416000000000004,4,0.4,2.0160000000000027
IZ-2015-ME772561-42069,2015-03-06 00:00:00,ME-772561,Max Engle,Consumer,Iraq,Asia Pacific,Western Asia,OFF-SU-2996,Office Supplies,Supplies,"Acme Shears, Steel",98.64000000000001,2,0,35.46
ES-2015-MG1789048-42084,2015-03-21 00:00:00,MG-1789048,Michael Granlund,Home Office,Germany,Europe,Western Europe,OFF-ST-4105,Office Supplies,Storage,"Eldon Trays, Blue",129.519,3,0.1,11.439
ID-2015-TT212207-42075,2015-03-12 00:00:00,TT-212207,Thomas Thornton,Consumer,Australia,Asia Pacific,Oceania,OFF-LA-3310,Office Supplies,Labels,"Avery Removable Labels, 5000 Label Set",20.034,3,0.4,-1.3859999999999992
IR-2015-JS588060-42070,2015-03-07 00:00:00,JS-588060,John Stevenson,Consumer,Iran,Asia Pacific,Southern Asia,OFF-AR-5923,Office Supplies,Art,"Sanford Pencil Sharpener, Water Color",52.199999999999996,2,0,13.559999999999999
NI-2015-TS1150595-42082,2015-03-19 00:00:00,TS-1150595,Tony Sayre,Consumer,Nigeria,Africa,Western Africa,TEC-PH-5263,Technology,Phones,"Motorola Signal Booster, Cordless",43.79400000000001,1,0.7,-36.516000000000005
MX-2015-BM1157593-42094,2015-03-31 00:00:00,BM-1157593,Brendan Murry,Corporate,Nicaragua,LATAM,Central America,OFF-LA-4640,Office Supplies,Labels,"Hon Color Coded Labels, Laser Printer Compatible",25.620000000000005,3,0,12.780000000000001
US-2015-Co1264082-42077,2015-03-14 00:00:00,Co-1264082,Corey-Lock,Consumer,Mexico,LATAM,Central America,FUR-CH-5439,Furniture,Chairs,"Office Star Chairmat, Red",70.208,2,0.2,-6.152000000000001
CG-2015-PF912033-42069,2015-03-06 00:00:00,PF-912033,Peter Fuller,Consumer,Democratic Republic of the Congo,Africa,Central Africa,OFF-AR-6120,Office Supplies,Art,"Stanley Pencil Sharpener, Water Color",55.92,2,0,2.2199999999999998
ID-2015-MH181157-42084,2015-03-21 00:00:00,MH-181157,Mick Hernandez,Home Office,Australia,Asia Pacific,Oceania,OFF-SU-6172,Office Supplies,Supplies,"Stiletto Scissors, Easy Grip",45.414,2,0.1,-2.0460000000000003
CG-2015-RD972033-42080,2015-03-17 00:00:00,RD-972033,Roger Demir,Consumer,Democratic Republic of the Congo,Africa,Central Africa,OFF-ST-6065,Office Supplies,Storage,"Smead Trays, Blue",48.480000000000004,1,0,6.300000000000001
IN-2015-AB1025527-42082,2015-03-19 00:00:00,AB-1025527,Alejandro Ballentine,Home Office,China,Asia Pacific,Eastern Asia,OFF-BI-3253,Office Supplies,Binders,"Avery Binder, Economy",103.19999999999999,8,0,42.24
US-2015-BK11260101-42078,2015-03-15 00:00:00,BK-11260101,Berenike Kampe,Consumer,Peru,LATAM,South America,OFF-LA-3320,Office Supplies,Labels,"Avery Shipping Labels, 5000 Label Set",39.16799999999999,8,0.4,-22.912
SU-2015-SD10485122-42084,2015-03-21 00:00:00,SD-10485122,Shirley Daniels,Home Office,Sudan,Africa,North Africa,OFF-ST-6041,Office Supplies,Storage,"Smead Folders, Wire Frame",66.24,4,0,3.96
ES-2015-TD2099548-42089,2015-03-26 00:00:00,TD-2099548,Tamara Dahlen,Consumer,Germany,Europe,Western Europe,OFF-ST-4095,Office Supplies,Storage,"Eldon Shelving, Industrial",44.010000000000005,1,0.1,-3.4500000000000006
ES-2015-TZ2158048-42082,2015-03-19 00:00:00,TZ-2158048,Tracy Zic,Consumer,Germany,Europe,Western Europe,OFF-AR-3490,Office Supplies,Art,"Binney & Smith Markers, Fluorescent",50.699999999999996,2,0,13.68
ES-2015-GT1475545-42066,2015-03-03 00:00:00,GT-1475545,Guy Thornton,Consumer,France,Europe,Western Europe,OFF-BI-4807,Office Supplies,Binders,"Ibico Binder Covers, Clear",39.33,3,0,2.6999999999999997
UP-2015-GM4440137-42073,2015-03-10 00:00:00,GM-4440137,Gary McGarr,Consumer,Ukraine,Europe,Eastern Europe,OFF-AR-3534,Office Supplies,Art,"Boston Highlighters, Water Color",22.049999999999997,1,0,3.96
CA-2015-KB16585140-42076,2015-03-13 00:00:00,KB-165851406,Ken Black,Corporate,United States,USCA,Eastern US,TEC-PH-5630,Technology,Phones,PowerGen Dual USB Car Charger,69.93,7,0,32.1678
IN-2015-RB1943558-42090,2015-03-27 00:00:00,RB-1943558,Richard Bierner,Consumer,India,Asia Pacific,Southern Asia,FUR-CH-4632,Furniture,Chairs,"Hon Chairmat, Red",111.06,2,0,27.72
MX-2015-DL128655-42090,2015-03-27 00:00:00,DL-128655,Dan Lawera,Consumer,Argentina,LATAM,South America,TEC-AC-5221,Technology,Accessories,"Memorex Numeric Keypad, Erganomic",56.052,3,0.4,-0.047999999999996136
IN-2015-CC1210059-42078,2015-03-15 00:00:00,CC-1210059,Chad Cunningham,Home Office,Indonesia,Asia Pacific,Southeastern Asia,OFF-BI-3726,Office Supplies,Binders,"Cardinal Binding Machine, Economy",165.23640000000003,4,0.17,33.83639999999998
TZ-2015-CG2520129-42094,2015-03-31 00:00:00,CG-2520129,Claire Gute,Consumer,Tanzania,Africa,Eastern Africa,OFF-AR-6106,Office Supplies,Art,"Stanley Canvas, Easy-Erase",49.739999999999995,1,0,11.91
MX-2015-AJ1079582-42066,2015-03-03 00:00:00,AJ-1079582,Anthony Johnson,Corporate,Mexico,LATAM,Central America,OFF-BI-3723,Office Supplies,Binders,"Cardinal Binder, Recycled",47.29999999999999,5,0,9.4
SF-2015-EH3945117-42075,2015-03-12 00:00:00,EH-3945117,Eric Hoffmann,Consumer,South Africa,Africa,Southern Africa,OFF-BI-3249,Office Supplies,Binders,"Avery Binder Covers, Recycled",11.43,1,0,4.11
ID-2015-MG17680144-42078,2015-03-15 00:00:00,MG-17680144,Maureen Gastineau,Home Office,Vietnam,Asia Pacific,Southeastern Asia,OFF-LA-4657,Office Supplies,Labels,"Hon File Folder Labels, 5000 Label Set",29.979599999999998,4,0.17,7.179600000000001
CA-2015-KD16615140-42080,2015-03-17 00:00:00,KD-166151404,Ken Dana,Corporate,United States,USCA,Western US,OFF-ST-3981,Office Supplies,Storage,"Dual Level, Single-Width Filing Carts",310.12,2,0,80.6312
CA-2015-KD16615140-42080,2015-03-17 00:00:00,KD-166151404,Ken Dana,Corporate,United States,USCA,Western US,OFF-AP-3504,Office Supplies,Appliances,Bionaire Personal Warm Mist Humidifier/Vaporizer,140.67000000000002,3,0,54.86130000000001
CA-2015-KD16615140-42080,2015-03-17 00:00:00,KD-166151404,Ken Dana,Corporate,United States,USCA,Western US,OFF-BI-6628,Office Supplies,Binders,"XtraLife ClearVue Slant-D Ring Binder, White, 3""",70.464,6,0.2,22.900799999999997
CA-2015-KD16615140-42066,2015-03-03 00:00:00,KD-166151404,Ken Dana,Corporate,United States,USCA,Western US,OFF-BI-3749,Office Supplies,Binders,Catalog Binders with Expanding Posts,107.64800000000001,2,0.2,33.639999999999986
CA-2015-KD16615140-42080,2015-03-17 00:00:00,KD-166151404,Ken Dana,Corporate,United States,USCA,Western US,OFF-BI-5643,Office Supplies,Binders,Pressboard Hanging Data Binders for Unburst Sheets,19.68,5,0.2,6.887999999999998
US-2015-KT1646554-42084,2015-03-21 00:00:00,KT-1646554,Kean Takahito,Consumer,Haiti,LATAM,Caribbean,OFF-PA-5847,Office Supplies,Paper,"SanDisk Cards & Envelopes, 8.5 x 11",63.07199999999999,3,0.4,-36.828
RW-2015-DP3000109-42069,2015-03-06 00:00:00,DP-3000109,Darren Powers,Consumer,Rwanda,Africa,Eastern Africa,OFF-AR-3468,Office Supplies,Art,"BIC Sketch Pad, Blue",48.66,1,0,8.73
ES-2015-NF18385139-42069,2015-03-06 00:00:00,NF-18385139,Natalie Fritzler,Consumer,United Kingdom,Europe,Northern Europe,TEC-AC-5100,Technology,Accessories,"Logitech Flash Drive, Erganomic",84.96000000000001,3,0,38.160000000000004
IN-2015-DA134507-42094,2015-03-31 00:00:00,DA-134507,Dianna Arnett,Home Office,Australia,Asia Pacific,Oceania,OFF-LA-4688,Office Supplies,Labels,"Hon Round Labels, Laser Printer Compatible",53.946,9,0.1,4.536
AU-2015-DD35708-42089,2015-03-26 00:00:00,DD-35708,Dorothy Dickinson,Consumer,Austria,Europe,Western Europe,OFF-SU-4126,Office Supplies,Supplies,"Elite Ruler, Steel",26.400000000000002,2,0,7.08
MX-2015-DK1289526-42090,2015-03-27 00:00:00,DK-1289526,Dana Kaydos,Consumer,Chile,LATAM,South America,OFF-FA-2957,Office Supplies,Fasteners,"Accos Staples, Bulk Pack",36.50000000000001,5,0,13.5
ID-2015-EB1411097-42088,2015-03-25 00:00:00,EB-1411097,Eugene Barchas,Consumer,Pakistan,Asia Pacific,Southern Asia,FUR-FU-6259,Furniture,Furnishings,"Tenex Light Bulb, Durable",76.60799999999999,6,0.2,-4.931999999999997
EG-2015-RD993038-42069,2015-03-06 00:00:00,RD-993038,Russell D'Ascenzo,Consumer,Egypt,Africa,North Africa,OFF-AR-3496,Office Supplies,Art,"Binney & Smith Pens, Easy-Erase",24.42,2,0,0
ES-2015-GG1465048-42094,2015-03-31 00:00:00,GG-1465048,Greg Guthrie,Corporate,Germany,Europe,Western Europe,OFF-BI-3253,Office Supplies,Binders,"Avery Binder, Economy",77.39999999999999,6,0,30.06
ES-2015-TG2164064-42066,2015-03-03 00:00:00,TG-2164064,Trudy Glocke,Consumer,Italy,Europe,Southern Europe,OFF-BI-2891,Office Supplies,Binders,"Acco Binder Covers, Clear",63.9,5,0,27.450000000000003
US-2015-MC1763582-42087,2015-03-24 00:00:00,MC-1763582,Matthew Clasen,Corporate,Mexico,LATAM,Central America,OFF-PA-6605,Office Supplies,Paper,"Xerox Computer Printout Paper, 8.5 x 11",40.64,2,0,0.8
ES-2015-ED1388548-42080,2015-03-17 00:00:00,ED-1388548,Emily Ducich,Home Office,Germany,Europe,Western Europe,OFF-BI-4808,Office Supplies,Binders,"Ibico Binder Covers, Durable",45.449999999999996,3,0,5.3999999999999995
ID-2015-PO19180102-42067,2015-03-04 00:00:00,PO-19180102,Philisse Overcash,Home Office,Philippines,Asia Pacific,Southeastern Asia,OFF-ST-6033,Office Supplies,Storage,"Smead File Cart, Single Width",70.884,1,0.45,-30.936000000000003
IN-2015-CC1210059-42078,2015-03-15 00:00:00,CC-1210059,Chad Cunningham,Home Office,Indonesia,Asia Pacific,Southeastern Asia,TEC-MA-6133,Technology,Machines,"StarTech Calculator, Red",61.602599999999995,2,0.17,19.2426
IN-2015-DB1340558-42094,2015-03-31 00:00:00,DB-1340558,Denny Blanton,Consumer,India,Asia Pacific,Southern Asia,FUR-FU-6277,Furniture,Furnishings,"Tenex Stacking Tray, Durable",50.46,2,0,18.66
RO-2015-TW11025107-42076,2015-03-13 00:00:00,TW-11025107,Tamara Willingham,Home Office,Romania,Europe,Eastern Europe,OFF-PA-6620,Office Supplies,Paper,"Xerox Note Cards, Recycled",26.28,1,0,5.25
TU-2015-DL3495134-42087,2015-03-24 00:00:00,DL-3495134,Dionis Lloyd,Corporate,Turkey,Asia Pacific,Western Asia,OFF-AR-5903,Office Supplies,Art,"Sanford Canvas, Easy-Erase",20.316000000000003,1,0.6,-23.873999999999995
MO-2015-AY55586-42076,2015-03-13 00:00:00,AY-55586,Andy Yotov,Corporate,Morocco,Africa,North Africa,TEC-CO-3696,Technology,Copiers,"Canon Ink, High-Speed",145.35,1,0,46.5
ES-2015-SC20575139-42075,2015-03-12 00:00:00,SC-20575139,Sonia Cooley,Consumer,United Kingdom,Europe,Northern Europe,OFF-FA-3062,Office Supplies,Fasteners,"Advantus Rubber Bands, Bulk Pack",44.793000000000006,3,0.1,11.402999999999999
ES-2015-JG1580545-42069,2015-03-06 00:00:00,JG-1580545,John Grady,Corporate,France,Europe,Western Europe,OFF-PA-6611,Office Supplies,Paper,"Xerox Memo Slips, Premium",27.060000000000002,2,0,6.48
MX-2015-JM1526531-42074,2015-03-11 00:00:00,JM-1526531,Janet Molinari,Corporate,Cuba,LATAM,Caribbean,OFF-PA-5876,Office Supplies,Paper,"SanDisk Message Books, 8.5 x 11",74.56,4,0,32
IN-2015-DB13660102-42089,2015-03-26 00:00:00,DB-13660102,Duane Benoit,Consumer,Philippines,Asia Pacific,Southeastern Asia,OFF-SU-4980,Office Supplies,Supplies,"Kleencut Letter Opener, Steel",26.136,2,0.45,2.3759999999999977
EG-2015-KW643538-42068,2015-03-05 00:00:00,KW-643538,Katrina Willman,Consumer,Egypt,Africa,North Africa,TEC-AC-3395,Technology,Accessories,"Belkin Mouse, USB",40.919999999999995,1,0,6.12
ES-2015-MH1744048-42069,2015-03-06 00:00:00,MH-1744048,Mark Haberlin,Corporate,Germany,Europe,Western Europe,OFF-AR-3461,Office Supplies,Art,"BIC Pencil Sharpener, Easy-Erase",43.92,3,0.5,-39.6
CA-2015-LC16870140-42091,2015-03-28 00:00:00,LC-168701408,Lena Cacioppo,Consumer,United States,USCA,Southern US,FUR-TA-3557,Furniture,Tables,BPI Conference Tables,292.1,2,0,58.41999999999999
CA-2015-LC16870140-42091,2015-03-28 00:00:00,LC-168701408,Lena Cacioppo,Consumer,United States,USCA,Southern US,OFF-ST-3747,Office Supplies,Storage,"Carina Mini System Audio Rack, Model AR050B",332.94,3,0,9.98820000000002
CA-2015-LC16870140-42091,2015-03-28 00:00:00,LC-168701408,Lena Cacioppo,Consumer,United States,USCA,Southern US,TEC-PH-5555,Technology,Phones,Panasonic KX - TS880B Telephone,206.1,5,0,55.647000000000006
MX-2015-DL128655-42090,2015-03-27 00:00:00,DL-128655,Dan Lawera,Consumer,Argentina,LATAM,South America,OFF-ST-5705,Office Supplies,Storage,"Rogers Shelving, Blue",49.70399999999999,2,0.4,-11.616000000000003
SA-2015-GZ4470110-42084,2015-03-21 00:00:00,GZ-4470110,Gary Zandusky,Consumer,Saudi Arabia,Asia Pacific,Western Asia,OFF-AR-5930,Office Supplies,Art,"Sanford Sketch Pad, Blue",45.480000000000004,1,0,1.35
IN-2015-NH1861058-42084,2015-03-21 00:00:00,NH-1861058,Nicole Hansen,Corporate,India,Asia Pacific,Southern Asia,OFF-LA-3273,Office Supplies,Labels,"Avery File Folder Labels, Alphabetical",26.82,3,0,7.74
MX-2015-NF1859518-42077,2015-03-14 00:00:00,NF-1859518,Nicole Fjeld,Home Office,Brazil,LATAM,South America,OFF-SU-2968,Office Supplies,Supplies,"Acme Box Cutter, Steel",49.599999999999994,2,0,7.44
CA-2015-LC16870140-42091,2015-03-28 00:00:00,LC-168701408,Lena Cacioppo,Consumer,United States,USCA,Southern US,OFF-PA-3114,Office Supplies,Paper,"Ampad Gold Fibre Wirebound Steno Books, 6"" x 9"", Gregg Ruled",17.64,4,0,8.1144
CA-2015-LC16870140-42091,2015-03-28 00:00:00,LC-168701408,Lena Cacioppo,Consumer,United States,USCA,Southern US,OFF-BI-4347,Office Supplies,Binders,GBC Instant Index System for Binding Systems,17.76,2,0,8.88
CA-2015-LC16870140-42091,2015-03-28 00:00:00,LC-168701408,Lena Cacioppo,Consumer,United States,USCA,Southern US,OFF-LA-3184,Office Supplies,Labels,"Avery 05222 Permanent Self-Adhesive File Folder Labels for Typewriters, on Rolls, White, 250/Roll",8.26,2,0,3.7996
MX-2015-AC1066082-42065,2015-03-02 00:00:00,AC-1066082,Anna Chung,Consumer,Mexico,LATAM,Central America,OFF-BI-6380,Office Supplies,Binders,"Wilson Jones Binder, Economy",17.36,2,0,8.48
RS-2015-AG675108-42076,2015-03-13 00:00:00,AG-675108,Anna Gayman,Consumer,Russia,Europe,Eastern Europe,OFF-EN-4924,Office Supplies,Envelopes,"Jiffy Peel and Seal, Security-Tint",44.82,2,0,4.92
IN-2015-GH1448566-42080,2015-03-17 00:00:00,GH-1448566,Gene Hale,Corporate,Japan,Asia Pacific,Eastern Asia,OFF-ST-4028,Office Supplies,Storage,"Eldon Box, Blue",71.82,7,0,24.359999999999996
MX-2015-Dp1324031-42080,2015-03-17 00:00:00,Dp-1324031,Dean percer,Home Office,Cuba,LATAM,Caribbean,OFF-FA-6206,Office Supplies,Fasteners,"Stockwell Thumb Tacks, Assorted Sizes",42.36,6,0,3.72
MX-2015-HG1484536-42070,2015-03-07 00:00:00,HG-1484536,Harry Greene,Consumer,Dominican Republic,LATAM,Caribbean,OFF-BI-2895,Office Supplies,Binders,"Acco Binder, Clear",15.584000000000003,2,0.2,3.103999999999999
MX-2015-DK1289526-42090,2015-03-27 00:00:00,DK-1289526,Dana Kaydos,Consumer,Chile,LATAM,South America,OFF-ST-4259,Office Supplies,Storage,"Fellowes File Cart, Single Width",457.8,5,0,54.9
ID-2015-MG1769559-42066,2015-03-03 00:00:00,MG-1769559,Maureen Gnade,Consumer,Indonesia,Asia Pacific,Southeastern Asia,OFF-FA-5482,Office Supplies,Fasteners,"OIC Staples, Bulk Pack",54.0918,9,0.47000000000000003,-43.108200000000004
ID-2015-KH1669097-42073,2015-03-10 00:00:00,KH-1669097,Kristen Hastings,Corporate,Pakistan,Asia Pacific,Southern Asia,OFF-EN-4906,Office Supplies,Envelopes,"Jiffy Clasp Envelope, Recycled",21.959999999999994,6,0.5,-9.719999999999994
CA-2015-LW16990140-42073,2015-03-10 00:00:00,LW-169901404,Lindsay Williams,Corporate,United States,USCA,Western US,TEC-AC-5142,Technology,Accessories,Logitech Wireless Headset h800,199.98,2,0,69.993
US-2015-JC1610555-42068,2015-03-05 00:00:00,JC-1610555,Julie Creighton,Corporate,Honduras,LATAM,Central America,OFF-SU-2985,Office Supplies,Supplies,"Acme Ruler, High Speed",53.472,8,0.4,-25.088000000000008
MX-2015-CM1211518-42076,2015-03-13 00:00:00,CM-1211518,Chad McGuire,Consumer,Brazil,LATAM,South America,OFF-BI-3713,Office Supplies,Binders,"Cardinal 3-Hole Punch, Durable",40.4,2,0,9.28
CA-2015-LP17095140-42067,2015-03-04 00:00:00,LP-170951408,Liz Preis,Consumer,United States,USCA,Southern US,OFF-AP-2887,Office Supplies,Appliances,Acco 6 Outlet Guardian Premium Surge Suppressor,72.8,5,0,19.656000000000002
US-2015-AM10360101-42077,2015-03-14 00:00:00,AM-10360101,Alice McCarthy,Corporate,Peru,LATAM,South America,OFF-SU-6163,Office Supplies,Supplies,"Stiletto Box Cutter, Steel",42.443999999999996,3,0.4,4.943999999999994
MX-2015-DC1328582-42091,2015-03-28 00:00:00,DC-1328582,Debra Catini,Consumer,Mexico,LATAM,Central America,FUR-CH-5435,Furniture,Chairs,"Office Star Bag Chairs, Red",147.84,5,0.2,9.239999999999998
IS-2015-DD357063-42069,2015-03-06 00:00:00,DD-357063,Dorothy Dickinson,Consumer,Israel,Asia Pacific,Western Asia,OFF-AR-6114,Office Supplies,Art,"Stanley Markers, Blue",44.4,2,0,3.96
IN-2015-EL137357-42077,2015-03-14 00:00:00,EL-137357,Ed Ludwig,Home Office,Australia,Asia Pacific,Oceania,OFF-LA-5376,Office Supplies,Labels,"Novimex Color Coded Labels, Alphabetical",33.048,3,0.1,2.8979999999999997
EG-2015-JL513038-42081,2015-03-18 00:00:00,JL-513038,Jack Lebron,Consumer,Egypt,Africa,North Africa,FUR-CH-5756,Furniture,Chairs,"SAFCO Chairmat, Adjustable",62.31,1,0,13.68
US-2015-VP2176082-42082,2015-03-19 00:00:00,VP-2176082,Victoria Pisteka,Corporate,Mexico,LATAM,Central America,FUR-FU-4084,Furniture,Furnishings,"Eldon Photo Frame, Duo Pack",23.268,1,0.4,-13.972
ID-2015-NS18505144-42075,2015-03-12 00:00:00,NS-18505144,Neola Schneider,Consumer,Vietnam,Asia Pacific,Southeastern Asia,OFF-ST-6249,Office Supplies,Storage,"Tenex Folders, Blue",38.545199999999994,2,0.17,13.4652
CM-2015-PG889522-42070,2015-03-07 00:00:00,PG-889522,Paul Gonzalez,Consumer,Cameroon,Africa,Central Africa,OFF-BI-6375,Office Supplies,Binders,"Wilson Jones Binder Covers, Durable",50.75999999999999,4,0,23.28
ES-2015-HG14965139-42090,2015-03-27 00:00:00,HG-14965139,Henry Goldwyn,Corporate,United Kingdom,Europe,Northern Europe,OFF-PA-3996,Office Supplies,Paper,"Eaton Memo Slips, Premium",61.83,5,0.1,16.38
ID-2015-TB2162559-42084,2015-03-21 00:00:00,TB-2162559,Trudy Brown,Consumer,Indonesia,Asia Pacific,Southeastern Asia,OFF-SU-4318,Office Supplies,Supplies,"Fiskars Scissors, Steel",83.69760000000001,7,0.47000000000000003,-20.67240000000001
ES-2015-NS1850562-42094,2015-03-31 00:00:00,NS-1850562,Neola Schneider,Consumer,Ireland,Europe,Northern Europe,OFF-AR-5919,Office Supplies,Art,"Sanford Markers, Fluorescent",24.509999999999998,2,0.5,-4.949999999999999
US-2015-MH17290140-42075,2015-03-12 00:00:00,MH-172901406,Marc Harrigan,Home Office,United States,USCA,Eastern US,TEC-PH-5364,Technology,Phones,Nortel Meridian M5316 Digital phone,776.8499999999999,5,0.4,-181.265
US-2015-MH17290140-42075,2015-03-12 00:00:00,MH-172901406,Marc Harrigan,Home Office,United States,USCA,Eastern US,FUR-TA-4943,Furniture,Tables,KI Adjustable-Height Table,154.764,3,0.4,-46.42920000000002
US-2015-MH17290140-42075,2015-03-12 00:00:00,MH-172901406,Marc Harrigan,Home Office,United States,USCA,Eastern US,OFF-ST-3964,Office Supplies,Storage,Desktop 3-Pocket Hot File,43.28,1,0.2,3.246000000000002
ES-2015-BT1139564-42088,2015-03-25 00:00:00,BT-1139564,Bill Tyler,Corporate,Italy,Europe,Southern Europe,OFF-AR-3493,Office Supplies,Art,"Binney & Smith Pencil Sharpener, Fluorescent",80.01,3,0,3.1499999999999995
US-2015-MH17290140-42075,2015-03-12 00:00:00,MH-172901406,Marc Harrigan,Home Office,United States,USCA,Eastern US,OFF-BI-3325,Office Supplies,Binders,"Avery Trapezoid Ring Binder, 3"" Capacity, Black, 1040 sheets",12.294,1,0.7,-8.605799999999999
US-2015-PH1879036-42068,2015-03-05 00:00:00,PH-1879036,Patricia Hirasaki,Home Office,Dominican Republic,LATAM,Caribbean,OFF-PA-4004,Office Supplies,Paper,"Eaton Note Cards, Premium",42.527999999999984,3,0.2,11.148000000000001
ID-2015-GT14635118-42083,2015-03-20 00:00:00,GT-14635118,Grant Thornton,Corporate,South Korea,Asia Pacific,Eastern Asia,OFF-PA-4005,Office Supplies,Paper,"Eaton Parchment Paper, 8.5 x 11",26.415,3,0.5,-2.114999999999995
CA-2015-ME17320140-42094,2015-03-31 00:00:00,ME-173201408,Maria Etezadi,Home Office,United States,USCA,Southern US,OFF-ST-3018,Office Supplies,Storage,"Advantus 10-Drawer Portable Organizer, Chrome Metal Frame, Smoke Drawers",59.76,1,0,16.732800000000005
CA-2015-MZ17335140-42090,2015-03-27 00:00:00,MZ-173351404,Maria Zettner,Home Office,United States,USCA,Western US,OFF-AR-3522,Office Supplies,Art,"Boston 1827 Commercial Additional Cutter, Drive Gear & Gear Rack for 1606",19.83,1,0,5.948999999999998
IN-2015-SU2066527-42090,2015-03-27 00:00:00,SU-2066527,Stephanie Ulpright,Home Office,China,Asia Pacific,Eastern Asia,OFF-SU-2985,Office Supplies,Supplies,"Acme Ruler, High Speed",66.84,4,0,2.64
CA-2015-MD17350140-42074,2015-03-11 00:00:00,MD-173501402,Maribeth Dona,Consumer,United States,USCA,Central US,FUR-TA-3434,Furniture,Tables,"Bevis Traditional Conference Table Top, Plinth Base",933.408,4,0.3,-173.3472
ES-2015-PO1885045-42094,2015-03-31 00:00:00,PO-1885045,Patrick O'Brill,Consumer,France,Europe,Western Europe,OFF-BI-3246,Office Supplies,Binders,"Avery Binder Covers, Clear",31.589999999999996,3,0,7.200000000000001
IN-2015-ES1402027-42064,2015-03-01 00:00:00,ES-1402027,Erica Smith,Consumer,China,Asia Pacific,Eastern Asia,OFF-EN-4432,Office Supplies,Envelopes,"GlobeWeis Business Envelopes, Security-Tint",39.480000000000004,2,0,4.32
ID-2015-MG17680144-42078,2015-03-15 00:00:00,MG-17680144,Maureen Gastineau,Home Office,Vietnam,Asia Pacific,Southeastern Asia,OFF-LA-4549,Office Supplies,Labels,"Harbour Creations Round Labels, Adjustable",23.157,6,0.17,2.6369999999999996
US-2015-SB2018536-42067,2015-03-04 00:00:00,SB-2018536,Sarah Brown,Consumer,Dominican Republic,LATAM,Caribbean,OFF-AR-3488,Office Supplies,Art,"Binney & Smith Markers, Blue",51.391999999999996,4,0.2,18.592
IN-2015-GZ1454527-42094,2015-03-31 00:00:00,GZ-1454527,George Zrebassa,Corporate,China,Asia Pacific,Eastern Asia,OFF-SU-4131,Office Supplies,Supplies,"Elite Shears, Easy Grip",48.63,1,0,5.82
CA-2015-MY17380140-42066,2015-03-03 00:00:00,MY-173801404,Maribeth Yedwab,Corporate,United States,USCA,Western US,TEC-AC-5104,Technology,Accessories,Logitech G13 Programmable Gameboard with LCD Display,479.93999999999994,6,0,52.79340000000002
CA-2015-MY17380140-42066,2015-03-03 00:00:00,MY-173801404,Maribeth Yedwab,Corporate,United States,USCA,Western US,TEC-PH-5561,Technology,Phones,Panasonic KX TS3282B Corded phone,196.776,3,0.2,14.758199999999995
IN-2015-AW1084058-42083,2015-03-20 00:00:00,AW-1084058,Anthony Witt,Consumer,India,Asia Pacific,Southern Asia,OFF-SU-4313,Office Supplies,Supplies,"Fiskars Ruler, Serrated",33.39,3,0,4.32
US-2015-JD1601536-42071,2015-03-08 00:00:00,JD-1601536,Joy Daniels,Consumer,Dominican Republic,LATAM,Caribbean,OFF-FA-6207,Office Supplies,Fasteners,"Stockwell Thumb Tacks, Bulk Pack",21.024,3,0.2,0.5039999999999992
MX-2015-TS2137039-42091,2015-03-28 00:00:00,TS-2137039,Todd Sumrall,Corporate,El Salvador,LATAM,Central America,OFF-AR-6120,Office Supplies,Art,"Stanley Pencil Sharpener, Water Color",66.8,4,0,30
ID-2015-JB160007-42069,2015-03-06 00:00:00,JB-160007,Joy Bell-,Consumer,Australia,Asia Pacific,Oceania,OFF-AR-6118,Office Supplies,Art,"Stanley Pencil Sharpener, Easy-Erase",46.872,2,0.1,19.752000000000002
TU-2015-TP11130134-42077,2015-03-14 00:00:00,TP-11130134,Theone Pippenger,Consumer,Turkey,Asia Pacific,Western Asia,OFF-AR-3488,Office Supplies,Art,"Binney & Smith Markers, Blue",9.636,1,0.6,-9.893999999999997
IR-2015-CK276060-42067,2015-03-04 00:00:00,CK-276060,Cyma Kinney,Corporate,Iran,Asia Pacific,Southern Asia,OFF-SU-4326,Office Supplies,Supplies,"Fiskars Trimmer, High Speed",42.300000000000004,1,0,6.33
ID-2015-MK17905118-42085,2015-03-22 00:00:00,MK-17905118,Michael Kennedy,Corporate,South Korea,Asia Pacific,Eastern Asia,OFF-FA-6207,Office Supplies,Fasteners,"Stockwell Thumb Tacks, Bulk Pack",45.99,7,0.5,-5.670000000000002
ES-2015-MH1744048-42069,2015-03-06 00:00:00,MH-1744048,Mark Haberlin,Corporate,Germany,Europe,Western Europe,OFF-AR-3502,Office Supplies,Art,"Binney & Smith Sketch Pad, Water Color",49.5,2,0.5,-16.86
ES-2015-TZ2158048-42082,2015-03-19 00:00:00,TZ-2158048,Tracy Zic,Consumer,Germany,Europe,Western Europe,OFF-AR-6122,Office Supplies,Art,"Stanley Pens, Easy-Erase",30.96,3,0,13.59
ES-2015-NS1850562-42094,2015-03-31 00:00:00,NS-1850562,Neola Schneider,Consumer,Ireland,Europe,Northern Europe,OFF-AR-5905,Office Supplies,Art,"Sanford Canvas, Water Color",53.7,2,0.5,-53.7
MX-2015-GB1453039-42075,2015-03-12 00:00:00,GB-1453039,George Bell,Corporate,El Salvador,LATAM,Central America,OFF-SU-6168,Office Supplies,Supplies,"Stiletto Ruler, Easy Grip",44,4,0,3.5200000000000005
CA-2015-MV17485140-42088,2015-03-25 00:00:00,MV-174851406,Mark Van Huff,Consumer,United States,USCA,Eastern US,FUR-CH-4393,Furniture,Chairs,"Global Airflow Leather Mesh Back Chair, Black",271.764,2,0.1,60.39199999999997
MX-2015-EM1396082-42067,2015-03-04 00:00:00,EM-1396082,Eric Murdock,Consumer,Mexico,LATAM,Central America,OFF-AR-3483,Office Supplies,Art,"Binney & Smith Highlighters, Fluorescent",23.799999999999997,2,0,4.5200000000000005
ES-2015-KD1649548-42073,2015-03-10 00:00:00,KD-1649548,Keith Dawkins,Corporate,Germany,Europe,Western Europe,OFF-AR-3553,Office Supplies,Art,"Boston Sketch Pad, Easy-Erase",48.87,2,0.5,-20.549999999999997
CA-2015-MZ17515140-42087,2015-03-24 00:00:00,MZ-175151406,Mary Zewe,Corporate,United States,USCA,Eastern US,OFF-SU-5635,Office Supplies,Supplies,Premier Electric Letter Opener,347.58,3,0,17.378999999999976
MX-2015-AR1082582-42088,2015-03-25 00:00:00,AR-1082582,Anthony Rawles,Corporate,Mexico,LATAM,Central America,OFF-AR-5924,Office Supplies,Art,"Sanford Pens, Blue",14.8,2,0,5.44
ES-2015-MS1777048-42084,2015-03-21 00:00:00,MS-1777048,Maxwell Schwartz,Consumer,Germany,Europe,Western Europe,FUR-FU-3949,Furniture,Furnishings,"Deflect-O Light Bulb, Erganomic",35.22,2,0,17.580000000000002
AL-2015-JB59252-42073,2015-03-10 00:00:00,JB-59252,Joni Blumstein,Consumer,Albania,Europe,Southern Europe,OFF-ST-4253,Office Supplies,Storage,"Fellowes Box, Wire Frame",18.75,1,0,8.61
IN-2015-AC1061558-42067,2015-03-04 00:00:00,AC-1061558,Ann Chong,Corporate,India,Asia Pacific,Southern Asia,OFF-ST-6023,Office Supplies,Storage,"Smead Box, Blue",75.39,7,0,21
ES-2015-JH1543048-42066,2015-03-03 00:00:00,JH-1543048,Jennifer Halladay,Consumer,Germany,Europe,Western Europe,OFF-LA-4695,Office Supplies,Labels,"Hon Shipping Labels, Alphabetical",11.19,1,0,5.01
IN-2015-BS117557-42087,2015-03-24 00:00:00,BS-117557,Bruce Stewart,Consumer,Australia,Asia Pacific,Oceania,OFF-PA-4160,Office Supplies,Paper,"Enermax Memo Slips, Multicolor",15.363000000000001,1,0.1,4.083
UP-2015-KH6330137-42094,2015-03-31 00:00:00,KH-6330137,Katharine Harms,Corporate,Ukraine,Europe,Eastern Europe,OFF-BI-3724,Office Supplies,Binders,"Cardinal Binding Machine, Clear",49.23000000000001,1,0,19.68
AG-2015-AC4203-42065,2015-03-02 00:00:00,AC-4203,Alyssa Crouse,Corporate,Algeria,Africa,North Africa,TEC-AC-5883,Technology,Accessories,"SanDisk Mouse, USB",38.519999999999996,1,0,7.290000000000001
RS-2015-SC10050108-42069,2015-03-06 00:00:00,SC-10050108,Sample Company A,Home Office,Russia,Europe,Eastern Europe,OFF-PA-5849,Office Supplies,Paper,"SanDisk Cards & Envelopes, Premium",96.84,2,0,36.78
TU-2015-TD10995134-42068,2015-03-05 00:00:00,TD-10995134,Tamara Dahlen,Consumer,Turkey,Asia Pacific,Western Asia,OFF-BI-4816,Office Supplies,Binders,"Ibico Binding Machine, Durable",21.168000000000003,1,0.6,-7.422000000000001
RS-2015-RP9270108-42083,2015-03-20 00:00:00,RP-9270108,Rachel Payne,Corporate,Russia,Europe,Eastern Europe,OFF-BI-6379,Office Supplies,Binders,"Wilson Jones Binder, Durable",14.52,1,0,0.5700000000000001
IN-2015-LB1679558-42064,2015-03-01 00:00:00,LB-1679558,Laurel Beltran,Home Office,India,Asia Pacific,Southern Asia,OFF-BI-3252,Office Supplies,Binders,"Avery Binder, Durable",28.799999999999997,2,0,1.98
SU-2015-SD10485122-42084,2015-03-21 00:00:00,SD-10485122,Shirley Daniels,Home Office,Sudan,Africa,North Africa,FUR-FU-6243,Furniture,Furnishings,"Tenex Door Stop, Durable",81.84,2,0,10.620000000000001
GH-2015-TB1159549-42073,2015-03-10 00:00:00,TB-1159549,Troy Blackwell,Consumer,Ghana,Africa,Western Africa,OFF-AR-3452,Office Supplies,Art,"BIC Highlighters, Easy-Erase",38.400000000000006,2,0,8.82
ES-2015-CM1219045-42094,2015-03-31 00:00:00,CM-1219045,Charlotte Melton,Consumer,France,Europe,Western Europe,OFF-AR-3533,Office Supplies,Art,"Boston Highlighters, Fluorescent",80.51999999999998,4,0,20.88
CA-2015-MG17650140-42080,2015-03-17 00:00:00,MG-176501406,Matthew Grinstein,Home Office,United States,USCA,Eastern US,TEC-PH-4389,Technology,Phones,Geemarc AmpliPOWER60,445.44,8,0.4,-81.66400000000004
IN-2015-KW1657058-42083,2015-03-20 00:00:00,KW-1657058,Kelly Williams,Consumer,India,Asia Pacific,Southern Asia,OFF-EN-3657,Office Supplies,Envelopes,"Cameo Clasp Envelope, Recycled",41.55,5,0,8.25
ES-2015-LC16930120-42092,2015-03-29 00:00:00,LC-16930120,Linda Cazamias,Corporate,Spain,Europe,Southern Europe,OFF-AR-3482,Office Supplies,Art,"Binney & Smith Highlighters, Easy-Erase",33.72,2,0,12.120000000000001
IR-2015-CK276060-42067,2015-03-04 00:00:00,CK-276060,Cyma Kinney,Corporate,Iran,Asia Pacific,Southern Asia,OFF-AR-3501,Office Supplies,Art,"Binney & Smith Sketch Pad, Fluorescent",47.58,1,0,2.37
ID-2015-CC1247559-42087,2015-03-24 00:00:00,CC-1247559,Cindy Chapman,Consumer,Indonesia,Asia Pacific,Southeastern Asia,OFF-EN-3670,Office Supplies,Envelopes,"Cameo Manila Envelope, Security-Tint",31.164000000000005,2,0.47000000000000003,-8.856000000000002
NI-2015-MG814595-42088,2015-03-25 00:00:00,MG-814595,Mike Gockenbach,Consumer,Nigeria,Africa,Western Africa,TEC-PH-5827,Technology,Phones,"Samsung Headset, with Caller ID",43.92,2,0.7,-95.15999999999997
CA-2015-MJ17740140-42075,2015-03-12 00:00:00,MJ-177401402,Max Jones,Consumer,United States,USCA,Central US,OFF-BI-4342,Office Supplies,Binders,GBC DocuBind TL200 Manual Binding Machine,895.92,4,0,421.08239999999995
MX-2015-RB1964531-42068,2015-03-05 00:00:00,RB-1964531,Robert Barroso,Corporate,Cuba,LATAM,Caribbean,OFF-BI-2897,Office Supplies,Binders,"Acco Binder, Economy",30.3,3,0,9.059999999999999
MX-2015-FH1436539-42081,2015-03-18 00:00:00,FH-1436539,Fred Hopkins,Corporate,El Salvador,LATAM,Central America,TEC-AC-5888,Technology,Accessories,"SanDisk Numeric Keypad, Erganomic",37.900000000000006,1,0,5.679999999999999
US-2015-MC1760536-42081,2015-03-18 00:00:00,MC-1760536,Matt Connell,Corporate,Dominican Republic,LATAM,Caribbean,OFF-BI-4808,Office Supplies,Binders,"Ibico Binder Covers, Durable",24.240000000000002,3,0.2,-3.960000000000001
MX-2015-AB1025536-42074,2015-03-11 00:00:00,AB-1025536,Alejandro Ballentine,Home Office,Dominican Republic,LATAM,Caribbean,FUR-CH-5441,Furniture,Chairs,"Office Star Executive Leather Armchair, Adjustable",501.24800000000005,2,0.2,37.567999999999984
MX-2015-VD2167082-42080,2015-03-17 00:00:00,VD-2167082,Valerie Dominguez,Consumer,Mexico,LATAM,Central America,OFF-EN-3088,Office Supplies,Envelopes,"Ames Business Envelopes, Recycled",34.08,3,0,10.56
MX-2015-KC1667518-42070,2015-03-07 00:00:00,KC-1667518,Kimberly Carter,Corporate,Brazil,LATAM,South America,OFF-EN-4441,Office Supplies,Envelopes,"GlobeWeis Interoffice Envelope, Set of 50",31.880000000000003,1,0,6.36
US-2015-AM10360101-42077,2015-03-14 00:00:00,AM-10360101,Alice McCarthy,Corporate,Peru,LATAM,South America,OFF-EN-3104,Office Supplies,Envelopes,"Ames Manila Envelope, Recycled",28.188,3,0.4,-10.812000000000001
IN-2015-CS1246011-42074,2015-03-11 00:00:00,CS-1246011,Chuck Sachs,Consumer,Bangladesh,Asia Pacific,Southern Asia,OFF-BI-3291,Office Supplies,Binders,"Avery Hole Reinforcements, Economy",13.23,3,0,3.96
US-2015-MT17815140-42077,2015-03-14 00:00:00,MT-178151406,Meg Tillman,Consumer,United States,USCA,Eastern US,TEC-PH-5559,Technology,Phones,Panasonic KX T7736-B Digital phone,299.9,2,0,74.975
UP-2015-JL5235137-42081,2015-03-18 00:00:00,JL-5235137,Janet Lee,Consumer,Ukraine,Europe,Eastern Europe,OFF-FA-2951,Office Supplies,Fasteners,"Accos Rubber Bands, 12 Pack",16.11,1,0,5.3100000000000005
BO-2015-MS798013-42091,2015-03-28 00:00:00,MS-798013,Michael Stewart,Corporate,Belarus,Europe,Eastern Europe,OFF-AR-6113,Office Supplies,Art,"Stanley Highlighters, Water Color",17.88,1,0,6.0600000000000005
MX-2015-MY1829531-42066,2015-03-03 00:00:00,MY-1829531,Muhammed Yedwab,Corporate,Cuba,LATAM,Caribbean,OFF-FA-6204,Office Supplies,Fasteners,"Stockwell Staples, Metal",28.080000000000002,4,0,4.16
ES-2015-TS2165545-42088,2015-03-25 00:00:00,TS-2165545,Trudy Schmidt,Consumer,France,Europe,Western Europe,OFF-FA-6206,Office Supplies,Fasteners,"Stockwell Thumb Tacks, Assorted Sizes",42.36,4,0,11.76
CA-2015-MG17890140-42071,2015-03-08 00:00:00,MG-178901406,Michael Granlund,Home Office,United States,USCA,Eastern US,TEC-AC-5097,Technology,Accessories,Logitech Desktop MK120 Mouse and keyboard Combo,49.08,3,0,4.907999999999998
ID-2015-GT14635118-42083,2015-03-20 00:00:00,GT-14635118,Grant Thornton,Corporate,South Korea,Asia Pacific,Eastern Asia,OFF-BI-2912,Office Supplies,Binders,"Acco Hole Reinforcements, Clear",12.24,4,0.5,-2.040000000000001
US-2015-SV2081536-42075,2015-03-12 00:00:00,SV-2081536,Stuart Van,Corporate,Dominican Republic,LATAM,Caribbean,OFF-SU-4132,Office Supplies,Supplies,"Elite Shears, High Speed",75.216,3,0.2,-16.944
MX-2015-GP1474093-42075,2015-03-12 00:00:00,GP-1474093,Guy Phonely,Corporate,Nicaragua,LATAM,Central America,OFF-BI-4824,Office Supplies,Binders,"Ibico Hole Reinforcements, Durable",16.98,3,0,4.0200000000000005
IT-2015-OT1873091-42077,2015-03-14 00:00:00,OT-1873091,Olvera Toch,Consumer,Netherlands,Europe,Western Europe,OFF-LA-4528,Office Supplies,Labels,"Harbour Creations Color Coded Labels, Alphabetical",25.44,4,0.5,0
BO-2015-TS1165513-42065,2015-03-02 00:00:00,TS-1165513,Trudy Schmidt,Consumer,Belarus,Europe,Eastern Europe,OFF-EN-5022,Office Supplies,Envelopes,"Kraft Business Envelopes, Recycled",18.84,1,0,9.209999999999999
IN-2015-GR1456088-42085,2015-03-22 00:00:00,GR-1456088,Georgia Rosenberg,Corporate,Myanmar (Burma),Asia Pacific,Southeastern Asia,OFF-FA-3068,Office Supplies,Fasteners,"Advantus Staples, 12 Pack",25.622099999999996,3,0.17,2.402099999999999
MX-2015-VD2167082-42080,2015-03-17 00:00:00,VD-2167082,Valerie Dominguez,Consumer,Mexico,LATAM,Central America,FUR-FU-3036,Furniture,Furnishings,"Advantus Light Bulb, Black",32.112,4,0.4,-6.448000000000005
CA-2015-ML804023-42091,2015-03-28 00:00:00,ML-804023,Michelle Lonsdale,Corporate,Canada,USCA,Canada,OFF-SU-4116,Office Supplies,Supplies,"Elite Box Cutter, Easy Grip",73.01999999999998,2,0,10.92
CA-2015-ML18040140-42090,2015-03-27 00:00:00,ML-180401402,Michelle Lonsdale,Corporate,United States,USCA,Central US,FUR-FU-3743,Furniture,Furnishings,"Career Cubicle Clock, 8 1/4"", Black",60.84,3,0,23.1192
ZA-2015-BS1380147-42087,2015-03-24 00:00:00,BS-1380147,Bill Stewart,Corporate,Zimbabwe,Africa,Eastern Africa,TEC-MA-6144,Technology,Machines,"StarTech Phone, Red",21.501000000000005,1,0.7,-20.799
ID-2015-CC126107-42083,2015-03-20 00:00:00,CC-126107,Corey Catlett,Corporate,Australia,Asia Pacific,Oceania,OFF-LA-4526,Office Supplies,Labels,"Harbour Creations Color Coded Labels, 5000 Label Set",47.844,4,0.1,-2.1959999999999997
CA-2015-MH18115140-42074,2015-03-11 00:00:00,MH-181151406,Mick Hernandez,Home Office,United States,USCA,Eastern US,TEC-PH-3814,Technology,Phones,Cisco SPA525G2 IP Phone - Wireless,35.91,3,0.4,-8.379000000000003
CA-2015-MH18115140-42074,2015-03-11 00:00:00,MH-181151406,Mick Hernandez,Home Office,United States,USCA,Eastern US,FUR-FU-4764,Furniture,Furnishings,Howard Miller Distant Time Traveler Alarm Clock,43.87200000000001,2,0.2,11.516399999999999
CA-2015-MH18115140-42074,2015-03-11 00:00:00,MH-181151406,Mick Hernandez,Home Office,United States,USCA,Eastern US,FUR-FU-6354,Furniture,Furnishings,Westinghouse Clip-On Gooseneck Lamps,6.696,1,0.2,0.5021999999999998
CA-2015-MH18115140-42074,2015-03-11 00:00:00,MH-181151406,Mick Hernandez,Home Office,United States,USCA,Eastern US,OFF-AR-5316,Office Supplies,Art,Newell 337,5.248,2,0.2,0.5903999999999991
IN-2015-VP2173058-42085,2015-03-22 00:00:00,VP-2173058,Victor Preis,Home Office,India,Asia Pacific,Southern Asia,OFF-FA-6195,Office Supplies,Fasteners,"Stockwell Push Pins, Bulk Pack",28.740000000000002,2,0,8.28
MX-2015-MG1765039-42081,2015-03-18 00:00:00,MG-1765039,Matthew Grinstein,Home Office,El Salvador,LATAM,Central America,OFF-EN-4452,Office Supplies,Envelopes,"GlobeWeis Peel and Seal, Security-Tint",31.72,2,0,10.12
MX-2015-RP1927093-42069,2015-03-06 00:00:00,RP-1927093,Rachel Payne,Corporate,Nicaragua,LATAM,Central America,OFF-BI-3249,Office Supplies,Binders,"Avery Binder Covers, Recycled",22.859999999999996,3,0,10.739999999999998
ES-2015-EM1382545-42087,2015-03-24 00:00:00,EM-1382545,Elizabeth Moffitt,Corporate,France,Europe,Western Europe,OFF-BI-6397,Office Supplies,Binders,"Wilson Jones Hole Reinforcements, Clear",35.910000000000004,9,0,3.7800000000000002
SA-2015-GZ4470110-42084,2015-03-21 00:00:00,GZ-4470110,Gary Zandusky,Consumer,Saudi Arabia,Asia Pacific,Western Asia,OFF-FA-5469,Office Supplies,Fasteners,"OIC Paper Clips, Bulk Pack",28.86,2,0,14.100000000000001
NI-2015-TS1150595-42082,2015-03-19 00:00:00,TS-1150595,Tony Sayre,Consumer,Nigeria,Africa,Western Africa,TEC-AC-5204,Technology,Accessories,"Memorex Memory Card, Erganomic",30.024,1,0.7,-52.05599999999998
MX-2015-JW1522039-42077,2015-03-14 00:00:00,JW-1522039,Jane Waco,Corporate,El Salvador,LATAM,Central America,OFF-FA-6206,Office Supplies,Fasteners,"Stockwell Thumb Tacks, Assorted Sizes",35.3,5,0,3.1
SF-2015-NP8685117-42089,2015-03-26 00:00:00,NP-8685117,Nora Pelletier,Home Office,South Africa,Africa,Southern Africa,OFF-EN-3657,Office Supplies,Envelopes,"Cameo Clasp Envelope, Recycled",16.619999999999997,2,0,1.32
NI-2015-DR288095-42081,2015-03-18 00:00:00,DR-288095,Dan Reichenbach,Corporate,Nigeria,Africa,Western Africa,OFF-FA-3045,Office Supplies,Fasteners,"Advantus Paper Clips, Bulk Pack",8.442000000000002,2,0.7,-15.498000000000001
ID-2015-JF15415102-42067,2015-03-04 00:00:00,JF-15415102,Jennifer Ferguson,Consumer,Philippines,Asia Pacific,Southeastern Asia,OFF-BI-3294,Office Supplies,Binders,"Avery Index Tab, Durable",17.0595,3,0.15000000000000002,0.7694999999999999
MX-2015-HD1478518-42073,2015-03-10 00:00:00,HD-1478518,Harold Dahlen,Home Office,Brazil,LATAM,South America,OFF-AR-3465,Office Supplies,Art,"BIC Pens, Easy-Erase",19.4,2,0,0.5599999999999999
ES-2015-PO1885045-42094,2015-03-31 00:00:00,PO-1885045,Patrick O'Brill,Consumer,France,Europe,Western Europe,OFF-BI-6398,Office Supplies,Binders,"Wilson Jones Hole Reinforcements, Durable",42.21000000000001,7,0,13.02
US-2015-MP1817598-42084,2015-03-21 00:00:00,MP-1817598,Mike Pelletier,Home Office,Panama,LATAM,Central America,OFF-LA-4660,Office Supplies,Labels,"Hon File Folder Labels, Laser Printer Compatible",13.823999999999998,4,0.4,-9.216
CA-2015-ND18370140-42083,2015-03-20 00:00:00,ND-183701404,Natalie DeCherney,Consumer,United States,USCA,Western US,TEC-AC-5113,Technology,Accessories,Logitech K350 2.4Ghz Wireless Keyboard,99.54,2,0,10.949399999999997
CA-2015-ND18370140-42083,2015-03-20 00:00:00,ND-183701404,Natalie DeCherney,Consumer,United States,USCA,Western US,TEC-AC-5143,Technology,Accessories,Logitech Wireless Marathon Mouse M705,199.96,4,0,85.98280000000001
CA-2015-ND18370140-42083,2015-03-20 00:00:00,ND-183701404,Natalie DeCherney,Consumer,United States,USCA,Western US,TEC-PH-4899,Technology,Phones,Jawbone MINI JAMBOX Wireless Bluetooth Speaker,657.504,6,0.2,-131.50080000000005
CA-2015-ND18370140-42083,2015-03-20 00:00:00,ND-183701404,Natalie DeCherney,Consumer,United States,USCA,Western US,OFF-BI-2937,Office Supplies,Binders,"ACCOHIDE 3-Ring Binder, Blue, 1""",19.824,6,0.2,6.690599999999999
KZ-2015-SP1062068-42066,2015-03-03 00:00:00,SP-1062068,Stefania Perrino,Corporate,Kazakhstan,Asia Pacific,Central Asia,OFF-ST-4263,Office Supplies,Storage,"Fellowes Folders, Single Width",7.929,1,0.7,-7.670999999999998
MX-2015-DL128655-42090,2015-03-27 00:00:00,DL-128655,Dan Lawera,Consumer,Argentina,LATAM,South America,OFF-ST-4029,Office Supplies,Storage,"Eldon Box, Industrial",30.071999999999996,7,0.4,4.451999999999998
MX-2015-EB1397582-42084,2015-03-21 00:00:00,EB-1397582,Erica Bern,Corporate,Mexico,LATAM,Central America,OFF-BI-3187,Office Supplies,Binders,"Avery 3-Hole Punch, Durable",19.580000000000005,1,0,5.4799999999999995
MX-2015-LT1711039-42084,2015-03-21 00:00:00,LT-1711039,Liz Thompson,Consumer,El Salvador,LATAM,Central America,OFF-BI-6400,Office Supplies,Binders,"Wilson Jones Hole Reinforcements, Recycled",13.040000000000001,4,0,3.5200000000000005
ID-2015-DW13480102-42083,2015-03-20 00:00:00,DW-13480102,Dianna Wilson,Home Office,Philippines,Asia Pacific,Southeastern Asia,OFF-EN-3094,Office Supplies,Envelopes,"Ames Clasp Envelope, with clear poly window",17.721000000000004,3,0.45,-13.869
IS-2015-DD357063-42069,2015-03-06 00:00:00,DD-357063,Dorothy Dickinson,Consumer,Israel,Asia Pacific,Western Asia,OFF-AR-5927,Office Supplies,Art,"Sanford Pens, Water Color",14.280000000000001,1,0,6.540000000000001
UG-2015-NC8535136-42076,2015-03-13 00:00:00,NC-8535136,Nick Crebassa,Corporate,Uganda,Africa,Eastern Africa,FUR-FU-6270,Furniture,Furnishings,"Tenex Photo Frame, Durable",14.661000000000001,1,0.7,-17.618999999999996
AG-2015-AC4203-42065,2015-03-02 00:00:00,AC-4203,Alyssa Crouse,Corporate,Algeria,Africa,North Africa,OFF-FA-6190,Office Supplies,Fasteners,"Stockwell Paper Clips, Bulk Pack",27.240000000000002,2,0,13.02
ID-2015-LR17035102-42087,2015-03-24 00:00:00,LR-17035102,Lisa Ryan,Corporate,Philippines,Asia Pacific,Southeastern Asia,OFF-AR-3555,Office Supplies,Art,"Boston Sketch Pad, Water Color",28.479000000000003,1,0.45,-17.631
SF-2015-NP8685117-42089,2015-03-26 00:00:00,NP-8685117,Nora Pelletier,Home Office,South Africa,Africa,Southern Africa,OFF-LA-4679,Office Supplies,Labels,"Hon Removable Labels, Adjustable",21.299999999999997,2,0,1.02
IT-2015-LC1696064-42078,2015-03-15 00:00:00,LC-1696064,Lindsay Castell,Home Office,Italy,Europe,Southern Europe,OFF-ST-6067,Office Supplies,Storage,"Smead Trays, Single Width",58.21199999999999,2,0.4,-7.787999999999993
MX-2015-SG2047031-42074,2015-03-11 00:00:00,SG-2047031,Sheri Gordon,Consumer,Cuba,LATAM,Caribbean,OFF-FA-3044,Office Supplies,Fasteners,"Advantus Paper Clips, Assorted Sizes",9.3,1,0,3.06
MX-2015-MD1735016-42071,2015-03-08 00:00:00,MD-1735016,Maribeth Dona,Consumer,Bolivia,LATAM,South America,OFF-EN-3656,Office Supplies,Envelopes,"Cameo Business Envelopes, Set of 50",27.32,2,0,12.559999999999999
NI-2015-BS175595-42074,2015-03-11 00:00:00,BS-175595,Bruce Stewart,Consumer,Nigeria,Africa,Western Africa,OFF-BI-3715,Office Supplies,Binders,"Cardinal 3-Hole Punch, Recycled",17.496000000000006,2,0.7,-23.964000000000006
IT-2015-OT1873091-42077,2015-03-14 00:00:00,OT-1873091,Olvera Toch,Consumer,Netherlands,Europe,Western Europe,OFF-PA-6620,Office Supplies,Paper,"Xerox Note Cards, Recycled",13.14,1,0.5,-7.890000000000001
TU-2015-TD10995134-42068,2015-03-05 00:00:00,TD-10995134,Tamara Dahlen,Consumer,Turkey,Asia Pacific,Western Asia,OFF-AR-3532,Office Supplies,Art,"Boston Highlighters, Easy-Erase",7.655999999999999,1,0.6,-7.283999999999999
IZ-2015-ME772561-42069,2015-03-06 00:00:00,ME-772561,Max Engle,Consumer,Iraq,Asia Pacific,Western Asia,OFF-FA-6189,Office Supplies,Fasteners,"Stockwell Paper Clips, Assorted Sizes",10.95,1,0,4.26
MX-2015-EM1420018-42073,2015-03-10 00:00:00,EM-1420018,Evan Minnotte,Home Office,Brazil,LATAM,South America,OFF-AR-6123,Office Supplies,Art,"Stanley Pens, Fluorescent",15.080000000000002,2,0,5.88
ES-2015-BT1139564-42088,2015-03-25 00:00:00,BT-1139564,Bill Tyler,Corporate,Italy,Europe,Southern Europe,OFF-FA-6204,Office Supplies,Fasteners,"Stockwell Staples, Metal",21.839999999999996,2,0,8.28
ID-2015-MF1766559-42081,2015-03-18 00:00:00,MF-1766559,Maureen Fritzler,Corporate,Indonesia,Asia Pacific,Southeastern Asia,OFF-BI-3247,Office Supplies,Binders,"Avery Binder Covers, Durable",20.866199999999996,2,0.17,-3.7937999999999996
CM-2015-MC813022-42082,2015-03-19 00:00:00,MC-813022,Mike Caudle,Corporate,Cameroon,Africa,Central Africa,OFF-EN-5043,Office Supplies,Envelopes,"Kraft Peel and Seal, Set of 50",20.490000000000002,1,0,3.66
TU-2015-DL3495134-42087,2015-03-24 00:00:00,DL-3495134,Dionis Lloyd,Corporate,Turkey,Asia Pacific,Western Asia,OFF-LA-3314,Office Supplies,Labels,"Avery Round Labels, 5000 Label Set",3.012,1,0.6,-4.367999999999999
ID-2015-PO19180102-42067,2015-03-04 00:00:00,PO-19180102,Philisse Overcash,Home Office,Philippines,Asia Pacific,Southeastern Asia,OFF-BI-2915,Office Supplies,Binders,"Acco Hole Reinforcements, Recycled",11.934,2,0.15000000000000002,-1.8660000000000003
IN-2015-BE114557-42080,2015-03-17 00:00:00,BE-114557,Brad Eason,Home Office,Australia,Asia Pacific,Oceania,OFF-BI-4825,Office Supplies,Binders,"Ibico Hole Reinforcements, Economy",37.746,6,0.1,0.6659999999999995
ID-2015-MH1745559-42084,2015-03-21 00:00:00,MH-1745559,Mark Hamilton,Consumer,Indonesia,Asia Pacific,Southeastern Asia,OFF-FA-3061,Office Supplies,Fasteners,"Advantus Rubber Bands, Assorted Sizes",29.7648,4,0.47000000000000003,-2.8751999999999995
ES-2015-TD2099548-42089,2015-03-26 00:00:00,TD-2099548,Tamara Dahlen,Consumer,Germany,Europe,Western Europe,OFF-BI-3738,Office Supplies,Binders,"Cardinal Index Tab, Durable",30.48,4,0,13.68
CA-2015-PS18970140-42085,2015-03-22 00:00:00,PS-189701404,Paul Stevenson,Home Office,United States,USCA,Western US,OFF-ST-4273,Office Supplies,Storage,Fellowes Officeware Wire Shelving,359.32,4,0,7.186399999999992
CA-2015-PS18970140-42085,2015-03-22 00:00:00,PS-189701404,Paul Stevenson,Home Office,United States,USCA,Western US,OFF-BI-3831,Office Supplies,Binders,"C-Line Peel & Stick Add-On Filing Pockets, 8-3/4 x 5-1/8, 10/Pack",30.576,6,0.2,10.3194
CA-2015-PS18970140-42085,2015-03-22 00:00:00,PS-189701404,Paul Stevenson,Home Office,United States,USCA,Western US,OFF-FA-6217,Office Supplies,Fasteners,"Super Bands, 12/Pack",13.020000000000001,7,0,0.3906000000000005
CA-2015-PS18970140-42085,2015-03-22 00:00:00,PS-189701404,Paul Stevenson,Home Office,United States,USCA,Western US,FUR-FU-4054,Furniture,Furnishings,"Eldon Expressions Wood Desk Accessories, Oak",22.14,3,0,6.420599999999998
US-2015-GB1453018-42075,2015-03-12 00:00:00,GB-1453018,George Bell,Corporate,Brazil,LATAM,South America,OFF-SU-6168,Office Supplies,Supplies,"Stiletto Ruler, Easy Grip",17.6,4,0.6,-22.880000000000003
US-2015-PV18985140-42075,2015-03-12 00:00:00,PV-189851406,Paul Van Hugh,Home Office,United States,USCA,Eastern US,TEC-AC-5211,Technology,Accessories,Memorex Mini Travel Drive 16 GB USB 2.0 Flash Drive,63.88,4,0,24.913200000000003
US-2015-PV18985140-42075,2015-03-12 00:00:00,PV-189851406,Paul Van Hugh,Home Office,United States,USCA,Eastern US,FUR-FU-4234,Furniture,Furnishings,"Executive Impressions 16-1/2"" Circular Wall Clock",26.72,1,0,11.756800000000002
ID-2015-NG18355102-42065,2015-03-02 00:00:00,NG-18355102,Nat Gilpin,Corporate,Philippines,Asia Pacific,Southeastern Asia,OFF-FA-6201,Office Supplies,Fasteners,"Stockwell Staples, 12 Pack",11.253000000000002,2,0.45,-8.187000000000001
IN-2015-RW1969058-42081,2015-03-18 00:00:00,RW-1969058,Robert Waldorf,Consumer,India,Asia Pacific,Southern Asia,OFF-ST-6023,Office Supplies,Storage,"Smead Box, Blue",21.54,2,0,6
CA-2015-PW19030140-42085,2015-03-22 00:00:00,PW-190301408,Pauline Webber,Corporate,United States,USCA,Southern US,OFF-AP-3126,Office Supplies,Appliances,APC 7 Outlet Network SurgeArrest Surge Protector,64.384,1,0.2,8.047999999999998
MX-2015-SO2033518-42082,2015-03-19 00:00:00,SO-2033518,Sean O'Donnell,Consumer,Brazil,LATAM,South America,OFF-FA-5481,Office Supplies,Fasteners,"OIC Staples, Assorted Sizes",17.580000000000002,3,0,7.6800000000000015
ID-2015-ER1385597-42073,2015-03-10 00:00:00,ER-1385597,Elpida Rittenbach,Corporate,Pakistan,Asia Pacific,Southern Asia,OFF-FA-6193,Office Supplies,Fasteners,"Stockwell Push Pins, 12 Pack",13.41,2,0.5,-0.030000000000001137
IN-2015-MR175457-42074,2015-03-11 00:00:00,MR-175457,Mathew Reese,Home Office,Australia,Asia Pacific,Oceania,OFF-BI-6370,Office Supplies,Binders,"Wilson Jones 3-Hole Punch, Durable",58.980000000000004,2,0,25.32
CA-2015-PK19075140-42069,2015-03-06 00:00:00,PK-190751402,Pete Kriz,Consumer,United States,USCA,Central US,OFF-LA-3237,Office Supplies,Labels,Avery 515,25.06,2,0,11.778199999999998
RO-2015-PH8790107-42081,2015-03-18 00:00:00,PH-8790107,Patricia Hirasaki,Home Office,Romania,Europe,Eastern Europe,OFF-FA-6204,Office Supplies,Fasteners,"Stockwell Staples, Metal",10.53,1,0,2.82
RS-2015-SC10050108-42069,2015-03-06 00:00:00,SC-10050108,Sample Company A,Home Office,Russia,Europe,Eastern Europe,OFF-ST-4061,Office Supplies,Storage,"Eldon Folders, Industrial",17.46,1,0,0.51
RS-2015-SL10155108-42067,2015-03-04 00:00:00,SL-10155108,Sara Luxemburg,Home Office,Russia,Europe,Eastern Europe,OFF-AR-6113,Office Supplies,Art,"Stanley Highlighters, Water Color",17.88,1,0,6.0600000000000005
ES-2015-MH1744048-42069,2015-03-06 00:00:00,MH-1744048,Mark Haberlin,Corporate,Germany,Europe,Western Europe,OFF-AR-3537,Office Supplies,Art,"Boston Markers, Blue",13.185000000000002,1,0.5,-2.3850000000000016
CA-2015-PO19180140-42081,2015-03-18 00:00:00,PO-191801402,Philisse Overcash,Home Office,United States,USCA,Central US,OFF-PA-6452,Office Supplies,Paper,Xerox 1900,10.272000000000002,3,0.2,3.209999999999998
CA-2015-PO19180140-42081,2015-03-18 00:00:00,PO-191801402,Philisse Overcash,Home Office,United States,USCA,Central US,OFF-BI-4353,Office Supplies,Binders,GBC Plasticlear Binding Covers,13.775999999999996,6,0.8,-22.04160000000001
US-2015-SV2081536-42075,2015-03-12 00:00:00,SV-2081536,Stuart Van,Corporate,Dominican Republic,LATAM,Caribbean,OFF-EN-3655,Office Supplies,Envelopes,"Cameo Business Envelopes, Security-Tint",27.120000000000005,3,0.2,4.38
ID-2015-AB102557-42088,2015-03-25 00:00:00,AB-102557,Alejandro Ballentine,Home Office,Australia,Asia Pacific,Oceania,FUR-FU-6269,Furniture,Furnishings,"Tenex Photo Frame, Duo Pack",31.14,1,0.4,-2.100000000000005
CG-2015-PF912033-42069,2015-03-06 00:00:00,PF-912033,Peter Fuller,Consumer,Democratic Republic of the Congo,Africa,Central Africa,OFF-AP-3567,Office Supplies,Appliances,"Breville Coffee Grinder, Red",61.86,1,0,26.58
TU-2015-DL3495134-42087,2015-03-24 00:00:00,DL-3495134,Dionis Lloyd,Corporate,Turkey,Asia Pacific,Western Asia,OFF-AR-5912,Office Supplies,Art,"Sanford Highlighters, Fluorescent",6.803999999999999,1,0.6,-3.065999999999998
IT-2015-OT1873091-42077,2015-03-14 00:00:00,OT-1873091,Olvera Toch,Consumer,Netherlands,Europe,Western Europe,OFF-FA-3022,Office Supplies,Fasteners,"Advantus Clamps, Metal",9.705000000000002,1,0.5,-0.7950000000000017
CA-2015-RB19360140-42087,2015-03-24 00:00:00,RB-193601404,Raymond Buch,Consumer,United States,USCA,Western US,TEC-CO-3691,Technology,Copiers,Canon imageCLASS 2200 Advanced Copier,13999.96,4,0,6719.980799999999
MX-2015-GB1453039-42075,2015-03-12 00:00:00,GB-1453039,George Bell,Corporate,El Salvador,LATAM,Central America,OFF-LA-4688,Office Supplies,Labels,"Hon Round Labels, Laser Printer Compatible",22.2,5,0,9.3
US-2015-PH1879036-42068,2015-03-05 00:00:00,PH-1879036,Patricia Hirasaki,Home Office,Dominican Republic,LATAM,Caribbean,OFF-LA-4541,Office Supplies,Labels,"Harbour Creations Removable Labels, 5000 Label Set",11.040000000000001,2,0.2,-0.7200000000000003
CA-2015-RB19360140-42087,2015-03-24 00:00:00,RB-193601404,Raymond Buch,Consumer,United States,USCA,Western US,OFF-ST-2922,Office Supplies,Storage,Acco Perma 4000 Stacking Storage Drawers,32.48,2,0,4.872
CA-2015-RB19360140-42087,2015-03-24 00:00:00,RB-193601404,Raymond Buch,Consumer,United States,USCA,Western US,OFF-PA-6448,Office Supplies,Paper,Xerox 1898,20.04,3,0,9.6192
CA-2015-RE19450140-42067,2015-03-04 00:00:00,RE-194501402,Richard Eichhorn,Consumer,United States,USCA,Central US,OFF-PA-4881,Office Supplies,Paper,"Important Message Pads, 50 4-1/4 x 5-1/2 Forms per Pad",26.880000000000003,8,0.2,9.743999999999998
IN-2015-DK1309058-42075,2015-03-12 00:00:00,DK-1309058,Dave Kipp,Consumer,India,Asia Pacific,Southern Asia,OFF-SU-4983,Office Supplies,Supplies,"Kleencut Ruler, Serrated",10.26,1,0,2.7600000000000002
NI-2015-SM1090595-42087,2015-03-24 00:00:00,SM-1090595,Susan MacKendrick,Consumer,Nigeria,Africa,Western Africa,OFF-AP-3563,Office Supplies,Appliances,"Breville Blender, Black",53.80200000000001,2,0.7,-118.398
RO-2015-CA1965107-42090,2015-03-27 00:00:00,CA-1965107,Carol Adams,Corporate,Romania,Europe,Eastern Europe,OFF-AR-3491,Office Supplies,Art,"Binney & Smith Markers, Water Color",27.27,1,0,4.62
NI-2015-DR288095-42081,2015-03-18 00:00:00,DR-288095,Dan Reichenbach,Corporate,Nigeria,Africa,Western Africa,OFF-BI-4810,Office Supplies,Binders,"Ibico Binder Covers, Recycled",4.203,1,0.7,-4.6469999999999985
ES-2015-SD2048564-42081,2015-03-18 00:00:00,SD-2048564,Shirley Daniels,Home Office,Italy,Europe,Southern Europe,OFF-PA-3994,Office Supplies,Paper,"Eaton Memo Slips, 8.5 x 11",53.64,3,0,14.400000000000002
MX-2015-LC1705018-42070,2015-03-07 00:00:00,LC-1705018,Liz Carlisle,Consumer,Brazil,LATAM,South America,OFF-FA-2951,Office Supplies,Fasteners,"Accos Rubber Bands, 12 Pack",21.48,2,0,5.76
TU-2015-QJ9255134-42076,2015-03-13 00:00:00,QJ-9255134,Quincy Jones,Corporate,Turkey,Asia Pacific,Western Asia,OFF-EN-3094,Office Supplies,Envelopes,"Ames Clasp Envelope, with clear poly window",8.592,2,0.6,-10.368
MX-2015-TC2114582-42064,2015-03-01 00:00:00,TC-2114582,Theresa Coyne,Corporate,Mexico,LATAM,Central America,OFF-BI-3736,Office Supplies,Binders,"Cardinal Hole Reinforcements, Recycled",15.200000000000003,4,0,2.2399999999999998
TU-2015-SJ10125134-42075,2015-03-12 00:00:00,SJ-10125134,Sanjit Jacobs,Home Office,Turkey,Asia Pacific,Western Asia,OFF-SU-4304,Office Supplies,Supplies,"Fiskars Box Cutter, High Speed",14.207999999999998,1,0.6,-8.892
CA-2015-RW19690140-42085,2015-03-22 00:00:00,RW-196901402,Robert Waldorf,Consumer,United States,USCA,Central US,OFF-PA-4009,Office Supplies,Paper,"Eaton Premium Continuous-Feed Paper, 25% Cotton, Letter Size, White, 1000 Shts/Box",277.4,5,0,133.152
CA-2015-RW19690140-42085,2015-03-22 00:00:00,RW-196901402,Robert Waldorf,Consumer,United States,USCA,Central US,OFF-PA-6516,Office Supplies,Paper,Xerox 196,5.78,1,0,2.8322000000000003
KZ-2015-EB375068-42084,2015-03-21 00:00:00,EB-375068,Edward Becker,Corporate,Kazakhstan,Asia Pacific,Central Asia,OFF-AR-3543,Office Supplies,Art,"Boston Pencil Sharpener, Easy-Erase",9.063000000000002,1,0.7,-16.317
NI-2015-JM553595-42074,2015-03-11 00:00:00,JM-553595,Jessica Myrick,Consumer,Nigeria,Africa,Western Africa,TEC-AC-3387,Technology,Accessories,"Belkin Keyboard, USB",50.45400000000001,2,0.7,-105.966
US-2015-RD19720140-42084,2015-03-21 00:00:00,RD-197201406,Roger Demir,Consumer,United States,USCA,Eastern US,TEC-AC-6352,Technology,Accessories,WD My Passport Ultra 2TB Portable External Hard Drive,238,2,0,38.08000000000001
US-2015-RD19720140-42084,2015-03-21 00:00:00,RD-197201406,Roger Demir,Consumer,United States,USCA,Eastern US,OFF-PA-6546,Office Supplies,Paper,Xerox 1988,61.96,2,0,27.881999999999998
CA-2015-RD19720140-42093,2015-03-30 00:00:00,RD-197201402,Roger Demir,Consumer,United States,USCA,Central US,OFF-ST-3016,Office Supplies,Storage,Adjustable Personal File Tote,81.4,5,0,21.164000000000005
EG-2015-JF535538-42080,2015-03-17 00:00:00,JF-535538,Jay Fein,Consumer,Egypt,Africa,North Africa,OFF-LA-4554,Office Supplies,Labels,"Harbour Creations Shipping Labels, Alphabetical",11.28,1,0,2.0100000000000002
CA-2015-RM19750140-42070,2015-03-07 00:00:00,RM-197501406,Roland Murray,Consumer,United States,USCA,Eastern US,FUR-FU-6355,Furniture,Furnishings,"Westinghouse Floor Lamp with Metal Mesh Shade, Black",71.97,3,0,16.553099999999993
CA-2015-RM19750140-42070,2015-03-07 00:00:00,RM-197501406,Roland Murray,Consumer,United States,USCA,Eastern US,OFF-PA-6432,Office Supplies,Paper,Xerox 1883,26.38,1,0,12.134799999999998
CA-2015-RS19765140-42066,2015-03-03 00:00:00,RS-197651402,Roland Schwarz,Corporate,United States,USCA,Central US,OFF-BI-2935,Office Supplies,Binders,Acco Suede Grain Vinyl Round Ring Binder,0.5559999999999998,1,0.8,-0.9452
NI-2015-MZ751595-42083,2015-03-20 00:00:00,MZ-751595,Mary Zewe,Corporate,Nigeria,Africa,Western Africa,OFF-ST-4105,Office Supplies,Storage,"Eldon Trays, Blue",14.391000000000002,1,0.7,-24.969
ES-2015-MC1813048-42094,2015-03-31 00:00:00,MC-1813048,Mike Caudle,Corporate,Germany,Europe,Western Europe,OFF-EN-3106,Office Supplies,Envelopes,"Ames Manila Envelope, Set of 50",24.69,1,0,1.9500000000000002
IZ-2015-ME772561-42069,2015-03-06 00:00:00,ME-772561,Max Engle,Consumer,Iraq,Asia Pacific,Western Asia,OFF-BI-3737,Office Supplies,Binders,"Cardinal Index Tab, Clear",6.719999999999999,1,0,2.82
TU-2015-TD10995134-42068,2015-03-05 00:00:00,TD-10995134,Tamara Dahlen,Consumer,Turkey,Asia Pacific,Western Asia,OFF-SU-3004,Office Supplies,Supplies,"Acme Trimmer, Steel",35.184000000000005,2,0.6,-33.456
ID-2015-AB106007-42073,2015-03-10 00:00:00,AB-106007,Ann Blume,Corporate,Australia,Asia Pacific,Oceania,OFF-PA-4182,Office Supplies,Paper,"Enermax Parchment Paper, Multicolor",20.159999999999997,2,0.4,-9.419999999999998
MX-2015-TH2155051-42087,2015-03-24 00:00:00,TH-2155051,Tracy Hopkins,Home Office,Guatemala,LATAM,Central America,OFF-EN-3660,Office Supplies,Envelopes,"Cameo Clasp Envelope, with clear poly window",26.1,3,0,6.480000000000001
UZ-2015-ES4080142-42094,2015-03-31 00:00:00,ES-4080142,Erin Smith,Corporate,Uzbekistan,Asia Pacific,Central Asia,OFF-BI-4807,Office Supplies,Binders,"Ibico Binder Covers, Clear",13.11,1,0,0.8999999999999999
NI-2015-JM553595-42074,2015-03-11 00:00:00,JM-553595,Jessica Myrick,Consumer,Nigeria,Africa,Western Africa,OFF-AR-3495,Office Supplies,Art,"Binney & Smith Pens, Blue",7.1640000000000015,2,0.7,-6.6960000000000015
GH-2015-KA652549-42078,2015-03-15 00:00:00,KA-652549,Kelly Andreada,Consumer,Ghana,Africa,Western Africa,OFF-BI-3248,Office Supplies,Binders,"Avery Binder Covers, Economy",22.14,2,0,6.84
CA-2015-SH19975140-42070,2015-03-07 00:00:00,SH-199751404,Sally Hughsby,Corporate,United States,USCA,Western US,OFF-ST-4299,Office Supplies,Storage,"File Shuttle II and Handi-File, Black",67.78,2,0,16.945
MX-2015-MD1735016-42071,2015-03-08 00:00:00,MD-1735016,Maribeth Dona,Consumer,Bolivia,LATAM,South America,OFF-FA-6207,Office Supplies,Fasteners,"Stockwell Thumb Tacks, Bulk Pack",17.52,2,0,3.84
ES-2015-RS1942064-42091,2015-03-28 00:00:00,RS-1942064,Ricardo Sperren,Corporate,Italy,Europe,Southern Europe,OFF-LA-4696,Office Supplies,Labels,"Hon Shipping Labels, Laser Printer Compatible",11.370000000000001,1,0,3.18
CA-2015-SE20110140-42077,2015-03-14 00:00:00,SE-201101404,Sanjit Engle,Consumer,United States,USCA,Western US,OFF-SU-5168,Office Supplies,Supplies,Martin Yale Chadless Opener Electric Letter Opener,1332.496,2,0.2,-299.8116
CA-2015-SJ20125140-42087,2015-03-24 00:00:00,SJ-201251404,Sanjit Jacobs,Home Office,United States,USCA,Western US,OFF-BI-3741,Office Supplies,Binders,"Cardinal Slant-D Ring Binder, Heavy Gauge Vinyl",34.76,5,0.2,11.296999999999999
US-2015-SB2018536-42067,2015-03-04 00:00:00,SB-2018536,Sarah Brown,Consumer,Dominican Republic,LATAM,Caribbean,OFF-ST-6024,Office Supplies,Storage,"Smead Box, Industrial",18,3,0.2,-2.7
ID-2015-GT14635118-42083,2015-03-20 00:00:00,GT-14635118,Grant Thornton,Corporate,South Korea,Asia Pacific,Eastern Asia,OFF-LA-5383,Office Supplies,Labels,"Novimex File Folder Labels, Adjustable",3.0749999999999997,1,0.5,-0.5549999999999997
US-2015-GB1453018-42075,2015-03-12 00:00:00,GB-1453018,George Bell,Corporate,Brazil,LATAM,South America,OFF-LA-4688,Office Supplies,Labels,"Hon Round Labels, Laser Printer Compatible",8.879999999999999,5,0.6,-4.019999999999996
AG-2015-AC4203-42065,2015-03-02 00:00:00,AC-4203,Alyssa Crouse,Corporate,Algeria,Africa,North Africa,OFF-AR-6125,Office Supplies,Art,"Stanley Sketch Pad, Blue",44.43,1,0,14.64
MX-2015-BF1102098-42091,2015-03-28 00:00:00,BF-1102098,Barry Französisch,Corporate,Panama,LATAM,Central America,OFF-EN-4909,Office Supplies,Envelopes,"Jiffy Clasp Envelope, with clear poly window",14.472,3,0.4,0.911999999999999
AE-2015-JD5790138-42070,2015-03-07 00:00:00,JD-5790138,John Dryer,Consumer,United Arab Emirates,Asia Pacific,Western Asia,OFF-LA-4638,Office Supplies,Labels,"Hon Color Coded Labels, Adjustable",6.425999999999999,2,0.7,-11.573999999999995
CA-2015-SW20275140-42082,2015-03-19 00:00:00,SW-202751404,Scott Williamson,Consumer,United States,USCA,Western US,OFF-AR-3960,Office Supplies,Art,Deluxe Chalkboard Eraser Cleaner,46.2,4,0,21.252
IT-2015-OT1873091-42077,2015-03-14 00:00:00,OT-1873091,Olvera Toch,Consumer,Netherlands,Europe,Western Europe,FUR-CH-5408,Furniture,Chairs,"Novimex Steel Folding Chair, Red",41.115,1,0.5,-5.775000000000006
MX-2015-AG1033031-42089,2015-03-26 00:00:00,AG-1033031,Alex Grayson,Consumer,Cuba,LATAM,Caribbean,OFF-LA-4550,Office Supplies,Labels,"Harbour Creations Round Labels, Alphabetical",8.76,2,0,3.12
IN-2015-FO1430527-42076,2015-03-13 00:00:00,FO-1430527,Frank Olsen,Consumer,China,Asia Pacific,Eastern Asia,OFF-EN-4437,Office Supplies,Envelopes,"GlobeWeis Clasp Envelope, Set of 50",49.49999999999999,5,0,0
CA-2015-SC20380140-42077,2015-03-14 00:00:00,SC-203801406,Shahid Collister,Consumer,United States,USCA,Eastern US,OFF-AP-4727,Office Supplies,Appliances,Hoover Commercial Lightweight Upright Vacuum with E-Z Empty Dirt Cup,465.16,2,0,120.9416
MX-2015-RD1990018-42080,2015-03-17 00:00:00,RD-1990018,Ruben Dartt,Consumer,Brazil,LATAM,South America,OFF-ST-6231,Office Supplies,Storage,"Tenex Box, Wire Frame",20.759999999999998,2,0,2.88
CA-2015-SC20380140-42077,2015-03-14 00:00:00,SC-203801406,Shahid Collister,Consumer,United States,USCA,Eastern US,OFF-BI-4372,Office Supplies,Binders,GBC VeloBind Cover Sets,30.88,2,0,15.44
RO-2015-CA1965107-42090,2015-03-27 00:00:00,CA-1965107,Carol Adams,Corporate,Romania,Europe,Eastern Europe,OFF-FA-2950,Office Supplies,Fasteners,"Accos Push Pins, Metal",29.28,2,0,4.92
CA-2015-SC20380140-42077,2015-03-14 00:00:00,SC-203801406,Shahid Collister,Consumer,United States,USCA,Eastern US,OFF-PA-6214,Office Supplies,Paper,Strathmore Photo Mount Cards,27.12,4,0,12.4752
CA-2015-SH20395140-42071,2015-03-08 00:00:00,SH-203951406,Shahid Hopkins,Consumer,United States,USCA,Eastern US,OFF-LA-3190,Office Supplies,Labels,"Avery 4027 File Folder Labels for Dot Matrix Printers, 5000 Labels per Box, White",91.59,3,0,42.1314
CA-2015-SH20395140-42071,2015-03-08 00:00:00,SH-203951406,Shahid Hopkins,Consumer,United States,USCA,Eastern US,OFF-BI-2869,Office Supplies,Binders,3M Organizer Strips,25.92,6,0.2,9.072
TU-2015-BP1050134-42070,2015-03-07 00:00:00,BP-1050134,Barry Pond,Corporate,Turkey,Asia Pacific,Western Asia,OFF-BI-3721,Office Supplies,Binders,"Cardinal Binder, Durable",12.264,2,0.6,-16.895999999999997
SF-2015-EH3945117-42075,2015-03-12 00:00:00,EH-3945117,Eric Hoffmann,Consumer,South Africa,Africa,Southern Africa,OFF-BI-6399,Office Supplies,Binders,"Wilson Jones Hole Reinforcements, Economy",4.530000000000001,1,0,2.25
EG-2015-JS594038-42094,2015-03-31 00:00:00,JS-594038,Joni Sundaresam,Home Office,Egypt,Africa,North Africa,OFF-LA-6056,Office Supplies,Labels,"Smead Round Labels, Laser Printer Compatible",6.8999999999999995,1,0,2.46
MX-2015-RF1934555-42068,2015-03-05 00:00:00,RF-1934555,Randy Ferguson,Corporate,Honduras,LATAM,Central America,OFF-BI-6399,Office Supplies,Binders,"Wilson Jones Hole Reinforcements, Economy",5.436,3,0.4,0.03599999999999852
MX-2015-VD2167082-42080,2015-03-17 00:00:00,VD-2167082,Valerie Dominguez,Consumer,Mexico,LATAM,Central America,OFF-BI-6404,Office Supplies,Binders,"Wilson Jones Index Tab, Economy",8.6,2,0,1.72
EG-2015-JL513038-42081,2015-03-18 00:00:00,JL-513038,Jack Lebron,Consumer,Egypt,Africa,North Africa,OFF-BI-4807,Office Supplies,Binders,"Ibico Binder Covers, Clear",26.22,2,0,1.7999999999999998
US-2015-CM1181555-42069,2015-03-06 00:00:00,CM-1181555,Candace McMahon,Corporate,Honduras,LATAM,Central America,OFF-LA-3312,Office Supplies,Labels,"Avery Removable Labels, Alphabetical",16.896,4,0.4,-3.104000000000002
MX-2015-JM1619518-42076,2015-03-13 00:00:00,JM-1619518,Justin MacKendrick,Consumer,Brazil,LATAM,South America,OFF-FA-6202,Office Supplies,Fasteners,"Stockwell Staples, Assorted Sizes",11,2,0,4.4
CA-2015-SU20665140-42077,2015-03-14 00:00:00,SU-206651402,Stephanie Ulpright,Home Office,United States,USCA,Central US,TEC-CO-4585,Technology,Copiers,Hewlett Packard LaserJet 3310 Copier,959.984,2,0.2,335.99440000000004
CA-2015-SU20665140-42077,2015-03-14 00:00:00,SU-206651402,Stephanie Ulpright,Home Office,United States,USCA,Central US,TEC-MA-4783,Technology,Machines,"HP Officejet Pro 8600 e-All-In-One Printer, Copier, Scanner, Fax",209.986,2,0.3,8.99939999999998
CA-2015-SU20665140-42077,2015-03-14 00:00:00,SU-206651402,Stephanie Ulpright,Home Office,United States,USCA,Central US,FUR-CH-5781,Furniture,Chairs,SAFCO Folding Chair Trolley,89.768,1,0.3,-2.564799999999998
CA-2015-SU20665140-42077,2015-03-14 00:00:00,SU-206651402,Stephanie Ulpright,Home Office,United States,USCA,Central US,TEC-PH-5608,Technology,Phones,Plantronics MX500i Earset,34.36000000000001,1,0.2,-7.3015000000000025
CA-2015-SU20665140-42077,2015-03-14 00:00:00,SU-206651402,Stephanie Ulpright,Home Office,United States,USCA,Central US,OFF-AR-4010,Office Supplies,Art,"Eberhard Faber 3 1/2"" Golf Pencils",29.760000000000005,5,0.2,1.8599999999999994
CA-2015-SU20665140-42077,2015-03-14 00:00:00,SU-206651402,Stephanie Ulpright,Home Office,United States,USCA,Central US,OFF-PA-6552,Office Supplies,Paper,Xerox 1993,15.552000000000003,3,0.2,5.6376
CA-2015-SU20665140-42077,2015-03-14 00:00:00,SU-206651402,Stephanie Ulpright,Home Office,United States,USCA,Central US,OFF-AR-3832,Office Supplies,Art,Col-Erase Pencils with Erasers,19.456000000000003,4,0.2,2.188799999999997
ID-2015-LR17035102-42087,2015-03-24 00:00:00,LR-17035102,Lisa Ryan,Corporate,Philippines,Asia Pacific,Southeastern Asia,OFF-PA-4467,Office Supplies,Paper,"Green Bar Computer Printout Paper, Multicolor",17.143500000000003,1,0.45,-7.1865000000000006
CA-2015-SC20725140-42085,2015-03-22 00:00:00,SC-207251404,Steven Cartwright,Consumer,United States,USCA,Western US,OFF-ST-3015,Office Supplies,Storage,Adjustable Depth Letter/Legal Cart,725.84,4,0,210.4935999999999
SF-2015-RB9330117-42081,2015-03-18 00:00:00,RB-9330117,Randy Bradley,Consumer,South Africa,Africa,Southern Africa,OFF-FA-3073,Office Supplies,Fasteners,"Advantus Thumb Tacks, Assorted Sizes",22.080000000000002,2,0,3.3000000000000003
CA-2015-SC20725140-42085,2015-03-22 00:00:00,SC-207251404,Steven Cartwright,Consumer,United States,USCA,Western US,OFF-BI-3265,Office Supplies,Binders,"Avery Durable Plastic 1"" Binders",10.896,3,0.2,3.9497999999999998
CA-2015-SC20725140-42085,2015-03-22 00:00:00,SC-207251404,Steven Cartwright,Consumer,United States,USCA,Western US,OFF-BI-5642,Office Supplies,Binders,Pressboard Data Binders by Wilson Jones,8.544,2,0.2,2.8835999999999995
AG-2015-AC4203-42065,2015-03-02 00:00:00,AC-4203,Alyssa Crouse,Corporate,Algeria,Africa,North Africa,OFF-BI-6400,Office Supplies,Binders,"Wilson Jones Hole Reinforcements, Recycled",4.890000000000001,1,0,1.17
TU-2015-AJ960134-42075,2015-03-12 00:00:00,AJ-960134,Astrea Jones,Consumer,Turkey,Asia Pacific,Western Asia,OFF-PA-3994,Office Supplies,Paper,"Eaton Memo Slips, 8.5 x 11",7.152,1,0.6,-5.927999999999999
UP-2015-DK3150137-42084,2015-03-21 00:00:00,DK-3150137,David Kendrick,Corporate,Ukraine,Europe,Eastern Europe,OFF-BI-2892,Office Supplies,Binders,"Acco Binder Covers, Durable",14.819999999999999,1,0,6.66
CA-2015-SC20770140-42066,2015-03-03 00:00:00,SC-207701402,Stewart Carmichael,Corporate,United States,USCA,Central US,OFF-FA-6129,Office Supplies,Fasteners,Staples,6.976000000000001,4,0.2,-1.3952000000000013
CA-2015-SC20770140-42066,2015-03-03 00:00:00,SC-207701402,Stewart Carmichael,Corporate,United States,USCA,Central US,OFF-BI-6407,Office Supplies,Binders,Wilson Jones Leather-Like Binders with DublLock Round Rings,12.221999999999998,7,0.8,-20.166300000000007
CA-2015-SA20830140-42083,2015-03-20 00:00:00,SA-208301404,Sue Ann Reed,Consumer,United States,USCA,Western US,FUR-TA-3768,Furniture,Tables,Chromcraft Round Conference Tables,697.16,5,0.2,8.714499999999987
CA-2015-SA20830140-42083,2015-03-20 00:00:00,SA-208301404,Sue Ann Reed,Consumer,United States,USCA,Western US,FUR-FU-3031,Furniture,Furnishings,"Advantus Employee of the Month Certificate Frame, 11 x 13-1/2",30.93,1,0,12.6813
CA-2015-SA20830140-42083,2015-03-20 00:00:00,SA-208301404,Sue Ann Reed,Consumer,United States,USCA,Western US,OFF-BI-6094,Office Supplies,Binders,SpineVue Locking Slant-D Ring Binders by Cardinal,14.624000000000002,2,0.2,5.118399999999999
CA-2015-SA20830140-42083,2015-03-20 00:00:00,SA-208301404,Sue Ann Reed,Consumer,United States,USCA,Western US,OFF-BI-5640,Office Supplies,Binders,"Pressboard Covers with Storage Hooks, 9 1/2"" x 11"", Light Blue",27.496000000000002,7,0.2,9.2799
CA-2015-SP20860140-42068,2015-03-05 00:00:00,SP-208601404,Sung Pak,Corporate,United States,USCA,Western US,OFF-AR-3087,Office Supplies,Art,American Pencil,9.32,4,0,2.702799999999999
CA-2015-SP20860140-42068,2015-03-05 00:00:00,SP-208601404,Sung Pak,Corporate,United States,USCA,Western US,OFF-EN-6362,Office Supplies,Envelopes,"White Envelopes, White Envelopes with Clear Poly Window",15.25,1,0,7.014999999999999
CA-2015-SP20920140-42080,2015-03-17 00:00:00,SP-209201406,Susan Pistek,Consumer,United States,USCA,Eastern US,TEC-AC-5111,Technology,Accessories,Logitech G700s Rechargeable Gaming Mouse,159.984,2,0.2,43.9956
CA-2015-SP20920140-42080,2015-03-17 00:00:00,SP-209201406,Susan Pistek,Consumer,United States,USCA,Eastern US,TEC-PH-5534,Technology,Phones,OtterBox Defender Series Case - iPhone 5c,44.376,2,0.4,-7.396000000000004
CA-2015-SP20920140-42080,2015-03-17 00:00:00,SP-209201406,Susan Pistek,Consumer,United States,USCA,Eastern US,OFF-ST-4299,Office Supplies,Storage,"File Shuttle II and Handi-File, Black",54.224000000000004,2,0.2,3.3889999999999993
CA-2015-SP20920140-42080,2015-03-17 00:00:00,SP-209201406,Susan Pistek,Consumer,United States,USCA,Eastern US,FUR-FU-5420,Furniture,Furnishings,Nu-Dell Oak Frame,51.264,6,0.2,7.689599999999993
CA-2015-SP20920140-42080,2015-03-17 00:00:00,SP-209201406,Susan Pistek,Consumer,United States,USCA,Eastern US,OFF-BI-3259,Office Supplies,Binders,Avery Binding System Hidden Tab Executive Style Index Sets,5.1930000000000005,3,0.7,-3.4619999999999997
IZ-2015-MS771061-42088,2015-03-25 00:00:00,MS-771061,Maurice Satty,Consumer,Iraq,Asia Pacific,Western Asia,OFF-AR-3465,Office Supplies,Art,"BIC Pens, Easy-Erase",14.549999999999999,1,0,3.18
ES-2015-BT1139564-42088,2015-03-25 00:00:00,BT-1139564,Bill Tyler,Corporate,Italy,Europe,Southern Europe,OFF-BI-2896,Office Supplies,Binders,"Acco Binder, Durable",16.65,1,0,4.65
CM-2015-CS213022-42064,2015-03-01 00:00:00,CS-213022,Chad Sievert,Consumer,Cameroon,Africa,Central Africa,OFF-AR-3454,Office Supplies,Art,"BIC Highlighters, Water Color",22.11,1,0,3.96
NI-2015-JM553595-42074,2015-03-11 00:00:00,JM-553595,Jessica Myrick,Consumer,Nigeria,Africa,Western Africa,OFF-ST-4029,Office Supplies,Storage,"Eldon Box, Industrial",3.222,1,0.7,-3.557999999999998
ES-2015-RS1942064-42091,2015-03-28 00:00:00,RS-1942064,Ricardo Sperren,Corporate,Italy,Europe,Southern Europe,OFF-BI-3254,Office Supplies,Binders,"Avery Binder, Recycled",26.52,2,0,12.18
MX-2015-VF2171582-42074,2015-03-11 00:00:00,VF-2171582,Vicky Freymann,Home Office,Mexico,LATAM,Central America,OFF-BI-3295,Office Supplies,Binders,"Avery Index Tab, Economy",5.220000000000001,1,0,1.86
ID-2015-ER1385597-42073,2015-03-10 00:00:00,ER-1385597,Elpida Rittenbach,Corporate,Pakistan,Asia Pacific,Southern Asia,OFF-EN-5027,Office Supplies,Envelopes,"Kraft Clasp Envelope, Set of 50",18,4,0.5,-17.28
CA-2015-TB21055140-42085,2015-03-22 00:00:00,TB-210551406,Ted Butterfield,Consumer,United States,USCA,Eastern US,OFF-EN-3834,Office Supplies,Envelopes,Colored Envelopes,8.856,3,0.2,2.878199999999999
MX-2015-JW1522039-42077,2015-03-14 00:00:00,JW-1522039,Jane Waco,Corporate,El Salvador,LATAM,Central America,OFF-EN-3675,Office Supplies,Envelopes,"Cameo Peel and Seal, Set of 50",28,2,0,1.6800000000000002
AG-2015-AC4203-42065,2015-03-02 00:00:00,AC-4203,Alyssa Crouse,Corporate,Algeria,Africa,North Africa,OFF-EN-4452,Office Supplies,Envelopes,"GlobeWeis Peel and Seal, Security-Tint",23.79,1,0,2.8499999999999996
NI-2015-BS175595-42074,2015-03-11 00:00:00,BS-175595,Bruce Stewart,Consumer,Nigeria,Africa,Western Africa,OFF-AR-6123,Office Supplies,Art,"Stanley Pens, Fluorescent",3.393000000000001,1,0.7,-6.9270000000000005
CA-2015-TT21220140-42082,2015-03-19 00:00:00,TT-212201402,Thomas Thornton,Consumer,United States,USCA,Central US,TEC-PH-5649,Technology,Phones,Pyle PMP37LED,537.544,7,0.2,47.03509999999997
TU-2015-MM7260134-42073,2015-03-10 00:00:00,MM-7260134,Magdelene Morse,Consumer,Turkey,Asia Pacific,Western Asia,OFF-AR-3494,Office Supplies,Art,"Binney & Smith Pencil Sharpener, Water Color",11.94,1,0.6,-11.069999999999997
CA-2015-TB1128023-42081,2015-03-18 00:00:00,TB-1128023,Toby Braunhardt,Consumer,Canada,USCA,Canada,OFF-ST-4080,Office Supplies,Storage,"Eldon Lockers, Single Width",197.93999999999997,1,0,96.99
CA-2015-TB1128023-42081,2015-03-18 00:00:00,TB-1128023,Toby Braunhardt,Consumer,Canada,USCA,Canada,OFF-ST-6248,Office Supplies,Storage,"Tenex File Cart, Single Width",134.16,1,0,12.059999999999999
CA-2015-TB1128023-42081,2015-03-18 00:00:00,TB-1128023,Toby Braunhardt,Consumer,Canada,USCA,Canada,OFF-EN-3105,Office Supplies,Envelopes,"Ames Manila Envelope, Security-Tint",27.090000000000003,1,0,10.83
CA-2015-TB1128023-42081,2015-03-18 00:00:00,TB-1128023,Toby Braunhardt,Consumer,Canada,USCA,Canada,OFF-LA-3298,Office Supplies,Labels,"Avery Legal Exhibit Labels, Adjustable",9.24,1,0,2.8499999999999996
CA-2015-TB1128023-42081,2015-03-18 00:00:00,TB-1128023,Toby Braunhardt,Consumer,Canada,USCA,Canada,OFF-LA-3297,Office Supplies,Labels,"Avery Legal Exhibit Labels, 5000 Label Set",23.46,2,0,10.74
MX-2015-EH1399036-42083,2015-03-20 00:00:00,EH-1399036,Erica Hackney,Consumer,Dominican Republic,LATAM,Caribbean,OFF-FA-5483,Office Supplies,Fasteners,"OIC Staples, Metal",42.784000000000006,7,0.2,6.383999999999998
KE-2015-FM429069-42088,2015-03-25 00:00:00,FM-429069,Frank Merwin,Home Office,Kenya,Africa,Eastern Africa,OFF-AR-3464,Office Supplies,Art,"BIC Pens, Blue",14.28,1,0,1.56
US-2015-TB21400140-42094,2015-03-31 00:00:00,TB-214001404,Tom Boeckenhauer,Consumer,United States,USCA,Western US,TEC-PH-3167,Technology,Phones,AT&T CL83451 4-Handset Telephone,164.79200000000003,1,0.2,18.53909999999999
US-2015-TB21400140-42094,2015-03-31 00:00:00,TB-214001404,Tom Boeckenhauer,Consumer,United States,USCA,Western US,OFF-AR-5166,Office Supplies,Art,Manco Dry-Lighter Erasable Highlighter,6.08,2,0,2.0671999999999997
IT-2015-AB1001548-42074,2015-03-11 00:00:00,AB-1001548,Aaron Bergman,Consumer,Germany,Europe,Western Europe,OFF-LA-6043,Office Supplies,Labels,"Smead Legal Exhibit Labels, Adjustable",27,3,0,3.7800000000000002
IS-2015-DD357063-42069,2015-03-06 00:00:00,DD-357063,Dorothy Dickinson,Consumer,Israel,Asia Pacific,Western Asia,OFF-FA-6193,Office Supplies,Fasteners,"Stockwell Push Pins, 12 Pack",13.8,1,0,1.3800000000000001
US-2015-TT21460140-42068,2015-03-05 00:00:00,TT-214601402,Tonja Turnell,Home Office,United States,USCA,Central US,FUR-FU-4761,Furniture,Furnishings,"Howard Miller 13-3/4"" Diameter Brushed Chrome Round Wall Clock",103.50000000000001,5,0.6,-77.625
US-2015-TT21460140-42068,2015-03-05 00:00:00,TT-214601402,Tonja Turnell,Home Office,United States,USCA,Central US,OFF-ST-3851,Office Supplies,Storage,Crate-A-Files,8.72,1,0.2,0.6539999999999995
US-2015-VP2176082-42082,2015-03-19 00:00:00,VP-2176082,Victoria Pisteka,Corporate,Mexico,LATAM,Central America,OFF-PA-4007,Office Supplies,Paper,"Eaton Parchment Paper, Premium",26.939999999999998,3,0,8.580000000000002
US-2015-TT21460140-42068,2015-03-05 00:00:00,TT-214601402,Tonja Turnell,Home Office,United States,USCA,Central US,OFF-LA-3217,Office Supplies,Labels,Avery 497,2.4640000000000004,1,0.2,0.8623999999999998
CA-2015-TM21490140-42094,2015-03-31 00:00:00,TM-214901402,Tony Molinari,Consumer,United States,USCA,Central US,OFF-EN-5275,Office Supplies,Envelopes,Multimedia Mailers,325.86,2,0,149.8956
US-2015-RR1952598-42069,2015-03-06 00:00:00,RR-1952598,Rick Reed,Corporate,Panama,LATAM,Central America,OFF-BI-4812,Office Supplies,Binders,"Ibico Binder, Durable",13.583999999999998,2,0.4,-2.7359999999999993
IZ-2015-MS771061-42088,2015-03-25 00:00:00,MS-771061,Maurice Satty,Consumer,Iraq,Asia Pacific,Western Asia,OFF-ST-5688,Office Supplies,Storage,"Rogers Box, Single Width",24,1,0,2.88
CA-2015-TB21595140-42084,2015-03-21 00:00:00,TB-215951402,Troy Blackwell,Consumer,United States,USCA,Central US,FUR-FU-4386,Furniture,Furnishings,"GE General Purpose, Extra Long Life, Showcase & Floodlight Incandescent Bulbs",2.91,1,0,1.3677
NI-2015-MG814595-42088,2015-03-25 00:00:00,MG-814595,Mike Gockenbach,Consumer,Nigeria,Africa,Western Africa,OFF-LA-5403,Office Supplies,Labels,"Novimex Shipping Labels, Adjustable",2.664,1,0.7,-4.6259999999999994
TU-2015-TP11130134-42077,2015-03-14 00:00:00,TP-11130134,Theone Pippenger,Consumer,Turkey,Asia Pacific,Western Asia,OFF-FA-6203,Office Supplies,Fasteners,"Stockwell Staples, Bulk Pack",8.328000000000001,2,0.6,-3.9719999999999995
ES-2015-AS1024014-42073,2015-03-10 00:00:00,AS-1024014,Alan Shonely,Consumer,Belgium,Europe,Western Europe,OFF-PA-4482,Office Supplies,Paper,"Green Bar Parchment Paper, Multicolor",18.089999999999996,1,0,5.76
US-2015-VM21685140-42080,2015-03-17 00:00:00,VM-216851404,Valerie Mitchum,Home Office,United States,USCA,Western US,TEC-PH-5241,Technology,Phones,Mitel MiVoice 5330e IP Phone,659.9760000000001,3,0.2,49.49819999999997
US-2015-VM21685140-42080,2015-03-17 00:00:00,VM-216851404,Valerie Mitchum,Home Office,United States,USCA,Western US,OFF-ST-5764,Office Supplies,Storage,Safco Commercial Shelving,46.51,1,0,1.8603999999999985
US-2015-VM21685140-42080,2015-03-17 00:00:00,VM-216851404,Valerie Mitchum,Home Office,United States,USCA,Western US,OFF-PA-6577,Office Supplies,Paper,Xerox 214,6.48,1,0,3.1104000000000003
BO-2015-MS798013-42091,2015-03-28 00:00:00,MS-798013,Michael Stewart,Corporate,Belarus,Europe,Eastern Europe,OFF-ST-4030,Office Supplies,Storage,"Eldon Box, Single Width",20.58,2,0,5.9399999999999995
IZ-2015-DB306061-42089,2015-03-26 00:00:00,DB-306061,Dave Brooks,Consumer,Iraq,Asia Pacific,Western Asia,OFF-LA-4540,Office Supplies,Labels,"Harbour Creations Legal Exhibit Labels, Laser Printer Compatible",10.95,1,0,2.4000000000000004
CA-2015-VB21745140-42072,2015-03-09 00:00:00,VB-217451408,Victoria Brennan,Corporate,United States,USCA,Southern US,OFF-AP-3370,Office Supplies,Appliances,Belkin 8 Outlet SurgeMaster II Gold Surge Protector with Phone Protection,647.84,8,0,168.4384
CA-2015-VB21745140-42072,2015-03-09 00:00:00,VB-217451408,Victoria Brennan,Corporate,United States,USCA,Southern US,OFF-LA-3244,Office Supplies,Labels,"Avery Address/Shipping Labels for Typewriters, 4"" x 2""",20.7,2,0,9.936
CA-2015-VG21805140-42083,2015-03-20 00:00:00,VG-218051406,Vivek Grady,Corporate,United States,USCA,Eastern US,OFF-AR-3976,Office Supplies,Art,Dixon Ticonderoga Pencils,8.94,3,0,2.4138000000000006
IT-2015-RS19420139-42087,2015-03-24 00:00:00,RS-19420139,Ricardo Sperren,Corporate,United Kingdom,Europe,Northern Europe,OFF-AR-6120,Office Supplies,Art,"Stanley Pencil Sharpener, Water Color",27.96,2,0.5,-25.740000000000002
ZA-2015-BS1380147-42087,2015-03-24 00:00:00,BS-1380147,Bill Stewart,Corporate,Zimbabwe,Africa,Eastern Africa,OFF-FA-3074,Office Supplies,Fasteners,"Advantus Thumb Tacks, Bulk Pack",4.077000000000001,1,0.7,-9.513
RS-2015-SB10290108-42082,2015-03-19 00:00:00,SB-10290108,Sean Braxton,Corporate,Russia,Europe,Eastern Europe,OFF-BI-2894,Office Supplies,Binders,"Acco Binder Covers, Recycled",13.68,1,0,4.08
US-2015-RH1955518-42079,2015-03-16 00:00:00,RH-1955518,Ritsa Hightower,Consumer,Brazil,LATAM,South America,OFF-ST-4096,Office Supplies,Storage,"Eldon Shelving, Single Width",25.839999999999996,2,0.6,-14.239999999999991
CG-2015-BT144033-42067,2015-03-04 00:00:00,BT-144033,Bobby Trafton,Consumer,Democratic Republic of the Congo,Africa,Central Africa,OFF-EN-4436,Office Supplies,Envelopes,"GlobeWeis Clasp Envelope, Security-Tint",12.299999999999999,1,0,4.65
ID-2015-BE11455102-42077,2015-03-14 00:00:00,BE-11455102,Brad Eason,Home Office,Philippines,Asia Pacific,Southeastern Asia,TEC-AC-5880,Technology,Accessories,"SanDisk Mouse, Bluetooth",21.070500000000003,1,0.45,-16.879500000000004
