Order ID,Order Date,Customer ID,Customer Name,Segment,Country,Market,Region,Product ID,Category,Sub-Category,Product Name,Sales,Quantity,Discount,Profit
MX-2015-DM1295551-42103,2015-04-09 00:00:00,DM-1295551,Dario Medina,Corporate,Guatemala,LATAM,Central America,FUR-TA-5064,Furniture,Tables,"Lesro Round Table, Rectangular",3117.0879999999997,13,0.2,38.94800000000005
ES-2015-YC21895139-42097,2015-04-03 00:00:00,YC-21895139,Yoseph Carroll,Corporate,United Kingdom,Europe,Northern Europe,FUR-BO-3639,Furniture,Bookcases,"Bush Library with Doors, Metal",2291.8140000000003,7,0.1,127.13399999999993
CA-2015-AH10075140-42110,2015-04-16 00:00:00,AH-100751404,Adam Hart,Corporate,United States,USCA,Western US,FUR-FU-4756,Furniture,Furnishings,"Howard Miller 12"" Round Wall Clock",196.45,5,0,70.72199999999998
CA-2015-AH1007523-42101,2015-04-07 00:00:00,AH-1007523,Adam Hart,Corporate,Canada,USCA,Canada,OFF-ST-4257,Office Supplies,Storage,"Fellowes File Cart, Blue",137.31,1,0,54.900000000000006
IN-2015-HA1492027-42111,2015-04-17 00:00:00,HA-1492027,Helen Andreada,Consumer,China,Asia Pacific,Eastern Asia,TEC-PH-3148,Technology,Phones,"Apple Smart Phone, Full Size",1275,2,0,140.22
SG-2015-JW5220111-42108,2015-04-14 00:00:00,JW-5220111,Jane Waco,Corporate,Senegal,Africa,Western Africa,TEC-PH-3805,Technology,Phones,"Cisco Smart Phone, Cordless",3908.88,6,0,1563.48
US-2015-FM1421551-42115,2015-04-21 00:00:00,FM-1421551,Filia McAdams,Corporate,Guatemala,LATAM,Central America,TEC-CO-4577,Technology,Copiers,"Hewlett Fax Machine, High-Speed",1058.2792000000002,5,0.002,-2.1208
CA-2015-AS10090140-42096,2015-04-02 00:00:00,AS-100901402,Adam Shillingsburg,Consumer,United States,USCA,Central US,OFF-ST-4516,Office Supplies,Storage,Hanging Personal Folder File,94.19999999999999,6,0,23.550000000000004
IN-2015-BS1180059-42124,2015-04-30 00:00:00,BS-1180059,Bryan Spruell,Home Office,Indonesia,Asia Pacific,Southeastern Asia,OFF-AP-4504,Office Supplies,Appliances,"Hamilton Beach Refrigerator, White",4135.641,10,0.17,847.0409999999999
CA-2015-AS10090140-42096,2015-04-02 00:00:00,AS-100901402,Adam Shillingsburg,Consumer,United States,USCA,Central US,OFF-FA-6129,Office Supplies,Fasteners,Staples,28.4,5,0,13.347999999999997
ES-2015-AF1088545-42103,2015-04-09 00:00:00,AF-1088545,Art Foster,Consumer,France,Europe,Western Europe,OFF-ST-6049,Office Supplies,Storage,"Smead Lockers, Wire Frame",1244.1870000000001,7,0.1,-13.92300000000003
IN-2015-SV2078559-42110,2015-04-16 00:00:00,SV-2078559,Stewart Visinsky,Consumer,Indonesia,Asia Pacific,Southeastern Asia,OFF-ST-6049,Office Supplies,Storage,"Smead Lockers, Wire Frame",1803.0837,11,0.17,-130.38630000000003
IR-2015-MG768060-42109,2015-04-15 00:00:00,MG-768060,Maureen Gastineau,Home Office,Iran,Asia Pacific,Southern Asia,FUR-BO-3641,Furniture,Bookcases,"Bush Library with Doors, Pine",731.34,2,0,80.4
MX-2015-PS1897028-42109,2015-04-15 00:00:00,PS-1897028,Paul Stevenson,Home Office,Colombia,LATAM,South America,OFF-AP-3872,Office Supplies,Appliances,"Cuisinart Stove, Black",1792.4000000000003,5,0,304.7
ES-2015-BN11470139-42110,2015-04-16 00:00:00,BN-11470139,Brad Norvell,Corporate,United Kingdom,Europe,Northern Europe,FUR-BO-5778,Furniture,Bookcases,"Safco Floating Shelf Set, Mobile",996.3,5,0,119.55
CA-2015-AH10120140-42103,2015-04-09 00:00:00,AH-101201404,Adrian Hane,Home Office,United States,USCA,Western US,OFF-PA-6497,Office Supplies,Paper,Xerox 1942,195.76,4,0,97.88
CA-2015-AH10120140-42103,2015-04-09 00:00:00,AH-101201404,Adrian Hane,Home Office,United States,USCA,Western US,OFF-PA-6441,Office Supplies,Paper,Xerox 1891,244.54999999999998,5,0,114.93849999999998
ES-2015-CC1214548-42118,2015-04-24 00:00:00,CC-1214548,Charles Crestani,Consumer,Germany,Europe,Western Europe,TEC-AC-4186,Technology,Accessories,"Enermax Router, Erganomic",2305.26,9,0,922.05
MX-2015-AA1048031-42111,2015-04-17 00:00:00,AA-1048031,Andrew Allen,Consumer,Cuba,LATAM,Caribbean,OFF-AP-4508,Office Supplies,Appliances,"Hamilton Beach Stove, White",1801.6,5,0,180.10000000000002
SA-2015-MW8220110-42105,2015-04-11 00:00:00,MW-8220110,Mitch Webber,Consumer,Saudi Arabia,Asia Pacific,Western Asia,TEC-PH-3806,Technology,Phones,"Cisco Smart Phone, Full Size",1302.78,2,0,286.56
CA-2015-AB10165140-42109,2015-04-15 00:00:00,AB-101651406,Alan Barnes,Consumer,United States,USCA,Eastern US,OFF-AR-5929,Office Supplies,Art,"Sanford Prismacolor Professional Thick Lead Art Pencils, 36-Color Set",89.856,3,0.2,21.3408
IN-2015-JW1522058-42101,2015-04-07 00:00:00,JW-1522058,Jane Waco,Corporate,India,Asia Pacific,Southern Asia,TEC-PH-3807,Technology,Phones,"Cisco Smart Phone, with Caller ID",3271.2,5,0,1341.15
CA-2015-AB10165140-42109,2015-04-15 00:00:00,AB-101651406,Alan Barnes,Consumer,United States,USCA,Eastern US,OFF-AR-6632,Office Supplies,Art,Zebra Zazzle Fluorescent Highlighters,14.592000000000002,3,0.2,2.5535999999999985
CA-2015-AB10165140-42109,2015-04-15 00:00:00,AB-101651406,Alan Barnes,Consumer,United States,USCA,Eastern US,OFF-PA-6516,Office Supplies,Paper,Xerox 196,13.872000000000002,3,0.2,5.028600000000001
ES-2015-EG13900139-42108,2015-04-14 00:00:00,EG-13900139,Emily Grady,Consumer,United Kingdom,Europe,Northern Europe,OFF-AP-3571,Office Supplies,Appliances,"Breville Microwave, Red",2111.97,7,0,190.05
ID-2015-BD116057-42103,2015-04-09 00:00:00,BD-116057,Brian Dahlen,Consumer,Australia,Asia Pacific,Oceania,FUR-CH-5380,Furniture,Chairs,"Novimex Executive Leather Armchair, Red",1656.7199999999998,4,0.1,-110.51999999999998
MX-2015-CC1237026-42115,2015-04-21 00:00:00,CC-1237026,Christopher Conant,Consumer,Chile,LATAM,South America,FUR-CH-5394,Furniture,Chairs,"Novimex Rocking Chair, Adjustable",803.52,9,0,80.28
ES-2015-BN11470139-42110,2015-04-16 00:00:00,BN-11470139,Brad Norvell,Corporate,United Kingdom,Europe,Northern Europe,TEC-CO-4571,Technology,Copiers,"Hewlett Fax and Copier, Color",777.24,4,0,170.88
IN-2015-JF1541527-42095,2015-04-01 00:00:00,JF-1541527,Jennifer Ferguson,Consumer,China,Asia Pacific,Eastern Asia,FUR-TA-3442,Furniture,Tables,"Bevis Wood Table, with Bottom Storage",2614.6889999999994,7,0.3,-821.9609999999997
ES-2015-SE2011064-42122,2015-04-28 00:00:00,SE-2011064,Sanjit Engle,Consumer,Italy,Europe,Southern Europe,FUR-BO-3892,Furniture,Bookcases,"Dania Classic Bookcase, Traditional",1232.2800000000002,3,0,529.8299999999999
SF-2015-JH5910117-42122,2015-04-28 00:00:00,JH-5910117,Jonathan Howell,Consumer,South Africa,Africa,Southern Africa,FUR-CH-5775,Furniture,Chairs,"SAFCO Executive Leather Armchair, Red",1845.7199999999998,4,0,18.36
ES-2015-SJ2012545-42097,2015-04-03 00:00:00,SJ-2012545,Sanjit Jacobs,Home Office,France,Europe,Western Europe,TEC-MA-5008,Technology,Machines,"Konica Inkjet, Wireless",1599.156,6,0.15,37.476
IN-2015-RB1936027-42116,2015-04-22 00:00:00,RB-1936027,Raymond Buch,Consumer,China,Asia Pacific,Eastern Asia,FUR-BO-4867,Furniture,Bookcases,"Ikea Stackable Bookrack, Traditional",858.06,7,0,248.64
IN-2015-RB1936027-42116,2015-04-22 00:00:00,RB-1936027,Raymond Buch,Consumer,China,Asia Pacific,Eastern Asia,OFF-AP-3565,Office Supplies,Appliances,"Breville Blender, White",454.95000000000005,5,0,190.95
IN-2015-LP1709559-42096,2015-04-02 00:00:00,LP-1709559,Liz Preis,Consumer,Indonesia,Asia Pacific,Southeastern Asia,FUR-BO-3891,Furniture,Bookcases,"Dania Classic Bookcase, Pine",766.5246,2,0.07,288.4446
MX-2015-RE1940539-42110,2015-04-16 00:00:00,RE-1940539,Ricardo Emerson,Consumer,El Salvador,LATAM,Central America,FUR-CH-5379,Furniture,Chairs,"Novimex Executive Leather Armchair, Black",610.5999999999999,2,0,238.11999999999998
ES-2015-FA1423048-42115,2015-04-21 00:00:00,FA-1423048,Frank Atkinson,Corporate,Germany,Europe,Western Europe,TEC-PH-3806,Technology,Phones,"Cisco Smart Phone, Full Size",1958.0400000000002,3,0,509.04
ES-2015-KB1640545-42122,2015-04-28 00:00:00,KB-1640545,Katrina Bavinger,Home Office,France,Europe,Western Europe,TEC-CO-4767,Technology,Copiers,"HP Copy Machine, Laser",1447.8134999999997,7,0.15,596.0535
ES-2015-JB15400139-42116,2015-04-22 00:00:00,JB-15400139,Jennifer Braxton,Corporate,United Kingdom,Europe,Northern Europe,FUR-BO-3635,Furniture,Bookcases,"Bush Floating Shelf Set, Mobile",868.9499999999999,5,0,217.2
UP-2015-BM1140137-42119,2015-04-25 00:00:00,BM-1140137,Becky Martin,Consumer,Ukraine,Europe,Eastern Europe,TEC-CO-4775,Technology,Copiers,"HP Fax Machine, High-Speed",596.28,2,0,29.759999999999998
ES-2015-TA2138548-42096,2015-04-02 00:00:00,TA-2138548,Tom Ashbrook,Home Office,Germany,Europe,Western Europe,FUR-BO-3887,Furniture,Bookcases,"Dania 3-Shelf Cabinet, Pine",1156.68,9,0.1,-12.960000000000008
CA-2015-AT10435140-42097,2015-04-03 00:00:00,AT-104351406,Alyssa Tate,Home Office,United States,USCA,Eastern US,OFF-AR-5295,Office Supplies,Art,Newell 318,11.12,4,0,2.8911999999999995
IN-2015-CM1193559-42097,2015-04-03 00:00:00,CM-1193559,Carlos Meador,Consumer,Indonesia,Asia Pacific,Southeastern Asia,FUR-BO-4844,Furniture,Bookcases,"Ikea 3-Shelf Cabinet, Metal",527.8679999999999,4,0.07,73.78800000000001
CA-2015-AH10465140-42097,2015-04-03 00:00:00,AH-104651408,Amy Hunt,Consumer,United States,USCA,Southern US,OFF-LA-3219,Office Supplies,Labels,Avery 499,14.940000000000001,3,0,6.8724
CA-2015-AA10480140-42110,2015-04-16 00:00:00,AA-104801408,Andrew Allen,Consumer,United States,USCA,Southern US,OFF-PA-6523,Office Supplies,Paper,Xerox 1967,15.552000000000003,3,0.2,5.4432
ES-2015-CC1237048-42095,2015-04-01 00:00:00,CC-1237048,Christopher Conant,Consumer,Germany,Europe,Western Europe,TEC-MA-5512,Technology,Machines,"Okidata Printer, White",2135.28,8,0,21.12
ID-2015-EM138107-42097,2015-04-03 00:00:00,EM-138107,Eleni McCrary,Corporate,Australia,Asia Pacific,Oceania,TEC-CO-3607,Technology,Copiers,"Brother Personal Copier, Laser",1414.6110000000003,11,0.1,235.52100000000002
MX-2015-CA1277582-42117,2015-04-23 00:00:00,CA-1277582,Cynthia Arntzen,Consumer,Mexico,LATAM,Central America,OFF-AP-4502,Office Supplies,Appliances,"Hamilton Beach Refrigerator, Red",666.8399999999999,2,0,133.35999999999999
CT-2015-JE616524-42106,2015-04-12 00:00:00,JE-616524,Justin Ellison,Corporate,Central African Republic,Africa,Central Africa,OFF-AP-4502,Office Supplies,Appliances,"Hamilton Beach Refrigerator, Red",1000.2599999999999,2,0,90
MX-2015-GB1457518-42105,2015-04-11 00:00:00,GB-1457518,Giulietta Baptist,Consumer,Brazil,LATAM,South America,TEC-CO-4766,Technology,Copiers,"HP Copy Machine, High-Speed",972.8104799999999,6,0.002,36.930479999999996
IN-2015-JF1556527-42112,2015-04-18 00:00:00,JF-1556527,Jill Fjeld,Consumer,China,Asia Pacific,Eastern Asia,TEC-PH-5265,Technology,Phones,"Motorola Signal Booster, VoIP",716.1,5,0,343.65000000000003
IT-2015-JC1534045-42101,2015-04-07 00:00:00,JC-1534045,Jasper Cacioppo,Consumer,France,Europe,Western Europe,FUR-BO-5955,Furniture,Bookcases,"Sauder Corner Shelving, Traditional",1060.5600000000002,8,0.1,-35.52000000000001
IN-2015-KN1645058-42109,2015-04-15 00:00:00,KN-1645058,Kean Nguyen,Corporate,India,Asia Pacific,Southern Asia,FUR-TA-5067,Furniture,Tables,"Lesro Training Table, Adjustable Height",1354.9499999999998,5,0,108.3
IN-2015-EG139007-42110,2015-04-16 00:00:00,EG-139007,Emily Grady,Consumer,Australia,Asia Pacific,Oceania,OFF-AP-4956,Office Supplies,Appliances,"KitchenAid Microwave, Black",1393.8750000000002,5,0.1,572.925
SF-2015-GB4575117-42117,2015-04-23 00:00:00,GB-4575117,Giulietta Baptist,Consumer,South Africa,Africa,Southern Africa,FUR-CH-5796,Furniture,Chairs,"SAFCO Rocking Chair, Set of Two",548.64,4,0,0
ES-2015-AB1001564-42117,2015-04-23 00:00:00,AB-1001564,Aaron Bergman,Consumer,Italy,Europe,Southern Europe,TEC-CO-3591,Technology,Copiers,"Brother Fax and Copier, Color",1543.44,8,0,370.32
ES-2015-JW1522045-42101,2015-04-07 00:00:00,JW-1522045,Jane Waco,Corporate,France,Europe,Western Europe,OFF-ST-6048,Office Supplies,Storage,"Smead Lockers, Single Width",1250.235,7,0.1,486.0450000000001
ID-2015-JK15730102-42110,2015-04-16 00:00:00,JK-15730102,Joe Kamberova,Consumer,Philippines,Asia Pacific,Southeastern Asia,TEC-PH-3148,Technology,Phones,"Apple Smart Phone, Full Size",1431.4725,3,0.25,-343.5975
IT-2015-MP1796545-42106,2015-04-12 00:00:00,MP-1796545,Michael Paige,Corporate,France,Europe,Western Europe,OFF-ST-4078,Office Supplies,Storage,"Eldon Lockers, Blue",1603.071,9,0.1,-0.18899999999999295
IN-2015-JF152957-42118,2015-04-24 00:00:00,JF-152957,Jason Fortune-,Consumer,Australia,Asia Pacific,Oceania,TEC-AC-5225,Technology,Accessories,"Memorex Router, Programmable",1337.634,6,0.1,311.994
MX-2015-PB1921082-42123,2015-04-29 00:00:00,PB-1921082,Phillip Breyer,Corporate,Mexico,LATAM,Central America,FUR-TA-3419,Furniture,Tables,"Bevis Computer Table, with Bottom Storage",794.736,3,0.2,99.33600000000004
CA-2015-AM10705140-42099,2015-04-05 00:00:00,AM-107051402,Anne McFarland,Consumer,United States,USCA,Central US,TEC-PH-3809,Technology,Phones,Cisco SPA 502G IP Phone,383.84000000000003,4,0.2,47.97999999999999
IN-2015-BT113057-42116,2015-04-22 00:00:00,BT-113057,Beth Thompson,Home Office,Australia,Asia Pacific,Oceania,OFF-ST-6047,Office Supplies,Storage,"Smead Lockers, Industrial",895.05,5,0.1,39.749999999999986
RO-2015-EM4095107-42103,2015-04-09 00:00:00,EM-4095107,Eudokia Martin,Corporate,Romania,Europe,Eastern Europe,TEC-PH-5843,Technology,Phones,"Samsung Speaker Phone, Cordless",252.18,2,0,42.839999999999996
MX-2015-MB1808582-42102,2015-04-08 00:00:00,MB-1808582,Mick Brown,Consumer,Mexico,LATAM,Central America,TEC-AC-3403,Technology,Accessories,"Belkin Router, Erganomic",684.1600000000001,4,0,0
RS-2015-GG4650108-42102,2015-04-08 00:00:00,GG-4650108,Greg Guthrie,Corporate,Russia,Europe,Eastern Europe,TEC-CO-4570,Technology,Copiers,"Hewlett Copy Machine, Laser",526.62,2,0,10.5
IT-2015-JF1541545-42120,2015-04-26 00:00:00,JF-1541545,Jennifer Ferguson,Consumer,France,Europe,Western Europe,FUR-CH-5454,Furniture,Chairs,"Office Star Swivel Stool, Adjustable",476.3610000000001,3,0.1,-0.009000000000014552
ES-2015-AR1082548-42108,2015-04-14 00:00:00,AR-1082548,Anthony Rawles,Corporate,Germany,Europe,Western Europe,FUR-BO-5949,Furniture,Bookcases,"Sauder Classic Bookcase, Mobile",1578.636,4,0.1,613.836
MX-2015-CS1213082-42108,2015-04-14 00:00:00,CS-1213082,Chad Sievert,Consumer,Mexico,LATAM,Central America,OFF-AP-4730,Office Supplies,Appliances,"Hoover Microwave, Black",821.5200000000001,4,0,262.88
IN-2015-JG1580592-42120,2015-04-26 00:00:00,JG-1580592,John Grady,Corporate,New Zealand,Asia Pacific,Oceania,TEC-CO-5990,Technology,Copiers,"Sharp Copy Machine, Color",950.3999999999999,4,0,171
CA-2015-AF10870140-42119,2015-04-25 00:00:00,AF-108701402,Art Ferguson,Consumer,United States,USCA,Central US,OFF-ST-5784,Office Supplies,Storage,Safco Industrial Wire Shelving System,72.784,1,0.2,-18.196
CA-2015-AF10870140-42119,2015-04-25 00:00:00,AF-108701402,Art Ferguson,Consumer,United States,USCA,Central US,OFF-BI-2904,Office Supplies,Binders,"Acco Data Flex Cable Posts For Top & Bottom Load Binders, 6"" Capacity",10.429999999999996,5,0.8,-18.2525
IN-2015-JG1580592-42120,2015-04-26 00:00:00,JG-1580592,John Grady,Corporate,New Zealand,Asia Pacific,Oceania,FUR-CH-5802,Furniture,Chairs,"SAFCO Steel Folding Chair, Red",857.1000000000001,10,0,171.29999999999998
IN-2015-GH14665144-42120,2015-04-26 00:00:00,GH-14665144,Greg Hansen,Consumer,Vietnam,Asia Pacific,Southeastern Asia,FUR-BO-3615,Furniture,Bookcases,"Bush 3-Shelf Cabinet, Metal",449.9144999999999,5,0.37,49.86450000000008
IN-2015-JD1589588-42124,2015-04-30 00:00:00,JD-1589588,Jonathan Doherty,Corporate,Myanmar (Burma),Asia Pacific,Southeastern Asia,FUR-CH-5452,Furniture,Chairs,"Office Star Steel Folding Chair, Red",468.6381,7,0.27,-134.9019
MX-2015-PS1897028-42109,2015-04-15 00:00:00,PS-1897028,Paul Stevenson,Home Office,Colombia,LATAM,South America,OFF-EN-5031,Office Supplies,Envelopes,"Kraft Interoffice Envelope, Set of 50",187.68,6,0,56.28000000000001
IT-2015-PG1889591-42108,2015-04-14 00:00:00,PG-1889591,Paul Gonzalez,Consumer,Netherlands,Europe,Western Europe,FUR-BO-5779,Furniture,Bookcases,"Safco Floating Shelf Set, Pine",396.18,4,0.5,-277.38
US-2015-JH1582055-42122,2015-04-28 00:00:00,JH-1582055,John Huston,Consumer,Honduras,LATAM,Central America,FUR-BO-3627,Furniture,Bookcases,"Bush Classic Bookcase, Traditional",825.3599999999999,5,0.4,-495.23999999999995
ES-2015-RP19270139-42104,2015-04-10 00:00:00,RP-19270139,Rachel Payne,Corporate,United Kingdom,Europe,Northern Europe,FUR-BO-5962,Furniture,Bookcases,"Sauder Floating Shelf Set, Traditional",1167.48,6,0,431.82
ES-2015-SE2011064-42122,2015-04-28 00:00:00,SE-2011064,Sanjit Engle,Consumer,Italy,Europe,Southern Europe,FUR-FU-3940,Furniture,Furnishings,"Deflect-O Frame, Black",990.3599999999999,9,0,435.51
IN-2015-KF162857-42115,2015-04-21 00:00:00,KF-162857,Karen Ferguson,Home Office,Australia,Asia Pacific,Oceania,TEC-AC-5873,Technology,Accessories,"SanDisk Memory Card, Erganomic",793.584,8,0.1,-8.975999999999999
CA-2015-AP10915140-42122,2015-04-28 00:00:00,AP-109151404,Arthur Prichep,Consumer,United States,USCA,Western US,OFF-AR-3551,Office Supplies,Art,"Boston School Pro Electric Pencil Sharpener, 1670",123.92,4,0,33.4584
CA-2015-AP10915140-42122,2015-04-28 00:00:00,AP-109151404,Arthur Prichep,Consumer,United States,USCA,Western US,OFF-AR-3535,Office Supplies,Art,Boston Home & Office Model 2000 Electric Pencil Sharpeners,47.3,2,0,12.298000000000002
MX-2015-AB1006028-42111,2015-04-17 00:00:00,AB-1006028,Adam Bellavance,Home Office,Colombia,LATAM,South America,TEC-AC-5864,Technology,Accessories,"SanDisk Keyboard, Bluetooth",217.28000000000003,4,0,47.760000000000005
CA-2015-AP10915140-42122,2015-04-28 00:00:00,AP-109151404,Arthur Prichep,Consumer,United States,USCA,Western US,OFF-AR-5334,Office Supplies,Art,Newell Chalk Holder,12.39,3,0,5.6994
IT-2015-AM1036045-42114,2015-04-20 00:00:00,AM-1036045,Alice McCarthy,Corporate,France,Europe,Western Europe,TEC-CO-3679,Technology,Copiers,"Canon Copy Machine, Digital",667.539,3,0.15,-31.491000000000014
ES-2015-ME1772548-42095,2015-04-01 00:00:00,ME-1772548,Max Engle,Consumer,Germany,Europe,Western Europe,TEC-PH-5830,Technology,Phones,"Samsung Office Telephone, Full Size",166.27499999999998,5,0.5,-69.975
ES-2015-MP1817545-42122,2015-04-28 00:00:00,MP-1817545,Mike Pelletier,Home Office,France,Europe,Western Europe,TEC-CO-3589,Technology,Copiers,"Brother Copy Machine, Laser",667.9215,3,0.15,-110.03849999999998
SF-2015-GB4575117-42117,2015-04-23 00:00:00,GB-4575117,Giulietta Baptist,Consumer,South Africa,Africa,Southern Africa,OFF-BI-3255,Office Supplies,Binders,"Avery Binding Machine, Clear",386.40000000000003,8,0,46.32
ES-2015-CC12685139-42104,2015-04-10 00:00:00,CC-12685139,Craig Carroll,Consumer,United Kingdom,Europe,Northern Europe,TEC-PH-5812,Technology,Phones,"Samsung Audio Dock, Cordless",509.04,3,0,91.62
MZ-2015-KE642087-42118,2015-04-24 00:00:00,KE-642087,Katrina Edelman,Corporate,Malawi,Africa,Eastern Africa,FUR-BO-3640,Furniture,Bookcases,"Bush Library with Doors, Mobile",366.84000000000003,1,0,117.35999999999999
IN-2015-KB165857-42117,2015-04-23 00:00:00,KB-165857,Ken Black,Corporate,Australia,Asia Pacific,Oceania,TEC-AC-4158,Technology,Accessories,"Enermax Keyboard, USB",451.818,6,0.1,75.25800000000001
CA-2015-BF11020140-42096,2015-04-02 00:00:00,BF-110201408,Barry Französisch,Corporate,United States,USCA,Southern US,FUR-CH-4429,Furniture,Chairs,"Global Wood Trimmed Manager's Task Chair, Khaki",218.35200000000003,3,0.2,-19.105800000000016
CA-2015-BF11020140-42096,2015-04-02 00:00:00,BF-110201408,Barry Französisch,Corporate,United States,USCA,Southern US,OFF-FA-6129,Office Supplies,Fasteners,Staples,20.808,3,0.2,1.8207000000000013
CA-2015-BF11020140-42096,2015-04-02 00:00:00,BF-110201408,Barry Französisch,Corporate,United States,USCA,Southern US,OFF-LA-3214,Office Supplies,Labels,Avery 494,6.264,3,0.2,2.0358
CA-2015-BF11020140-42096,2015-04-02 00:00:00,BF-110201408,Barry Französisch,Corporate,United States,USCA,Southern US,TEC-PH-5189,Technology,Phones,Mediabridge Sport Armband iPhone 5s,23.976000000000003,3,0.2,-5.694300000000001
ES-2015-GH1441045-42119,2015-04-25 00:00:00,GH-1441045,Gary Hansen,Home Office,France,Europe,Western Europe,TEC-AC-4178,Technology,Accessories,"Enermax Numeric Keypad, Bluetooth",402.78,7,0,92.61
MX-2015-DB1355582-42121,2015-04-27 00:00:00,DB-1355582,Dorothy Badders,Corporate,Mexico,LATAM,Central America,TEC-CO-4779,Technology,Copiers,"HP Ink, High-Speed",591.0156,7,0.002,194.1156
ES-2015-MB173058-42113,2015-04-19 00:00:00,MB-173058,Maria Bertelson,Consumer,Austria,Europe,Western Europe,FUR-CH-4628,Furniture,Chairs,"Hon Bag Chairs, Red",316.05,7,0,104.16
IN-2015-EG139007-42110,2015-04-16 00:00:00,EG-139007,Emily Grady,Consumer,Australia,Asia Pacific,Oceania,TEC-CO-5995,Technology,Copiers,"Sharp Fax and Copier, High-Speed",750.5999999999999,5,0.1,-33.45
ES-2015-SC2080048-42118,2015-04-24 00:00:00,SC-2080048,Stuart Calhoun,Consumer,Germany,Europe,Western Europe,FUR-BO-3631,Furniture,Bookcases,"Bush Corner Shelving, Traditional",1190.304,12,0.2,14.543999999999983
MX-2015-MC1742539-42104,2015-04-10 00:00:00,MC-1742539,Mark Cousins,Corporate,El Salvador,LATAM,Central America,TEC-CO-3595,Technology,Copiers,"Brother Fax Machine, Color",851.5734399999999,4,0.002,356.61343999999997
CA-2015-BP11095140-42110,2015-04-16 00:00:00,BP-110951408,Bart Pistole,Corporate,United States,USCA,Southern US,OFF-BI-6338,Office Supplies,Binders,VariCap6 Expandable Binder,15.570000000000004,3,0.7,-11.936999999999998
ID-2015-BD117257-42122,2015-04-28 00:00:00,BD-117257,Bruce Degenhardt,Consumer,Australia,Asia Pacific,Oceania,TEC-MA-5514,Technology,Machines,"Okidata Receipt Printer, Durable",553.6350000000001,5,0.1,-18.465000000000018
ES-2015-RA1988545-42104,2015-04-10 00:00:00,RA-1988545,Ruben Ausman,Corporate,France,Europe,Western Europe,TEC-CO-3611,Technology,Copiers,"Brother Wireless Fax, Laser",643.9770000000001,2,0.15,166.61699999999996
IN-2015-GR1456097-42109,2015-04-15 00:00:00,GR-1456097,Georgia Rosenberg,Corporate,Pakistan,Asia Pacific,Southern Asia,TEC-PH-3803,Technology,Phones,"Cisco Signal Booster, with Caller ID",227.74499999999998,3,0.5,-141.255
IT-2015-PG1889591-42108,2015-04-14 00:00:00,PG-1889591,Paul Gonzalez,Consumer,Netherlands,Europe,Western Europe,FUR-FU-3047,Furniture,Furnishings,"Advantus Photo Frame, Black",211.92000000000004,5,0.2,-50.430000000000014
IN-2015-PS1897058-42117,2015-04-23 00:00:00,PS-1897058,Paul Stevenson,Home Office,India,Asia Pacific,Southern Asia,TEC-PH-3133,Technology,Phones,"Apple Headset, Full Size",298.2,4,0,116.28
IN-2015-JS1568527-42105,2015-04-11 00:00:00,JS-1568527,Jim Sink,Corporate,China,Asia Pacific,Eastern Asia,TEC-AC-5116,Technology,Accessories,"Logitech Keyboard, Erganomic",210.78000000000003,3,0,86.39999999999999
MO-2015-LC714086-42106,2015-04-12 00:00:00,LC-714086,Logan Currie,Consumer,Morocco,Africa,North Africa,OFF-AP-4503,Office Supplies,Appliances,"Hamilton Beach Refrigerator, Silver",1001.7599999999999,2,0,110.16
US-2015-EB1370536-42105,2015-04-11 00:00:00,EB-1370536,Ed Braxton,Corporate,Dominican Republic,LATAM,Caribbean,FUR-BO-5762,Furniture,Bookcases,"Safco Classic Bookcase, Pine",879,5,0.4,-556.7
IT-2015-JW1522064-42108,2015-04-14 00:00:00,JW-1522064,Jane Waco,Corporate,Italy,Europe,Southern Europe,OFF-ST-6246,Office Supplies,Storage,"Tenex File Cart, Blue",159.84,2,0.4,-58.62000000000002
IN-2015-DR1288078-42102,2015-04-08 00:00:00,DR-1288078,Dan Reichenbach,Corporate,Malaysia,Asia Pacific,Southeastern Asia,FUR-BO-5955,Furniture,Bookcases,"Sauder Corner Shelving, Traditional",736.5,5,0,265.05
ES-2015-BS1175545-42100,2015-04-06 00:00:00,BS-1175545,Bruce Stewart,Consumer,France,Europe,Western Europe,TEC-CO-3591,Technology,Copiers,"Brother Fax and Copier, Color",327.981,2,0.15,34.701
ES-2015-AA10645139-42109,2015-04-15 00:00:00,AA-10645139,Anna Andreadi,Consumer,United Kingdom,Europe,Northern Europe,OFF-ST-6275,Office Supplies,Storage,"Tenex Shelving, Wire Frame",483.57000000000005,9,0,57.78
ID-2015-HZ14950102-42112,2015-04-18 00:00:00,HZ-14950102,Henia Zydlo,Consumer,Philippines,Asia Pacific,Southeastern Asia,OFF-AP-4744,Office Supplies,Appliances,"Hoover Stove, Silver",1451.511,3,0.15000000000000002,-256.149
EG-2015-DJ363038-42116,2015-04-22 00:00:00,DJ-363038,Doug Jacobs,Consumer,Egypt,Africa,North Africa,TEC-CO-4580,Technology,Copiers,"Hewlett Ink, Digital",148.32,1,0,66.72
ES-2015-IM1505545-42098,2015-04-04 00:00:00,IM-1505545,Ionia McGrath,Consumer,France,Europe,Western Europe,OFF-ST-5702,Office Supplies,Storage,"Rogers Lockers, Single Width",380.96999999999997,2,0.1,143.91000000000003
ES-2015-AA10645139-42109,2015-04-15 00:00:00,AA-10645139,Anna Andreadi,Consumer,United Kingdom,Europe,Northern Europe,TEC-AC-3386,Technology,Accessories,"Belkin Keyboard, Programmable",597.66,7,0,101.43
MX-2015-BM1114018-42101,2015-04-07 00:00:00,BM-1114018,Becky Martin,Consumer,Brazil,LATAM,South America,FUR-BO-4856,Furniture,Bookcases,"Ikea Floating Shelf Set, Metal",339.6,3,0,50.940000000000005
ES-2015-JK1537045-42115,2015-04-21 00:00:00,JK-1537045,Jay Kimmel,Consumer,France,Europe,Western Europe,TEC-CO-6006,Technology,Copiers,"Sharp Personal Copier, Digital",203.38800000000003,2,0.15,83.74800000000002
MX-2015-BP1129051-42112,2015-04-18 00:00:00,BP-1129051,Beth Paige,Consumer,Guatemala,LATAM,Central America,FUR-TA-3759,Furniture,Tables,"Chromcraft Computer Table, Adjustable Height",712.9920000000001,3,0.2,213.85199999999986
MX-2015-ML1741036-42099,2015-04-05 00:00:00,ML-1741036,Maris LaWare,Consumer,Dominican Republic,LATAM,Caribbean,TEC-PH-5825,Technology,Phones,"Samsung Headset, Full Size",357.552,9,0.2,133.99199999999996
MX-2015-IM1505582-42110,2015-04-16 00:00:00,IM-1505582,Ionia McGrath,Consumer,Mexico,LATAM,Central America,TEC-CO-3597,Technology,Copiers,"Brother Fax Machine, High-Speed",421.47536,2,0.002,176.51536
MX-2015-JD1589539-42117,2015-04-23 00:00:00,JD-1589539,Jonathan Doherty,Corporate,El Salvador,LATAM,Central America,TEC-PH-3153,Technology,Phones,"Apple Speaker Phone, with Caller ID",575.4,7,0,22.959999999999997
IT-2015-AJ10795120-42111,2015-04-17 00:00:00,AJ-10795120,Anthony Johnson,Corporate,Spain,Europe,Southern Europe,OFF-ST-6066,Office Supplies,Storage,"Smead Trays, Industrial",352.512,8,0.1,89.952
IV-2015-DP316529-42109,2015-04-15 00:00:00,DP-316529,David Philippe,Consumer,Cote d'Ivoire,Africa,Western Africa,TEC-MA-5546,Technology,Machines,"Panasonic Inkjet, Durable",624.4200000000001,2,0,124.85999999999999
CA-2015-BD11320140-42107,2015-04-13 00:00:00,BD-113201406,Bill Donatelli,Consumer,United States,USCA,Eastern US,OFF-PA-6503,Office Supplies,Paper,Xerox 1948,39.96,4,0,17.982
CA-2015-BD11320140-42107,2015-04-13 00:00:00,BD-113201406,Bill Donatelli,Consumer,United States,USCA,Eastern US,OFF-BI-6209,Office Supplies,Binders,Storex Dura Pro Binders,29.700000000000003,5,0,13.365
SA-2015-JJ5760110-42101,2015-04-07 00:00:00,JJ-5760110,Joel Jenkins,Home Office,Saudi Arabia,Asia Pacific,Western Asia,OFF-AR-3476,Office Supplies,Art,"Binney & Smith Canvas, Easy-Erase",413.03999999999996,8,0,70.08
ES-2015-MD17860120-42108,2015-04-14 00:00:00,MD-17860120,Michael Dominguez,Corporate,Spain,Europe,Southern Europe,OFF-ST-4295,Office Supplies,Storage,"Fellowes Trays, Single Width",465.10200000000003,9,0.1,206.712
UP-2015-BM1140137-42119,2015-04-25 00:00:00,BM-1140137,Becky Martin,Consumer,Ukraine,Europe,Eastern Europe,FUR-CH-4704,Furniture,Chairs,"Hon Swivel Stool, Set of Two",331.8,2,0,79.62
US-2015-TS2108555-42101,2015-04-07 00:00:00,TS-2108555,Thais Sissman,Consumer,Honduras,LATAM,Central America,FUR-CH-5774,Furniture,Chairs,"SAFCO Executive Leather Armchair, Black",367.19999999999993,2,0.4,-36.719999999999935
ES-2015-CP1208545-42098,2015-04-04 00:00:00,CP-1208545,Cathy Prescott,Corporate,France,Europe,Western Europe,OFF-ST-4080,Office Supplies,Storage,"Eldon Lockers, Single Width",356.292,2,0.1,154.392
MX-2015-DN1369018-42104,2015-04-10 00:00:00,DN-1369018,Duane Noonan,Consumer,Brazil,LATAM,South America,TEC-PH-5266,Technology,Phones,"Motorola Signal Booster, with Caller ID",572.5200000000001,6,0,211.8
MA-2015-JO514577-42109,2015-04-15 00:00:00,JO-514577,Jack O'Briant,Corporate,Madagascar,Africa,Eastern Africa,FUR-BO-5951,Furniture,Bookcases,"Sauder Classic Bookcase, Traditional",871.98,2,0,357.48
US-2015-BE11455140-42115,2015-04-21 00:00:00,BE-114551406,Brad Eason,Home Office,United States,USCA,Eastern US,OFF-ST-6287,Office Supplies,Storage,Tennsco 6- and 18-Compartment Lockers,848.5440000000001,4,0.2,-21.2136000000001
US-2015-BE11455140-42115,2015-04-21 00:00:00,BE-114551406,Brad Eason,Home Office,United States,USCA,Eastern US,TEC-PH-3181,Technology,Phones,Avaya 5410 Digital phone,122.38199999999999,3,0.4,-24.476399999999998
ID-2015-ML1741059-42105,2015-04-11 00:00:00,ML-1741059,Maris LaWare,Consumer,Indonesia,Asia Pacific,Southeastern Asia,FUR-TA-3349,Furniture,Tables,"Barricks Round Table, Fully Assembled",533.1588000000002,2,0.47000000000000003,-301.8012000000001
IT-2015-AJ10795120-42111,2015-04-17 00:00:00,AJ-10795120,Anthony Johnson,Corporate,Spain,Europe,Southern Europe,TEC-PH-5846,Technology,Phones,"Samsung Speaker Phone, with Caller ID",332.748,3,0.1,-14.832
US-2015-BE11455140-42115,2015-04-21 00:00:00,BE-114551406,Brad Eason,Home Office,United States,USCA,Eastern US,OFF-BI-6387,Office Supplies,Binders,"Wilson Jones Clip & Carry Folder Binder Tool for Ring Binders, Clear",8.700000000000001,5,0.7,-6.379999999999999
IT-2015-MF1825045-42097,2015-04-03 00:00:00,MF-1825045,Monica Federle,Corporate,France,Europe,Western Europe,TEC-PH-5338,Technology,Phones,"Nokia Audio Dock, with Caller ID",566.916,4,0.15,-0.08399999999998897
IN-2015-EG139007-42110,2015-04-16 00:00:00,EG-139007,Emily Grady,Consumer,Australia,Asia Pacific,Oceania,TEC-MA-5017,Technology,Machines,"Konica Printer, Wireless",1687.3920000000003,7,0.1,674.7719999999999
IN-2015-LS1724592-42105,2015-04-11 00:00:00,LS-1724592,Lynn Smith,Consumer,New Zealand,Asia Pacific,Oceania,OFF-ST-4269,Office Supplies,Storage,"Fellowes Lockers, Wire Frame",412.79999999999995,2,0,132.06
ES-2015-CD1279048-42101,2015-04-07 00:00:00,CD-1279048,Cynthia Delaney,Home Office,Germany,Europe,Western Europe,OFF-PA-5849,Office Supplies,Paper,"SanDisk Cards & Envelopes, Premium",348.624,8,0.1,108.384
IN-2015-AF1087058-42111,2015-04-17 00:00:00,AF-1087058,Art Ferguson,Consumer,India,Asia Pacific,Southern Asia,FUR-BO-4844,Furniture,Bookcases,"Ikea 3-Shelf Cabinet, Metal",567.6,4,0,113.52000000000001
ES-2015-JR1567064-42105,2015-04-11 00:00:00,JR-1567064,Jim Radford,Consumer,Italy,Europe,Southern Europe,TEC-MA-5003,Technology,Machines,"Konica Card Printer, Red",206.78400000000002,2,0.4,-58.59600000000002
US-2015-BM11575140-42112,2015-04-18 00:00:00,BM-115751402,Brendan Murry,Corporate,United States,USCA,Central US,OFF-ST-3746,Office Supplies,Storage,Carina Media Storage Towers in Natural & Black,195.136,4,0.2,-43.9056
IN-2015-JP1613559-42110,2015-04-16 00:00:00,JP-1613559,Julie Prescott,Home Office,Indonesia,Asia Pacific,Southeastern Asia,TEC-PH-5824,Technology,Phones,"Samsung Headset, Cordless",504.972,8,0.17,127.69200000000001
EG-2015-AY55538-42121,2015-04-27 00:00:00,AY-55538,Andy Yotov,Corporate,Egypt,Africa,North Africa,OFF-ST-6033,Office Supplies,Storage,"Smead File Cart, Single Width",256.85999999999996,2,0,2.52
ES-2015-AS1028564-42109,2015-04-15 00:00:00,AS-1028564,Alejandro Savely,Corporate,Italy,Europe,Southern Europe,FUR-FU-3943,Furniture,Furnishings,"Deflect-O Frame, Erganomic",651.96,6,0,12.96
IT-2015-AJ10795120-42111,2015-04-17 00:00:00,AJ-10795120,Anthony Johnson,Corporate,Spain,Europe,Southern Europe,FUR-BO-3901,Furniture,Bookcases,"Dania Library with Doors, Metal",361.86,1,0,126.63
IN-2015-RB1936027-42116,2015-04-22 00:00:00,RB-1936027,Raymond Buch,Consumer,China,Asia Pacific,Eastern Asia,OFF-BI-4817,Office Supplies,Binders,"Ibico Binding Machine, Economy",154.26,3,0,60.12
IN-2015-JF1541527-42095,2015-04-01 00:00:00,JF-1541527,Jennifer Ferguson,Consumer,China,Asia Pacific,Eastern Asia,TEC-PH-5272,Technology,Phones,"Motorola Speaker Phone, VoIP",519.48,4,0,93.48
IN-2015-PR188807-42123,2015-04-29 00:00:00,PR-188807,Patrick Ryan,Consumer,Australia,Asia Pacific,Oceania,OFF-AR-6107,Office Supplies,Art,"Stanley Canvas, Fluorescent",228.28500000000003,5,0.1,40.48499999999999
IT-2015-AJ10795120-42111,2015-04-17 00:00:00,AJ-10795120,Anthony Johnson,Corporate,Spain,Europe,Southern Europe,TEC-MA-5012,Technology,Machines,"Konica Phone, White",228.42000000000002,3,0.1,63.45
ES-2015-MP1817545-42122,2015-04-28 00:00:00,MP-1817545,Mike Pelletier,Home Office,France,Europe,Western Europe,FUR-CH-5752,Furniture,Chairs,"SAFCO Bag Chairs, Red",355.968,8,0.1,-11.952000000000002
ES-2015-CC1214548-42118,2015-04-24 00:00:00,CC-1214548,Charles Crestani,Consumer,Germany,Europe,Western Europe,OFF-ST-4267,Office Supplies,Storage,"Fellowes Lockers, Industrial",374.058,2,0.1,141.25799999999998
ES-2015-BP1109545-42107,2015-04-13 00:00:00,BP-1109545,Bart Pistole,Corporate,France,Europe,Western Europe,OFF-ST-6047,Office Supplies,Storage,"Smead Lockers, Industrial",537.03,3,0.1,107.36999999999996
ES-2015-AS1028564-42109,2015-04-15 00:00:00,AS-1028564,Alejandro Savely,Corporate,Italy,Europe,Southern Europe,OFF-ST-4266,Office Supplies,Storage,"Fellowes Lockers, Blue",497.5919999999999,4,0.4,-116.208
MX-2015-OT1873082-42105,2015-04-11 00:00:00,OT-1873082,Olvera Toch,Consumer,Mexico,LATAM,Central America,OFF-AP-3564,Office Supplies,Appliances,"Breville Blender, Silver",240.64000000000001,4,0,86.56
ID-2015-DK1315059-42103,2015-04-09 00:00:00,DK-1315059,David Kendrick,Corporate,Indonesia,Asia Pacific,Southeastern Asia,TEC-CO-4588,Technology,Copiers,"Hewlett Personal Copier, High-Speed",529.9883999999998,4,0.07,-34.251599999999996
MA-2015-JO514577-42109,2015-04-15 00:00:00,JO-514577,Jack O'Briant,Corporate,Madagascar,Africa,Eastern Africa,TEC-MA-6137,Technology,Machines,"StarTech Card Printer, Red",642.6,4,0,70.67999999999999
ES-2015-LA1678048-42124,2015-04-30 00:00:00,LA-1678048,Laura Armstrong,Corporate,Germany,Europe,Western Europe,OFF-AR-6128,Office Supplies,Art,"Stanley Sketch Pad, Water Color",571.3199999999999,12,0,108.35999999999999
ES-2015-CM1216045-42102,2015-04-08 00:00:00,CM-1216045,Charles McCrossin,Consumer,France,Europe,Western Europe,OFF-ST-4257,Office Supplies,Storage,"Fellowes File Cart, Blue",370.737,3,0.1,123.507
IN-2015-PG1882027-42099,2015-04-05 00:00:00,PG-1882027,Patrick Gardner,Consumer,China,Asia Pacific,Eastern Asia,TEC-AC-5862,Technology,Accessories,"SanDisk Flash Drive, Programmable",287.28,7,0,48.71999999999999
IN-2015-HA1492027-42111,2015-04-17 00:00:00,HA-1492027,Helen Andreada,Consumer,China,Asia Pacific,Eastern Asia,OFF-ST-6060,Office Supplies,Storage,"Smead Shelving, Wire Frame",192,4,0,1.92
KG-2015-TG1131070-42102,2015-04-08 00:00:00,TG-1131070,Toby Gnade,Consumer,Kyrgyzstan,Asia Pacific,Central Asia,OFF-AP-4962,Office Supplies,Appliances,"KitchenAid Refrigerator, Silver",528.6899999999999,1,0,206.16
CA-2015-BD11725140-42117,2015-04-23 00:00:00,BD-117251408,Bruce Degenhardt,Consumer,United States,USCA,Southern US,OFF-ST-6289,Office Supplies,Storage,Tennsco Double-Tier Lockers,675.0600000000001,3,0,87.7578
US-2015-MW182205-42095,2015-04-01 00:00:00,MW-182205,Mitch Webber,Consumer,Argentina,LATAM,South America,OFF-EN-3098,Office Supplies,Envelopes,"Ames Interoffice Envelope, Set of 50",198.528,11,0.4,-23.231999999999992
IN-2015-SV2078559-42110,2015-04-16 00:00:00,SV-2078559,Stewart Visinsky,Consumer,Indonesia,Asia Pacific,Southeastern Asia,FUR-CH-4699,Furniture,Chairs,"Hon Steel Folding Chair, Red",356.6196,6,0.27,53.679599999999965
CA-2015-BG11740140-42112,2015-04-18 00:00:00,BG-117401406,Bruce Geld,Consumer,United States,USCA,Eastern US,FUR-FU-4046,Furniture,Furnishings,"Eldon Executive Woodline II Desk Accessories, Mahogany",60.312,3,0.2,5.2773
ES-2015-JH1618045-42108,2015-04-14 00:00:00,JH-1618045,Justin Hirsh,Consumer,France,Europe,Western Europe,OFF-PA-5851,Office Supplies,Paper,"SanDisk Computer Printout Paper, 8.5 x 11",169.65,5,0,18.599999999999998
ES-2015-CC12220139-42115,2015-04-21 00:00:00,CC-12220139,Chris Cortes,Consumer,United Kingdom,Europe,Northern Europe,FUR-BO-3906,Furniture,Bookcases,"Dania Stackable Bookrack, Pine",1116.9899999999998,10,0.1,446.7900000000001
ES-2015-JH15910139-42104,2015-04-10 00:00:00,JH-15910139,Jonathan Howell,Consumer,United Kingdom,Europe,Northern Europe,TEC-CO-4572,Technology,Copiers,"Hewlett Fax and Copier, Digital",577.53,3,0,190.53000000000003
CA-2015-BS11755140-42105,2015-04-11 00:00:00,BS-117551406,Bruce Stewart,Consumer,United States,USCA,Eastern US,OFF-AP-6318,Office Supplies,Appliances,Tripp Lite Isotel 6 Outlet Surge Protector with Fax/Modem Protection,195.104,4,0.2,21.94919999999997
CA-2015-BS11755140-42105,2015-04-11 00:00:00,BS-117551406,Bruce Stewart,Consumer,United States,USCA,Eastern US,FUR-FU-5091,Furniture,Furnishings,"Linden 10"" Round Wall Clock, Black",36.672,3,0.2,6.4176
IN-2015-KF162857-42115,2015-04-21 00:00:00,KF-162857,Karen Ferguson,Home Office,Australia,Asia Pacific,Oceania,FUR-CH-5433,Furniture,Chairs,"Office Star Bag Chairs, Adjustable",312.82199999999995,6,0.1,72.88200000000002
CM-2015-MH762022-42124,2015-04-30 00:00:00,MH-762022,Matt Hagelstein,Corporate,Cameroon,Africa,Central Africa,OFF-ST-4057,Office Supplies,Storage,"Eldon File Cart, Single Width",256.74,2,0,110.34
MX-2015-OT1873082-42105,2015-04-11 00:00:00,OT-1873082,Olvera Toch,Consumer,Mexico,LATAM,Central America,TEC-PH-3786,Technology,Phones,"Cisco Audio Dock, VoIP",242.88000000000002,2,0,41.28
IN-2015-JS1568527-42105,2015-04-11 00:00:00,JS-1568527,Jim Sink,Corporate,China,Asia Pacific,Eastern Asia,FUR-CH-4627,Furniture,Chairs,"Hon Bag Chairs, Black",85.44,2,0,0.8400000000000001
IT-2015-GB1453062-42119,2015-04-25 00:00:00,GB-1453062,George Bell,Corporate,Ireland,Europe,Northern Europe,OFF-ST-5703,Office Supplies,Storage,"Rogers Lockers, Wire Frame",632.0699999999999,6,0.5,-316.1699999999999
MX-2015-MP1817528-42103,2015-04-09 00:00:00,MP-1817528,Mike Pelletier,Home Office,Colombia,LATAM,South America,OFF-ST-6032,Office Supplies,Storage,"Smead File Cart, Industrial",256.8,3,0,30.779999999999994
CA-2015-BS11800140-42104,2015-04-10 00:00:00,BS-118001406,Bryan Spruell,Home Office,United States,USCA,Eastern US,OFF-ST-5422,Office Supplies,Storage,Office Impressions Heavy Duty Welded Shelving & Multimedia Storage Drawers,501.81000000000006,3,0,0
CA-2015-BS11800140-42104,2015-04-10 00:00:00,BS-118001406,Bryan Spruell,Home Office,United States,USCA,Eastern US,OFF-PA-3842,Office Supplies,Paper,Computer Printout Paper with Letter-Trim Fine Perforations,191.6,4,0,91.96799999999999
CA-2015-BS11800140-42104,2015-04-10 00:00:00,BS-118001406,Bryan Spruell,Home Office,United States,USCA,Eastern US,OFF-AR-3614,Office Supplies,Art,Bulldog Vacuum Base Pencil Sharpener,35.97,3,0,9.711899999999998
CA-2015-BS11800140-42104,2015-04-10 00:00:00,BS-118001406,Bryan Spruell,Home Office,United States,USCA,Eastern US,OFF-LA-3270,Office Supplies,Labels,Avery File Folder Labels,8.64,3,0,4.2336
CA-2015-BS11800140-42104,2015-04-10 00:00:00,BS-118001406,Bryan Spruell,Home Office,United States,USCA,Eastern US,OFF-LA-3833,Office Supplies,Labels,Color-Coded Legal Exhibit Labels,9.82,2,0,4.8118
CA-2015-BS11800140-42104,2015-04-10 00:00:00,BS-118001406,Bryan Spruell,Home Office,United States,USCA,Eastern US,OFF-PA-6575,Office Supplies,Paper,Xerox 212,12.96,2,0,6.2208000000000006
ID-2015-HZ14950102-42112,2015-04-18 00:00:00,HZ-14950102,Henia Zydlo,Consumer,Philippines,Asia Pacific,Southeastern Asia,FUR-TA-5063,Furniture,Tables,"Lesro Round Table, Fully Assembled",612.198,3,0.55,-81.70200000000023
MX-2015-AA1048031-42111,2015-04-17 00:00:00,AA-1048031,Andrew Allen,Consumer,Cuba,LATAM,Caribbean,TEC-AC-4185,Technology,Accessories,"Enermax Router, Bluetooth",516.6600000000001,3,0,87.78
IT-2015-AJ10795120-42111,2015-04-17 00:00:00,AJ-10795120,Anthony Johnson,Corporate,Spain,Europe,Southern Europe,TEC-MA-4998,Technology,Machines,"Konica Calculator, Durable",232.875,5,0.1,-10.425000000000004
IN-2015-LS1724592-42105,2015-04-11 00:00:00,LS-1724592,Lynn Smith,Consumer,New Zealand,Asia Pacific,Oceania,OFF-BI-4816,Office Supplies,Binders,"Ibico Binding Machine, Durable",211.68,4,0,86.76
IN-2015-JP1613559-42110,2015-04-16 00:00:00,JP-1613559,Julie Prescott,Home Office,Indonesia,Asia Pacific,Southeastern Asia,TEC-CO-3680,Technology,Copiers,"Canon Copy Machine, High-Speed",726.3486,3,0.07,140.53860000000003
IN-2015-JD1589588-42124,2015-04-30 00:00:00,JD-1589588,Jonathan Doherty,Corporate,Myanmar (Burma),Asia Pacific,Southeastern Asia,OFF-EN-3110,Office Supplies,Envelopes,"Ames Peel and Seal, Set of 50",93.0762,6,0.17,-15.8238
IN-2015-RD199007-42095,2015-04-01 00:00:00,RD-199007,Ruben Dartt,Consumer,Australia,Asia Pacific,Oceania,OFF-SU-2994,Office Supplies,Supplies,"Acme Shears, High Speed",314.49600000000004,7,0.1,87.276
CA-2015-CD198023-42114,2015-04-20 00:00:00,CD-198023,Carol Darley,Consumer,Canada,USCA,Canada,FUR-CH-4525,Furniture,Chairs,"Harbour Creations Chairmat, Set of Two",148.50000000000003,2,0,19.259999999999998
MX-2015-SF2096528-42113,2015-04-19 00:00:00,SF-2096528,Sylvia Foulston,Corporate,Colombia,LATAM,South America,TEC-PH-3142,Technology,Phones,"Apple Office Telephone, with Caller ID",217.6,5,0,50
IT-2015-TC2129548-42115,2015-04-21 00:00:00,TC-2129548,Toby Carlisle,Consumer,Germany,Europe,Western Europe,TEC-AC-5224,Technology,Accessories,"Memorex Router, Erganomic",976.08,4,0,292.79999999999995
UP-2015-AR510137-42106,2015-04-12 00:00:00,AR-510137,Andrew Roberts,Consumer,Ukraine,Europe,Eastern Europe,FUR-BO-3895,Furniture,Bookcases,"Dania Corner Shelving, Pine",493.68,4,0,54.239999999999995
IN-2015-NZ1856511-42096,2015-04-02 00:00:00,NZ-1856511,Nick Zandusky,Home Office,Bangladesh,Asia Pacific,Southern Asia,TEC-AC-5895,Technology,Accessories,"SanDisk Router, Erganomic",508.32,2,0,81.30000000000001
TZ-2015-JD5895129-42096,2015-04-02 00:00:00,JD-5895129,Jonathan Doherty,Corporate,Tanzania,Africa,Eastern Africa,FUR-TA-3417,Furniture,Tables,"Bevis Computer Table, Adjustable Height",984.1800000000001,2,0,344.46
ID-2015-VG217907-42102,2015-04-08 00:00:00,VG-217907,Vivek Gonzalez,Consumer,Australia,Asia Pacific,Oceania,OFF-AP-4968,Office Supplies,Appliances,"KitchenAid Toaster, Black",152.55,2,0.1,-1.709999999999999
ES-2015-MH1802545-42111,2015-04-17 00:00:00,MH-1802545,Michelle Huthwaite,Consumer,France,Europe,Western Europe,OFF-AR-3453,Office Supplies,Art,"BIC Highlighters, Fluorescent",282.65999999999997,14,0,93.24000000000001
IN-2015-Dp1324058-42118,2015-04-24 00:00:00,Dp-1324058,Dean percer,Home Office,India,Asia Pacific,Southern Asia,FUR-BO-3648,Furniture,Bookcases,"Bush Stackable Bookrack, Traditional",860.7899999999998,7,0,68.67
MX-2015-PM1913516-42116,2015-04-22 00:00:00,PM-1913516,Peter McVee,Home Office,Bolivia,LATAM,South America,TEC-PH-3818,Technology,Phones,"Cisco Speaker Phone, with Caller ID",369.28000000000003,4,0,144
CA-2015-CM12115140-42095,2015-04-01 00:00:00,CM-121151406,Chad McGuire,Consumer,United States,USCA,Eastern US,TEC-PH-5622,Technology,Phones,Polycom SoundPoint IP 450 VoIP phone,677.58,3,0,176.1708
CA-2015-CM12115140-42095,2015-04-01 00:00:00,CM-121151406,Chad McGuire,Consumer,United States,USCA,Eastern US,OFF-PA-5674,Office Supplies,Paper,"Rediform S.O.S. 1-Up Phone Message Bk, 4-1/4x3-1/16 Bk, 1 Form/Pg, 40 Messages/Bk, 3/Pk",75.04,8,0,36.019200000000005
CA-2015-CM12115140-42095,2015-04-01 00:00:00,CM-121151406,Chad McGuire,Consumer,United States,USCA,Eastern US,FUR-FU-6299,Furniture,Furnishings,Tensor Computer Mounted Lamp,29.78,2,0,8.040600000000001
IN-2015-FC1424527-42096,2015-04-02 00:00:00,FC-1424527,Frank Carlisle,Home Office,China,Asia Pacific,Eastern Asia,TEC-MA-5019,Technology,Machines,"Konica Receipt Printer, Red",238.8,2,0,31.02
MX-2015-SM2000539-42117,2015-04-23 00:00:00,SM-2000539,Sally Matthias,Consumer,El Salvador,LATAM,Central America,TEC-PH-3129,Technology,Phones,"Apple Audio Dock, VoIP",222.64000000000001,2,0,8.88
ES-2015-ON18715139-42120,2015-04-26 00:00:00,ON-18715139,Odella Nelson,Corporate,United Kingdom,Europe,Northern Europe,TEC-CO-6007,Technology,Copiers,"Sharp Personal Copier, High-Speed",472.79999999999995,4,0,193.79999999999998
CA-2015-CS12175140-42101,2015-04-07 00:00:00,CS-121751408,Charles Sheldon,Corporate,United States,USCA,Southern US,OFF-BI-2869,Office Supplies,Binders,3M Organizer Strips,8.100000000000001,5,0.7,-5.939999999999998
TU-2015-MP8175134-42119,2015-04-25 00:00:00,MP-8175134,Mike Pelletier,Home Office,Turkey,Asia Pacific,Western Asia,TEC-AC-5872,Technology,Accessories,"SanDisk Memory Card, Bluetooth",269.784,6,0.6,-317.01599999999996
NI-2015-DO364595-42102,2015-04-08 00:00:00,DO-364595,Doug O'Connell,Consumer,Nigeria,Africa,Western Africa,TEC-CO-3707,Technology,Copiers,"Canon Wireless Fax, Color",228.06000000000006,2,0.7,-486.53999999999996
MX-2015-TT2122036-42109,2015-04-15 00:00:00,TT-2122036,Thomas Thornton,Consumer,Dominican Republic,LATAM,Caribbean,OFF-ST-4257,Office Supplies,Storage,"Fellowes File Cart, Blue",292.92800000000005,4,0.2,-22.032000000000018
TU-2015-RB9705134-42122,2015-04-28 00:00:00,RB-9705134,Roger Barcio,Home Office,Turkey,Asia Pacific,Western Asia,FUR-BO-4852,Furniture,Bookcases,"Ikea Corner Shelving, Metal",98.01600000000002,2,0.6,-137.244
MX-2015-IM1507051-42104,2015-04-10 00:00:00,IM-1507051,Irene Maddox,Consumer,Guatemala,LATAM,Central America,OFF-BI-4817,Office Supplies,Binders,"Ibico Binding Machine, Economy",137.12,4,0,52.08
MX-2015-RE1940539-42110,2015-04-16 00:00:00,RE-1940539,Ricardo Emerson,Consumer,El Salvador,LATAM,Central America,FUR-BO-5768,Furniture,Bookcases,"Safco Corner Shelving, Metal",198.56,2,0,75.44
MX-2015-TT2146093-42111,2015-04-17 00:00:00,TT-2146093,Tonja Turnell,Home Office,Nicaragua,LATAM,Central America,FUR-CH-4524,Furniture,Chairs,"Harbour Creations Chairmat, Red",144.00000000000003,3,0,5.76
MX-2015-MB1808582-42102,2015-04-08 00:00:00,MB-1808582,Mick Brown,Consumer,Mexico,LATAM,Central America,TEC-PH-5271,Technology,Phones,"Motorola Speaker Phone, Full Size",262.14,3,0,5.22
ES-2015-MH1802545-42111,2015-04-17 00:00:00,MH-1802545,Michelle Huthwaite,Consumer,France,Europe,Western Europe,TEC-CO-3605,Technology,Copiers,"Brother Personal Copier, Digital",605.7525,5,0.15,-92.64750000000002
IN-2015-EH1418588-42098,2015-04-04 00:00:00,EH-1418588,Evan Henry,Consumer,Myanmar (Burma),Asia Pacific,Southeastern Asia,FUR-TA-5069,Furniture,Tables,"Lesro Training Table, Rectangular",458.15639999999996,4,0.5700000000000001,-511.44360000000006
CA-2015-CV12295140-42115,2015-04-21 00:00:00,CV-122951402,Christina VanderZanden,Consumer,United States,USCA,Central US,OFF-BI-5637,Office Supplies,Binders,Premium Transparent Presentation Covers by GBC,146.86,7,0,70.49279999999999
CA-2015-CV12295140-42115,2015-04-21 00:00:00,CV-122951402,Christina VanderZanden,Consumer,United States,USCA,Central US,OFF-BI-3728,Office Supplies,Binders,Cardinal EasyOpen D-Ring Binders,36.56,4,0,18.28
ES-2015-KW1643548-42101,2015-04-07 00:00:00,KW-1643548,Katrina Willman,Consumer,Germany,Europe,Western Europe,OFF-ST-4282,Office Supplies,Storage,"Fellowes Shelving, Blue",260.28,5,0.1,78.03
RO-2015-EM4095107-42103,2015-04-09 00:00:00,EM-4095107,Eudokia Martin,Corporate,Romania,Europe,Eastern Europe,FUR-CH-4522,Furniture,Chairs,"Harbour Creations Chairmat, Adjustable",74.49000000000001,1,0,28.29
SA-2015-DK3225110-42119,2015-04-25 00:00:00,DK-3225110,Dean Katz,Corporate,Saudi Arabia,Asia Pacific,Western Asia,OFF-ST-6246,Office Supplies,Storage,"Tenex File Cart, Blue",266.40000000000003,2,0,47.94
ID-2015-BP11095130-42124,2015-04-30 00:00:00,BP-11095130,Bart Pistole,Corporate,Thailand,Asia Pacific,Southeastern Asia,OFF-ST-6049,Office Supplies,Storage,"Smead Lockers, Wire Frame",209.3394,2,0.47000000000000003,-142.2006
RO-2015-CV2805107-42112,2015-04-18 00:00:00,CV-2805107,Cynthia Voltz,Corporate,Romania,Europe,Eastern Europe,FUR-CH-5453,Furniture,Chairs,"Office Star Steel Folding Chair, Set of Two",187.92000000000002,2,0,67.62
MX-2015-ES1402028-42105,2015-04-11 00:00:00,ES-1402028,Erica Smith,Consumer,Colombia,LATAM,South America,TEC-PH-5350,Technology,Phones,"Nokia Signal Booster, Cordless",371.6,4,0,159.75999999999996
IN-2015-SD204857-42098,2015-04-04 00:00:00,SD-204857,Shirley Daniels,Home Office,Australia,Asia Pacific,Oceania,TEC-AC-3391,Technology,Accessories,"Belkin Memory Card, USB",414.07199999999995,4,0.1,-32.208
CA-2015-CP12340140-42119,2015-04-25 00:00:00,CP-123401408,Christine Phan,Corporate,United States,USCA,Southern US,OFF-ST-5980,Office Supplies,Storage,Sensible Storage WireTech Storage Systems,113.56800000000001,2,0.2,-21.29400000000002
US-2015-DM1295536-42104,2015-04-10 00:00:00,DM-1295536,Dario Medina,Corporate,Dominican Republic,LATAM,Caribbean,FUR-BO-4853,Furniture,Bookcases,"Ikea Corner Shelving, Mobile",150.696,3,0.4,7.475999999999954
ES-2015-JS1568545-42122,2015-04-28 00:00:00,JS-1568545,Jim Sink,Corporate,France,Europe,Western Europe,FUR-BO-5779,Furniture,Bookcases,"Safco Floating Shelf Set, Pine",356.562,2,0.1,19.782000000000004
CA-2015-CS12355140-42109,2015-04-15 00:00:00,CS-123551406,Christine Sundaresam,Consumer,United States,USCA,Eastern US,FUR-BO-3651,Furniture,Bookcases,"Bush Westfield Collection Bookcases, Fully Assembled",242.35200000000003,3,0.2,9.088199999999972
ES-2015-SW2045548-42115,2015-04-21 00:00:00,SW-2045548,Shaun Weien,Consumer,Germany,Europe,Western Europe,OFF-AR-6117,Office Supplies,Art,"Stanley Markers, Water Color",126.89999999999998,5,0,41.85000000000001
CA-2015-CS12355140-42109,2015-04-15 00:00:00,CS-123551406,Christine Sundaresam,Consumer,United States,USCA,Eastern US,OFF-BI-3302,Office Supplies,Binders,Avery Non-Stick Binders,10.776000000000002,3,0.2,3.502199999999999
IN-2015-RB1936027-42116,2015-04-22 00:00:00,RB-1936027,Raymond Buch,Consumer,China,Asia Pacific,Eastern Asia,TEC-PH-3790,Technology,Phones,"Cisco Headset, Cordless",182.57999999999998,2,0,43.8
IT-2015-GH1442545-42123,2015-04-29 00:00:00,GH-1442545,Gary Hwang,Consumer,France,Europe,Western Europe,TEC-CO-3606,Technology,Copiers,"Brother Personal Copier, High-Speed",959.412,8,0.15,78.852
RO-2015-CR2730107-42122,2015-04-28 00:00:00,CR-2730107,Craig Reiter,Consumer,Romania,Europe,Eastern Europe,OFF-AR-3502,Office Supplies,Art,"Binney & Smith Sketch Pad, Water Color",198,4,0,65.28
ES-2015-SM2090548-42118,2015-04-24 00:00:00,SM-2090548,Susan MacKendrick,Consumer,Germany,Europe,Western Europe,TEC-MA-6144,Technology,Machines,"StarTech Phone, Red",501.69,7,0,205.58999999999997
ES-2015-FA14230120-42123,2015-04-29 00:00:00,FA-14230120,Frank Atkinson,Corporate,Spain,Europe,Southern Europe,FUR-FU-5720,Furniture,Furnishings,"Rubbermaid Clock, Durable",94.38,2,0,33.96
IZ-2015-BP115561-42108,2015-04-14 00:00:00,BP-115561,Becky Pak,Consumer,Iraq,Asia Pacific,Western Asia,OFF-AR-6120,Office Supplies,Art,"Stanley Pencil Sharpener, Water Color",250.49999999999997,10,0,15
US-2015-CS12400140-42102,2015-04-08 00:00:00,CS-124001408,Christopher Schild,Home Office,United States,USCA,Southern US,FUR-TA-3562,Furniture,Tables,Bretford Rectangular Conference Table Tops,620.6145000000001,3,0.45,-248.24579999999992
US-2015-CS12400140-42102,2015-04-08 00:00:00,CS-124001408,Christopher Schild,Home Office,United States,USCA,Southern US,TEC-AC-5150,Technology,Accessories,Logitech P710e Mobile Speakerphone,617.9760000000001,3,0.2,-7.724700000000098
EG-2015-GM469538-42110,2015-04-16 00:00:00,GM-469538,Greg Maxwell,Corporate,Egypt,Africa,North Africa,OFF-ST-6033,Office Supplies,Storage,"Smead File Cart, Single Width",128.88,1,0,9
US-2015-CS12400140-42102,2015-04-08 00:00:00,CS-124001408,Christopher Schild,Home Office,United States,USCA,Southern US,FUR-FU-6240,Furniture,Furnishings,"Tenex Contemporary Contur Chairmats for Low and Medium Pile Carpet, Computer, 39"" x 49""",258.072,3,0.2,0
US-2015-CS12400140-42102,2015-04-08 00:00:00,CS-124001408,Christopher Schild,Home Office,United States,USCA,Southern US,FUR-TA-3620,Furniture,Tables,Bush Advantage Collection Round Conference Table,233.86,2,0.45,-102.04800000000003
US-2015-CS12400140-42102,2015-04-08 00:00:00,CS-124001408,Christopher Schild,Home Office,United States,USCA,Southern US,OFF-BI-4347,Office Supplies,Binders,GBC Instant Index System for Binding Systems,5.328000000000001,2,0.7,-3.5519999999999996
ES-2015-SC2080048-42118,2015-04-24 00:00:00,SC-2080048,Stuart Calhoun,Consumer,Germany,Europe,Western Europe,OFF-AP-4749,Office Supplies,Appliances,"Hoover Toaster, White",588.816,9,0.2,110.37599999999998
IN-2015-PS1897058-42117,2015-04-23 00:00:00,PS-1897058,Paul Stevenson,Home Office,India,Asia Pacific,Southern Asia,OFF-ST-5688,Office Supplies,Storage,"Rogers Box, Single Width",120,5,0,7.199999999999999
ES-2015-MP1817545-42122,2015-04-28 00:00:00,MP-1817545,Mike Pelletier,Home Office,France,Europe,Western Europe,FUR-BO-4864,Furniture,Bookcases,"Ikea Stackable Bookrack, Metal",439.344,4,0.1,63.383999999999986
IN-2015-JW1522058-42101,2015-04-07 00:00:00,JW-1522058,Jane Waco,Corporate,India,Asia Pacific,Southern Asia,FUR-CH-4557,Furniture,Chairs,"Harbour Creations Steel Folding Chair, Adjustable",200.76,2,0,86.28
ES-2015-BS1175545-42100,2015-04-06 00:00:00,BS-1175545,Bruce Stewart,Consumer,France,Europe,Western Europe,OFF-ST-5694,Office Supplies,Storage,"Rogers Folders, Blue",110.484,4,0.1,-9.876
ES-2015-AF1088545-42103,2015-04-09 00:00:00,AF-1088545,Art Foster,Consumer,France,Europe,Western Europe,OFF-BI-2883,Office Supplies,Binders,"Acco 3-Hole Punch, Economy",90.36000000000001,3,0,17.099999999999998
US-2015-JC1538598-42102,2015-04-08 00:00:00,JC-1538598,Jenna Caffey,Consumer,Panama,LATAM,Central America,OFF-ST-4080,Office Supplies,Storage,"Eldon Lockers, Single Width",237.52799999999993,3,0.4,-150.492
ES-2015-RM19675139-42111,2015-04-17 00:00:00,RM-19675139,Robert Marley,Home Office,United Kingdom,Europe,Northern Europe,OFF-AR-6126,Office Supplies,Art,"Stanley Sketch Pad, Easy-Erase",223.5,5,0,42.45
MO-2015-LC714086-42106,2015-04-12 00:00:00,LC-714086,Logan Currie,Consumer,Morocco,Africa,North Africa,TEC-MA-4197,Technology,Machines,"Epson Inkjet, Durable",306.63,1,0,101.16
US-2015-DL12925143-42118,2015-04-24 00:00:00,DL-12925143,Daniel Lacy,Consumer,Venezuela,LATAM,South America,TEC-PH-3127,Technology,Phones,"Apple Audio Dock, Cordless",203.68799999999996,3,0.4,-67.93200000000002
NI-2015-SS1087595-42117,2015-04-23 00:00:00,SS-1087595,Sung Shariari,Consumer,Nigeria,Africa,Western Africa,FUR-CH-5806,Furniture,Chairs,"SAFCO Swivel Stool, Black",397.2240000000001,8,0.7,-450.216
UP-2015-BM1140137-42119,2015-04-25 00:00:00,BM-1140137,Becky Martin,Consumer,Ukraine,Europe,Eastern Europe,FUR-CH-4544,Furniture,Chairs,"Harbour Creations Rocking Chair, Adjustable",149.57999999999998,1,0,47.849999999999994
IN-2015-CD1279078-42122,2015-04-28 00:00:00,CD-1279078,Cynthia Delaney,Home Office,Malaysia,Asia Pacific,Southeastern Asia,TEC-CO-3681,Technology,Copiers,"Canon Copy Machine, Laser",524.2800000000001,2,0,131.04
MX-2015-MC1742539-42104,2015-04-10 00:00:00,MC-1742539,Mark Cousins,Corporate,El Salvador,LATAM,Central America,FUR-CH-4563,Furniture,Chairs,"Harbour Creations Swivel Stool, Red",240.16,2,0,69.64
IN-2015-JK1573058-42122,2015-04-28 00:00:00,JK-1573058,Joe Kamberova,Consumer,India,Asia Pacific,Southern Asia,TEC-CO-5996,Technology,Copiers,"Sharp Fax and Copier, Laser",168.6,1,0,79.23
TU-2015-KH6690134-42101,2015-04-07 00:00:00,KH-6690134,Kristen Hastings,Corporate,Turkey,Asia Pacific,Western Asia,FUR-CH-4703,Furniture,Chairs,"Hon Swivel Stool, Red",130.92000000000002,2,0.6,-147.3
IT-2015-TC2129548-42115,2015-04-21 00:00:00,TC-2129548,Toby Carlisle,Consumer,Germany,Europe,Western Europe,OFF-AP-4957,Office Supplies,Appliances,"KitchenAid Microwave, Red",558.576,2,0.1,-18.624000000000002
IN-2015-SV2078559-42110,2015-04-16 00:00:00,SV-2078559,Stewart Visinsky,Consumer,Indonesia,Asia Pacific,Southeastern Asia,OFF-BI-4816,Office Supplies,Binders,"Ibico Binding Machine, Durable",263.5416,6,0.17,76.1616
US-2015-EB1370536-42105,2015-04-11 00:00:00,EB-1370536,Ed Braxton,Corporate,Dominican Republic,LATAM,Caribbean,FUR-BO-5952,Furniture,Bookcases,"Sauder Corner Shelving, Metal",234.81600000000003,4,0.4,-82.22400000000002
IN-2015-JF1556527-42112,2015-04-18 00:00:00,JF-1556527,Jill Fjeld,Consumer,China,Asia Pacific,Eastern Asia,OFF-AR-3460,Office Supplies,Art,"BIC Pencil Sharpener, Blue",145.04999999999998,5,0,26.099999999999998
ID-2015-BP11095130-42124,2015-04-30 00:00:00,BP-11095130,Bart Pistole,Corporate,Thailand,Asia Pacific,Southeastern Asia,TEC-PH-3801,Technology,Phones,"Cisco Signal Booster, Full Size",254.1792,2,0.17,-21.46080000000001
UP-2015-BM1140137-42119,2015-04-25 00:00:00,BM-1140137,Becky Martin,Consumer,Ukraine,Europe,Eastern Europe,FUR-BO-3631,Furniture,Bookcases,"Bush Corner Shelving, Traditional",123.99,1,0,26.009999999999998
ES-2015-BT1153045-42111,2015-04-17 00:00:00,BT-1153045,Bradley Talbott,Home Office,France,Europe,Western Europe,TEC-AC-5116,Technology,Accessories,"Logitech Keyboard, Erganomic",210.78000000000003,3,0,18.900000000000002
ES-2015-MM17920139-42096,2015-04-02 00:00:00,MM-17920139,Michael Moore,Consumer,United Kingdom,Europe,Northern Europe,OFF-AP-4507,Office Supplies,Appliances,"Hamilton Beach Stove, Silver",1357.7250000000001,5,0.5,-325.8750000000002
ES-2015-JW1595548-42113,2015-04-19 00:00:00,JW-1595548,Joni Wasserman,Consumer,Germany,Europe,Western Europe,FUR-CH-5758,Furniture,Chairs,"SAFCO Chairmat, Red",269.19000000000005,5,0.1,32.78999999999999
MX-2015-CA1226518-42113,2015-04-19 00:00:00,CA-1226518,Christina Anderson,Consumer,Brazil,LATAM,South America,TEC-PH-3143,Technology,Phones,"Apple Signal Booster, Cordless",279.00000000000006,3,0,16.74
MX-2015-DW1358531-42110,2015-04-16 00:00:00,DW-1358531,Dorothy Wardle,Corporate,Cuba,LATAM,Caribbean,TEC-MA-5003,Technology,Machines,"Konica Card Printer, Red",344.64,3,0,165.42
CA-2015-CL12700140-42109,2015-04-15 00:00:00,CL-127001402,Craig Leslie,Home Office,United States,USCA,Central US,OFF-BI-2880,Office Supplies,Binders,Acco 3-Hole Punch,8.76,2,0,4.2048
ES-2015-MM17920139-42096,2015-04-02 00:00:00,MM-17920139,Michael Moore,Consumer,United Kingdom,Europe,Northern Europe,OFF-ST-6033,Office Supplies,Storage,"Smead File Cart, Single Width",128.42999999999998,2,0.5,-125.90999999999998
IN-2015-PR188807-42123,2015-04-29 00:00:00,PR-188807,Patrick Ryan,Consumer,Australia,Asia Pacific,Oceania,OFF-BI-2901,Office Supplies,Binders,"Acco Binding Machine, Economy",275.886,6,0.1,3.0060000000000002
MX-2015-MB1808582-42102,2015-04-08 00:00:00,MB-1808582,Mick Brown,Consumer,Mexico,LATAM,Central America,OFF-EN-5030,Office Supplies,Envelopes,"Kraft Interoffice Envelope, Security-Tint",164.4,5,0,73.9
MX-2015-PS1897028-42109,2015-04-15 00:00:00,PS-1897028,Paul Stevenson,Home Office,Colombia,LATAM,South America,OFF-SU-4991,Office Supplies,Supplies,"Kleencut Shears, Serrated",86.94000000000001,3,0,33.9
GG-2015-TH1111547-42116,2015-04-22 00:00:00,TH-1111547,Thea Hudgings,Corporate,Georgia,Asia Pacific,Western Asia,OFF-LA-4658,Office Supplies,Labels,"Hon File Folder Labels, Adjustable",65.39999999999999,10,0,19.5
IN-2015-HA1492027-42111,2015-04-17 00:00:00,HA-1492027,Helen Andreada,Consumer,China,Asia Pacific,Eastern Asia,FUR-FU-3050,Furniture,Furnishings,"Advantus Photo Frame, Erganomic",103.19999999999999,2,0,44.339999999999996
IN-2015-LP1709559-42096,2015-04-02 00:00:00,LP-1709559,Liz Preis,Consumer,Indonesia,Asia Pacific,Southeastern Asia,TEC-AC-3392,Technology,Accessories,"Belkin Mouse, Bluetooth",86.3052,4,0.47000000000000003,-53.854800000000004
IN-2015-GR1456097-42109,2015-04-15 00:00:00,GR-1456097,Georgia Rosenberg,Corporate,Pakistan,Asia Pacific,Southern Asia,FUR-FU-5732,Furniture,Furnishings,"Rubbermaid Light Bulb, Duo Pack",75.6,5,0.2,10.350000000000001
MX-2015-ES1402028-42105,2015-04-11 00:00:00,ES-1402028,Erica Smith,Consumer,Colombia,LATAM,South America,FUR-BO-5941,Furniture,Bookcases,"Sauder 3-Shelf Cabinet, Mobile",338.4000000000001,3,0,64.25999999999999
EG-2015-PT909038-42119,2015-04-25 00:00:00,PT-909038,Pete Takahito,Consumer,Egypt,Africa,North Africa,FUR-CH-4703,Furniture,Chairs,"Hon Swivel Stool, Red",327.3,2,0,49.08
US-2015-FH1436598-42096,2015-04-02 00:00:00,FH-1436598,Fred Hopkins,Corporate,Panama,LATAM,Central America,TEC-CO-3596,Technology,Copiers,"Brother Fax Machine, Digital",253.69552,2,0.402,-34.824479999999994
IT-2015-AR10345139-42116,2015-04-22 00:00:00,AR-10345139,Alex Russell,Corporate,United Kingdom,Europe,Northern Europe,FUR-BO-5762,Furniture,Bookcases,"Safco Classic Bookcase, Pine",439.5,2,0.5,-404.34
CA-2015-CV12805140-42122,2015-04-28 00:00:00,CV-128051402,Cynthia Voltz,Corporate,United States,USCA,Central US,FUR-BO-5944,Furniture,Bookcases,Sauder Barrister Bookcases,220.26559999999998,4,0.32,-42.1096
CA-2015-CV12805140-42115,2015-04-21 00:00:00,CV-128051406,Cynthia Voltz,Corporate,United States,USCA,Eastern US,OFF-ST-3962,Office Supplies,Storage,Deluxe Rollaway Locking File with Drawer,332.704,1,0.2,33.27039999999998
IN-2015-LP1709559-42096,2015-04-02 00:00:00,LP-1709559,Liz Preis,Consumer,Indonesia,Asia Pacific,Southeastern Asia,OFF-AR-3462,Office Supplies,Art,"BIC Pencil Sharpener, Fluorescent",110.48549999999999,5,0.27,-30.3645
CA-2015-CV12805140-42115,2015-04-21 00:00:00,CV-128051406,Cynthia Voltz,Corporate,United States,USCA,Eastern US,OFF-ST-6079,Office Supplies,Storage,"Sortfiler Multipurpose Personal File Organizer, Black",51.336000000000006,3,0.2,5.775299999999996
CA-2015-CV12805140-42115,2015-04-21 00:00:00,CV-128051406,Cynthia Voltz,Corporate,United States,USCA,Eastern US,FUR-FU-4226,Furniture,Furnishings,"Executive Impressions 12"" Wall Clock",42.40800000000001,3,0.2,9.5418
CA-2015-CV12805140-42115,2015-04-21 00:00:00,CV-128051406,Cynthia Voltz,Corporate,United States,USCA,Eastern US,FUR-FU-3844,Furniture,Furnishings,"Computer Room Manger, 14""",51.967999999999996,2,0.2,10.393599999999998
CA-2015-CV12805140-42122,2015-04-28 00:00:00,CV-128051402,Cynthia Voltz,Corporate,United States,USCA,Central US,OFF-LA-3244,Office Supplies,Labels,"Avery Address/Shipping Labels for Typewriters, 4"" x 2""",33.12,4,0.2,11.592
CG-2015-BH171033-42096,2015-04-02 00:00:00,BH-171033,Brosina Hoffman,Consumer,Democratic Republic of the Congo,Africa,Central Africa,OFF-AR-5933,Office Supplies,Art,"Sanford Sketch Pad, Water Color",486.59999999999997,10,0,228.6
MX-2015-ES1402028-42105,2015-04-11 00:00:00,ES-1402028,Erica Smith,Consumer,Colombia,LATAM,South America,OFF-ST-6247,Office Supplies,Storage,"Tenex File Cart, Industrial",268.26000000000005,3,0,10.680000000000001
MO-2015-AB25586-42117,2015-04-23 00:00:00,AB-25586,Alejandro Ballentine,Home Office,Morocco,Africa,North Africa,TEC-MA-6138,Technology,Machines,"StarTech Card Printer, White",161.91000000000003,1,0,25.89
CA-2015-DK12835140-42119,2015-04-25 00:00:00,DK-128351406,Damala Kotsonis,Corporate,United States,USCA,Eastern US,OFF-AP-2934,Office Supplies,Appliances,"Acco Smartsocket Table Surge Protector, 6 Color-Coded Adapter Outlets",99.28,2,0.2,12.40999999999999
CA-2015-DK12835140-42119,2015-04-25 00:00:00,DK-128351406,Damala Kotsonis,Corporate,United States,USCA,Eastern US,OFF-BI-4361,Office Supplies,Binders,GBC ProClick Spines for 32-Hole Punch,7.518000000000001,2,0.7,-5.7638
CA-2015-DK12835140-42119,2015-04-25 00:00:00,DK-128351406,Damala Kotsonis,Corporate,United States,USCA,Eastern US,OFF-BI-3309,Office Supplies,Binders,Avery Reinforcements for Hole-Punch Pages,1.1880000000000002,2,0.7,-0.9899999999999998
ES-2015-MP1817545-42122,2015-04-28 00:00:00,MP-1817545,Mike Pelletier,Home Office,France,Europe,Western Europe,TEC-AC-3391,Technology,Accessories,"Belkin Memory Card, USB",345.05999999999995,3,0,0
US-2015-ME173205-42115,2015-04-21 00:00:00,ME-173205,Maria Etezadi,Home Office,Argentina,LATAM,South America,TEC-PH-3143,Technology,Phones,"Apple Signal Booster, Cordless",334.8,6,0.4,-189.72000000000006
MX-2015-CM1193531-42123,2015-04-29 00:00:00,CM-1193531,Carlos Meador,Consumer,Cuba,LATAM,Caribbean,TEC-PH-3790,Technology,Phones,"Cisco Headset, Cordless",243.43999999999997,4,0,29.2
MX-2015-JD1589539-42117,2015-04-23 00:00:00,JD-1589539,Jonathan Doherty,Corporate,El Salvador,LATAM,Central America,TEC-CO-4589,Technology,Copiers,"Hewlett Personal Copier, Laser",287.96291999999994,3,0.002,117.68292000000001
IT-2015-PB19210124-42111,2015-04-17 00:00:00,PB-19210124,Phillip Breyer,Corporate,Sweden,Europe,Northern Europe,TEC-PH-5837,Technology,Phones,"Samsung Signal Booster, VoIP",273.36,4,0.5,-87.48000000000002
US-2015-FH1436598-42096,2015-04-02 00:00:00,FH-1436598,Fred Hopkins,Corporate,Panama,LATAM,Central America,FUR-CH-5774,Furniture,Chairs,"SAFCO Executive Leather Armchair, Black",367.19999999999993,2,0.4,-36.719999999999935
ID-2015-FM142157-42109,2015-04-15 00:00:00,FM-142157,Filia McAdams,Corporate,Australia,Asia Pacific,Oceania,TEC-MA-6145,Technology,Machines,"StarTech Phone, White",131.274,2,0.1,-2.945999999999998
IN-2015-DR1288078-42102,2015-04-08 00:00:00,DR-1288078,Dan Reichenbach,Corporate,Malaysia,Asia Pacific,Southeastern Asia,TEC-PH-5260,Technology,Phones,"Motorola Office Telephone, Full Size",365.25,5,0,149.70000000000002
IT-2015-JJ1576045-42107,2015-04-13 00:00:00,JJ-1576045,Joel Jenkins,Home Office,France,Europe,Western Europe,TEC-CO-3688,Technology,Copiers,"Canon Fax Machine, High-Speed",1076.4060000000002,4,0.15,-38.03399999999999
IN-2015-RD199007-42095,2015-04-01 00:00:00,RD-199007,Ruben Dartt,Consumer,Australia,Asia Pacific,Oceania,FUR-CH-4630,Furniture,Chairs,"Hon Chairmat, Adjustable",104.43599999999999,2,0.1,46.416
US-2015-DB12910140-42095,2015-04-01 00:00:00,DB-129101408,Daniel Byrd,Home Office,United States,USCA,Southern US,TEC-PH-6347,Technology,Phones,Vtech CS6719,671.93,7,0,188.1404
US-2015-DB12910140-42095,2015-04-01 00:00:00,DB-129101408,Daniel Byrd,Home Office,United States,USCA,Southern US,FUR-FU-3043,Furniture,Furnishings,Advantus Panel Wall Certificate Holder - 8.5x11,61,5,0,25.620000000000005
US-2015-MS1753055-42098,2015-04-04 00:00:00,MS-1753055,MaryBeth Skach,Consumer,Honduras,LATAM,Central America,OFF-ST-4057,Office Supplies,Storage,"Eldon File Cart, Single Width",205.39200000000005,4,0.4,-136.92800000000005
MO-2015-PW903086-42105,2015-04-11 00:00:00,PW-903086,Pauline Webber,Corporate,Morocco,Africa,North Africa,OFF-BI-4804,Office Supplies,Binders,"Ibico 3-Hole Punch, Durable",191.70000000000002,6,0,70.92
IN-2015-RB1936027-42116,2015-04-22 00:00:00,RB-1936027,Raymond Buch,Consumer,China,Asia Pacific,Eastern Asia,OFF-AR-3464,Office Supplies,Art,"BIC Pens, Blue",99.96,7,0,25.83
ES-2015-BS1175545-42100,2015-04-06 00:00:00,BS-1175545,Bruce Stewart,Consumer,France,Europe,Western Europe,OFF-PA-5878,Office Supplies,Paper,"SanDisk Message Books, Premium",71.46000000000001,3,0,18.54
IN-2015-TZ215807-42124,2015-04-30 00:00:00,TZ-215807,Tracy Zic,Consumer,Australia,Asia Pacific,Oceania,FUR-FU-6242,Furniture,Furnishings,"Tenex Door Stop, Duo Pack",276.88500000000005,7,0.1,18.374999999999996
MX-2015-PS1897028-42109,2015-04-15 00:00:00,PS-1897028,Paul Stevenson,Home Office,Colombia,LATAM,South America,OFF-FA-6195,Office Supplies,Fasteners,"Stockwell Push Pins, Bulk Pack",74.56,8,0,32.8
MX-2015-LD1685593-42120,2015-04-26 00:00:00,LD-1685593,Lela Donovan,Corporate,Nicaragua,LATAM,Central America,FUR-BO-4867,Furniture,Bookcases,"Ikea Stackable Bookrack, Traditional",326.88,4,0,26.080000000000002
CA-2015-DS13030140-42099,2015-04-05 00:00:00,DS-130301406,Darrin Sayre,Home Office,United States,USCA,Eastern US,OFF-SU-5634,Office Supplies,Supplies,Premier Automatic Letter Opener,240.37,1,0,7.211100000000016
IT-2015-AJ10795120-42111,2015-04-17 00:00:00,AJ-10795120,Anthony Johnson,Corporate,Spain,Europe,Southern Europe,TEC-CO-3682,Technology,Copiers,"Canon Fax and Copier, Color",192.77999999999997,1,0,46.26
MX-2015-DW1358531-42110,2015-04-16 00:00:00,DW-1358531,Dorothy Wardle,Corporate,Cuba,LATAM,Caribbean,TEC-CO-4577,Technology,Copiers,"Hewlett Fax Machine, High-Speed",423.3116800000001,2,0.002,-0.84832
CA-2015-DS13030140-42099,2015-04-05 00:00:00,DS-130301406,Darrin Sayre,Home Office,United States,USCA,Eastern US,TEC-PH-5086,Technology,Phones,LG Electronics Tone+ HBS-730 Bluetooth Headset,119.02,2,0,33.32560000000001
IN-2015-SS2059058-42115,2015-04-21 00:00:00,SS-2059058,Sonia Sunley,Consumer,India,Asia Pacific,Southern Asia,TEC-MA-6142,Technology,Machines,"StarTech Inkjet, Wireless",301.89000000000004,1,0,3
CA-2015-DS13030140-42099,2015-04-05 00:00:00,DS-130301406,Darrin Sayre,Home Office,United States,USCA,Eastern US,TEC-PH-5555,Technology,Phones,Panasonic KX - TS880B Telephone,41.22,1,0,11.1294
ES-2015-TR2132545-42100,2015-04-06 00:00:00,TR-2132545,Toby Ritter,Consumer,France,Europe,Western Europe,FUR-BO-3636,Furniture,Bookcases,"Bush Floating Shelf Set, Pine",310.716,2,0.1,72.45599999999999
IZ-2015-BP115561-42108,2015-04-14 00:00:00,BP-115561,Becky Pak,Consumer,Iraq,Asia Pacific,Western Asia,OFF-BI-4804,Office Supplies,Binders,"Ibico 3-Hole Punch, Durable",191.70000000000002,6,0,70.92
IZ-2015-EM396061-42110,2015-04-16 00:00:00,EM-396061,Eric Murdock,Consumer,Iraq,Asia Pacific,Western Asia,OFF-AR-3484,Office Supplies,Art,"Binney & Smith Highlighters, Water Color",118.62,6,0,49.67999999999999
IN-2015-BD113207-42118,2015-04-24 00:00:00,BD-113207,Bill Donatelli,Consumer,Australia,Asia Pacific,Oceania,FUR-FU-5721,Furniture,Furnishings,"Rubbermaid Clock, Erganomic",263.41200000000003,6,0.1,99.43200000000002
US-2015-MW1822018-42095,2015-04-01 00:00:00,MW-1822018,Mitch Webber,Consumer,Brazil,LATAM,South America,OFF-EN-3098,Office Supplies,Envelopes,"Ames Interoffice Envelope, Set of 50",132.352,11,0.6,-89.40799999999994
ES-2015-TR2132545-42100,2015-04-06 00:00:00,TR-2132545,Toby Ritter,Consumer,France,Europe,Western Europe,OFF-BI-2902,Office Supplies,Binders,"Acco Binding Machine, Recycled",205.79999999999998,4,0,51.36
ID-2015-BD116057-42103,2015-04-09 00:00:00,BD-116057,Brian Dahlen,Consumer,Australia,Asia Pacific,Oceania,TEC-AC-3386,Technology,Accessories,"Belkin Keyboard, Programmable",230.526,3,0.1,66.54599999999999
ES-2015-DN13690120-42097,2015-04-03 00:00:00,DN-13690120,Duane Noonan,Consumer,Spain,Europe,Southern Europe,TEC-PH-3130,Technology,Phones,"Apple Audio Dock, with Caller ID",300.40200000000004,2,0.1,16.661999999999992
IN-2015-LS1697558-42119,2015-04-25 00:00:00,LS-1697558,Lindsay Shagiari,Home Office,India,Asia Pacific,Southern Asia,TEC-PH-5340,Technology,Phones,"Nokia Headset, Full Size",297.59999999999997,4,0,92.16
ES-2015-GR1456045-42112,2015-04-18 00:00:00,GR-1456045,Georgia Rosenberg,Corporate,France,Europe,Western Europe,FUR-FU-4077,Furniture,Furnishings,"Eldon Light Bulb, Erganomic",95.28,4,0,11.399999999999999
ES-2015-TA2138548-42096,2015-04-02 00:00:00,TA-2138548,Tom Ashbrook,Home Office,Germany,Europe,Western Europe,OFF-ST-6246,Office Supplies,Storage,"Tenex File Cart, Blue",359.6400000000001,3,0.1,31.94999999999999
IT-2015-PO18850124-42124,2015-04-30 00:00:00,PO-18850124,Patrick O'Brill,Consumer,Sweden,Europe,Northern Europe,OFF-ST-4293,Office Supplies,Storage,"Fellowes Trays, Blue",143.475,5,0.5,-123.52499999999999
CA-2015-DP13105140-42108,2015-04-14 00:00:00,DP-131051406,Dave Poirier,Corporate,United States,USCA,Eastern US,OFF-FA-6314,Office Supplies,Fasteners,Translucent Push Pins by OIC,7.92,5,0.2,1.6829999999999994
MX-2015-PM1913516-42116,2015-04-22 00:00:00,PM-1913516,Peter McVee,Home Office,Bolivia,LATAM,South America,OFF-AP-4510,Office Supplies,Appliances,"Hamilton Beach Toaster, Red",115.01999999999998,3,0,8.040000000000001
ES-2015-MH1745548-42110,2015-04-16 00:00:00,MH-1745548,Mark Hamilton,Consumer,Germany,Europe,Western Europe,OFF-SU-4304,Office Supplies,Supplies,"Fiskars Box Cutter, High Speed",106.55999999999999,3,0,37.25999999999999
ES-2015-MP17470120-42101,2015-04-07 00:00:00,MP-17470120,Mark Packer,Home Office,Spain,Europe,Southern Europe,TEC-MA-4999,Technology,Machines,"Konica Calculator, Red",175.608,4,0.1,56.568
MX-2015-RE1940539-42110,2015-04-16 00:00:00,RE-1940539,Ricardo Emerson,Consumer,El Salvador,LATAM,Central America,FUR-BO-5953,Furniture,Bookcases,"Sauder Corner Shelving, Mobile",399.52,4,0,147.75999999999996
ES-2015-ON1871564-42108,2015-04-14 00:00:00,ON-1871564,Odella Nelson,Corporate,Italy,Europe,Southern Europe,TEC-AC-4179,Technology,Accessories,"Enermax Numeric Keypad, Erganomic",58.83,1,0,6.449999999999999
IN-2015-BD116057-42101,2015-04-07 00:00:00,BD-116057,Brian Dahlen,Consumer,Australia,Asia Pacific,Oceania,OFF-ST-4259,Office Supplies,Storage,"Fellowes File Cart, Single Width",247.21200000000002,2,0.1,109.872
ES-2015-MH1802545-42111,2015-04-17 00:00:00,MH-1802545,Michelle Huthwaite,Consumer,France,Europe,Western Europe,OFF-SU-4319,Office Supplies,Supplies,"Fiskars Shears, Easy Grip",246.3,5,0,24.6
CA-2015-DS13180140-42095,2015-04-01 00:00:00,DS-131801402,David Smith,Corporate,United States,USCA,Central US,FUR-BO-3643,Furniture,Bookcases,Bush Mission Pointe Library,205.33279999999996,2,0.32,-36.235200000000006
IN-2015-JS1568527-42105,2015-04-11 00:00:00,JS-1568527,Jim Sink,Corporate,China,Asia Pacific,Eastern Asia,OFF-SU-4992,Office Supplies,Supplies,"Kleencut Shears, Steel",138.51,3,0,26.28
IN-2015-JE157457-42103,2015-04-09 00:00:00,JE-157457,Joel Eaton,Consumer,Australia,Asia Pacific,Oceania,OFF-SU-4116,Office Supplies,Supplies,"Elite Box Cutter, Easy Grip",262.87199999999996,8,0.1,8.712000000000007
ES-2015-TB2162545-42124,2015-04-30 00:00:00,TB-2162545,Trudy Brown,Consumer,France,Europe,Western Europe,FUR-CH-5408,Furniture,Chairs,"Novimex Steel Folding Chair, Red",148.014,2,0.1,54.233999999999995
MX-2015-MP1817528-42103,2015-04-09 00:00:00,MP-1817528,Mike Pelletier,Home Office,Colombia,LATAM,South America,TEC-PH-5843,Technology,Phones,"Samsung Speaker Phone, Cordless",168.12,2,0,36.96
ES-2015-MD1786014-42111,2015-04-17 00:00:00,MD-1786014,Michael Dominguez,Corporate,Belgium,Europe,Western Europe,FUR-BO-4852,Furniture,Bookcases,"Ikea Corner Shelving, Metal",245.04000000000002,2,0,9.78
IT-2015-JF1541545-42120,2015-04-26 00:00:00,JF-1541545,Jennifer Ferguson,Consumer,France,Europe,Western Europe,OFF-BI-4817,Office Supplies,Binders,"Ibico Binding Machine, Economy",257.1,5,0,23.1
MX-2015-TR2132526-42117,2015-04-23 00:00:00,TR-2132526,Toby Ritter,Consumer,Chile,LATAM,South America,TEC-PH-5342,Technology,Phones,"Nokia Headset, with Caller ID",146.21999999999997,3,0,13.139999999999997
ES-2015-MB173058-42113,2015-04-19 00:00:00,MB-173058,Maria Bertelson,Consumer,Austria,Europe,Western Europe,OFF-SU-2966,Office Supplies,Supplies,"Acme Box Cutter, High Speed",113.39999999999999,3,0,54.36
PL-2015-CC2220103-42115,2015-04-21 00:00:00,CC-2220103,Chris Cortes,Consumer,Poland,Europe,Eastern Europe,OFF-ST-5692,Office Supplies,Storage,"Rogers File Cart, Industrial",283.20000000000005,2,0,48.12
ID-2015-LS1697559-42097,2015-04-03 00:00:00,LS-1697559,Lindsay Shagiari,Home Office,Indonesia,Asia Pacific,Southeastern Asia,OFF-FA-5477,Office Supplies,Fasteners,"OIC Rubber Bands, Bulk Pack",63.3297,7,0.47000000000000003,-15.630299999999998
SA-2015-DK3225110-42119,2015-04-25 00:00:00,DK-3225110,Dean Katz,Corporate,Saudi Arabia,Asia Pacific,Western Asia,OFF-ST-6261,Office Supplies,Storage,"Tenex Lockers, Blue",204.14999999999998,1,0,53.07000000000001
IN-2015-JS1568527-42105,2015-04-11 00:00:00,JS-1568527,Jim Sink,Corporate,China,Asia Pacific,Eastern Asia,FUR-FU-3065,Furniture,Furnishings,"Advantus Stacking Tray, Black",79.28999999999999,3,0,23.759999999999998
MX-2015-AB1006036-42123,2015-04-29 00:00:00,AB-1006036,Adam Bellavance,Home Office,Dominican Republic,LATAM,Caribbean,OFF-SU-4138,Office Supplies,Supplies,"Elite Trimmer, Steel",109.52000000000001,5,0.2,27.32
US-2015-SS2051582-42117,2015-04-23 00:00:00,SS-2051582,Shirley Schmidt,Home Office,Mexico,LATAM,Central America,FUR-CH-5371,Furniture,Chairs,"Novimex Chairmat, Black",230.01599999999993,8,0.2,-40.383999999999986
TU-2015-BV1245134-42124,2015-04-30 00:00:00,BV-1245134,Benjamin Venier,Corporate,Turkey,Asia Pacific,Western Asia,FUR-BO-5940,Furniture,Bookcases,"Sauder 3-Shelf Cabinet, Metal",132.912,2,0.6,-83.08800000000002
IT-2015-MP1796545-42109,2015-04-15 00:00:00,MP-1796545,Michael Paige,Corporate,France,Europe,Western Europe,FUR-BO-4865,Furniture,Bookcases,"Ikea Stackable Bookrack, Mobile",200.16000000000003,4,0.6,-60.120000000000005
ES-2015-RM19675139-42111,2015-04-17 00:00:00,RM-19675139,Robert Marley,Home Office,United Kingdom,Europe,Northern Europe,TEC-MA-6133,Technology,Machines,"StarTech Calculator, Red",222.66,6,0,33.300000000000004
MX-2015-DK1322526-42122,2015-04-28 00:00:00,DK-1322526,Dean Katz,Corporate,Chile,LATAM,South America,TEC-AC-5872,Technology,Accessories,"SanDisk Memory Card, Bluetooth",224.82,3,0,92.16
ES-2015-MP1817545-42122,2015-04-28 00:00:00,MP-1817545,Mike Pelletier,Home Office,France,Europe,Western Europe,OFF-AR-3449,Office Supplies,Art,"BIC Canvas, Fluorescent",109.92,2,0,38.46
MX-2015-DB1355582-42121,2015-04-27 00:00:00,DB-1355582,Dorothy Badders,Corporate,Mexico,LATAM,Central America,OFF-AR-6118,Office Supplies,Art,"Stanley Pencil Sharpener, Easy-Erase",121.52000000000001,7,0,43.68000000000001
CA-2015-DM13345140-42103,2015-04-09 00:00:00,DM-133451408,Denise Monton,Corporate,United States,USCA,Southern US,OFF-BI-4343,Office Supplies,Binders,GBC DocuBind TL300 Electric Binding System,2690.9700000000003,3,0,1264.7558999999999
CA-2015-DM13345140-42103,2015-04-09 00:00:00,DM-133451408,Denise Monton,Corporate,United States,USCA,Southern US,FUR-FU-4050,Furniture,Furnishings,"Eldon Expressions Punched Metal & Wood Desk Accessories, Black & Cherry",56.28,6,0,15.758400000000002
IN-2015-PN187757-42103,2015-04-09 00:00:00,PN-187757,Parhena Norris,Home Office,Australia,Asia Pacific,Oceania,OFF-LA-3323,Office Supplies,Labels,"Avery Shipping Labels, Laser Printer Compatible",42.66,4,0.1,17.46
IN-2015-KF162857-42115,2015-04-21 00:00:00,KF-162857,Karen Ferguson,Home Office,Australia,Asia Pacific,Oceania,FUR-CH-5436,Furniture,Chairs,"Office Star Bag Chairs, Set of Two",155.763,3,0.1,62.253
CA-2015-DB13360140-42105,2015-04-11 00:00:00,DB-133601406,Dennis Bolton,Home Office,United States,USCA,Eastern US,OFF-ST-5671,Office Supplies,Storage,Recycled Steel Personal File for Hanging File Folders,286.15,5,0,71.5375
MX-2015-CM1183082-42105,2015-04-11 00:00:00,CM-1183082,Cari MacIntyre,Corporate,Mexico,LATAM,Central America,TEC-PH-3785,Technology,Phones,"Cisco Audio Dock, Full Size",244.48000000000002,2,0,75.76
CA-2015-DB13360140-42105,2015-04-11 00:00:00,DB-133601406,Dennis Bolton,Home Office,United States,USCA,Eastern US,TEC-AC-5111,Technology,Accessories,Logitech G700s Rechargeable Gaming Mouse,99.99,1,0,41.9958
MX-2015-RD1966082-42097,2015-04-03 00:00:00,RD-1966082,Robert Dilbeck,Home Office,Mexico,LATAM,Central America,OFF-BI-4818,Office Supplies,Binders,"Ibico Binding Machine, Recycled",69.03999999999999,2,0,22.76
ES-2015-KW1643548-42101,2015-04-07 00:00:00,KW-1643548,Katrina Willman,Consumer,Germany,Europe,Western Europe,TEC-PH-5249,Technology,Phones,"Motorola Audio Dock, with Caller ID",346.74,2,0,135.18
SG-2015-JW5220111-42108,2015-04-14 00:00:00,JW-5220111,Jane Waco,Corporate,Senegal,Africa,Western Africa,OFF-SU-4326,Office Supplies,Supplies,"Fiskars Trimmer, High Speed",169.20000000000002,4,0,25.32
RO-2015-CV2805107-42112,2015-04-18 00:00:00,CV-2805107,Cynthia Voltz,Corporate,Romania,Europe,Eastern Europe,OFF-BI-6385,Office Supplies,Binders,"Wilson Jones Binding Machine, Recycled",295.9200000000001,6,0,32.400000000000006
ES-2015-TS21160120-42124,2015-04-30 00:00:00,TS-21160120,Theresa Swint,Corporate,Spain,Europe,Southern Europe,OFF-PA-4168,Office Supplies,Paper,"Enermax Message Books, Multicolor",119.55,5,0,5.85
ES-2015-CS11845124-42113,2015-04-19 00:00:00,CS-11845124,Cari Sayre,Corporate,Sweden,Europe,Northern Europe,FUR-BO-3634,Furniture,Bookcases,"Bush Floating Shelf Set, Metal",170.73,2,0.5,-140.01
CA-2015-DO13435140-42095,2015-04-01 00:00:00,DO-134351406,Denny Ordway,Consumer,United States,USCA,Eastern US,TEC-PH-6093,Technology,Phones,Spigen Samsung Galaxy S5 Case Wallet,84.94999999999999,5,0,22.086999999999996
ES-2015-CM1216045-42102,2015-04-08 00:00:00,CM-1216045,Charles McCrossin,Consumer,France,Europe,Western Europe,FUR-FU-3956,Furniture,Furnishings,"Deflect-O Stacking Tray, Durable",126.44999999999999,5,0,6.3
IN-2015-AH1007527-42102,2015-04-08 00:00:00,AH-1007527,Adam Hart,Corporate,China,Asia Pacific,Eastern Asia,FUR-FU-4041,Furniture,Furnishings,"Eldon Door Stop, Duo Pack",150.66000000000003,3,0,54.17999999999999
CT-2015-JE616524-42106,2015-04-12 00:00:00,JE-616524,Justin Ellison,Corporate,Central African Republic,Africa,Central Africa,TEC-PH-5246,Technology,Phones,"Motorola Audio Dock, Cordless",176.22,1,0,45.81
ES-2015-LA1678048-42124,2015-04-30 00:00:00,LA-1678048,Laura Armstrong,Corporate,Germany,Europe,Western Europe,OFF-BI-3726,Office Supplies,Binders,"Cardinal Binding Machine, Economy",398.1600000000001,8,0,111.35999999999999
IN-2015-PS189707-42115,2015-04-21 00:00:00,PS-189707,Paul Stevenson,Home Office,Australia,Asia Pacific,Oceania,FUR-FU-4103,Furniture,Furnishings,"Eldon Stacking Tray, Durable",51.354000000000006,2,0.1,9.654
ES-2015-RW1963048-42118,2015-04-24 00:00:00,RW-1963048,Rob Williams,Corporate,Germany,Europe,Western Europe,OFF-ST-4057,Office Supplies,Storage,"Eldon File Cart, Single Width",230.256,2,0.1,20.435999999999993
NI-2015-RA928595-42115,2015-04-21 00:00:00,RA-928595,Ralph Arnett,Consumer,Nigeria,Africa,Western Africa,TEC-PH-5357,Technology,Phones,"Nokia Speaker Phone, Cordless",151.20000000000002,4,0.7,-136.07999999999998
ES-2015-GR1456045-42112,2015-04-18 00:00:00,GR-1456045,Georgia Rosenberg,Corporate,France,Europe,Western Europe,OFF-ST-6068,Office Supplies,Storage,"Smead Trays, Wire Frame",128.385,3,0.1,4.274999999999999
US-2015-DW13585140-42109,2015-04-15 00:00:00,DW-135851408,Dorothy Wardle,Corporate,United States,USCA,Southern US,FUR-BO-5956,Furniture,Bookcases,Sauder Cornerstone Collection Library,198.27200000000002,8,0.2,-32.21920000000002
ES-2015-TA2138548-42096,2015-04-02 00:00:00,TA-2138548,Tom Ashbrook,Home Office,Germany,Europe,Western Europe,TEC-PH-3150,Technology,Phones,"Apple Speaker Phone, Cordless",252.3,2,0,55.5
ID-2015-BD116057-42103,2015-04-09 00:00:00,BD-116057,Brian Dahlen,Consumer,Australia,Asia Pacific,Oceania,FUR-FU-6238,Furniture,Furnishings,"Tenex Clock, Durable",170.208,4,0.1,60.408
MX-2015-OT1873082-42105,2015-04-11 00:00:00,OT-1873082,Olvera Toch,Consumer,Mexico,LATAM,Central America,OFF-BI-2902,Office Supplies,Binders,"Acco Binding Machine, Recycled",68.6,2,0,26.72
MX-2015-EK1379582-42122,2015-04-28 00:00:00,EK-1379582,Eileen Kiefer,Home Office,Mexico,LATAM,Central America,FUR-BO-5966,Furniture,Bookcases,"Sauder Library with Doors, Metal",412.896,2,0.2,20.616000000000007
MX-2015-RF1984082-42124,2015-04-30 00:00:00,RF-1984082,Roy Französisch,Consumer,Mexico,LATAM,Central America,TEC-CO-4574,Technology,Copiers,"Hewlett Fax and Copier, Laser",128.32284,1,0.002,22.88284
IN-2015-PN187757-42103,2015-04-09 00:00:00,PN-187757,Parhena Norris,Home Office,Australia,Asia Pacific,Oceania,OFF-PA-3986,Office Supplies,Paper,"Eaton Cards & Envelopes, 8.5 x 11",44.388000000000005,1,0.1,3.918
CG-2015-DR288033-42104,2015-04-10 00:00:00,DR-288033,Dan Reichenbach,Corporate,Democratic Republic of the Congo,Africa,Central Africa,TEC-PH-5815,Technology,Phones,"Samsung Audio Dock, with Caller ID",166.82999999999998,1,0,4.9799999999999995
IN-2015-JM15655144-42123,2015-04-29 00:00:00,JM-15655144,Jim Mitchum,Corporate,Vietnam,Asia Pacific,Southeastern Asia,TEC-MA-4207,Technology,Machines,"Epson Printer, White",433.30980000000005,2,0.17,-10.45020000000001
ES-2015-SC20050120-42103,2015-04-09 00:00:00,SC-20050120,Sample Company A,Home Office,Spain,Europe,Southern Europe,TEC-CO-4767,Technology,Copiers,"HP Copy Machine, Laser",243.32999999999998,1,0,121.64999999999999
MX-2015-AG1076555-42115,2015-04-21 00:00:00,AG-1076555,Anthony Garverick,Home Office,Honduras,LATAM,Central America,OFF-PA-3995,Office Supplies,Paper,"Eaton Memo Slips, Multicolor",54.54,9,0.4,-27.360000000000003
US-2015-DM1295536-42104,2015-04-10 00:00:00,DM-1295536,Dario Medina,Corporate,Dominican Republic,LATAM,Caribbean,FUR-BO-3635,Furniture,Bookcases,"Bush Floating Shelf Set, Mobile",139.03199999999998,2,0.4,-32.448
CA-2015-EB13750140-42111,2015-04-17 00:00:00,EB-137501408,Edward Becker,Corporate,United States,USCA,Southern US,OFF-SU-3839,Office Supplies,Supplies,Compact Automatic Electric Letter Opener,477.24,4,0,9.54480000000001
US-2015-RM197505-42122,2015-04-28 00:00:00,RM-197505,Roland Murray,Consumer,Argentina,LATAM,South America,TEC-MA-6152,Technology,Machines,"StarTech Receipt Printer, Red",215.46000000000004,5,0.4,-71.84000000000006
IT-2015-TC2129548-42115,2015-04-21 00:00:00,TC-2129548,Toby Carlisle,Consumer,Germany,Europe,Western Europe,OFF-ST-6282,Office Supplies,Storage,"Tenex Trays, Industrial",147.66299999999995,3,0.1,-0.02699999999999747
CA-2015-EB13750140-42111,2015-04-17 00:00:00,EB-137501408,Edward Becker,Corporate,United States,USCA,Southern US,TEC-AC-5898,Technology,Accessories,SanDisk Ultra 16 GB MicroSDHC Class 10 Memory Card,25.98,2,0,1.558799999999998
ES-2015-DC1285045-42111,2015-04-17 00:00:00,DC-1285045,Dan Campbell,Consumer,France,Europe,Western Europe,TEC-AC-5121,Technology,Accessories,"Logitech Memory Card, Bluetooth",206.76,2,0,28.92
NI-2015-JM526595-42112,2015-04-18 00:00:00,JM-526595,Janet Molinari,Corporate,Nigeria,Africa,Western Africa,OFF-AP-4719,Office Supplies,Appliances,"Hoover Blender, Black",114.37200000000001,4,0.7,-133.548
ES-2015-GH14410139-42110,2015-04-16 00:00:00,GH-14410139,Gary Hansen,Home Office,United Kingdom,Europe,Northern Europe,TEC-MA-6142,Technology,Machines,"StarTech Inkjet, Wireless",301.77000000000004,1,0,9.03
IT-2015-HF14995120-42115,2015-04-21 00:00:00,HF-14995120,Herbert Flentye,Consumer,Spain,Europe,Southern Europe,TEC-MA-6135,Technology,Machines,"StarTech Calculator, Wireless",143.856,4,0.1,-6.504000000000001
SA-2015-JJ5760110-42101,2015-04-07 00:00:00,JJ-5760110,Joel Jenkins,Home Office,Saudi Arabia,Asia Pacific,Western Asia,FUR-BO-3648,Furniture,Bookcases,"Bush Stackable Bookrack, Traditional",122.96999999999998,1,0,30.72
ES-2015-IM1505545-42098,2015-04-04 00:00:00,IM-1505545,Ionia McGrath,Consumer,France,Europe,Western Europe,OFF-PA-4464,Office Supplies,Paper,"Green Bar Cards & Envelopes, Recycled",96.60000000000001,2,0,10.620000000000001
NI-2015-SN1071095-42117,2015-04-23 00:00:00,SN-1071095,Steve Nguyen,Home Office,Nigeria,Africa,Western Africa,OFF-AR-3499,Office Supplies,Art,"Binney & Smith Sketch Pad, Blue",55.58400000000001,4,0.7,-81.576
IN-2015-CJ118757-42116,2015-04-22 00:00:00,CJ-118757,Carl Jackson,Corporate,Australia,Asia Pacific,Oceania,OFF-SU-6177,Office Supplies,Supplies,"Stiletto Shears, High Speed",86.56200000000001,2,0.1,26.921999999999997
ES-2015-ER138558-42097,2015-04-03 00:00:00,ER-138558,Elpida Rittenbach,Corporate,Austria,Europe,Western Europe,OFF-ST-4296,Office Supplies,Storage,"Fellowes Trays, Wire Frame",112.92,2,0,28.200000000000003
CM-2015-LH715522-42120,2015-04-26 00:00:00,LH-715522,Logan Haushalter,Consumer,Cameroon,Africa,Central Africa,FUR-CH-5793,Furniture,Chairs,"SAFCO Rocking Chair, Adjustable",137.4,1,0,49.44
RO-2015-EM4095107-42103,2015-04-09 00:00:00,EM-4095107,Eudokia Martin,Corporate,Romania,Europe,Eastern Europe,OFF-SU-2977,Office Supplies,Supplies,"Acme Letter Opener, Easy Grip",63.66,2,0,17.82
MX-2015-PM1913516-42116,2015-04-22 00:00:00,PM-1913516,Peter McVee,Home Office,Bolivia,LATAM,South America,TEC-PH-3802,Technology,Phones,"Cisco Signal Booster, VoIP",708.9599999999999,7,0,92.11999999999999
TU-2015-AY555134-42110,2015-04-16 00:00:00,AY-555134,Andy Yotov,Corporate,Turkey,Asia Pacific,Western Asia,OFF-AR-3471,Office Supplies,Art,"BIC Sketch Pad, Water Color",41.47200000000001,2,0.6,-46.668
ES-2015-AB10105120-42119,2015-04-25 00:00:00,AB-10105120,Adrian Barton,Consumer,Spain,Europe,Southern Europe,OFF-SU-4135,Office Supplies,Supplies,"Elite Trimmer, Easy Grip",129.87,3,0,61.019999999999996
CA-2015-EG13900140-42095,2015-04-01 00:00:00,EG-139001402,Emily Grady,Consumer,United States,USCA,Central US,OFF-BI-6018,Office Supplies,Binders,"SlimView Poly Binder, 3/8""",13.467999999999998,13,0.8,-22.895600000000005
TU-2015-AY555134-42110,2015-04-16 00:00:00,AY-555134,Andy Yotov,Corporate,Turkey,Asia Pacific,Western Asia,OFF-AR-3490,Office Supplies,Art,"Binney & Smith Markers, Fluorescent",40.56,4,0.6,-33.47999999999999
IN-2015-PR188807-42123,2015-04-29 00:00:00,PR-188807,Patrick Ryan,Consumer,Australia,Asia Pacific,Oceania,OFF-PA-4469,Office Supplies,Paper,"Green Bar Computer Printout Paper, Recycled",80.10900000000001,3,0.1,15.938999999999995
IN-2015-PR188807-42123,2015-04-29 00:00:00,PR-188807,Patrick Ryan,Consumer,Australia,Asia Pacific,Oceania,OFF-BI-4804,Office Supplies,Binders,"Ibico 3-Hole Punch, Durable",86.26500000000001,3,0.1,13.364999999999998
US-2015-MW182205-42095,2015-04-01 00:00:00,MW-182205,Mitch Webber,Consumer,Argentina,LATAM,South America,OFF-BI-4816,Office Supplies,Binders,"Ibico Binding Machine, Durable",63.504000000000005,6,0.7,-146.13599999999997
MX-2015-RR1952582-42122,2015-04-28 00:00:00,RR-1952582,Rick Reed,Corporate,Mexico,LATAM,Central America,OFF-EN-3672,Office Supplies,Envelopes,"Cameo Manila Envelope, with clear poly window",183.23999999999998,9,0,18.18
IN-2015-RB1936027-42116,2015-04-22 00:00:00,RB-1936027,Raymond Buch,Consumer,China,Asia Pacific,Eastern Asia,OFF-PA-5885,Office Supplies,Paper,"SanDisk Note Cards, Multicolor",67.92,2,0,14.940000000000001
ES-2015-CC1237045-42119,2015-04-25 00:00:00,CC-1237045,Christopher Conant,Consumer,France,Europe,Western Europe,OFF-PA-4161,Office Supplies,Paper,"Enermax Memo Slips, Premium",62.64000000000001,4,0,1.2000000000000002
IN-2015-RS1976511-42098,2015-04-04 00:00:00,RS-1976511,Roland Schwarz,Corporate,Bangladesh,Asia Pacific,Southern Asia,OFF-SU-4131,Office Supplies,Supplies,"Elite Shears, Easy Grip",194.52,4,0,23.28
CG-2015-AT43533-42112,2015-04-18 00:00:00,AT-43533,Alyssa Tate,Home Office,Democratic Republic of the Congo,Africa,Central Africa,OFF-AR-6123,Office Supplies,Art,"Stanley Pens, Fluorescent",90.48000000000002,8,0,7.92
ES-2015-BP1109545-42107,2015-04-13 00:00:00,BP-1109545,Bart Pistole,Corporate,France,Europe,Western Europe,FUR-CH-4633,Furniture,Chairs,"Hon Chairmat, Set of Two",156.006,3,0.1,20.736000000000004
KZ-2015-RL961568-42102,2015-04-08 00:00:00,RL-961568,Rob Lucas,Consumer,Kazakhstan,Asia Pacific,Central Asia,FUR-FU-6238,Furniture,Furnishings,"Tenex Clock, Durable",85.10400000000001,6,0.7,-73.83599999999997
SA-2015-JJ5760110-42101,2015-04-07 00:00:00,JJ-5760110,Joel Jenkins,Home Office,Saudi Arabia,Asia Pacific,Western Asia,OFF-EN-4453,Office Supplies,Envelopes,"GlobeWeis Peel and Seal, Set of 50",128.34,6,0,0
IN-2015-SS2059058-42115,2015-04-21 00:00:00,SS-2059058,Sonia Sunley,Consumer,India,Asia Pacific,Southern Asia,FUR-BO-4865,Furniture,Bookcases,"Ikea Stackable Bookrack, Mobile",500.40000000000003,4,0,245.16
US-2015-BS1138098-42097,2015-04-03 00:00:00,BS-1138098,Bill Stewart,Corporate,Panama,LATAM,Central America,OFF-EN-3101,Office Supplies,Envelopes,"Ames Mailers, Security-Tint",76.5,5,0.4,-5.1
ES-2015-AF1088545-42103,2015-04-09 00:00:00,AF-1088545,Art Foster,Consumer,France,Europe,Western Europe,OFF-LA-3261,Office Supplies,Labels,"Avery Color Coded Labels, Adjustable",33.56999999999999,3,0,3.96
IT-2015-JK1609048-42097,2015-04-03 00:00:00,JK-1609048,Juliana Krohn,Consumer,Germany,Europe,Western Europe,OFF-ST-6033,Office Supplies,Storage,"Smead File Cart, Single Width",115.992,1,0.1,-3.888
IN-2015-CA1231058-42096,2015-04-02 00:00:00,CA-1231058,Christine Abelman,Corporate,India,Asia Pacific,Southern Asia,OFF-AR-6114,Office Supplies,Art,"Stanley Markers, Blue",66.6,3,0,31.949999999999996
MX-2015-IM1507051-42104,2015-04-10 00:00:00,IM-1507051,Irene Maddox,Consumer,Guatemala,LATAM,Central America,OFF-PA-4183,Office Supplies,Paper,"Enermax Parchment Paper, Premium",41.04,4,0,16.4
IN-2015-DR1288078-42102,2015-04-08 00:00:00,DR-1288078,Dan Reichenbach,Corporate,Malaysia,Asia Pacific,Southeastern Asia,OFF-ST-6058,Office Supplies,Storage,"Smead Shelving, Industrial",148.23,3,0,14.76
IN-2015-PC1900058-42117,2015-04-23 00:00:00,PC-1900058,Pauline Chand,Home Office,India,Asia Pacific,Southern Asia,OFF-FA-6186,Office Supplies,Fasteners,"Stockwell Clamps, Bulk Pack",75.36,4,0,25.56
ID-2015-SV20935102-42118,2015-04-24 00:00:00,SV-20935102,Susan Vittorini,Consumer,Philippines,Asia Pacific,Southeastern Asia,OFF-ST-6261,Office Supplies,Storage,"Tenex Lockers, Blue",224.565,2,0.45,-77.59499999999997
ID-2015-QJ19255130-42118,2015-04-24 00:00:00,QJ-19255130,Quincy Jones,Corporate,Thailand,Asia Pacific,Southeastern Asia,TEC-AC-5867,Technology,Accessories,"SanDisk Keyboard, USB",129.88710000000003,3,0.47000000000000003,-46.60290000000002
MX-2015-SF2096528-42113,2015-04-19 00:00:00,SF-2096528,Sylvia Foulston,Corporate,Colombia,LATAM,South America,OFF-ST-6040,Office Supplies,Storage,"Smead Folders, Single Width",70.08,6,0,32.879999999999995
IR-2015-CA205560-42111,2015-04-17 00:00:00,CA-205560,Cathy Armstrong,Home Office,Iran,Asia Pacific,Southern Asia,OFF-BI-3255,Office Supplies,Binders,"Avery Binding Machine, Clear",193.20000000000002,4,0,23.16
ES-2015-CM1216045-42102,2015-04-08 00:00:00,CM-1216045,Charles McCrossin,Consumer,France,Europe,Western Europe,FUR-FU-3026,Furniture,Furnishings,"Advantus Clock, Erganomic",100.02000000000001,2,0,0.96
US-2015-BS1138098-42097,2015-04-03 00:00:00,BS-1138098,Bill Stewart,Corporate,Panama,LATAM,Central America,OFF-BI-3258,Office Supplies,Binders,"Avery Binding Machine, Recycled",78.72000000000001,4,0.4,-23.680000000000007
ES-2015-NC1841548-42107,2015-04-13 00:00:00,NC-1841548,Nathan Cano,Consumer,Germany,Europe,Western Europe,OFF-BI-4811,Office Supplies,Binders,"Ibico Binder, Clear",29.879999999999995,2,0,2.64
MX-2015-IM1507051-42104,2015-04-10 00:00:00,IM-1507051,Irene Maddox,Consumer,Guatemala,LATAM,Central America,OFF-ST-6060,Office Supplies,Storage,"Smead Shelving, Wire Frame",160,5,0,8
IN-2015-PS189707-42115,2015-04-21 00:00:00,PS-189707,Paul Stevenson,Home Office,Australia,Asia Pacific,Oceania,OFF-BI-3714,Office Supplies,Binders,"Cardinal 3-Hole Punch, Economy",51.839999999999996,2,0.1,2.880000000000001
IN-2015-GM146807-42112,2015-04-18 00:00:00,GM-146807,Greg Matthias,Consumer,Australia,Asia Pacific,Oceania,OFF-LA-3271,Office Supplies,Labels,"Avery File Folder Labels, 5000 Label Set",57.06,6,0,2.6999999999999997
IN-2015-JD1589588-42124,2015-04-30 00:00:00,JD-1589588,Jonathan Doherty,Corporate,Myanmar (Burma),Asia Pacific,Southeastern Asia,OFF-FA-6208,Office Supplies,Fasteners,"Stockwell Thumb Tacks, Metal",55.028999999999996,5,0.17,3.8790000000000013
US-2015-FM14215140-42124,2015-04-30 00:00:00,FM-142151406,Filia McAdams,Corporate,United States,USCA,Eastern US,FUR-TA-5792,Furniture,Tables,"SAFCO PlanMaster Heigh-Adjustable Drafting Table Base, 43w x 30d x 30-37h, Black",1048.35,5,0.4,-69.88999999999999
MX-2015-AB1006036-42123,2015-04-29 00:00:00,AB-1006036,Adam Bellavance,Home Office,Dominican Republic,LATAM,Caribbean,FUR-CH-4700,Furniture,Chairs,"Hon Steel Folding Chair, Set of Two",89.248,2,0.2,6.688
EG-2015-PT909038-42119,2015-04-25 00:00:00,PT-909038,Pete Takahito,Consumer,Egypt,Africa,North Africa,OFF-AR-6115,Office Supplies,Art,"Stanley Markers, Easy-Erase",134.82,6,0,0
UP-2015-BM1140137-42119,2015-04-25 00:00:00,BM-1140137,Becky Martin,Consumer,Ukraine,Europe,Eastern Europe,OFF-AR-6107,Office Supplies,Art,"Stanley Canvas, Fluorescent",50.730000000000004,1,0,16.23
ID-2015-NP18685144-42105,2015-04-11 00:00:00,NP-18685144,Nora Pelletier,Home Office,Vietnam,Asia Pacific,Southeastern Asia,FUR-CH-4627,Furniture,Chairs,"Hon Bag Chairs, Black",62.371199999999995,2,0.27,-22.2288
MX-2015-MC1742539-42104,2015-04-10 00:00:00,MC-1742539,Mark Cousins,Corporate,El Salvador,LATAM,Central America,TEC-PH-5346,Technology,Phones,"Nokia Office Telephone, Cordless",135.95999999999998,3,0,10.860000000000001
ES-2015-MB173058-42113,2015-04-19 00:00:00,MB-173058,Maria Bertelson,Consumer,Austria,Europe,Western Europe,TEC-AC-5867,Technology,Accessories,"SanDisk Keyboard, USB",81.69000000000001,1,0,6.51
IR-2015-MG768060-42109,2015-04-15 00:00:00,MG-768060,Maureen Gastineau,Home Office,Iran,Asia Pacific,Southern Asia,OFF-SU-4325,Office Supplies,Supplies,"Fiskars Trimmer, Easy Grip",87.84,2,0,32.46
ID-2015-SG2060592-42117,2015-04-23 00:00:00,SG-2060592,Speros Goranitis,Consumer,New Zealand,Asia Pacific,Oceania,TEC-PH-3799,Technology,Phones,"Cisco Office Telephone, with Caller ID",96.552,2,0.4,-25.78800000000001
CM-2015-MH762022-42124,2015-04-30 00:00:00,MH-762022,Matt Hagelstein,Corporate,Cameroon,Africa,Central Africa,OFF-PA-6605,Office Supplies,Paper,"Xerox Computer Printout Paper, 8.5 x 11",60.96,2,0,5.46
PL-2015-CC2220103-42115,2015-04-21 00:00:00,CC-2220103,Chris Cortes,Consumer,Poland,Europe,Eastern Europe,TEC-AC-5864,Technology,Accessories,"SanDisk Keyboard, Bluetooth",162.96000000000004,2,0,47.22
IT-2015-MP1796591-42097,2015-04-03 00:00:00,MP-1796591,Michael Paige,Corporate,Netherlands,Europe,Western Europe,FUR-BO-5745,Furniture,Bookcases,"Safco 3-Shelf Cabinet, Metal",168.3,2,0.5,-50.52000000000001
PL-2015-CC2220103-42115,2015-04-21 00:00:00,CC-2220103,Chris Cortes,Consumer,Poland,Europe,Eastern Europe,TEC-PH-5812,Technology,Phones,"Samsung Audio Dock, Cordless",169.68,1,0,30.54
ID-2015-BT11485102-42101,2015-04-07 00:00:00,BT-11485102,Brad Thomas,Home Office,Philippines,Asia Pacific,Southeastern Asia,FUR-CH-4632,Furniture,Chairs,"Hon Chairmat, Red",208.2375,5,0.25,-0.11249999999999716
ES-2015-DR12940139-42104,2015-04-10 00:00:00,DR-12940139,Daniel Raglin,Home Office,United Kingdom,Europe,Northern Europe,OFF-AR-3488,Office Supplies,Art,"Binney & Smith Markers, Blue",65.04299999999999,3,0.1,6.453000000000002
MX-2015-NF1847582-42103,2015-04-09 00:00:00,NF-1847582,Neil Französisch,Home Office,Mexico,LATAM,Central America,OFF-AR-6127,Office Supplies,Art,"Stanley Sketch Pad, Fluorescent",121.84,4,0,47.43999999999999
IR-2015-CA205560-42111,2015-04-17 00:00:00,CA-205560,Cathy Armstrong,Home Office,Iran,Asia Pacific,Southern Asia,TEC-AC-4165,Technology,Accessories,"Enermax Memory Card, Programmable",115.88999999999999,1,0,21.990000000000002
ES-2015-KB1640545-42122,2015-04-28 00:00:00,KB-1640545,Katrina Bavinger,Home Office,France,Europe,Western Europe,OFF-BI-3249,Office Supplies,Binders,"Avery Binder Covers, Recycled",137.16,12,0,49.32000000000001
ES-2015-AF1088545-42103,2015-04-09 00:00:00,AF-1088545,Art Foster,Consumer,France,Europe,Western Europe,OFF-LA-6051,Office Supplies,Labels,"Smead Removable Labels, Adjustable",25.199999999999996,3,0,0.18
US-2015-DL12925143-42118,2015-04-24 00:00:00,DL-12925143,Daniel Lacy,Consumer,Venezuela,LATAM,South America,FUR-FU-3931,Furniture,Furnishings,"Deflect-O Clock, Erganomic",78.288,4,0.4,9.088
ID-2015-JL1517559-42101,2015-04-07 00:00:00,JL-1517559,James Lanier,Home Office,Indonesia,Asia Pacific,Southeastern Asia,OFF-AR-3499,Office Supplies,Art,"Binney & Smith Sketch Pad, Blue",101.4408,3,0.27,-23.659200000000006
MX-2015-DK1298565-42096,2015-04-02 00:00:00,DK-1298565,Darren Koutras,Consumer,Jamaica,LATAM,Caribbean,OFF-PA-4004,Office Supplies,Paper,"Eaton Note Cards, Premium",70.87999999999998,4,0,29.04
ZA-2015-RP9390146-42099,2015-04-05 00:00:00,RP-9390146,Resi Pölking,Consumer,Zambia,Africa,Eastern Africa,OFF-PA-3988,Office Supplies,Paper,"Eaton Cards & Envelopes, Premium",90.36,2,0,27.06
IN-2015-CA123107-42104,2015-04-10 00:00:00,CA-123107,Christine Abelman,Corporate,Australia,Asia Pacific,Oceania,OFF-EN-4919,Office Supplies,Envelopes,"Jiffy Manila Envelope, Security-Tint",51.138,2,0.1,5.658
CA-2015-GM14440140-42117,2015-04-23 00:00:00,GM-144401404,Gary McGarr,Consumer,United States,USCA,Western US,FUR-FU-4100,Furniture,Furnishings,"Eldon Stackable Tray, Side-Load, Legal, Smoke",18.28,2,0,6.215199999999999
ID-2015-BD116057-42103,2015-04-09 00:00:00,BD-116057,Brian Dahlen,Consumer,Australia,Asia Pacific,Oceania,FUR-FU-3029,Furniture,Furnishings,"Advantus Door Stop, Durable",75.70800000000001,2,0.1,23.508000000000003
ID-2015-NP18685144-42105,2015-04-11 00:00:00,NP-18685144,Nora Pelletier,Home Office,Vietnam,Asia Pacific,Southeastern Asia,FUR-CH-5773,Furniture,Chairs,"SAFCO Executive Leather Armchair, Adjustable",338.66159999999996,1,0.27,-92.79839999999999
IR-2015-NS864060-42106,2015-04-12 00:00:00,NS-864060,Noel Staavos,Corporate,Iran,Asia Pacific,Southern Asia,TEC-MA-5516,Technology,Machines,"Okidata Receipt Printer, White",121.32000000000002,1,0,7.26
IN-2015-PN187757-42103,2015-04-09 00:00:00,PN-187757,Parhena Norris,Home Office,Australia,Asia Pacific,Oceania,OFF-LA-4543,Office Supplies,Labels,"Harbour Creations Removable Labels, Laser Printer Compatible",54.918000000000006,6,0.1,13.338000000000001
CA-2015-GB14530140-42096,2015-04-02 00:00:00,GB-145301408,George Bell,Corporate,United States,USCA,Southern US,FUR-FU-3937,Furniture,Furnishings,"Deflect-o DuraMat Lighweight, Studded, Beveled Mat for Low Pile Carpeting",127.94999999999999,3,0,21.751499999999986
ES-2015-MD17860120-42108,2015-04-14 00:00:00,MD-17860120,Michael Dominguez,Corporate,Spain,Europe,Southern Europe,OFF-PA-4177,Office Supplies,Paper,"Enermax Note Cards, Premium",114,4,0,11.399999999999999
ID-2015-MP18175118-42116,2015-04-22 00:00:00,MP-18175118,Mike Pelletier,Home Office,South Korea,Asia Pacific,Eastern Asia,OFF-ST-5695,Office Supplies,Storage,"Rogers Folders, Industrial",109.09499999999998,7,0.5,-102.58499999999998
CA-2015-GG14650140-42118,2015-04-24 00:00:00,GG-146501406,Greg Guthrie,Corporate,United States,USCA,Eastern US,OFF-PA-6505,Office Supplies,Paper,Xerox 195,5.344,1,0.2,1.8703999999999998
CG-2015-RM937533-42096,2015-04-02 00:00:00,RM-937533,Raymond Messe,Consumer,Democratic Republic of the Congo,Africa,Central Africa,OFF-EN-3667,Office Supplies,Envelopes,"Cameo Mailers, Set of 50",38.160000000000004,1,0,17.91
CA-2015-GG14650140-42118,2015-04-24 00:00:00,GG-146501406,Greg Guthrie,Corporate,United States,USCA,Eastern US,OFF-BI-6629,Office Supplies,Binders,XtraLife ClearVue Slant-D Ring Binders by Cardinal,11.760000000000002,5,0.7,-7.839999999999996
IN-2015-GM146807-42112,2015-04-18 00:00:00,GM-146807,Greg Matthias,Consumer,Australia,Asia Pacific,Oceania,OFF-LA-4543,Office Supplies,Labels,"Harbour Creations Removable Labels, Laser Printer Compatible",40.68,4,0,12.96
MX-2015-MC1759093-42104,2015-04-10 00:00:00,MC-1759093,Matt Collister,Corporate,Nicaragua,LATAM,Central America,FUR-CH-4632,Furniture,Chairs,"Hon Chairmat, Red",111.06000000000002,3,0,24.42
US-2015-AM1036055-42102,2015-04-08 00:00:00,AM-1036055,Alice McCarthy,Corporate,Honduras,LATAM,Central America,FUR-CH-5751,Furniture,Chairs,"SAFCO Bag Chairs, Black",112.824,6,0.4,-50.856
PL-2015-CS2175103-42114,2015-04-20 00:00:00,CS-2175103,Charles Sheldon,Corporate,Poland,Europe,Eastern Europe,TEC-PH-5266,Technology,Phones,"Motorola Signal Booster, with Caller ID",143.13,1,0,57.239999999999995
MX-2015-LP1708018-42110,2015-04-16 00:00:00,LP-1708018,Liz Pelletier,Consumer,Brazil,LATAM,South America,OFF-BI-3713,Office Supplies,Binders,"Cardinal 3-Hole Punch, Durable",121.2,6,0,27.839999999999996
ES-2015-MP17470120-42101,2015-04-07 00:00:00,MP-17470120,Mark Packer,Home Office,Spain,Europe,Southern Europe,OFF-EN-5042,Office Supplies,Envelopes,"Kraft Peel and Seal, Security-Tint",68.67,3,0,10.98
IN-2015-PR188807-42123,2015-04-29 00:00:00,PR-188807,Patrick Ryan,Consumer,Australia,Asia Pacific,Oceania,FUR-CH-4519,Furniture,Chairs,"Harbour Creations Bag Chairs, Black",106.542,2,0.1,46.122
EG-2015-PT909038-42119,2015-04-25 00:00:00,PT-909038,Pete Takahito,Consumer,Egypt,Africa,North Africa,FUR-BO-5799,Furniture,Bookcases,"Safco Stackable Bookrack, Traditional",148.44,1,0,23.73
ES-2015-MD17860120-42108,2015-04-14 00:00:00,MD-17860120,Michael Dominguez,Corporate,Spain,Europe,Southern Europe,OFF-EN-3655,Office Supplies,Envelopes,"Cameo Business Envelopes, Security-Tint",118.65000000000002,7,0,42.629999999999995
MX-2015-MB1808582-42102,2015-04-08 00:00:00,MB-1808582,Mick Brown,Consumer,Mexico,LATAM,Central America,OFF-PA-5852,Office Supplies,Paper,"SanDisk Computer Printout Paper, Multicolor",83.2,4,0,6.640000000000001
MX-2015-MC1742539-42104,2015-04-10 00:00:00,MC-1742539,Mark Cousins,Corporate,El Salvador,LATAM,Central America,TEC-AC-4156,Technology,Accessories,"Enermax Keyboard, Erganomic",270.9,5,0,27
CA-2015-HR14770140-42102,2015-04-08 00:00:00,HR-147701408,Hallie Redmond,Home Office,United States,USCA,Southern US,TEC-PH-3161,Technology,Phones,AT&T 1080 Corded phone,219.18400000000003,2,0.2,19.178600000000003
CA-2015-HR14770140-42102,2015-04-08 00:00:00,HR-147701408,Hallie Redmond,Home Office,United States,USCA,Southern US,OFF-AR-2875,Office Supplies,Art,50 Colored Long Pencils,16.256,2,0.2,1.2192000000000007
ES-2015-DN13690120-42097,2015-04-03 00:00:00,DN-13690120,Duane Noonan,Consumer,Spain,Europe,Southern Europe,FUR-FU-3050,Furniture,Furnishings,"Advantus Photo Frame, Erganomic",258,5,0,123.75
SF-2015-GB4575117-42117,2015-04-23 00:00:00,GB-4575117,Giulietta Baptist,Consumer,South Africa,Africa,Southern Africa,TEC-PH-5254,Technology,Phones,"Motorola Headset, with Caller ID",79.74,1,0,26.31
ES-2015-CS1186048-42103,2015-04-09 00:00:00,CS-1186048,Cari Schnelling,Consumer,Germany,Europe,Western Europe,OFF-AP-3879,Office Supplies,Appliances,"Cuisinart Toaster, White",82.56000000000002,2,0.2,1.019999999999996
ES-2015-OT1873045-42104,2015-04-10 00:00:00,OT-1873045,Olvera Toch,Consumer,France,Europe,Western Europe,OFF-SU-2980,Office Supplies,Supplies,"Acme Letter Opener, Steel",88.83000000000001,3,0,36.36
ES-2015-BS1175545-42100,2015-04-06 00:00:00,BS-1175545,Bruce Stewart,Consumer,France,Europe,Western Europe,OFF-ST-4264,Office Supplies,Storage,"Fellowes Folders, Wire Frame",45.84599999999999,2,0.1,8.106000000000002
US-2015-MW182205-42095,2015-04-01 00:00:00,MW-182205,Mitch Webber,Consumer,Argentina,LATAM,South America,FUR-CH-5406,Furniture,Chairs,"Novimex Steel Folding Chair, Adjustable",67.77599999999998,2,0.4,-44.064
ID-2015-HA1492092-42096,2015-04-02 00:00:00,HA-1492092,Helen Andreada,Consumer,New Zealand,Asia Pacific,Oceania,TEC-AC-5127,Technology,Accessories,"Logitech Mouse, Erganomic",32.508,2,0.4,-21.132000000000005
CA-2015-HM14860140-42109,2015-04-15 00:00:00,HM-148601406,Harry Marie,Corporate,United States,USCA,Eastern US,FUR-FU-6299,Furniture,Furnishings,Tensor Computer Mounted Lamp,74.45,5,0,20.1015
ES-2015-KW1643548-42101,2015-04-07 00:00:00,KW-1643548,Katrina Willman,Consumer,Germany,Europe,Western Europe,OFF-AR-3478,Office Supplies,Art,"Binney & Smith Canvas, Water Color",218.16,4,0,104.64000000000001
IN-2015-LD1700558-42101,2015-04-07 00:00:00,LD-1700558,Lisa DeCherney,Consumer,India,Asia Pacific,Southern Asia,FUR-FU-3953,Furniture,Furnishings,"Deflect-O Photo Frame, Erganomic",101.03999999999999,2,0,43.44
US-2015-JC1538598-42102,2015-04-08 00:00:00,JC-1538598,Jenna Caffey,Consumer,Panama,LATAM,Central America,TEC-PH-3150,Technology,Phones,"Apple Speaker Phone, Cordless",151.38000000000002,3,0.4,-90.84000000000003
MX-2015-GZ1454536-42101,2015-04-07 00:00:00,GZ-1454536,George Zrebassa,Corporate,Dominican Republic,LATAM,Caribbean,OFF-ST-4284,Office Supplies,Storage,"Fellowes Shelving, Single Width",123.45599999999999,4,0.2,38.576
IN-2015-JF152957-42118,2015-04-24 00:00:00,JF-152957,Jason Fortune-,Consumer,Australia,Asia Pacific,Oceania,FUR-FU-3934,Furniture,Furnishings,"Deflect-O Door Stop, Durable",110.64600000000002,3,0.1,38.10599999999999
US-2015-HG14965140-42095,2015-04-01 00:00:00,HG-149651404,Henry Goldwyn,Corporate,United States,USCA,Western US,OFF-SU-2999,Office Supplies,Supplies,Acme Tagit Stainless Steel Antibacterial Scissors,29.700000000000003,3,0,8.019
CA-2015-HM14980140-42122,2015-04-28 00:00:00,HM-149801404,Henry MacAllister,Consumer,United States,USCA,Western US,FUR-FU-5159,Furniture,Furnishings,Luxo Economy Swing Arm Lamp,139.58,7,0,39.08240000000001
CA-2015-HM14980140-42106,2015-04-12 00:00:00,HM-149801408,Henry MacAllister,Consumer,United States,USCA,Southern US,OFF-AR-5299,Office Supplies,Art,Newell 321,20.992,8,0.2,2.3615999999999966
CA-2015-HM14980140-42106,2015-04-12 00:00:00,HM-149801408,Henry MacAllister,Consumer,United States,USCA,Southern US,OFF-AR-5586,Office Supplies,Art,Pencil and Crayon Sharpener,1.752,1,0.2,0.15329999999999994
ES-2015-SC2080048-42118,2015-04-24 00:00:00,SC-2080048,Stuart Calhoun,Consumer,Germany,Europe,Western Europe,OFF-ST-6057,Office Supplies,Storage,"Smead Shelving, Blue",78.288,2,0.2,9.767999999999997
MX-2015-TZ2158082-42102,2015-04-08 00:00:00,TZ-2158082,Tracy Zic,Consumer,Mexico,LATAM,Central America,OFF-AP-4749,Office Supplies,Appliances,"Hoover Toaster, White",109.04,2,0,14.16
IN-2015-BT115307-42108,2015-04-14 00:00:00,BT-115307,Bradley Talbott,Home Office,Australia,Asia Pacific,Oceania,TEC-PH-3135,Technology,Phones,"Apple Headset, with Caller ID",131.868,2,0.1,5.808000000000002
IT-2015-DV1304564-42122,2015-04-28 00:00:00,DV-1304564,Darrin Van Huff,Corporate,Italy,Europe,Southern Europe,OFF-SU-4134,Office Supplies,Supplies,"Elite Shears, Steel",139.23,3,0,65.42999999999999
IN-2015-TM2101058-42115,2015-04-21 00:00:00,TM-2101058,Tamara Manning,Consumer,India,Asia Pacific,Southern Asia,FUR-FU-4086,Furniture,Furnishings,"Eldon Photo Frame, Erganomic",113.46000000000001,2,0,28.32
RO-2015-ME7320107-42096,2015-04-02 00:00:00,ME-7320107,Maria Etezadi,Home Office,Romania,Europe,Eastern Europe,FUR-FU-3024,Furniture,Furnishings,"Advantus Clock, Duo Pack",102.9,2,0,12.299999999999999
CG-2015-DR288033-42104,2015-04-10 00:00:00,DR-288033,Dan Reichenbach,Corporate,Democratic Republic of the Congo,Africa,Central Africa,TEC-MA-5500,Technology,Machines,"Okidata Card Printer, Wireless",175.82999999999998,1,0,8.790000000000001
MX-2015-MK1790582-42109,2015-04-15 00:00:00,MK-1790582,Michael Kennedy,Corporate,Mexico,LATAM,Central America,OFF-BI-3725,Office Supplies,Binders,"Cardinal Binding Machine, Durable",102.54,3,0,13.320000000000002
MX-2015-BS1136518-42096,2015-04-02 00:00:00,BS-1136518,Bill Shonely,Corporate,Brazil,LATAM,South America,OFF-AR-3540,Office Supplies,Art,"Boston Markers, Water Color",59.1,3,0,20.639999999999997
MX-2015-AM1036039-42110,2015-04-16 00:00:00,AM-1036039,Alice McCarthy,Corporate,El Salvador,LATAM,Central America,FUR-FU-3952,Furniture,Furnishings,"Deflect-O Photo Frame, Durable",130.48,4,0,26.080000000000002
IN-2015-LD1700558-42101,2015-04-07 00:00:00,LD-1700558,Lisa DeCherney,Consumer,India,Asia Pacific,Southern Asia,OFF-EN-5023,Office Supplies,Envelopes,"Kraft Business Envelopes, Security-Tint",82.2,5,0,10.649999999999999
AO-2015-SC100204-42105,2015-04-11 00:00:00,SC-100204,Sam Craven,Consumer,Angola,Africa,Central Africa,OFF-ST-4107,Office Supplies,Storage,"Eldon Trays, Single Width",48,1,0,15.84
US-2015-JL15130140-42106,2015-04-12 00:00:00,JL-151301406,Jack Lebron,Consumer,United States,USCA,Eastern US,TEC-AC-4946,Technology,Accessories,Kingston Digital DataTraveler 32GB USB 2.0,27.12,2,0.2,-4.746000000000001
US-2015-JL15130140-42106,2015-04-12 00:00:00,JL-151301406,Jack Lebron,Consumer,United States,USCA,Eastern US,OFF-ST-6157,Office Supplies,Storage,Sterilite Officeware Hinged File Box,16.768,2,0.2,1.4672
CG-2015-DR288033-42104,2015-04-10 00:00:00,DR-288033,Dan Reichenbach,Corporate,Democratic Republic of the Congo,Africa,Central Africa,TEC-AC-5888,Technology,Accessories,"SanDisk Numeric Keypad, Erganomic",113.70000000000002,2,0,19.32
CA-2015-JL15130140-42123,2015-04-29 00:00:00,JL-151301408,Jack Lebron,Consumer,United States,USCA,Southern US,OFF-AP-4566,Office Supplies,Appliances,Harmony HEPA Quiet Air Purifiers,28.08,3,0.2,5.265000000000001
SA-2015-JW6075110-42103,2015-04-09 00:00:00,JW-6075110,Julia West,Consumer,Saudi Arabia,Asia Pacific,Western Asia,OFF-AR-3489,Office Supplies,Art,"Binney & Smith Markers, Easy-Erase",97.44,4,0,38.88
MX-2015-SB2018593-42122,2015-04-28 00:00:00,SB-2018593,Sarah Brown,Consumer,Nicaragua,LATAM,Central America,TEC-PH-3152,Technology,Phones,"Apple Speaker Phone, VoIP",82.26,1,0,18.080000000000002
SF-2015-JH5910117-42122,2015-04-28 00:00:00,JH-5910117,Jonathan Howell,Consumer,South Africa,Africa,Southern Africa,OFF-BI-4809,Office Supplies,Binders,"Ibico Binder Covers, Economy",109.19999999999999,8,0,15.120000000000001
US-2015-FH1436598-42096,2015-04-02 00:00:00,FH-1436598,Fred Hopkins,Corporate,Panama,LATAM,Central America,FUR-BO-5960,Furniture,Bookcases,"Sauder Floating Shelf Set, Mobile",236.51999999999998,3,0.4,-67.02000000000002
US-2015-JF15190140-42097,2015-04-03 00:00:00,JF-151901404,Jamie Frazer,Consumer,United States,USCA,Western US,FUR-FU-6354,Furniture,Furnishings,Westinghouse Clip-On Gooseneck Lamps,25.11,3,0,6.528599999999999
IT-2015-GB1453062-42119,2015-04-25 00:00:00,GB-1453062,George Bell,Corporate,Ireland,Europe,Northern Europe,OFF-AR-6114,Office Supplies,Art,"Stanley Markers, Blue",77.7,7,0.5,-63.84
CA-2015-JL15235140-42123,2015-04-29 00:00:00,JL-152351408,Janet Lee,Consumer,United States,USCA,Southern US,TEC-PH-5823,Technology,Phones,Samsung Galaxy S4 Mini,751.984,2,0.2,84.59819999999988
CA-2015-JM15250140-42116,2015-04-22 00:00:00,JM-152501406,Janet Martin,Consumer,United States,USCA,Eastern US,FUR-CH-4409,Furniture,Chairs,"Global Fabric Manager's Chair, Dark Gray",908.82,9,0,227.20500000000004
SF-2015-DP3105117-42111,2015-04-17 00:00:00,DP-3105117,Dave Poirier,Corporate,South Africa,Africa,Southern Africa,FUR-FU-5739,Furniture,Furnishings,"Rubbermaid Stacking Tray, Black",50.400000000000006,2,0,15.600000000000001
MX-2015-RA19915101-42095,2015-04-01 00:00:00,RA-19915101,Russell Applegate,Consumer,Peru,LATAM,South America,OFF-ST-4269,Office Supplies,Storage,"Fellowes Lockers, Wire Frame",330.24,4,0.4,22
IN-2015-SA2083027-42097,2015-04-03 00:00:00,SA-2083027,Sue Ann Reed,Consumer,China,Asia Pacific,Eastern Asia,OFF-BI-4828,Office Supplies,Binders,"Ibico Index Tab, Clear",71.28,8,0,1.92
ES-2015-JW1522045-42101,2015-04-07 00:00:00,JW-1522045,Jane Waco,Corporate,France,Europe,Western Europe,OFF-AR-3525,Office Supplies,Art,"Boston Canvas, Blue",160.92000000000002,3,0,40.230000000000004
IN-2015-JE157457-42103,2015-04-09 00:00:00,JE-157457,Joel Eaton,Consumer,Australia,Asia Pacific,Oceania,TEC-PH-3140,Technology,Phones,"Apple Office Telephone, Full Size",59.913,1,0.1,3.9929999999999986
TU-2015-BV1245134-42124,2015-04-30 00:00:00,BV-1245134,Benjamin Venier,Corporate,Turkey,Asia Pacific,Western Asia,OFF-AP-4742,Office Supplies,Appliances,"Hoover Stove, Black",227.16000000000005,1,0.6,-295.32000000000005
ES-2015-RP19270139-42104,2015-04-10 00:00:00,RP-19270139,Rachel Payne,Corporate,United Kingdom,Europe,Northern Europe,OFF-SU-4126,Office Supplies,Supplies,"Elite Ruler, Steel",79.2,6,0,21.240000000000002
CA-2015-JF15355140-42118,2015-04-24 00:00:00,JF-153551404,Jay Fein,Consumer,United States,USCA,Western US,OFF-BI-4344,Office Supplies,Binders,GBC Durable Plastic Covers,92.88000000000001,6,0.2,30.185999999999996
CA-2015-JF15355140-42118,2015-04-24 00:00:00,JF-153551404,Jay Fein,Consumer,United States,USCA,Western US,FUR-FU-3921,Furniture,Furnishings,"DAX Two-Tone Rosewood/Black Document Frame, Desktop, 5 x 7",66.36,7,0,26.544000000000004
CA-2015-JF15355140-42118,2015-04-24 00:00:00,JF-153551404,Jay Fein,Consumer,United States,USCA,Western US,FUR-FU-4023,Furniture,Furnishings,Eldon 500 Class Desk Accessories,24.14,2,0,7.966200000000001
TU-2015-RB9705134-42122,2015-04-28 00:00:00,RB-9705134,Roger Barcio,Home Office,Turkey,Asia Pacific,Western Asia,TEC-PH-5260,Technology,Phones,"Motorola Office Telephone, Full Size",116.88,4,0.6,-81.83999999999999
IN-2015-SS2059058-42115,2015-04-21 00:00:00,SS-2059058,Sonia Sunley,Consumer,India,Asia Pacific,Southern Asia,OFF-PA-5851,Office Supplies,Paper,"SanDisk Computer Printout Paper, 8.5 x 11",271.44,8,0,0
MX-2015-DP1339018-42124,2015-04-30 00:00:00,DP-1339018,Dennis Pardue,Home Office,Brazil,LATAM,South America,OFF-PA-6609,Office Supplies,Paper,"Xerox Memo Slips, 8.5 x 11",35.34,3,0,9.180000000000001
TU-2015-SV10815134-42117,2015-04-23 00:00:00,SV-10815134,Stuart Van,Corporate,Turkey,Asia Pacific,Western Asia,OFF-ST-6046,Office Supplies,Storage,"Smead Lockers, Blue",79.36800000000001,1,0.6,-85.33200000000001
US-2015-RD1993055-42096,2015-04-02 00:00:00,RD-1993055,Russell D'Ascenzo,Consumer,Honduras,LATAM,Central America,TEC-AC-5205,Technology,Accessories,"Memorex Memory Card, Programmable",83.01599999999998,2,0.4,-12.463999999999993
ES-2015-KH1669014-42120,2015-04-26 00:00:00,KH-1669014,Kristen Hastings,Corporate,Belgium,Europe,Western Europe,TEC-AC-4174,Technology,Accessories,"Enermax Mouse, USB",121.49999999999997,3,0,14.580000000000002
ID-2015-HZ14950102-42112,2015-04-18 00:00:00,HZ-14950102,Henia Zydlo,Consumer,Philippines,Asia Pacific,Southeastern Asia,TEC-CO-3591,Technology,Copiers,"Brother Fax and Copier, Color",125.40450000000001,1,0.35,-25.105499999999992
IN-2015-JE157457-42103,2015-04-09 00:00:00,JE-157457,Joel Eaton,Consumer,Australia,Asia Pacific,Oceania,OFF-AR-3537,Office Supplies,Art,"Boston Markers, Blue",47.46600000000001,2,0.1,-2.694000000000001
CG-2015-RM937533-42096,2015-04-02 00:00:00,RM-937533,Raymond Messe,Consumer,Democratic Republic of the Congo,Africa,Central Africa,OFF-AR-5923,Office Supplies,Art,"Sanford Pencil Sharpener, Water Color",58.019999999999996,2,0,6.36
MX-2015-AS10090101-42118,2015-04-24 00:00:00,AS-10090101,Adam Shillingsburg,Consumer,Peru,LATAM,South America,TEC-PH-3798,Technology,Phones,"Cisco Office Telephone, VoIP",64.44,2,0.4,1.0399999999999978
US-2015-MW182205-42095,2015-04-01 00:00:00,MW-182205,Mitch Webber,Consumer,Argentina,LATAM,South America,OFF-EN-5040,Office Supplies,Envelopes,"Kraft Manila Envelope, with clear poly window",24.023999999999997,2,0.4,3.184
BU-2015-LH715519-42122,2015-04-28 00:00:00,LH-715519,Logan Haushalter,Consumer,Bulgaria,Europe,Eastern Europe,FUR-FU-5726,Furniture,Furnishings,"Rubbermaid Door Stop, Erganomic",84.84000000000002,2,0,12.72
IN-2015-JM15655144-42123,2015-04-29 00:00:00,JM-15655144,Jim Mitchum,Corporate,Vietnam,Asia Pacific,Southeastern Asia,OFF-PA-6621,Office Supplies,Paper,"Xerox Parchment Paper, 8.5 x 11",129.97799999999998,9,0.17,46.818
MX-2015-TZ2158082-42102,2015-04-08 00:00:00,TZ-2158082,Tracy Zic,Consumer,Mexico,LATAM,Central America,OFF-ST-4106,Office Supplies,Storage,"Eldon Trays, Industrial",64.6,2,0,27.76
US-2015-CB1253555-42097,2015-04-03 00:00:00,CB-1253555,Claudia Bergmann,Corporate,Honduras,LATAM,Central America,FUR-CH-5411,Furniture,Chairs,"Novimex Swivel Stool, Adjustable",267.12,4,0.4,-178.08000000000004
MX-2015-AA1048031-42111,2015-04-17 00:00:00,AA-1048031,Andrew Allen,Consumer,Cuba,LATAM,Caribbean,OFF-PA-4484,Office Supplies,Paper,"Green Bar Parchment Paper, Recycled",66.35999999999999,6,0,19.2
ES-2015-DG133008-42122,2015-04-28 00:00:00,DG-133008,Deirdre Greer,Corporate,Austria,Europe,Western Europe,OFF-BI-2881,Office Supplies,Binders,"Acco 3-Hole Punch, Clear",88.74000000000001,3,0,15.03
US-2015-JO15550140-42111,2015-04-17 00:00:00,JO-155501404,Jesus Ocampo,Home Office,United States,USCA,Western US,OFF-AP-4729,Office Supplies,Appliances,Hoover Commercial SteamVac,40.74,3,0,12.222
IR-2015-EL373560-42096,2015-04-02 00:00:00,EL-373560,Ed Ludwig,Home Office,Iran,Asia Pacific,Southern Asia,OFF-ST-4094,Office Supplies,Storage,"Eldon Shelving, Blue",96.84,2,0,26.099999999999998
IN-2015-LD1700558-42101,2015-04-07 00:00:00,LD-1700558,Lisa DeCherney,Consumer,India,Asia Pacific,Southern Asia,FUR-CH-5434,Furniture,Chairs,"Office Star Bag Chairs, Black",106.01999999999998,2,0,9.540000000000001
CA-2015-JE15610140-42095,2015-04-01 00:00:00,JE-156101408,Jim Epp,Corporate,United States,USCA,Southern US,TEC-CO-4585,Technology,Copiers,Hewlett Packard LaserJet 3310 Copier,2999.95,5,0,1439.976
IN-2015-EG139007-42110,2015-04-16 00:00:00,EG-139007,Emily Grady,Consumer,Australia,Asia Pacific,Oceania,OFF-SU-6169,Office Supplies,Supplies,"Stiletto Ruler, High Speed",93.744,7,0.1,14.573999999999998
CA-2015-JE15610140-42095,2015-04-01 00:00:00,JE-156101408,Jim Epp,Corporate,United States,USCA,Southern US,OFF-BI-3308,Office Supplies,Binders,Avery Recycled Flexi-View Covers for Binding Systems,64.12,4,0,30.7776
SA-2015-MW8220110-42105,2015-04-11 00:00:00,MW-8220110,Mitch Webber,Consumer,Saudi Arabia,Asia Pacific,Western Asia,OFF-BI-6384,Office Supplies,Binders,"Wilson Jones Binding Machine, Economy",48.96,1,0,17.61
CA-2015-JE15610140-42095,2015-04-01 00:00:00,JE-156101408,Jim Epp,Corporate,United States,USCA,Southern US,OFF-BI-4835,Office Supplies,Binders,Ibico Recycled Grain-Textured Covers,34.54,1,0,17.27
MX-2015-DK1289582-42097,2015-04-03 00:00:00,DK-1289582,Dana Kaydos,Consumer,Mexico,LATAM,Central America,OFF-SU-3004,Office Supplies,Supplies,"Acme Trimmer, Steel",87.96,3,0,35.160000000000004
IN-2015-AF1087058-42111,2015-04-17 00:00:00,AF-1087058,Art Ferguson,Consumer,India,Asia Pacific,Southern Asia,FUR-BO-3630,Furniture,Bookcases,"Bush Corner Shelving, Pine",125.34,1,0,56.400000000000006
IN-2015-SD204857-42098,2015-04-04 00:00:00,SD-204857,Shirley Daniels,Home Office,Australia,Asia Pacific,Oceania,FUR-BO-3634,Furniture,Bookcases,"Bush Floating Shelf Set, Metal",153.65699999999998,1,0.1,27.296999999999997
ES-2015-JS1603034-42112,2015-04-18 00:00:00,JS-1603034,Joy Smith,Consumer,Denmark,Europe,Northern Europe,OFF-SU-4991,Office Supplies,Supplies,"Kleencut Shears, Serrated",86.94,4,0.5,-78.3
IT-2015-PG1889591-42108,2015-04-14 00:00:00,PG-1889591,Paul Gonzalez,Consumer,Netherlands,Europe,Western Europe,OFF-AR-5919,Office Supplies,Art,"Sanford Markers, Fluorescent",36.765,3,0.5,-7.425000000000004
US-2015-FH1436598-42096,2015-04-02 00:00:00,FH-1436598,Fred Hopkins,Corporate,Panama,LATAM,Central America,OFF-AR-3552,Office Supplies,Art,"Boston Sketch Pad, Blue",136.07999999999998,7,0.4,4.480000000000007
MX-2015-PO1885036-42119,2015-04-25 00:00:00,PO-1885036,Patrick O'Brill,Consumer,Dominican Republic,LATAM,Caribbean,FUR-CH-5411,Furniture,Chairs,"Novimex Swivel Stool, Adjustable",178.08000000000004,2,0.2,-44.52000000000001
IN-2015-JG1580592-42120,2015-04-26 00:00:00,JG-1580592,John Grady,Corporate,New Zealand,Asia Pacific,Oceania,TEC-AC-3380,Technology,Accessories,"Belkin Flash Drive, Programmable",86.88,2,0,14.76
CA-2015-JE15745140-42111,2015-04-17 00:00:00,JE-157451404,Joel Eaton,Consumer,United States,USCA,Western US,OFF-ST-3361,Office Supplies,Storage,"Belkin 19"" Vented Equipment Shelf, Black",205.92,4,0,2.059200000000004
ES-2015-ON18715139-42120,2015-04-26 00:00:00,ON-18715139,Odella Nelson,Corporate,United Kingdom,Europe,Northern Europe,OFF-FA-3072,Office Supplies,Fasteners,"Advantus Thumb Tacks, 12 Pack",78.12,6,0,3.06
CA-2015-JE15745140-42111,2015-04-17 00:00:00,JE-157451404,Joel Eaton,Consumer,United States,USCA,Western US,FUR-BO-5527,Furniture,Bookcases,O'Sullivan Living Dimensions 2-Shelf Bookcases,102.833,1,0.15,-6.0489999999999995
IT-2015-PO18850124-42124,2015-04-30 00:00:00,PO-18850124,Patrick O'Brill,Consumer,Sweden,Europe,Northern Europe,OFF-SU-4128,Office Supplies,Supplies,"Elite Scissors, High Speed",45.06,4,0.5,-1.8599999999999994
CA-2015-JC15775140-42096,2015-04-02 00:00:00,JC-157751406,John Castell,Consumer,United States,USCA,Eastern US,OFF-PA-6418,Office Supplies,Paper,"Wirebound Message Books, Four 2 3/4 x 5 Forms per Page, 200 Sets per Book",42.92999999999999,9,0,19.318499999999997
MA-2015-JO514577-42109,2015-04-15 00:00:00,JO-514577,Jack O'Briant,Corporate,Madagascar,Africa,Eastern Africa,OFF-SU-4325,Office Supplies,Supplies,"Fiskars Trimmer, Easy Grip",87.84,2,0,32.46
IN-2015-AB101507-42105,2015-04-11 00:00:00,AB-101507,Aimee Bixby,Consumer,Australia,Asia Pacific,Oceania,FUR-CH-4559,Furniture,Chairs,"Harbour Creations Steel Folding Chair, Red",88.10100000000001,1,0.1,28.371000000000002
ES-2015-FA14230139-42110,2015-04-16 00:00:00,FA-14230139,Frank Atkinson,Corporate,United Kingdom,Europe,Northern Europe,OFF-FA-6207,Office Supplies,Fasteners,"Stockwell Thumb Tacks, Bulk Pack",105.12,8,0,26.160000000000004
TU-2015-RA9885134-42104,2015-04-10 00:00:00,RA-9885134,Ruben Ausman,Corporate,Turkey,Asia Pacific,Western Asia,FUR-CH-5453,Furniture,Chairs,"Office Star Steel Folding Chair, Set of Two",75.168,2,0.6,-45.132000000000005
EG-2015-GM469538-42110,2015-04-16 00:00:00,GM-469538,Greg Maxwell,Corporate,Egypt,Africa,North Africa,FUR-FU-3023,Furniture,Furnishings,"Advantus Clock, Black",51.39000000000001,1,0,14.879999999999999
IN-2015-LD1700558-42101,2015-04-07 00:00:00,LD-1700558,Lisa DeCherney,Consumer,India,Asia Pacific,Southern Asia,TEC-AC-5883,Technology,Accessories,"SanDisk Mouse, USB",154.07999999999998,4,0,0
IV-2015-DP316529-42109,2015-04-15 00:00:00,DP-316529,David Philippe,Consumer,Cote d'Ivoire,Africa,Western Africa,OFF-EN-3100,Office Supplies,Envelopes,"Ames Mailers, Recycled",69.3,2,0,1.3800000000000001
EG-2015-PT909038-42119,2015-04-25 00:00:00,PT-909038,Pete Takahito,Consumer,Egypt,Africa,North Africa,FUR-FU-5729,Furniture,Furnishings,"Rubbermaid Frame, Durable",106.92000000000002,1,0,26.73
MX-2015-TP2141516-42110,2015-04-16 00:00:00,TP-2141516,Tom Prescott,Consumer,Bolivia,LATAM,South America,OFF-AR-5902,Office Supplies,Art,"Sanford Canvas, Blue",67.36,2,0,1.3199999999999998
GG-2015-PO919547-42111,2015-04-17 00:00:00,PO-919547,Phillina Ober,Home Office,Georgia,Asia Pacific,Western Asia,OFF-BI-2894,Office Supplies,Binders,"Acco Binder Covers, Recycled",13.68,1,0,4.08
IT-2015-PG1889591-42108,2015-04-14 00:00:00,PG-1889591,Paul Gonzalez,Consumer,Netherlands,Europe,Western Europe,OFF-FA-3071,Office Supplies,Fasteners,"Advantus Staples, Metal",27.450000000000003,5,0.5,-4.950000000000003
MX-2015-RF1984082-42124,2015-04-30 00:00:00,RF-1984082,Roy Französisch,Consumer,Mexico,LATAM,Central America,OFF-EN-4440,Office Supplies,Envelopes,"GlobeWeis Interoffice Envelope, Security-Tint",33.48,1,0,10.359999999999998
MX-2015-RE1940539-42110,2015-04-16 00:00:00,RE-1940539,Ricardo Emerson,Consumer,El Salvador,LATAM,Central America,OFF-PA-4176,Office Supplies,Paper,"Enermax Note Cards, Multicolor",65.28,3,0,15.660000000000002
MX-2015-OT1873082-42105,2015-04-11 00:00:00,OT-1873082,Olvera Toch,Consumer,Mexico,LATAM,Central America,OFF-FA-5474,Office Supplies,Fasteners,"OIC Push Pins, Metal",40.08,4,0,11.2
IN-2015-CD1279078-42122,2015-04-28 00:00:00,CD-1279078,Cynthia Delaney,Home Office,Malaysia,Asia Pacific,Southeastern Asia,OFF-EN-3661,Office Supplies,Envelopes,"Cameo Interoffice Envelope, Recycled",138.69,3,0,51.300000000000004
MX-2015-TT2122036-42109,2015-04-15 00:00:00,TT-2122036,Thomas Thornton,Consumer,Dominican Republic,LATAM,Caribbean,FUR-CH-4629,Furniture,Chairs,"Hon Bag Chairs, Set of Two",126.39999999999998,5,0.2,14.200000000000006
CA-2015-JW15955140-42116,2015-04-22 00:00:00,JW-159551404,Joni Wasserman,Consumer,United States,USCA,Western US,FUR-FU-4025,Furniture,Furnishings,Eldon Advantage Foldable Chair Mats for Low Pile Carpets,162.60000000000002,3,0,34.145999999999994
IN-2015-AF1087058-42111,2015-04-17 00:00:00,AF-1087058,Art Ferguson,Consumer,India,Asia Pacific,Southern Asia,TEC-AC-5195,Technology,Accessories,"Memorex Flash Drive, Programmable",61.800000000000004,2,0,14.82
CA-2015-JW15955140-42116,2015-04-22 00:00:00,JW-159551404,Joni Wasserman,Consumer,United States,USCA,Western US,TEC-AC-6343,Technology,Accessories,"Verbatim Slim CD and DVD Storage Cases, 50/Pack",11.54,1,0,3.4619999999999997
ID-2015-LC1705092-42098,2015-04-04 00:00:00,LC-1705092,Liz Carlisle,Consumer,New Zealand,Asia Pacific,Oceania,OFF-AR-5933,Office Supplies,Art,"Sanford Sketch Pad, Water Color",58.391999999999996,2,0.4,-17.567999999999998
ES-2015-AS1028564-42109,2015-04-15 00:00:00,AS-1028564,Alejandro Savely,Corporate,Italy,Europe,Southern Europe,FUR-FU-3946,Furniture,Furnishings,"Deflect-O Light Bulb, Black",113.94,6,0,40.86
ES-2015-TA2138548-42096,2015-04-02 00:00:00,TA-2138548,Tom Ashbrook,Home Office,Germany,Europe,Western Europe,OFF-BI-2900,Office Supplies,Binders,"Acco Binding Machine, Durable",105.18,2,0,25.200000000000003
IT-2015-AM1036045-42114,2015-04-20 00:00:00,AM-1036045,Alice McCarthy,Corporate,France,Europe,Western Europe,TEC-AC-3388,Technology,Accessories,"Belkin Memory Card, Bluetooth",114.80999999999999,1,0,25.23
MX-2015-ES1402028-42105,2015-04-11 00:00:00,ES-1402028,Erica Smith,Consumer,Colombia,LATAM,South America,OFF-BI-2881,Office Supplies,Binders,"Acco 3-Hole Punch, Clear",59.15999999999999,3,0,10.02
MX-2015-PT1909031-42124,2015-04-30 00:00:00,PT-1909031,Pete Takahito,Consumer,Cuba,LATAM,Caribbean,OFF-LA-3261,Office Supplies,Labels,"Avery Color Coded Labels, Adjustable",104.43999999999998,14,0,49
ES-2015-TR2132545-42100,2015-04-06 00:00:00,TR-2132545,Toby Ritter,Consumer,France,Europe,Western Europe,OFF-FA-6194,Office Supplies,Fasteners,"Stockwell Push Pins, Assorted Sizes",57.15,5,0,24.45
IN-2015-JK1573058-42122,2015-04-28 00:00:00,JK-1573058,Joe Kamberova,Consumer,India,Asia Pacific,Southern Asia,OFF-PA-4467,Office Supplies,Paper,"Green Bar Computer Printout Paper, Multicolor",62.34,2,0,13.68
ES-2015-DC1285045-42111,2015-04-17 00:00:00,DC-1285045,Dan Campbell,Consumer,France,Europe,Western Europe,OFF-BI-3186,Office Supplies,Binders,"Avery 3-Hole Punch, Clear",81.99000000000001,3,0,10.620000000000001
ML-2015-TM1149079-42124,2015-04-30 00:00:00,TM-1149079,Tony Molinari,Consumer,Mali,Africa,Western Africa,OFF-AR-3475,Office Supplies,Art,"Binney & Smith Canvas, Blue",51.35999999999999,1,0,9.75
ZA-2015-FH4275146-42108,2015-04-14 00:00:00,FH-4275146,Frank Hawley,Corporate,Zambia,Africa,Eastern Africa,OFF-AR-5917,Office Supplies,Art,"Sanford Markers, Blue",23.249999999999996,1,0,4.41
MX-2015-SF2096528-42113,2015-04-19 00:00:00,SF-2096528,Sylvia Foulston,Corporate,Colombia,LATAM,South America,OFF-SU-4118,Office Supplies,Supplies,"Elite Box Cutter, Serrated",42.12,2,0,20.6
US-2015-DV13045143-42101,2015-04-07 00:00:00,DV-13045143,Darrin Van Huff,Corporate,Venezuela,LATAM,South America,OFF-SU-6166,Office Supplies,Supplies,"Stiletto Letter Opener, High Speed",66.67200000000003,6,0.4,-33.408000000000015
RS-2015-SJ10500108-42095,2015-04-01 00:00:00,SJ-10500108,Shirley Jackson,Consumer,Russia,Europe,Eastern Europe,OFF-ST-4029,Office Supplies,Storage,"Eldon Box, Industrial",42.959999999999994,4,0,15.84
US-2015-DL12925143-42118,2015-04-24 00:00:00,DL-12925143,Daniel Lacy,Consumer,Venezuela,LATAM,South America,OFF-ST-6031,Office Supplies,Storage,"Smead File Cart, Blue",50.98799999999999,1,0.4,5.087999999999994
US-2015-MW1822018-42095,2015-04-01 00:00:00,MW-1822018,Mitch Webber,Consumer,Brazil,LATAM,South America,OFF-BI-4816,Office Supplies,Binders,"Ibico Binding Machine, Durable",84.672,6,0.6,-124.96799999999999
MX-2015-AM1036039-42110,2015-04-16 00:00:00,AM-1036039,Alice McCarthy,Corporate,El Salvador,LATAM,Central America,FUR-CH-5439,Furniture,Chairs,"Office Star Chairmat, Red",87.76,2,0,11.4
UP-2015-KN6390137-42096,2015-04-02 00:00:00,KN-6390137,Katherine Nockton,Corporate,Ukraine,Europe,Eastern Europe,OFF-EN-4903,Office Supplies,Envelopes,"Jiffy Business Envelopes, Recycled",18.36,1,0,3.3000000000000003
MX-2015-DM1295551-42103,2015-04-09 00:00:00,DM-1295551,Dario Medina,Corporate,Guatemala,LATAM,Central America,OFF-LA-4542,Office Supplies,Labels,"Harbour Creations Removable Labels, Adjustable",28.639999999999997,4,0,5.44
UG-2015-SU10665136-42103,2015-04-09 00:00:00,SU-10665136,Stephanie Ulpright,Home Office,Uganda,Africa,Eastern Africa,OFF-SU-4980,Office Supplies,Supplies,"Kleencut Letter Opener, Steel",28.512,4,0.7,-42.767999999999994
IN-2015-SD204857-42098,2015-04-04 00:00:00,SD-204857,Shirley Daniels,Home Office,Australia,Asia Pacific,Oceania,OFF-LA-5377,Office Supplies,Labels,"Novimex Color Coded Labels, Laser Printer Compatible",78.246,7,0.1,12.096
MX-2015-DW1358531-42110,2015-04-16 00:00:00,DW-1358531,Dorothy Wardle,Corporate,Cuba,LATAM,Caribbean,OFF-ST-6039,Office Supplies,Storage,"Smead Folders, Industrial",59.9,5,0,24.5
MX-2015-RE1940539-42110,2015-04-16 00:00:00,RE-1940539,Ricardo Emerson,Consumer,El Salvador,LATAM,Central America,FUR-FU-4101,Furniture,Furnishings,"Eldon Stacking Tray, Black",21,1,0,3.3600000000000003
MX-2015-BD1132082-42119,2015-04-25 00:00:00,BD-1132082,Bill Donatelli,Consumer,Mexico,LATAM,Central America,OFF-FA-2951,Office Supplies,Fasteners,"Accos Rubber Bands, 12 Pack",107.4,10,0,28.8
NI-2015-SS1087595-42119,2015-04-25 00:00:00,SS-1087595,Sung Shariari,Consumer,Nigeria,Africa,Western Africa,TEC-CO-3601,Technology,Copiers,"Brother Ink, High-Speed",87.30000000000001,2,0.7,-186.23999999999998
IT-2015-LR1703545-42119,2015-04-25 00:00:00,LR-1703545,Lisa Ryan,Corporate,France,Europe,Western Europe,OFF-ST-5694,Office Supplies,Storage,"Rogers Folders, Blue",36.828,3,0.6,-53.44199999999999
US-2015-CK1220555-42098,2015-04-04 00:00:00,CK-1220555,Chloris Kastensmidt,Consumer,Honduras,LATAM,Central America,OFF-PA-5893,Office Supplies,Paper,"SanDisk Parchment Paper, Recycled",39.88799999999999,6,0.4,-2.112000000000003
IN-2015-LP1709559-42096,2015-04-02 00:00:00,LP-1709559,Liz Preis,Consumer,Indonesia,Asia Pacific,Southeastern Asia,OFF-FA-3072,Office Supplies,Fasteners,"Advantus Thumb Tacks, 12 Pack",27.6024,4,0.47000000000000003,-20.8776
CA-2015-KF16285140-42103,2015-04-09 00:00:00,KF-162851406,Karen Ferguson,Home Office,United States,USCA,Eastern US,OFF-ST-6286,Office Supplies,Storage,Tennsco 16-Compartment Lockers with Coat Rack,2591.56,4,0,621.9744000000001
SA-2015-JJ5760110-42101,2015-04-07 00:00:00,JJ-5760110,Joel Jenkins,Home Office,Saudi Arabia,Asia Pacific,Western Asia,OFF-BI-6382,Office Supplies,Binders,"Wilson Jones Binding Machine, Clear",48.42,1,0,14.52
CA-2015-KF16285140-42103,2015-04-09 00:00:00,KF-162851406,Karen Ferguson,Home Office,United States,USCA,Eastern US,OFF-AP-3505,Office Supplies,Appliances,Black & Decker Filter for Double Action Dustbuster Cordless Vac BLDV7210,41.95,5,0,10.4875
MX-2015-CA1226518-42113,2015-04-19 00:00:00,CA-1226518,Christina Anderson,Consumer,Brazil,LATAM,South America,TEC-AC-5863,Technology,Accessories,"SanDisk Flash Drive, USB",52.999999999999986,2,0,1.04
MX-2015-DB1355582-42121,2015-04-27 00:00:00,DB-1355582,Dorothy Badders,Corporate,Mexico,LATAM,Central America,OFF-PA-3999,Office Supplies,Paper,"Eaton Message Books, Multicolor",29.32,2,0,10.52
TU-2015-CC2670134-42108,2015-04-14 00:00:00,CC-2670134,Craig Carreira,Consumer,Turkey,Asia Pacific,Western Asia,TEC-MA-5003,Technology,Machines,"Konica Card Printer, Red",68.92800000000001,1,0.6,-63.76200000000001
MX-2015-CA1277582-42117,2015-04-23 00:00:00,CA-1277582,Cynthia Arntzen,Consumer,Mexico,LATAM,Central America,OFF-ST-4253,Office Supplies,Storage,"Fellowes Box, Wire Frame",25,2,0,10.72
MR-2015-BC112581-42116,2015-04-22 00:00:00,BC-112581,Becky Castell,Home Office,Mauritania,Africa,Western Africa,OFF-BI-3725,Office Supplies,Binders,"Cardinal Binding Machine, Durable",51.27000000000001,1,0,17.94
MD-2015-VB1174583-42095,2015-04-01 00:00:00,VB-1174583,Victoria Brennan,Corporate,Moldova,Europe,Eastern Europe,OFF-BI-3736,Office Supplies,Binders,"Cardinal Hole Reinforcements, Recycled",45.6,8,0,18.96
ES-2015-MD1786014-42111,2015-04-17 00:00:00,MD-1786014,Michael Dominguez,Corporate,Belgium,Europe,Western Europe,OFF-ST-4251,Office Supplies,Storage,"Fellowes Box, Industrial",60.48000000000001,3,0,2.9699999999999998
TU-2015-DK3225134-42109,2015-04-15 00:00:00,DK-3225134,Dean Katz,Corporate,Turkey,Asia Pacific,Western Asia,TEC-AC-5121,Technology,Accessories,"Logitech Memory Card, Bluetooth",82.70400000000001,2,0.6,-95.13599999999998
CA-2015-KH16360140-42098,2015-04-04 00:00:00,KH-163601406,Katherine Hughes,Consumer,United States,USCA,Eastern US,OFF-FA-6129,Office Supplies,Fasteners,Staples,25.472,4,0.2,7.641600000000002
SF-2015-GB4575117-42117,2015-04-23 00:00:00,GB-4575117,Giulietta Baptist,Consumer,South Africa,Africa,Southern Africa,OFF-EN-3660,Office Supplies,Envelopes,"Cameo Clasp Envelope, with clear poly window",78.3,6,0,28.08
IV-2015-DP316529-42109,2015-04-15 00:00:00,DP-316529,David Philippe,Consumer,Cote d'Ivoire,Africa,Western Africa,OFF-EN-4440,Office Supplies,Envelopes,"GlobeWeis Interoffice Envelope, Security-Tint",50.22,1,0,21.09
US-2015-JC1538598-42102,2015-04-08 00:00:00,JC-1538598,Jenna Caffey,Consumer,Panama,LATAM,Central America,OFF-ST-5712,Office Supplies,Storage,"Rogers Trays, Wire Frame",72.9,3,0.4,-29.160000000000004
IV-2015-CK232529-42111,2015-04-17 00:00:00,CK-232529,Christine Kargatis,Home Office,Cote d'Ivoire,Africa,Western Africa,FUR-FU-3952,Furniture,Furnishings,"Deflect-O Photo Frame, Durable",48.92999999999999,1,0,6.84
IT-2015-LW16825104-42124,2015-04-30 00:00:00,LW-16825104,Laurel Workman,Corporate,Portugal,Europe,Southern Europe,OFF-BI-4814,Office Supplies,Binders,"Ibico Binder, Recycled",39.599999999999994,5,0.5,-33.3
MX-2015-CK1220518-42103,2015-04-09 00:00:00,CK-1220518,Chloris Kastensmidt,Consumer,Brazil,LATAM,South America,OFF-LA-5402,Office Supplies,Labels,"Novimex Shipping Labels, 5000 Label Set",45.48,6,0,9.96
MX-2015-CK1220518-42103,2015-04-09 00:00:00,CK-1220518,Chloris Kastensmidt,Consumer,Brazil,LATAM,South America,OFF-AR-6117,Office Supplies,Art,"Stanley Markers, Water Color",67.67999999999999,4,0,17.52
MX-2015-SF2096528-42113,2015-04-19 00:00:00,SF-2096528,Sylvia Foulston,Corporate,Colombia,LATAM,South America,OFF-BI-3721,Office Supplies,Binders,"Cardinal Binder, Durable",30.659999999999997,3,0,3.6599999999999993
CA-2015-KN16390140-42116,2015-04-22 00:00:00,KN-163901402,Katherine Nockton,Corporate,United States,USCA,Central US,TEC-AC-5148,Technology,Accessories,Logitech LS21 Speaker System - PC Multimedia - 2.1-CH - Wired,47.976,3,0.2,8.395799999999994
IT-2015-AR10345139-42116,2015-04-22 00:00:00,AR-10345139,Alex Russell,Corporate,United Kingdom,Europe,Northern Europe,OFF-BI-2915,Office Supplies,Binders,"Acco Hole Reinforcements, Recycled",17.549999999999997,5,0.5,0
CA-2015-KN16390140-42116,2015-04-22 00:00:00,KN-163901402,Katherine Nockton,Corporate,United States,USCA,Central US,OFF-PA-6595,Office Supplies,Paper,Xerox 230,20.736000000000004,4,0.2,7.2576
MX-2015-CJ1201031-42109,2015-04-15 00:00:00,CJ-1201031,Caroline Jumper,Consumer,Cuba,LATAM,Caribbean,OFF-EN-5033,Office Supplies,Envelopes,"Kraft Mailers, Recycled",48.6,2,0,24.280000000000005
IT-2015-IL15100124-42096,2015-04-02 00:00:00,IL-15100124,Ivan Liston,Consumer,Sweden,Europe,Northern Europe,OFF-ST-6060,Office Supplies,Storage,"Smead Shelving, Wire Frame",72,3,0.5,-5.759999999999991
IT-2015-LW1712591-42111,2015-04-17 00:00:00,LW-1712591,Liz Willingham,Consumer,Netherlands,Europe,Western Europe,FUR-CH-4698,Furniture,Chairs,"Hon Steel Folding Chair, Black",157.98,4,0.5,-63.3
ES-2015-BW1120048-42099,2015-04-05 00:00:00,BW-1120048,Ben Wallace,Consumer,Germany,Europe,Western Europe,OFF-BI-6383,Office Supplies,Binders,"Wilson Jones Binding Machine, Durable",25.23,1,0.5,-24.240000000000002
CA-2015-KT16480140-42124,2015-04-30 00:00:00,KT-164801406,Kean Thornton,Consumer,United States,USCA,Eastern US,OFF-LA-3833,Office Supplies,Labels,Color-Coded Legal Exhibit Labels,4.91,1,0,2.4059
IN-2015-SO20335144-42109,2015-04-15 00:00:00,SO-20335144,Sean O'Donnell,Consumer,Vietnam,Asia Pacific,Southeastern Asia,OFF-ST-5696,Office Supplies,Storage,"Rogers Folders, Single Width",50.99519999999999,2,0.17,7.975199999999999
IT-2015-JL1517548-42099,2015-04-05 00:00:00,JL-1517548,James Lanier,Home Office,Germany,Europe,Western Europe,OFF-ST-4251,Office Supplies,Storage,"Fellowes Box, Industrial",54.432000000000016,3,0.1,-3.078000000000002
MX-2015-AG1076555-42115,2015-04-21 00:00:00,AG-1076555,Anthony Garverick,Home Office,Honduras,LATAM,Central America,OFF-PA-6611,Office Supplies,Paper,"Xerox Memo Slips, Premium",10.824,2,0.4,1.4240000000000008
IN-2015-LD1700558-42101,2015-04-07 00:00:00,LD-1700558,Lisa DeCherney,Consumer,India,Asia Pacific,Southern Asia,OFF-FA-6196,Office Supplies,Fasteners,"Stockwell Push Pins, Metal",43.47,3,0,18.629999999999995
IN-2015-SS2059058-42115,2015-04-21 00:00:00,SS-2059058,Sonia Sunley,Consumer,India,Asia Pacific,Southern Asia,OFF-SU-4982,Office Supplies,Supplies,"Kleencut Ruler, High Speed",54.239999999999995,4,0,15.72
EG-2015-PT909038-42119,2015-04-25 00:00:00,PT-909038,Pete Takahito,Consumer,Egypt,Africa,North Africa,FUR-CH-5758,Furniture,Chairs,"SAFCO Chairmat, Red",59.82000000000001,1,0,12.54
US-2015-DB1355598-42119,2015-04-25 00:00:00,DB-1355598,Dorothy Badders,Corporate,Panama,LATAM,Central America,OFF-AR-3494,Office Supplies,Art,"Binney & Smith Pencil Sharpener, Water Color",43.104,4,0.4,-22.336000000000006
MX-2015-RE1940539-42110,2015-04-16 00:00:00,RE-1940539,Ricardo Emerson,Consumer,El Salvador,LATAM,Central America,OFF-PA-4472,Office Supplies,Paper,"Green Bar Memo Slips, Premium",22.6,2,0,9.24
MX-2015-MC1742537-42097,2015-04-03 00:00:00,MC-1742537,Mark Cousins,Corporate,Ecuador,LATAM,South America,OFF-SU-4981,Office Supplies,Supplies,"Kleencut Ruler, Easy Grip",60.71999999999999,6,0,9.6
MX-2015-ES1402028-42105,2015-04-11 00:00:00,ES-1402028,Erica Smith,Consumer,Colombia,LATAM,South America,OFF-FA-6185,Office Supplies,Fasteners,"Stockwell Clamps, Assorted Sizes",55.6,5,0,20.499999999999996
IT-2015-CC1268591-42098,2015-04-04 00:00:00,CC-1268591,Craig Carroll,Consumer,Netherlands,Europe,Western Europe,OFF-EN-4454,Office Supplies,Envelopes,"GlobeWeis Peel and Seal, with clear poly window",62.325,5,0.5,-56.175000000000004
ID-2015-SG2060592-42117,2015-04-23 00:00:00,SG-2060592,Speros Goranitis,Consumer,New Zealand,Asia Pacific,Oceania,OFF-ST-4283,Office Supplies,Storage,"Fellowes Shelving, Industrial",34.992,1,0.4,-14.597999999999999
ES-2015-JS1559548-42096,2015-04-02 00:00:00,JS-1559548,Jill Stevenson,Corporate,Germany,Europe,Western Europe,OFF-BI-4826,Office Supplies,Binders,"Ibico Hole Reinforcements, Recycled",51.45,7,0,15.75
RO-2015-EM4095107-42103,2015-04-09 00:00:00,EM-4095107,Eudokia Martin,Corporate,Romania,Europe,Eastern Europe,FUR-FU-3948,Furniture,Furnishings,"Deflect-O Light Bulb, Durable",16.019999999999996,1,0,8.01
MX-2015-CK1220518-42103,2015-04-09 00:00:00,CK-1220518,Chloris Kastensmidt,Consumer,Brazil,LATAM,South America,OFF-AR-3538,Office Supplies,Art,"Boston Markers, Easy-Erase",53.28000000000001,3,0,7.44
ES-2015-TB2152064-42118,2015-04-24 00:00:00,TB-2152064,Tracy Blumstein,Consumer,Italy,Europe,Southern Europe,OFF-AR-3457,Office Supplies,Art,"BIC Markers, Easy-Erase",53.400000000000006,2,0,14.940000000000001
ES-2015-CS1225048-42105,2015-04-11 00:00:00,CS-1225048,Chris Selesnick,Corporate,Germany,Europe,Western Europe,OFF-BI-4807,Office Supplies,Binders,"Ibico Binder Covers, Clear",39.33,3,0,2.6999999999999997
RO-2015-CR2730107-42122,2015-04-28 00:00:00,CR-2730107,Craig Reiter,Consumer,Romania,Europe,Eastern Europe,OFF-AR-3462,Office Supplies,Art,"BIC Pencil Sharpener, Fluorescent",60.54,2,0,20.580000000000002
US-2015-KM1672018-42096,2015-04-02 00:00:00,KM-1672018,Kunst Miller,Consumer,Brazil,LATAM,South America,OFF-ST-6281,Office Supplies,Storage,"Tenex Trays, Blue",28.911999999999995,2,0.6,-36.88799999999999
CA-2015-KL16645140-42104,2015-04-10 00:00:00,KL-166451402,Ken Lonsdale,Consumer,United States,USCA,Central US,OFF-BI-4363,Office Supplies,Binders,GBC Recycled Regency Composition Covers,478.24,8,0,219.99039999999997
ES-2015-ME1772548-42095,2015-04-01 00:00:00,ME-1772548,Max Engle,Consumer,Germany,Europe,Western Europe,OFF-AR-3453,Office Supplies,Art,"BIC Highlighters, Fluorescent",40.379999999999995,4,0.5,-13.739999999999995
MX-2015-CK1220518-42103,2015-04-09 00:00:00,CK-1220518,Chloris Kastensmidt,Consumer,Brazil,LATAM,South America,TEC-AC-5205,Technology,Accessories,"Memorex Memory Card, Programmable",69.17999999999998,1,0,21.44
SG-2015-JW5220111-42108,2015-04-14 00:00:00,JW-5220111,Jane Waco,Corporate,Senegal,Africa,Western Africa,OFF-AR-3499,Office Supplies,Art,"Binney & Smith Sketch Pad, Blue",46.32,1,0,12.03
IN-2015-BS1180059-42124,2015-04-30 00:00:00,BS-1180059,Bryan Spruell,Home Office,Indonesia,Asia Pacific,Southeastern Asia,OFF-EN-4910,Office Supplies,Envelopes,"Jiffy Interoffice Envelope, Recycled",95.90880000000001,4,0.47000000000000003,1.7087999999999965
SA-2015-JJ5760110-42101,2015-04-07 00:00:00,JJ-5760110,Joel Jenkins,Home Office,Saudi Arabia,Asia Pacific,Western Asia,OFF-EN-3088,Office Supplies,Envelopes,"Ames Business Envelopes, Recycled",34.080000000000005,2,0,8.52
ES-2015-JM1586545-42120,2015-04-26 00:00:00,JM-1586545,John Murray,Consumer,France,Europe,Western Europe,FUR-BO-4865,Furniture,Bookcases,"Ikea Stackable Bookrack, Mobile",450.36,4,0.1,190.07999999999998
IN-2015-LD1700558-42101,2015-04-07 00:00:00,LD-1700558,Lisa DeCherney,Consumer,India,Asia Pacific,Southern Asia,OFF-PA-5879,Office Supplies,Paper,"SanDisk Message Books, Recycled",47.459999999999994,2,0,14.22
IN-2015-RD1948011-42109,2015-04-15 00:00:00,RD-1948011,Rick Duston,Consumer,Bangladesh,Asia Pacific,Southern Asia,OFF-FA-5480,Office Supplies,Fasteners,"OIC Staples, 12 Pack",75.39,7,0,14.280000000000001
MX-2015-PM1913516-42116,2015-04-22 00:00:00,PM-1913516,Peter McVee,Home Office,Bolivia,LATAM,South America,OFF-FA-5478,Office Supplies,Fasteners,"OIC Rubber Bands, Metal",22.919999999999998,2,0,11
US-2015-RD1993055-42096,2015-04-02 00:00:00,RD-1993055,Russell D'Ascenzo,Consumer,Honduras,LATAM,Central America,OFF-ST-6040,Office Supplies,Storage,"Smead Folders, Single Width",35.04,5,0.4,4.040000000000001
MX-2015-MH1729028-42110,2015-04-16 00:00:00,MH-1729028,Marc Harrigan,Home Office,Colombia,LATAM,South America,OFF-AP-3856,Office Supplies,Appliances,"Cuisinart Blender, Black",44.28,1,0,0.44000000000000006
CA-2015-LB16735140-42121,2015-04-27 00:00:00,LB-167351402,Larry Blacks,Consumer,United States,USCA,Central US,FUR-FU-3923,Furniture,Furnishings,"DAX Value U-Channel Document Frames, Easel Back",1.988,1,0.6,-1.4413
CA-2015-LH16750140-42120,2015-04-26 00:00:00,LH-167501404,Larry Hughes,Consumer,United States,USCA,Western US,OFF-AR-5295,Office Supplies,Art,Newell 318,8.895999999999999,4,0.2,0.6671999999999998
IN-2015-JF1541527-42095,2015-04-01 00:00:00,JF-1541527,Jennifer Ferguson,Consumer,China,Asia Pacific,Eastern Asia,OFF-LA-5390,Office Supplies,Labels,"Novimex Legal Exhibit Labels, Laser Printer Compatible",62.81999999999999,6,0,9.36
IN-2015-JM15655144-42123,2015-04-29 00:00:00,JM-15655144,Jim Mitchum,Corporate,Vietnam,Asia Pacific,Southeastern Asia,FUR-FU-6276,Furniture,Furnishings,"Tenex Stacking Tray, Black",36.9234,2,0.27,1.4634
MX-2015-DK1298565-42096,2015-04-02 00:00:00,DK-1298565,Darren Koutras,Consumer,Jamaica,LATAM,Caribbean,OFF-AR-3500,Office Supplies,Art,"Binney & Smith Sketch Pad, Easy-Erase",31.060000000000002,1,0,15.52
ID-2015-SG2060592-42117,2015-04-23 00:00:00,SG-2060592,Speros Goranitis,Consumer,New Zealand,Asia Pacific,Oceania,OFF-BI-4806,Office Supplies,Binders,"Ibico 3-Hole Punch, Recycled",36.972,2,0.4,4.2719999999999985
CG-2015-AT43533-42112,2015-04-18 00:00:00,AT-43533,Alyssa Tate,Home Office,Democratic Republic of the Congo,Africa,Central Africa,OFF-ST-4250,Office Supplies,Storage,"Fellowes Box, Blue",19.68,1,0,3.12
ES-2015-SC2080048-42118,2015-04-24 00:00:00,SC-2080048,Stuart Calhoun,Consumer,Germany,Europe,Western Europe,TEC-AC-3392,Technology,Accessories,"Belkin Mouse, Bluetooth",73.278,2,0.1,30.918
AO-2015-TB113554-42106,2015-04-12 00:00:00,TB-113554,Todd Boyes,Corporate,Angola,Africa,Central Africa,OFF-BI-6372,Office Supplies,Binders,"Wilson Jones 3-Hole Punch, Recycled",28.35,1,0,8.49
CA-2015-LL16840140-42120,2015-04-26 00:00:00,LL-168401404,Lauren Leatherbury,Consumer,United States,USCA,Western US,OFF-BI-6219,Office Supplies,Binders,Surelock Post Binders,73.344,3,0.2,27.503999999999998
CA-2015-LL16840140-42120,2015-04-26 00:00:00,LL-168401404,Lauren Leatherbury,Consumer,United States,USCA,Western US,OFF-PA-6222,Office Supplies,Paper,"Telephone Message Books with Fax/Mobile Section, 5 1/2"" x 3 3/16""",19.049999999999997,3,0,8.763
ES-2015-RP19270139-42104,2015-04-10 00:00:00,RP-19270139,Rachel Payne,Corporate,United Kingdom,Europe,Northern Europe,OFF-ST-4282,Office Supplies,Storage,"Fellowes Shelving, Blue",57.83999999999999,1,0,21.39
US-2015-MW1822018-42095,2015-04-01 00:00:00,MW-1822018,Mitch Webber,Consumer,Brazil,LATAM,South America,FUR-CH-5406,Furniture,Chairs,"Novimex Steel Folding Chair, Adjustable",45.184,2,0.6,-66.65599999999998
UP-2015-HD4785137-42112,2015-04-18 00:00:00,HD-4785137,Harold Dahlen,Home Office,Ukraine,Europe,Eastern Europe,OFF-LA-4548,Office Supplies,Labels,"Harbour Creations Round Labels, 5000 Label Set",14.28,2,0,5.5200000000000005
TU-2015-RB9705134-42122,2015-04-28 00:00:00,RB-9705134,Roger Barcio,Home Office,Turkey,Asia Pacific,Western Asia,OFF-SU-4126,Office Supplies,Supplies,"Elite Ruler, Steel",10.560000000000002,2,0.6,-8.76
MX-2015-TT2122036-42109,2015-04-15 00:00:00,TT-2122036,Thomas Thornton,Consumer,Dominican Republic,LATAM,Caribbean,TEC-CO-3705,Technology,Copiers,"Canon Personal Copier, High-Speed",149.96016,2,0.202,-13.559839999999998
IN-2015-LS1724592-42105,2015-04-11 00:00:00,LS-1724592,Lynn Smith,Consumer,New Zealand,Asia Pacific,Oceania,OFF-LA-6044,Office Supplies,Labels,"Smead Legal Exhibit Labels, Alphabetical",21.839999999999996,2,0,7.38
US-2015-FH1436598-42096,2015-04-02 00:00:00,FH-1436598,Fred Hopkins,Corporate,Panama,LATAM,Central America,OFF-BI-3724,Office Supplies,Binders,"Cardinal Binding Machine, Clear",59.076,3,0.4,-11.844000000000012
EG-2015-MM792038-42117,2015-04-23 00:00:00,MM-792038,Michael Moore,Consumer,Egypt,Africa,North Africa,OFF-LA-4660,Office Supplies,Labels,"Hon File Folder Labels, Laser Printer Compatible",34.56,4,0,4.08
US-2015-LS16945140-42119,2015-04-25 00:00:00,LS-169451406,Linda Southworth,Corporate,United States,USCA,Eastern US,TEC-AC-6337,Technology,Accessories,V7 USB Numeric Keypad,69.98,2,0,4.898600000000002
ID-2015-SV20935102-42118,2015-04-24 00:00:00,SV-20935102,Susan Vittorini,Consumer,Philippines,Asia Pacific,Southeastern Asia,OFF-BI-6381,Office Supplies,Binders,"Wilson Jones Binder, Recycled",45.492,4,0.15000000000000002,15.491999999999999
ID-2015-BD117257-42122,2015-04-28 00:00:00,BD-117257,Bruce Degenhardt,Consumer,Australia,Asia Pacific,Oceania,OFF-BI-2892,Office Supplies,Binders,"Acco Binder Covers, Durable",53.352,4,0.1,8.232
IR-2015-CA205560-42111,2015-04-17 00:00:00,CA-205560,Cathy Armstrong,Home Office,Iran,Asia Pacific,Southern Asia,OFF-FA-5473,Office Supplies,Fasteners,"OIC Push Pins, Bulk Pack",59.64,4,0,12.48
MX-2015-AS1009082-42099,2015-04-05 00:00:00,AS-1009082,Adam Shillingsburg,Consumer,Mexico,LATAM,Central America,OFF-BI-2900,Office Supplies,Binders,"Acco Binding Machine, Durable",35.06000000000001,1,0,16.46
ES-2015-AF1088545-42103,2015-04-09 00:00:00,AF-1088545,Art Foster,Consumer,France,Europe,Western Europe,OFF-BI-2892,Office Supplies,Binders,"Acco Binder Covers, Durable",14.819999999999999,1,0,6.66
EG-2015-BP118538-42098,2015-04-04 00:00:00,BP-118538,Ben Peterman,Corporate,Egypt,Africa,North Africa,OFF-FA-6198,Office Supplies,Fasteners,"Stockwell Rubber Bands, Assorted Sizes",54.35999999999999,4,0,27.119999999999997
SA-2015-JJ5760110-42101,2015-04-07 00:00:00,JJ-5760110,Joel Jenkins,Home Office,Saudi Arabia,Asia Pacific,Western Asia,OFF-BI-6369,Office Supplies,Binders,"Wilson Jones 3-Hole Punch, Clear",27.450000000000003,1,0,7.68
ES-2015-JM1586545-42120,2015-04-26 00:00:00,JM-1586545,John Murray,Consumer,France,Europe,Western Europe,OFF-BI-4828,Office Supplies,Binders,"Ibico Index Tab, Clear",62.370000000000005,7,0,11.13
AO-2015-TB113554-42106,2015-04-12 00:00:00,TB-113554,Todd Boyes,Corporate,Angola,Africa,Central Africa,OFF-LA-4548,Office Supplies,Labels,"Harbour Creations Round Labels, 5000 Label Set",28.56,4,0,11.040000000000001
ES-2015-CC12220139-42115,2015-04-21 00:00:00,CC-12220139,Chris Cortes,Consumer,United Kingdom,Europe,Northern Europe,OFF-AR-5919,Office Supplies,Art,"Sanford Markers, Fluorescent",66.17699999999999,3,0.1,21.986999999999995
SF-2015-RS9420117-42118,2015-04-24 00:00:00,RS-9420117,Ricardo Sperren,Corporate,South Africa,Africa,Southern Africa,TEC-AC-5127,Technology,Accessories,"Logitech Mouse, Erganomic",27.090000000000003,1,0,6.209999999999999
MX-2015-NK1849039-42098,2015-04-04 00:00:00,NK-1849039,Neil Knudson,Home Office,El Salvador,LATAM,Central America,OFF-FA-5471,Office Supplies,Fasteners,"OIC Push Pins, 12 Pack",38.239999999999995,4,0,8.72
NG-2015-RD958594-42115,2015-04-21 00:00:00,RD-958594,Rob Dowd,Consumer,Niger,Africa,Western Africa,OFF-BI-3719,Office Supplies,Binders,"Cardinal Binder Covers, Recycled",74.16,6,0,33.300000000000004
MX-2015-MP1817528-42103,2015-04-09 00:00:00,MP-1817528,Mike Pelletier,Home Office,Colombia,LATAM,South America,OFF-LA-3310,Office Supplies,Labels,"Avery Removable Labels, 5000 Label Set",22.26,3,0,3.9599999999999995
MX-2015-DB1355582-42121,2015-04-27 00:00:00,DB-1355582,Dorothy Badders,Corporate,Mexico,LATAM,Central America,OFF-LA-6061,Office Supplies,Labels,"Smead Shipping Labels, 5000 Label Set",24,3,0,7.44
NI-2015-RA928595-42115,2015-04-21 00:00:00,RA-928595,Ralph Arnett,Consumer,Nigeria,Africa,Western Africa,FUR-CH-4630,Furniture,Chairs,"Hon Chairmat, Adjustable",34.812000000000005,2,0.7,-53.388
US-2015-SB2029018-42111,2015-04-17 00:00:00,SB-2029018,Sean Braxton,Corporate,Brazil,LATAM,South America,OFF-ST-4252,Office Supplies,Storage,"Fellowes Box, Single Width",31.536,6,0.6,-41.064
IN-2015-KN1645058-42109,2015-04-15 00:00:00,KN-1645058,Kean Nguyen,Corporate,India,Asia Pacific,Southern Asia,OFF-AR-3526,Office Supplies,Art,"Boston Canvas, Easy-Erase",53.91,1,0,10.23
CA-2015-LW17215140-42106,2015-04-12 00:00:00,LW-172151404,Luke Weiss,Consumer,United States,USCA,Western US,TEC-AC-5900,Technology,Accessories,SanDisk Ultra 64 GB MicroSDHC Class 10 Memory Card,199.95000000000002,5,0,21.994499999999988
PL-2015-CC2220103-42115,2015-04-21 00:00:00,CC-2220103,Chris Cortes,Consumer,Poland,Europe,Eastern Europe,FUR-CH-5751,Furniture,Chairs,"SAFCO Bag Chairs, Black",94.01999999999998,2,0,15.96
CA-2015-LW17215140-42106,2015-04-12 00:00:00,LW-172151404,Luke Weiss,Consumer,United States,USCA,Western US,OFF-AR-3974,Office Supplies,Art,"Dixon Ticonderoga Erasable Colored Pencil Set, 12-Color",41.86,7,0,14.232399999999998
KG-2015-TG1131070-42102,2015-04-08 00:00:00,TG-1131070,Toby Gnade,Consumer,Kyrgyzstan,Asia Pacific,Central Asia,OFF-SU-6183,Office Supplies,Supplies,"Stiletto Trimmer, Steel",42.150000000000006,1,0,14.309999999999999
MR-2015-AH58581-42117,2015-04-23 00:00:00,AH-58581,Angele Hood,Consumer,Mauritania,Africa,Western Africa,OFF-SU-4122,Office Supplies,Supplies,"Elite Letter Opener, Steel",47.99999999999999,2,0,6.720000000000001
IN-2015-LD1700558-42101,2015-04-07 00:00:00,LD-1700558,Lisa DeCherney,Consumer,India,Asia Pacific,Southern Asia,OFF-LA-5402,Office Supplies,Labels,"Novimex Shipping Labels, 5000 Label Set",34.11,3,0,16.650000000000002
ES-2015-TS2137048-42103,2015-04-09 00:00:00,TS-2137048,Todd Sumrall,Corporate,Germany,Europe,Western Europe,OFF-SU-4979,Office Supplies,Supplies,"Kleencut Letter Opener, High Speed",52.92,2,0,18.48
IN-2015-HP148157-42098,2015-04-04 00:00:00,HP-148157,Harold Pawlan,Home Office,Australia,Asia Pacific,Oceania,OFF-AR-3497,Office Supplies,Art,"Binney & Smith Pens, Fluorescent",26.400000000000002,2,0,4.4399999999999995
IN-2015-FC1424527-42096,2015-04-02 00:00:00,FC-1424527,Frank Carlisle,Home Office,China,Asia Pacific,Eastern Asia,OFF-PA-6611,Office Supplies,Paper,"Xerox Memo Slips, Premium",40.59,3,0,12.96
TZ-2015-JD5895129-42096,2015-04-02 00:00:00,JD-5895129,Jonathan Doherty,Corporate,Tanzania,Africa,Eastern Africa,OFF-EN-4441,Office Supplies,Envelopes,"GlobeWeis Interoffice Envelope, Set of 50",47.82,1,0,10.98
IN-2015-MH1811592-42116,2015-04-22 00:00:00,MH-1811592,Mick Hernandez,Home Office,New Zealand,Asia Pacific,Oceania,OFF-PA-4464,Office Supplies,Paper,"Green Bar Cards & Envelopes, Recycled",57.96,2,0.4,8.639999999999993
IN-2015-TZ215807-42124,2015-04-30 00:00:00,TZ-215807,Tracy Zic,Consumer,Australia,Asia Pacific,Oceania,OFF-LA-3310,Office Supplies,Labels,"Avery Removable Labels, 5000 Label Set",50.084999999999994,5,0.1,14.385000000000003
IT-2015-PO18850124-42124,2015-04-30 00:00:00,PO-18850124,Patrick O'Brill,Consumer,Sweden,Europe,Northern Europe,OFF-ST-6040,Office Supplies,Storage,"Smead Folders, Single Width",43.8,5,0.5,-16.65
ES-2015-PM19135120-42103,2015-04-09 00:00:00,PM-19135120,Peter McVee,Home Office,Spain,Europe,Southern Europe,OFF-LA-5398,Office Supplies,Labels,"Novimex Round Labels, 5000 Label Set",19.979999999999997,3,0,9.36
US-2015-KM167205-42096,2015-04-02 00:00:00,KM-167205,Kunst Miller,Consumer,Argentina,LATAM,South America,OFF-ST-6281,Office Supplies,Storage,"Tenex Trays, Blue",43.36799999999999,2,0.4,-22.431999999999995
MX-2015-MC1727593-42104,2015-04-10 00:00:00,MC-1727593,Marc Crier,Consumer,Nicaragua,LATAM,Central America,OFF-ST-5688,Office Supplies,Storage,"Rogers Box, Single Width",80,5,0,34.4
US-2015-RR1952518-42097,2015-04-03 00:00:00,RR-1952518,Rick Reed,Corporate,Brazil,LATAM,South America,TEC-AC-5131,Technology,Accessories,"Logitech Numeric Keypad, Erganomic",35.304,3,0.6,-8.855999999999995
CA-2015-MS17365140-42096,2015-04-02 00:00:00,MS-173651404,Maribeth Schnelling,Consumer,United States,USCA,Western US,OFF-BI-4248,Office Supplies,Binders,Fellowes Binding Cases,121.67999999999999,13,0.2,38.02499999999998
ES-2015-ON18715139-42120,2015-04-26 00:00:00,ON-18715139,Odella Nelson,Corporate,United Kingdom,Europe,Northern Europe,OFF-PA-5879,Office Supplies,Paper,"SanDisk Message Books, Recycled",47.459999999999994,2,0,21.299999999999997
CA-2015-MS17365140-42096,2015-04-02 00:00:00,MS-173651404,Maribeth Schnelling,Consumer,United States,USCA,Western US,OFF-LA-3218,Office Supplies,Labels,Avery 498,5.78,2,0,2.7166
PL-2015-CC2220103-42115,2015-04-21 00:00:00,CC-2220103,Chris Cortes,Consumer,Poland,Europe,Eastern Europe,OFF-AR-5904,Office Supplies,Art,"Sanford Canvas, Fluorescent",51.78,1,0,19.14
MX-2015-SC2026028-42097,2015-04-03 00:00:00,SC-2026028,Scott Cohen,Corporate,Colombia,LATAM,South America,OFF-LA-5388,Office Supplies,Labels,"Novimex Legal Exhibit Labels, Adjustable",39.059999999999995,7,0,1.5400000000000003
US-2015-SB2029018-42111,2015-04-17 00:00:00,SB-2029018,Sean Braxton,Corporate,Brazil,LATAM,South America,OFF-ST-4252,Office Supplies,Storage,"Fellowes Box, Single Width",31.536,6,0.6,-41.064
TU-2015-CS2355134-42101,2015-04-07 00:00:00,CS-2355134,Christine Sundaresam,Consumer,Turkey,Asia Pacific,Western Asia,FUR-FU-3930,Furniture,Furnishings,"Deflect-O Clock, Durable",18.936,1,0.6,-13.283999999999995
IN-2015-KF162857-42115,2015-04-21 00:00:00,KF-162857,Karen Ferguson,Home Office,Australia,Asia Pacific,Oceania,OFF-PA-3991,Office Supplies,Paper,"Eaton Computer Printout Paper, Multicolor",50.328,2,0.1,15.048
IN-2015-RB1936027-42116,2015-04-22 00:00:00,RB-1936027,Raymond Buch,Consumer,China,Asia Pacific,Eastern Asia,OFF-FA-2955,Office Supplies,Fasteners,"Accos Staples, 12 Pack",31.139999999999997,3,0,2.43
MX-2015-ME1772539-42124,2015-04-30 00:00:00,ME-1772539,Max Engle,Consumer,El Salvador,LATAM,Central America,FUR-CH-4683,Furniture,Chairs,"Hon Rocking Chair, Red",87.08,1,0,6.08
IN-2015-KF162857-42115,2015-04-21 00:00:00,KF-162857,Karen Ferguson,Home Office,Australia,Asia Pacific,Oceania,OFF-BI-2902,Office Supplies,Binders,"Acco Binding Machine, Recycled",92.61,2,0.1,17.490000000000002
MX-2015-ME1772539-42124,2015-04-30 00:00:00,ME-1772539,Max Engle,Consumer,El Salvador,LATAM,Central America,OFF-BI-4829,Office Supplies,Binders,"Ibico Index Tab, Durable",37.08,6,0,4.8
UG-2015-SU10665136-42103,2015-04-09 00:00:00,SU-10665136,Stephanie Ulpright,Home Office,Uganda,Africa,Eastern Africa,FUR-CH-4519,Furniture,Chairs,"Harbour Creations Bag Chairs, Black",17.757,1,0.7,-36.12299999999999
ES-2015-BF112158-42120,2015-04-26 00:00:00,BF-112158,Benjamin Farhat,Home Office,Austria,Europe,Western Europe,OFF-AR-3454,Office Supplies,Art,"BIC Highlighters, Water Color",44.22,2,0,7.92
IT-2015-MP1796545-42109,2015-04-15 00:00:00,MP-1796545,Michael Paige,Corporate,France,Europe,Western Europe,OFF-AR-3460,Office Supplies,Art,"BIC Pencil Sharpener, Blue",43.515,3,0.5,-7.875
CA-2015-MC17605140-42123,2015-04-29 00:00:00,MC-176051406,Matt Connell,Corporate,United States,USCA,Eastern US,OFF-ST-6157,Office Supplies,Storage,Sterilite Officeware Hinged File Box,8.384,1,0.2,0.7336
CA-2015-MC17605140-42123,2015-04-29 00:00:00,MC-176051406,Matt Connell,Corporate,United States,USCA,Eastern US,OFF-AR-5321,Office Supplies,Art,Newell 341,6.848000000000001,2,0.2,0.7703999999999991
MX-2015-MH1729028-42110,2015-04-16 00:00:00,MH-1729028,Marc Harrigan,Home Office,Colombia,LATAM,South America,OFF-BI-2917,Office Supplies,Binders,"Acco Index Tab, Clear",26.8,5,0,11.2
ID-2015-DK1315059-42103,2015-04-09 00:00:00,DK-1315059,David Kendrick,Corporate,Indonesia,Asia Pacific,Southeastern Asia,OFF-ST-4250,Office Supplies,Storage,"Fellowes Box, Blue",49.00319999999999,3,0.17,18.853199999999998
IN-2015-CA1231058-42096,2015-04-02 00:00:00,CA-1231058,Christine Abelman,Corporate,India,Asia Pacific,Southern Asia,OFF-FA-3044,Office Supplies,Fasteners,"Advantus Paper Clips, Assorted Sizes",22.8,2,0,0.18
ID-2015-JK15730102-42110,2015-04-16 00:00:00,JK-15730102,Joe Kamberova,Consumer,Philippines,Asia Pacific,Southeastern Asia,OFF-EN-4915,Office Supplies,Envelopes,"Jiffy Mailers, Security-Tint",65.29050000000001,3,0.45,-39.199500000000015
ID-2015-EM138107-42097,2015-04-03 00:00:00,EM-138107,Eleni McCrary,Corporate,Australia,Asia Pacific,Oceania,OFF-FA-5478,Office Supplies,Fasteners,"OIC Rubber Bands, Metal",61.88400000000001,4,0.1,-6.276000000000002
IT-2015-KM1637591-42106,2015-04-12 00:00:00,KM-1637591,Katherine Murray,Home Office,Netherlands,Europe,Western Europe,OFF-ST-5687,Office Supplies,Storage,"Rogers Box, Industrial",24.450000000000003,2,0.5,-24.450000000000003
IN-2015-RD1948011-42109,2015-04-15 00:00:00,RD-1948011,Rick Duston,Consumer,Bangladesh,Asia Pacific,Southern Asia,OFF-FA-3022,Office Supplies,Fasteners,"Advantus Clamps, Metal",58.23000000000001,3,0,15.120000000000001
ES-2015-RW1963048-42118,2015-04-24 00:00:00,RW-1963048,Rob Williams,Corporate,Germany,Europe,Western Europe,OFF-LA-3271,Office Supplies,Labels,"Avery File Folder Labels, 5000 Label Set",28.53,3,0,1.08
CA-2015-ML17755140-42101,2015-04-07 00:00:00,ML-177551402,Max Ludwig,Home Office,United States,USCA,Central US,OFF-FA-6129,Office Supplies,Fasteners,Staples,106.32,3,0,49.97039999999999
US-2015-MW182205-42095,2015-04-01 00:00:00,MW-182205,Mitch Webber,Consumer,Argentina,LATAM,South America,OFF-FA-6201,Office Supplies,Fasteners,"Stockwell Staples, 12 Pack",8.184000000000001,2,0.4,-2.056
MX-2015-PO1885036-42119,2015-04-25 00:00:00,PO-1885036,Patrick O'Brill,Consumer,Dominican Republic,LATAM,Caribbean,TEC-MA-6146,Technology,Machines,"StarTech Phone, Wireless",29.808000000000003,2,0.7,-36.791999999999994
CA-2015-MO17800140-42117,2015-04-23 00:00:00,MO-178001406,Meg O'Connel,Home Office,United States,USCA,Eastern US,FUR-FU-6225,Furniture,Furnishings,"Tenex 46"" x 60"" Computer Anti-Static Chairmat, Rectangular Shaped",254.35200000000003,3,0.2,0
IR-2015-BW111060-42112,2015-04-18 00:00:00,BW-111060,Bart Watters,Corporate,Iran,Asia Pacific,Southern Asia,OFF-PA-6618,Office Supplies,Paper,"Xerox Note Cards, Multicolor",27.78,1,0,6.93
IT-2015-NP1832591-42122,2015-04-28 00:00:00,NP-1832591,Naresj Patel,Consumer,Netherlands,Europe,Western Europe,TEC-MA-4192,Technology,Machines,"Epson Calculator, Wireless",46.410000000000004,2,0.5,-0.030000000000001137
ID-2015-VG217907-42102,2015-04-08 00:00:00,VG-217907,Vivek Gonzalez,Consumer,Australia,Asia Pacific,Oceania,OFF-FA-5475,Office Supplies,Fasteners,"OIC Rubber Bands, 12 Pack",29.7,2,0.1,-2.3400000000000003
ES-2015-NR1855045-42113,2015-04-19 00:00:00,NR-1855045,Nick Radford,Consumer,France,Europe,Western Europe,OFF-FA-2953,Office Supplies,Fasteners,"Accos Rubber Bands, Bulk Pack",116.75999999999999,7,0,57.120000000000005
US-2015-MW1822018-42095,2015-04-01 00:00:00,MW-1822018,Mitch Webber,Consumer,Brazil,LATAM,South America,OFF-EN-5040,Office Supplies,Envelopes,"Kraft Manila Envelope, with clear poly window",16.016,2,0.6,-4.823999999999998
MX-2015-MC1742539-42104,2015-04-10 00:00:00,MC-1742539,Mark Cousins,Corporate,El Salvador,LATAM,Central America,OFF-EN-4446,Office Supplies,Envelopes,"GlobeWeis Mailers, with clear poly window",56.120000000000005,2,0,21.32
IR-2015-DL286560-42096,2015-04-02 00:00:00,DL-286560,Dan Lawera,Consumer,Iran,Asia Pacific,Southern Asia,OFF-BI-4804,Office Supplies,Binders,"Ibico 3-Hole Punch, Durable",31.950000000000003,1,0,11.82
CA-2015-MG17890140-42119,2015-04-25 00:00:00,MG-178901404,Michael Granlund,Home Office,United States,USCA,Western US,OFF-FA-3835,Office Supplies,Fasteners,Colored Push Pins,1.81,1,0,0.6516
US-2015-FH1436598-42096,2015-04-02 00:00:00,FH-1436598,Fred Hopkins,Corporate,Panama,LATAM,Central America,OFF-AR-3488,Office Supplies,Art,"Binney & Smith Markers, Blue",28.907999999999998,3,0.4,4.308000000000002
NI-2015-DB306095-42123,2015-04-29 00:00:00,DB-306095,Dave Brooks,Consumer,Nigeria,Africa,Western Africa,FUR-FU-4034,Furniture,Furnishings,"Eldon Clock, Black",33.912000000000006,2,0.7,-47.50799999999999
IN-2015-DK12985144-42112,2015-04-18 00:00:00,DK-12985144,Darren Koutras,Consumer,Vietnam,Asia Pacific,Southeastern Asia,FUR-FU-3065,Furniture,Furnishings,"Advantus Stacking Tray, Black",173.6451,9,0.27,7.055099999999996
IT-2015-MP1796591-42097,2015-04-03 00:00:00,MP-1796591,Michael Paige,Corporate,Netherlands,Europe,Western Europe,OFF-BI-4823,Office Supplies,Binders,"Ibico Hole Reinforcements, Clear",22.574999999999996,7,0.5,-5.144999999999996
US-2015-CB1253555-42097,2015-04-03 00:00:00,CB-1253555,Claudia Bergmann,Corporate,Honduras,LATAM,Central America,OFF-AP-4496,Office Supplies,Appliances,"Hamilton Beach Coffee Grinder, White",32.64,2,0.4,-17.96
US-2015-FH1436598-42096,2015-04-02 00:00:00,FH-1436598,Fred Hopkins,Corporate,Panama,LATAM,Central America,OFF-EN-4925,Office Supplies,Envelopes,"Jiffy Peel and Seal, Set of 50",40.02,5,0.4,-5.380000000000001
IR-2015-BW111060-42112,2015-04-18 00:00:00,BW-111060,Bart Watters,Corporate,Iran,Asia Pacific,Southern Asia,OFF-AR-6125,Office Supplies,Art,"Stanley Sketch Pad, Blue",44.43,1,0,14.64
ID-2015-LC1705092-42098,2015-04-04 00:00:00,LC-1705092,Liz Carlisle,Consumer,New Zealand,Asia Pacific,Oceania,FUR-FU-3038,Furniture,Furnishings,"Advantus Light Bulb, Durable",41.03999999999999,4,0.4,-9.600000000000001
IN-2015-HP148157-42098,2015-04-04 00:00:00,HP-148157,Harold Pawlan,Home Office,Australia,Asia Pacific,Oceania,OFF-BI-4807,Office Supplies,Binders,"Ibico Binder Covers, Clear",26.22,2,0,5.22
UG-2015-SU10665136-42103,2015-04-09 00:00:00,SU-10665136,Stephanie Ulpright,Home Office,Uganda,Africa,Eastern Africa,TEC-PH-5831,Technology,Phones,"Samsung Office Telephone, VoIP",19.593000000000004,1,0.7,-26.787
MX-2015-JW1607582-42109,2015-04-15 00:00:00,JW-1607582,Julia West,Consumer,Mexico,LATAM,Central America,TEC-AC-3380,Technology,Accessories,"Belkin Flash Drive, Programmable",28.96,1,0,0.5599999999999999
ES-2015-CC12220139-42115,2015-04-21 00:00:00,CC-12220139,Chris Cortes,Consumer,United Kingdom,Europe,Northern Europe,FUR-FU-5733,Furniture,Furnishings,"Rubbermaid Light Bulb, Durable",28.565999999999995,3,0.4,-0.05399999999999494
GV-2015-JH543052-42111,2015-04-17 00:00:00,JH-543052,Jennifer Halladay,Consumer,Guinea,Africa,Western Africa,OFF-AR-5927,Office Supplies,Art,"Sanford Pens, Water Color",28.560000000000002,2,0,13.080000000000002
ES-2015-JW1595548-42113,2015-04-19 00:00:00,JW-1595548,Joni Wasserman,Consumer,Germany,Europe,Western Europe,OFF-LA-5376,Office Supplies,Labels,"Novimex Color Coded Labels, Alphabetical",24.48,2,0,8.040000000000001
TU-2015-BV1245134-42124,2015-04-30 00:00:00,BV-1245134,Benjamin Venier,Corporate,Turkey,Asia Pacific,Western Asia,TEC-MA-6135,Technology,Machines,"StarTech Calculator, Wireless",31.968000000000004,2,0.6,-43.211999999999996
IN-2015-JF152957-42118,2015-04-24 00:00:00,JF-152957,Jason Fortune-,Consumer,Australia,Asia Pacific,Oceania,OFF-EN-4454,Office Supplies,Envelopes,"GlobeWeis Peel and Seal, with clear poly window",44.874,2,0.1,18.413999999999998
ID-2015-BT11485102-42101,2015-04-07 00:00:00,BT-11485102,Brad Thomas,Home Office,Philippines,Asia Pacific,Southeastern Asia,OFF-EN-5025,Office Supplies,Envelopes,"Kraft Clasp Envelope, Recycled",30.03,7,0.45,-1.6799999999999962
IN-2015-JK1573058-42122,2015-04-28 00:00:00,JK-1573058,Joe Kamberova,Consumer,India,Asia Pacific,Southern Asia,OFF-LA-5400,Office Supplies,Labels,"Novimex Round Labels, Alphabetical",18.27,3,0,2.6999999999999997
MX-2015-DO1343539-42124,2015-04-30 00:00:00,DO-1343539,Denny Ordway,Consumer,El Salvador,LATAM,Central America,OFF-EN-3106,Office Supplies,Envelopes,"Ames Manila Envelope, Set of 50",49.379999999999995,3,0,11.34
CA-2015-MB18085140-42120,2015-04-26 00:00:00,MB-180851404,Mick Brown,Consumer,United States,USCA,Western US,OFF-BI-3741,Office Supplies,Binders,"Cardinal Slant-D Ring Binder, Heavy Gauge Vinyl",13.904,2,0.2,4.5188
RO-2015-CV2805107-42112,2015-04-18 00:00:00,CV-2805107,Cynthia Voltz,Corporate,Romania,Europe,Eastern Europe,OFF-FA-6194,Office Supplies,Fasteners,"Stockwell Push Pins, Assorted Sizes",22.86,2,0,9.78
IT-2015-KM1637591-42106,2015-04-12 00:00:00,KM-1637591,Katherine Murray,Home Office,Netherlands,Europe,Western Europe,OFF-EN-4447,Office Supplies,Envelopes,"GlobeWeis Manila Envelope, Recycled",26.19,2,0.5,-0.029999999999997584
UG-2015-SU10665136-42103,2015-04-09 00:00:00,SU-10665136,Stephanie Ulpright,Home Office,Uganda,Africa,Eastern Africa,OFF-AR-5903,Office Supplies,Art,"Sanford Canvas, Easy-Erase",15.237000000000002,1,0.7,-28.952999999999996
MX-2015-BM1114018-42101,2015-04-07 00:00:00,BM-1114018,Becky Martin,Consumer,Brazil,LATAM,South America,OFF-BI-3247,Office Supplies,Binders,"Avery Binder Covers, Durable",16.759999999999998,2,0,6.2
MX-2015-CM1193531-42123,2015-04-29 00:00:00,CM-1193531,Carlos Meador,Consumer,Cuba,LATAM,Caribbean,OFF-LA-4553,Office Supplies,Labels,"Harbour Creations Shipping Labels, Adjustable",18.720000000000002,3,0,2.4
CG-2015-DR294033-42122,2015-04-28 00:00:00,DR-294033,Daniel Raglin,Home Office,Democratic Republic of the Congo,Africa,Central Africa,OFF-AR-3497,Office Supplies,Art,"Binney & Smith Pens, Fluorescent",26.400000000000002,2,0,0.48
MX-2015-PT1909031-42124,2015-04-30 00:00:00,PT-1909031,Pete Takahito,Consumer,Cuba,LATAM,Caribbean,OFF-FA-5463,Office Supplies,Fasteners,"OIC Clamps, Assorted Sizes",22.96,2,0,0.8800000000000001
ES-2015-AB1025545-42113,2015-04-19 00:00:00,AB-1025545,Alejandro Ballentine,Home Office,France,Europe,Western Europe,OFF-BI-2897,Office Supplies,Binders,"Acco Binder, Economy",30.299999999999997,2,0,4.199999999999999
IT-2015-PO18850124-42124,2015-04-30 00:00:00,PO-18850124,Patrick O'Brill,Consumer,Sweden,Europe,Northern Europe,OFF-AR-3526,Office Supplies,Art,"Boston Canvas, Easy-Erase",26.955,1,0.5,-14.564999999999998
US-2015-FH1436598-42096,2015-04-02 00:00:00,FH-1436598,Fred Hopkins,Corporate,Panama,LATAM,Central America,OFF-AR-3467,Office Supplies,Art,"BIC Pens, Water Color",27.936,4,0.4,-8.864000000000004
CA-2015-MG18205140-42105,2015-04-11 00:00:00,MG-182051408,Mitch Gastineau,Corporate,United States,USCA,Southern US,FUR-FU-6099,Furniture,Furnishings,Stackable Trays,12.320000000000002,5,0.2,1.8479999999999985
CA-2015-MG18205140-42105,2015-04-11 00:00:00,MG-182051408,Mitch Gastineau,Corporate,United States,USCA,Southern US,OFF-BI-2925,Office Supplies,Binders,"Acco Pressboard Covers with Storage Hooks, 14 7/8"" x 11"", Light Blue",4.4190000000000005,3,0.7,-3.0933
MX-2015-CA1226518-42113,2015-04-19 00:00:00,CA-1226518,Christina Anderson,Consumer,Brazil,LATAM,South America,OFF-SU-4980,Office Supplies,Supplies,"Kleencut Letter Opener, Steel",31.68,2,0,10.76
ES-2015-AB1001564-42117,2015-04-23 00:00:00,AB-1001564,Aaron Bergman,Consumer,Italy,Europe,Southern Europe,OFF-LA-5404,Office Supplies,Labels,"Novimex Shipping Labels, Alphabetical",21.599999999999998,2,0,10.8
US-2015-ND18370140-42111,2015-04-17 00:00:00,ND-183701402,Natalie DeCherney,Consumer,United States,USCA,Central US,OFF-ST-6288,Office Supplies,Storage,Tennsco Commercial Shelving,32.544000000000004,2,0.2,-7.729200000000004
US-2015-ND18370140-42111,2015-04-17 00:00:00,ND-183701402,Natalie DeCherney,Consumer,United States,USCA,Central US,OFF-BI-5939,Office Supplies,Binders,Satellite Sectional Post Binders,26.045999999999992,3,0.8,-44.2782
US-2015-ND18370140-42111,2015-04-17 00:00:00,ND-183701402,Natalie DeCherney,Consumer,United States,USCA,Central US,OFF-BI-4377,Office Supplies,Binders,"GBC White Gloss Covers, Plain Front",2.8959999999999995,1,0.8,-4.778400000000001
MX-2015-CD1192031-42119,2015-04-25 00:00:00,CD-1192031,Carlos Daly,Consumer,Cuba,LATAM,Caribbean,OFF-FA-6205,Office Supplies,Fasteners,"Stockwell Thumb Tacks, 12 Pack",8.640000000000002,1,0,3.18
IR-2015-CA205560-42111,2015-04-17 00:00:00,CA-205560,Cathy Armstrong,Home Office,Iran,Asia Pacific,Southern Asia,OFF-FA-6191,Office Supplies,Fasteners,"Stockwell Paper Clips, Metal",25.86,2,0,0.72
IN-2015-DK12985144-42112,2015-04-18 00:00:00,DK-12985144,Darren Koutras,Consumer,Vietnam,Asia Pacific,Southeastern Asia,OFF-LA-4678,Office Supplies,Labels,"Hon Removable Labels, 5000 Label Set",17.031599999999997,2,0.17,5.9315999999999995
MX-2015-IM1505582-42110,2015-04-16 00:00:00,IM-1505582,Ionia McGrath,Consumer,Mexico,LATAM,Central America,OFF-FA-2962,Office Supplies,Fasteners,"Accos Thumb Tacks, Metal",46,5,0,1.8
ES-2015-JM1586545-42120,2015-04-26 00:00:00,JM-1586545,John Murray,Consumer,France,Europe,Western Europe,OFF-LA-3311,Office Supplies,Labels,"Avery Removable Labels, Adjustable",17.28,2,0,7.92
ML-2015-TM1149079-42124,2015-04-30 00:00:00,TM-1149079,Tony Molinari,Consumer,Mali,Africa,Western Africa,OFF-FA-5487,Office Supplies,Fasteners,"OIC Thumb Tacks, Metal",14.189999999999998,1,0,2.82
TU-2015-AY555134-42110,2015-04-16 00:00:00,AY-555134,Andy Yotov,Corporate,Turkey,Asia Pacific,Western Asia,OFF-LA-3263,Office Supplies,Labels,"Avery Color Coded Labels, Laser Printer Compatible",5.316,1,0.6,-5.603999999999999
IN-2015-DK12985144-42112,2015-04-18 00:00:00,DK-12985144,Darren Koutras,Consumer,Vietnam,Asia Pacific,Southeastern Asia,OFF-AP-3862,Office Supplies,Appliances,"Cuisinart Coffee Grinder, Silver",32.6688,1,0.17,1.9488000000000003
MD-2015-VB1174583-42095,2015-04-01 00:00:00,VB-1174583,Victoria Brennan,Corporate,Moldova,Europe,Eastern Europe,OFF-BI-6404,Office Supplies,Binders,"Wilson Jones Index Tab, Economy",12.899999999999999,2,0,3.3000000000000003
IN-2015-KN1645058-42109,2015-04-15 00:00:00,KN-1645058,Kean Nguyen,Corporate,India,Asia Pacific,Southern Asia,OFF-BI-6371,Office Supplies,Binders,"Wilson Jones 3-Hole Punch, Economy",27.990000000000002,1,0,3.9000000000000004
CA-2015-NC18535140-42096,2015-04-02 00:00:00,NC-185351404,Nick Crebassa,Corporate,United States,USCA,Western US,FUR-BO-5810,Furniture,Bookcases,"Safco Value Mate Steel Bookcase, Baked Enamel Finish on Steel, Black",482.664,8,0.15,85.17599999999997
CA-2015-NC18535140-42096,2015-04-02 00:00:00,NC-185351404,Nick Crebassa,Corporate,United States,USCA,Western US,TEC-MA-3854,Technology,Machines,Cubify CubeX 3D Printer Double Head Print,4799.9839999999995,2,0.2,359.9987999999996
ES-2015-RB1943545-42107,2015-04-13 00:00:00,RB-1943545,Richard Bierner,Consumer,France,Europe,Western Europe,OFF-PA-4470,Office Supplies,Paper,"Green Bar Memo Slips, 8.5 x 11",21.09,1,0,10.32
MX-2015-PO1885036-42119,2015-04-25 00:00:00,PO-1885036,Patrick O'Brill,Consumer,Dominican Republic,LATAM,Caribbean,OFF-ST-6230,Office Supplies,Storage,"Tenex Box, Single Width",17.631999999999998,2,0.2,5.912000000000001
US-2015-MS1753055-42098,2015-04-04 00:00:00,MS-1753055,MaryBeth Skach,Consumer,Honduras,LATAM,Central America,OFF-LA-4665,Office Supplies,Labels,"Hon Legal Exhibit Labels, Laser Printer Compatible",8.688,2,0.4,-2.6320000000000006
US-2015-CB1253555-42097,2015-04-03 00:00:00,CB-1253555,Claudia Bergmann,Corporate,Honduras,LATAM,Central America,FUR-FU-4040,Furniture,Furnishings,"Eldon Door Stop, Black",20.064,1,0.4,-3.016000000000004
IN-2015-JG1580592-42120,2015-04-26 00:00:00,JG-1580592,John Grady,Corporate,New Zealand,Asia Pacific,Oceania,OFF-PA-4483,Office Supplies,Paper,"Green Bar Parchment Paper, Premium",33.36,2,0,3
US-2015-NH18610140-42103,2015-04-09 00:00:00,NH-186101402,Nicole Hansen,Corporate,United States,USCA,Central US,FUR-FU-5160,Furniture,Furnishings,Luxo Professional Combination Clamp-On Lamps,306.9,3,0,79.794
US-2015-NH18610140-42103,2015-04-09 00:00:00,NH-186101402,Nicole Hansen,Corporate,United States,USCA,Central US,FUR-FU-2871,Furniture,Furnishings,"3M Polarizing Task Lamp with Clamp Arm, Light Gray",273.96,2,0,71.2296
ES-2015-TR2132545-42100,2015-04-06 00:00:00,TR-2132545,Toby Ritter,Consumer,France,Europe,Western Europe,OFF-AR-3454,Office Supplies,Art,"BIC Highlighters, Water Color",22.11,1,0,3.96
MX-2015-RA19915101-42095,2015-04-01 00:00:00,RA-19915101,Russell Applegate,Consumer,Peru,LATAM,South America,OFF-ST-4029,Office Supplies,Storage,"Eldon Box, Industrial",12.888,3,0.4,1.908
CA-2015-NC18625140-42104,2015-04-10 00:00:00,NC-186251406,Noah Childs,Corporate,United States,USCA,Eastern US,OFF-PA-6443,Office Supplies,Paper,Xerox 1893,65.584,2,0.2,23.7742
CA-2015-NC18625140-42104,2015-04-10 00:00:00,NC-186251406,Noah Childs,Corporate,United States,USCA,Eastern US,OFF-BI-6322,Office Supplies,Binders,Tuf-Vin Binders,37.896,4,0.7,-29.053600000000003
CA-2015-NS18640140-42110,2015-04-16 00:00:00,NS-186401404,Noel Staavos,Corporate,United States,USCA,Western US,OFF-PA-6432,Office Supplies,Paper,Xerox 1883,79.14,3,0,36.404399999999995
SA-2015-KH6360110-42118,2015-04-24 00:00:00,KH-6360110,Katherine Hughes,Consumer,Saudi Arabia,Asia Pacific,Western Asia,OFF-FA-5476,Office Supplies,Fasteners,"OIC Rubber Bands, Assorted Sizes",14.52,1,0,4.62
CA-2015-PS18760140-42112,2015-04-18 00:00:00,PS-187601404,Pamela Stobb,Consumer,United States,USCA,Western US,FUR-CH-4429,Furniture,Chairs,"Global Wood Trimmed Manager's Task Chair, Khaki",218.35200000000003,3,0.2,-19.105800000000016
CA-2015-PS18760140-42112,2015-04-18 00:00:00,PS-187601404,Pamela Stobb,Consumer,United States,USCA,Western US,TEC-AC-5145,Technology,Accessories,Logitech Wireless Touch Keyboard K400,274.89,11,0,46.73129999999996
CA-2015-PS18760140-42112,2015-04-18 00:00:00,PS-187601404,Pamela Stobb,Consumer,United States,USCA,Western US,OFF-PA-5674,Office Supplies,Paper,"Rediform S.O.S. 1-Up Phone Message Bk, 4-1/4x3-1/16 Bk, 1 Form/Pg, 40 Messages/Bk, 3/Pk",28.14,3,0,13.507200000000001
CA-2015-PS18760140-42112,2015-04-18 00:00:00,PS-187601404,Pamela Stobb,Consumer,United States,USCA,Western US,OFF-LA-3192,Office Supplies,Labels,Avery 474,23.04,8,0,11.2896
CA-2015-PS18760140-42112,2015-04-18 00:00:00,PS-187601404,Pamela Stobb,Consumer,United States,USCA,Western US,OFF-FA-6192,Office Supplies,Fasteners,Stockwell Push Pins,10.9,5,0,3.5970000000000004
CA-2015-PS18760140-42112,2015-04-18 00:00:00,PS-187601404,Pamela Stobb,Consumer,United States,USCA,Western US,OFF-LA-3239,Office Supplies,Labels,Avery 517,7.38,2,0,3.4686
US-2015-PN18775140-42118,2015-04-24 00:00:00,PN-187751408,Parhena Norris,Home Office,United States,USCA,Southern US,FUR-BO-5522,Furniture,Bookcases,O'Sullivan 4-Shelf Bookcase in Odessa Pine,387.136,4,0.2,-14.51760000000003
CA-2015-PN18775140-42120,2015-04-26 00:00:00,PN-187751408,Parhena Norris,Home Office,United States,USCA,Southern US,OFF-AR-6104,Office Supplies,Art,Stanley Bostitch Contemporary Electric Pencil Sharpeners,67.92,5,0.2,6.792000000000002
CA-2015-PN18775140-42120,2015-04-26 00:00:00,PN-187751408,Parhena Norris,Home Office,United States,USCA,Southern US,OFF-AR-5289,Office Supplies,Art,Newell 312,42.047999999999995,9,0.2,5.2559999999999985
US-2015-PN18775140-42118,2015-04-24 00:00:00,PN-187751408,Parhena Norris,Home Office,United States,USCA,Southern US,TEC-AC-5178,Technology,Accessories,Maxell 4.7GB DVD-R,45.408,2,0.2,11.919599999999999
US-2015-PN18775140-42118,2015-04-24 00:00:00,PN-187751408,Parhena Norris,Home Office,United States,USCA,Southern US,FUR-FU-6235,Furniture,Furnishings,Tenex Chairmats For Use with Hard Floors,77.952,3,0.2,-11.692800000000005
US-2015-PN18775140-42118,2015-04-24 00:00:00,PN-187751408,Parhena Norris,Home Office,United States,USCA,Southern US,OFF-LA-3216,Office Supplies,Labels,Avery 496,3,1,0.2,1.0499999999999998
MX-2015-RF1984082-42124,2015-04-30 00:00:00,RF-1984082,Roy Französisch,Consumer,Mexico,LATAM,Central America,OFF-BI-6399,Office Supplies,Binders,"Wilson Jones Hole Reinforcements, Economy",9.06,3,0,3.6599999999999993
ES-2015-VS2182048-42101,2015-04-07 00:00:00,VS-2182048,Vivek Sundaresam,Consumer,Germany,Europe,Western Europe,OFF-FA-5483,Office Supplies,Fasteners,"OIC Staples, Metal",11.46,1,0,4.68
MX-2015-LP1708018-42110,2015-04-16 00:00:00,LP-1708018,Liz Pelletier,Consumer,Brazil,LATAM,South America,OFF-LA-4534,Office Supplies,Labels,"Harbour Creations File Folder Labels, Adjustable",13.260000000000002,3,0,6.359999999999999
MR-2015-BC112581-42116,2015-04-22 00:00:00,BC-112581,Becky Castell,Home Office,Mauritania,Africa,Western Africa,OFF-BI-2912,Office Supplies,Binders,"Acco Hole Reinforcements, Clear",12.24,2,0,0.48
TU-2015-PB9105134-42095,2015-04-01 00:00:00,PB-9105134,Peter Bühler,Consumer,Turkey,Asia Pacific,Western Asia,OFF-BI-4830,Office Supplies,Binders,"Ibico Index Tab, Economy",8.328000000000001,2,0.6,-5.4719999999999995
TU-2015-BV1245134-42124,2015-04-30 00:00:00,BV-1245134,Benjamin Venier,Corporate,Turkey,Asia Pacific,Western Asia,TEC-AC-5861,Technology,Accessories,"SanDisk Flash Drive, Erganomic",14.939999999999998,1,0.6,-21.689999999999998
CG-2015-DR288033-42104,2015-04-10 00:00:00,DR-288033,Dan Reichenbach,Corporate,Democratic Republic of the Congo,Africa,Central Africa,OFF-FA-6187,Office Supplies,Fasteners,"Stockwell Clamps, Metal",37.92,2,0,0.72
EG-2015-PT909038-42119,2015-04-25 00:00:00,PT-909038,Pete Takahito,Consumer,Egypt,Africa,North Africa,OFF-BI-4809,Office Supplies,Binders,"Ibico Binder Covers, Economy",27.299999999999997,2,0,3.7800000000000002
CA-2015-PL18925140-42111,2015-04-17 00:00:00,PL-189251402,Paul Lucas,Home Office,United States,USCA,Central US,OFF-AR-5303,Office Supplies,Art,Newell 325,16.520000000000003,5,0.2,2.0649999999999986
ES-2015-DR12940139-42104,2015-04-10 00:00:00,DR-12940139,Daniel Raglin,Home Office,United Kingdom,Europe,Northern Europe,OFF-EN-3088,Office Supplies,Envelopes,"Ames Business Envelopes, Recycled",15.336000000000002,1,0.1,2.555999999999999
TU-2015-LP7080134-42099,2015-04-05 00:00:00,LP-7080134,Liz Pelletier,Consumer,Turkey,Asia Pacific,Western Asia,OFF-AR-3448,Office Supplies,Art,"BIC Canvas, Easy-Erase",21.588,1,0.6,-14.051999999999996
TU-2015-AA375134-42116,2015-04-22 00:00:00,AA-375134,Allen Armold,Consumer,Turkey,Asia Pacific,Western Asia,OFF-EN-4911,Office Supplies,Envelopes,"Jiffy Interoffice Envelope, Security-Tint",39.072,2,0.6,-44.988
IN-2015-CG1204058-42111,2015-04-17 00:00:00,CG-1204058,Catherine Glotzbach,Home Office,India,Asia Pacific,Southern Asia,OFF-PA-5893,Office Supplies,Paper,"SanDisk Parchment Paper, Recycled",33.239999999999995,2,0,12.24
ES-2015-SC2080048-42118,2015-04-24 00:00:00,SC-2080048,Stuart Calhoun,Consumer,Germany,Europe,Western Europe,OFF-BI-6402,Office Supplies,Binders,"Wilson Jones Index Tab, Clear",26.595,5,0.1,-0.4050000000000007
ID-2015-WB2185059-42099,2015-04-05 00:00:00,WB-2185059,William Brown,Consumer,Indonesia,Asia Pacific,Southeastern Asia,FUR-FU-5734,Furniture,Furnishings,"Rubbermaid Light Bulb, Erganomic",25.491599999999995,2,0.27,-8.4084
CA-2015-PS19045140-42099,2015-04-05 00:00:00,PS-190451406,Penelope Sewall,Home Office,United States,USCA,Eastern US,OFF-EN-3612,Office Supplies,Envelopes,Brown Kraft Recycled Envelopes,16.98,1,0,8.49
ES-2015-SC2080048-42118,2015-04-24 00:00:00,SC-2080048,Stuart Calhoun,Consumer,Germany,Europe,Western Europe,OFF-PA-4169,Office Supplies,Paper,"Enermax Message Books, Premium",101.25,5,0.1,-6.75
IV-2015-CK232529-42111,2015-04-17 00:00:00,CK-232529,Christine Kargatis,Home Office,Cote d'Ivoire,Africa,Western Africa,TEC-AC-5196,Technology,Accessories,"Memorex Flash Drive, USB",29.61,1,0,2.64
CM-2015-MH762022-42124,2015-04-30 00:00:00,MH-762022,Matt Hagelstein,Corporate,Cameroon,Africa,Central Africa,OFF-SU-4983,Office Supplies,Supplies,"Kleencut Ruler, Serrated",10.26,1,0,2.55
ID-2015-TB215957-42117,2015-04-23 00:00:00,TB-215957,Troy Blackwell,Consumer,Australia,Asia Pacific,Oceania,OFF-EN-3111,Office Supplies,Envelopes,"Ames Peel and Seal, with clear poly window",26.676,2,0.4,-6.264000000000003
IN-2015-CC1237027-42116,2015-04-22 00:00:00,CC-1237027,Christopher Conant,Consumer,China,Asia Pacific,Eastern Asia,OFF-PA-3999,Office Supplies,Paper,"Eaton Message Books, Multicolor",21.99,1,0,5.04
CA-2015-PO19180140-42121,2015-04-27 00:00:00,PO-191801404,Philisse Overcash,Home Office,United States,USCA,Western US,OFF-LA-3196,Office Supplies,Labels,Avery 478,39.28,8,0,19.2472
CA-2015-PO19180140-42121,2015-04-27 00:00:00,PO-191801404,Philisse Overcash,Home Office,United States,USCA,Western US,OFF-PA-6214,Office Supplies,Paper,Strathmore Photo Mount Cards,20.34,3,0,9.356399999999999
ID-2015-SG2060592-42117,2015-04-23 00:00:00,SG-2060592,Speros Goranitis,Consumer,New Zealand,Asia Pacific,Oceania,OFF-BI-6371,Office Supplies,Binders,"Wilson Jones 3-Hole Punch, Economy",16.794,1,0.4,-7.296000000000001
TZ-2015-JD5895129-42096,2015-04-02 00:00:00,JD-5895129,Jonathan Doherty,Corporate,Tanzania,Africa,Eastern Africa,OFF-AR-6114,Office Supplies,Art,"Stanley Markers, Blue",88.8,4,0,7.92
ES-2015-CS11845124-42113,2015-04-19 00:00:00,CS-11845124,Cari Sayre,Corporate,Sweden,Europe,Northern Europe,OFF-FA-6208,Office Supplies,Fasteners,"Stockwell Thumb Tacks, Metal",34.125,5,0.5,-12.375
PL-2015-CC2220103-42115,2015-04-21 00:00:00,CC-2220103,Chris Cortes,Consumer,Poland,Europe,Eastern Europe,OFF-FA-6195,Office Supplies,Fasteners,"Stockwell Push Pins, Bulk Pack",57.480000000000004,4,0,12
IN-2015-LD1700558-42101,2015-04-07 00:00:00,LD-1700558,Lisa DeCherney,Consumer,India,Asia Pacific,Southern Asia,TEC-CO-3591,Technology,Copiers,"Brother Fax and Copier, Color",385.86,2,0,84.84
IT-2015-MP1796545-42109,2015-04-15 00:00:00,MP-1796545,Michael Paige,Corporate,France,Europe,Western Europe,OFF-LA-6050,Office Supplies,Labels,"Smead Removable Labels, 5000 Label Set",10.5,2,0.5,-3.7799999999999994
TU-2015-MP8175134-42119,2015-04-25 00:00:00,MP-8175134,Mike Pelletier,Home Office,Turkey,Asia Pacific,Western Asia,OFF-ST-4060,Office Supplies,Storage,"Eldon Folders, Blue",6.792000000000001,1,0.6,-7.308000000000001
KZ-2015-RL961568-42102,2015-04-08 00:00:00,RL-961568,Rob Lucas,Consumer,Kazakhstan,Asia Pacific,Central Asia,OFF-LA-4552,Office Supplies,Labels,"Harbour Creations Shipping Labels, 5000 Label Set",14.220000000000004,4,0.7,-22.86
US-2015-KM1672018-42096,2015-04-02 00:00:00,KM-1672018,Kunst Miller,Consumer,Brazil,LATAM,South America,OFF-BI-2917,Office Supplies,Binders,"Acco Index Tab, Clear",4.576,2,0.6,-3.783999999999999
TU-2015-CC2670134-42108,2015-04-14 00:00:00,CC-2670134,Craig Carreira,Consumer,Turkey,Asia Pacific,Western Asia,OFF-BI-2896,Office Supplies,Binders,"Acco Binder, Durable",6.66,1,0.6,-5.339999999999998
SF-2015-GB4575117-42117,2015-04-23 00:00:00,GB-4575117,Giulietta Baptist,Consumer,South Africa,Africa,Southern Africa,OFF-PA-4170,Office Supplies,Paper,"Enermax Message Books, Recycled",22.41,1,0,9.84
NI-2015-SS1087595-42117,2015-04-23 00:00:00,SS-1087595,Sung Shariari,Consumer,Nigeria,Africa,Western Africa,OFF-FA-3060,Office Supplies,Fasteners,"Advantus Rubber Bands, 12 Pack",4.806000000000001,1,0.7,-6.893999999999998
MX-2015-MC1742539-42104,2015-04-10 00:00:00,MC-1742539,Mark Cousins,Corporate,El Salvador,LATAM,Central America,OFF-BI-3716,Office Supplies,Binders,"Cardinal Binder Covers, Clear",38.2,5,0,4.9
IN-2015-KF162857-42115,2015-04-21 00:00:00,KF-162857,Karen Ferguson,Home Office,Australia,Asia Pacific,Oceania,OFF-FA-6196,Office Supplies,Fasteners,"Stockwell Push Pins, Metal",12.690000000000001,1,0.1,4.35
IT-2015-PB19210124-42111,2015-04-17 00:00:00,PB-19210124,Phillip Breyer,Corporate,Sweden,Europe,Northern Europe,FUR-FU-4077,Furniture,Furnishings,"Eldon Light Bulb, Erganomic",76.224,8,0.6,-91.536
TU-2015-BV1245134-42124,2015-04-30 00:00:00,BV-1245134,Benjamin Venier,Corporate,Turkey,Asia Pacific,Western Asia,OFF-ST-6247,Office Supplies,Storage,"Tenex File Cart, Industrial",53.652,1,0.6,-55.007999999999996
US-2015-RP19390140-42116,2015-04-22 00:00:00,RP-193901402,Resi Pölking,Consumer,United States,USCA,Central US,OFF-BI-3302,Office Supplies,Binders,Avery Non-Stick Binders,2.6939999999999995,3,0.8,-4.714500000000003
US-2015-RP19390140-42116,2015-04-22 00:00:00,RP-193901402,Resi Pölking,Consumer,United States,USCA,Central US,OFF-BI-6332,Office Supplies,Binders,UniKeep View Case Binders,2.9339999999999993,3,0.8,-4.987800000000002
US-2015-MW1822018-42095,2015-04-01 00:00:00,MW-1822018,Mitch Webber,Consumer,Brazil,LATAM,South America,OFF-FA-6201,Office Supplies,Fasteners,"Stockwell Staples, 12 Pack",5.456,2,0.6,-4.784000000000001
IR-2015-EB384060-42110,2015-04-16 00:00:00,EB-384060,Ellis Ballard,Corporate,Iran,Asia Pacific,Southern Asia,OFF-BI-4807,Office Supplies,Binders,"Ibico Binder Covers, Clear",13.11,1,0,0.8999999999999999
ES-2015-KH1669014-42120,2015-04-26 00:00:00,KH-1669014,Kristen Hastings,Corporate,Belgium,Europe,Western Europe,FUR-FU-4075,Furniture,Furnishings,"Eldon Light Bulb, Duo Pack",25.259999999999998,1,0,10.08
MX-2015-DW1358531-42110,2015-04-16 00:00:00,DW-1358531,Dorothy Wardle,Corporate,Cuba,LATAM,Caribbean,OFF-LA-3314,Office Supplies,Labels,"Avery Round Labels, 5000 Label Set",15.060000000000002,3,0,6.9
US-2015-ME173205-42115,2015-04-21 00:00:00,ME-173205,Maria Etezadi,Home Office,Argentina,LATAM,South America,OFF-SU-4326,Office Supplies,Supplies,"Fiskars Trimmer, High Speed",50.760000000000005,3,0.4,-27.12000000000001
CG-2015-KH651033-42119,2015-04-25 00:00:00,KH-651033,Keith Herrera,Consumer,Democratic Republic of the Congo,Africa,Central Africa,OFF-BI-6379,Office Supplies,Binders,"Wilson Jones Binder, Durable",14.52,1,0,0.5700000000000001
ES-2015-CP1208545-42098,2015-04-04 00:00:00,CP-1208545,Cathy Prescott,Corporate,France,Europe,Western Europe,OFF-EN-3660,Office Supplies,Envelopes,"Cameo Clasp Envelope, with clear poly window",13.049999999999999,1,0,4.68
CG-2015-TH1110033-42116,2015-04-22 00:00:00,TH-1110033,Thea Hendricks,Consumer,Democratic Republic of the Congo,Africa,Central Africa,OFF-AR-6119,Office Supplies,Art,"Stanley Pencil Sharpener, Fluorescent",24.78,1,0,7.92
MX-2015-AS1009082-42099,2015-04-05 00:00:00,AS-1009082,Adam Shillingsburg,Consumer,Mexico,LATAM,Central America,OFF-FA-2948,Office Supplies,Fasteners,"Accos Push Pins, Assorted Sizes",23.939999999999998,3,0,10.260000000000002
MX-2015-KW1657082-42118,2015-04-24 00:00:00,KW-1657082,Kelly Williams,Consumer,Mexico,LATAM,Central America,OFF-BI-2913,Office Supplies,Binders,"Acco Hole Reinforcements, Durable",10.88,2,0,3.4799999999999995
CA-2015-RL19615140-42120,2015-04-26 00:00:00,RL-196151404,Rob Lucas,Consumer,United States,USCA,Western US,FUR-BO-3652,Furniture,Bookcases,"Bush Westfield Collection Bookcases, Medium Cherry Finish",344.98099999999994,7,0.15,28.410200000000017
IV-2015-CK232529-42111,2015-04-17 00:00:00,CK-232529,Christine Kargatis,Home Office,Cote d'Ivoire,Africa,Western Africa,OFF-BI-2894,Office Supplies,Binders,"Acco Binder Covers, Recycled",13.68,1,0,4.08
CA-2015-RW19630140-42108,2015-04-14 00:00:00,RW-196301404,Rob Williams,Corporate,United States,USCA,Western US,OFF-BI-4342,Office Supplies,Binders,GBC DocuBind TL200 Manual Binding Machine,895.92,5,0.2,302.37299999999993
CA-2015-RW19630140-42108,2015-04-14 00:00:00,RW-196301404,Rob Williams,Corporate,United States,USCA,Western US,OFF-PA-6598,Office Supplies,Paper,Xerox 4200 Series MultiUse Premium Copy Paper (20Lb. and 84 Bright),5.28,1,0,2.376
MX-2015-AG1030098-42120,2015-04-26 00:00:00,AG-1030098,Aleksandra Gannaway,Corporate,Panama,LATAM,Central America,OFF-FA-6195,Office Supplies,Fasteners,"Stockwell Push Pins, Bulk Pack",33.552,6,0.4,2.2319999999999935
MX-2015-RW1963018-42105,2015-04-11 00:00:00,RW-1963018,Rob Williams,Corporate,Brazil,LATAM,South America,OFF-SU-2965,Office Supplies,Supplies,"Acme Box Cutter, Easy Grip",52.56,2,0,12.08
MX-2015-HP1481593-42123,2015-04-29 00:00:00,HP-1481593,Harold Pawlan,Home Office,Nicaragua,LATAM,Central America,OFF-LA-3314,Office Supplies,Labels,"Avery Round Labels, 5000 Label Set",15.060000000000002,3,0,6.9
MO-2015-PW903086-42105,2015-04-11 00:00:00,PW-903086,Pauline Webber,Corporate,Morocco,Africa,North Africa,OFF-BI-4809,Office Supplies,Binders,"Ibico Binder Covers, Economy",27.299999999999997,2,0,3.7800000000000002
IN-2015-KN1645058-42109,2015-04-15 00:00:00,KN-1645058,Kean Nguyen,Corporate,India,Asia Pacific,Southern Asia,OFF-FA-6202,Office Supplies,Fasteners,"Stockwell Staples, Assorted Sizes",23.580000000000002,3,0,5.3999999999999995
IT-2015-MP1796545-42109,2015-04-15 00:00:00,MP-1796545,Michael Paige,Corporate,France,Europe,Western Europe,OFF-FA-5469,Office Supplies,Fasteners,"OIC Paper Clips, Bulk Pack",7.215,1,0.5,-0.16499999999999915
IT-2015-MP1796545-42109,2015-04-15 00:00:00,MP-1796545,Michael Paige,Corporate,France,Europe,Western Europe,OFF-PA-4162,Office Supplies,Paper,"Enermax Memo Slips, Recycled",15.57,2,0.5,-9.690000000000001
CA-2015-RF19840140-42111,2015-04-17 00:00:00,RF-198401406,Roy Französisch,Consumer,United States,USCA,Eastern US,OFF-BI-6094,Office Supplies,Binders,SpineVue Locking Slant-D Ring Binders by Cardinal,13.710000000000003,5,0.7,-10.053999999999998
NI-2015-RA928595-42115,2015-04-21 00:00:00,RA-928595,Ralph Arnett,Consumer,Nigeria,Africa,Western Africa,TEC-AC-5865,Technology,Accessories,"SanDisk Keyboard, Erganomic",23.787000000000006,1,0.7,-45.213
NG-2015-RD958594-42115,2015-04-21 00:00:00,RD-958594,Rob Dowd,Consumer,Niger,Africa,Western Africa,OFF-BI-4828,Office Supplies,Binders,"Ibico Index Tab, Clear",33.480000000000004,4,0,12.36
TU-2015-CC2670134-42108,2015-04-14 00:00:00,CC-2670134,Craig Carreira,Consumer,Turkey,Asia Pacific,Western Asia,OFF-FA-6208,Office Supplies,Fasteners,"Stockwell Thumb Tacks, Metal",31.824,6,0.6,-20.735999999999997
SA-2015-MW8220110-42105,2015-04-11 00:00:00,MW-8220110,Mitch Webber,Consumer,Saudi Arabia,Asia Pacific,Western Asia,OFF-LA-6044,Office Supplies,Labels,"Smead Legal Exhibit Labels, Alphabetical",10.919999999999998,1,0,1.2000000000000002
US-2015-KM167205-42096,2015-04-02 00:00:00,KM-167205,Kunst Miller,Consumer,Argentina,LATAM,South America,OFF-BI-2917,Office Supplies,Binders,"Acco Index Tab, Clear",3.432000000000001,2,0.7,-4.928
IN-2015-DM1334527-42095,2015-04-01 00:00:00,DM-1334527,Denise Monton,Corporate,China,Asia Pacific,Eastern Asia,OFF-LA-6044,Office Supplies,Labels,"Smead Legal Exhibit Labels, Alphabetical",21.839999999999996,2,0,7.38
ES-2015-KW1643548-42101,2015-04-07 00:00:00,KW-1643548,Katrina Willman,Consumer,Germany,Europe,Western Europe,OFF-FA-2958,Office Supplies,Fasteners,"Accos Staples, Metal",33.21,3,0,6.57
CA-2015-RD19930140-42105,2015-04-11 00:00:00,RD-199301402,Russell D'Ascenzo,Consumer,United States,USCA,Central US,TEC-AC-5149,Technology,Accessories,Logitech MX Performance Wireless Mouse,95.736,3,0.2,20.3439
CA-2015-RD19930140-42105,2015-04-11 00:00:00,RD-199301402,Russell D'Ascenzo,Consumer,United States,USCA,Central US,OFF-PA-6444,Office Supplies,Paper,Xerox 1894,10.368000000000002,2,0.2,3.6288
IN-2015-CG1204058-42111,2015-04-17 00:00:00,CG-1204058,Catherine Glotzbach,Home Office,India,Asia Pacific,Southern Asia,OFF-ST-6231,Office Supplies,Storage,"Tenex Box, Wire Frame",31.139999999999997,2,0,10.86
CA-2015-SK19990140-42118,2015-04-24 00:00:00,SK-199901406,Sally Knutson,Consumer,United States,USCA,Eastern US,OFF-SU-2963,Office Supplies,Supplies,"Acme 10"" Easy Grip Assistive Scissors",122.71000000000001,7,0,36.81299999999999
CA-2015-SK19990140-42118,2015-04-24 00:00:00,SK-199901406,Sally Knutson,Consumer,United States,USCA,Eastern US,OFF-AP-6318,Office Supplies,Appliances,Tripp Lite Isotel 6 Outlet Surge Protector with Fax/Modem Protection,121.94,2,0,35.362599999999986
IR-2015-BW111060-42112,2015-04-18 00:00:00,BW-111060,Bart Watters,Corporate,Iran,Asia Pacific,Southern Asia,OFF-BI-4810,Office Supplies,Binders,"Ibico Binder Covers, Recycled",14.01,1,0,5.16
TU-2015-AG675134-42099,2015-04-05 00:00:00,AG-675134,Anna Gayman,Consumer,Turkey,Asia Pacific,Western Asia,OFF-PA-4145,Office Supplies,Paper,"Enermax Cards & Envelopes, Premium",18.84,1,0.6,-14.610000000000003
US-2015-SC20050140-42106,2015-04-12 00:00:00,SC-200501402,Sample Company A,Home Office,United States,USCA,Central US,OFF-BI-4330,Office Supplies,Binders,Flexible Leather- Look Classic Collection Ring Binder,11.363999999999997,3,0.8,-17.046
US-2015-MW1822018-42095,2015-04-01 00:00:00,MW-1822018,Mitch Webber,Consumer,Brazil,LATAM,South America,OFF-BI-3293,Office Supplies,Binders,"Avery Index Tab, Clear",3.088,2,0.6,-1.7920000000000003
EG-2015-BP118538-42098,2015-04-04 00:00:00,BP-118538,Ben Peterman,Corporate,Egypt,Africa,North Africa,OFF-LA-5393,Office Supplies,Labels,"Novimex Removable Labels, Laser Printer Compatible",9.69,1,0,4.14
IR-2015-CA205560-42111,2015-04-17 00:00:00,CA-205560,Cathy Armstrong,Home Office,Iran,Asia Pacific,Southern Asia,OFF-AR-5926,Office Supplies,Art,"Sanford Pens, Fluorescent",12.36,1,0,3.4499999999999997
US-2015-RR1952518-42097,2015-04-03 00:00:00,RR-1952518,Rick Reed,Corporate,Brazil,LATAM,South America,OFF-LA-4665,Office Supplies,Labels,"Hon Legal Exhibit Labels, Laser Printer Compatible",5.792000000000001,2,0.6,-5.5280000000000005
CA-2015-SJ20125140-42115,2015-04-21 00:00:00,SJ-201251402,Sanjit Jacobs,Home Office,United States,USCA,Central US,FUR-FU-4032,Furniture,Furnishings,Eldon Cleatmat Chair Mats for Medium Pile Carpets,44.400000000000006,2,0.6,-52.16999999999999
CA-2015-SJ20125140-42105,2015-04-11 00:00:00,SJ-201251406,Sanjit Jacobs,Home Office,United States,USCA,Eastern US,OFF-FA-5459,Office Supplies,Fasteners,OIC Binder Clips,7.16,2,0,3.58
MX-2015-ES1402028-42105,2015-04-11 00:00:00,ES-1402028,Erica Smith,Consumer,Colombia,LATAM,South America,OFF-BI-6400,Office Supplies,Binders,"Wilson Jones Hole Reinforcements, Recycled",6.5200000000000005,2,0,1.7600000000000002
CA-2015-SJ20125140-42105,2015-04-11 00:00:00,SJ-201251406,Sanjit Jacobs,Home Office,United States,USCA,Eastern US,OFF-PA-6421,Office Supplies,Paper,"Wirebound Message Books, Two 4 1/4"" x 5"" Forms per Page",7.61,1,0,3.5766999999999998
RO-2015-CV2805107-42112,2015-04-18 00:00:00,CV-2805107,Cynthia Voltz,Corporate,Romania,Europe,Eastern Europe,OFF-AR-5925,Office Supplies,Art,"Sanford Pens, Easy-Erase",11.370000000000001,1,0,2.61
MX-2015-MP1817528-42103,2015-04-09 00:00:00,MP-1817528,Mike Pelletier,Home Office,Colombia,LATAM,South America,OFF-BI-3294,Office Supplies,Binders,"Avery Index Tab, Durable",17.84,4,0,4.56
UG-2015-SU10665136-42103,2015-04-09 00:00:00,SU-10665136,Stephanie Ulpright,Home Office,Uganda,Africa,Eastern Africa,OFF-BI-3718,Office Supplies,Binders,"Cardinal Binder Covers, Economy",3.6000000000000005,1,0.7,-7.919999999999998
US-2015-BS1138098-42097,2015-04-03 00:00:00,BS-1138098,Bill Stewart,Corporate,Panama,LATAM,Central America,OFF-LA-4688,Office Supplies,Labels,"Hon Round Labels, Laser Printer Compatible",13.319999999999999,5,0.4,0.4199999999999989
CA-2015-SJ20215140-42115,2015-04-21 00:00:00,SJ-202151402,Sarah Jordon,Consumer,United States,USCA,Central US,FUR-CH-3977,Furniture,Chairs,DMI Arturo Collection Mission-style Design Wood Chair,317.058,3,0.3,-18.117599999999996
NI-2015-JE571595-42112,2015-04-18 00:00:00,JE-571595,Joe Elijah,Consumer,Nigeria,Africa,Western Africa,OFF-BI-3293,Office Supplies,Binders,"Avery Index Tab, Clear",6.948000000000001,4,0.7,-9.972
CA-2015-SJ20215140-42115,2015-04-21 00:00:00,SJ-202151402,Sarah Jordon,Consumer,United States,USCA,Central US,OFF-AR-5156,Office Supplies,Art,Lumber Crayons,15.76,2,0.2,3.5460000000000007
CA-2015-SJ20215140-42115,2015-04-21 00:00:00,SJ-202151402,Sarah Jordon,Consumer,United States,USCA,Central US,FUR-FU-5174,Furniture,Furnishings,"Master Caster Door Stop, Large Neon Orange",14.560000000000002,5,0.6,-6.187999999999999
MX-2015-RW1963018-42105,2015-04-11 00:00:00,RW-1963018,Rob Williams,Corporate,Brazil,LATAM,South America,OFF-LA-4536,Office Supplies,Labels,"Harbour Creations File Folder Labels, Laser Printer Compatible",11.640000000000002,2,0,1.36
IR-2015-CA205560-42111,2015-04-17 00:00:00,CA-205560,Cathy Armstrong,Home Office,Iran,Asia Pacific,Southern Asia,OFF-BI-6397,Office Supplies,Binders,"Wilson Jones Hole Reinforcements, Clear",7.98,2,0,0.8400000000000001
IN-2015-RS1976511-42098,2015-04-04 00:00:00,RS-1976511,Roland Schwarz,Corporate,Bangladesh,Asia Pacific,Southern Asia,OFF-LA-4536,Office Supplies,Labels,"Harbour Creations File Folder Labels, Laser Printer Compatible",17.46,2,0,6.0600000000000005
IN-2015-SO20335144-42109,2015-04-15 00:00:00,SO-20335144,Sean O'Donnell,Consumer,Vietnam,Asia Pacific,Southeastern Asia,OFF-BI-4824,Office Supplies,Binders,"Ibico Hole Reinforcements, Durable",35.2335,5,0.17,1.1834999999999987
CA-2015-SC20260140-42095,2015-04-01 00:00:00,SC-202601402,Scott Cohen,Corporate,United States,USCA,Central US,OFF-AP-4240,Office Supplies,Appliances,Fellowes 8 Outlet Superior Workstation Surge Protector w/o Phone/Fax/Modem Protection,33.61999999999999,5,0.8,-90.77400000000003
NI-2015-JO514595-42110,2015-04-16 00:00:00,JO-514595,Jack O'Briant,Corporate,Nigeria,Africa,Western Africa,OFF-AR-6126,Office Supplies,Art,"Stanley Sketch Pad, Easy-Erase",13.410000000000004,1,0.7,-22.799999999999997
MD-2015-VB1174583-42095,2015-04-01 00:00:00,VB-1174583,Victoria Brennan,Corporate,Moldova,Europe,Eastern Europe,OFF-BI-3735,Office Supplies,Binders,"Cardinal Hole Reinforcements, Economy",5.340000000000001,1,0,2.16
US-2015-ME173205-42115,2015-04-21 00:00:00,ME-173205,Maria Etezadi,Home Office,Argentina,LATAM,South America,OFF-FA-2941,Office Supplies,Fasteners,"Accos Clamps, Assorted Sizes",26.928000000000008,4,0.4,-5.872000000000007
TU-2015-MZ7335134-42119,2015-04-25 00:00:00,MZ-7335134,Maria Zettner,Home Office,Turkey,Asia Pacific,Western Asia,OFF-FA-5463,Office Supplies,Fasteners,"OIC Clamps, Assorted Sizes",6.888,1,0.6,-4.151999999999999
CA-2015-SC20305140-42118,2015-04-24 00:00:00,SC-203051402,Sean Christensen,Consumer,United States,USCA,Central US,TEC-AC-6316,Technology,Accessories,"TRENDnet 56K USB 2.0 Phone, Internet and Fax Modem",155.34,6,0,55.922399999999996
US-2015-FH1436598-42096,2015-04-02 00:00:00,FH-1436598,Fred Hopkins,Corporate,Panama,LATAM,Central America,OFF-AR-5927,Office Supplies,Art,"Sanford Pens, Water Color",5.712,1,0.4,-0.7680000000000007
ES-2015-MH1802545-42111,2015-04-17 00:00:00,MH-1802545,Michelle Huthwaite,Consumer,France,Europe,Western Europe,OFF-LA-3273,Office Supplies,Labels,"Avery File Folder Labels, Alphabetical",26.82,3,0,8.82
CA-2015-SO20335140-42118,2015-04-24 00:00:00,SO-203351404,Sean O'Donnell,Consumer,United States,USCA,Western US,FUR-FU-4071,Furniture,Furnishings,"Eldon Imàge Series Desk Accessories, Clear",11.664000000000001,3,0.2,3.3534000000000006
CA-2015-SO20335140-42118,2015-04-24 00:00:00,SO-203351404,Sean O'Donnell,Consumer,United States,USCA,Western US,OFF-FA-6129,Office Supplies,Fasteners,Staples,18.688,2,0.2,7.008
TU-2015-LP7080134-42099,2015-04-05 00:00:00,LP-7080134,Liz Pelletier,Consumer,Turkey,Asia Pacific,Western Asia,OFF-SU-4974,Office Supplies,Supplies,"Kleencut Box Cutter, High Speed",13.86,1,0.6,-20.79
TU-2015-MP8175134-42119,2015-04-25 00:00:00,MP-8175134,Mike Pelletier,Home Office,Turkey,Asia Pacific,Western Asia,OFF-BI-6380,Office Supplies,Binders,"Wilson Jones Binder, Economy",5.208,1,0.6,-3.791999999999999
ES-2015-KW1643548-42101,2015-04-07 00:00:00,KW-1643548,Katrina Willman,Consumer,Germany,Europe,Western Europe,OFF-LA-5399,Office Supplies,Labels,"Novimex Round Labels, Adjustable",8.34,2,0,2.2800000000000002
ID-2015-LC1705092-42098,2015-04-04 00:00:00,LC-1705092,Liz Carlisle,Consumer,New Zealand,Asia Pacific,Oceania,TEC-AC-5128,Technology,Accessories,"Logitech Mouse, Programmable",36.93600000000001,2,0.4,-19.704000000000008
EG-2015-MM792038-42117,2015-04-23 00:00:00,MM-792038,Michael Moore,Consumer,Egypt,Africa,North Africa,OFF-BI-6400,Office Supplies,Binders,"Wilson Jones Hole Reinforcements, Recycled",4.890000000000001,1,0,1.17
CA-2015-SH20395140-42110,2015-04-16 00:00:00,SH-203951408,Shahid Hopkins,Consumer,United States,USCA,Southern US,OFF-AR-4237,Office Supplies,Art,Faber Castell Col-Erase Pencils,4.89,1,0,2.0049
ML-2015-TM1149079-42124,2015-04-30 00:00:00,TM-1149079,Tony Molinari,Consumer,Mali,Africa,Western Africa,OFF-BI-4814,Office Supplies,Binders,"Ibico Binder, Recycled",15.839999999999998,1,0,1.26
IN-2015-CD1279078-42122,2015-04-28 00:00:00,CD-1279078,Cynthia Delaney,Home Office,Malaysia,Asia Pacific,Southeastern Asia,OFF-EN-4906,Office Supplies,Envelopes,"Jiffy Clasp Envelope, Recycled",21.959999999999994,3,0,6.12
CA-2015-SR20425140-42112,2015-04-18 00:00:00,SR-204251404,Sharelle Roach,Home Office,United States,USCA,Western US,TEC-MA-5082,Technology,Machines,Lexmark MX611dhe Monochrome Laser Printer,2549.9850000000006,5,0.7,-3399.980000000001
CA-2015-SR20425140-42112,2015-04-18 00:00:00,SR-204251404,Sharelle Roach,Home Office,United States,USCA,Western US,OFF-BI-4375,Office Supplies,Binders,GBC VeloBinder Manual Binding System,21.594000000000005,2,0.7,-15.8356
NI-2015-LS723095-42095,2015-04-01 00:00:00,LS-723095,Lycoris Saunders,Consumer,Nigeria,Africa,Western Africa,OFF-FA-5464,Office Supplies,Fasteners,"OIC Clamps, Bulk Pack",5.931000000000002,1,0.7,-3.969000000000001
CA-2015-SR20425140-42112,2015-04-18 00:00:00,SR-204251404,Sharelle Roach,Home Office,United States,USCA,Western US,OFF-BI-4885,Office Supplies,Binders,Insertable Tab Post Binder Dividers,12.030000000000001,5,0.7,-9.222999999999999
CA-2015-SR20425140-42112,2015-04-18 00:00:00,SR-204251404,Sharelle Roach,Home Office,United States,USCA,Western US,OFF-PA-6589,Office Supplies,Paper,Xerox 225,20.736000000000004,4,0.2,7.2576
CA-2015-SR20425140-42112,2015-04-18 00:00:00,SR-204251404,Sharelle Roach,Home Office,United States,USCA,Western US,OFF-BI-3729,Office Supplies,Binders,Cardinal Holdit Business Card Pockets,8.964000000000002,6,0.7,-6.573599999999999
UP-2015-FH4365137-42112,2015-04-18 00:00:00,FH-4365137,Fred Hopkins,Corporate,Ukraine,Europe,Eastern Europe,OFF-PA-6611,Office Supplies,Paper,"Xerox Memo Slips, Premium",13.530000000000001,1,0,3.24
NG-2015-RD958594-42115,2015-04-21 00:00:00,RD-958594,Rob Dowd,Consumer,Niger,Africa,Western Africa,OFF-ST-6251,Office Supplies,Storage,"Tenex Folders, Single Width",23.25,1,0,4.86
ML-2015-TM1149079-42124,2015-04-30 00:00:00,TM-1149079,Tony Molinari,Consumer,Mali,Africa,Western Africa,OFF-EN-3093,Office Supplies,Envelopes,"Ames Clasp Envelope, Set of 50",14.399999999999999,2,0,6.48
US-2015-SD20485140-42110,2015-04-16 00:00:00,SD-204851402,Shirley Daniels,Home Office,United States,USCA,Central US,OFF-PA-6569,Office Supplies,Paper,Xerox 207,20.736000000000004,4,0.2,7.2576
TU-2015-CC2670134-42108,2015-04-14 00:00:00,CC-2670134,Craig Carreira,Consumer,Turkey,Asia Pacific,Western Asia,FUR-FU-6236,Furniture,Furnishings,"Tenex Clock, Black",20.1,1,0.6,-17.61
US-2015-SJ20500140-42116,2015-04-22 00:00:00,SJ-205001402,Shirley Jackson,Consumer,United States,USCA,Central US,OFF-AP-2889,Office Supplies,Appliances,"Acco 7-Outlet Masterpiece Power Center, Wihtout Fax/Phone Line Protection",97.26399999999998,4,0.8,-243.16000000000008
MX-2015-IM1505582-42110,2015-04-16 00:00:00,IM-1505582,Ionia McGrath,Consumer,Mexico,LATAM,Central America,OFF-FA-3044,Office Supplies,Fasteners,"Advantus Paper Clips, Assorted Sizes",18.6,2,0,6.12
IT-2015-AJ10795120-42111,2015-04-17 00:00:00,AJ-10795120,Anthony Johnson,Corporate,Spain,Europe,Southern Europe,OFF-BI-2912,Office Supplies,Binders,"Acco Hole Reinforcements, Clear",12.24,2,0,0.48
KZ-2015-LH715568-42111,2015-04-17 00:00:00,LH-715568,Logan Haushalter,Consumer,Kazakhstan,Asia Pacific,Central Asia,OFF-FA-6193,Office Supplies,Fasteners,"Stockwell Push Pins, 12 Pack",8.280000000000001,2,0.7,-16.56
UG-2015-SU10665136-42103,2015-04-09 00:00:00,SU-10665136,Stephanie Ulpright,Home Office,Uganda,Africa,Eastern Africa,OFF-ST-4106,Office Supplies,Storage,"Eldon Trays, Industrial",14.535,1,0.7,-11.144999999999992
CA-2015-SG20605140-42120,2015-04-26 00:00:00,SG-206051404,Speros Goranitis,Consumer,United States,USCA,Western US,TEC-AC-6074,Technology,Accessories,Sony 64GB Class 10 Micro SDHC R40 Memory Card,107.97,3,0,22.6737
NI-2015-CC255095-42098,2015-04-04 00:00:00,CC-255095,Clay Cheatham,Consumer,Nigeria,Africa,Western Africa,OFF-BI-4809,Office Supplies,Binders,"Ibico Binder Covers, Economy",4.095,1,0.7,-7.664999999999997
NI-2015-RA928595-42115,2015-04-21 00:00:00,RA-928595,Ralph Arnett,Consumer,Nigeria,Africa,Western Africa,OFF-FA-5464,Office Supplies,Fasteners,"OIC Clamps, Bulk Pack",5.931000000000002,1,0.7,-3.969000000000001
US-2015-JH1582055-42122,2015-04-28 00:00:00,JH-1582055,John Huston,Consumer,Honduras,LATAM,Central America,OFF-PA-4464,Office Supplies,Paper,"Green Bar Cards & Envelopes, Recycled",19.32,1,0.4,-6.780000000000004
IN-2015-TZ215807-42124,2015-04-30 00:00:00,TZ-215807,Tracy Zic,Consumer,Australia,Asia Pacific,Oceania,OFF-ST-4252,Office Supplies,Storage,"Fellowes Box, Single Width",17.739,1,0.1,-0.41100000000000003
US-2015-TS2108555-42101,2015-04-07 00:00:00,TS-2108555,Thais Sissman,Consumer,Honduras,LATAM,Central America,OFF-AR-5924,Office Supplies,Art,"Sanford Pens, Blue",8.879999999999999,2,0.4,-0.4799999999999997
TU-2015-AG675134-42099,2015-04-05 00:00:00,AG-675134,Anna Gayman,Consumer,Turkey,Asia Pacific,Western Asia,OFF-AR-3464,Office Supplies,Art,"BIC Pens, Blue",5.712,1,0.6,-7.007999999999999
US-2015-MW182205-42095,2015-04-01 00:00:00,MW-182205,Mitch Webber,Consumer,Argentina,LATAM,South America,OFF-BI-3293,Office Supplies,Binders,"Avery Index Tab, Clear",2.3160000000000003,2,0.7,-2.5640000000000005
SF-2015-JH5910117-42122,2015-04-28 00:00:00,JH-5910117,Jonathan Howell,Consumer,South Africa,Africa,Southern Africa,OFF-BI-3252,Office Supplies,Binders,"Avery Binder, Durable",14.399999999999999,1,0,0.72
CA-2015-SA20830140-42104,2015-04-10 00:00:00,SA-208301408,Sue Ann Reed,Consumer,United States,USCA,Southern US,OFF-PA-6467,Office Supplies,Paper,Xerox 1915,251.64,3,0.2,88.07399999999998
CA-2015-SA20830140-42104,2015-04-10 00:00:00,SA-208301408,Sue Ann Reed,Consumer,United States,USCA,Southern US,OFF-LA-3198,Office Supplies,Labels,Avery 48,15.120000000000001,3,0.2,4.913999999999999
CA-2015-SA20830140-42098,2015-04-04 00:00:00,SA-208301402,Sue Ann Reed,Consumer,United States,USCA,Central US,OFF-AR-5631,Office Supplies,Art,Prang Colored Pencils,7.055999999999999,3,0.2,2.205
CA-2015-SA20830140-42104,2015-04-10 00:00:00,SA-208301408,Sue Ann Reed,Consumer,United States,USCA,Southern US,OFF-BI-3245,Office Supplies,Binders,Avery Arch Ring Binders,17.430000000000003,1,0.7,-13.363000000000003
ES-2015-SC2080048-42118,2015-04-24 00:00:00,SC-2080048,Stuart Calhoun,Consumer,Germany,Europe,Western Europe,OFF-LA-6045,Office Supplies,Labels,"Smead Legal Exhibit Labels, Laser Printer Compatible",29.97,3,0.1,-1.35
MX-2015-IM1507051-42104,2015-04-10 00:00:00,IM-1507051,Irene Maddox,Consumer,Guatemala,LATAM,Central America,OFF-LA-3271,Office Supplies,Labels,"Avery File Folder Labels, 5000 Label Set",6.34,1,0,0.8800000000000001
US-2015-JL1517536-42105,2015-04-11 00:00:00,JL-1517536,James Lanier,Home Office,Dominican Republic,LATAM,Caribbean,OFF-BI-2914,Office Supplies,Binders,"Acco Hole Reinforcements, Economy",3.5520000000000005,1,0.2,-0.14800000000000005
IR-2015-CA205560-42111,2015-04-17 00:00:00,CA-205560,Cathy Armstrong,Home Office,Iran,Asia Pacific,Southern Asia,OFF-BI-3722,Office Supplies,Binders,"Cardinal Binder, Economy",13.829999999999998,1,0,5.1
TU-2015-CS2355134-42101,2015-04-07 00:00:00,CS-2355134,Christine Sundaresam,Consumer,Turkey,Asia Pacific,Western Asia,OFF-BI-3188,Office Supplies,Binders,"Avery 3-Hole Punch, Economy",11.148000000000003,1,0.6,-2.802000000000003
US-2015-MC1813098-42106,2015-04-12 00:00:00,MC-1813098,Mike Caudle,Corporate,Panama,LATAM,Central America,OFF-LA-4536,Office Supplies,Labels,"Harbour Creations File Folder Labels, Laser Printer Compatible",3.492,1,0.4,-1.6480000000000004
CA-2015-SV20935140-42119,2015-04-25 00:00:00,SV-209351404,Susan Vittorini,Consumer,United States,USCA,Western US,TEC-PH-3164,Technology,Phones,AT&T 841000 Phone,552,10,0.2,34.5
NI-2015-FH435095-42103,2015-04-09 00:00:00,FH-435095,Fred Harton,Consumer,Nigeria,Africa,Western Africa,FUR-FU-3023,Furniture,Furnishings,"Advantus Clock, Black",15.417000000000005,1,0.7,-21.093000000000007
CA-2015-TD20995140-42118,2015-04-24 00:00:00,TD-209951406,Tamara Dahlen,Consumer,United States,USCA,Eastern US,OFF-SU-4323,Office Supplies,Supplies,Fiskars Softgrip Scissors,54.900000000000006,5,0,15.372000000000003
ES-2015-AS1028564-42109,2015-04-15 00:00:00,AS-1028564,Alejandro Savely,Corporate,Italy,Europe,Southern Europe,OFF-PA-6619,Office Supplies,Paper,"Xerox Note Cards, Premium",79.10999999999999,3,0,15.75
US-2015-JC1538598-42102,2015-04-08 00:00:00,JC-1538598,Jenna Caffey,Consumer,Panama,LATAM,Central America,OFF-BI-4815,Office Supplies,Binders,"Ibico Binding Machine, Clear",20.351999999999997,1,0.4,-11.548
US-2015-PR1888055-42116,2015-04-22 00:00:00,PR-1888055,Patrick Ryan,Consumer,Honduras,LATAM,Central America,TEC-MA-4192,Technology,Machines,"Epson Calculator, Wireless",18.564,2,0.7,-23.516
TZ-2015-JD5895129-42096,2015-04-02 00:00:00,JD-5895129,Jonathan Doherty,Corporate,Tanzania,Africa,Eastern Africa,OFF-LA-3317,Office Supplies,Labels,"Avery Round Labels, Laser Printer Compatible",14.28,2,0,3.54
ES-2015-MH1802545-42111,2015-04-17 00:00:00,MH-1802545,Michelle Huthwaite,Consumer,France,Europe,Western Europe,OFF-PA-5852,Office Supplies,Paper,"SanDisk Computer Printout Paper, Multicolor",31.200000000000003,1,0,4.050000000000001
IT-2015-LW1712591-42111,2015-04-17 00:00:00,LW-1712591,Liz Willingham,Consumer,Netherlands,Europe,Western Europe,OFF-BI-6376,Office Supplies,Binders,"Wilson Jones Binder Covers, Economy",11.19,2,0.5,-5.43
UP-2015-JA5970137-42122,2015-04-28 00:00:00,JA-5970137,Joseph Airdo,Consumer,Ukraine,Europe,Eastern Europe,OFF-FA-6200,Office Supplies,Fasteners,"Stockwell Rubber Bands, Metal",16.65,1,0,7.98
ES-2015-LA1678048-42124,2015-04-30 00:00:00,LA-1678048,Laura Armstrong,Corporate,Germany,Europe,Western Europe,OFF-SU-2965,Office Supplies,Supplies,"Acme Box Cutter, Easy Grip",78.83999999999999,2,0,38.58
ES-2015-RA1988545-42104,2015-04-10 00:00:00,RA-1988545,Ruben Ausman,Corporate,France,Europe,Western Europe,OFF-AR-5921,Office Supplies,Art,"Sanford Pencil Sharpener, Easy-Erase",54.17999999999999,2,0,27.06
ES-2015-JS1603034-42112,2015-04-18 00:00:00,JS-1603034,Joy Smith,Consumer,Denmark,Europe,Northern Europe,OFF-BI-6402,Office Supplies,Binders,"Wilson Jones Index Tab, Clear",2.955,1,0.5,-2.4450000000000003
US-2015-AM1036055-42102,2015-04-08 00:00:00,AM-1036055,Alice McCarthy,Corporate,Honduras,LATAM,Central America,OFF-ST-4250,Office Supplies,Storage,"Fellowes Box, Blue",23.615999999999996,3,0.4,-0.804000000000002
US-2015-PR1888055-42116,2015-04-22 00:00:00,PR-1888055,Patrick Ryan,Consumer,Honduras,LATAM,Central America,OFF-SU-4138,Office Supplies,Supplies,"Elite Trimmer, Steel",65.712,4,0.4,-0.04800000000000182
CA-2015-TA21385140-42099,2015-04-05 00:00:00,TA-213851406,Tom Ashbrook,Home Office,United States,USCA,Eastern US,OFF-AR-5304,Office Supplies,Art,Newell 326,7.04,4,0,2.0416
IN-2015-LA16780102-42095,2015-04-01 00:00:00,LA-16780102,Laura Armstrong,Corporate,Philippines,Asia Pacific,Southeastern Asia,OFF-BI-6403,Office Supplies,Binders,"Wilson Jones Index Tab, Durable",33.787499999999994,5,0.15000000000000002,1.0874999999999995
IN-2015-NZ1856511-42096,2015-04-02 00:00:00,NZ-1856511,Nick Zandusky,Home Office,Bangladesh,Asia Pacific,Southern Asia,OFF-PA-4467,Office Supplies,Paper,"Green Bar Computer Printout Paper, Multicolor",93.51,3,0,20.52
CA-2015-TC21475140-42097,2015-04-03 00:00:00,TC-214751408,Tony Chapman,Home Office,United States,USCA,Southern US,TEC-AC-5280,Technology,Accessories,NETGEAR N750 Dual Band Wi-Fi Gigabit Router,360,4,0,129.6
CA-2015-TC21475140-42097,2015-04-03 00:00:00,TC-214751408,Tony Chapman,Home Office,United States,USCA,Southern US,FUR-TA-3411,Furniture,Tables,Bevis 44 x 96 Conference Tables,411.8,2,0,70.00599999999997
US-2015-AH1021036-42117,2015-04-23 00:00:00,AH-1021036,Alan Hwang,Consumer,Dominican Republic,LATAM,Caribbean,OFF-LA-4542,Office Supplies,Labels,"Harbour Creations Removable Labels, Adjustable",17.184,3,0.2,-0.21599999999999966
TU-2015-AA375134-42116,2015-04-22 00:00:00,AA-375134,Allen Armold,Consumer,Turkey,Asia Pacific,Western Asia,OFF-EN-4906,Office Supplies,Envelopes,"Jiffy Clasp Envelope, Recycled",2.9279999999999995,1,0.6,-0.8219999999999987
SF-2015-RS9420117-42118,2015-04-24 00:00:00,RS-9420117,Ricardo Sperren,Corporate,South Africa,Africa,Southern Africa,OFF-BI-4828,Office Supplies,Binders,"Ibico Index Tab, Clear",8.370000000000001,1,0,3.09
MX-2015-MT1807082-42105,2015-04-11 00:00:00,MT-1807082,Michelle Tran,Home Office,Mexico,LATAM,Central America,OFF-BI-3733,Office Supplies,Binders,"Cardinal Hole Reinforcements, Clear",12.8,4,0,2.88
MX-2015-AG1030098-42120,2015-04-26 00:00:00,AG-1030098,Aleksandra Gannaway,Corporate,Panama,LATAM,Central America,OFF-FA-5474,Office Supplies,Fasteners,"OIC Push Pins, Metal",18.035999999999994,3,0.4,-3.6239999999999997
NI-2015-RL961595-42104,2015-04-10 00:00:00,RL-961595,Rob Lucas,Consumer,Nigeria,Africa,Western Africa,OFF-SU-4322,Office Supplies,Supplies,"Fiskars Shears, Steel",14.112000000000002,1,0.7,-19.307999999999996
MX-2015-JG1531082-42109,2015-04-15 00:00:00,JG-1531082,Jason Gross,Corporate,Mexico,LATAM,Central America,OFF-EN-3091,Office Supplies,Envelopes,"Ames Clasp Envelope, Recycled",16,4,0,2.4
MX-2015-SC2057582-42117,2015-04-23 00:00:00,SC-2057582,Sonia Cooley,Consumer,Mexico,LATAM,Central America,OFF-EN-5043,Office Supplies,Envelopes,"Kraft Peel and Seal, Set of 50",40.98,3,0,15.960000000000003
IN-2015-DK12985144-42112,2015-04-18 00:00:00,DK-12985144,Darren Koutras,Consumer,Vietnam,Asia Pacific,Southeastern Asia,OFF-AR-5912,Office Supplies,Art,"Sanford Highlighters, Fluorescent",28.236599999999996,2,0.17,5.436600000000001
ES-2015-DC1285045-42111,2015-04-17 00:00:00,DC-1285045,Dan Campbell,Consumer,France,Europe,Western Europe,OFF-AR-3484,Office Supplies,Art,"Binney & Smith Highlighters, Water Color",39.54,2,0,16.56
ID-2015-SV20935102-42118,2015-04-24 00:00:00,SV-20935102,Susan Vittorini,Consumer,Philippines,Asia Pacific,Southeastern Asia,OFF-BI-3293,Office Supplies,Binders,"Avery Index Tab, Clear",10.761,2,0.15000000000000002,4.1610000000000005
ES-2015-KW1643548-42101,2015-04-07 00:00:00,KW-1643548,Katrina Willman,Consumer,Germany,Europe,Western Europe,OFF-BI-6405,Office Supplies,Binders,"Wilson Jones Index Tab, Recycled",13.620000000000001,2,0,3.7800000000000002
NI-2015-RA928595-42115,2015-04-21 00:00:00,RA-928595,Ralph Arnett,Consumer,Nigeria,Africa,Western Africa,FUR-CH-4633,Furniture,Chairs,"Hon Chairmat, Set of Two",17.334000000000003,1,0.7,-27.755999999999997
CA-2015-YS21880140-42108,2015-04-14 00:00:00,YS-218801404,Yana Sorensen,Corporate,United States,USCA,Western US,FUR-CH-4429,Furniture,Chairs,"Global Wood Trimmed Manager's Task Chair, Khaki",436.70400000000006,6,0.2,-38.21160000000003
UP-2015-AR510137-42106,2015-04-12 00:00:00,AR-510137,Andrew Roberts,Consumer,Ukraine,Europe,Eastern Europe,FUR-FU-6260,Furniture,Furnishings,"Tenex Light Bulb, Erganomic",17.549999999999997,1,0,0.8699999999999999
IN-2015-AF1087058-42111,2015-04-17 00:00:00,AF-1087058,Art Ferguson,Consumer,India,Asia Pacific,Southern Asia,OFF-LA-4536,Office Supplies,Labels,"Harbour Creations File Folder Labels, Laser Printer Compatible",17.46,2,0,6.0600000000000005
SA-2015-JW6075110-42103,2015-04-09 00:00:00,JW-6075110,Julia West,Consumer,Saudi Arabia,Asia Pacific,Western Asia,OFF-BI-3735,Office Supplies,Binders,"Cardinal Hole Reinforcements, Economy",5.340000000000001,1,0,2.16
MX-2015-AA1048031-42111,2015-04-17 00:00:00,AA-1048031,Andrew Allen,Consumer,Cuba,LATAM,Caribbean,OFF-AR-3547,Office Supplies,Art,"Boston Pens, Easy-Erase",19.32,2,0,0.5599999999999999
