Order ID,Order Date,Customer ID,Customer Name,Segment,Country,Market,Region,Product ID,Category,Sub-Category,Product Name,Sales,Quantity,Discount,Profit
IN-2015-SW2027558-42125,2015-05-01 00:00:00,SW-2027558,Scott Williamson,Consumer,India,Asia Pacific,Southern Asia,TEC-MA-5007,Technology,Machines,"Konica Inkjet, White",2174.13,7,0,500.00999999999993
IN-2015-JH158207-42140,2015-05-16 00:00:00,JH-158207,John Huston,Consumer,Australia,Asia Pacific,Oceania,TEC-PH-3147,Technology,Phones,"Apple Smart Phone, Cordless",2863.35,5,0.1,858.9
CA-2015-AB10060140-42132,2015-05-08 00:00:00,AB-100601404,Adam Bellavance,Home Office,United States,USCA,Western US,TEC-AC-5109,Technology,Accessories,Logitech G600 MMO Gaming Mouse,79.99,1,0,28.7964
IN-2015-DM1334558-42146,2015-05-22 00:00:00,DM-1334558,Denise Monton,Corporate,India,Asia Pacific,Southern Asia,OFF-ST-4266,Office Supplies,Storage,"Fellowes Lockers, Blue",1865.9699999999998,9,0,802.17
CA-2015-AH10075140-42144,2015-05-20 00:00:00,AH-100751408,Adam Hart,Corporate,United States,USCA,Southern US,FUR-CH-5429,Furniture,Chairs,Office Star - Mesh Screen back chair with Vinyl seat,314.352,3,0.2,-35.36460000000001
CA-2015-AH10075140-42144,2015-05-20 00:00:00,AH-100751408,Adam Hart,Corporate,United States,USCA,Southern US,OFF-PA-6504,Office Supplies,Paper,Xerox 1949,27.888,7,0.2,10.1094
ID-2015-RD1993092-42140,2015-05-16 00:00:00,RD-1993092,Russell D'Ascenzo,Consumer,New Zealand,Asia Pacific,Oceania,OFF-AP-4961,Office Supplies,Appliances,"KitchenAid Refrigerator, Red",1900.5839999999998,6,0.4,-348.5160000000001
ES-2015-VM2168545-42140,2015-05-16 00:00:00,VM-2168545,Valerie Mitchum,Home Office,France,Europe,Western Europe,FUR-BO-5971,Furniture,Bookcases,"Sauder Stackable Bookrack, Mobile",1189.242,9,0.1,250.992
IN-2015-AB101057-42153,2015-05-29 00:00:00,AB-101057,Adrian Barton,Consumer,Australia,Asia Pacific,Oceania,TEC-CO-3609,Technology,Copiers,"Brother Wireless Fax, Digital",1703.0250000000003,5,0.1,737.9250000000001
CA-2015-AB10105140-42143,2015-05-19 00:00:00,AB-101051404,Adrian Barton,Consumer,United States,USCA,Western US,TEC-PH-2879,Technology,Phones,Aastra 6757i CT Wireless VoIP phone,344.704,2,0.2,38.77919999999999
IN-2015-CC1247558-42129,2015-05-05 00:00:00,CC-1247558,Cindy Chapman,Consumer,India,Asia Pacific,Southern Asia,TEC-CO-3596,Technology,Copiers,"Brother Fax Machine, Digital",1272.72,4,0,534.48
LI-2015-NC834073-42143,2015-05-19 00:00:00,NC-834073,Nat Carroll,Consumer,Liberia,Africa,Western Africa,TEC-CO-6009,Technology,Copiers,"Sharp Wireless Fax, Color",1429.4399999999998,4,0,471.59999999999997
MX-2015-AH1007582-42139,2015-05-15 00:00:00,AH-1007582,Adam Hart,Corporate,Mexico,LATAM,Central America,OFF-AP-4503,Office Supplies,Appliances,"Hamilton Beach Refrigerator, Silver",2003.5199999999998,6,0,861.4800000000001
IN-2015-LT1676558-42133,2015-05-09 00:00:00,LT-1676558,Larry Tron,Consumer,India,Asia Pacific,Southern Asia,FUR-TA-5057,Furniture,Tables,"Lesro Conference Table, Adjustable Height",4298.85,5,0,300.9
ES-2015-FG1426045-42153,2015-05-29 00:00:00,FG-1426045,Frank Gastineau,Home Office,France,Europe,Western Europe,OFF-AP-3865,Office Supplies,Appliances,"Cuisinart Microwave, Red",1253.07,5,0.1,236.67
CA-2015-AB10523-42139,2015-05-15 00:00:00,AB-10523,Adrian Barton,Consumer,Canada,USCA,Canada,OFF-AR-6111,Office Supplies,Art,"Stanley Highlighters, Easy-Erase",29.94,2,0,10.74
MX-2015-JM1586582-42137,2015-05-13 00:00:00,JM-1586582,John Murray,Consumer,Mexico,LATAM,Central America,FUR-CH-4656,Furniture,Chairs,"Hon Executive Leather Armchair, Red",1715.0559999999998,7,0.2,300.07600000000014
IN-2015-SW2027558-42125,2015-05-01 00:00:00,SW-2027558,Scott Williamson,Consumer,India,Asia Pacific,Southern Asia,FUR-CH-4545,Furniture,Chairs,"Harbour Creations Rocking Chair, Black",723.3,5,0,122.85
CA-2015-AB10523-42139,2015-05-15 00:00:00,AB-10523,Adrian Barton,Consumer,Canada,USCA,Canada,OFF-AR-5912,Office Supplies,Art,"Sanford Highlighters, Fluorescent",34.019999999999996,2,0,14.28
IN-2015-LA1678027-42148,2015-05-24 00:00:00,LA-1678027,Laura Armstrong,Corporate,China,Asia Pacific,Eastern Asia,FUR-BO-3901,Furniture,Bookcases,"Dania Library with Doors, Metal",1447.44,4,0,43.32
IN-2015-DR1294058-42152,2015-05-28 00:00:00,DR-1294058,Daniel Raglin,Home Office,India,Asia Pacific,Southern Asia,FUR-CH-5441,Furniture,Chairs,"Office Star Executive Leather Armchair, Adjustable",1394.9999999999995,3,0,237.15000000000003
ES-2015-JF15415139-42132,2015-05-08 00:00:00,JF-15415139,Jennifer Ferguson,Consumer,United Kingdom,Europe,Northern Europe,TEC-CO-4790,Technology,Copiers,"HP Wireless Fax, Digital",2518.9500000000003,7,0,1032.57
ES-2015-DL13315139-42153,2015-05-29 00:00:00,DL-13315139,Delfina Latchford,Consumer,United Kingdom,Europe,Northern Europe,FUR-TA-3432,Furniture,Tables,"Bevis Round Table, with Bottom Storage",1399.1129999999998,3,0.1,108.78300000000002
MX-2015-JK15370100-42132,2015-05-08 00:00:00,JK-15370100,Jay Kimmel,Consumer,Paraguay,LATAM,South America,TEC-PH-5837,Technology,Phones,"Samsung Signal Booster, VoIP",820.0800000000002,9,0,98.28
IN-2015-DO1343558-42141,2015-05-17 00:00:00,DO-1343558,Denny Ordway,Consumer,India,Asia Pacific,Southern Asia,FUR-TA-3431,Furniture,Tables,"Bevis Round Table, Rectangular",3094.56,6,0,1423.44
US-2015-AD10180140-42125,2015-05-01 00:00:00,AD-101801404,Alan Dominguez,Home Office,United States,USCA,Western US,OFF-PA-6471,Office Supplies,Paper,Xerox 1919,163.96,4,0,80.3404
MX-2015-MG1820518-42140,2015-05-16 00:00:00,MG-1820518,Mitch Gastineau,Corporate,Brazil,LATAM,South America,FUR-BO-5760,Furniture,Bookcases,"Safco Classic Bookcase, Metal",875.22,3,0,139.98000000000002
IN-2015-BS1159066-42139,2015-05-15 00:00:00,BS-1159066,Brendan Sweed,Corporate,Japan,Asia Pacific,Eastern Asia,TEC-PH-3129,Technology,Phones,"Apple Audio Dock, VoIP",1001.8800000000001,6,0,230.40000000000003
IN-2015-AC1042027-42150,2015-05-26 00:00:00,AC-1042027,Alyssa Crouse,Corporate,China,Asia Pacific,Eastern Asia,FUR-BO-4851,Furniture,Bookcases,"Ikea Classic Bookcase, Traditional",2470.5,6,0,518.76
IN-2015-HG1496566-42155,2015-05-31 00:00:00,HG-1496566,Henry Goldwyn,Corporate,Japan,Asia Pacific,Eastern Asia,FUR-CH-5411,Furniture,Chairs,"Novimex Swivel Stool, Adjustable",1001.7,6,0,250.38000000000002
IN-2015-SB201707-42125,2015-05-01 00:00:00,SB-201707,Sarah Bern,Consumer,Australia,Asia Pacific,Oceania,TEC-CO-3704,Technology,Copiers,"Canon Personal Copier, Digital",512.568,4,0.1,193.608
MX-2015-JB1604526-42151,2015-05-27 00:00:00,JB-1604526,Julia Barnett,Home Office,Chile,LATAM,South America,TEC-CO-3707,Technology,Copiers,"Canon Wireless Fax, Color",1770.2523999999999,7,0.002,422.05240000000003
ES-2015-JB1600064-42131,2015-05-07 00:00:00,JB-1600064,Joy Bell-,Consumer,Italy,Europe,Southern Europe,OFF-ST-4079,Office Supplies,Storage,"Eldon Lockers, Industrial",595.17,5,0.4,89.21999999999997
IN-2015-AF1087027-42147,2015-05-23 00:00:00,AF-1087027,Art Ferguson,Consumer,China,Asia Pacific,Eastern Asia,OFF-ST-4078,Office Supplies,Storage,"Eldon Lockers, Blue",1781.19,9,0,35.370000000000005
IN-2015-GD145907-42151,2015-05-27 00:00:00,GD-145907,Giulietta Dortch,Corporate,Australia,Asia Pacific,Oceania,TEC-PH-3129,Technology,Phones,"Apple Audio Dock, VoIP",1953.6660000000002,13,0.1,282.126
IN-2015-EM139607-42130,2015-05-06 00:00:00,EM-139607,Eric Murdock,Consumer,Australia,Asia Pacific,Oceania,TEC-CO-3597,Technology,Copiers,"Brother Fax Machine, High-Speed",1266.96,4,0,139.32
RS-2015-PV8985108-42139,2015-05-15 00:00:00,PV-8985108,Paul Van Hugh,Home Office,Russia,Europe,Eastern Europe,OFF-ST-6261,Office Supplies,Storage,"Tenex Lockers, Blue",1224.8999999999999,6,0,318.4200000000001
IT-2015-JK1573064-42150,2015-05-26 00:00:00,JK-1573064,Joe Kamberova,Consumer,Italy,Europe,Southern Europe,TEC-CO-6000,Technology,Copiers,"Sharp Fax Machine, Laser",1182.6,4,0,106.32
EG-2015-CM211538-42144,2015-05-20 00:00:00,CM-211538,Chad McGuire,Consumer,Egypt,Africa,North Africa,TEC-PH-5355,Technology,Phones,"Nokia Smart Phone, Full Size",1274.7,2,0,140.16
US-2015-MZ1733582-42147,2015-05-23 00:00:00,MZ-1733582,Maria Zettner,Home Office,Mexico,LATAM,Central America,FUR-BO-5770,Furniture,Bookcases,"Safco Corner Shelving, Pine",321.72800000000007,4,0.2,-8.112000000000013
CA-2015-AM10360140-42153,2015-05-29 00:00:00,AM-103601406,Alice McCarthy,Corporate,United States,USCA,Eastern US,FUR-BO-3652,Furniture,Bookcases,"Bush Westfield Collection Bookcases, Medium Cherry Finish",115.96,4,0.5,-64.93759999999999
CA-2015-AM10360140-42153,2015-05-29 00:00:00,AM-103601406,Alice McCarthy,Corporate,United States,USCA,Eastern US,OFF-PA-4782,Office Supplies,Paper,HP Office Recycled Paper (20Lb. and 87 Bright),13.872000000000002,3,0.2,5.028600000000001
US-2015-NF1859582-42145,2015-05-21 00:00:00,NF-1859582,Nicole Fjeld,Home Office,Mexico,LATAM,Central America,FUR-TA-3430,Furniture,Tables,"Bevis Round Table, Fully Assembled",1940.0640000000003,7,0.2,339.44399999999996
IN-2015-DO1343558-42141,2015-05-17 00:00:00,DO-1343558,Denny Ordway,Consumer,India,Asia Pacific,Southern Asia,OFF-AP-3873,Office Supplies,Appliances,"Cuisinart Stove, Red",2153.16,4,0,861.24
UP-2015-DM2955137-42150,2015-05-26 00:00:00,DM-2955137,Dario Medina,Corporate,Ukraine,Europe,Eastern Europe,FUR-CH-5808,Furniture,Chairs,"SAFCO Swivel Stool, Set of Two",1021.14,6,0,387.90000000000003
IT-2015-JF1535545-42126,2015-05-02 00:00:00,JF-1535545,Jay Fein,Consumer,France,Europe,Western Europe,OFF-ST-6049,Office Supplies,Storage,"Smead Lockers, Wire Frame",355.482,2,0.1,-3.9780000000000086
ID-2015-MC176357-42132,2015-05-08 00:00:00,MC-176357,Matthew Clasen,Corporate,Australia,Asia Pacific,Oceania,TEC-AC-5226,Technology,Accessories,"Memorex Router, USB",1774.2240000000002,8,0.1,492.62399999999997
ES-2015-RD1948048-42140,2015-05-16 00:00:00,RD-1948048,Rick Duston,Consumer,Germany,Europe,Western Europe,OFF-AP-4735,Office Supplies,Appliances,"Hoover Refrigerator, Black",2365.605,5,0.1,551.9550000000002
CM-2015-JS603022-42151,2015-05-27 00:00:00,JS-603022,Joy Smith,Consumer,Cameroon,Africa,Central Africa,OFF-AP-3574,Office Supplies,Appliances,"Breville Refrigerator, Black",1037.52,2,0,456.48
CA-2015-AR10405140-42145,2015-05-21 00:00:00,AR-104051402,Allen Rosenblatt,Corporate,United States,USCA,Central US,OFF-BI-6098,Office Supplies,Binders,"Square Ring Data Binders, Rigid 75 Pt. Covers, 11"" x 14-7/8""",41.28,2,0,19.8144
US-2015-AC10420140-42137,2015-05-13 00:00:00,AC-104201402,Alyssa Crouse,Corporate,United States,USCA,Central US,OFF-ST-4245,Office Supplies,Storage,Fellowes Bankers Box Stor/Drawer Steel Plus,127.92000000000002,5,0.2,-15.990000000000002
US-2015-AC10420140-42137,2015-05-13 00:00:00,AC-104201402,Alyssa Crouse,Corporate,United States,USCA,Central US,OFF-BI-6392,Office Supplies,Binders,"Wilson Jones Elliptical Ring 3 1/2"" Capacity Binders, 800 sheets",34.23999999999999,4,0.8,-53.07200000000002
ID-2015-AG1030092-42132,2015-05-08 00:00:00,AG-1030092,Aleksandra Gannaway,Corporate,New Zealand,Asia Pacific,Oceania,FUR-BO-5951,Furniture,Bookcases,"Sauder Classic Bookcase, Traditional",1046.376,4,0.4,-52.34400000000005
IT-2015-DC1328545-42125,2015-05-01 00:00:00,DC-1328545,Debra Catini,Consumer,France,Europe,Western Europe,FUR-TA-4643,Furniture,Tables,"Hon Computer Table, Fully Assembled",962.7345,3,0.35,-385.1055
UP-2015-JB6045137-42132,2015-05-08 00:00:00,JB-6045137,Julia Barnett,Home Office,Ukraine,Europe,Eastern Europe,FUR-CH-4532,Furniture,Chairs,"Harbour Creations Executive Leather Armchair, Red",951.7199999999998,2,0,371.15999999999997
IN-2015-JG1531059-42134,2015-05-10 00:00:00,JG-1531059,Jason Gross,Corporate,Indonesia,Asia Pacific,Southeastern Asia,OFF-ST-4079,Office Supplies,Storage,"Eldon Lockers, Industrial",1152.6458999999998,7,0.17,347.08590000000004
CA-2015-AH10465140-42139,2015-05-15 00:00:00,AH-104651406,Amy Hunt,Consumer,United States,USCA,Eastern US,TEC-PH-4455,Technology,Phones,Google Nexus 5,539.97,3,0,134.9925
CA-2015-AH10465140-42139,2015-05-15 00:00:00,AH-104651406,Amy Hunt,Consumer,United States,USCA,Eastern US,OFF-ST-6627,Office Supplies,Storage,X-Rack File for Hanging Folders,22.58,2,0,5.870799999999999
ES-2015-EH1418548-42146,2015-05-22 00:00:00,EH-1418548,Evan Henry,Consumer,Germany,Europe,Western Europe,OFF-ST-5693,Office Supplies,Storage,"Rogers File Cart, Single Width",892.269,7,0.1,158.529
ID-2015-JG15310130-42133,2015-05-09 00:00:00,JG-15310130,Jason Gross,Corporate,Thailand,Asia Pacific,Southeastern Asia,TEC-PH-5351,Technology,Phones,"Nokia Signal Booster, Full Size",343.09709999999995,3,0.17,45.4671
ES-2015-ND18460120-42132,2015-05-08 00:00:00,ND-18460120,Neil Ducich,Corporate,Spain,Europe,Southern Europe,TEC-MA-5008,Technology,Machines,"Konica Inkjet, Wireless",846.288,3,0.1,56.358000000000004
ID-2015-JG15310130-42133,2015-05-09 00:00:00,JG-15310130,Jason Gross,Corporate,Thailand,Asia Pacific,Southeastern Asia,FUR-BO-3648,Furniture,Bookcases,"Bush Stackable Bookrack, Traditional",309.88439999999997,4,0.37,-142.75559999999996
RS-2015-PV8985108-42139,2015-05-15 00:00:00,PV-8985108,Paul Van Hugh,Home Office,Russia,Europe,Eastern Europe,FUR-CH-5411,Furniture,Chairs,"Novimex Swivel Stool, Adjustable",1001.7,6,0,80.10000000000001
ES-2015-RD1966048-42131,2015-05-07 00:00:00,RD-1966048,Robert Dilbeck,Home Office,Germany,Europe,Western Europe,FUR-TA-3759,Furniture,Tables,"Chromcraft Computer Table, Adjustable Height",868.9590000000001,3,0.35,187.11900000000003
CA-2015-AS10630140-42125,2015-05-01 00:00:00,AS-106301408,Ann Steele,Home Office,United States,USCA,Southern US,OFF-FA-6129,Office Supplies,Fasteners,Staples,15.528,3,0.2,4.852499999999999
CA-2015-AS10630140-42125,2015-05-01 00:00:00,AS-106301408,Ann Steele,Home Office,United States,USCA,Southern US,OFF-LA-3219,Office Supplies,Labels,Avery 499,11.952000000000002,3,0.2,3.8843999999999994
ID-2015-LS1694559-42149,2015-05-25 00:00:00,LS-1694559,Linda Southworth,Corporate,Indonesia,Asia Pacific,Southeastern Asia,FUR-TA-3338,Furniture,Tables,"Barricks Coffee Table, Rectangular",951.0426,6,0.47000000000000003,-646.0974000000001
CA-2015-AS10630140-42125,2015-05-01 00:00:00,AS-106301408,Ann Steele,Home Office,United States,USCA,Southern US,OFF-LA-3192,Office Supplies,Labels,Avery 474,4.608,2,0.2,1.6704
ES-2015-AA1048096-42140,2015-05-16 00:00:00,AA-1048096,Andrew Allen,Consumer,Norway,Europe,Northern Europe,TEC-MA-5512,Technology,Machines,"Okidata Printer, White",1601.46,6,0,15.84
ES-2015-MH1745545-42144,2015-05-20 00:00:00,MH-1745545,Mark Hamilton,Consumer,France,Europe,Western Europe,FUR-CH-5380,Furniture,Chairs,"Novimex Executive Leather Armchair, Red",828.3599999999999,2,0.1,230.1
ES-2015-RD1966048-42131,2015-05-07 00:00:00,RD-1966048,Robert Dilbeck,Home Office,Germany,Europe,Western Europe,TEC-CO-5999,Technology,Copiers,"Sharp Fax Machine, High-Speed",881.55,3,0,185.03999999999996
ES-2015-MH1745545-42144,2015-05-20 00:00:00,MH-1745545,Mark Hamilton,Consumer,France,Europe,Western Europe,TEC-AC-5864,Technology,Accessories,"SanDisk Keyboard, Bluetooth",488.8800000000001,6,0,141.66
IN-2015-SR207407-42143,2015-05-19 00:00:00,SR-207407,Steven Roelle,Home Office,Australia,Asia Pacific,Oceania,FUR-BO-4861,Furniture,Bookcases,"Ikea Library with Doors, Mobile",987.9569999999999,3,0.1,43.857
SA-2015-IG5085110-42133,2015-05-09 00:00:00,IG-5085110,Ivan Gibson,Consumer,Kuwait,Asia Pacific,Western Asia,FUR-CH-4564,Furniture,Chairs,"Harbour Creations Swivel Stool, Set of Two",1094.22,6,0,317.15999999999997
ID-2015-NC1834097-42147,2015-05-23 00:00:00,NC-1834097,Nat Carroll,Consumer,Pakistan,Asia Pacific,Southern Asia,FUR-TA-4647,Furniture,Tables,"Hon Conference Table, Rectangular",1286.6699999999996,7,0.8,-2380.350000000001
MX-2015-JK1562539-42144,2015-05-20 00:00:00,JK-1562539,Jim Karlsson,Consumer,El Salvador,LATAM,Central America,OFF-AP-3570,Office Supplies,Appliances,"Breville Microwave, Black",602.28,3,0,228.83999999999997
TU-2015-BD1770134-42131,2015-05-07 00:00:00,BD-1770134,Bryan Davis,Consumer,Turkey,Asia Pacific,Western Asia,FUR-CH-5380,Furniture,Chairs,"Novimex Executive Leather Armchair, Red",1104.48,6,0.6,-690.2999999999998
AO-2015-BD17254-42152,2015-05-28 00:00:00,BD-17254,Bruce Degenhardt,Consumer,Angola,Africa,Central Africa,FUR-TA-3769,Furniture,Tables,"Chromcraft Round Table, Adjustable Height",1877.16,4,0,525.5999999999999
IN-2015-EG1390011-42132,2015-05-08 00:00:00,EG-1390011,Emily Grady,Consumer,Bangladesh,Asia Pacific,Southern Asia,FUR-FU-4036,Furniture,Furnishings,"Eldon Clock, Durable",374.84999999999997,7,0,123.68999999999998
MX-2015-LB1673528-42155,2015-05-31 00:00:00,LB-1673528,Larry Blacks,Consumer,Colombia,LATAM,South America,FUR-BO-5972,Furniture,Bookcases,"Sauder Stackable Bookrack, Pine",296.34,3,0,41.459999999999994
CA-2015-AT10735140-42144,2015-05-20 00:00:00,AT-107351404,Annie Thurman,Consumer,United States,USCA,Western US,OFF-AP-3400,Office Supplies,Appliances,Belkin Premiere Surge Master II 8-outlet surge protector,97.16,2,0,28.176399999999987
IN-2015-PP189557-42125,2015-05-01 00:00:00,PP-189557,Paul Prost,Home Office,Australia,Asia Pacific,Oceania,FUR-BO-4860,Furniture,Bookcases,"Ikea Library with Doors, Metal",653.1300000000001,2,0.1,-7.290000000000006
ES-2015-AB1010545-42143,2015-05-19 00:00:00,AB-1010545,Adrian Barton,Consumer,France,Europe,Western Europe,OFF-ST-4258,Office Supplies,Storage,"Fellowes File Cart, Industrial",744.0660000000001,6,0.1,24.785999999999987
MX-2015-AZ1075028-42143,2015-05-19 00:00:00,AZ-1075028,Annie Zypern,Consumer,Colombia,LATAM,South America,FUR-BO-5959,Furniture,Bookcases,"Sauder Floating Shelf Set, Metal",1034.8799999999999,8,0,455.2
MX-2015-DK1322582-42150,2015-05-26 00:00:00,DK-1322582,Dean Katz,Corporate,Mexico,LATAM,Central America,FUR-BO-5954,Furniture,Bookcases,"Sauder Corner Shelving, Pine",634.2400000000001,8,0.2,15.839999999999964
IN-2015-HM1498027-42153,2015-05-29 00:00:00,HM-1498027,Henry MacAllister,Consumer,China,Asia Pacific,Eastern Asia,FUR-CH-5449,Furniture,Chairs,"Office Star Rocking Chair, Set of Two",429.48,3,0,85.85999999999999
ES-2015-CR1258064-42148,2015-05-24 00:00:00,CR-1258064,Clay Rozendal,Home Office,Italy,Europe,Southern Europe,OFF-AP-3868,Office Supplies,Appliances,"Cuisinart Refrigerator, Black",1486.53,3,0,624.33
US-2015-AJ10780140-42139,2015-05-15 00:00:00,AJ-107801406,Anthony Jacobs,Corporate,United States,USCA,Eastern US,FUR-CH-5426,Furniture,Chairs,"Office Star - Contemporary Task Swivel chair with Loop Arms, Charcoal",261.96,2,0,23.57639999999998
US-2015-AJ10780140-42139,2015-05-15 00:00:00,AJ-107801406,Anthony Jacobs,Corporate,United States,USCA,Eastern US,TEC-AC-3373,Technology,Accessories,Belkin F8E887 USB Wired Ergonomic Keyboard,89.97,3,0,18.893699999999995
US-2015-AJ10780140-42139,2015-05-15 00:00:00,AJ-107801406,Anthony Jacobs,Corporate,United States,USCA,Eastern US,OFF-LA-3226,Office Supplies,Labels,Avery 505,74,5,0,37
US-2015-AJ10780140-42139,2015-05-15 00:00:00,AJ-107801406,Anthony Jacobs,Corporate,United States,USCA,Eastern US,OFF-AR-4010,Office Supplies,Art,"Eberhard Faber 3 1/2"" Golf Pencils",37.2,5,0,9.3
US-2015-AJ10780140-42139,2015-05-15 00:00:00,AJ-107801406,Anthony Jacobs,Corporate,United States,USCA,Eastern US,OFF-AR-5631,Office Supplies,Art,Prang Colored Pencils,14.7,5,0,6.615
US-2015-AJ10780140-42139,2015-05-15 00:00:00,AJ-107801406,Anthony Jacobs,Corporate,United States,USCA,Eastern US,OFF-AR-5458,Office Supplies,Art,"OIC #2 Pencils, Medium Soft",3.76,2,0,1.0903999999999998
AO-2015-AH5854-42151,2015-05-27 00:00:00,AH-5854,Angele Hood,Consumer,Angola,Africa,Central Africa,FUR-BO-3626,Furniture,Bookcases,"Bush Classic Bookcase, Pine",828.06,2,0,405.72
SF-2015-NP8670117-42143,2015-05-19 00:00:00,NP-8670117,Nora Paige,Consumer,South Africa,Africa,Southern Africa,TEC-PH-5267,Technology,Phones,"Motorola Smart Phone, Cordless",1285.56,2,0,89.94
ID-2015-JC153407-42153,2015-05-29 00:00:00,JC-153407,Jasper Cacioppo,Consumer,Australia,Asia Pacific,Oceania,OFF-AP-4963,Office Supplies,Appliances,"KitchenAid Refrigerator, White",1893.888,6,0.4,-221.11199999999985
RS-2015-PV8985108-42139,2015-05-15 00:00:00,PV-8985108,Paul Van Hugh,Home Office,Russia,Europe,Eastern Europe,FUR-BO-5949,Furniture,Bookcases,"Sauder Classic Bookcase, Mobile",877.02,2,0,394.62
IN-2015-JF1519027-42129,2015-05-05 00:00:00,JF-1519027,Jamie Frazer,Consumer,China,Asia Pacific,Eastern Asia,FUR-BO-3634,Furniture,Bookcases,"Bush Floating Shelf Set, Metal",853.65,5,0,221.85
SA-2015-RB9330110-42153,2015-05-29 00:00:00,RB-9330110,Randy Bradley,Consumer,Saudi Arabia,Asia Pacific,Western Asia,OFF-ST-4268,Office Supplies,Storage,"Fellowes Lockers, Single Width",1244.1599999999999,6,0,211.5
MX-2015-NP1868518-42143,2015-05-19 00:00:00,NP-1868518,Nora Pelletier,Home Office,Brazil,LATAM,South America,TEC-CO-6010,Technology,Copiers,"Sharp Wireless Fax, Digital",1182.8296,5,0.002,9.429599999999999
ID-2015-JD160607-42147,2015-05-23 00:00:00,JD-160607,Julia Dunbar,Consumer,Australia,Asia Pacific,Oceania,OFF-AP-3573,Office Supplies,Appliances,"Breville Microwave, White",269.86499999999995,1,0.1,77.955
IN-2015-GH1442558-42150,2015-05-26 00:00:00,GH-1442558,Gary Hwang,Consumer,India,Asia Pacific,Southern Asia,FUR-CH-5437,Furniture,Chairs,"Office Star Chairmat, Adjustable",341.55,5,0,30.6
CA-2015-AI10855140-42130,2015-05-06 00:00:00,AI-108551406,Arianne Irving,Consumer,United States,USCA,Eastern US,OFF-PA-6476,Office Supplies,Paper,Xerox 1923,6.68,1,0,3.2064
IN-2015-TH2111527-42146,2015-05-22 00:00:00,TH-2111527,Thea Hudgings,Corporate,China,Asia Pacific,Eastern Asia,TEC-PH-3149,Technology,Phones,"Apple Smart Phone, with Caller ID",639.0600000000001,1,0,313.11
MX-2015-RE1940582-42132,2015-05-08 00:00:00,RE-1940582,Ricardo Emerson,Consumer,Mexico,LATAM,Central America,OFF-ST-6246,Office Supplies,Storage,"Tenex File Cart, Blue",799.2,9,0,207.72000000000003
RS-2015-TB11520108-42126,2015-05-02 00:00:00,TB-11520108,Tracy Blumstein,Consumer,Russia,Europe,Eastern Europe,TEC-CO-4573,Technology,Copiers,"Hewlett Fax and Copier, High-Speed",764.28,4,0,183.35999999999999
ID-2015-LC168707-42155,2015-05-31 00:00:00,LC-168707,Lena Cacioppo,Consumer,Australia,Asia Pacific,Oceania,TEC-CO-3680,Technology,Copiers,"Canon Copy Machine, High-Speed",1171.5300000000002,5,0.1,195.18
IV-2015-BP105029-42140,2015-05-16 00:00:00,BP-105029,Barry Pond,Corporate,Cote d'Ivoire,Africa,Western Africa,TEC-CO-3685,Technology,Copiers,"Canon Fax and Copier, Laser",765.3599999999999,4,0,359.64
IN-2015-EM1396059-42148,2015-05-24 00:00:00,EM-1396059,Eric Murdock,Consumer,Indonesia,Asia Pacific,Southeastern Asia,FUR-CH-5397,Furniture,Chairs,"Novimex Rocking Chair, Set of Two",292.75919999999996,3,0.27,68.11920000000002
CA-2015-AG10900140-42126,2015-05-02 00:00:00,AG-109001408,Arthur Gainer,Consumer,United States,USCA,Southern US,FUR-BO-3645,Furniture,Bookcases,Bush Somerset Collection Bookcase,314.352,3,0.2,-15.71759999999999
ID-2015-MH17620102-42154,2015-05-30 00:00:00,MH-17620102,Matt Hagelstein,Corporate,Philippines,Asia Pacific,Southeastern Asia,TEC-MA-5500,Technology,Machines,"Okidata Card Printer, Wireless",659.3625,5,0.25,-184.68749999999997
MX-2015-NP1868518-42143,2015-05-19 00:00:00,NP-1868518,Nora Pelletier,Home Office,Brazil,LATAM,South America,TEC-MA-4195,Technology,Machines,"Epson Card Printer, White",1010.1600000000001,9,0,60.480000000000004
CA-2015-AG10900140-42126,2015-05-02 00:00:00,AG-109001408,Arthur Gainer,Consumer,United States,USCA,Southern US,OFF-LA-3212,Office Supplies,Labels,Avery 492,4.608,2,0.2,1.4975999999999996
MX-2015-EM1382531-42134,2015-05-10 00:00:00,EM-1382531,Elizabeth Moffitt,Corporate,Cuba,LATAM,Caribbean,TEC-PH-3807,Technology,Phones,"Cisco Smart Phone, with Caller ID",1744.64,4,0,17.44
ES-2015-TB21355139-42155,2015-05-31 00:00:00,TB-21355139,Todd Boyes,Corporate,United Kingdom,Europe,Northern Europe,TEC-AC-5896,Technology,Accessories,"SanDisk Router, Programmable",773.55,3,0,170.1
ES-2015-DR1288048-42151,2015-05-27 00:00:00,DR-1288048,Dan Reichenbach,Corporate,Germany,Europe,Western Europe,TEC-PH-3796,Technology,Phones,"Cisco Office Telephone, Cordless",916.4100000000001,11,0,192.39000000000001
RS-2015-BH1710108-42152,2015-05-28 00:00:00,BH-1710108,Brosina Hoffman,Consumer,Russia,Europe,Eastern Europe,TEC-CO-5994,Technology,Copiers,"Sharp Fax and Copier, Digital",1009.44,6,0,343.0799999999999
ES-2015-AA1048096-42140,2015-05-16 00:00:00,AA-1048096,Andrew Allen,Consumer,Norway,Europe,Northern Europe,FUR-CH-5395,Furniture,Chairs,"Novimex Rocking Chair, Black",1032,8,0,123.84
MX-2015-VF2171582-42152,2015-05-28 00:00:00,VF-2171582,Vicky Freymann,Home Office,Mexico,LATAM,Central America,OFF-AP-4956,Office Supplies,Appliances,"KitchenAid Microwave, Black",1032.5,5,0,340.7
ES-2015-SW20350139-42127,2015-05-03 00:00:00,SW-20350139,Sean Wendt,Home Office,United Kingdom,Europe,Northern Europe,OFF-ST-6049,Office Supplies,Storage,"Smead Lockers, Wire Frame",987.45,5,0,88.79999999999998
MX-2015-EH1412539-42140,2015-05-16 00:00:00,EH-1412539,Eugene Hildebrand,Home Office,El Salvador,LATAM,Central America,TEC-CO-3592,Technology,Copiers,"Brother Fax and Copier, Digital",890.15612,7,0.002,131.91612
IN-2015-DJ1363058-42153,2015-05-29 00:00:00,DJ-1363058,Doug Jacobs,Consumer,India,Asia Pacific,Southern Asia,TEC-PH-3816,Technology,Phones,"Cisco Speaker Phone, Full Size",838.6199999999999,6,0,176.03999999999996
ID-2015-MF176657-42128,2015-05-04 00:00:00,MF-176657,Maureen Fritzler,Corporate,Australia,Asia Pacific,Oceania,TEC-PH-5268,Technology,Phones,"Motorola Smart Phone, Full Size",772.776,2,0.4,-25.764000000000124
ES-2015-RH1955545-42141,2015-05-17 00:00:00,RH-1955545,Ritsa Hightower,Consumer,France,Europe,Western Europe,TEC-PH-3815,Technology,Phones,"Cisco Speaker Phone, Cordless",480.52199999999993,4,0.15,-28.27799999999999
IN-2015-FM1421578-42151,2015-05-27 00:00:00,FM-1421578,Filia McAdams,Corporate,Malaysia,Asia Pacific,Southeastern Asia,FUR-BO-3635,Furniture,Bookcases,"Bush Floating Shelf Set, Mobile",521.37,3,0,26.009999999999998
HR-2015-BS159030-42132,2015-05-08 00:00:00,BS-159030,Brendan Sweed,Corporate,Croatia,Europe,Southern Europe,OFF-ST-5710,Office Supplies,Storage,"Rogers Trays, Industrial",497.28,8,0,198.71999999999997
PL-2015-RR9315103-42137,2015-05-13 00:00:00,RR-9315103,Ralph Ritter,Consumer,Poland,Europe,Eastern Europe,FUR-CH-4562,Furniture,Chairs,"Harbour Creations Swivel Stool, Black",1421.52,8,0,468.96
CA-2015-BW11110140-42152,2015-05-28 00:00:00,BW-111101408,Bart Watters,Corporate,United States,USCA,Southern US,OFF-BI-4297,Office Supplies,Binders,"Fellowes Twister Kit, Gray/Clear, 3/pkg",12.059999999999999,5,0.7,-10.05
CA-2015-BW11110140-42152,2015-05-28 00:00:00,BW-111101408,Bart Watters,Corporate,United States,USCA,Southern US,TEC-AC-6075,Technology,Accessories,Sony 8GB Class 10 Micro SDHC R40 Memory Card,27.192,3,0.2,0.33989999999999654
MA-2015-MC727577-42134,2015-05-10 00:00:00,MC-727577,Marc Crier,Consumer,Madagascar,Africa,Eastern Africa,OFF-AP-4505,Office Supplies,Appliances,"Hamilton Beach Stove, Black",541.77,1,0,200.43
CA-2015-BC11125140-42144,2015-05-20 00:00:00,BC-111251404,Becky Castell,Home Office,United States,USCA,Western US,FUR-CH-6016,Furniture,Chairs,"Situations Contoured Folding Chairs, 4/Set",681.4080000000001,12,0.2,42.58800000000002
ID-2015-JW15220102-42132,2015-05-08 00:00:00,JW-15220102,Jane Waco,Corporate,Philippines,Asia Pacific,Southeastern Asia,FUR-CH-4701,Furniture,Chairs,"Hon Swivel Stool, Adjustable",747.6300000000002,6,0.25,-159.57000000000005
NG-2015-EC405094-42140,2015-05-16 00:00:00,EC-405094,Erin Creighton,Consumer,Niger,Africa,Western Africa,FUR-CH-4557,Furniture,Chairs,"Harbour Creations Steel Folding Chair, Adjustable",602.28,6,0,204.66
CA-2015-BC11125140-42144,2015-05-20 00:00:00,BC-111251404,Becky Castell,Home Office,United States,USCA,Western US,TEC-AC-5858,Technology,Accessories,SanDisk Cruzer 64 GB USB Flash Drive,36.32,1,0,10.895999999999997
US-2015-CP12340143-42143,2015-05-19 00:00:00,CP-12340143,Christine Phan,Corporate,Venezuela,LATAM,South America,TEC-PH-5840,Technology,Phones,"Samsung Smart Phone, Full Size",764.9280000000001,3,0.4,-306.01200000000006
CA-2015-BC11125140-42144,2015-05-20 00:00:00,BC-111251404,Becky Castell,Home Office,United States,USCA,Western US,OFF-AR-5291,Office Supplies,Art,Newell 314,5.58,1,0,1.3949999999999996
IN-2015-HG1496566-42155,2015-05-31 00:00:00,HG-1496566,Henry Goldwyn,Corporate,Japan,Asia Pacific,Eastern Asia,OFF-ST-6283,Office Supplies,Storage,"Tenex Trays, Single Width",325.43999999999994,6,0,136.62
CA-2015-BC11125140-42144,2015-05-20 00:00:00,BC-111251404,Becky Castell,Home Office,United States,USCA,Western US,OFF-AR-5287,Office Supplies,Art,Newell 310,3.52,2,0,1.0208
MX-2015-SC2038093-42151,2015-05-27 00:00:00,SC-2038093,Shahid Collister,Consumer,Nicaragua,LATAM,Central America,TEC-CO-3588,Technology,Copiers,"Brother Copy Machine, High-Speed",698.04112,4,0.002,131.48111999999998
IN-2015-DM1334558-42146,2015-05-22 00:00:00,DM-1334558,Denise Monton,Corporate,India,Asia Pacific,Southern Asia,OFF-BI-4817,Office Supplies,Binders,"Ibico Binding Machine, Economy",205.68,4,0,80.16
IN-2015-PN187757-42139,2015-05-15 00:00:00,PN-187757,Parhena Norris,Home Office,Australia,Asia Pacific,Oceania,TEC-AC-5224,Technology,Accessories,"Memorex Router, Erganomic",488.04,2,0,180.54
IN-2015-GD145907-42151,2015-05-27 00:00:00,GD-145907,Giulietta Dortch,Corporate,Australia,Asia Pacific,Oceania,FUR-BO-3907,Furniture,Bookcases,"Dania Stackable Bookrack, Traditional",762.615,7,0.1,288.015
IN-2015-PL189257-42152,2015-05-28 00:00:00,PL-189257,Paul Lucas,Home Office,Australia,Asia Pacific,Oceania,TEC-CO-3697,Technology,Copiers,"Canon Ink, Laser",662.1749999999998,5,0.1,264.825
MX-2015-GM1450018-42136,2015-05-12 00:00:00,GM-1450018,Gene McClure,Consumer,Brazil,LATAM,South America,TEC-CO-3683,Technology,Copiers,"Canon Fax and Copier, Digital",508.26144000000005,4,0.002,192.50144
ES-2015-PR1888045-42143,2015-05-19 00:00:00,PR-1888045,Patrick Ryan,Consumer,France,Europe,Western Europe,TEC-PH-5337,Technology,Phones,"Nokia Audio Dock, VoIP",283.611,2,0.15,43.37100000000001
TZ-2015-TB11175129-42153,2015-05-29 00:00:00,TB-11175129,Thomas Boland,Corporate,Tanzania,Africa,Eastern Africa,OFF-ST-5702,Office Supplies,Storage,"Rogers Lockers, Single Width",380.96999999999997,2,0.1,143.91000000000003
ES-2015-MS1798045-42154,2015-05-30 00:00:00,MS-1798045,Michael Stewart,Corporate,France,Europe,Western Europe,OFF-ST-4266,Office Supplies,Storage,"Fellowes Lockers, Blue",1119.5819999999999,6,0.1,198.88200000000003
IN-2015-FM1421578-42151,2015-05-27 00:00:00,FM-1421578,Filia McAdams,Corporate,Malaysia,Asia Pacific,Southeastern Asia,TEC-AC-3405,Technology,Accessories,"Belkin Router, USB",1035.8400000000001,4,0,455.76
ID-2015-AG1030092-42132,2015-05-08 00:00:00,AG-1030092,Aleksandra Gannaway,Corporate,New Zealand,Asia Pacific,Oceania,FUR-BO-3647,Furniture,Bookcases,"Bush Stackable Bookrack, Pine",449.49599999999987,6,0.4,-30.024
ID-2015-JW15220102-42132,2015-05-08 00:00:00,JW-15220102,Jane Waco,Corporate,Philippines,Asia Pacific,Southeastern Asia,FUR-BO-3639,Furniture,Bookcases,"Bush Library with Doors, Metal",945.8280000000001,4,0.35,-392.89200000000005
MX-2015-AG1076539-42133,2015-05-09 00:00:00,AG-1076539,Anthony Garverick,Home Office,El Salvador,LATAM,Central America,FUR-FU-4066,Furniture,Furnishings,"Eldon Frame, Durable",679.6800000000001,9,0,190.26000000000002
IN-2015-JH158207-42140,2015-05-16 00:00:00,JH-158207,John Huston,Consumer,Australia,Asia Pacific,Oceania,TEC-AC-4164,Technology,Accessories,"Enermax Memory Card, Erganomic",201.95999999999995,2,0.1,71.75999999999999
ID-2015-ON187157-42140,2015-05-16 00:00:00,ON-187157,Odella Nelson,Corporate,Australia,Asia Pacific,Oceania,FUR-TA-5068,Furniture,Tables,"Lesro Training Table, Fully Assembled",945.9449999999998,5,0.3,-351.405
SA-2015-EJ4155110-42139,2015-05-15 00:00:00,EJ-4155110,Eva Jacobs,Consumer,Saudi Arabia,Asia Pacific,Western Asia,FUR-CH-5378,Furniture,Chairs,"Novimex Executive Leather Armchair, Adjustable",455.5199999999999,1,0,59.19
ES-2015-EN1378045-42145,2015-05-21 00:00:00,EN-1378045,Edward Nazzal,Consumer,France,Europe,Western Europe,FUR-CH-4518,Furniture,Chairs,"Harbour Creations Bag Chairs, Adjustable",173.09699999999998,3,0.1,69.237
IR-2015-BD132060-42133,2015-05-09 00:00:00,BD-132060,Bill Donatelli,Consumer,Iran,Asia Pacific,Southern Asia,OFF-AP-4958,Office Supplies,Appliances,"KitchenAid Microwave, Silver",622.14,2,0,18.66
ES-2015-DK1315045-42148,2015-05-24 00:00:00,DK-1315045,David Kendrick,Corporate,France,Europe,Western Europe,FUR-CH-5457,Furniture,Chairs,"Office Star Swivel Stool, Set of Two",317.142,2,0.1,70.422
CA-2015-BO11350140-42128,2015-05-04 00:00:00,BO-113501406,Bill Overfelt,Corporate,United States,USCA,Eastern US,FUR-TA-3410,Furniture,Tables,Bevis 36 x 72 Conference Tables,373.4699999999999,5,0.4,-112.041
CA-2015-BO11350140-42128,2015-05-04 00:00:00,BO-113501406,Bill Overfelt,Corporate,United States,USCA,Eastern US,OFF-BI-6392,Office Supplies,Binders,"Wilson Jones Elliptical Ring 3 1/2"" Capacity Binders, 800 sheets",64.2,5,0.7,-44.94
CA-2015-BO11350140-42128,2015-05-04 00:00:00,BO-113501406,Bill Overfelt,Corporate,United States,USCA,Eastern US,OFF-BI-6409,Office Supplies,Binders,Wilson Jones Legal Size Ring Binders,26.388,4,0.7,-17.59199999999999
ES-2015-TM2149045-42136,2015-05-12 00:00:00,TM-2149045,Tony Molinari,Consumer,France,Europe,Western Europe,OFF-AP-4742,Office Supplies,Appliances,"Hoover Stove, Black",1533.3300000000002,3,0.1,-34.11000000000004
CA-2015-BO11350140-42128,2015-05-04 00:00:00,BO-113501406,Bill Overfelt,Corporate,United States,USCA,Eastern US,FUR-FU-3743,Furniture,Furnishings,"Career Cubicle Clock, 8 1/4"", Black",32.448,2,0.2,7.300800000000001
ID-2015-VT21700118-42148,2015-05-24 00:00:00,VT-21700118,Valerie Takahito,Home Office,South Korea,Asia Pacific,Eastern Asia,FUR-CH-4563,Furniture,Chairs,"Harbour Creations Swivel Stool, Red",576.384,4,0.2,-122.49600000000001
IN-2015-RD1972027-42144,2015-05-20 00:00:00,RD-1972027,Roger Demir,Consumer,China,Asia Pacific,Eastern Asia,TEC-PH-5813,Technology,Phones,"Samsung Audio Dock, Full Size",840.6,5,0,319.34999999999997
CA-2015-BO11350140-42128,2015-05-04 00:00:00,BO-113501406,Bill Overfelt,Corporate,United States,USCA,Eastern US,OFF-FA-3051,Office Supplies,Fasteners,Advantus Plastic Paper Clips,8,2,0.2,2.8
MX-2015-RE1940518-42144,2015-05-20 00:00:00,RE-1940518,Ricardo Emerson,Consumer,Brazil,LATAM,South America,TEC-CO-3684,Technology,Copiers,"Canon Fax and Copier, High-Speed",378.32183999999995,3,0.002,165.98183999999998
ES-2015-SL20155120-42150,2015-05-26 00:00:00,SL-20155120,Sara Luxemburg,Home Office,Spain,Europe,Southern Europe,FUR-CH-5396,Furniture,Chairs,"Novimex Rocking Chair, Red",315.43199999999996,3,0.2,-7.937999999999988
ID-2015-JD160607-42147,2015-05-23 00:00:00,JD-160607,Julia Dunbar,Consumer,Australia,Asia Pacific,Oceania,OFF-AP-4719,Office Supplies,Appliances,"Hoover Blender, Black",260.82000000000005,3,0.1,-8.730000000000004
IV-2015-BP105029-42140,2015-05-16 00:00:00,BP-105029,Barry Pond,Corporate,Cote d'Ivoire,Africa,Western Africa,FUR-CH-4530,Furniture,Chairs,"Harbour Creations Executive Leather Armchair, Adjustable",952.1999999999999,2,0,380.88
US-2015-MG1820518-42140,2015-05-16 00:00:00,MG-1820518,Mitch Gastineau,Corporate,Brazil,LATAM,South America,FUR-BO-5760,Furniture,Bookcases,"Safco Classic Bookcase, Metal",350.088,3,0.6,-385.15199999999993
IN-2015-GD145907-42151,2015-05-27 00:00:00,GD-145907,Giulietta Dortch,Corporate,Australia,Asia Pacific,Oceania,TEC-CO-6009,Technology,Copiers,"Sharp Wireless Fax, Color",643.2479999999999,2,0.1,-50.05199999999999
IN-2015-PL189257-42152,2015-05-28 00:00:00,PL-189257,Paul Lucas,Home Office,Australia,Asia Pacific,Oceania,TEC-AC-5896,Technology,Accessories,"SanDisk Router, Programmable",464.12999999999994,2,0.1,41.250000000000014
IN-2015-DB1366011-42145,2015-05-21 00:00:00,DB-1366011,Duane Benoit,Consumer,Bangladesh,Asia Pacific,Southern Asia,OFF-ST-6248,Office Supplies,Storage,"Tenex File Cart, Single Width",538.44,4,0,156.12
ES-2015-AB1006096-42143,2015-05-19 00:00:00,AB-1006096,Adam Bellavance,Home Office,Norway,Europe,Northern Europe,OFF-BI-6382,Office Supplies,Binders,"Wilson Jones Binding Machine, Clear",435.78000000000003,9,0,130.68
IN-2015-AS1009027-42153,2015-05-29 00:00:00,AS-1009027,Adam Shillingsburg,Consumer,China,Asia Pacific,Eastern Asia,TEC-AC-5204,Technology,Accessories,"Memorex Memory Card, Erganomic",500.3999999999999,5,0,140.1
IN-2015-MC1727566-42129,2015-05-05 00:00:00,MC-1727566,Marc Crier,Consumer,Japan,Asia Pacific,Eastern Asia,TEC-CO-6012,Technology,Copiers,"Sharp Wireless Fax, Laser",533.88,3,0.5,-74.78999999999996
ES-2015-TZ21445139-42148,2015-05-24 00:00:00,TZ-21445139,Tom Zandusky,Corporate,United Kingdom,Europe,Northern Europe,TEC-MA-4195,Technology,Machines,"Epson Card Printer, White",841.8000000000001,5,0,227.25
ES-2015-AF108858-42148,2015-05-24 00:00:00,AF-108858,Art Foster,Consumer,Austria,Europe,Western Europe,TEC-CO-3697,Technology,Copiers,"Canon Ink, Laser",735.7499999999999,5,0,345.75
TU-2015-KF6285134-42145,2015-05-21 00:00:00,KF-6285134,Karen Ferguson,Home Office,Turkey,Asia Pacific,Western Asia,OFF-ST-6032,Office Supplies,Storage,"Smead File Cart, Industrial",205.43999999999997,4,0.6,-164.39999999999992
IN-2015-NZ1856558-42137,2015-05-13 00:00:00,NZ-1856558,Nick Zandusky,Home Office,India,Asia Pacific,Southern Asia,OFF-ST-5700,Office Supplies,Storage,"Rogers Lockers, Blue",423.24,2,0,21.12
CA-2015-BM11575140-42143,2015-05-19 00:00:00,BM-115751402,Brendan Murry,Corporate,United States,USCA,Central US,FUR-FU-4329,Furniture,Furnishings,Flat Face Poster Frame,22.608,3,0.6,-10.173599999999997
ES-2015-MH1745545-42144,2015-05-20 00:00:00,MH-1745545,Mark Hamilton,Consumer,France,Europe,Western Europe,TEC-CO-4582,Technology,Copiers,"Hewlett Ink, Laser",379.1339999999999,3,0.15,-13.44599999999999
CA-2015-BM11575140-42143,2015-05-19 00:00:00,BM-115751402,Brendan Murry,Corporate,United States,USCA,Central US,FUR-FU-3829,Furniture,Furnishings,C-Line Cubicle Keepers Polyproplyene Holder With Velcro Backings,1.8920000000000003,1,0.6,-0.9932999999999996
SF-2015-AH465117-42128,2015-05-04 00:00:00,AH-465117,Amy Hunt,Consumer,South Africa,Africa,Southern Africa,TEC-CO-5999,Technology,Copiers,"Sharp Fax Machine, High-Speed",293.84999999999997,1,0,61.67999999999999
MX-2015-SZ2003551-42145,2015-05-21 00:00:00,SZ-2003551,Sam Zeldin,Home Office,Guatemala,LATAM,Central America,OFF-ST-4294,Office Supplies,Storage,"Fellowes Trays, Industrial",192.89999999999998,5,0,40.5
MX-2015-LC1714026-42129,2015-05-05 00:00:00,LC-1714026,Logan Currie,Consumer,Chile,LATAM,South America,FUR-CH-5440,Furniture,Chairs,"Office Star Chairmat, Set of Two",408.42,9,0,171.35999999999999
IN-2015-GH1466527-42153,2015-05-29 00:00:00,GH-1466527,Greg Hansen,Consumer,China,Asia Pacific,Eastern Asia,TEC-AC-3390,Technology,Accessories,"Belkin Memory Card, Programmable",581.55,5,0,122.10000000000001
CA-2015-BM11650140-42138,2015-05-14 00:00:00,BM-116501402,Brian Moss,Corporate,United States,USCA,Central US,OFF-BI-4822,Office Supplies,Binders,Ibico Hi-Tech Manual Binding System,914.97,3,0,411.7365
CA-2015-BM11650140-42138,2015-05-14 00:00:00,BM-116501402,Brian Moss,Corporate,United States,USCA,Central US,TEC-PH-5602,Technology,Phones,Plantronics Calisto P620-M USB Wireless Speakerphone System,587.97,3,0,158.75190000000003
CA-2015-BM11650140-42138,2015-05-14 00:00:00,BM-116501402,Brian Moss,Corporate,United States,USCA,Central US,OFF-ST-6287,Office Supplies,Storage,Tennsco 6- and 18-Compartment Lockers,530.34,2,0,95.46119999999996
MX-2015-Dp1324028-42153,2015-05-29 00:00:00,Dp-1324028,Dean percer,Home Office,Colombia,LATAM,South America,TEC-MA-5513,Technology,Machines,"Okidata Printer, Wireless",358.00000000000006,2,0,110.96
CA-2015-BM11650140-42138,2015-05-14 00:00:00,BM-116501402,Brian Moss,Corporate,United States,USCA,Central US,OFF-EN-6327,Office Supplies,Envelopes,Tyvek Side-Opening Peel & Seel Expanding Envelopes,180.96,2,0,81.432
CA-2015-BM11650140-42138,2015-05-14 00:00:00,BM-116501402,Brian Moss,Corporate,United States,USCA,Central US,OFF-PA-4514,Office Supplies,Paper,Hammermill CopyPlus Copy Paper (20Lb. and 84 Bright),14.940000000000001,3,0,7.320600000000001
IN-2015-CL118907-42146,2015-05-22 00:00:00,CL-118907,Carl Ludwig,Consumer,Australia,Asia Pacific,Oceania,OFF-PA-3986,Office Supplies,Paper,"Eaton Cards & Envelopes, 8.5 x 11",221.94000000000003,5,0.1,19.59
MX-2015-TS2165516-42146,2015-05-22 00:00:00,TS-2165516,Trudy Schmidt,Consumer,Bolivia,LATAM,South America,TEC-AC-4165,Technology,Accessories,"Enermax Memory Card, Programmable",386.29999999999995,5,0,169.89999999999998
ES-2015-RD1966048-42131,2015-05-07 00:00:00,RD-1966048,Robert Dilbeck,Home Office,Germany,Europe,Western Europe,FUR-CH-5453,Furniture,Chairs,"Office Star Steel Folding Chair, Set of Two",253.692,3,0.1,73.242
IV-2015-BP105029-42140,2015-05-16 00:00:00,BP-105029,Barry Pond,Corporate,Cote d'Ivoire,Africa,Western Africa,OFF-AR-3477,Office Supplies,Art,"Binney & Smith Canvas, Fluorescent",420.96,8,0,79.92
CA-2015-BH11710140-42143,2015-05-19 00:00:00,BH-117101406,Brosina Hoffman,Consumer,United States,USCA,Eastern US,TEC-AC-4942,Technology,Accessories,KeyTronic KT800P2 - Keyboard - Black,36.048,3,0.2,-0.9012000000000011
CG-2015-JB600033-42152,2015-05-28 00:00:00,JB-600033,Joy Bell-,Consumer,Democratic Republic of the Congo,Africa,Central Africa,TEC-CO-5996,Technology,Copiers,"Sharp Fax and Copier, Laser",337.2,2,0,151.74
MX-2015-JS1594031-42131,2015-05-07 00:00:00,JS-1594031,Joni Sundaresam,Home Office,Cuba,LATAM,Caribbean,FUR-BO-5940,Furniture,Bookcases,"Sauder 3-Shelf Cabinet, Metal",664.56,6,0,6.6
CA-2015-BD11725140-42155,2015-05-31 00:00:00,BD-117251408,Bruce Degenhardt,Consumer,United States,USCA,Southern US,FUR-BO-5945,Furniture,Bookcases,"Sauder Camden County Barrister Bookcase, Planked Cherry Finish",241.96,2,0,33.87440000000001
CA-2015-BD11725140-42155,2015-05-31 00:00:00,BD-117251408,Bruce Degenhardt,Consumer,United States,USCA,Southern US,OFF-BI-3250,Office Supplies,Binders,Avery Binder Labels,3.89,1,0,1.8672
CA-2015-BD11725140-42155,2015-05-31 00:00:00,BD-117251408,Bruce Degenhardt,Consumer,United States,USCA,Southern US,FUR-FU-3006,Furniture,Furnishings,Acrylic Self-Standing Desk Frames,8.01,3,0,3.0438
AG-2015-CR28203-42151,2015-05-27 00:00:00,CR-28203,Cyra Reiten,Home Office,Algeria,Africa,North Africa,TEC-PH-3803,Technology,Phones,"Cisco Signal Booster, with Caller ID",151.82999999999998,1,0,37.95
IN-2015-LT1711058-42126,2015-05-02 00:00:00,LT-1711058,Liz Thompson,Consumer,India,Asia Pacific,Southern Asia,TEC-PH-5352,Technology,Phones,"Nokia Signal Booster, VoIP",819.54,6,0,139.32
CF-2015-VB11745106-42133,2015-05-09 00:00:00,VB-11745106,Victoria Brennan,Corporate,Republic of the Congo,Africa,Central Africa,OFF-ST-4267,Office Supplies,Storage,"Fellowes Lockers, Industrial",207.81,1,0,91.41
ES-2015-CC1255045-42127,2015-05-03 00:00:00,CC-1255045,Clay Cheatham,Consumer,France,Europe,Western Europe,OFF-ST-4268,Office Supplies,Storage,"Fellowes Lockers, Single Width",559.8719999999998,3,0.1,43.54200000000001
CA-2015-BM11785140-42151,2015-05-27 00:00:00,BM-117851408,Bryan Mills,Consumer,United States,USCA,Southern US,TEC-AC-6343,Technology,Accessories,"Verbatim Slim CD and DVD Storage Cases, 50/Pack",23.08,2,0,6.9239999999999995
CA-2015-CM11815140-42153,2015-05-29 00:00:00,CM-118151404,Candace McMahon,Corporate,United States,USCA,Western US,TEC-PH-5560,Technology,Phones,Panasonic KX TS208W Corded phone,195.96000000000004,5,0.2,19.596000000000018
CA-2015-CM11815140-42153,2015-05-29 00:00:00,CM-118151404,Candace McMahon,Corporate,United States,USCA,Western US,TEC-AC-5146,Technology,Accessories,Logitech Gaming G510s - Keyboard,271.968,4,0.2,54.39359999999998
ES-2015-FG1426045-42153,2015-05-29 00:00:00,FG-1426045,Frank Gastineau,Home Office,France,Europe,Western Europe,TEC-AC-4180,Technology,Accessories,"Enermax Numeric Keypad, USB",165.42000000000002,3,0,47.97
CA-2015-CM11815140-42153,2015-05-29 00:00:00,CM-118151404,Candace McMahon,Corporate,United States,USCA,Western US,OFF-PA-6595,Office Supplies,Paper,Xerox 230,15.552000000000003,3,0.2,5.4432
CA-2015-CW11905140-42138,2015-05-14 00:00:00,CW-119051406,Carl Weiss,Home Office,United States,USCA,Eastern US,OFF-BI-4370,Office Supplies,Binders,GBC Twin Loop Wire Binding Elements,299.52,9,0,149.76
MX-2015-RB1979518-42146,2015-05-22 00:00:00,RB-1979518,Ross Baird,Home Office,Brazil,LATAM,South America,OFF-ST-4078,Office Supplies,Storage,"Eldon Lockers, Blue",527.76,4,0,5.2
IN-2015-DM1334558-42146,2015-05-22 00:00:00,DM-1334558,Denise Monton,Corporate,India,Asia Pacific,Southern Asia,FUR-BO-5771,Furniture,Bookcases,"Safco Corner Shelving, Traditional",149.46,1,0,56.79
CA-2015-CD11920140-42151,2015-05-27 00:00:00,CD-119201404,Carlos Daly,Consumer,United States,USCA,Western US,OFF-PA-6563,Office Supplies,Paper,Xerox 201,12.96,2,0,6.2208000000000006
IN-2015-DB1336078-42126,2015-05-02 00:00:00,DB-1336078,Dennis Bolton,Home Office,Malaysia,Asia Pacific,Southeastern Asia,FUR-CH-4627,Furniture,Chairs,"Hon Bag Chairs, Black",299.03999999999996,7,0,2.9400000000000004
IT-2015-MG1769545-42139,2015-05-15 00:00:00,MG-1769545,Maureen Gnade,Consumer,France,Europe,Western Europe,FUR-BO-4862,Furniture,Bookcases,"Ikea Library with Doors, Pine",729.48,5,0.6,-492.4200000000001
CA-2015-CS11950140-42132,2015-05-08 00:00:00,CS-119501404,Carlos Soltero,Consumer,United States,USCA,Western US,TEC-PH-3511,Technology,Phones,Blue Parrot B250XT Professional Grade Wireless Bluetooth Headset with,419.94399999999996,7,0.2,52.49299999999997
US-2015-TC2114582-42147,2015-05-23 00:00:00,TC-2114582,Theresa Coyne,Corporate,Mexico,LATAM,Central America,FUR-CH-5412,Furniture,Chairs,"Novimex Swivel Stool, Black",259.24800000000005,3,0.2,-32.41200000000001
US-2015-SH20395143-42155,2015-05-31 00:00:00,SH-20395143,Shahid Hopkins,Consumer,Venezuela,LATAM,South America,FUR-BO-4862,Furniture,Bookcases,"Ikea Library with Doors, Pine",145.896,1,0.4,-82.684
CA-2015-CS195023-42133,2015-05-09 00:00:00,CS-195023,Carlos Soltero,Consumer,Canada,USCA,Canada,OFF-AR-3476,Office Supplies,Art,"Binney & Smith Canvas, Easy-Erase",51.629999999999995,1,0,8.76
TX-2015-KT6480135-42153,2015-05-29 00:00:00,KT-6480135,Kean Thornton,Consumer,Turkmenistan,Asia Pacific,Central Asia,OFF-AP-4738,Office Supplies,Appliances,"Hoover Refrigerator, White",314.64000000000004,2,0.7,-524.4
IN-2015-AJ1078027-42143,2015-05-19 00:00:00,AJ-1078027,Anthony Jacobs,Corporate,China,Asia Pacific,Eastern Asia,TEC-PH-3799,Technology,Phones,"Cisco Office Telephone, with Caller ID",241.38000000000002,3,0,57.87
MX-2015-JR1567093-42126,2015-05-02 00:00:00,JR-1567093,Jim Radford,Consumer,Nicaragua,LATAM,Central America,TEC-PH-3129,Technology,Phones,"Apple Audio Dock, VoIP",445.28000000000003,4,0,17.76
CA-2015-CJ12010140-42126,2015-05-02 00:00:00,CJ-120101408,Caroline Jumper,Consumer,United States,USCA,Southern US,FUR-CH-4623,Furniture,Chairs,HON 5400 Series Task Chairs for Big and Tall,2803.92,5,0.2,0
CA-2015-CJ12010140-42126,2015-05-02 00:00:00,CJ-120101408,Caroline Jumper,Consumer,United States,USCA,Southern US,FUR-TA-3619,Furniture,Tables,Bush Advantage Collection Racetrack Conference Table,933.2620000000001,4,0.45,-458.1468
MX-2015-MM1792018-42140,2015-05-16 00:00:00,MM-1792018,Michael Moore,Consumer,Brazil,LATAM,South America,OFF-ST-4258,Office Supplies,Storage,"Fellowes File Cart, Industrial",183.72,2,0,75.32000000000001
ID-2015-BT114407-42135,2015-05-11 00:00:00,BT-114407,Bobby Trafton,Consumer,Australia,Asia Pacific,Oceania,FUR-CH-4544,Furniture,Chairs,"Harbour Creations Rocking Chair, Adjustable",269.24399999999997,3,0.4,-134.676
CA-2015-CJ12010140-42126,2015-05-02 00:00:00,CJ-120101408,Caroline Jumper,Consumer,United States,USCA,Southern US,OFF-SU-4977,Office Supplies,Supplies,Kleencut Forged Office Shears by Acme United Corporation,3.3280000000000003,2,0.2,0.4159999999999997
IN-2015-VP2176058-42152,2015-05-28 00:00:00,VP-2176058,Victoria Pisteka,Corporate,India,Asia Pacific,Southern Asia,FUR-BO-5798,Furniture,Bookcases,"Safco Stackable Bookrack, Pine",454.5,3,0,90.89999999999999
MO-2015-MK816086-42134,2015-05-10 00:00:00,MK-816086,Mike Kennedy,Consumer,Morocco,Africa,North Africa,FUR-TA-3755,Furniture,Tables,"Chromcraft Coffee Table, Adjustable Height",269.28,1,0,110.39999999999999
ES-2015-TH2110064-42129,2015-05-05 00:00:00,TH-2110064,Thea Hendricks,Consumer,Italy,Europe,Southern Europe,TEC-PH-5812,Technology,Phones,"Samsung Audio Dock, Cordless",407.232,4,0.4,-149.328
ES-2015-DK1298548-42125,2015-05-01 00:00:00,DK-1298548,Darren Koutras,Consumer,Germany,Europe,Western Europe,FUR-CH-5412,Furniture,Chairs,"Novimex Swivel Stool, Black",291.65400000000005,2,0.1,-22.686000000000007
MX-2015-AZ1075018-42132,2015-05-08 00:00:00,AZ-1075018,Annie Zypern,Consumer,Brazil,LATAM,South America,FUR-CH-4683,Furniture,Chairs,"Hon Rocking Chair, Red",435.4,5,0,30.4
IT-2015-JK1573064-42150,2015-05-26 00:00:00,JK-1573064,Joe Kamberova,Consumer,Italy,Europe,Southern Europe,FUR-BO-4865,Furniture,Bookcases,"Ikea Stackable Bookrack, Mobile",375.3,3,0,180.09
ES-2015-PF1912045-42147,2015-05-23 00:00:00,PF-1912045,Peter Fuller,Consumer,France,Europe,Western Europe,OFF-AP-3571,Office Supplies,Appliances,"Breville Microwave, Red",1086.156,4,0.1,-12.083999999999989
ID-2015-MS175307-42126,2015-05-02 00:00:00,MS-175307,MaryBeth Skach,Consumer,Australia,Asia Pacific,Oceania,TEC-PH-3801,Technology,Phones,"Cisco Signal Booster, Full Size",275.61600000000004,2,0.1,-0.024000000000004462
CA-2015-CS12175140-42137,2015-05-13 00:00:00,CS-121751404,Charles Sheldon,Corporate,United States,USCA,Western US,FUR-TA-5066,Furniture,Tables,"Lesro Sheffield Collection Coffee Table, End Table, Center Table, Corner Table",285.48,5,0.2,-10.705500000000043
CA-2015-CS12175140-42137,2015-05-13 00:00:00,CS-121751404,Charles Sheldon,Corporate,United States,USCA,Western US,OFF-SU-3839,Office Supplies,Supplies,Compact Automatic Electric Letter Opener,238.62,2,0,4.772400000000005
CA-2015-CS12175140-42137,2015-05-13 00:00:00,CS-121751404,Charles Sheldon,Corporate,United States,USCA,Western US,OFF-BI-3984,Office Supplies,Binders,"DXL Angle-View Binders with Locking Rings, Black",19.168000000000003,4,0.2,6.4692
ID-2015-BT114407-42135,2015-05-11 00:00:00,BT-114407,Bobby Trafton,Consumer,Australia,Asia Pacific,Oceania,TEC-CO-6008,Technology,Copiers,"Sharp Personal Copier, Laser",288,4,0.4,-14.399999999999977
CA-2015-CS12175140-42137,2015-05-13 00:00:00,CS-121751404,Charles Sheldon,Corporate,United States,USCA,Western US,OFF-AP-4728,Office Supplies,Appliances,Hoover Commercial Soft Guard Upright Vacuum And Disposable Filtration Bags,7.77,1,0,2.0979
IN-2015-EM139607-42130,2015-05-06 00:00:00,EM-139607,Eric Murdock,Consumer,Australia,Asia Pacific,Oceania,OFF-BI-3189,Office Supplies,Binders,"Avery 3-Hole Punch, Recycled",282.30000000000007,10,0,135.29999999999998
CA-2015-CK12205140-42137,2015-05-13 00:00:00,CK-122051406,Chloris Kastensmidt,Consumer,United States,USCA,Eastern US,OFF-PA-6307,Office Supplies,Paper,"TOPS Carbonless Receipt Book, Four 2-3/4 x 7-1/4 Money Receipts per Page",87.6,5,0,42.047999999999995
MO-2015-MK816086-42134,2015-05-10 00:00:00,MK-816086,Mike Kennedy,Consumer,Morocco,Africa,North Africa,TEC-MA-6137,Technology,Machines,"StarTech Card Printer, Red",642.6,4,0,70.67999999999999
CA-2015-CC12220140-42129,2015-05-05 00:00:00,CC-122201404,Chris Cortes,Consumer,United States,USCA,Western US,OFF-AP-2889,Office Supplies,Appliances,"Acco 7-Outlet Masterpiece Power Center, Wihtout Fax/Phone Line Protection",243.16,2,0,72.94799999999998
EG-2015-TG1164038-42146,2015-05-22 00:00:00,TG-1164038,Trudy Glocke,Consumer,Egypt,Africa,North Africa,OFF-ST-5706,Office Supplies,Storage,"Rogers Shelving, Industrial",375.65999999999997,6,0,112.68
MX-2015-SV2093536-42143,2015-05-19 00:00:00,SV-2093536,Susan Vittorini,Consumer,Dominican Republic,LATAM,Caribbean,OFF-PA-5848,Office Supplies,Paper,"SanDisk Cards & Envelopes, Multicolor",239.18400000000003,9,0.2,38.843999999999994
IN-2015-PP189557-42125,2015-05-01 00:00:00,PP-189557,Paul Prost,Home Office,Australia,Asia Pacific,Oceania,FUR-CH-5408,Furniture,Chairs,"Novimex Steel Folding Chair, Red",222.02100000000002,3,0.1,29.600999999999992
ID-2015-AB106007-42129,2015-05-05 00:00:00,AB-106007,Ann Blume,Corporate,Australia,Asia Pacific,Oceania,TEC-PH-3150,Technology,Phones,"Apple Speaker Phone, Cordless",302.76,4,0.4,-75.72000000000003
MX-2015-KD1649593-42131,2015-05-07 00:00:00,KD-1649593,Keith Dawkins,Corporate,Nicaragua,LATAM,Central America,FUR-BO-3624,Furniture,Bookcases,"Bush Classic Bookcase, Metal",549.52,2,0,109.88
MX-2015-AZ1075028-42143,2015-05-19 00:00:00,AZ-1075028,Annie Zypern,Consumer,Colombia,LATAM,South America,TEC-PH-5271,Technology,Phones,"Motorola Speaker Phone, Full Size",262.14,3,0,5.22
US-2015-KD1649518-42131,2015-05-07 00:00:00,KD-1649518,Keith Dawkins,Corporate,Brazil,LATAM,South America,FUR-BO-3624,Furniture,Bookcases,"Bush Classic Bookcase, Metal",219.808,2,0.6,-219.83199999999997
ES-2015-FG1426045-42153,2015-05-29 00:00:00,FG-1426045,Frank Gastineau,Home Office,France,Europe,Western Europe,OFF-AR-5913,Office Supplies,Art,"Sanford Highlighters, Water Color",113.58,6,0,40.86
IN-2015-NZ1856558-42137,2015-05-13 00:00:00,NZ-1856558,Nick Zandusky,Home Office,India,Asia Pacific,Southern Asia,TEC-MA-5499,Technology,Machines,"Okidata Card Printer, White",871.2,5,0,357.15
IN-2015-JM156557-42154,2015-05-30 00:00:00,JM-156557,Jim Mitchum,Corporate,Australia,Asia Pacific,Oceania,FUR-BO-5952,Furniture,Bookcases,"Sauder Corner Shelving, Metal",396.252,3,0.1,149.65200000000002
NG-2015-EC405094-42140,2015-05-16 00:00:00,EC-405094,Erin Creighton,Consumer,Niger,Africa,Western Africa,OFF-ST-6033,Office Supplies,Storage,"Smead File Cart, Single Width",128.88,1,0,9
IN-2015-RH1951058-42133,2015-05-09 00:00:00,RH-1951058,Rick Huthwaite,Home Office,India,Asia Pacific,Southern Asia,FUR-FU-3928,Furniture,Furnishings,"Deflect-O Clock, Black",251.55,5,0,17.549999999999997
ES-2015-GG1465048-42132,2015-05-08 00:00:00,GG-1465048,Greg Guthrie,Corporate,Germany,Europe,Western Europe,OFF-SU-4990,Office Supplies,Supplies,"Kleencut Shears, High Speed",187.07999999999998,4,0,80.4
IN-2015-FM14380102-42131,2015-05-07 00:00:00,FM-14380102,Fred McMath,Consumer,Philippines,Asia Pacific,Southeastern Asia,TEC-AC-5115,Technology,Accessories,"Logitech Keyboard, Bluetooth",199.2375,5,0.45,18.037500000000023
ES-2015-TG2131048-42132,2015-05-08 00:00:00,TG-2131048,Toby Gnade,Consumer,Germany,Europe,Western Europe,OFF-ST-6247,Office Supplies,Storage,"Tenex File Cart, Industrial",321.91200000000003,3,0.2,-4.068000000000012
MD-2015-EM396083-42131,2015-05-07 00:00:00,EM-396083,Eric Murdock,Consumer,Moldova,Europe,Eastern Europe,OFF-ST-6032,Office Supplies,Storage,"Smead File Cart, Industrial",770.3999999999999,6,0,215.64
IN-2015-PR1888027-42125,2015-05-01 00:00:00,PR-1888027,Patrick Ryan,Consumer,China,Asia Pacific,Eastern Asia,TEC-MA-5568,Technology,Machines,"Panasonic Phone, Red",163.98000000000002,2,0,45.900000000000006
IN-2015-TC209807-42140,2015-05-16 00:00:00,TC-209807,Tamara Chand,Corporate,Australia,Asia Pacific,Oceania,TEC-MA-5541,Technology,Machines,"Panasonic Calculator, Wireless",100.56,2,0,14.04
IN-2015-GH1442558-42150,2015-05-26 00:00:00,GH-1442558,Gary Hwang,Consumer,India,Asia Pacific,Southern Asia,OFF-AP-4500,Office Supplies,Appliances,"Hamilton Beach Microwave, White",280.65,1,0,0
CA-2015-CC12430140-42145,2015-05-21 00:00:00,CC-124301404,Chuck Clark,Home Office,United States,USCA,Western US,FUR-CH-4410,Furniture,Chairs,"Global Geo Office Task Chair, Gray",518.272,8,0.2,-97.17600000000007
IN-2015-CS124007-42148,2015-05-24 00:00:00,CS-124007,Christopher Schild,Home Office,Australia,Asia Pacific,Oceania,FUR-BO-5745,Furniture,Bookcases,"Safco 3-Shelf Cabinet, Metal",454.4100000000001,3,0.1,186.75
CA-2015-CC12430140-42145,2015-05-21 00:00:00,CC-124301404,Chuck Clark,Home Office,United States,USCA,Western US,TEC-MA-5489,Technology,Machines,Okidata B400 Printer,343.20000000000005,1,0.2,38.60999999999996
ID-2015-JG15310130-42133,2015-05-09 00:00:00,JG-15310130,Jason Gross,Corporate,Thailand,Asia Pacific,Southeastern Asia,OFF-AR-6105,Office Supplies,Art,"Stanley Canvas, Blue",131.09550000000002,5,0.47000000000000003,-59.4045
ID-2015-NR18550144-42131,2015-05-07 00:00:00,NR-18550144,Nick Radford,Consumer,Vietnam,Asia Pacific,Southeastern Asia,OFF-AP-3580,Office Supplies,Appliances,"Breville Stove, Silver",933.4013999999999,2,0.17,-78.73859999999999
MX-2015-DB1336018-42137,2015-05-13 00:00:00,DB-1336018,Dennis Bolton,Home Office,Brazil,LATAM,South America,TEC-PH-3817,Technology,Phones,"Cisco Speaker Phone, VoIP",184.75999999999996,2,0,40.64
IT-2015-JK1573091-42133,2015-05-09 00:00:00,JK-1573091,Joe Kamberova,Consumer,Netherlands,Europe,Western Europe,FUR-CH-4684,Furniture,Chairs,"Hon Rocking Chair, Set of Two",132.87,2,0.5,-55.83000000000001
IT-2015-MC1810064-42136,2015-05-12 00:00:00,MC-1810064,Mick Crebagga,Consumer,Italy,Europe,Southern Europe,TEC-PH-5270,Technology,Phones,"Motorola Speaker Phone, Cordless",238.73399999999998,3,0.4,-139.26600000000002
ES-2015-AH10210139-42133,2015-05-09 00:00:00,AH-10210139,Alan Hwang,Consumer,United Kingdom,Europe,Northern Europe,FUR-BO-5954,Furniture,Bookcases,"Sauder Corner Shelving, Pine",594.6,4,0,118.92
IN-2015-BT1148558-42129,2015-05-05 00:00:00,BT-1148558,Brad Thomas,Home Office,India,Asia Pacific,Southern Asia,TEC-AC-5887,Technology,Accessories,"SanDisk Numeric Keypad, Bluetooth",277.80000000000007,5,0,130.5
CA-2015-CC12430140-42145,2015-05-21 00:00:00,CC-124301404,Chuck Clark,Home Office,United States,USCA,Western US,FUR-FU-4333,Furniture,Furnishings,G.E. Halogen Desk Lamp Bulbs,6.98,1,0,3.3504
MX-2015-RH1960093-42136,2015-05-12 00:00:00,RH-1960093,Rob Haberlin,Consumer,Nicaragua,LATAM,Central America,FUR-CH-5805,Furniture,Chairs,"SAFCO Swivel Stool, Adjustable",227.24,2,0,6.8
IN-2015-CH12070102-42136,2015-05-12 00:00:00,CH-12070102,Cathy Hwang,Home Office,Philippines,Asia Pacific,Southeastern Asia,TEC-PH-5843,Technology,Phones,"Samsung Speaker Phone, Cordless",378.27,4,0.25,75.62999999999997
ES-2015-MS1798045-42154,2015-05-30 00:00:00,MS-1798045,Michael Stewart,Corporate,France,Europe,Western Europe,TEC-AC-5206,Technology,Accessories,"Memorex Memory Card, USB",307.43999999999994,3,0,73.71000000000001
IN-2015-SA2083027-42154,2015-05-30 00:00:00,SA-2083027,Sue Ann Reed,Consumer,China,Asia Pacific,Eastern Asia,OFF-SU-6166,Office Supplies,Supplies,"Stiletto Letter Opener, High Speed",166.68000000000004,6,0,49.86
IN-2015-LB1679592-42146,2015-05-22 00:00:00,LB-1679592,Laurel Beltran,Home Office,New Zealand,Asia Pacific,Oceania,FUR-BO-4855,Furniture,Bookcases,"Ikea Corner Shelving, Traditional",246.12,2,0,66.42
RS-2015-BH1710108-42152,2015-05-28 00:00:00,BH-1710108,Brosina Hoffman,Consumer,Russia,Europe,Eastern Europe,FUR-CH-4532,Furniture,Chairs,"Harbour Creations Executive Leather Armchair, Red",475.8599999999999,1,0,185.57999999999998
IN-2015-DB129707-42152,2015-05-28 00:00:00,DB-129707,Darren Budd,Corporate,Australia,Asia Pacific,Oceania,OFF-PA-4464,Office Supplies,Paper,"Green Bar Cards & Envelopes, Recycled",130.41000000000003,3,0.1,56.43
IN-2015-TS2150592-42152,2015-05-28 00:00:00,TS-2150592,Tony Sayre,Consumer,New Zealand,Asia Pacific,Oceania,OFF-ST-4081,Office Supplies,Storage,"Eldon Lockers, Wire Frame",236.37599999999998,2,0.4,11.795999999999992
SA-2015-EJ4155110-42139,2015-05-15 00:00:00,EJ-4155110,Eva Jacobs,Consumer,Saudi Arabia,Asia Pacific,Western Asia,FUR-BO-3636,Furniture,Bookcases,"Bush Floating Shelf Set, Pine",172.62,1,0,53.489999999999995
ES-2015-CC1255045-42127,2015-05-03 00:00:00,CC-1255045,Clay Cheatham,Consumer,France,Europe,Western Europe,OFF-AR-5933,Office Supplies,Art,"Sanford Sketch Pad, Water Color",340.62,7,0,160.01999999999998
ES-2015-GG1465048-42132,2015-05-08 00:00:00,GG-1465048,Greg Guthrie,Corporate,Germany,Europe,Western Europe,OFF-BI-4816,Office Supplies,Binders,"Ibico Binding Machine, Durable",158.76,3,0,72.99
MX-2015-JD1601582-42154,2015-05-30 00:00:00,JD-1601582,Joy Daniels,Consumer,Mexico,LATAM,Central America,FUR-CH-5796,Furniture,Chairs,"SAFCO Rocking Chair, Set of Two",219.456,3,0.2,24.636000000000003
MA-2015-MC727577-42134,2015-05-10 00:00:00,MC-727577,Marc Crier,Consumer,Madagascar,Africa,Eastern Africa,TEC-AC-5137,Technology,Accessories,"Logitech Router, USB",495.06000000000006,2,0,59.400000000000006
IN-2015-RD1972027-42144,2015-05-20 00:00:00,RD-1972027,Roger Demir,Consumer,China,Asia Pacific,Eastern Asia,TEC-AC-3396,Technology,Accessories,"Belkin Numeric Keypad, Bluetooth",289.8,5,0,139.04999999999998
IN-2015-GH1442558-42150,2015-05-26 00:00:00,GH-1442558,Gary Hwang,Consumer,India,Asia Pacific,Southern Asia,TEC-CO-3703,Technology,Copiers,"Canon Personal Copier, Color",144.18,1,0,18.72
IN-2015-SC2038059-42133,2015-05-09 00:00:00,SC-2038059,Shahid Collister,Consumer,Indonesia,Asia Pacific,Southeastern Asia,TEC-AC-5873,Technology,Accessories,"SanDisk Memory Card, Erganomic",233.66639999999998,4,0.47000000000000003,-167.6136
RS-2015-MB7305108-42131,2015-05-07 00:00:00,MB-7305108,Maria Bertelson,Consumer,Russia,Europe,Eastern Europe,OFF-ST-4055,Office Supplies,Storage,"Eldon File Cart, Blue",253.92000000000004,2,0,5.04
CM-2015-DB297022-42151,2015-05-27 00:00:00,DB-297022,Darren Budd,Corporate,Cameroon,Africa,Central Africa,TEC-CO-4579,Technology,Copiers,"Hewlett Ink, Color",150.12,1,0,21
MX-2015-EH1412539-42140,2015-05-16 00:00:00,EH-1412539,Eugene Hildebrand,Home Office,El Salvador,LATAM,Central America,FUR-BO-3893,Furniture,Bookcases,"Dania Corner Shelving, Metal",405.1,5,0,121.5
ID-2015-SC2084592-42136,2015-05-12 00:00:00,SC-2084592,Sung Chung,Consumer,New Zealand,Asia Pacific,Oceania,FUR-CH-4683,Furniture,Chairs,"Hon Rocking Chair, Red",470.23199999999997,6,0.4,-7.84800000000007
IN-2015-CS124007-42148,2015-05-24 00:00:00,CS-124007,Christopher Schild,Home Office,Australia,Asia Pacific,Oceania,FUR-BO-3630,Furniture,Bookcases,"Bush Corner Shelving, Pine",338.418,3,0.1,131.598
IV-2015-BP105029-42140,2015-05-16 00:00:00,BP-105029,Barry Pond,Corporate,Cote d'Ivoire,Africa,Western Africa,TEC-CO-6010,Technology,Copiers,"Sharp Wireless Fax, Digital",355.56,1,0,14.22
ES-2015-VM2168545-42140,2015-05-16 00:00:00,VM-2168545,Valerie Mitchum,Home Office,France,Europe,Western Europe,OFF-SU-2980,Office Supplies,Supplies,"Acme Letter Opener, Steel",118.44000000000001,4,0,48.480000000000004
ES-2015-AF108858-42148,2015-05-24 00:00:00,AF-108858,Art Foster,Consumer,Austria,Europe,Western Europe,OFF-BI-4817,Office Supplies,Binders,"Ibico Binding Machine, Economy",205.68,4,0,18.48
IT-2015-TB21625124-42127,2015-05-03 00:00:00,TB-21625124,Trudy Brown,Consumer,Sweden,Europe,Northern Europe,TEC-CO-4568,Technology,Copiers,"Hewlett Copy Machine, Color",132.55499999999998,1,0.5,-42.434999999999974
IN-2015-RD1972027-42144,2015-05-20 00:00:00,RD-1972027,Roger Demir,Consumer,China,Asia Pacific,Eastern Asia,TEC-AC-5862,Technology,Accessories,"SanDisk Flash Drive, Programmable",287.28,7,0,48.71999999999999
MX-2015-NK1849018-42132,2015-05-08 00:00:00,NK-1849018,Neil Knudson,Home Office,Brazil,LATAM,South America,FUR-CH-5367,Furniture,Chairs,"Novimex Bag Chairs, Black",203.14,7,0,89.32
SA-2015-TS11085110-42134,2015-05-10 00:00:00,TS-11085110,Thais Sissman,Consumer,Saudi Arabia,Asia Pacific,Western Asia,TEC-PH-3792,Technology,Phones,"Cisco Headset, VoIP",354.12,4,0,14.16
IN-2015-DB129707-42152,2015-05-28 00:00:00,DB-129707,Darren Budd,Corporate,Australia,Asia Pacific,Oceania,OFF-BI-2883,Office Supplies,Binders,"Acco 3-Hole Punch, Economy",243.97200000000004,9,0.1,13.391999999999996
EZ-2015-JO514532-42126,2015-05-02 00:00:00,JO-514532,Jack O'Briant,Corporate,Czech Republic,Europe,Eastern Europe,FUR-CH-4532,Furniture,Chairs,"Harbour Creations Executive Leather Armchair, Red",475.8599999999999,1,0,185.57999999999998
IT-2015-MB1808591-42145,2015-05-21 00:00:00,MB-1808591,Mick Brown,Consumer,Netherlands,Europe,Western Europe,OFF-ST-4267,Office Supplies,Storage,"Fellowes Lockers, Industrial",207.81,2,0.5,-24.99000000000001
MX-2015-MS1753082-42153,2015-05-29 00:00:00,MS-1753082,MaryBeth Skach,Consumer,Mexico,LATAM,Central America,OFF-AP-4506,Office Supplies,Appliances,"Hamilton Beach Stove, Red",361.56,1,0,43.38
ES-2015-JC1538564-42137,2015-05-13 00:00:00,JC-1538564,Jenna Caffey,Consumer,Italy,Europe,Southern Europe,OFF-EN-3654,Office Supplies,Envelopes,"Cameo Business Envelopes, Recycled",94.5,6,0,42.480000000000004
MX-2015-IL1510082-42147,2015-05-23 00:00:00,IL-1510082,Ivan Liston,Consumer,Mexico,LATAM,Central America,OFF-BI-2901,Office Supplies,Binders,"Acco Binding Machine, Economy",102.18,3,0,1.02
CA-2015-CA12775140-42137,2015-05-13 00:00:00,CA-127751406,Cynthia Arntzen,Consumer,United States,USCA,Eastern US,TEC-AC-5185,Technology,Accessories,"Maxell Pro 80 Minute CD-R, 10/Pack",87.4,5,0,34.96000000000001
CA-2015-CA12775140-42137,2015-05-13 00:00:00,CA-127751406,Cynthia Arntzen,Consumer,United States,USCA,Eastern US,FUR-FU-3916,Furniture,Furnishings,"DAX Cubicle Frames, 8-1/2 x 11",42.85,5,0,15.426000000000002
CA-2015-CA12775140-42137,2015-05-13 00:00:00,CA-127751406,Cynthia Arntzen,Consumer,United States,USCA,Eastern US,OFF-SU-3000,Office Supplies,Supplies,Acme Titanium Bonded Scissors,17,2,0,4.42
CA-2015-CA12775140-42137,2015-05-13 00:00:00,CA-127751406,Cynthia Arntzen,Consumer,United States,USCA,Eastern US,OFF-LA-6022,Office Supplies,Labels,Smead Alpha-Z Color-Coded Second Alphabetical Labels and Starter Set,6.16,2,0,2.9568
ID-2015-VT21700118-42148,2015-05-24 00:00:00,VT-21700118,Valerie Takahito,Home Office,South Korea,Asia Pacific,Eastern Asia,TEC-PH-5349,Technology,Phones,"Nokia Office Telephone, with Caller ID",227.95499999999998,7,0.5,-118.54499999999999
NG-2015-EC405094-42140,2015-05-16 00:00:00,EC-405094,Erin Creighton,Consumer,Niger,Africa,Western Africa,TEC-AC-4157,Technology,Accessories,"Enermax Keyboard, Programmable",169.92000000000002,2,0,73.02
IN-2015-DJ1363027-42125,2015-05-01 00:00:00,DJ-1363027,Doug Jacobs,Consumer,China,Asia Pacific,Eastern Asia,FUR-CH-5452,Furniture,Chairs,"Office Star Steel Folding Chair, Red",275.13,3,0,16.47
IN-2015-KH1669058-42126,2015-05-02 00:00:00,KH-1669058,Kristen Hastings,Corporate,India,Asia Pacific,Southern Asia,OFF-EN-3099,Office Supplies,Envelopes,"Ames Interoffice Envelope, with clear poly window",194.64,4,0,9.72
US-2015-TB21400101-42145,2015-05-21 00:00:00,TB-21400101,Tom Boeckenhauer,Consumer,Peru,LATAM,South America,OFF-BI-3726,Office Supplies,Binders,"Cardinal Binding Machine, Economy",79.63200000000002,4,0.4,-37.16800000000001
SF-2015-MS7365117-42132,2015-05-08 00:00:00,MS-7365117,Maribeth Schnelling,Consumer,South Africa,Africa,Southern Africa,OFF-AR-5905,Office Supplies,Art,"Sanford Canvas, Water Color",214.8,4,0,0
MO-2015-MK816086-42134,2015-05-10 00:00:00,MK-816086,Mike Kennedy,Consumer,Morocco,Africa,North Africa,OFF-AP-4968,Office Supplies,Appliances,"KitchenAid Toaster, Black",84.75,1,0,25.410000000000004
ES-2015-JB1600064-42131,2015-05-07 00:00:00,JB-1600064,Joy Bell-,Consumer,Italy,Europe,Southern Europe,OFF-EN-5031,Office Supplies,Envelopes,"Kraft Interoffice Envelope, Set of 50",187.68,4,0,41.28
IN-2015-NC183407-42155,2015-05-31 00:00:00,NC-183407,Nat Carroll,Consumer,Australia,Asia Pacific,Oceania,FUR-CH-5450,Furniture,Chairs,"Office Star Steel Folding Chair, Adjustable",339.11999999999995,4,0.1,135.6
IN-2015-BS113657-42141,2015-05-17 00:00:00,BS-113657,Bill Shonely,Corporate,Australia,Asia Pacific,Oceania,OFF-PA-3995,Office Supplies,Paper,"Eaton Memo Slips, Multicolor",109.08,8,0.1,25.32
MO-2015-MA756086-42137,2015-05-13 00:00:00,MA-756086,Matt Abelman,Home Office,Morocco,Africa,North Africa,FUR-TA-4712,Furniture,Tables,"Hon Wood Table, Rectangular",528.9,1,0,79.32000000000001
MO-2015-TS1108586-42150,2015-05-26 00:00:00,TS-1108586,Thais Sissman,Consumer,Morocco,Africa,North Africa,OFF-AR-6118,Office Supplies,Art,"Stanley Pencil Sharpener, Easy-Erase",104.16,4,0,35.400000000000006
IN-2015-NF185957-42150,2015-05-26 00:00:00,NF-185957,Nicole Fjeld,Home Office,Australia,Asia Pacific,Oceania,OFF-PA-4482,Office Supplies,Paper,"Green Bar Parchment Paper, Multicolor",130.248,8,0.1,31.608
ID-2015-JB16000102-42155,2015-05-31 00:00:00,JB-16000102,Joy Bell-,Consumer,Philippines,Asia Pacific,Southeastern Asia,TEC-PH-3132,Technology,Phones,"Apple Headset, Cordless",342.49499999999995,6,0.25,27.31500000000004
ID-2015-LS1694559-42149,2015-05-25 00:00:00,LS-1694559,Linda Southworth,Corporate,Indonesia,Asia Pacific,Southeastern Asia,OFF-ST-4108,Office Supplies,Storage,"Eldon Trays, Wire Frame",156.1728,4,0.17,-3.7871999999999986
IN-2015-EM139607-42130,2015-05-06 00:00:00,EM-139607,Eric Murdock,Consumer,Australia,Asia Pacific,Oceania,OFF-SU-6176,Office Supplies,Supplies,"Stiletto Shears, Easy Grip",99.42,2,0,31.799999999999997
ID-2015-HL1504097-42132,2015-05-08 00:00:00,HL-1504097,Hunter Lopez,Consumer,Pakistan,Asia Pacific,Southern Asia,TEC-CO-3587,Technology,Copiers,"Brother Copy Machine, Color",263.73,2,0.5,-179.37
IN-2015-PN187757-42139,2015-05-15 00:00:00,PN-187757,Parhena Norris,Home Office,Australia,Asia Pacific,Oceania,OFF-EN-4449,Office Supplies,Envelopes,"GlobeWeis Manila Envelope, Set of 50",383.46000000000004,14,0,114.66
US-2015-DO1364555-42139,2015-05-15 00:00:00,DO-1364555,Doug O'Connell,Consumer,Honduras,LATAM,Central America,FUR-CH-5452,Furniture,Chairs,"Office Star Steel Folding Chair, Red",110.05199999999999,3,0.4,-53.208000000000006
ES-2015-AB1010545-42143,2015-05-19 00:00:00,AB-1010545,Adrian Barton,Consumer,France,Europe,Western Europe,OFF-ST-4057,Office Supplies,Storage,"Eldon File Cart, Single Width",230.256,2,0.1,20.435999999999993
MX-2015-DM1352582-42139,2015-05-15 00:00:00,DM-1352582,Don Miller,Corporate,Mexico,LATAM,Central America,OFF-SU-4976,Office Supplies,Supplies,"Kleencut Box Cutter, Steel",90.79999999999998,4,0,31.76
NI-2015-NP870095-42137,2015-05-13 00:00:00,NP-870095,Nora Preis,Consumer,Nigeria,Africa,Western Africa,FUR-BO-3616,Furniture,Bookcases,"Bush 3-Shelf Cabinet, Mobile",87.53400000000002,2,0.7,-160.506
MX-2015-ZC2191039-42152,2015-05-28 00:00:00,ZC-2191039,Zuschuss Carroll,Consumer,El Salvador,LATAM,Central America,TEC-AC-3403,Technology,Accessories,"Belkin Router, Erganomic",342.08000000000004,2,0,0
MX-2015-SC2057518-42154,2015-05-30 00:00:00,SC-2057518,Sonia Cooley,Consumer,Brazil,LATAM,South America,FUR-CH-5796,Furniture,Chairs,"SAFCO Rocking Chair, Set of Two",457.2,5,0,132.5
US-2015-KD1661582-42143,2015-05-19 00:00:00,KD-1661582,Ken Dana,Corporate,Mexico,LATAM,Central America,OFF-ST-4095,Office Supplies,Storage,"Eldon Shelving, Industrial",293.4,9,0,73.26
IN-2015-TB2135592-42129,2015-05-05 00:00:00,TB-2135592,Todd Boyes,Corporate,New Zealand,Asia Pacific,Oceania,TEC-PH-5264,Technology,Phones,"Motorola Signal Booster, Full Size",288.84000000000003,2,0,37.5
MX-2015-DM1352582-42139,2015-05-15 00:00:00,DM-1352582,Don Miller,Corporate,Mexico,LATAM,Central America,OFF-SU-4305,Office Supplies,Supplies,"Fiskars Box Cutter, Serrated",300.72,14,0,129.07999999999998
IN-2015-TC21475130-42131,2015-05-07 00:00:00,TC-21475130,Tony Chapman,Home Office,Thailand,Asia Pacific,Southeastern Asia,TEC-AC-5118,Technology,Accessories,"Logitech Keyboard, USB",346.58820000000003,9,0.47000000000000003,-104.85180000000003
TU-2015-RB9360134-42147,2015-05-23 00:00:00,RB-9360134,Raymond Buch,Consumer,Turkey,Asia Pacific,Western Asia,OFF-ST-6048,Office Supplies,Storage,"Smead Lockers, Single Width",158.76,2,0.6,-59.579999999999984
ES-2015-AB1006096-42143,2015-05-19 00:00:00,AB-1006096,Adam Bellavance,Home Office,Norway,Europe,Northern Europe,OFF-AR-6119,Office Supplies,Art,"Stanley Pencil Sharpener, Fluorescent",148.68,6,0,47.519999999999996
CA-2015-DB12970140-42128,2015-05-04 00:00:00,DB-129701404,Darren Budd,Corporate,United States,USCA,Western US,OFF-ST-4288,Office Supplies,Storage,Fellowes Stor/Drawer Steel Plus Storage Drawers,763.44,8,0,45.80639999999994
ES-2015-SP20650139-42147,2015-05-23 00:00:00,SP-20650139,Stephanie Phelps,Corporate,United Kingdom,Europe,Northern Europe,OFF-ST-4094,Office Supplies,Storage,"Eldon Shelving, Blue",242.10000000000002,5,0,65.25
CA-2015-DB12970140-42128,2015-05-04 00:00:00,DB-129701404,Darren Budd,Corporate,United States,USCA,Western US,OFF-ST-5276,Office Supplies,Storage,"Multi-Use Personal File Cart and Caster Set, Three Stacking Bins",69.52,2,0,19.465600000000002
US-2015-DK12985140-42130,2015-05-06 00:00:00,DK-129851404,Darren Koutras,Consumer,United States,USCA,Western US,OFF-EN-5583,Office Supplies,Envelopes,"Peel & Seel Recycled Catalog Envelopes, Brown",23.16,2,0,11.58
IN-2015-MO175007-42131,2015-05-07 00:00:00,MO-175007,Mary O'Rourke,Consumer,Australia,Asia Pacific,Oceania,OFF-AR-6105,Office Supplies,Art,"Stanley Canvas, Blue",222.615,5,0.1,32.11500000000001
US-2015-DP13000140-42139,2015-05-15 00:00:00,DP-130001406,Darren Powers,Consumer,United States,USCA,Eastern US,OFF-BI-5638,Office Supplies,Binders,"Premium Transparent Presentation Covers, No Pattern/Clear, 8 1/2"" x 11""",58.17000000000001,5,0.7,-46.53600000000003
IN-2015-PR1888027-42125,2015-05-01 00:00:00,PR-1888027,Patrick Ryan,Consumer,China,Asia Pacific,Eastern Asia,FUR-FU-5741,Furniture,Furnishings,"Rubbermaid Stacking Tray, Erganomic",47.519999999999996,2,0,23.28
US-2015-DP13000140-42139,2015-05-15 00:00:00,DP-130001406,Darren Powers,Consumer,United States,USCA,Eastern US,OFF-PA-6450,Office Supplies,Paper,Xerox 19,24.784000000000002,1,0.2,7.744999999999998
US-2015-DP13000140-42139,2015-05-15 00:00:00,DP-130001406,Darren Powers,Consumer,United States,USCA,Eastern US,OFF-LA-3224,Office Supplies,Labels,Avery 502,5.04,2,0.2,1.764
ES-2015-CK12205139-42134,2015-05-10 00:00:00,CK-12205139,Chloris Kastensmidt,Consumer,United Kingdom,Europe,Northern Europe,TEC-AC-3380,Technology,Accessories,"Belkin Flash Drive, Programmable",130.32,3,0,12.96
AO-2015-LC70504-42144,2015-05-20 00:00:00,LC-70504,Liz Carlisle,Consumer,Angola,Africa,Central Africa,OFF-ST-6246,Office Supplies,Storage,"Tenex File Cart, Blue",532.8000000000001,4,0,95.88
ES-2015-EH1418548-42125,2015-05-01 00:00:00,EH-1418548,Evan Henry,Consumer,Germany,Europe,Western Europe,FUR-CH-5447,Furniture,Chairs,"Office Star Rocking Chair, Black",373.8960000000001,3,0.1,41.525999999999996
MX-2015-AZ1075028-42143,2015-05-19 00:00:00,AZ-1075028,Annie Zypern,Consumer,Colombia,LATAM,South America,FUR-FU-5735,Furniture,Furnishings,"Rubbermaid Photo Frame, Black",172.5,5,0,41.4
ES-2015-AB1006096-42143,2015-05-19 00:00:00,AB-1006096,Adam Bellavance,Home Office,Norway,Europe,Northern Europe,OFF-AR-6106,Office Supplies,Art,"Stanley Canvas, Easy-Erase",198.95999999999998,4,0,47.64
ID-2015-MG1814592-42132,2015-05-08 00:00:00,MG-1814592,Mike Gockenbach,Consumer,New Zealand,Asia Pacific,Oceania,OFF-AP-3873,Office Supplies,Appliances,"Cuisinart Stove, Red",322.974,1,0.4,-0.006000000000000227
IN-2015-MH1778527-42138,2015-05-14 00:00:00,MH-1778527,Maya Herman,Corporate,China,Asia Pacific,Eastern Asia,OFF-SU-2979,Office Supplies,Supplies,"Acme Letter Opener, Serrated",188.37000000000003,7,0,71.39999999999999
IN-2015-BF112157-42125,2015-05-01 00:00:00,BF-112157,Benjamin Farhat,Home Office,Australia,Asia Pacific,Oceania,FUR-FU-6257,Furniture,Furnishings,"Tenex Light Bulb, Black",85.185,5,0.1,4.635
ES-2015-FG1426045-42153,2015-05-29 00:00:00,FG-1426045,Frank Gastineau,Home Office,France,Europe,Western Europe,TEC-AC-5100,Technology,Accessories,"Logitech Flash Drive, Erganomic",84.96000000000001,3,0,38.160000000000004
ID-2015-AG1030092-42132,2015-05-08 00:00:00,AG-1030092,Aleksandra Gannaway,Corporate,New Zealand,Asia Pacific,Oceania,TEC-CO-3602,Technology,Copiers,"Brother Ink, Laser",176.76000000000002,2,0.4,-79.56000000000002
CG-2015-JB600033-42152,2015-05-28 00:00:00,JB-600033,Joy Bell-,Consumer,Democratic Republic of the Congo,Africa,Central Africa,OFF-ST-5692,Office Supplies,Storage,"Rogers File Cart, Industrial",141.60000000000002,1,0,24.06
IN-2015-HG15025130-42126,2015-05-02 00:00:00,HG-15025130,Hunter Glantz,Consumer,Thailand,Asia Pacific,Southeastern Asia,OFF-ST-5700,Office Supplies,Storage,"Rogers Lockers, Blue",448.6344,4,0.47000000000000003,-355.60560000000004
US-2015-NF1859582-42145,2015-05-21 00:00:00,NF-1859582,Nicole Fjeld,Home Office,Mexico,LATAM,Central America,OFF-SU-6182,Office Supplies,Supplies,"Stiletto Trimmer, Serrated",236.70000000000005,9,0,47.339999999999996
IN-2015-DJ1363027-42125,2015-05-01 00:00:00,DJ-1363027,Doug Jacobs,Consumer,China,Asia Pacific,Eastern Asia,OFF-ST-4056,Office Supplies,Storage,"Eldon File Cart, Industrial",767.3400000000001,6,0,22.86
MX-2015-EH1412539-42140,2015-05-16 00:00:00,EH-1412539,Eugene Hildebrand,Home Office,El Salvador,LATAM,Central America,FUR-CH-5454,Furniture,Chairs,"Office Star Swivel Stool, Adjustable",235.24,2,0,49.4
MX-2015-DM1352582-42139,2015-05-15 00:00:00,DM-1352582,Don Miller,Corporate,Mexico,LATAM,Central America,OFF-SU-2980,Office Supplies,Supplies,"Acme Letter Opener, Steel",138.18,7,0,53.760000000000005
IN-2015-GZ1447027-42136,2015-05-12 00:00:00,GZ-1447027,Gary Zandusky,Consumer,China,Asia Pacific,Eastern Asia,OFF-ST-5700,Office Supplies,Storage,"Rogers Lockers, Blue",211.62,1,0,10.56
ID-2015-MT1781592-42154,2015-05-30 00:00:00,MT-1781592,Meg Tillman,Consumer,New Zealand,Asia Pacific,Oceania,TEC-PH-3799,Technology,Phones,"Cisco Office Telephone, with Caller ID",193.104,4,0.4,-51.57600000000002
MO-2015-AS28586-42147,2015-05-23 00:00:00,AS-28586,Alejandro Savely,Corporate,Morocco,Africa,North Africa,OFF-ST-6048,Office Supplies,Storage,"Smead Lockers, Single Width",396.9,2,0,178.56
LY-2015-MS736574-42145,2015-05-21 00:00:00,MS-736574,Maribeth Schnelling,Consumer,Libya,Africa,North Africa,TEC-CO-4765,Technology,Copiers,"HP Copy Machine, Color",245.13,1,0,83.34
ES-2015-LS1723048-42153,2015-05-29 00:00:00,LS-1723048,Lycoris Saunders,Consumer,Germany,Europe,Western Europe,TEC-CO-3683,Technology,Copiers,"Canon Fax and Copier, Digital",763.92,4,0,84
IN-2015-CP1234027-42143,2015-05-19 00:00:00,CP-1234027,Christine Phan,Corporate,China,Asia Pacific,Eastern Asia,OFF-EN-4448,Office Supplies,Envelopes,"GlobeWeis Manila Envelope, Security-Tint",238.32,8,0,0
EG-2015-DB366038-42132,2015-05-08 00:00:00,DB-366038,Duane Benoit,Consumer,Egypt,Africa,North Africa,FUR-CH-4521,Furniture,Chairs,"Harbour Creations Bag Chairs, Set of Two",383.22,6,0,122.58
IN-2015-AG103907-42129,2015-05-05 00:00:00,AG-103907,Allen Goldenen,Consumer,Australia,Asia Pacific,Oceania,FUR-CH-4632,Furniture,Chairs,"Hon Chairmat, Red",99.95400000000001,2,0.1,16.613999999999997
IN-2015-DB129707-42143,2015-05-19 00:00:00,DB-129707,Darren Budd,Corporate,Australia,Asia Pacific,Oceania,FUR-BO-4867,Furniture,Bookcases,"Ikea Stackable Bookrack, Traditional",220.644,2,0.1,46.52399999999999
US-2015-DM1352518-42139,2015-05-15 00:00:00,DM-1352518,Don Miller,Corporate,Brazil,LATAM,South America,OFF-SU-4305,Office Supplies,Supplies,"Fiskars Box Cutter, Serrated",120.28800000000001,14,0.6,-51.352
TU-2015-AG495134-42130,2015-05-06 00:00:00,AG-495134,Andrew Gjertsen,Corporate,Turkey,Asia Pacific,Western Asia,OFF-AP-4966,Office Supplies,Appliances,"KitchenAid Stove, Silver",228.36000000000004,1,0.6,-137.04000000000002
MX-2015-GM1469539-42131,2015-05-07 00:00:00,GM-1469539,Greg Maxwell,Corporate,El Salvador,LATAM,Central America,FUR-BO-5768,Furniture,Bookcases,"Safco Corner Shelving, Metal",297.84,3,0,113.16
ES-2015-JK1520545-42151,2015-05-27 00:00:00,JK-1520545,Jamie Kunitz,Consumer,France,Europe,Western Europe,FUR-CH-5412,Furniture,Chairs,"Novimex Swivel Stool, Black",437.4810000000001,3,0.1,-34.02900000000001
MX-2015-NP1868518-42143,2015-05-19 00:00:00,NP-1868518,Nora Pelletier,Home Office,Brazil,LATAM,South America,OFF-BI-4815,Office Supplies,Binders,"Ibico Binding Machine, Clear",203.51999999999998,6,0,12.12
ZA-2015-RA9945146-42146,2015-05-22 00:00:00,RA-9945146,Ryan Akin,Consumer,Zambia,Africa,Eastern Africa,OFF-ST-5712,Office Supplies,Storage,"Rogers Trays, Wire Frame",121.5,2,0,59.519999999999996
MO-2015-AS28586-42147,2015-05-23 00:00:00,AS-28586,Alejandro Savely,Corporate,Morocco,Africa,North Africa,FUR-CH-4545,Furniture,Chairs,"Harbour Creations Rocking Chair, Black",289.32,2,0,86.76
IT-2015-JK1573064-42150,2015-05-26 00:00:00,JK-1573064,Joe Kamberova,Consumer,Italy,Europe,Southern Europe,FUR-BO-5972,Furniture,Bookcases,"Sauder Stackable Bookrack, Pine",298.68,2,0,113.46000000000001
ES-2015-CS11860139-42141,2015-05-17 00:00:00,CS-11860139,Cari Schnelling,Consumer,United Kingdom,Europe,Northern Europe,OFF-AR-3448,Office Supplies,Art,"BIC Canvas, Easy-Erase",161.91,3,0,54.99000000000001
ES-2015-JB1600064-42131,2015-05-07 00:00:00,JB-1600064,Joy Bell-,Consumer,Italy,Europe,Southern Europe,OFF-BI-2891,Office Supplies,Binders,"Acco Binder Covers, Clear",89.46,7,0,38.43
TI-2015-TM11010128-42127,2015-05-03 00:00:00,TM-11010128,Tamara Manning,Consumer,Tajikistan,Asia Pacific,Central Asia,TEC-PH-3141,Technology,Phones,"Apple Office Telephone, VoIP",235.33200000000005,12,0.7,-251.02800000000002
ES-2015-LS1723048-42153,2015-05-29 00:00:00,LS-1723048,Lycoris Saunders,Consumer,Germany,Europe,Western Europe,FUR-CH-5437,Furniture,Chairs,"Office Star Chairmat, Adjustable",184.437,3,0.1,59.427
IN-2015-TB2135592-42129,2015-05-05 00:00:00,TB-2135592,Todd Boyes,Corporate,New Zealand,Asia Pacific,Oceania,OFF-AP-3860,Office Supplies,Appliances,"Cuisinart Coffee Grinder, Black",304.32,8,0,48.480000000000004
ID-2015-JB16000102-42155,2015-05-31 00:00:00,JB-16000102,Joy Bell-,Consumer,Philippines,Asia Pacific,Southeastern Asia,TEC-CO-3594,Technology,Copiers,"Brother Fax and Copier, Laser",248.937,2,0.35,-61.32300000000001
IN-2015-LH1715559-42147,2015-05-23 00:00:00,LH-1715559,Logan Haushalter,Consumer,Indonesia,Asia Pacific,Southeastern Asia,OFF-ST-4295,Office Supplies,Storage,"Fellowes Trays, Single Width",142.9758,3,0.17,48.20579999999999
MX-2015-IL1510082-42147,2015-05-23 00:00:00,IL-1510082,Ivan Liston,Consumer,Mexico,LATAM,Central America,OFF-EN-4439,Office Supplies,Envelopes,"GlobeWeis Interoffice Envelope, Recycled",124.32000000000001,4,0,59.6
ID-2015-LS1694559-42149,2015-05-25 00:00:00,LS-1694559,Linda Southworth,Corporate,Indonesia,Asia Pacific,Southeastern Asia,OFF-PA-5878,Office Supplies,Paper,"SanDisk Message Books, Premium",88.3722,7,0.47000000000000003,-78.3678
RS-2015-MH7455108-42153,2015-05-29 00:00:00,MH-7455108,Mark Hamilton,Consumer,Russia,Europe,Eastern Europe,OFF-ST-4259,Office Supplies,Storage,"Fellowes File Cart, Single Width",137.34,1,0,0
SF-2015-IM5070117-42136,2015-05-12 00:00:00,IM-5070117,Irene Maddox,Consumer,South Africa,Africa,Southern Africa,TEC-AC-3387,Technology,Accessories,"Belkin Keyboard, USB",168.18,2,0,11.76
ES-2015-JB1600064-42131,2015-05-07 00:00:00,JB-1600064,Joy Bell-,Consumer,Italy,Europe,Southern Europe,OFF-BI-4830,Office Supplies,Binders,"Ibico Index Tab, Economy",41.64,4,0,14.04
TU-2015-NB8655134-42142,2015-05-18 00:00:00,NB-8655134,Nona Balk,Corporate,Turkey,Asia Pacific,Western Asia,TEC-MA-5549,Technology,Machines,"Panasonic Inkjet, Wireless",124.83600000000001,1,0.6,-165.41400000000002
IN-2015-NM1844558-42125,2015-05-01 00:00:00,NM-1844558,Nathan Mautz,Home Office,India,Asia Pacific,Southern Asia,OFF-ST-4285,Office Supplies,Storage,"Fellowes Shelving, Wire Frame",170.73,3,0,80.19
IN-2015-DB129707-42143,2015-05-19 00:00:00,DB-129707,Darren Budd,Corporate,Australia,Asia Pacific,Oceania,OFF-SU-4996,Office Supplies,Supplies,"Kleencut Trimmer, Steel",183.735,5,0.1,-12.314999999999998
TU-2015-AZ750134-42132,2015-05-08 00:00:00,AZ-750134,Annie Zypern,Consumer,Turkey,Asia Pacific,Western Asia,FUR-BO-5967,Furniture,Bookcases,"Sauder Library with Doors, Mobile",156.06,1,0.6,-175.58999999999997
ES-2015-GG1465048-42132,2015-05-08 00:00:00,GG-1465048,Greg Guthrie,Corporate,Germany,Europe,Western Europe,TEC-CO-3685,Technology,Copiers,"Canon Fax and Copier, Laser",191.33999999999997,1,0,89.91
IN-2015-BT1148558-42129,2015-05-05 00:00:00,BT-1148558,Brad Thomas,Home Office,India,Asia Pacific,Southern Asia,OFF-SU-4988,Office Supplies,Supplies,"Kleencut Scissors, Steel",151.83,7,0,42.42
MD-2015-EM396083-42131,2015-05-07 00:00:00,EM-396083,Eric Murdock,Consumer,Moldova,Europe,Eastern Europe,TEC-CO-6000,Technology,Copiers,"Sharp Fax Machine, Laser",295.65,1,0,26.58
ID-2015-BW1111092-42147,2015-05-23 00:00:00,BW-1111092,Bart Watters,Corporate,New Zealand,Asia Pacific,Oceania,FUR-CH-5448,Furniture,Chairs,"Office Star Rocking Chair, Red",169.09199999999998,2,0.4,-81.768
MX-2015-KB1660082-42133,2015-05-09 00:00:00,KB-1660082,Ken Brennan,Corporate,Mexico,LATAM,Central America,OFF-AR-3478,Office Supplies,Art,"Binney & Smith Canvas, Water Color",72.72,2,0,5.8
ES-2015-AH10210139-42133,2015-05-09 00:00:00,AH-10210139,Alan Hwang,Consumer,United Kingdom,Europe,Northern Europe,OFF-BI-2883,Office Supplies,Binders,"Acco 3-Hole Punch, Economy",150.60000000000002,5,0,28.499999999999996
ID-2015-KE1642078-42143,2015-05-19 00:00:00,KE-1642078,Katrina Edelman,Corporate,Malaysia,Asia Pacific,Southeastern Asia,TEC-MA-6143,Technology,Machines,"StarTech Phone, Durable",298.56,4,0,14.879999999999999
EG-2015-HG484538-42146,2015-05-22 00:00:00,HG-484538,Harry Greene,Consumer,Egypt,Africa,North Africa,TEC-CO-4582,Technology,Copiers,"Hewlett Ink, Laser",148.67999999999998,1,0,17.82
ES-2015-MH1745545-42144,2015-05-20 00:00:00,MH-1745545,Mark Hamilton,Consumer,France,Europe,Western Europe,OFF-SU-6161,Office Supplies,Supplies,"Stiletto Box Cutter, High Speed",71.94,2,0,15.78
ES-2015-SM20005139-42138,2015-05-14 00:00:00,SM-20005139,Sally Matthias,Consumer,United Kingdom,Europe,Northern Europe,OFF-AR-3477,Office Supplies,Art,"Binney & Smith Canvas, Fluorescent",142.07399999999998,3,0.1,14.183999999999997
ES-2015-TM2149045-42136,2015-05-12 00:00:00,TM-2149045,Tony Molinari,Consumer,France,Europe,Western Europe,OFF-AP-4746,Office Supplies,Appliances,"Hoover Toaster, Black",224.28900000000002,3,0.1,87.21900000000002
ES-2015-AI1085564-42146,2015-05-22 00:00:00,AI-1085564,Arianne Irving,Consumer,Italy,Europe,Southern Europe,OFF-PA-4467,Office Supplies,Paper,"Green Bar Computer Printout Paper, Multicolor",155.85000000000002,5,0,35.699999999999996
ES-2015-DR1288048-42151,2015-05-27 00:00:00,DR-1288048,Dan Reichenbach,Corporate,Germany,Europe,Western Europe,OFF-AP-3859,Office Supplies,Appliances,"Cuisinart Blender, White",117.234,2,0.1,36.414
US-2015-DW13480140-42152,2015-05-28 00:00:00,DW-134801408,Dianna Wilson,Home Office,United States,USCA,Southern US,TEC-PH-4455,Technology,Phones,Google Nexus 5,539.97,3,0,134.9925
US-2015-DW13480140-42152,2015-05-28 00:00:00,DW-134801408,Dianna Wilson,Home Office,United States,USCA,Southern US,OFF-BI-3474,Office Supplies,Binders,Binding Machine Supplies,58.34,2,0,28.0032
CA-2015-DL13495140-42125,2015-05-01 00:00:00,DL-134951406,Dionis Lloyd,Corporate,United States,USCA,Eastern US,OFF-EN-2853,Office Supplies,Envelopes,"#10-4 1/8"" x 9 1/2"" Premium Diagonal Seam Envelopes",62.96,4,0,28.332
IN-2015-DM1334558-42146,2015-05-22 00:00:00,DM-1334558,Denise Monton,Corporate,India,Asia Pacific,Southern Asia,TEC-MA-6146,Technology,Machines,"StarTech Phone, Wireless",149.04,2,0,65.52
IN-2015-JH158207-42140,2015-05-16 00:00:00,JH-158207,John Huston,Consumer,Australia,Asia Pacific,Oceania,OFF-PA-4004,Office Supplies,Paper,"Eaton Note Cards, Premium",47.844,2,0.1,10.584
IT-2015-JK1573064-42150,2015-05-26 00:00:00,JK-1573064,Joe Kamberova,Consumer,Italy,Europe,Southern Europe,FUR-FU-3035,Furniture,Furnishings,"Advantus Frame, Erganomic",109.74,1,0,35.099999999999994
CA-2015-DJ13510140-42125,2015-05-01 00:00:00,DJ-135101404,Don Jones,Corporate,United States,USCA,Western US,FUR-FU-5986,Furniture,Furnishings,"Seth Thomas 16"" Steel Case Clock",64.96,2,0,21.436799999999998
ID-2015-KH1669059-42134,2015-05-10 00:00:00,KH-1669059,Kristen Hastings,Corporate,Indonesia,Asia Pacific,Southeastern Asia,TEC-PH-5252,Technology,Phones,"Motorola Headset, Full Size",201.76469999999998,3,0.17,58.30469999999999
CA-2015-DJ13510140-42133,2015-05-09 00:00:00,DJ-135101406,Don Jones,Corporate,United States,USCA,Eastern US,FUR-CH-4394,Furniture,Chairs,"Global Armless Task Chair, Royal Blue",128.058,3,0.3,-23.782199999999996
CA-2015-DJ13510140-42125,2015-05-01 00:00:00,DJ-135101404,Don Jones,Corporate,United States,USCA,Western US,OFF-EN-2849,Office Supplies,Envelopes,"#10- 4 1/8"" x 9 1/2"" Security-Tint Envelopes",30.56,4,0,14.9744
IN-2015-NC183407-42155,2015-05-31 00:00:00,NC-183407,Nat Carroll,Consumer,Australia,Asia Pacific,Oceania,OFF-PA-6602,Office Supplies,Paper,"Xerox Cards & Envelopes, Premium",121.419,3,0.1,49.869
IN-2015-CC126107-42137,2015-05-13 00:00:00,CC-126107,Corey Catlett,Corporate,Australia,Asia Pacific,Oceania,FUR-CH-5371,Furniture,Chairs,"Novimex Chairmat, Black",145.557,3,0.1,53.307
IT-2015-MG1769545-42139,2015-05-15 00:00:00,MG-1769545,Maureen Gnade,Consumer,France,Europe,Western Europe,FUR-BO-4859,Furniture,Bookcases,"Ikea Floating Shelf Set, Traditional",204.40800000000002,3,0.6,-276.01199999999994
US-2015-LM1706536-42154,2015-05-30 00:00:00,LM-1706536,Liz MacKendrick,Consumer,Dominican Republic,LATAM,Caribbean,OFF-ST-5703,Office Supplies,Storage,"Rogers Lockers, Wire Frame",337.104,3,0.2,-8.43599999999999
MX-2015-RH1960093-42136,2015-05-12 00:00:00,RH-1960093,Rob Haberlin,Consumer,Nicaragua,LATAM,Central America,TEC-CO-3705,Technology,Copiers,"Canon Personal Copier, High-Speed",187.54415999999998,2,0.002,24.024160000000002
IN-2015-NG1835527-42153,2015-05-29 00:00:00,NG-1835527,Nat Gilpin,Corporate,China,Asia Pacific,Eastern Asia,TEC-PH-5342,Technology,Phones,"Nokia Headset, with Caller ID",219.32999999999996,3,0,78.92999999999999
IN-2015-NC183407-42155,2015-05-31 00:00:00,NC-183407,Nat Carroll,Consumer,Australia,Asia Pacific,Oceania,FUR-FU-4042,Furniture,Furnishings,"Eldon Door Stop, Durable",212.355,5,0.1,63.70500000000001
ZA-2015-RA9945146-42146,2015-05-22 00:00:00,RA-9945146,Ryan Akin,Consumer,Zambia,Africa,Eastern Africa,OFF-AP-4971,Office Supplies,Appliances,"KitchenAid Toaster, White",166.92000000000002,2,0,66.72
US-2015-DB13555140-42131,2015-05-07 00:00:00,DB-135551402,Dorothy Badders,Corporate,United States,USCA,Central US,OFF-ST-4287,Office Supplies,Storage,Fellowes Staxonsteel Drawer Files,772.6800000000001,5,0.2,-57.95099999999999
US-2015-DB13555140-42131,2015-05-07 00:00:00,DB-135551402,Dorothy Badders,Corporate,United States,USCA,Central US,FUR-BO-5970,Furniture,Bookcases,"Sauder Mission Library with Doors, Fruitwood Finish",623.4648,7,0.32,-119.19180000000006
IN-2015-BT1148558-42129,2015-05-05 00:00:00,BT-1148558,Brad Thomas,Home Office,India,Asia Pacific,Southern Asia,FUR-CH-4627,Furniture,Chairs,"Hon Bag Chairs, Black",85.44,2,0,0.8400000000000001
US-2015-DB13555140-42131,2015-05-07 00:00:00,DB-135551402,Dorothy Badders,Corporate,United States,USCA,Central US,OFF-BI-3266,Office Supplies,Binders,Avery Durable Poly Binders,11.059999999999999,10,0.8,-18.802
CA-2015-DD13570140-42127,2015-05-03 00:00:00,DD-135701404,Dorothy Dickinson,Consumer,United States,USCA,Western US,OFF-AR-5319,Office Supplies,Art,Newell 34,59.519999999999996,3,0,15.475200000000001
CA-2015-DD13570140-42127,2015-05-03 00:00:00,DD-135701404,Dorothy Dickinson,Consumer,United States,USCA,Western US,OFF-PA-3008,Office Supplies,Paper,"Adams Phone Message Book, 200 Message Capacity, 8 1/16” x 11”",34.4,5,0,15.823999999999998
CA-2015-DD13570140-42127,2015-05-03 00:00:00,DD-135701404,Dorothy Dickinson,Consumer,United States,USCA,Western US,OFF-PA-3007,Office Supplies,Paper,"Adams ""While You Were Out"" Message Pads",15.700000000000001,5,0,7.0649999999999995
IN-2015-GM1444027-42132,2015-05-08 00:00:00,GM-1444027,Gary McGarr,Consumer,China,Asia Pacific,Eastern Asia,OFF-SU-4303,Office Supplies,Supplies,"Fiskars Box Cutter, Easy Grip",148.56,4,0,32.64
ID-2015-RM197507-42140,2015-05-16 00:00:00,RM-197507,Roland Murray,Consumer,Australia,Asia Pacific,Oceania,TEC-PH-3127,Technology,Phones,"Apple Audio Dock, Cordless",305.53200000000004,2,0.1,-6.828000000000003
ES-2015-MS1798045-42154,2015-05-30 00:00:00,MS-1798045,Michael Stewart,Corporate,France,Europe,Western Europe,OFF-BI-2900,Office Supplies,Binders,"Acco Binding Machine, Durable",210.36,4,0,50.400000000000006
CA-2015-DW13585140-42127,2015-05-03 00:00:00,DW-135851406,Dorothy Wardle,Corporate,United States,USCA,Eastern US,FUR-FU-4024,Furniture,Furnishings,Eldon Advantage Chair Mats for Low to Medium Pile Carpets,129.93,3,0,12.992999999999988
ES-2015-BD1162045-42148,2015-05-24 00:00:00,BD-1162045,Brian DeCherney,Consumer,France,Europe,Western Europe,OFF-PA-5850,Office Supplies,Paper,"SanDisk Cards & Envelopes, Recycled",193.32,4,0,7.68
ID-2015-TM2101059-42150,2015-05-26 00:00:00,TM-2101059,Tamara Manning,Consumer,Indonesia,Asia Pacific,Southeastern Asia,OFF-ST-4282,Office Supplies,Storage,"Fellowes Shelving, Blue",192.02879999999996,4,0.17,25.348799999999997
ID-2015-MA17560102-42152,2015-05-28 00:00:00,MA-17560102,Matt Abelman,Home Office,Philippines,Asia Pacific,Southeastern Asia,TEC-PH-5273,Technology,Phones,"Motorola Speaker Phone, with Caller ID",194.67000000000002,2,0.25,5.189999999999998
CA-2015-DB13615140-42131,2015-05-07 00:00:00,DB-136151404,Doug Bickford,Consumer,United States,USCA,Western US,OFF-PA-6432,Office Supplies,Paper,Xerox 1883,84.416,4,0.2,27.435199999999995
ID-2015-PC187457-42145,2015-05-21 00:00:00,PC-187457,Pamela Coakley,Corporate,Australia,Asia Pacific,Oceania,FUR-BO-4845,Furniture,Bookcases,"Ikea 3-Shelf Cabinet, Mobile",57.984000000000016,1,0.6,-66.69600000000001
IN-2015-JM1525027-42150,2015-05-26 00:00:00,JM-1525027,Janet Martin,Consumer,China,Asia Pacific,Eastern Asia,OFF-ST-4266,Office Supplies,Storage,"Fellowes Lockers, Blue",207.32999999999998,2,0.5,-29.069999999999993
ID-2015-JH158207-42150,2015-05-26 00:00:00,JH-158207,John Huston,Consumer,Australia,Asia Pacific,Oceania,OFF-EN-3665,Office Supplies,Envelopes,"Cameo Mailers, Recycled",66.528,2,0.1,22.128
IT-2015-JK1573064-42150,2015-05-26 00:00:00,JK-1573064,Joe Kamberova,Consumer,Italy,Europe,Southern Europe,FUR-CH-5758,Furniture,Chairs,"SAFCO Chairmat, Red",287.1360000000001,12,0.6,-280.22400000000005
MX-2015-CS1217536-42155,2015-05-31 00:00:00,CS-1217536,Charles Sheldon,Corporate,Dominican Republic,LATAM,Caribbean,TEC-AC-5122,Technology,Accessories,"Logitech Memory Card, Erganomic",215.87199999999999,4,0.2,45.872000000000014
CA-2015-DN13690140-42152,2015-05-28 00:00:00,DN-136901402,Duane Noonan,Consumer,United States,USCA,Central US,FUR-FU-4111,Furniture,Furnishings,"Electrix Architect's Clamp-On Swing Arm Lamp, Black",477.29999999999995,5,0,138.41699999999997
IN-2015-LT1676558-42133,2015-05-09 00:00:00,LT-1676558,Larry Tron,Consumer,India,Asia Pacific,Southern Asia,OFF-PA-5876,Office Supplies,Paper,"SanDisk Message Books, 8.5 x 11",111.84,4,0,3.24
ES-2015-RC1982545-42129,2015-05-05 00:00:00,RC-1982545,Roy Collins,Consumer,France,Europe,Western Europe,OFF-FA-2952,Office Supplies,Fasteners,"Accos Rubber Bands, Assorted Sizes",70.65,5,0,16.200000000000003
MX-2015-NP1868518-42143,2015-05-19 00:00:00,NP-1868518,Nora Pelletier,Home Office,Brazil,LATAM,South America,TEC-PH-5346,Technology,Phones,"Nokia Office Telephone, Cordless",226.6,5,0,18.1
CA-2015-EB13705140-42133,2015-05-09 00:00:00,EB-137051402,Ed Braxton,Corporate,United States,USCA,Central US,OFF-PA-6556,Office Supplies,Paper,Xerox 1997,41.47200000000001,8,0.2,14.5152
TU-2015-KF6285134-42145,2015-05-21 00:00:00,KF-6285134,Karen Ferguson,Home Office,Turkey,Asia Pacific,Western Asia,OFF-ST-4282,Office Supplies,Storage,"Fellowes Shelving, Blue",92.54399999999998,4,0.6,-53.25599999999997
IZ-2015-EB397561-42129,2015-05-05 00:00:00,EB-397561,Erica Bern,Corporate,Iraq,Asia Pacific,Western Asia,OFF-FA-6206,Office Supplies,Fasteners,"Stockwell Thumb Tacks, Assorted Sizes",65.88,6,0,23.04
ES-2015-FP1432091-42153,2015-05-29 00:00:00,FP-1432091,Frank Preis,Consumer,Netherlands,Europe,Western Europe,OFF-BI-2882,Office Supplies,Binders,"Acco 3-Hole Punch, Durable",158.10000000000002,10,0.5,-28.5
SF-2015-AH465117-42128,2015-05-04 00:00:00,AH-465117,Amy Hunt,Consumer,South Africa,Africa,Southern Africa,TEC-PH-3798,Technology,Phones,"Cisco Office Telephone, VoIP",80.55000000000001,1,0,33
RS-2015-MB7305108-42131,2015-05-07 00:00:00,MB-7305108,Maria Bertelson,Consumer,Russia,Europe,Eastern Europe,FUR-CH-4628,Furniture,Chairs,"Hon Bag Chairs, Red",180.6,4,0,59.519999999999996
ES-2015-KF1628545-42154,2015-05-30 00:00:00,KF-1628545,Karen Ferguson,Home Office,France,Europe,Western Europe,OFF-ST-6262,Office Supplies,Storage,"Tenex Lockers, Industrial",184.167,1,0.1,36.806999999999995
GV-2015-SF1006552-42140,2015-05-16 00:00:00,SF-1006552,Sandra Flanagan,Consumer,Guinea,Africa,Western Africa,TEC-CO-3607,Technology,Copiers,"Brother Personal Copier, Laser",142.89000000000001,1,0,14.28
IN-2015-GH1442558-42150,2015-05-26 00:00:00,GH-1442558,Gary Hwang,Consumer,India,Asia Pacific,Southern Asia,OFF-PA-4475,Office Supplies,Paper,"Green Bar Message Books, Multicolor",50.400000000000006,2,0,3
ID-2015-RB19645102-42146,2015-05-22 00:00:00,RB-19645102,Robert Barroso,Corporate,Philippines,Asia Pacific,Southeastern Asia,TEC-AC-3384,Technology,Accessories,"Belkin Keyboard, Bluetooth",184.536,4,0.45,-134.304
TU-2015-GM4695134-42147,2015-05-23 00:00:00,GM-4695134,Greg Maxwell,Corporate,Turkey,Asia Pacific,Western Asia,OFF-ST-6263,Office Supplies,Storage,"Tenex Lockers, Single Width",81.67199999999998,1,0.6,-110.26799999999997
ID-2015-TH2123597-42143,2015-05-19 00:00:00,TH-2123597,Tiffany House,Corporate,Pakistan,Asia Pacific,Southern Asia,TEC-AC-4157,Technology,Accessories,"Enermax Keyboard, Programmable",297.36,7,0.5,-119.07000000000002
IT-2015-AA1064545-42136,2015-05-12 00:00:00,AA-1064545,Anna Andreadi,Consumer,France,Europe,Western Europe,TEC-AC-4164,Technology,Accessories,"Enermax Memory Card, Erganomic",168.29999999999995,3,0.5,-10.169999999999959
IN-2015-NK1849058-42154,2015-05-30 00:00:00,NK-1849058,Neil Knudson,Home Office,India,Asia Pacific,Southern Asia,TEC-PH-3139,Technology,Phones,"Apple Office Telephone, Cordless",204.39,3,0,96.03
MX-2015-AZ1075028-42143,2015-05-19 00:00:00,AZ-1075028,Annie Zypern,Consumer,Colombia,LATAM,South America,OFF-SU-4975,Office Supplies,Supplies,"Kleencut Box Cutter, Serrated",83.6,4,0,25.04
IN-2015-DJ1363058-42153,2015-05-29 00:00:00,DJ-1363058,Doug Jacobs,Consumer,India,Asia Pacific,Southern Asia,FUR-CH-4544,Furniture,Chairs,"Harbour Creations Rocking Chair, Adjustable",149.57999999999998,1,0,14.940000000000001
US-2015-EM13825140-42127,2015-05-03 00:00:00,EM-138251404,Elizabeth Moffitt,Corporate,United States,USCA,Western US,TEC-AC-5149,Technology,Accessories,Logitech MX Performance Wireless Mouse,159.56,4,0,59.0372
ID-2015-SG206057-42151,2015-05-27 00:00:00,SG-206057,Speros Goranitis,Consumer,Australia,Asia Pacific,Oceania,TEC-AC-5133,Technology,Accessories,"Logitech Numeric Keypad, USB",83.75399999999999,3,0.4,13.913999999999994
MX-2015-KM1622526-42140,2015-05-16 00:00:00,KM-1622526,Kalyca Meade,Corporate,Chile,LATAM,South America,OFF-EN-4445,Office Supplies,Envelopes,"GlobeWeis Mailers, Set of 50",102.8,4,0,26.72
ES-2015-JM1565564-42154,2015-05-30 00:00:00,JM-1565564,Jim Mitchum,Corporate,Italy,Europe,Southern Europe,TEC-CO-3696,Technology,Copiers,"Canon Ink, High-Speed",290.7,2,0,93
ES-2015-TM2149045-42136,2015-05-12 00:00:00,TM-2149045,Tony Molinari,Consumer,France,Europe,Western Europe,OFF-AR-5905,Office Supplies,Art,"Sanford Canvas, Water Color",107.4,2,0,0
IN-2015-PP189557-42125,2015-05-01 00:00:00,PP-189557,Paul Prost,Home Office,Australia,Asia Pacific,Oceania,TEC-CO-3703,Technology,Copiers,"Canon Personal Copier, Color",129.762,1,0.1,4.301999999999998
ES-2015-MZ1733548-42136,2015-05-12 00:00:00,MZ-1733548,Maria Zettner,Home Office,Germany,Europe,Western Europe,OFF-PA-4461,Office Supplies,Paper,"Green Bar Cards & Envelopes, 8.5 x 11",157.59,3,0,28.349999999999998
ES-2015-SL20155120-42150,2015-05-26 00:00:00,SL-20155120,Sara Luxemburg,Home Office,Spain,Europe,Southern Europe,OFF-BI-4804,Office Supplies,Binders,"Ibico 3-Hole Punch, Durable",127.80000000000001,4,0,47.28
MX-2015-EN1378051-42144,2015-05-20 00:00:00,EN-1378051,Edward Nazzal,Consumer,Guatemala,LATAM,Central America,OFF-ST-6039,Office Supplies,Storage,"Smead Folders, Industrial",35.940000000000005,3,0,14.7
ES-2015-FH1435048-42152,2015-05-28 00:00:00,FH-1435048,Fred Harton,Consumer,Germany,Europe,Western Europe,OFF-AR-3488,Office Supplies,Art,"Binney & Smith Markers, Blue",120.44999999999999,5,0,22.800000000000004
US-2015-NF1859582-42145,2015-05-21 00:00:00,NF-1859582,Nicole Fjeld,Home Office,Mexico,LATAM,Central America,FUR-FU-3035,Furniture,Furnishings,"Advantus Frame, Erganomic",263.3759999999999,6,0.4,-17.66400000000001
ID-2015-JB16000102-42155,2015-05-31 00:00:00,JB-16000102,Joy Bell-,Consumer,Philippines,Asia Pacific,Southeastern Asia,OFF-AR-5930,Office Supplies,Art,"Sanford Sketch Pad, Blue",150.084,6,0.45,-62.85600000000001
LY-2015-MS736574-42145,2015-05-21 00:00:00,MS-736574,Maribeth Schnelling,Consumer,Libya,Africa,North Africa,OFF-PA-6601,Office Supplies,Paper,"Xerox Cards & Envelopes, Multicolor",278.28000000000003,6,0,27.72
IN-2015-NM1844558-42125,2015-05-01 00:00:00,NM-1844558,Nathan Mautz,Home Office,India,Asia Pacific,Southern Asia,OFF-EN-3099,Office Supplies,Envelopes,"Ames Interoffice Envelope, with clear poly window",194.64,4,0,9.72
CA-2015-EH13945140-42147,2015-05-23 00:00:00,EH-139451404,Eric Hoffmann,Consumer,United States,USCA,Western US,TEC-AC-5182,Technology,Accessories,"Maxell 74 Minute CDR, 10/Pack",68.46,7,0,25.330199999999998
ID-2015-MS175307-42126,2015-05-02 00:00:00,MS-175307,MaryBeth Skach,Consumer,Australia,Asia Pacific,Oceania,OFF-PA-4149,Office Supplies,Paper,"Enermax Computer Printout Paper, Premium",153.738,6,0.1,-13.842
CA-2015-EH13945140-42152,2015-05-28 00:00:00,EH-139451408,Eric Hoffmann,Consumer,United States,USCA,Southern US,OFF-PA-6559,Office Supplies,Paper,Xerox 2,25.920000000000005,5,0.2,9.072
MD-2015-EM396083-42131,2015-05-07 00:00:00,EM-396083,Eric Murdock,Consumer,Moldova,Europe,Eastern Europe,TEC-CO-3687,Technology,Copiers,"Canon Fax Machine, Digital",318.03000000000003,1,0,73.14
TU-2015-DV3045134-42144,2015-05-20 00:00:00,DV-3045134,Darrin Van Huff,Corporate,Turkey,Asia Pacific,Western Asia,TEC-PH-5357,Technology,Phones,"Nokia Speaker Phone, Cordless",100.80000000000001,2,0.6,-42.84
US-2015-MZ1733582-42147,2015-05-23 00:00:00,MZ-1733582,Maria Zettner,Home Office,Mexico,LATAM,Central America,OFF-ST-4253,Office Supplies,Storage,"Fellowes Box, Wire Frame",37.5,3,0,16.080000000000002
US-2015-LW1721536-42126,2015-05-02 00:00:00,LW-1721536,Luke Weiss,Consumer,Dominican Republic,LATAM,Caribbean,TEC-MA-6152,Technology,Machines,"StarTech Receipt Printer, Red",64.63800000000003,3,0.7,-107.74200000000003
IN-2015-NK1849058-42154,2015-05-30 00:00:00,NK-1849058,Neil Knudson,Home Office,India,Asia Pacific,Southern Asia,OFF-AR-3555,Office Supplies,Art,"Boston Sketch Pad, Water Color",155.34,3,0,17.009999999999998
MX-2015-AZ1075028-42143,2015-05-19 00:00:00,AZ-1075028,Annie Zypern,Consumer,Colombia,LATAM,South America,OFF-SU-6183,Office Supplies,Supplies,"Stiletto Trimmer, Steel",84.3,3,0,20.220000000000002
IN-2015-LR1691527-42126,2015-05-02 00:00:00,LR-1691527,Lena Radford,Consumer,China,Asia Pacific,Eastern Asia,FUR-FU-5735,Furniture,Furnishings,"Rubbermaid Photo Frame, Black",310.5,6,0,49.67999999999999
ID-2015-MS175307-42126,2015-05-02 00:00:00,MS-175307,MaryBeth Skach,Consumer,Australia,Asia Pacific,Oceania,OFF-BI-6384,Office Supplies,Binders,"Wilson Jones Binding Machine, Economy",88.128,2,0.1,-7.872000000000002
ES-2015-SM20005139-42138,2015-05-14 00:00:00,SM-20005139,Sally Matthias,Consumer,United Kingdom,Europe,Northern Europe,OFF-AR-5918,Office Supplies,Art,"Sanford Markers, Easy-Erase",63.504,3,0.1,-5.7059999999999995
NG-2015-EC405094-42140,2015-05-16 00:00:00,EC-405094,Erin Creighton,Consumer,Niger,Africa,Western Africa,OFF-ST-4095,Office Supplies,Storage,"Eldon Shelving, Industrial",48.900000000000006,1,0,1.44
MO-2015-AR51086-42129,2015-05-05 00:00:00,AR-51086,Andrew Roberts,Consumer,Morocco,Africa,North Africa,TEC-PH-3793,Technology,Phones,"Cisco Headset, with Caller ID",353.76,4,0,141.48
ES-2015-JC1610564-42139,2015-05-15 00:00:00,JC-1610564,Julie Creighton,Corporate,Italy,Europe,Southern Europe,OFF-AR-6105,Office Supplies,Art,"Stanley Canvas, Blue",148.41,3,0,23.669999999999998
CA-2015-EA14035140-42125,2015-05-01 00:00:00,EA-140351404,Erin Ashbrook,Corporate,United States,USCA,Western US,OFF-AR-4237,Office Supplies,Art,Faber Castell Col-Erase Pencils,9.78,2,0,4.0098
MO-2015-LC693086-42126,2015-05-02 00:00:00,LC-693086,Linda Cazamias,Corporate,Morocco,Africa,North Africa,OFF-ST-6033,Office Supplies,Storage,"Smead File Cart, Single Width",128.42999999999998,1,0,1.26
MX-2015-BD1150026-42135,2015-05-11 00:00:00,BD-1150026,Bradley Drucker,Consumer,Chile,LATAM,South America,TEC-AC-5116,Technology,Accessories,"Logitech Keyboard, Erganomic",93.67999999999999,2,0,1.8399999999999999
ES-2015-MM17920139-42147,2015-05-23 00:00:00,MM-17920139,Michael Moore,Consumer,United Kingdom,Europe,Northern Europe,OFF-AR-5922,Office Supplies,Art,"Sanford Pencil Sharpener, Fluorescent",77.49,3,0,27.089999999999996
IN-2015-SC208007-42132,2015-05-08 00:00:00,SC-208007,Stuart Calhoun,Consumer,Australia,Asia Pacific,Oceania,FUR-FU-5735,Furniture,Furnishings,"Rubbermaid Photo Frame, Black",93.15,2,0.1,6.209999999999997
MX-2015-EN1378051-42144,2015-05-20 00:00:00,EN-1378051,Edward Nazzal,Consumer,Guatemala,LATAM,Central America,TEC-AC-5862,Technology,Accessories,"SanDisk Flash Drive, Programmable",54.720000000000006,2,0,16.4
IN-2015-TB211757-42130,2015-05-06 00:00:00,TB-211757,Thomas Boland,Corporate,Australia,Asia Pacific,Oceania,OFF-PA-5869,Office Supplies,Paper,"SanDisk Memo Slips, Multicolor",115.85700000000001,7,0.1,2.456999999999999
TU-2015-AZ750134-42132,2015-05-08 00:00:00,AZ-750134,Annie Zypern,Consumer,Turkey,Asia Pacific,Western Asia,FUR-BO-5973,Furniture,Bookcases,"Sauder Stackable Bookrack, Traditional",117.024,2,0.6,-131.676
IN-2015-AG103907-42129,2015-05-05 00:00:00,AG-103907,Allen Goldenen,Consumer,Australia,Asia Pacific,Oceania,OFF-FA-6197,Office Supplies,Fasteners,"Stockwell Rubber Bands, 12 Pack",70.065,5,0.1,20.115
ES-2015-RD1966048-42131,2015-05-07 00:00:00,RD-1966048,Robert Dilbeck,Home Office,Germany,Europe,Western Europe,OFF-AR-3451,Office Supplies,Art,"BIC Highlighters, Blue",94.65,5,0,37.800000000000004
GV-2015-SF1006552-42140,2015-05-16 00:00:00,SF-1006552,Sandra Flanagan,Consumer,Guinea,Africa,Western Africa,OFF-BI-3189,Office Supplies,Binders,"Avery 3-Hole Punch, Recycled",169.38000000000002,6,0,0
MX-2015-SM2000536-42130,2015-05-06 00:00:00,SM-2000536,Sally Matthias,Consumer,Dominican Republic,LATAM,Caribbean,FUR-CH-5408,Furniture,Chairs,"Novimex Steel Folding Chair, Red",131.56800000000004,3,0.2,-32.89200000000001
ES-2015-JB1600064-42131,2015-05-07 00:00:00,JB-1600064,Joy Bell-,Consumer,Italy,Europe,Southern Europe,OFF-ST-5706,Office Supplies,Storage,"Rogers Shelving, Industrial",37.565999999999995,1,0.4,-6.263999999999996
MX-2015-AZ1075028-42143,2015-05-19 00:00:00,AZ-1075028,Annie Zypern,Consumer,Colombia,LATAM,South America,FUR-CH-4632,Furniture,Chairs,"Hon Chairmat, Red",111.06000000000002,3,0,24.42
CA-2015-EJ14155140-42139,2015-05-15 00:00:00,EJ-141551408,Eva Jacobs,Consumer,United States,USCA,Southern US,OFF-EN-4238,Office Supplies,Envelopes,Fashion Color Clasp Envelopes,48.69,9,0,23.8581
ES-2015-SC2038045-42131,2015-05-07 00:00:00,SC-2038045,Shahid Collister,Consumer,France,Europe,Western Europe,OFF-ST-4096,Office Supplies,Storage,"Eldon Shelving, Single Width",174.42,4,0.1,-19.38
ES-2015-SM20005139-42138,2015-05-14 00:00:00,SM-20005139,Sally Matthias,Consumer,United Kingdom,Europe,Northern Europe,OFF-LA-5403,Office Supplies,Labels,"Novimex Shipping Labels, Adjustable",55.943999999999996,7,0.1,4.9140000000000015
LH-2015-ML804075-42146,2015-05-22 00:00:00,ML-804075,Michelle Lonsdale,Corporate,Lithuania,Europe,Northern Europe,FUR-BO-5943,Furniture,Bookcases,"Sauder 3-Shelf Cabinet, Traditional",100.00800000000002,2,0.7,-163.392
ES-2015-RD1972045-42126,2015-05-02 00:00:00,RD-1972045,Roger Demir,Consumer,France,Europe,Western Europe,OFF-AR-3533,Office Supplies,Art,"Boston Highlighters, Fluorescent",40.25999999999999,2,0,10.44
IN-2015-MN1793558-42144,2015-05-20 00:00:00,MN-1793558,Michael Nguyen,Consumer,India,Asia Pacific,Southern Asia,OFF-EN-3655,Office Supplies,Envelopes,"Cameo Business Envelopes, Security-Tint",84.75000000000001,5,0,6.75
MO-2015-CL256586-42151,2015-05-27 00:00:00,CL-256586,Clay Ludtke,Consumer,Morocco,Africa,North Africa,OFF-AR-3476,Office Supplies,Art,"Binney & Smith Canvas, Easy-Erase",309.78,6,0,52.56
MX-2015-CM1183018-42131,2015-05-07 00:00:00,CM-1183018,Cari MacIntyre,Corporate,Brazil,LATAM,South America,OFF-SU-6179,Office Supplies,Supplies,"Stiletto Shears, Steel",94.98,3,0,21.839999999999996
ES-2015-TS2108564-42133,2015-05-09 00:00:00,TS-2108564,Thais Sissman,Consumer,Italy,Europe,Southern Europe,OFF-BI-3247,Office Supplies,Binders,"Avery Binder Covers, Durable",87.99,7,0,11.34
UP-2015-JD6150137-42138,2015-05-14 00:00:00,JD-6150137,Justin Deggeller,Corporate,Ukraine,Europe,Eastern Europe,FUR-FU-6238,Furniture,Furnishings,"Tenex Clock, Durable",189.12,4,0,83.16
ID-2015-CJ1187597-42147,2015-05-23 00:00:00,CJ-1187597,Carl Jackson,Corporate,Pakistan,Asia Pacific,Southern Asia,FUR-BO-5943,Furniture,Bookcases,"Sauder 3-Shelf Cabinet, Traditional",266.68800000000005,2,0.2,-30.012000000000008
ES-2015-VS2182045-42134,2015-05-10 00:00:00,VS-2182045,Vivek Sundaresam,Consumer,France,Europe,Western Europe,OFF-SU-4305,Office Supplies,Supplies,"Fiskars Box Cutter, Serrated",96.66,3,0,30.870000000000005
ES-2015-SM20005139-42138,2015-05-14 00:00:00,SM-20005139,Sally Matthias,Consumer,United Kingdom,Europe,Northern Europe,OFF-PA-4469,Office Supplies,Paper,"Green Bar Computer Printout Paper, Recycled",53.406000000000006,2,0.1,-0.5940000000000012
CA-2015-FH14275140-42138,2015-05-14 00:00:00,FH-142751408,Frank Hawley,Corporate,United States,USCA,Southern US,OFF-AP-4247,Office Supplies,Appliances,Fellowes Basic Home/Office Series Surge Protectors,20.768,2,0.2,2.3363999999999976
IN-2015-RW1969027-42133,2015-05-09 00:00:00,RW-1969027,Robert Waldorf,Consumer,China,Asia Pacific,Eastern Asia,FUR-CH-5406,Furniture,Chairs,"Novimex Steel Folding Chair, Adjustable",169.44,2,0,33.839999999999996
ES-2015-FP1432091-42153,2015-05-29 00:00:00,FP-1432091,Frank Preis,Consumer,Netherlands,Europe,Western Europe,FUR-FU-3065,Furniture,Furnishings,"Advantus Stacking Tray, Black",190.29600000000002,9,0.2,18.845999999999997
ID-2015-NC1834097-42147,2015-05-23 00:00:00,NC-1834097,Nat Carroll,Consumer,Pakistan,Asia Pacific,Southern Asia,OFF-SU-4327,Office Supplies,Supplies,"Fiskars Trimmer, Serrated",136.50000000000003,7,0.5,-90.09000000000003
ID-2015-SG206057-42151,2015-05-27 00:00:00,SG-206057,Speros Goranitis,Consumer,Australia,Asia Pacific,Oceania,OFF-SU-4991,Office Supplies,Supplies,"Kleencut Shears, Serrated",78.246,3,0.4,-44.424
SG-2015-BP1050111-42151,2015-05-27 00:00:00,BP-1050111,Barry Pond,Corporate,Senegal,Africa,Western Africa,OFF-ST-6251,Office Supplies,Storage,"Tenex Folders, Single Width",186,8,0,38.88
ES-2015-DK1298548-42125,2015-05-01 00:00:00,DK-1298548,Darren Koutras,Consumer,Germany,Europe,Western Europe,FUR-FU-3955,Furniture,Furnishings,"Deflect-O Stacking Tray, Black",101.39999999999999,4,0,45.599999999999994
ID-2015-RM197507-42140,2015-05-16 00:00:00,RM-197507,Roland Murray,Consumer,Australia,Asia Pacific,Oceania,OFF-BI-4809,Office Supplies,Binders,"Ibico Binder Covers, Economy",85.99499999999999,7,0.1,16.065
IN-2015-BF1100558-42155,2015-05-31 00:00:00,BF-1100558,Barry Franz,Home Office,India,Asia Pacific,Southern Asia,OFF-AR-3456,Office Supplies,Art,"BIC Markers, Blue",79.28999999999999,3,0,34.83
MX-2015-EH1412539-42140,2015-05-16 00:00:00,EH-1412539,Eugene Hildebrand,Home Office,El Salvador,LATAM,Central America,FUR-FU-3935,Furniture,Furnishings,"Deflect-O Door Stop, Erganomic",170.28000000000003,6,0,27.24
AG-2015-CR28203-42151,2015-05-27 00:00:00,CR-28203,Cyra Reiten,Home Office,Algeria,Africa,North Africa,OFF-EN-3103,Office Supplies,Envelopes,"Ames Mailers, with clear poly window",39.39,1,0,19.29
ID-2015-AC10660118-42143,2015-05-19 00:00:00,AC-10660118,Anna Chung,Consumer,South Korea,Asia Pacific,Eastern Asia,TEC-AC-3393,Technology,Accessories,"Belkin Mouse, Erganomic",154.07999999999998,8,0.5,-86.39999999999999
IN-2015-JK1564059-42137,2015-05-13 00:00:00,JK-1564059,Jim Kriz,Home Office,Indonesia,Asia Pacific,Southeastern Asia,OFF-BI-6385,Office Supplies,Binders,"Wilson Jones Binding Machine, Recycled",81.8712,2,0.17,14.791199999999996
CG-2015-AJ79533-42153,2015-05-29 00:00:00,AJ-79533,Anthony Johnson,Corporate,Democratic Republic of the Congo,Africa,Central Africa,TEC-PH-3142,Technology,Phones,"Apple Office Telephone, with Caller ID",65.28,1,0,3.9000000000000004
ES-2015-SC2038045-42131,2015-05-07 00:00:00,SC-2038045,Shahid Collister,Consumer,France,Europe,Western Europe,OFF-AP-4970,Office Supplies,Appliances,"KitchenAid Toaster, Silver",232.389,3,0.1,85.149
IN-2015-GM1444027-42132,2015-05-08 00:00:00,GM-1444027,Gary McGarr,Consumer,China,Asia Pacific,Eastern Asia,FUR-CH-4655,Furniture,Chairs,"Hon Executive Leather Armchair, Black",1371.4199999999996,3,0,137.07
ES-2015-TZ21445139-42148,2015-05-24 00:00:00,TZ-21445139,Tom Zandusky,Corporate,United Kingdom,Europe,Northern Europe,OFF-ST-6282,Office Supplies,Storage,"Tenex Trays, Industrial",273.44999999999993,5,0,27.3
MX-2015-AM1070531-42133,2015-05-09 00:00:00,AM-1070531,Anne McFarland,Consumer,Cuba,LATAM,Caribbean,TEC-AC-5880,Technology,Accessories,"SanDisk Mouse, Bluetooth",178.77999999999997,7,0,49.980000000000004
MZ-2015-RD993087-42140,2015-05-16 00:00:00,RD-993087,Russell D'Ascenzo,Consumer,Mozambique,Africa,Eastern Africa,TEC-PH-5350,Technology,Phones,"Nokia Signal Booster, Cordless",278.70000000000005,2,0,83.58
ID-2015-MC18130144-42129,2015-05-05 00:00:00,MC-18130144,Mike Caudle,Corporate,Vietnam,Asia Pacific,Southeastern Asia,OFF-PA-4007,Office Supplies,Paper,"Eaton Parchment Paper, Premium",89.44079999999998,8,0.17,-10.879199999999999
US-2015-TT2122036-42138,2015-05-14 00:00:00,TT-2122036,Thomas Thornton,Consumer,Dominican Republic,LATAM,Caribbean,FUR-FU-6241,Furniture,Furnishings,"Tenex Door Stop, Black",87.78,6,0.5,-75.54
IN-2015-AH1058566-42144,2015-05-20 00:00:00,AH-1058566,Angele Hood,Consumer,Japan,Asia Pacific,Eastern Asia,OFF-AP-4723,Office Supplies,Appliances,"Hoover Coffee Grinder, Red",137.58,2,0,28.86
CA-2015-GZ14470140-42131,2015-05-07 00:00:00,GZ-144701408,Gary Zandusky,Consumer,United States,USCA,Southern US,OFF-AR-3971,Office Supplies,Art,Dixon Ticonderoga Core-Lock Colored Pencils,54.66,6,0,18.037799999999997
IN-2015-VM216857-42146,2015-05-22 00:00:00,VM-216857,Valerie Mitchum,Home Office,Australia,Asia Pacific,Oceania,FUR-CH-4561,Furniture,Chairs,"Harbour Creations Swivel Stool, Adjustable",164.34900000000002,1,0.1,-7.3110000000000035
US-2015-DM1352518-42139,2015-05-15 00:00:00,DM-1352518,Don Miller,Corporate,Brazil,LATAM,South America,OFF-SU-4976,Office Supplies,Supplies,"Kleencut Box Cutter, Steel",36.31999999999999,4,0.6,-22.71999999999998
ID-2015-JH158207-42150,2015-05-26 00:00:00,JH-158207,John Huston,Consumer,Australia,Asia Pacific,Oceania,OFF-AR-3481,Office Supplies,Art,"Binney & Smith Highlighters, Blue",74.65499999999999,5,0.1,-3.344999999999998
GH-2015-HM486049-42130,2015-05-06 00:00:00,HM-486049,Harry Marie,Corporate,Ghana,Africa,Western Africa,FUR-BO-4866,Furniture,Bookcases,"Ikea Stackable Bookrack, Pine",123.93,1,0,61.949999999999996
ID-2015-AO108107-42143,2015-05-19 00:00:00,AO-108107,Anthony O'Donnell,Corporate,Australia,Asia Pacific,Oceania,FUR-CH-4698,Furniture,Chairs,"Hon Steel Folding Chair, Black",236.97,5,0.4,-102.77999999999999
ES-2015-TS2108564-42133,2015-05-09 00:00:00,TS-2108564,Thais Sissman,Consumer,Italy,Europe,Southern Europe,OFF-LA-4536,Office Supplies,Labels,"Harbour Creations File Folder Labels, Laser Printer Compatible",78.57000000000001,9,0,24.3
IT-2015-DM1352562-42137,2015-05-13 00:00:00,DM-1352562,Don Miller,Corporate,Ireland,Europe,Northern Europe,OFF-AR-3537,Office Supplies,Art,"Boston Markers, Blue",39.55500000000001,3,0.5,-7.155000000000001
IN-2015-DB1366011-42145,2015-05-21 00:00:00,DB-1366011,Duane Benoit,Consumer,Bangladesh,Asia Pacific,Southern Asia,OFF-BI-2896,Office Supplies,Binders,"Acco Binder, Durable",116.54999999999998,7,0,31.29
CA-2015-GZ454523-42136,2015-05-12 00:00:00,GZ-454523,George Zrebassa,Corporate,Canada,USCA,Canada,OFF-LA-5387,Office Supplies,Labels,"Novimex Legal Exhibit Labels, 5000 Label Set",21.72,2,0,2.82
ES-2015-TH2123564-42127,2015-05-03 00:00:00,TH-2123564,Tiffany House,Corporate,Italy,Europe,Southern Europe,OFF-AR-6110,Office Supplies,Art,"Stanley Highlighters, Blue",102.89999999999999,7,0,20.58
MX-2015-FC1433531-42143,2015-05-19 00:00:00,FC-1433531,Fred Chung,Corporate,Cuba,LATAM,Caribbean,OFF-ST-6263,Office Supplies,Storage,"Tenex Lockers, Single Width",272.23999999999995,2,0,51.720000000000006
ES-2015-JR15670139-42126,2015-05-02 00:00:00,JR-15670139,Jim Radford,Consumer,United Kingdom,Europe,Northern Europe,OFF-AR-3476,Office Supplies,Art,"Binney & Smith Canvas, Easy-Erase",154.89,3,0,26.28
IN-2015-DB1366011-42145,2015-05-21 00:00:00,DB-1366011,Duane Benoit,Consumer,Bangladesh,Asia Pacific,Southern Asia,OFF-AR-3539,Office Supplies,Art,"Boston Markers, Fluorescent",82.89000000000001,3,0,36.449999999999996
ID-2015-MF176657-42128,2015-05-04 00:00:00,MF-176657,Maureen Fritzler,Corporate,Australia,Asia Pacific,Oceania,OFF-SU-4319,Office Supplies,Supplies,"Fiskars Shears, Easy Grip",118.224,4,0.4,-37.536000000000016
ES-2015-RD1966048-42131,2015-05-07 00:00:00,RD-1966048,Robert Dilbeck,Home Office,Germany,Europe,Western Europe,OFF-BI-2895,Office Supplies,Binders,"Acco Binder, Clear",58.44,4,0,19.200000000000003
US-2015-CP12340143-42143,2015-05-19 00:00:00,CP-12340143,Christine Phan,Corporate,Venezuela,LATAM,South America,FUR-FU-3050,Furniture,Furnishings,"Advantus Photo Frame, Erganomic",144.48,7,0.4,-41.019999999999996
IN-2015-NS186407-42125,2015-05-01 00:00:00,NS-186407,Noel Staavos,Corporate,Australia,Asia Pacific,Oceania,OFF-BI-3714,Office Supplies,Binders,"Cardinal 3-Hole Punch, Economy",57.599999999999994,2,0,8.64
ES-2015-MS1798045-42154,2015-05-30 00:00:00,MS-1798045,Michael Stewart,Corporate,France,Europe,Western Europe,OFF-BI-3725,Office Supplies,Binders,"Cardinal Binding Machine, Durable",153.81000000000003,3,0,53.82000000000001
US-2015-DO1364555-42139,2015-05-15 00:00:00,DO-1364555,Doug O'Connell,Consumer,Honduras,LATAM,Central America,TEC-AC-4179,Technology,Accessories,"Enermax Numeric Keypad, Erganomic",70.596,3,0.4,-22.403999999999996
ES-2015-BW1106545-42126,2015-05-02 00:00:00,BW-1106545,Barry Weirich,Consumer,France,Europe,Western Europe,OFF-ST-5697,Office Supplies,Storage,"Rogers Folders, Wire Frame",53.56799999999999,2,0.1,0.5880000000000019
IT-2015-JK1573064-42150,2015-05-26 00:00:00,JK-1573064,Joe Kamberova,Consumer,Italy,Europe,Southern Europe,OFF-BI-3724,Office Supplies,Binders,"Cardinal Binding Machine, Clear",147.69000000000003,3,0,59.04
IN-2015-RE1940527-42130,2015-05-06 00:00:00,RE-1940527,Ricardo Emerson,Consumer,China,Asia Pacific,Eastern Asia,OFF-EN-4917,Office Supplies,Envelopes,"Jiffy Mailers, with clear poly window",162.84,4,0,63.480000000000004
IN-2015-PC190007-42137,2015-05-13 00:00:00,PC-190007,Pauline Chand,Home Office,Australia,Asia Pacific,Oceania,OFF-AR-3470,Office Supplies,Art,"BIC Sketch Pad, Fluorescent",44.928000000000004,1,0.1,12.977999999999998
CA-2015-GT14710140-42139,2015-05-15 00:00:00,GT-147101402,Greg Tran,Consumer,United States,USCA,Central US,FUR-CH-4399,Furniture,Chairs,Global Commerce Series Low-Back Swivel/Tilt Chairs,899.43,5,0.3,-12.84900000000016
ID-2015-FO143057-42134,2015-05-10 00:00:00,FO-143057,Frank Olsen,Consumer,Australia,Asia Pacific,Oceania,TEC-AC-5889,Technology,Accessories,"SanDisk Numeric Keypad, USB",127.58400000000002,4,0.4,-23.496000000000024
CA-2015-GT14710140-42139,2015-05-15 00:00:00,GT-147101402,Greg Tran,Consumer,United States,USCA,Central US,OFF-AR-5285,Office Supplies,Art,Newell 309,46.2,5,0.2,5.774999999999999
CA-2015-GT14710140-42139,2015-05-15 00:00:00,GT-147101402,Greg Tran,Consumer,United States,USCA,Central US,OFF-PA-6491,Office Supplies,Paper,Xerox 1937,76.864,2,0.2,26.902399999999993
MX-2015-ND1837018-42131,2015-05-07 00:00:00,ND-1837018,Natalie DeCherney,Consumer,Brazil,LATAM,South America,OFF-AR-3553,Office Supplies,Art,"Boston Sketch Pad, Easy-Erase",97.74000000000001,3,0,10.739999999999998
MX-2015-GZ1447039-42138,2015-05-14 00:00:00,GZ-1447039,Gary Zandusky,Consumer,El Salvador,LATAM,Central America,OFF-BI-2883,Office Supplies,Binders,"Acco 3-Hole Punch, Economy",100.40000000000002,5,0,8
CA-2015-GT14710140-42139,2015-05-15 00:00:00,GT-147101402,Greg Tran,Consumer,United States,USCA,Central US,OFF-PA-6490,Office Supplies,Paper,Xerox 1936,47.952000000000005,3,0.2,16.183799999999998
CA-2015-GT14710140-42139,2015-05-15 00:00:00,GT-147101402,Greg Tran,Consumer,United States,USCA,Central US,TEC-PH-5581,Technology,Phones,PayAnywhere Card Reader,7.992000000000001,1,0.2,0.6993
MX-2015-Dp1324028-42153,2015-05-29 00:00:00,Dp-1324028,Dean percer,Home Office,Colombia,LATAM,South America,OFF-AR-3471,Office Supplies,Art,"BIC Sketch Pad, Water Color",69.12000000000002,2,0,2.7600000000000002
IN-2015-TN2104027-42136,2015-05-12 00:00:00,TN-2104027,Tanja Norvell,Home Office,China,Asia Pacific,Eastern Asia,OFF-AR-3502,Office Supplies,Art,"Binney & Smith Sketch Pad, Water Color",99,2,0,13.86
TU-2015-AS10045134-42136,2015-05-12 00:00:00,AS-10045134,Aaron Smayling,Corporate,Turkey,Asia Pacific,Western Asia,TEC-CO-3592,Technology,Copiers,"Brother Fax and Copier, Digital",76.452,1,0.6,-87.948
ES-2015-KN1645045-42143,2015-05-19 00:00:00,KN-1645045,Kean Nguyen,Corporate,France,Europe,Western Europe,OFF-AR-3469,Office Supplies,Art,"BIC Sketch Pad, Easy-Erase",146.78999999999996,6,0.5,-0.08999999999994657
CA-2015-GT14755140-42154,2015-05-30 00:00:00,GT-147551402,Guy Thornton,Consumer,United States,USCA,Central US,OFF-ST-4298,Office Supplies,Storage,File Shuttle I and Handi-File,53.42400000000001,3,0.2,4.674600000000002
ID-2015-CV1229559-42145,2015-05-21 00:00:00,CV-1229559,Christina VanderZanden,Consumer,Indonesia,Asia Pacific,Southeastern Asia,OFF-AR-3494,Office Supplies,Art,"Binney & Smith Pencil Sharpener, Water Color",39.3324,2,0.27,8.0724
IN-2015-BW111107-42140,2015-05-16 00:00:00,BW-111107,Bart Watters,Corporate,Australia,Asia Pacific,Oceania,OFF-SU-6177,Office Supplies,Supplies,"Stiletto Shears, High Speed",129.84300000000002,3,0.1,40.382999999999996
CA-2015-GT14755140-42154,2015-05-30 00:00:00,GT-147551402,Guy Thornton,Consumer,United States,USCA,Central US,OFF-PA-6484,Office Supplies,Paper,Xerox 1930,25.920000000000005,5,0.2,9.396
IN-2015-HG1496566-42155,2015-05-31 00:00:00,HG-1496566,Henry Goldwyn,Corporate,Japan,Asia Pacific,Eastern Asia,TEC-AC-5131,Technology,Accessories,"Logitech Numeric Keypad, Erganomic",132.39000000000001,3,0,42.300000000000004
ES-2015-EC14050139-42126,2015-05-02 00:00:00,EC-14050139,Erin Creighton,Consumer,United Kingdom,Europe,Northern Europe,OFF-AR-3456,Office Supplies,Art,"BIC Markers, Blue",105.72,4,0,2.04
ES-2015-DK1309045-42152,2015-05-28 00:00:00,DK-1309045,Dave Kipp,Consumer,France,Europe,Western Europe,OFF-PA-4472,Office Supplies,Paper,"Green Bar Memo Slips, Premium",101.70000000000002,6,0,11.16
ES-2015-RD1966048-42131,2015-05-07 00:00:00,RD-1966048,Robert Dilbeck,Home Office,Germany,Europe,Western Europe,OFF-PA-5890,Office Supplies,Paper,"SanDisk Parchment Paper, 8.5 x 11",62.55,3,0,9.36
MX-2015-FC1433531-42143,2015-05-19 00:00:00,FC-1433531,Fred Chung,Corporate,Cuba,LATAM,Caribbean,OFF-AR-3456,Office Supplies,Art,"BIC Markers, Blue",88.1,5,0,34.3
ES-2015-BW1111045-42132,2015-05-08 00:00:00,BW-1111045,Bart Watters,Corporate,France,Europe,Western Europe,TEC-CO-4784,Technology,Copiers,"HP Personal Copier, Color",320.61150000000004,3,0.15,26.401500000000013
IN-2015-GD145907-42151,2015-05-27 00:00:00,GD-145907,Giulietta Dortch,Corporate,Australia,Asia Pacific,Oceania,TEC-AC-4174,Technology,Accessories,"Enermax Mouse, USB",109.35,3,0.1,17.010000000000005
TU-2015-AS10045134-42136,2015-05-12 00:00:00,AS-10045134,Aaron Smayling,Corporate,Turkey,Asia Pacific,Western Asia,FUR-FU-3943,Furniture,Furnishings,"Deflect-O Frame, Erganomic",86.928,2,0.6,-126.072
ES-2015-JK1520545-42151,2015-05-27 00:00:00,JK-1520545,Jamie Kunitz,Consumer,France,Europe,Western Europe,FUR-BO-4844,Furniture,Bookcases,"Ikea 3-Shelf Cabinet, Metal",255.42000000000002,2,0.1,16.979999999999997
MX-2015-SC2038093-42151,2015-05-27 00:00:00,SC-2038093,Shahid Collister,Consumer,Nicaragua,LATAM,Central America,FUR-FU-6253,Furniture,Furnishings,"Tenex Frame, Black",146.64000000000001,2,0,65.96
MX-2015-LP1708055-42139,2015-05-15 00:00:00,LP-1708055,Liz Pelletier,Consumer,Honduras,LATAM,Central America,TEC-AC-4171,Technology,Accessories,"Enermax Mouse, Bluetooth",80.58,5,0.4,6.679999999999995
IN-2015-MN1793558-42144,2015-05-20 00:00:00,MN-1793558,Michael Nguyen,Consumer,India,Asia Pacific,Southern Asia,OFF-BI-6398,Office Supplies,Binders,"Wilson Jones Hole Reinforcements, Durable",60.30000000000001,10,0,1.7999999999999998
IN-2015-PC190007-42137,2015-05-13 00:00:00,PC-190007,Pauline Chand,Home Office,Australia,Asia Pacific,Oceania,OFF-EN-4443,Office Supplies,Envelopes,"GlobeWeis Mailers, Recycled",67.22999999999999,2,0.1,26.129999999999995
UP-2015-RM9675137-42152,2015-05-28 00:00:00,RM-9675137,Robert Marley,Home Office,Ukraine,Europe,Eastern Europe,FUR-CH-5757,Furniture,Chairs,"SAFCO Chairmat, Black",114.78,2,0,5.699999999999999
MX-2015-GM1469539-42131,2015-05-07 00:00:00,GM-1469539,Greg Maxwell,Corporate,El Salvador,LATAM,Central America,OFF-SU-2977,Office Supplies,Supplies,"Acme Letter Opener, Easy Grip",169.75999999999996,8,0,74.56
NI-2015-NP870095-42137,2015-05-13 00:00:00,NP-870095,Nora Preis,Consumer,Nigeria,Africa,Western Africa,OFF-ST-4096,Office Supplies,Storage,"Eldon Shelving, Single Width",58.14,4,0.7,-135.65999999999997
IN-2015-TB2128059-42152,2015-05-28 00:00:00,TB-2128059,Toby Braunhardt,Consumer,Indonesia,Asia Pacific,Southeastern Asia,OFF-ST-6231,Office Supplies,Storage,"Tenex Box, Wire Frame",38.769299999999994,3,0.17,8.3493
ID-2015-KW165707-42132,2015-05-08 00:00:00,KW-165707,Kelly Williams,Consumer,Australia,Asia Pacific,Oceania,TEC-AC-4157,Technology,Accessories,"Enermax Keyboard, Programmable",101.95200000000001,2,0.4,-17.028000000000006
UP-2015-PK8910137-42138,2015-05-14 00:00:00,PK-8910137,Paul Knutson,Home Office,Ukraine,Europe,Eastern Europe,OFF-AR-3499,Office Supplies,Art,"Binney & Smith Sketch Pad, Blue",92.64,2,0,24.06
MX-2015-MN1793551-42134,2015-05-10 00:00:00,MN-1793551,Michael Nguyen,Consumer,Guatemala,LATAM,Central America,TEC-AC-5131,Technology,Accessories,"Logitech Numeric Keypad, Erganomic",88.25999999999999,3,0,44.1
SF-2015-AH465117-42128,2015-05-04 00:00:00,AH-465117,Amy Hunt,Consumer,South Africa,Africa,Southern Africa,OFF-ST-5708,Office Supplies,Storage,"Rogers Shelving, Wire Frame",61.199999999999996,1,0,18.96
MX-2015-JK1562539-42144,2015-05-20 00:00:00,JK-1562539,Jim Karlsson,Consumer,El Salvador,LATAM,Central America,TEC-MA-5538,Technology,Machines,"Panasonic Calculator, Durable",100.8,3,0,42.3
ID-2015-SR2074059-42141,2015-05-17 00:00:00,SR-2074059,Steven Roelle,Home Office,Indonesia,Asia Pacific,Southeastern Asia,OFF-SU-4994,Office Supplies,Supplies,"Kleencut Trimmer, High Speed",109.7895,5,0.47000000000000003,-31.210499999999996
IN-2015-TB2135592-42129,2015-05-05 00:00:00,TB-2135592,Todd Boyes,Corporate,New Zealand,Asia Pacific,Oceania,FUR-CH-4630,Furniture,Chairs,"Hon Chairmat, Adjustable",116.03999999999999,2,0,58.019999999999996
MX-2015-JD1601582-42154,2015-05-30 00:00:00,JD-1601582,Joy Daniels,Consumer,Mexico,LATAM,Central America,OFF-SU-4327,Office Supplies,Supplies,"Fiskars Trimmer, Serrated",52.000000000000014,2,0,16.119999999999997
ZA-2015-CK2595146-42154,2015-05-30 00:00:00,CK-2595146,Clytie Kelty,Consumer,Zambia,Africa,Eastern Africa,OFF-BI-3187,Office Supplies,Binders,"Avery 3-Hole Punch, Durable",58.74000000000001,2,0,20.52
CA-2015-HZ14950140-42154,2015-05-30 00:00:00,HZ-149501402,Henia Zydlo,Consumer,United States,USCA,Central US,FUR-FU-4045,Furniture,Furnishings,Eldon Executive Woodline II Cherry Finish Desk Accessories,65.424,4,0.6,-52.33919999999999
IN-2015-SC2038059-42133,2015-05-09 00:00:00,SC-2038059,Shahid Collister,Consumer,Indonesia,Asia Pacific,Southeastern Asia,OFF-BI-3249,Office Supplies,Binders,"Avery Binder Covers, Recycled",56.92139999999999,6,0.17,20.5614
RS-2015-BP1230108-42132,2015-05-08 00:00:00,BP-1230108,Benjamin Patterson,Consumer,Russia,Europe,Eastern Europe,TEC-MA-5021,Technology,Machines,"Konica Receipt Printer, Wireless",244.5,2,0,48.900000000000006
TU-2015-BN1470134-42146,2015-05-22 00:00:00,BN-1470134,Brad Norvell,Corporate,Turkey,Asia Pacific,Western Asia,FUR-CH-4654,Furniture,Chairs,"Hon Executive Leather Armchair, Adjustable",181.884,1,0.6,-222.81599999999997
ID-2015-TB2152059-42130,2015-05-06 00:00:00,TB-2152059,Tracy Blumstein,Consumer,Indonesia,Asia Pacific,Southeastern Asia,FUR-FU-6257,Furniture,Furnishings,"Tenex Light Bulb, Black",69.0945,5,0.27,-11.455500000000002
ID-2015-VB2174559-42125,2015-05-01 00:00:00,VB-2174559,Victoria Brennan,Corporate,Indonesia,Asia Pacific,Southeastern Asia,TEC-AC-5196,Technology,Accessories,"Memorex Flash Drive, USB",47.0799,3,0.47000000000000003,-6.2901000000000025
ES-2015-JL1513045-42153,2015-05-29 00:00:00,JL-1513045,Jack Lebron,Consumer,France,Europe,Western Europe,TEC-AC-5193,Technology,Accessories,"Memorex Flash Drive, Bluetooth",117.60000000000001,4,0,24.599999999999998
IN-2015-DJ1363027-42125,2015-05-01 00:00:00,DJ-1363027,Doug Jacobs,Consumer,China,Asia Pacific,Eastern Asia,OFF-EN-5031,Office Supplies,Envelopes,"Kraft Interoffice Envelope, Set of 50",140.76,3,0,28.08
MX-2015-BT1130554-42132,2015-05-08 00:00:00,BT-1130554,Beth Thompson,Home Office,Haiti,LATAM,Caribbean,TEC-MA-4196,Technology,Machines,"Epson Card Printer, Wireless",101.97,3,0.7,-234.57
US-2015-DO1364555-42139,2015-05-15 00:00:00,DO-1364555,Doug O'Connell,Consumer,Honduras,LATAM,Central America,FUR-CH-5395,Furniture,Chairs,"Novimex Rocking Chair, Black",51.6,1,0.4,-5.160000000000002
NI-2015-MK790595-42144,2015-05-20 00:00:00,MK-790595,Michael Kennedy,Corporate,Nigeria,Africa,Western Africa,FUR-BO-3636,Furniture,Bookcases,"Bush Floating Shelf Set, Pine",103.57200000000002,2,0.7,-134.688
MX-2015-BT1130554-42132,2015-05-08 00:00:00,BT-1130554,Beth Thompson,Home Office,Haiti,LATAM,Caribbean,TEC-PH-5254,Technology,Phones,"Motorola Headset, with Caller ID",95.68799999999999,3,0.4,14.327999999999985
ID-2015-BM117857-42131,2015-05-07 00:00:00,BM-117857,Bryan Mills,Consumer,Australia,Asia Pacific,Oceania,FUR-CH-4546,Furniture,Chairs,"Harbour Creations Rocking Chair, Red",88.25399999999998,1,0.4,-20.615999999999993
MX-2015-AZ1075028-42143,2015-05-19 00:00:00,AZ-1075028,Annie Zypern,Consumer,Colombia,LATAM,South America,FUR-BO-4859,Furniture,Bookcases,"Ikea Floating Shelf Set, Traditional",227.11999999999998,2,0,63.56
ES-2015-GH1441045-42125,2015-05-01 00:00:00,GH-1441045,Gary Hansen,Home Office,France,Europe,Western Europe,FUR-FU-5741,Furniture,Furnishings,"Rubbermaid Stacking Tray, Erganomic",71.28,3,0,22.77
MX-2015-JR1567093-42126,2015-05-02 00:00:00,JR-1567093,Jim Radford,Consumer,Nicaragua,LATAM,Central America,OFF-ST-4061,Office Supplies,Storage,"Eldon Folders, Industrial",81.48000000000002,7,0,17.92
IN-2015-NW1840058-42134,2015-05-10 00:00:00,NW-1840058,Natalie Webber,Consumer,India,Asia Pacific,Southern Asia,OFF-BI-2882,Office Supplies,Binders,"Acco 3-Hole Punch, Durable",63.24000000000001,2,0,0.6000000000000001
CM-2015-JS603022-42151,2015-05-27 00:00:00,JS-603022,Joy Smith,Consumer,Cameroon,Africa,Central Africa,OFF-ST-6273,Office Supplies,Storage,"Tenex Shelving, Industrial",55.14,1,0,10.47
US-2015-KD1661582-42143,2015-05-19 00:00:00,KD-1661582,Ken Dana,Corporate,Mexico,LATAM,Central America,TEC-AC-5220,Technology,Accessories,"Memorex Numeric Keypad, Bluetooth",121.12,4,0,52.08
ES-2015-JB1540048-42136,2015-05-12 00:00:00,JB-1540048,Jennifer Braxton,Corporate,Germany,Europe,Western Europe,OFF-SU-4316,Office Supplies,Supplies,"Fiskars Scissors, High Speed",92.64000000000001,4,0,44.400000000000006
ES-2015-BK1126045-42144,2015-05-20 00:00:00,BK-1126045,Berenike Kampe,Consumer,France,Europe,Western Europe,OFF-AR-3502,Office Supplies,Art,"Binney & Smith Sketch Pad, Water Color",148.5,3,0,48.96
EG-2015-BD162038-42153,2015-05-29 00:00:00,BD-162038,Brian DeCherney,Consumer,Egypt,Africa,North Africa,OFF-ST-6284,Office Supplies,Storage,"Tenex Trays, Wire Frame",106.55999999999999,2,0,53.28
CF-2015-VB11745106-42133,2015-05-09 00:00:00,VB-11745106,Victoria Brennan,Corporate,Republic of the Congo,Africa,Central Africa,FUR-CH-4701,Furniture,Chairs,"Hon Swivel Stool, Adjustable",166.14000000000004,1,0,21.57
NG-2015-EC405094-42140,2015-05-16 00:00:00,EC-405094,Erin Creighton,Consumer,Niger,Africa,Western Africa,OFF-SU-6179,Office Supplies,Supplies,"Stiletto Shears, Steel",47.49000000000001,1,0,4.26
IN-2015-VP2173027-42127,2015-05-03 00:00:00,VP-2173027,Victor Preis,Home Office,China,Asia Pacific,Eastern Asia,OFF-FA-5475,Office Supplies,Fasteners,"OIC Rubber Bands, 12 Pack",99,6,0,2.88
ES-2015-LD1685548-42145,2015-05-21 00:00:00,LD-1685548,Lela Donovan,Corporate,Germany,Europe,Western Europe,TEC-AC-4171,Technology,Accessories,"Enermax Mouse, Bluetooth",80.58,2,0,9.66
US-2015-JG15160140-42152,2015-05-28 00:00:00,JG-151601404,James Galang,Consumer,United States,USCA,Western US,TEC-PH-5345,Technology,Phones,Nokia Lumia 925,302.376,3,0.2,22.678200000000018
ID-2015-FO143057-42134,2015-05-10 00:00:00,FO-143057,Frank Olsen,Consumer,Australia,Asia Pacific,Oceania,OFF-EN-4446,Office Supplies,Envelopes,"GlobeWeis Mailers, with clear poly window",101.01599999999999,4,0.4,-33.744
US-2015-JG15160140-42152,2015-05-28 00:00:00,JG-151601404,James Galang,Consumer,United States,USCA,Western US,OFF-ST-4288,Office Supplies,Storage,Fellowes Stor/Drawer Steel Plus Storage Drawers,477.15000000000003,5,0,28.628999999999962
US-2015-JG15160140-42152,2015-05-28 00:00:00,JG-151601404,James Galang,Consumer,United States,USCA,Western US,FUR-FU-4022,Furniture,Furnishings,"Eldon 400 Class Desk Accessories, Black Carbon",35,4,0,14.700000000000003
MX-2015-DB1336018-42137,2015-05-13 00:00:00,DB-1336018,Dennis Bolton,Home Office,Brazil,LATAM,South America,OFF-EN-5023,Office Supplies,Envelopes,"Kraft Business Envelopes, Security-Tint",32.879999999999995,3,0,1.6200000000000003
MX-2015-MC172755-42143,2015-05-19 00:00:00,MC-172755,Marc Crier,Consumer,Argentina,LATAM,South America,OFF-EN-5033,Office Supplies,Envelopes,"Kraft Mailers, Recycled",43.739999999999995,3,0.4,7.2600000000000025
TU-2015-HK4890134-42152,2015-05-28 00:00:00,HK-4890134,Heather Kirkland,Corporate,Turkey,Asia Pacific,Western Asia,TEC-PH-3801,Technology,Phones,"Cisco Signal Booster, Full Size",122.49600000000001,2,0.6,-174.564
UP-2015-JD6150137-42138,2015-05-14 00:00:00,JD-6150137,Justin Deggeller,Corporate,Ukraine,Europe,Eastern Europe,OFF-SU-6174,Office Supplies,Supplies,"Stiletto Scissors, Serrated",121.85999999999999,6,0,40.14
MX-2015-JF1535582-42146,2015-05-22 00:00:00,JF-1535582,Jay Fein,Consumer,Mexico,LATAM,Central America,OFF-EN-3659,Office Supplies,Envelopes,"Cameo Clasp Envelope, Set of 50",19.02,3,0,9.12
IN-2015-LT1676558-42133,2015-05-09 00:00:00,LT-1676558,Larry Tron,Consumer,India,Asia Pacific,Southern Asia,OFF-AP-4950,Office Supplies,Appliances,"KitchenAid Blender, Silver",98.85,1,0,42.480000000000004
ID-2015-MA17560102-42152,2015-05-28 00:00:00,MA-17560102,Matt Abelman,Home Office,Philippines,Asia Pacific,Southeastern Asia,OFF-SU-4974,Office Supplies,Supplies,"Kleencut Box Cutter, High Speed",152.46,8,0.45,-58.25999999999999
CG-2015-RB943533-42153,2015-05-29 00:00:00,RB-943533,Richard Bierner,Consumer,Democratic Republic of the Congo,Africa,Central Africa,OFF-SU-4992,Office Supplies,Supplies,"Kleencut Shears, Steel",92.34,2,0,24
MX-2015-JK15370100-42132,2015-05-08 00:00:00,JK-15370100,Jay Kimmel,Consumer,Paraguay,LATAM,South America,OFF-SU-4320,Office Supplies,Supplies,"Fiskars Shears, High Speed",31.76,1,0,8.88
US-2015-JF15295140-42140,2015-05-16 00:00:00,JF-152951404,Jason Fortune-,Consumer,United States,USCA,Western US,FUR-CH-5749,Furniture,Chairs,SAFCO Arco Folding Chair,220.96,1,0.2,24.857999999999983
CA-2015-JF15295140-42144,2015-05-20 00:00:00,JF-152951402,Jason Fortune-,Consumer,United States,USCA,Central US,TEC-PH-4896,Technology,Phones,Jabra Supreme Plus Driver Edition Headset,95.992,1,0.2,9.5992
US-2015-JF15295140-42140,2015-05-16 00:00:00,JF-152951404,Jason Fortune-,Consumer,United States,USCA,Western US,FUR-FU-2862,Furniture,Furnishings,24-Hour Round Wall Clock,39.96,2,0,17.182800000000004
US-2015-JF15295140-42140,2015-05-16 00:00:00,JF-152951404,Jason Fortune-,Consumer,United States,USCA,Western US,FUR-CH-5790,Furniture,Chairs,SAFCO Optional Arm Kit for Workspace Cribbage Stacking Chair,42.624,2,0.2,4.262399999999998
CA-2015-JF15295140-42144,2015-05-20 00:00:00,JF-152951402,Jason Fortune-,Consumer,United States,USCA,Central US,OFF-LA-3211,Office Supplies,Labels,Avery 491,13.216000000000001,4,0.2,4.2951999999999995
US-2015-CP12340143-42143,2015-05-19 00:00:00,CP-12340143,Christine Phan,Corporate,Venezuela,LATAM,South America,FUR-BO-4845,Furniture,Bookcases,"Ikea 3-Shelf Cabinet, Mobile",115.968,2,0.4,-23.232000000000017
ID-2015-PO19195130-42151,2015-05-27 00:00:00,PO-19195130,Phillina Ober,Home Office,Thailand,Asia Pacific,Southeastern Asia,OFF-PA-5876,Office Supplies,Paper,"SanDisk Message Books, 8.5 x 11",44.4564,3,0.47000000000000003,-36.99360000000001
PL-2015-RR9315103-42137,2015-05-13 00:00:00,RR-9315103,Ralph Ritter,Consumer,Poland,Europe,Eastern Europe,OFF-ST-5695,Office Supplies,Storage,"Rogers Folders, Industrial",124.67999999999998,4,0,17.4
MX-2015-EH1412539-42140,2015-05-16 00:00:00,EH-1412539,Eugene Hildebrand,Home Office,El Salvador,LATAM,Central America,OFF-PA-6601,Office Supplies,Paper,"Xerox Cards & Envelopes, Multicolor",92.75999999999999,3,0,12
IN-2015-RM1937558-42147,2015-05-23 00:00:00,RM-1937558,Raymond Messe,Consumer,India,Asia Pacific,Southern Asia,OFF-FA-6201,Office Supplies,Fasteners,"Stockwell Staples, 12 Pack",20.46,2,0,1.02
IN-2015-AD1018066-42136,2015-05-12 00:00:00,AD-1018066,Alan Dominguez,Home Office,Japan,Asia Pacific,Eastern Asia,OFF-EN-3654,Office Supplies,Envelopes,"Cameo Business Envelopes, Recycled",63,4,0,13.799999999999999
IN-2015-RB1946558-42151,2015-05-27 00:00:00,RB-1946558,Rick Bensley,Home Office,India,Asia Pacific,Southern Asia,FUR-FU-5734,Furniture,Furnishings,"Rubbermaid Light Bulb, Erganomic",104.75999999999999,6,0,3.06
TZ-2015-KH6690129-42131,2015-05-07 00:00:00,KH-6690129,Kristen Hastings,Corporate,Tanzania,Africa,Eastern Africa,OFF-EN-3674,Office Supplies,Envelopes,"Cameo Peel and Seal, Security-Tint",46.8,2,0,2.7600000000000002
MX-2015-LC1688582-42131,2015-05-07 00:00:00,LC-1688582,Lena Creighton,Consumer,Mexico,LATAM,Central America,OFF-PA-4147,Office Supplies,Paper,"Enermax Computer Printout Paper, 8.5 x 11",130.44,6,0,28.679999999999996
MX-2015-PR1888018-42153,2015-05-29 00:00:00,PR-1888018,Patrick Ryan,Consumer,Brazil,LATAM,South America,OFF-FA-5465,Office Supplies,Fasteners,"OIC Clamps, Metal",79.56000000000002,6,0,39.720000000000006
ML-2015-AR54079-42148,2015-05-24 00:00:00,AR-54079,Andy Reiter,Consumer,Mali,Africa,Western Africa,OFF-ST-4296,Office Supplies,Storage,"Fellowes Trays, Wire Frame",56.46,1,0,14.100000000000001
TU-2015-EB3930134-42126,2015-05-02 00:00:00,EB-3930134,Eric Barreto,Consumer,Turkey,Asia Pacific,Western Asia,OFF-ST-6031,Office Supplies,Storage,"Smead File Cart, Blue",50.988,1,0.6,-75.222
TU-2015-EA4035134-42137,2015-05-13 00:00:00,EA-4035134,Erin Ashbrook,Corporate,Turkey,Asia Pacific,Western Asia,OFF-ST-6066,Office Supplies,Storage,"Smead Trays, Industrial",39.168000000000006,2,0.6,-26.471999999999994
TZ-2015-TB11175129-42153,2015-05-29 00:00:00,TB-11175129,Thomas Boland,Corporate,Tanzania,Africa,Eastern Africa,OFF-LA-3313,Office Supplies,Labels,"Avery Removable Labels, Laser Printer Compatible",85.92,8,0,17.04
ES-2015-JL1523548-42130,2015-05-06 00:00:00,JL-1523548,Janet Lee,Consumer,Germany,Europe,Western Europe,OFF-FA-3020,Office Supplies,Fasteners,"Advantus Clamps, Assorted Sizes",75.33000000000001,5,0.1,2.4299999999999997
US-2015-AS1013582-42134,2015-05-10 00:00:00,AS-1013582,Adrian Shami,Home Office,Mexico,LATAM,Central America,FUR-FU-5730,Furniture,Furnishings,"Rubbermaid Frame, Erganomic",130.21200000000002,3,0.4,-67.30800000000002
IN-2015-AC1042027-42150,2015-05-26 00:00:00,AC-1042027,Alyssa Crouse,Corporate,China,Asia Pacific,Eastern Asia,OFF-ST-5696,Office Supplies,Storage,"Rogers Folders, Single Width",122.87999999999998,4,0,36.839999999999996
US-2015-JF15490140-42131,2015-05-07 00:00:00,JF-154901402,Jeremy Farry,Consumer,United States,USCA,Central US,TEC-AC-4937,Technology,Accessories,Kensington Orbit Wireless Mobile Trackball for PC and Mac,191.96800000000002,4,0.2,28.79519999999998
US-2015-JF15490140-42125,2015-05-01 00:00:00,JF-154901406,Jeremy Farry,Consumer,United States,USCA,Eastern US,OFF-PA-6586,Office Supplies,Paper,Xerox 222,10.368000000000002,2,0.2,3.6288
ID-2015-TB2152059-42130,2015-05-06 00:00:00,TB-2152059,Tracy Blumstein,Consumer,Indonesia,Asia Pacific,Southeastern Asia,OFF-PA-6623,Office Supplies,Paper,"Xerox Parchment Paper, Premium",28.1112,4,0.47000000000000003,-13.888800000000002
IR-2015-BD132060-42133,2015-05-09 00:00:00,BD-132060,Bill Donatelli,Consumer,Iran,Asia Pacific,Southern Asia,TEC-PH-5265,Technology,Phones,"Motorola Signal Booster, VoIP",143.22,1,0,7.14
MD-2015-BS136583-42136,2015-05-12 00:00:00,BS-136583,Bill Shonely,Corporate,Moldova,Europe,Eastern Europe,OFF-EN-4442,Office Supplies,Envelopes,"GlobeWeis Interoffice Envelope, with clear poly window",51.36,1,0,14.370000000000001
IN-2015-BT1148558-42129,2015-05-05 00:00:00,BT-1148558,Brad Thomas,Home Office,India,Asia Pacific,Southern Asia,OFF-EN-5037,Office Supplies,Envelopes,"Kraft Manila Envelope, Recycled",50.58,2,0,15.66
MX-2015-EH1412539-42140,2015-05-16 00:00:00,EH-1412539,Eugene Hildebrand,Home Office,El Salvador,LATAM,Central America,OFF-EN-4448,Office Supplies,Envelopes,"GlobeWeis Manila Envelope, Security-Tint",59.58,3,0,19.62
ES-2015-FP1432091-42153,2015-05-29 00:00:00,FP-1432091,Frank Preis,Consumer,Netherlands,Europe,Western Europe,OFF-ST-6283,Office Supplies,Storage,"Tenex Trays, Single Width",135.6,5,0.5,-32.55
CA-2015-JL15505140-42150,2015-05-26 00:00:00,JL-155051402,Jeremy Lonsdale,Consumer,United States,USCA,Central US,OFF-ST-4890,Office Supplies,Storage,"Iris 3-Drawer Stacking Bin, Black",50.135999999999996,3,0.2,-11.2806
MX-2015-AZ1075018-42132,2015-05-08 00:00:00,AZ-1075018,Annie Zypern,Consumer,Brazil,LATAM,South America,FUR-BO-3896,Furniture,Bookcases,"Dania Corner Shelving, Traditional",162.75999999999996,2,0,27.639999999999997
MX-2015-JE1616528-42144,2015-05-20 00:00:00,JE-1616528,Justin Ellison,Corporate,Colombia,LATAM,South America,OFF-ST-5696,Office Supplies,Storage,"Rogers Folders, Single Width",40.95999999999999,2,0,4.4799999999999995
ES-2015-LO1717045-42141,2015-05-17 00:00:00,LO-1717045,Lori Olson,Corporate,France,Europe,Western Europe,OFF-PA-4480,Office Supplies,Paper,"Green Bar Note Cards, Premium",89.37,3,0,32.129999999999995
CA-2015-JO15550140-42154,2015-05-30 00:00:00,JO-155501402,Jesus Ocampo,Home Office,United States,USCA,Central US,OFF-FA-5616,Office Supplies,Fasteners,Plymouth Boxed Rubber Bands by Plymouth,23.55,5,0,1.1775000000000002
IN-2015-HG1496566-42155,2015-05-31 00:00:00,HG-1496566,Henry Goldwyn,Corporate,Japan,Asia Pacific,Eastern Asia,OFF-FA-5465,Office Supplies,Fasteners,"OIC Clamps, Metal",39.78,2,0,3.18
US-2015-JE1547555-42150,2015-05-26 00:00:00,JE-1547555,Jeremy Ellison,Consumer,Honduras,LATAM,Central America,TEC-MA-5567,Technology,Machines,"Panasonic Phone, Durable",67.968,4,0.7,-65.712
IN-2015-SR2074027-42138,2015-05-14 00:00:00,SR-2074027,Steven Roelle,Home Office,China,Asia Pacific,Eastern Asia,OFF-AR-5911,Office Supplies,Art,"Sanford Highlighters, Easy-Erase",32.04,2,0,1.26
ES-2015-TZ21445139-42148,2015-05-24 00:00:00,TZ-21445139,Tom Zandusky,Corporate,United Kingdom,Europe,Northern Europe,OFF-ST-6229,Office Supplies,Storage,"Tenex Box, Industrial",67.92,4,0,31.92
TU-2015-RB9645134-42130,2015-05-06 00:00:00,RB-9645134,Robert Barroso,Corporate,Turkey,Asia Pacific,Western Asia,OFF-ST-6033,Office Supplies,Storage,"Smead File Cart, Single Width",103.104,2,0.6,-136.65599999999998
ID-2015-CP1234097-42134,2015-05-10 00:00:00,CP-1234097,Christine Phan,Corporate,Pakistan,Asia Pacific,Southern Asia,FUR-FU-3935,Furniture,Furnishings,"Deflect-O Door Stop, Erganomic",102.168,3,0.2,34.397999999999996
IT-2015-DM1352562-42137,2015-05-13 00:00:00,DM-1352562,Don Miller,Corporate,Ireland,Europe,Northern Europe,OFF-PA-4473,Office Supplies,Paper,"Green Bar Memo Slips, Recycled",33.72,4,0.5,-21.599999999999998
MD-2015-BS136583-42136,2015-05-12 00:00:00,BS-136583,Bill Shonely,Corporate,Moldova,Europe,Eastern Europe,OFF-BI-2900,Office Supplies,Binders,"Acco Binding Machine, Durable",52.59,1,0,12.600000000000001
CM-2015-DB297022-42151,2015-05-27 00:00:00,DB-297022,Darren Budd,Corporate,Cameroon,Africa,Central Africa,OFF-EN-4450,Office Supplies,Envelopes,"GlobeWeis Manila Envelope, with clear poly window",30.93,1,0,9.57
ID-2015-GD1459092-42144,2015-05-20 00:00:00,GD-1459092,Giulietta Dortch,Corporate,New Zealand,Asia Pacific,Oceania,OFF-EN-3097,Office Supplies,Envelopes,"Ames Interoffice Envelope, Security-Tint",57.023999999999994,2,0.4,-24.756
IN-2015-LM1706527-42130,2015-05-06 00:00:00,LM-1706527,Liz MacKendrick,Consumer,China,Asia Pacific,Eastern Asia,OFF-AR-5932,Office Supplies,Art,"Sanford Sketch Pad, Fluorescent",93.48,2,0,28.02
ID-2015-CP1234097-42134,2015-05-10 00:00:00,CP-1234097,Christine Phan,Corporate,Pakistan,Asia Pacific,Southern Asia,FUR-TA-4708,Furniture,Tables,"Hon Training Table, with Bottom Storage",66.53999999999999,1,0.8,-126.45000000000002
MX-2015-DB1336018-42137,2015-05-13 00:00:00,DB-1336018,Dennis Bolton,Home Office,Brazil,LATAM,South America,OFF-BI-6370,Office Supplies,Binders,"Wilson Jones 3-Hole Punch, Durable",39.32,2,0,16.880000000000003
IN-2015-EM1396059-42148,2015-05-24 00:00:00,EM-1396059,Eric Murdock,Consumer,Indonesia,Asia Pacific,Southeastern Asia,OFF-BI-3289,Office Supplies,Binders,"Avery Hole Reinforcements, Clear",16.0605,5,0.17,5.8605
IN-2015-LB1679592-42146,2015-05-22 00:00:00,LB-1679592,Laurel Beltran,Home Office,New Zealand,Asia Pacific,Oceania,FUR-CH-5759,Furniture,Chairs,"SAFCO Chairmat, Set of Two",124.14000000000001,2,0,43.44
ES-2015-SM20005139-42138,2015-05-14 00:00:00,SM-20005139,Sally Matthias,Consumer,United Kingdom,Europe,Northern Europe,OFF-PA-4484,Office Supplies,Paper,"Green Bar Parchment Paper, Recycled",59.72399999999999,4,0.1,23.844
MX-2015-GM1469539-42131,2015-05-07 00:00:00,GM-1469539,Greg Maxwell,Corporate,El Salvador,LATAM,Central America,OFF-SU-4992,Office Supplies,Supplies,"Kleencut Shears, Steel",92.34,3,0,40.620000000000005
IN-2015-NZ1856558-42137,2015-05-13 00:00:00,NZ-1856558,Nick Zandusky,Home Office,India,Asia Pacific,Southern Asia,TEC-MA-5539,Technology,Machines,"Panasonic Calculator, Red",94.86,2,0,33.18
CG-2015-PH879033-42132,2015-05-08 00:00:00,PH-879033,Patricia Hirasaki,Home Office,Democratic Republic of the Congo,Africa,Central Africa,FUR-FU-3048,Furniture,Furnishings,"Advantus Photo Frame, Duo Pack",106.08,2,0,40.26
IR-2015-SG1060560-42136,2015-05-12 00:00:00,SG-1060560,Speros Goranitis,Consumer,Iran,Asia Pacific,Southern Asia,FUR-FU-5728,Furniture,Furnishings,"Rubbermaid Frame, Duo Pack",109.95000000000002,1,0,12.09
MX-2015-CL1270031-42130,2015-05-06 00:00:00,CL-1270031,Craig Leslie,Home Office,Cuba,LATAM,Caribbean,FUR-FU-3028,Furniture,Furnishings,"Advantus Door Stop, Duo Pack",60.120000000000005,2,0,13.2
MX-2015-JR1567082-42136,2015-05-12 00:00:00,JR-1567082,Jim Radford,Consumer,Mexico,LATAM,Central America,OFF-PA-4168,Office Supplies,Paper,"Enermax Message Books, Multicolor",95.64000000000001,6,0,23.88
US-2015-JC15775140-42144,2015-05-20 00:00:00,JC-157751408,John Castell,Consumer,United States,USCA,Southern US,OFF-PA-6311,Office Supplies,Paper,Tops White Computer Printout Paper,195.64,4,0,91.95079999999999
MX-2015-TS2165516-42146,2015-05-22 00:00:00,TS-2165516,Trudy Schmidt,Consumer,Bolivia,LATAM,South America,OFF-EN-4449,Office Supplies,Envelopes,"GlobeWeis Manila Envelope, Set of 50",73.04,4,0,11.68
MX-2015-EH1412539-42140,2015-05-16 00:00:00,EH-1412539,Eugene Hildebrand,Home Office,El Salvador,LATAM,Central America,FUR-FU-6260,Furniture,Furnishings,"Tenex Light Bulb, Erganomic",58.5,5,0,5.2
US-2015-AR10825143-42151,2015-05-27 00:00:00,AR-10825143,Anthony Rawles,Corporate,Venezuela,LATAM,South America,FUR-CH-4630,Furniture,Chairs,"Hon Chairmat, Adjustable",69.624,3,0.4,-19.776000000000003
CA-2015-JG15805140-42146,2015-05-22 00:00:00,JG-158051406,John Grady,Corporate,United States,USCA,Eastern US,FUR-FU-5162,Furniture,Furnishings,Luxo Professional Magnifying Clamp-On Fluorescent Lamps,520.0500000000001,5,0,72.80700000000003
CA-2015-JG15805140-42146,2015-05-22 00:00:00,JG-158051406,John Grady,Corporate,United States,USCA,Eastern US,OFF-AR-3613,Office Supplies,Art,Bulldog Table or Wall-Mount Pencil Sharpener,17.97,3,0,5.2113
ID-2015-JH158207-42150,2015-05-26 00:00:00,JH-158207,John Huston,Consumer,Australia,Asia Pacific,Oceania,OFF-FA-6200,Office Supplies,Fasteners,"Stockwell Rubber Bands, Metal",29.97,2,0.1,5.970000000000001
IN-2015-VM2168527-42138,2015-05-14 00:00:00,VM-2168527,Valerie Mitchum,Home Office,China,Asia Pacific,Eastern Asia,OFF-FA-6185,Office Supplies,Fasteners,"Stockwell Clamps, Assorted Sizes",50.04,3,0,22.5
ES-2015-RD1966048-42131,2015-05-07 00:00:00,RD-1966048,Robert Dilbeck,Home Office,Germany,Europe,Western Europe,OFF-FA-5465,Office Supplies,Fasteners,"OIC Clamps, Metal",39.78,2,0,17.88
TU-2015-AZ750134-42132,2015-05-08 00:00:00,AZ-750134,Annie Zypern,Consumer,Turkey,Asia Pacific,Western Asia,OFF-ST-6068,Office Supplies,Storage,"Smead Trays, Wire Frame",114.12,6,0.6,-134.09999999999997
ES-2015-KA1652545-42153,2015-05-29 00:00:00,KA-1652545,Kelly Andreada,Consumer,France,Europe,Western Europe,OFF-AR-6107,Office Supplies,Art,"Stanley Canvas, Fluorescent",101.46000000000001,2,0,32.46
IN-2015-JP1546027-42147,2015-05-23 00:00:00,JP-1546027,Jennifer Patt,Corporate,China,Asia Pacific,Eastern Asia,OFF-BI-2893,Office Supplies,Binders,"Acco Binder Covers, Economy",119.87999999999998,9,0,17.82
CA-2015-JM15865140-42141,2015-05-17 00:00:00,JM-158651406,John Murray,Consumer,United States,USCA,Eastern US,OFF-ST-5766,Office Supplies,Storage,"SAFCO Commercial Wire Shelving, Black",221.024,2,0.2,-55.256
MX-2015-DK1322582-42150,2015-05-26 00:00:00,DK-1322582,Dean Katz,Corporate,Mexico,LATAM,Central America,OFF-AP-3564,Office Supplies,Appliances,"Breville Blender, Silver",60.160000000000004,1,0,21.64
IN-2015-HG15025130-42126,2015-05-02 00:00:00,HG-15025130,Hunter Glantz,Consumer,Thailand,Asia Pacific,Southeastern Asia,TEC-PH-3793,Technology,Phones,"Cisco Headset, with Caller ID",73.4052,1,0.17,22.1052
ES-2015-MT17815139-42133,2015-05-09 00:00:00,MT-17815139,Meg Tillman,Consumer,United Kingdom,Europe,Northern Europe,TEC-AC-5860,Technology,Accessories,"SanDisk Flash Drive, Bluetooth",71.172,2,0.1,28.451999999999998
ID-2015-MG1789099-42151,2015-05-27 00:00:00,MG-1789099,Michael Granlund,Home Office,Papua New Guinea,Asia Pacific,Oceania,OFF-ST-4096,Office Supplies,Storage,"Eldon Shelving, Single Width",72.675,3,0.5,-65.475
ID-2015-VT21700118-42148,2015-05-24 00:00:00,VT-21700118,Valerie Takahito,Home Office,South Korea,Asia Pacific,Eastern Asia,TEC-PH-3139,Technology,Phones,"Apple Office Telephone, Cordless",136.26,4,0.5,-8.219999999999999
ES-2015-DK1298548-42125,2015-05-01 00:00:00,DK-1298548,Darren Koutras,Consumer,Germany,Europe,Western Europe,OFF-FA-6201,Office Supplies,Fasteners,"Stockwell Staples, 12 Pack",30.69,3,0,9.18
TU-2015-RD9810134-42132,2015-05-08 00:00:00,RD-9810134,Ross DeVincentis,Home Office,Turkey,Asia Pacific,Western Asia,FUR-CH-5449,Furniture,Chairs,"Office Star Rocking Chair, Set of Two",57.264,1,0.6,-80.196
IN-2015-PC190007-42137,2015-05-13 00:00:00,PC-190007,Pauline Chand,Home Office,Australia,Asia Pacific,Oceania,OFF-EN-4903,Office Supplies,Envelopes,"Jiffy Business Envelopes, Recycled",33.048,2,0.1,8.027999999999999
US-2015-JH15910140-42153,2015-05-29 00:00:00,JH-159101402,Jonathan Howell,Consumer,United States,USCA,Central US,TEC-PH-6093,Technology,Phones,Spigen Samsung Galaxy S5 Case Wallet,54.367999999999995,4,0.2,4.077599999999997
CA-2015-JH15910140-42137,2015-05-13 00:00:00,JH-159101406,Jonathan Howell,Consumer,United States,USCA,Eastern US,OFF-LA-3223,Office Supplies,Labels,Avery 501,5.904,2,0.2,1.9926
US-2015-SC2084582-42125,2015-05-01 00:00:00,SC-2084582,Sung Chung,Consumer,Mexico,LATAM,Central America,FUR-CH-5452,Furniture,Chairs,"Office Star Steel Folding Chair, Red",97.824,2,0.2,-11.016
EG-2015-DB366038-42132,2015-05-08 00:00:00,DB-366038,Duane Benoit,Consumer,Egypt,Africa,North Africa,OFF-SU-4328,Office Supplies,Supplies,"Fiskars Trimmer, Steel",166.8,4,0,19.919999999999998
ES-2015-MH1745545-42144,2015-05-20 00:00:00,MH-1745545,Mark Hamilton,Consumer,France,Europe,Western Europe,OFF-PA-4182,Office Supplies,Paper,"Enermax Parchment Paper, Multicolor",33.599999999999994,2,0,10.08
IV-2015-BP105029-42140,2015-05-16 00:00:00,BP-105029,Barry Pond,Corporate,Cote d'Ivoire,Africa,Western Africa,OFF-PA-6608,Office Supplies,Paper,"Xerox Computer Printout Paper, Recycled",52.5,2,0,17.28
IN-2015-MH1778527-42138,2015-05-14 00:00:00,MH-1778527,Maya Herman,Corporate,China,Asia Pacific,Eastern Asia,OFF-EN-3665,Office Supplies,Envelopes,"Cameo Mailers, Recycled",36.96,1,0,14.76
ID-2015-MC176357-42132,2015-05-08 00:00:00,MC-176357,Matthew Clasen,Corporate,Australia,Asia Pacific,Oceania,OFF-SU-4987,Office Supplies,Supplies,"Kleencut Scissors, Serrated",51.273,3,0.1,5.642999999999999
CA-2015-JA15970140-42140,2015-05-16 00:00:00,JA-159701404,Joseph Airdo,Consumer,United States,USCA,Western US,TEC-PH-5095,Technology,Phones,"Logitech B530 USB Headset - headset - Full size, Binaural",29.592000000000002,1,0.2,2.5893000000000006
CA-2015-JA15970140-42140,2015-05-16 00:00:00,JA-159701404,Joseph Airdo,Consumer,United States,USCA,Western US,OFF-BI-3267,Office Supplies,Binders,Avery Durable Slant Ring Binders,4.752000000000001,2,0.7,-3.1679999999999993
MX-2015-Dp1324028-42153,2015-05-29 00:00:00,Dp-1324028,Dean percer,Home Office,Colombia,LATAM,South America,OFF-EN-4921,Office Supplies,Envelopes,"Jiffy Manila Envelope, with clear poly window",39.4,2,0,19.68
CA-2015-JA15970140-42140,2015-05-16 00:00:00,JA-159701404,Joseph Airdo,Consumer,United States,USCA,Western US,OFF-PA-6335,Office Supplies,Paper,"Universal Ultra Bright White Copier/Laser Paper, 8 1/2"" x 11"", Ream",15.552000000000003,3,0.2,5.6376
MX-2015-NK1849018-42132,2015-05-08 00:00:00,NK-1849018,Neil Knudson,Home Office,Brazil,LATAM,South America,FUR-FU-4103,Furniture,Furnishings,"Eldon Stacking Tray, Durable",38.04,2,0,4.56
MX-2015-AZ1075028-42143,2015-05-19 00:00:00,AZ-1075028,Annie Zypern,Consumer,Colombia,LATAM,South America,OFF-AR-3495,Office Supplies,Art,"Binney & Smith Pens, Blue",31.839999999999996,4,0,1.8399999999999999
ES-2015-SM20005139-42138,2015-05-14 00:00:00,SM-20005139,Sally Matthias,Consumer,United Kingdom,Europe,Northern Europe,OFF-BI-3247,Office Supplies,Binders,"Avery Binder Covers, Durable",45.251999999999995,4,0.1,1.4520000000000008
MX-2015-FC1433531-42143,2015-05-19 00:00:00,FC-1433531,Fred Chung,Corporate,Cuba,LATAM,Caribbean,OFF-SU-4321,Office Supplies,Supplies,"Fiskars Shears, Serrated",88.68,3,0,32.760000000000005
MX-2015-KH1651082-42144,2015-05-20 00:00:00,KH-1651082,Keith Herrera,Consumer,Mexico,LATAM,Central America,OFF-LA-6030,Office Supplies,Labels,"Smead Color Coded Labels, Laser Printer Compatible",60.9,7,0,14.559999999999999
IS-2015-CG252063-42154,2015-05-30 00:00:00,CG-252063,Claire Gute,Consumer,Israel,Asia Pacific,Western Asia,OFF-LA-6062,Office Supplies,Labels,"Smead Shipping Labels, Adjustable",38.04,4,0,2.64
ID-2015-TH2123597-42143,2015-05-19 00:00:00,TH-2123597,Tiffany House,Corporate,Pakistan,Asia Pacific,Southern Asia,OFF-AR-5904,Office Supplies,Art,"Sanford Canvas, Fluorescent",103.56,4,0.5,-39.360000000000014
US-2015-JD16015140-42140,2015-05-16 00:00:00,JD-160151402,Joy Daniels,Consumer,United States,USCA,Central US,OFF-PA-6429,Office Supplies,Paper,Xerox 1880,56.704,2,0.2,19.137599999999992
US-2015-JD16015140-42140,2015-05-16 00:00:00,JD-160151402,Joy Daniels,Consumer,United States,USCA,Central US,TEC-PH-5654,Technology,Phones,QVS USB Car Charger 2-Port 2.1Amp for iPod/iPhone/iPad/iPad 2/iPad 3,11.120000000000001,2,0.2,3.4749999999999996
IS-2015-CG252063-42154,2015-05-30 00:00:00,CG-252063,Claire Gute,Consumer,Israel,Asia Pacific,Western Asia,OFF-FA-2940,Office Supplies,Fasteners,"Accos Clamps, 12 Pack",37.620000000000005,2,0,6
ID-2015-DK1337597-42145,2015-05-21 00:00:00,DK-1337597,Dennis Kane,Consumer,Pakistan,Asia Pacific,Southern Asia,OFF-PA-4476,Office Supplies,Paper,"Green Bar Message Books, Premium",71.37,6,0.5,-25.830000000000005
ID-2015-AB1006059-42155,2015-05-31 00:00:00,AB-1006059,Adam Bellavance,Home Office,Indonesia,Asia Pacific,Southeastern Asia,OFF-FA-6205,Office Supplies,Fasteners,"Stockwell Thumb Tacks, 12 Pack",27.475200000000005,4,0.47000000000000003,-7.804800000000004
MX-2015-AS1004528-42150,2015-05-26 00:00:00,AS-1004528,Aaron Smayling,Corporate,Colombia,LATAM,South America,OFF-SU-2965,Office Supplies,Supplies,"Acme Box Cutter, Easy Grip",78.84,3,0,18.119999999999997
IN-2015-GH1442558-42150,2015-05-26 00:00:00,GH-1442558,Gary Hwang,Consumer,India,Asia Pacific,Southern Asia,OFF-FA-2954,Office Supplies,Fasteners,"Accos Rubber Bands, Metal",16.8,1,0,5.37
IN-2015-NK1849058-42154,2015-05-30 00:00:00,NK-1849058,Neil Knudson,Home Office,India,Asia Pacific,Southern Asia,OFF-SU-2979,Office Supplies,Supplies,"Acme Letter Opener, Serrated",80.73000000000002,3,0,30.599999999999998
IN-2015-AR1051027-42132,2015-05-08 00:00:00,AR-1051027,Andrew Roberts,Consumer,China,Asia Pacific,Eastern Asia,OFF-FA-6198,Office Supplies,Fasteners,"Stockwell Rubber Bands, Assorted Sizes",67.94999999999999,5,0,12.15
MX-2015-AZ1075018-42132,2015-05-08 00:00:00,AZ-1075018,Annie Zypern,Consumer,Brazil,LATAM,South America,OFF-FA-6207,Office Supplies,Fasteners,"Stockwell Thumb Tacks, Bulk Pack",61.31999999999999,7,0,13.440000000000001
UG-2015-CD2280136-42150,2015-05-26 00:00:00,CD-2280136,Christina DeMoss,Consumer,Uganda,Africa,Eastern Africa,OFF-EN-4925,Office Supplies,Envelopes,"Jiffy Peel and Seal, Set of 50",36.018,6,0.7,-54.16199999999999
ID-2015-MC176357-42132,2015-05-08 00:00:00,MC-176357,Matthew Clasen,Corporate,Australia,Asia Pacific,Oceania,OFF-EN-3654,Office Supplies,Envelopes,"Cameo Business Envelopes, Recycled",52.245000000000005,3,0.1,-5.265000000000001
CA-2015-JK16120140-42136,2015-05-12 00:00:00,JK-161201402,Julie Kriz,Home Office,United States,USCA,Central US,OFF-ST-5764,Office Supplies,Storage,Safco Commercial Shelving,74.416,2,0.2,-14.883200000000002
MO-2015-LC693086-42126,2015-05-02 00:00:00,LC-693086,Linda Cazamias,Corporate,Morocco,Africa,North Africa,OFF-AR-3462,Office Supplies,Art,"BIC Pencil Sharpener, Fluorescent",30.27,1,0,10.290000000000001
CA-2015-JK16120140-42136,2015-05-12 00:00:00,JK-161201402,Julie Kriz,Home Office,United States,USCA,Central US,FUR-FU-6223,Furniture,Furnishings,Telescoping Adjustable Floor Lamp,7.9959999999999996,1,0.6,-6.996499999999999
CA-2015-JK16120140-42136,2015-05-12 00:00:00,JK-161201402,Julie Kriz,Home Office,United States,USCA,Central US,OFF-AR-5328,Office Supplies,Art,Newell 348,5.248,2,0.2,0.5903999999999991
CA-2015-JK16120140-42136,2015-05-12 00:00:00,JK-161201402,Julie Kriz,Home Office,United States,USCA,Central US,OFF-PA-6480,Office Supplies,Paper,Xerox 1927,6.848000000000001,2,0.2,2.1399999999999992
IN-2015-HM1498027-42153,2015-05-29 00:00:00,HM-1498027,Henry MacAllister,Consumer,China,Asia Pacific,Eastern Asia,OFF-EN-3668,Office Supplies,Envelopes,"Cameo Mailers, with clear poly window",208.5,5,0,68.7
US-2015-JP16135140-42137,2015-05-13 00:00:00,JP-161351406,Julie Prescott,Home Office,United States,USCA,Eastern US,OFF-AR-5327,Office Supplies,Art,Newell 347,10.272000000000002,3,0.2,1.1555999999999984
UP-2015-JD6150137-42138,2015-05-14 00:00:00,JD-6150137,Justin Deggeller,Corporate,Ukraine,Europe,Eastern Europe,OFF-FA-6185,Office Supplies,Fasteners,"Stockwell Clamps, Assorted Sizes",65.16,4,0,22.799999999999997
IN-2015-SM200057-42148,2015-05-24 00:00:00,SM-200057,Sally Matthias,Consumer,Australia,Asia Pacific,Oceania,OFF-LA-3263,Office Supplies,Labels,"Avery Color Coded Labels, Laser Printer Compatible",35.883,3,0.1,4.743
IN-2015-VT2170088-42145,2015-05-21 00:00:00,VT-2170088,Valerie Takahito,Home Office,Myanmar (Burma),Asia Pacific,Southeastern Asia,FUR-CH-4633,Furniture,Chairs,"Hon Chairmat, Set of Two",126.5382,3,0.27,29.42820000000001
MX-2015-AZ1075028-42143,2015-05-19 00:00:00,AZ-1075028,Annie Zypern,Consumer,Colombia,LATAM,South America,OFF-EN-4435,Office Supplies,Envelopes,"GlobeWeis Clasp Envelope, Recycled",28.999999999999993,5,0,10.7
IN-2015-CC124757-42132,2015-05-08 00:00:00,CC-124757,Cindy Chapman,Consumer,Australia,Asia Pacific,Oceania,OFF-SU-4308,Office Supplies,Supplies,"Fiskars Letter Opener, Easy Grip",50.274,2,0.1,13.374
ML-2015-AR54079-42148,2015-05-24 00:00:00,AR-54079,Andy Reiter,Consumer,Mali,Africa,Western Africa,OFF-PA-3989,Office Supplies,Paper,"Eaton Cards & Envelopes, Recycled",90.18,2,0,45.06
NI-2015-VG1180595-42131,2015-05-07 00:00:00,VG-1180595,Vivek Grady,Corporate,Nigeria,Africa,Western Africa,OFF-AR-5930,Office Supplies,Art,"Sanford Sketch Pad, Blue",54.576000000000015,4,0.7,-121.944
NI-2015-BO135095-42125,2015-05-01 00:00:00,BO-135095,Bill Overfelt,Corporate,Nigeria,Africa,Western Africa,OFF-ST-6032,Office Supplies,Storage,"Smead File Cart, Industrial",38.519999999999996,1,0.7,-53.93999999999998
ES-2015-TG2131048-42132,2015-05-08 00:00:00,TG-2131048,Toby Gnade,Consumer,Germany,Europe,Western Europe,OFF-FA-5469,Office Supplies,Fasteners,"OIC Paper Clips, Bulk Pack",38.961,3,0.1,16.821
MX-2015-AS1004528-42150,2015-05-26 00:00:00,AS-1004528,Aaron Smayling,Corporate,Colombia,LATAM,South America,FUR-FU-5724,Furniture,Furnishings,"Rubbermaid Door Stop, Duo Pack",58.48,2,0,27.48
MX-2015-AM1070531-42133,2015-05-09 00:00:00,AM-1070531,Anne McFarland,Consumer,Cuba,LATAM,Caribbean,OFF-BI-6371,Office Supplies,Binders,"Wilson Jones 3-Hole Punch, Economy",74.64,4,0,0
MX-2015-DS1303051-42137,2015-05-13 00:00:00,DS-1303051,Darrin Sayre,Home Office,Guatemala,LATAM,Central America,FUR-FU-6276,Furniture,Furnishings,"Tenex Stacking Tray, Black",84.3,5,0,18.5
ID-2015-JB1600059-42126,2015-05-02 00:00:00,JB-1600059,Joy Bell-,Consumer,Indonesia,Asia Pacific,Southeastern Asia,TEC-AC-5873,Technology,Accessories,"SanDisk Memory Card, Erganomic",58.416599999999995,1,0.47000000000000003,-41.9034
CM-2015-LP708022-42126,2015-05-02 00:00:00,LP-708022,Liz Pelletier,Consumer,Cameroon,Africa,Central Africa,OFF-PA-5850,Office Supplies,Paper,"SanDisk Cards & Envelopes, Recycled",48.33,1,0,1.92
IN-2015-JP1546027-42147,2015-05-23 00:00:00,JP-1546027,Jennifer Patt,Corporate,China,Asia Pacific,Eastern Asia,OFF-EN-3673,Office Supplies,Envelopes,"Cameo Peel and Seal, Recycled",79.19999999999999,4,0,9.48
ID-2015-VM218357-42131,2015-05-07 00:00:00,VM-218357,Vivian Mathis,Consumer,Australia,Asia Pacific,Oceania,OFF-PA-6609,Office Supplies,Paper,"Xerox Memo Slips, 8.5 x 11",42.408,4,0.4,-26.232000000000006
SA-2015-AR345110-42146,2015-05-22 00:00:00,AR-345110,Alex Russell,Corporate,Saudi Arabia,Asia Pacific,Western Asia,OFF-AR-5931,Office Supplies,Art,"Sanford Sketch Pad, Easy-Erase",45.75,1,0,21.03
MX-2015-SM2000536-42130,2015-05-06 00:00:00,SM-2000536,Sally Matthias,Consumer,Dominican Republic,LATAM,Caribbean,OFF-AP-4495,Office Supplies,Appliances,"Hamilton Beach Coffee Grinder, Silver",69.45599999999999,3,0.2,19.956000000000007
IN-2015-AD1018066-42136,2015-05-12 00:00:00,AD-1018066,Alan Dominguez,Home Office,Japan,Asia Pacific,Eastern Asia,OFF-ST-4030,Office Supplies,Storage,"Eldon Box, Single Width",51.449999999999996,5,0,20.55
ES-2015-MM17920139-42147,2015-05-23 00:00:00,MM-17920139,Michael Moore,Consumer,United Kingdom,Europe,Northern Europe,OFF-BI-4814,Office Supplies,Binders,"Ibico Binder, Recycled",31.679999999999996,2,0,2.52
IN-2015-AJ1079558-42132,2015-05-08 00:00:00,AJ-1079558,Anthony Johnson,Corporate,India,Asia Pacific,Southern Asia,OFF-LA-4696,Office Supplies,Labels,"Hon Shipping Labels, Laser Printer Compatible",34.11,3,0,17.009999999999998
ID-2015-BP11095102-42150,2015-05-26 00:00:00,BP-11095102,Bart Pistole,Corporate,Philippines,Asia Pacific,Southeastern Asia,OFF-BI-2881,Office Supplies,Binders,"Acco 3-Hole Punch, Clear",50.28600000000001,2,0.15000000000000002,-8.334000000000003
MX-2015-BT1130554-42132,2015-05-08 00:00:00,BT-1130554,Beth Thompson,Home Office,Haiti,LATAM,Caribbean,FUR-CH-4626,Furniture,Chairs,"Hon Bag Chairs, Adjustable",133.392,7,0.4,-37.82800000000002
TU-2015-BN1470134-42146,2015-05-22 00:00:00,BN-1470134,Brad Norvell,Corporate,Turkey,Asia Pacific,Western Asia,OFF-AR-3448,Office Supplies,Art,"BIC Canvas, Easy-Erase",21.588,1,0.6,-14.051999999999996
IN-2015-IM1507027-42134,2015-05-10 00:00:00,IM-1507027,Irene Maddox,Consumer,China,Asia Pacific,Eastern Asia,OFF-LA-4664,Office Supplies,Labels,"Hon Legal Exhibit Labels, Alphabetical",21.36,2,0,7.02
ES-2015-HH1501045-42145,2015-05-21 00:00:00,HH-1501045,Hilary Holden,Corporate,France,Europe,Western Europe,OFF-BI-6371,Office Supplies,Binders,"Wilson Jones 3-Hole Punch, Economy",139.95000000000002,5,0,46.05
TX-2015-KT6480135-42153,2015-05-29 00:00:00,KT-6480135,Kean Thornton,Consumer,Turkmenistan,Asia Pacific,Central Asia,TEC-MA-5516,Technology,Machines,"Okidata Receipt Printer, White",36.396000000000015,1,0.7,-77.664
ES-2015-MT17815139-42133,2015-05-09 00:00:00,MT-17815139,Meg Tillman,Consumer,United Kingdom,Europe,Northern Europe,OFF-AR-3451,Office Supplies,Art,"BIC Highlighters, Blue",51.111,3,0.1,17.000999999999998
IN-2015-SM2095059-42138,2015-05-14 00:00:00,SM-2095059,Suzanne McNair,Corporate,Indonesia,Asia Pacific,Southeastern Asia,OFF-ST-6067,Office Supplies,Storage,"Smead Trays, Single Width",120.78989999999999,3,0.17,1.449900000000003
MX-2015-EM1420031-42139,2015-05-15 00:00:00,EM-1420031,Evan Minnotte,Home Office,Cuba,LATAM,Caribbean,OFF-SU-4978,Office Supplies,Supplies,"Kleencut Letter Opener, Easy Grip",57.35999999999999,3,0,14.88
TU-2015-PF9120134-42137,2015-05-13 00:00:00,PF-9120134,Peter Fuller,Consumer,Turkey,Asia Pacific,Western Asia,FUR-FU-5730,Furniture,Furnishings,"Rubbermaid Frame, Erganomic",43.404,1,0.6,-24.965999999999994
IT-2015-JA1597091-42126,2015-05-02 00:00:00,JA-1597091,Joseph Airdo,Consumer,Netherlands,Europe,Western Europe,OFF-PA-4147,Office Supplies,Paper,"Enermax Computer Printout Paper, 8.5 x 11",81.525,5,0.5,-39.22500000000001
MX-2015-PM1894036-42147,2015-05-23 00:00:00,PM-1894036,Paul MacIntyre,Consumer,Dominican Republic,LATAM,Caribbean,OFF-LA-4640,Office Supplies,Labels,"Hon Color Coded Labels, Laser Printer Compatible",20.496000000000002,3,0.2,7.656000000000001
ID-2015-BP11095102-42150,2015-05-26 00:00:00,BP-11095102,Bart Pistole,Corporate,Philippines,Asia Pacific,Southeastern Asia,OFF-PA-3992,Office Supplies,Paper,"Eaton Computer Printout Paper, Premium",58.41,4,0.45,2.010000000000005
ID-2015-KH1669059-42134,2015-05-10 00:00:00,KH-1669059,Kristen Hastings,Corporate,Indonesia,Asia Pacific,Southeastern Asia,OFF-SU-2996,Office Supplies,Supplies,"Acme Shears, Steel",52.27920000000001,2,0.47000000000000003,-23.680800000000012
ID-2015-LS172007-42133,2015-05-09 00:00:00,LS-172007,Luke Schmidt,Corporate,Australia,Asia Pacific,Oceania,TEC-AC-3380,Technology,Accessories,"Belkin Flash Drive, Programmable",26.063999999999997,1,0.4,-9.996000000000002
RS-2015-MH7455108-42153,2015-05-29 00:00:00,MH-7455108,Mark Hamilton,Consumer,Russia,Europe,Eastern Europe,OFF-ST-6252,Office Supplies,Storage,"Tenex Folders, Wire Frame",22.29,1,0,10.68
IN-2015-VM216857-42146,2015-05-22 00:00:00,VM-216857,Valerie Mitchum,Home Office,Australia,Asia Pacific,Oceania,OFF-EN-5039,Office Supplies,Envelopes,"Kraft Manila Envelope, Set of 50",47.682,2,0.1,1.0019999999999998
MX-2015-BD1150026-42135,2015-05-11 00:00:00,BD-1150026,Bradley Drucker,Consumer,Chile,LATAM,South America,OFF-SU-4120,Office Supplies,Supplies,"Elite Letter Opener, Easy Grip",54.6,3,0,8.7
IN-2015-JL151757-42151,2015-05-27 00:00:00,JL-151757,James Lanier,Home Office,Australia,Asia Pacific,Oceania,OFF-LA-5402,Office Supplies,Labels,"Novimex Shipping Labels, 5000 Label Set",51.165000000000006,5,0.1,22.065
CA-2015-KT16480140-42155,2015-05-31 00:00:00,KT-164801402,Kean Thornton,Consumer,United States,USCA,Central US,FUR-BO-3177,Furniture,Bookcases,"Atlantic Metals Mobile 5-Shelf Bookcases, Custom Colors",204.66639999999998,1,0.32,-6.019600000000025
ES-2015-XP2186545-42125,2015-05-01 00:00:00,XP-2186545,Xylona Preis,Consumer,France,Europe,Western Europe,OFF-ST-6058,Office Supplies,Storage,"Smead Shelving, Industrial",88.938,2,0.1,13.818000000000003
ID-2015-SC2084592-42136,2015-05-12 00:00:00,SC-2084592,Sung Chung,Consumer,New Zealand,Asia Pacific,Oceania,OFF-SU-4133,Office Supplies,Supplies,"Elite Shears, Serrated",52.452,2,0.4,-2.628000000000007
IT-2015-TN2104034-42134,2015-05-10 00:00:00,TN-2104034,Tanja Norvell,Home Office,Denmark,Europe,Northern Europe,OFF-ST-6273,Office Supplies,Storage,"Tenex Shelving, Industrial",110.28,4,0.5,-68.4
AO-2015-LC70504-42144,2015-05-20 00:00:00,LC-70504,Liz Carlisle,Consumer,Angola,Africa,Central Africa,OFF-EN-3105,Office Supplies,Envelopes,"Ames Manila Envelope, Security-Tint",54.18000000000001,2,0,21.66
MX-2015-VM2168582-42131,2015-05-07 00:00:00,VM-2168582,Valerie Mitchum,Home Office,Mexico,LATAM,Central America,OFF-LA-4695,Office Supplies,Labels,"Hon Shipping Labels, Alphabetical",44.76,6,0,4.92
IN-2015-AD1018027-42145,2015-05-21 00:00:00,AD-1018027,Alan Dominguez,Home Office,China,Asia Pacific,Eastern Asia,OFF-BI-4806,Office Supplies,Binders,"Ibico 3-Hole Punch, Recycled",92.43,3,0,43.38
ES-2015-DK1298548-42125,2015-05-01 00:00:00,DK-1298548,Darren Koutras,Consumer,Germany,Europe,Western Europe,OFF-AR-6111,Office Supplies,Art,"Stanley Highlighters, Easy-Erase",44.910000000000004,3,0,16.11
ID-2015-TM2101059-42150,2015-05-26 00:00:00,TM-2101059,Tamara Manning,Consumer,Indonesia,Asia Pacific,Southeastern Asia,OFF-FA-5473,Office Supplies,Fasteners,"OIC Push Pins, Bulk Pack",47.4138,6,0.47000000000000003,-25.126200000000008
CA-2015-KA16525140-42155,2015-05-31 00:00:00,KA-165251404,Kelly Andreada,Consumer,United States,USCA,Western US,OFF-AR-3968,Office Supplies,Art,"Dixon My First Ticonderoga Pencil, #2",35.099999999999994,6,0,10.178999999999997
US-2015-GH1466518-42146,2015-05-22 00:00:00,GH-1466518,Greg Hansen,Consumer,Brazil,LATAM,South America,OFF-BI-2899,Office Supplies,Binders,"Acco Binding Machine, Clear",40.44000000000001,3,0.6,-40.44
ID-2015-MC18130144-42129,2015-05-05 00:00:00,MC-18130144,Mike Caudle,Corporate,Vietnam,Asia Pacific,Southeastern Asia,OFF-LA-4555,Office Supplies,Labels,"Harbour Creations Shipping Labels, Laser Printer Compatible",38.0472,4,0.17,9.607199999999999
MX-2015-DB1336018-42137,2015-05-13 00:00:00,DB-1336018,Dennis Bolton,Home Office,Brazil,LATAM,South America,FUR-FU-6278,Furniture,Furnishings,"Tenex Stacking Tray, Erganomic",44.52,3,0,11.52
CG-2015-JB600033-42152,2015-05-28 00:00:00,JB-600033,Joy Bell-,Consumer,Democratic Republic of the Congo,Africa,Central Africa,OFF-SU-4983,Office Supplies,Supplies,"Kleencut Ruler, Serrated",41.04,4,0,10.2
IN-2015-DH130757-42137,2015-05-13 00:00:00,DH-130757,Dave Hallsten,Corporate,Australia,Asia Pacific,Oceania,OFF-SU-4308,Office Supplies,Supplies,"Fiskars Letter Opener, Easy Grip",50.274,2,0.1,13.374
ID-2015-SC2084592-42136,2015-05-12 00:00:00,SC-2084592,Sung Chung,Consumer,New Zealand,Asia Pacific,Oceania,TEC-MA-5507,Technology,Machines,"Okidata Phone, Red",100.8,2,0.4,15.120000000000005
IN-2015-NC183407-42155,2015-05-31 00:00:00,NC-183407,Nat Carroll,Consumer,Australia,Asia Pacific,Oceania,OFF-AR-6124,Office Supplies,Art,"Stanley Pens, Water Color",71.44200000000001,6,0.1,3.042
CA-2015-KB16585140-42139,2015-05-15 00:00:00,KB-165851404,Ken Black,Corporate,United States,USCA,Western US,OFF-PA-6469,Office Supplies,Paper,Xerox 1917,440.18999999999994,9,0,206.88929999999996
IN-2015-EB1397592-42144,2015-05-20 00:00:00,EB-1397592,Erica Bern,Corporate,New Zealand,Asia Pacific,Oceania,OFF-FA-6208,Office Supplies,Fasteners,"Stockwell Thumb Tacks, Metal",26.52,2,0,6.0600000000000005
TU-2015-AS10045134-42136,2015-05-12 00:00:00,AS-10045134,Aaron Smayling,Corporate,Turkey,Asia Pacific,Western Asia,TEC-CO-3591,Technology,Copiers,"Brother Fax and Copier, Color",154.34400000000002,2,0.6,-138.93599999999998
CA-2015-KB16585140-42139,2015-05-15 00:00:00,KB-165851404,Ken Black,Corporate,United States,USCA,Western US,OFF-SU-5169,Office Supplies,Supplies,Martin-Yale Premier Letter Opener,64.4,5,0,1.9320000000000004
ID-2015-MG1789099-42151,2015-05-27 00:00:00,MG-1789099,Michael Granlund,Home Office,Papua New Guinea,Asia Pacific,Oceania,OFF-PA-3991,Office Supplies,Paper,"Eaton Computer Printout Paper, Multicolor",41.94,3,0.5,-10.979999999999997
ES-2015-CC1255045-42127,2015-05-03 00:00:00,CC-1255045,Clay Cheatham,Consumer,France,Europe,Western Europe,OFF-SU-6165,Office Supplies,Supplies,"Stiletto Letter Opener, Easy Grip",56.760000000000005,2,0,26.64
ID-2015-MF176657-42128,2015-05-04 00:00:00,MF-176657,Maureen Fritzler,Corporate,Australia,Asia Pacific,Oceania,OFF-FA-5476,Office Supplies,Fasteners,"OIC Rubber Bands, Assorted Sizes",52.272,6,0.4,-20.988
ES-2015-MH1729064-42126,2015-05-02 00:00:00,MH-1729064,Marc Harrigan,Home Office,Italy,Europe,Southern Europe,OFF-PA-4005,Office Supplies,Paper,"Eaton Parchment Paper, 8.5 x 11",52.83,3,0,10.53
US-2015-NP1870036-42126,2015-05-02 00:00:00,NP-1870036,Nora Preis,Consumer,Dominican Republic,LATAM,Caribbean,OFF-BI-4810,Office Supplies,Binders,"Ibico Binder Covers, Recycled",44.83200000000001,6,0.2,-8.448000000000002
ES-2015-RC1982545-42129,2015-05-05 00:00:00,RC-1982545,Roy Collins,Consumer,France,Europe,Western Europe,OFF-AR-6120,Office Supplies,Art,"Stanley Pencil Sharpener, Water Color",27.96,1,0,1.1099999999999999
TU-2015-AZ750134-42132,2015-05-08 00:00:00,AZ-750134,Annie Zypern,Consumer,Turkey,Asia Pacific,Western Asia,OFF-ST-6057,Office Supplies,Storage,"Smead Shelving, Blue",78.288,4,0.6,-58.75199999999998
CA-2015-KL16645140-42148,2015-05-24 00:00:00,KL-166451402,Ken Lonsdale,Consumer,United States,USCA,Central US,OFF-ST-6288,Office Supplies,Storage,Tennsco Commercial Shelving,48.816,3,0.2,-11.593800000000005
MX-2015-AG1076539-42133,2015-05-09 00:00:00,AG-1076539,Anthony Garverick,Home Office,El Salvador,LATAM,Central America,OFF-FA-5472,Office Supplies,Fasteners,"OIC Push Pins, Assorted Sizes",74.16,9,0,3.6
ES-2015-AT10735139-42150,2015-05-26 00:00:00,AT-10735139,Annie Thurman,Consumer,United Kingdom,Europe,Northern Europe,OFF-AR-3452,Office Supplies,Art,"BIC Highlighters, Easy-Erase",38.400000000000006,2,0,8.82
TU-2015-BD1770134-42131,2015-05-07 00:00:00,BD-1770134,Bryan Davis,Consumer,Turkey,Asia Pacific,Western Asia,TEC-MA-5011,Technology,Machines,"Konica Phone, Red",66.67200000000001,2,0.6,-30.047999999999988
CA-2015-KL16645140-42148,2015-05-24 00:00:00,KL-166451402,Ken Lonsdale,Consumer,United States,USCA,Central US,OFF-FA-5488,Office Supplies,Fasteners,OIC Thumb-Tacks,1.8239999999999998,2,0.2,0.6155999999999999
CA-2015-KL16645140-42148,2015-05-24 00:00:00,KL-166451402,Ken Lonsdale,Consumer,United States,USCA,Central US,OFF-AP-2886,Office Supplies,Appliances,Acco 6 Outlet Guardian Premium Plus Surge Suppressor,18.319999999999997,5,0.8,-46.71600000000001
CA-2015-KL16645140-42148,2015-05-24 00:00:00,KL-166451402,Ken Lonsdale,Consumer,United States,USCA,Central US,OFF-BI-6209,Office Supplies,Binders,Storex Dura Pro Binders,1.1879999999999997,1,0.8,-1.9602000000000008
CA-2015-KC16675140-42151,2015-05-27 00:00:00,KC-166751408,Kimberly Carter,Corporate,United States,USCA,Southern US,OFF-AP-3371,Office Supplies,Appliances,Belkin 8-Outlet Premiere SurgeMaster II Surge Protectors,208.44,3,0,62.53199999999998
SF-2015-HP4815117-42137,2015-05-13 00:00:00,HP-4815117,Harold Pawlan,Home Office,South Africa,Africa,Southern Africa,FUR-CH-5438,Furniture,Chairs,"Office Star Chairmat, Black",63.39,1,0,17.73
CA-2015-KC16675140-42151,2015-05-27 00:00:00,KC-166751408,Kimberly Carter,Corporate,United States,USCA,Southern US,OFF-SU-5169,Office Supplies,Supplies,Martin-Yale Premier Letter Opener,25.76,2,0,0.7728000000000002
MX-2015-BD1150026-42135,2015-05-11 00:00:00,BD-1150026,Bradley Drucker,Consumer,Chile,LATAM,South America,OFF-EN-3110,Office Supplies,Envelopes,"Ames Peel and Seal, Set of 50",37.379999999999995,3,0,0.36
SF-2015-JB5400117-42138,2015-05-14 00:00:00,JB-5400117,Jennifer Braxton,Corporate,South Africa,Africa,Southern Africa,OFF-SU-4989,Office Supplies,Supplies,"Kleencut Shears, Easy Grip",96.78,2,0,0
ES-2015-CK12205139-42134,2015-05-10 00:00:00,CK-12205139,Chloris Kastensmidt,Consumer,United Kingdom,Europe,Northern Europe,OFF-FA-6186,Office Supplies,Fasteners,"Stockwell Clamps, Bulk Pack",19.23,1,0,4.2299999999999995
ES-2015-MS1798045-42154,2015-05-30 00:00:00,MS-1798045,Michael Stewart,Corporate,France,Europe,Western Europe,OFF-BI-4816,Office Supplies,Binders,"Ibico Binding Machine, Durable",52.92,1,0,24.33
MX-2015-MS1753082-42153,2015-05-29 00:00:00,MS-1753082,MaryBeth Skach,Consumer,Mexico,LATAM,Central America,OFF-EN-4444,Office Supplies,Envelopes,"GlobeWeis Mailers, Security-Tint",54.59999999999999,2,0,21.84
ID-2015-RM197507-42129,2015-05-05 00:00:00,RM-197507,Roland Murray,Consumer,Australia,Asia Pacific,Oceania,OFF-FA-5481,Office Supplies,Fasteners,"OIC Staples, Assorted Sizes",31.644000000000005,4,0.1,-2.9160000000000004
IT-2015-SH20635124-42133,2015-05-09 00:00:00,SH-20635124,Stefanie Holloman,Corporate,Sweden,Europe,Northern Europe,OFF-EN-3100,Office Supplies,Envelopes,"Ames Mailers, Recycled",69.3,4,0.5,-66.53999999999999
MX-2015-LD1685526-42130,2015-05-06 00:00:00,LD-1685526,Lela Donovan,Corporate,Chile,LATAM,South America,OFF-LA-5392,Office Supplies,Labels,"Novimex Removable Labels, Adjustable",34.2,5,0,2
ES-2015-LS1723048-42153,2015-05-29 00:00:00,LS-1723048,Lycoris Saunders,Consumer,Germany,Europe,Western Europe,OFF-AR-3538,Office Supplies,Art,"Boston Markers, Easy-Erase",53.28,2,0,4.74
CA-2015-LB16795140-42134,2015-05-10 00:00:00,LB-167951404,Laurel Beltran,Home Office,United States,USCA,Western US,FUR-TA-5683,Furniture,Tables,"Riverside Furniture Oval Coffee Table, Oval End Table, End Table with Drawer",286.85,1,0,63.107
CA-2015-LB16795140-42134,2015-05-10 00:00:00,LB-167951404,Laurel Beltran,Home Office,United States,USCA,Western US,TEC-AC-5655,Technology,Accessories,Razer Kraken 7.1 Surround Sound Over Ear USB Gaming Headset,199.98,2,0,87.9912
CA-2015-LB16795140-42134,2015-05-10 00:00:00,LB-167951404,Laurel Beltran,Home Office,United States,USCA,Western US,OFF-BI-4373,Office Supplies,Binders,"GBC Velobind Prepunched Cover Sets, Regency Series",147.92,5,0.2,46.22499999999999
CA-2015-LB16795140-42134,2015-05-10 00:00:00,LB-167951404,Laurel Beltran,Home Office,United States,USCA,Western US,OFF-ST-4612,Office Supplies,Storage,Home/Office Personal File Carts,104.28,3,0,26.069999999999993
CA-2015-LB16795140-42134,2015-05-10 00:00:00,LB-167951404,Laurel Beltran,Home Office,United States,USCA,Western US,OFF-ST-5704,Office Supplies,Storage,Rogers Profile Extra Capacity Storage Tub,66.96,4,0,2.6783999999999963
IN-2015-SR2074027-42138,2015-05-14 00:00:00,SR-2074027,Steven Roelle,Home Office,China,Asia Pacific,Eastern Asia,OFF-FA-6202,Office Supplies,Fasteners,"Stockwell Staples, Assorted Sizes",16.5,2,0,0.78
US-2015-LE16810140-42147,2015-05-23 00:00:00,LE-168101402,Laurel Elliston,Consumer,United States,USCA,Central US,FUR-CH-4602,Furniture,Chairs,High-Back Leather Manager's Chair,181.986,2,0.3,-54.5958
US-2015-LE16810140-42147,2015-05-23 00:00:00,LE-168101402,Laurel Elliston,Consumer,United States,USCA,Central US,OFF-SU-2972,Office Supplies,Supplies,Acme Forged Steel Scissors with Black Enamel Handles,22.344,3,0.2,2.5136999999999983
US-2015-LE16810140-42147,2015-05-23 00:00:00,LE-168101402,Laurel Elliston,Consumer,United States,USCA,Central US,OFF-BI-3269,Office Supplies,Binders,"Avery Durable Slant Ring Binders, No Labels",1.5919999999999996,2,0.8,-2.6268000000000002
ES-2015-AH10210139-42133,2015-05-09 00:00:00,AH-10210139,Alan Hwang,Consumer,United Kingdom,Europe,Northern Europe,OFF-BI-3715,Office Supplies,Binders,"Cardinal 3-Hole Punch, Recycled",58.32000000000001,2,0,16.86
IN-2015-LT1676558-42133,2015-05-09 00:00:00,LT-1676558,Larry Tron,Consumer,India,Asia Pacific,Southern Asia,OFF-BI-6371,Office Supplies,Binders,"Wilson Jones 3-Hole Punch, Economy",55.980000000000004,2,0,7.800000000000001
MX-2015-MC1763539-42150,2015-05-26 00:00:00,MC-1763539,Matthew Clasen,Corporate,El Salvador,LATAM,Central America,OFF-EN-4908,Office Supplies,Envelopes,"Jiffy Clasp Envelope, Set of 50",22.719999999999995,4,0,9.040000000000001
ES-2015-Dl13600139-42151,2015-05-27 00:00:00,Dl-13600139,Dorris liebe,Corporate,United Kingdom,Europe,Northern Europe,OFF-AR-3454,Office Supplies,Art,"BIC Highlighters, Water Color",66.33,3,0,11.879999999999999
IT-2015-JA1597091-42126,2015-05-02 00:00:00,JA-1597091,Joseph Airdo,Consumer,Netherlands,Europe,Western Europe,TEC-PH-5264,Technology,Phones,"Motorola Signal Booster, Full Size",72.21000000000001,1,0.5,-49.11000000000001
GH-2015-MS783049-42140,2015-05-16 00:00:00,MS-783049,Melanie Seite,Consumer,Ghana,Africa,Western Africa,OFF-SU-6183,Office Supplies,Supplies,"Stiletto Trimmer, Steel",84.30000000000001,2,0,28.619999999999997
IN-2015-SC2038059-42133,2015-05-09 00:00:00,SC-2038059,Shahid Collister,Consumer,Indonesia,Asia Pacific,Southeastern Asia,FUR-FU-3067,Furniture,Furnishings,"Advantus Stacking Tray, Erganomic",34.163999999999994,2,0.27,-5.616
IN-2015-SC2038059-42133,2015-05-09 00:00:00,SC-2038059,Shahid Collister,Consumer,Indonesia,Asia Pacific,Southeastern Asia,OFF-EN-4923,Office Supplies,Envelopes,"Jiffy Peel and Seal, Recycled",39.8772,4,0.47000000000000003,-6.082799999999999
ES-2015-TG2131048-42132,2015-05-08 00:00:00,TG-2131048,Toby Gnade,Consumer,Germany,Europe,Western Europe,TEC-CO-5995,Technology,Copiers,"Sharp Fax and Copier, High-Speed",150.11999999999998,1,0.1,3.3299999999999983
IN-2015-MC1727566-42129,2015-05-05 00:00:00,MC-1727566,Marc Crier,Consumer,Japan,Asia Pacific,Eastern Asia,OFF-EN-3670,Office Supplies,Envelopes,"Cameo Manila Envelope, Security-Tint",29.400000000000002,2,0.5,-10.620000000000001
ID-2015-CS123557-42131,2015-05-07 00:00:00,CS-123557,Christine Sundaresam,Consumer,Australia,Asia Pacific,Oceania,FUR-BO-3906,Furniture,Bookcases,"Dania Stackable Bookrack, Pine",73.764,1,0.4,-28.296000000000003
MX-2015-NK1849018-42132,2015-05-08 00:00:00,NK-1849018,Neil Knudson,Home Office,Brazil,LATAM,South America,OFF-EN-4438,Office Supplies,Envelopes,"GlobeWeis Clasp Envelope, with clear poly window",26.879999999999995,3,0,12.9
US-2015-KD1661582-42143,2015-05-19 00:00:00,KD-1661582,Ken Dana,Corporate,Mexico,LATAM,Central America,FUR-FU-6269,Furniture,Furnishings,"Tenex Photo Frame, Duo Pack",41.519999999999996,2,0.4,-1.4
NI-2015-BO135095-42125,2015-05-01 00:00:00,BO-135095,Bill Overfelt,Corporate,Nigeria,Africa,Western Africa,OFF-SU-6166,Office Supplies,Supplies,"Stiletto Letter Opener, High Speed",50.00400000000002,6,0.7,-88.41600000000003
EG-2015-DB366038-42132,2015-05-08 00:00:00,DB-366038,Duane Benoit,Consumer,Egypt,Africa,North Africa,OFF-ST-4056,Office Supplies,Storage,"Eldon File Cart, Industrial",127.89000000000001,1,0,15.330000000000002
IN-2015-JM1586527-42145,2015-05-21 00:00:00,JM-1586527,John Murray,Consumer,China,Asia Pacific,Eastern Asia,FUR-FU-3038,Furniture,Furnishings,"Advantus Light Bulb, Durable",51.3,3,0,13.319999999999999
ES-2015-JB1540048-42136,2015-05-12 00:00:00,JB-1540048,Jennifer Braxton,Corporate,Germany,Europe,Western Europe,OFF-BI-3246,Office Supplies,Binders,"Avery Binder Covers, Clear",21.06,2,0,4.800000000000001
IT-2015-LB1679564-42126,2015-05-02 00:00:00,LB-1679564,Laurel Beltran,Home Office,Italy,Europe,Southern Europe,OFF-ST-5708,Office Supplies,Storage,"Rogers Shelving, Wire Frame",36.72,1,0.4,-5.52
SF-2015-MS7365117-42132,2015-05-08 00:00:00,MS-7365117,Maribeth Schnelling,Consumer,South Africa,Africa,Southern Africa,OFF-BI-2881,Office Supplies,Binders,"Acco 3-Hole Punch, Clear",29.580000000000005,1,0,5.01
MO-2015-MK816086-42134,2015-05-10 00:00:00,MK-816086,Mike Kennedy,Consumer,Morocco,Africa,North Africa,OFF-BI-3722,Office Supplies,Binders,"Cardinal Binder, Economy",27.659999999999997,2,0,10.2
CA-2015-LW16990140-42129,2015-05-05 00:00:00,LW-169901404,Lindsay Williams,Corporate,United States,USCA,Western US,TEC-PH-5257,Technology,Phones,Motorola L804,183.96,5,0.2,20.69549999999999
CA-2015-LW16990140-42129,2015-05-05 00:00:00,LW-169901404,Lindsay Williams,Corporate,United States,USCA,Western US,FUR-TA-3562,Furniture,Tables,Bretford Rectangular Conference Table Tops,300.904,1,0.2,11.283900000000017
CA-2015-LW16990140-42129,2015-05-05 00:00:00,LW-169901404,Lindsay Williams,Corporate,United States,USCA,Western US,OFF-PA-6303,Office Supplies,Paper,Things To Do Today Pad,17.61,3,0,8.4528
SO-2015-MK7905116-42150,2015-05-26 00:00:00,MK-7905116,Michael Kennedy,Corporate,Somalia,Africa,Eastern Africa,FUR-FU-5723,Furniture,Furnishings,"Rubbermaid Door Stop, Black",43.800000000000004,1,0,13.559999999999999
CA-2015-LH17020140-42130,2015-05-06 00:00:00,LH-170201404,Lisa Hazard,Consumer,United States,USCA,Western US,FUR-BO-3409,Furniture,Bookcases,Bestar Classic Bookcase,89.99100000000001,3,0.7,-152.9847
CA-2015-LH17020140-42130,2015-05-06 00:00:00,LH-170201404,Lisa Hazard,Consumer,United States,USCA,Western US,OFF-EN-5678,Office Supplies,Envelopes,"Redi-Strip #10 Envelopes, 4 1/8 x 9 1/2",21.240000000000002,9,0.2,7.433999999999999
CA-2015-LH17020140-42130,2015-05-06 00:00:00,LH-170201404,Lisa Hazard,Consumer,United States,USCA,Western US,OFF-BI-3269,Office Supplies,Binders,"Avery Durable Slant Ring Binders, No Labels",9.552000000000001,8,0.7,-7.3232
IN-2015-JH158207-42140,2015-05-16 00:00:00,JH-158207,John Huston,Consumer,Australia,Asia Pacific,Oceania,OFF-AR-5920,Office Supplies,Art,"Sanford Markers, Water Color",23.786999999999995,1,0.1,3.1470000000000002
ID-2015-RB19645102-42146,2015-05-22 00:00:00,RB-19645102,Robert Barroso,Corporate,Philippines,Asia Pacific,Southeastern Asia,OFF-AR-3549,Office Supplies,Art,"Boston Pens, Water Color",38.28000000000001,4,0.45,1.3199999999999967
ES-2015-RD1966048-42131,2015-05-07 00:00:00,RD-1966048,Robert Dilbeck,Home Office,Germany,Europe,Western Europe,OFF-PA-4484,Office Supplies,Paper,"Green Bar Parchment Paper, Recycled",33.17999999999999,2,0,15.24
IN-2015-KL166457-42151,2015-05-27 00:00:00,KL-166457,Ken Lonsdale,Consumer,Australia,Asia Pacific,Oceania,OFF-EN-4443,Office Supplies,Envelopes,"GlobeWeis Mailers, Recycled",67.22999999999999,2,0.1,26.129999999999995
CA-2015-LP17080140-42136,2015-05-12 00:00:00,LP-170801404,Liz Pelletier,Consumer,United States,USCA,Western US,OFF-PA-3115,Office Supplies,Paper,"Ampad Phone Message Book, Recycled, 400 Message Capacity, 5 ¾” x 11”",37.44,6,0,16.848
CA-2015-LP17080140-42136,2015-05-12 00:00:00,LP-170801404,Liz Pelletier,Consumer,United States,USCA,Western US,OFF-BI-2908,Office Supplies,Binders,"Acco Flexible ACCOHIDE Square Ring Data Binder, Dark Blue, 11 1/2"" X 14"" 7/8""",26.032,2,0.2,9.436599999999999
MX-2015-HA1490518-42138,2015-05-14 00:00:00,HA-1490518,Helen Abelman,Consumer,Brazil,LATAM,South America,OFF-LA-5384,Office Supplies,Labels,"Novimex File Folder Labels, Alphabetical",37.66,7,0,14.559999999999999
CA-2015-LP17080140-42136,2015-05-12 00:00:00,LP-170801404,Liz Pelletier,Consumer,United States,USCA,Western US,OFF-LA-3221,Office Supplies,Labels,Avery 50,37.589999999999996,3,0,17.667299999999997
SF-2015-JB5400117-42138,2015-05-14 00:00:00,JB-5400117,Jennifer Braxton,Corporate,South Africa,Africa,Southern Africa,OFF-PA-4463,Office Supplies,Paper,"Green Bar Cards & Envelopes, Premium",48.39000000000001,1,0,15
IT-2015-SH20635124-42133,2015-05-09 00:00:00,SH-20635124,Stefanie Holloman,Corporate,Sweden,Europe,Northern Europe,OFF-PA-4472,Office Supplies,Paper,"Green Bar Memo Slips, Premium",59.32500000000001,7,0.5,-46.30500000000001
IN-2015-NS186407-42125,2015-05-01 00:00:00,NS-186407,Noel Staavos,Corporate,Australia,Asia Pacific,Oceania,OFF-BI-3186,Office Supplies,Binders,"Avery 3-Hole Punch, Clear",54.66000000000001,2,0,6
ES-2015-KD164958-42151,2015-05-27 00:00:00,KD-164958,Keith Dawkins,Corporate,Austria,Europe,Western Europe,OFF-PA-6612,Office Supplies,Paper,"Xerox Memo Slips, Recycled",53.760000000000005,4,0,8.040000000000001
IN-2015-SJ2021558-42140,2015-05-16 00:00:00,SJ-2021558,Sarah Jordon,Consumer,India,Asia Pacific,Southern Asia,OFF-PA-4482,Office Supplies,Paper,"Green Bar Parchment Paper, Multicolor",36.17999999999999,2,0,11.52
EG-2015-CM211538-42144,2015-05-20 00:00:00,CM-211538,Chad McGuire,Consumer,Egypt,Africa,North Africa,OFF-ST-6251,Office Supplies,Storage,"Tenex Folders, Single Width",23.25,1,0,4.86
TO-2015-BP1095131-42152,2015-05-28 00:00:00,BP-1095131,Bart Pistole,Corporate,Togo,Africa,Western Africa,OFF-BI-4812,Office Supplies,Binders,"Ibico Binder, Durable",33.959999999999994,2,0,0.96
MX-2015-MG1820528-42130,2015-05-06 00:00:00,MG-1820528,Mitch Gastineau,Corporate,Colombia,LATAM,South America,OFF-FA-2946,Office Supplies,Fasteners,"Accos Paper Clips, Metal",44.900000000000006,5,0,8.5
CA-2015-LO17170140-42153,2015-05-29 00:00:00,LO-171701406,Lori Olson,Corporate,United States,USCA,Eastern US,FUR-FU-3031,Furniture,Furnishings,"Advantus Employee of the Month Certificate Frame, 11 x 13-1/2",247.44,8,0,101.4504
ES-2015-MS1798045-42154,2015-05-30 00:00:00,MS-1798045,Michael Stewart,Corporate,France,Europe,Western Europe,OFF-BI-4823,Office Supplies,Binders,"Ibico Hole Reinforcements, Clear",25.799999999999997,4,0,9.959999999999999
ES-2015-TC2114545-42136,2015-05-12 00:00:00,TC-2114545,Theresa Coyne,Corporate,France,Europe,Western Europe,OFF-AR-6121,Office Supplies,Art,"Stanley Pens, Blue",30.150000000000002,3,0,14.76
MX-2015-VM2168582-42131,2015-05-07 00:00:00,VM-2168582,Valerie Mitchum,Home Office,Mexico,LATAM,Central America,OFF-AR-6110,Office Supplies,Art,"Stanley Highlighters, Blue",29.399999999999995,3,0,11.46
MX-2015-SW2035031-42130,2015-05-06 00:00:00,SW-2035031,Sean Wendt,Home Office,Cuba,LATAM,Caribbean,OFF-FA-6193,Office Supplies,Fasteners,"Stockwell Push Pins, 12 Pack",26.820000000000004,3,0,0.24000000000000005
IN-2015-YS2188058-42136,2015-05-12 00:00:00,YS-2188058,Yana Sorensen,Corporate,India,Asia Pacific,Southern Asia,OFF-BI-3246,Office Supplies,Binders,"Avery Binder Covers, Clear",31.589999999999996,3,0,5.3100000000000005
IT-2015-JK1573091-42133,2015-05-09 00:00:00,JK-1573091,Joe Kamberova,Consumer,Netherlands,Europe,Western Europe,OFF-AR-3493,Office Supplies,Art,"Binney & Smith Pencil Sharpener, Fluorescent",40.005,3,0.5,-36.855000000000004
CA-2015-LS724523-42152,2015-05-28 00:00:00,LS-724523,Lynn Smith,Consumer,Canada,USCA,Canada,OFF-ST-6040,Office Supplies,Storage,"Smead Folders, Single Width",17.52,1,0,5.43
IR-2015-KC654060-42133,2015-05-09 00:00:00,KC-654060,Kelly Collister,Consumer,Iran,Asia Pacific,Southern Asia,OFF-ST-5707,Office Supplies,Storage,"Rogers Shelving, Single Width",62.16,1,0,4.949999999999999
ES-2015-LS1723048-42153,2015-05-29 00:00:00,LS-1723048,Lycoris Saunders,Consumer,Germany,Europe,Western Europe,OFF-EN-5022,Office Supplies,Envelopes,"Kraft Business Envelopes, Recycled",37.68,2,0,18.419999999999998
IN-2015-JM1586527-42145,2015-05-21 00:00:00,JM-1586527,John Murray,Consumer,China,Asia Pacific,Eastern Asia,OFF-PA-4147,Office Supplies,Paper,"Enermax Computer Printout Paper, 8.5 x 11",65.22,2,0,15
IN-2015-JM1565559-42146,2015-05-22 00:00:00,JM-1565559,Jim Mitchum,Corporate,Indonesia,Asia Pacific,Southeastern Asia,OFF-SU-4121,Office Supplies,Supplies,"Elite Letter Opener, High Speed",42.452999999999996,3,0.47000000000000003,1.5930000000000106
ES-2015-JC1610564-42139,2015-05-15 00:00:00,JC-1610564,Julie Creighton,Corporate,Italy,Europe,Southern Europe,TEC-MA-5575,Technology,Machines,"Panasonic Receipt Printer, Durable",72.61200000000001,1,0.4,4.8119999999999905
ES-2015-LS1723048-42153,2015-05-29 00:00:00,LS-1723048,Lycoris Saunders,Consumer,Germany,Europe,Western Europe,OFF-FA-5471,Office Supplies,Fasteners,"OIC Push Pins, 12 Pack",43.019999999999996,3,0,17.549999999999997
IN-2015-DL1331527-42145,2015-05-21 00:00:00,DL-1331527,Delfina Latchford,Consumer,China,Asia Pacific,Eastern Asia,OFF-PA-4149,Office Supplies,Paper,"Enermax Computer Printout Paper, Premium",56.94,2,0,1.08
IN-2015-PC190007-42137,2015-05-13 00:00:00,PC-190007,Pauline Chand,Home Office,Australia,Asia Pacific,Oceania,OFF-BI-2891,Office Supplies,Binders,"Acco Binder Covers, Clear",23.003999999999998,2,0.1,-2.556
ID-2015-RD1993092-42140,2015-05-16 00:00:00,RD-1993092,Russell D'Ascenzo,Consumer,New Zealand,Asia Pacific,Oceania,OFF-PA-6614,Office Supplies,Paper,"Xerox Message Books, Multicolor",26.136,2,0.4,-14.844000000000003
CA-2015-MD17350140-42133,2015-05-09 00:00:00,MD-173501406,Maribeth Dona,Consumer,United States,USCA,Eastern US,FUR-CH-4395,Furniture,Chairs,Global Chrome Stack Chair,47.992,2,0.3,-2.056799999999999
IN-2015-GM1444027-42132,2015-05-08 00:00:00,GM-1444027,Gary McGarr,Consumer,China,Asia Pacific,Eastern Asia,OFF-AR-3496,Office Supplies,Art,"Binney & Smith Pens, Easy-Erase",36.63,3,0,12.78
IR-2015-JE571560-42141,2015-05-17 00:00:00,JE-571560,Joe Elijah,Consumer,Iran,Asia Pacific,Southern Asia,FUR-FU-5733,Furniture,Furnishings,"Rubbermaid Light Bulb, Durable",15.869999999999997,1,0,6.33
IN-2015-SW2027558-42125,2015-05-01 00:00:00,SW-2027558,Scott Williamson,Consumer,India,Asia Pacific,Southern Asia,OFF-BI-3295,Office Supplies,Binders,"Avery Index Tab, Economy",15.66,2,0,3.42
IN-2015-GZ1447092-42140,2015-05-16 00:00:00,GZ-1447092,Gary Zandusky,Consumer,New Zealand,Asia Pacific,Oceania,OFF-EN-4904,Office Supplies,Envelopes,"Jiffy Business Envelopes, Security-Tint",31.92,2,0,6.0600000000000005
EG-2015-SC1009538-42144,2015-05-20 00:00:00,SC-1009538,Sanjit Chand,Consumer,Egypt,Africa,North Africa,OFF-EN-5029,Office Supplies,Envelopes,"Kraft Interoffice Envelope, Recycled",45.72,1,0,15.059999999999999
EG-2015-BD162038-42153,2015-05-29 00:00:00,BD-162038,Brian DeCherney,Consumer,Egypt,Africa,North Africa,OFF-EN-3667,Office Supplies,Envelopes,"Cameo Mailers, Set of 50",38.160000000000004,1,0,17.91
MX-2015-JK1537082-42141,2015-05-17 00:00:00,JK-1537082,Jay Kimmel,Consumer,Mexico,LATAM,Central America,FUR-BO-5971,Furniture,Bookcases,"Sauder Stackable Bookrack, Mobile",78.304,1,0.2,3.904000000000002
MX-2015-GH1448551-42136,2015-05-12 00:00:00,GH-1448551,Gene Hale,Corporate,Guatemala,LATAM,Central America,OFF-PA-4182,Office Supplies,Paper,"Enermax Parchment Paper, Multicolor",11.2,1,0,4.58
ES-2015-AS1028564-42132,2015-05-08 00:00:00,AS-1028564,Alejandro Savely,Corporate,Italy,Europe,Southern Europe,OFF-FA-2959,Office Supplies,Fasteners,"Accos Thumb Tacks, 12 Pack",26.22,2,0,8.879999999999999
CA-2015-ML17410140-42154,2015-05-30 00:00:00,ML-174101402,Maris LaWare,Consumer,United States,USCA,Central US,OFF-AP-4727,Office Supplies,Appliances,Hoover Commercial Lightweight Upright Vacuum with E-Z Empty Dirt Cup,465.16,2,0,120.9416
CA-2015-ML17410140-42154,2015-05-30 00:00:00,ML-174101402,Maris LaWare,Consumer,United States,USCA,Central US,OFF-BI-5939,Office Supplies,Binders,Satellite Sectional Post Binders,43.41,1,0,19.9686
CA-2015-ML17410140-42154,2015-05-30 00:00:00,ML-174101402,Maris LaWare,Consumer,United States,USCA,Central US,OFF-PA-3012,Office Supplies,Paper,"Adams Telephone Message Book w/Frequently-Called Numbers Space, 400 Messages per Book",7.98,1,0,3.99
CA-2015-ML17410140-42154,2015-05-30 00:00:00,ML-174101402,Maris LaWare,Consumer,United States,USCA,Central US,FUR-FU-4109,Furniture,Furnishings,Eldon Wave Desk Accessories,6.24,3,0,2.6208000000000005
ES-2015-TG2131048-42132,2015-05-08 00:00:00,TG-2131048,Toby Gnade,Consumer,Germany,Europe,Western Europe,OFF-BI-4830,Office Supplies,Binders,"Ibico Index Tab, Economy",28.107,3,0.1,7.406999999999999
IN-2015-JL151757-42151,2015-05-27 00:00:00,JL-151757,James Lanier,Home Office,Australia,Asia Pacific,Oceania,OFF-LA-4688,Office Supplies,Labels,"Hon Round Labels, Laser Printer Compatible",17.982,3,0.1,1.512
MX-2015-JM1586582-42137,2015-05-13 00:00:00,JM-1586582,John Murray,Consumer,Mexico,LATAM,Central America,OFF-FA-3074,Office Supplies,Fasteners,"Advantus Thumb Tacks, Bulk Pack",27.179999999999996,3,0,11.639999999999999
MX-2015-RB1936018-42142,2015-05-18 00:00:00,RB-1936018,Raymond Buch,Consumer,Brazil,LATAM,South America,OFF-FA-5480,Office Supplies,Fasteners,"OIC Staples, 12 Pack",35.9,5,0,3.2
MX-2015-EM1382531-42134,2015-05-10 00:00:00,EM-1382531,Elizabeth Moffitt,Corporate,Cuba,LATAM,Caribbean,TEC-CO-4777,Technology,Copiers,"HP Ink, Color",173.17296000000002,2,0.002,48.21296000000001
IN-2015-TC21475130-42131,2015-05-07 00:00:00,TC-21475130,Tony Chapman,Home Office,Thailand,Asia Pacific,Southeastern Asia,FUR-FU-6237,Furniture,Furnishings,"Tenex Clock, Duo Pack",36.7263,1,0.27,6.036299999999999
MX-2015-DC1328536-42136,2015-05-12 00:00:00,DC-1328536,Debra Catini,Consumer,Dominican Republic,LATAM,Caribbean,OFF-BI-6382,Office Supplies,Binders,"Wilson Jones Binding Machine, Clear",51.648,2,0.2,1.2879999999999996
ES-2015-Dl13600139-42151,2015-05-27 00:00:00,Dl-13600139,Dorris liebe,Corporate,United Kingdom,Europe,Northern Europe,OFF-AR-6120,Office Supplies,Art,"Stanley Pencil Sharpener, Water Color",27.96,1,0,1.1099999999999999
MX-2015-SC2038093-42151,2015-05-27 00:00:00,SC-2038093,Shahid Collister,Consumer,Nicaragua,LATAM,Central America,OFF-ST-5709,Office Supplies,Storage,"Rogers Trays, Blue",82.24,2,0,9.040000000000001
MX-2015-GM1469539-42131,2015-05-07 00:00:00,GM-1469539,Greg Maxwell,Corporate,El Salvador,LATAM,Central America,OFF-EN-3105,Office Supplies,Envelopes,"Ames Manila Envelope, Security-Tint",126.42000000000003,7,0,18.9
KZ-2015-OT873068-42127,2015-05-03 00:00:00,OT-873068,Olvera Toch,Consumer,Kazakhstan,Asia Pacific,Central Asia,OFF-AR-3451,Office Supplies,Art,"BIC Highlighters, Blue",11.358000000000002,2,0.7,-11.381999999999998
NI-2015-BP109595-42127,2015-05-03 00:00:00,BP-109595,Bart Pistole,Corporate,Nigeria,Africa,Western Africa,OFF-PA-4008,Office Supplies,Paper,"Eaton Parchment Paper, Recycled",16.055999999999997,4,0.7,-21.98399999999999
RS-2015-MH7455108-42153,2015-05-29 00:00:00,MH-7455108,Mark Hamilton,Consumer,Russia,Europe,Eastern Europe,OFF-BI-4813,Office Supplies,Binders,"Ibico Binder, Economy",30.959999999999994,2,0,8.64
MX-2015-CC1268551-42152,2015-05-28 00:00:00,CC-1268551,Craig Carroll,Consumer,Guatemala,LATAM,Central America,FUR-CH-4521,Furniture,Chairs,"Harbour Creations Bag Chairs, Set of Two",42.58,1,0,16.18
IT-2015-LB1679564-42126,2015-05-02 00:00:00,LB-1679564,Laurel Beltran,Home Office,Italy,Europe,Southern Europe,TEC-AC-5216,Technology,Accessories,"Memorex Mouse, Bluetooth",28.17,1,0,1.1099999999999999
MX-2015-SE2011031-42132,2015-05-08 00:00:00,SE-2011031,Sanjit Engle,Consumer,Cuba,LATAM,Caribbean,OFF-LA-6045,Office Supplies,Labels,"Smead Legal Exhibit Labels, Laser Printer Compatible",29.599999999999994,4,0,0
LY-2015-MS736574-42145,2015-05-21 00:00:00,MS-736574,Maribeth Schnelling,Consumer,Libya,Africa,North Africa,OFF-FA-6190,Office Supplies,Fasteners,"Stockwell Paper Clips, Bulk Pack",28.02,2,0,8.100000000000001
CA-2015-MC17605140-42134,2015-05-10 00:00:00,MC-176051408,Matt Connell,Corporate,United States,USCA,Southern US,FUR-CH-4556,Furniture,Chairs,Harbour Creations Steel Folding Chair,207,3,0.2,25.87499999999997
IN-2015-NM1844558-42125,2015-05-01 00:00:00,NM-1844558,Nathan Mautz,Home Office,India,Asia Pacific,Southern Asia,OFF-FA-5480,Office Supplies,Fasteners,"OIC Staples, 12 Pack",43.08,4,0,8.16
SA-2015-RB9330110-42153,2015-05-29 00:00:00,RB-9330110,Randy Bradley,Consumer,Saudi Arabia,Asia Pacific,Western Asia,OFF-ST-4264,Office Supplies,Storage,"Fellowes Folders, Wire Frame",25.469999999999995,1,0,6.6000000000000005
CA-2015-MC17605140-42134,2015-05-10 00:00:00,MC-176051408,Matt Connell,Corporate,United States,USCA,Southern US,OFF-EN-6325,Office Supplies,Envelopes,"Tyvek  Top-Opening Peel & Seel Envelopes, Plain White",65.232,3,0.2,22.0158
IN-2015-JH161807-42140,2015-05-16 00:00:00,JH-161807,Justin Hirsh,Consumer,Australia,Asia Pacific,Oceania,OFF-ST-5686,Office Supplies,Storage,"Rogers Box, Blue",21.573,1,0.1,4.5329999999999995
TU-2015-KF6285134-42145,2015-05-21 00:00:00,KF-6285134,Karen Ferguson,Home Office,Turkey,Asia Pacific,Western Asia,FUR-CH-5752,Furniture,Chairs,"SAFCO Bag Chairs, Red",19.776,1,0.6,-26.214
UP-2015-DM2955137-42150,2015-05-26 00:00:00,DM-2955137,Dario Medina,Corporate,Ukraine,Europe,Eastern Europe,OFF-AR-3495,Office Supplies,Art,"Binney & Smith Pens, Blue",11.940000000000001,1,0,5.01
IN-2015-JL151757-42151,2015-05-27 00:00:00,JL-151757,James Lanier,Home Office,Australia,Asia Pacific,Oceania,OFF-ST-6024,Office Supplies,Storage,"Smead Box, Industrial",20.25,2,0.1,8.73
ES-2015-MS1798045-42154,2015-05-30 00:00:00,MS-1798045,Michael Stewart,Corporate,France,Europe,Western Europe,OFF-SU-6169,Office Supplies,Supplies,"Stiletto Ruler, High Speed",44.64,3,0,5.76
IN-2015-JF1519027-42129,2015-05-05 00:00:00,JF-1519027,Jamie Frazer,Consumer,China,Asia Pacific,Eastern Asia,OFF-AR-5911,Office Supplies,Art,"Sanford Highlighters, Easy-Erase",48.06,3,0,1.8900000000000001
CA-2015-ML17755140-42131,2015-05-07 00:00:00,ML-177551402,Max Ludwig,Home Office,United States,USCA,Central US,TEC-AC-4878,Technology,Accessories,Imation Secure+ Hardware Encrypted USB 2.0 Flash Drive; 16GB,408.74399999999997,7,0.2,76.63949999999998
SF-2015-AH465117-42128,2015-05-04 00:00:00,AH-465117,Amy Hunt,Consumer,South Africa,Africa,Southern Africa,OFF-LA-5400,Office Supplies,Labels,"Novimex Round Labels, Alphabetical",12.18,2,0,5.22
TU-2015-AZ750134-42132,2015-05-08 00:00:00,AZ-750134,Annie Zypern,Consumer,Turkey,Asia Pacific,Western Asia,FUR-FU-3029,Furniture,Furnishings,"Advantus Door Stop, Durable",33.648,2,0.6,-8.411999999999999
CA-2015-ML17755140-42131,2015-05-07 00:00:00,ML-177551402,Max Ludwig,Home Office,United States,USCA,Central US,OFF-AR-3510,Office Supplies,Art,Blackstonian Pencils,6.408,3,0.2,0.6407999999999998
IN-2015-DB129707-42143,2015-05-19 00:00:00,DB-129707,Darren Budd,Corporate,Australia,Asia Pacific,Oceania,OFF-FA-6199,Office Supplies,Fasteners,"Stockwell Rubber Bands, Bulk Pack",29.052000000000003,2,0.1,12.252
ES-2015-LS1723048-42153,2015-05-29 00:00:00,LS-1723048,Lycoris Saunders,Consumer,Germany,Europe,Western Europe,OFF-AR-3451,Office Supplies,Art,"BIC Highlighters, Blue",37.86,2,0,15.120000000000001
NI-2015-FM438095-42153,2015-05-29 00:00:00,FM-438095,Fred McMath,Consumer,Nigeria,Africa,Western Africa,OFF-AR-3463,Office Supplies,Art,"BIC Pencil Sharpener, Water Color",19.314,2,0.7,-20.645999999999994
ES-2015-AB1010545-42143,2015-05-19 00:00:00,AB-1010545,Adrian Barton,Consumer,France,Europe,Western Europe,OFF-AR-6112,Office Supplies,Art,"Stanley Highlighters, Fluorescent",31.919999999999995,2,0,11.76
MX-2015-SM2000536-42130,2015-05-06 00:00:00,SM-2000536,Sally Matthias,Consumer,Dominican Republic,LATAM,Caribbean,OFF-SU-4980,Office Supplies,Supplies,"Kleencut Letter Opener, Steel",38.016000000000005,3,0.2,6.6359999999999975
ES-2015-MS1798045-42154,2015-05-30 00:00:00,MS-1798045,Michael Stewart,Corporate,France,Europe,Western Europe,OFF-AR-3459,Office Supplies,Art,"BIC Markers, Water Color",59.22,2,0,20.700000000000003
ID-2015-AO108107-42143,2015-05-19 00:00:00,AO-108107,Anthony O'Donnell,Corporate,Australia,Asia Pacific,Oceania,OFF-BI-2918,Office Supplies,Binders,"Acco Index Tab, Durable",26.81999999999999,5,0.4,-7.679999999999996
ES-2015-GH1441045-42125,2015-05-01 00:00:00,GH-1441045,Gary Hansen,Home Office,France,Europe,Western Europe,OFF-BI-6397,Office Supplies,Binders,"Wilson Jones Hole Reinforcements, Clear",15.96,4,0,1.6800000000000002
CA-2015-MD17860140-42153,2015-05-29 00:00:00,MD-178601406,Michael Dominguez,Corporate,United States,USCA,Eastern US,OFF-AP-4239,Office Supplies,Appliances,Fellowes 8 Outlet Superior Workstation Surge Protector,125.13,3,0,36.28769999999999
ID-2015-BD1163558-42129,2015-05-05 00:00:00,BD-1163558,Brian Derr,Consumer,India,Asia Pacific,Southern Asia,OFF-LA-3298,Office Supplies,Labels,"Avery Legal Exhibit Labels, Adjustable",36.96,8,0.5,-27.36
CA-2015-MD17860140-42153,2015-05-29 00:00:00,MD-178601406,Michael Dominguez,Corporate,United States,USCA,Eastern US,FUR-FU-3924,Furniture,Furnishings,DAX Wood Document Frame,27.46,2,0,9.8856
ID-2015-JE161657-42145,2015-05-21 00:00:00,JE-161657,Justin Ellison,Corporate,Australia,Asia Pacific,Oceania,OFF-ST-4261,Office Supplies,Storage,"Fellowes Folders, Blue",47.519999999999996,3,0.4,-2.4299999999999997
LH-2015-JD606075-42154,2015-05-30 00:00:00,JD-606075,Julia Dunbar,Consumer,Lithuania,Europe,Northern Europe,FUR-FU-3946,Furniture,Furnishings,"Deflect-O Light Bulb, Black",22.788,4,0.7,-25.931999999999988
CA-2015-MG17890140-42155,2015-05-31 00:00:00,MG-178901404,Michael Granlund,Home Office,United States,USCA,Western US,TEC-PH-5089,Technology,Phones,LG G3,156.79200000000003,1,0.2,17.639099999999985
CA-2015-MG17890140-42155,2015-05-31 00:00:00,MG-178901404,Michael Granlund,Home Office,United States,USCA,Western US,TEC-AC-5899,Technology,Accessories,SanDisk Ultra 32 GB MicroSDHC Class 10 Memory Card,35.36000000000001,2,0.2,-3.0939999999999994
TU-2015-CR2820134-42129,2015-05-05 00:00:00,CR-2820134,Cyra Reiten,Home Office,Turkey,Asia Pacific,Western Asia,FUR-FU-4104,Furniture,Furnishings,"Eldon Stacking Tray, Erganomic",12.048000000000002,1,0.6,-9.942000000000004
CA-2015-MG17890140-42155,2015-05-31 00:00:00,MG-178901404,Michael Granlund,Home Office,United States,USCA,Western US,FUR-FU-6298,Furniture,Furnishings,Tensor Brushed Steel Torchiere Floor Lamp,13.591999999999999,1,0.2,-0.3398000000000003
IN-2015-RD1972027-42144,2015-05-20 00:00:00,RD-1972027,Roger Demir,Consumer,China,Asia Pacific,Eastern Asia,OFF-ST-5689,Office Supplies,Storage,"Rogers Box, Wire Frame",46.08,2,0,14.700000000000001
US-2015-MG1820518-42130,2015-05-06 00:00:00,MG-1820518,Mitch Gastineau,Corporate,Brazil,LATAM,South America,OFF-FA-2946,Office Supplies,Fasteners,"Accos Paper Clips, Metal",17.960000000000004,5,0.6,-18.440000000000005
SF-2015-HP4815117-42137,2015-05-13 00:00:00,HP-4815117,Harold Pawlan,Home Office,South Africa,Africa,Southern Africa,FUR-FU-5740,Furniture,Furnishings,"Rubbermaid Stacking Tray, Durable",25.14,1,0,9.03
HR-2015-BS159030-42132,2015-05-08 00:00:00,BS-159030,Brendan Sweed,Corporate,Croatia,Europe,Southern Europe,OFF-AR-3452,Office Supplies,Art,"BIC Highlighters, Easy-Erase",19.200000000000003,1,0,4.41
ES-2015-FH1435048-42152,2015-05-28 00:00:00,FH-1435048,Fred Harton,Consumer,Germany,Europe,Western Europe,TEC-AC-5860,Technology,Accessories,"SanDisk Flash Drive, Bluetooth",39.54,1,0,18.18
US-2015-SH20395143-42155,2015-05-31 00:00:00,SH-20395143,Shahid Hopkins,Consumer,Venezuela,LATAM,South America,OFF-EN-3092,Office Supplies,Envelopes,"Ames Clasp Envelope, Security-Tint",11.52,3,0.4,-0.24000000000000057
ID-2015-JB16045102-42137,2015-05-13 00:00:00,JB-16045102,Julia Barnett,Home Office,Philippines,Asia Pacific,Southeastern Asia,OFF-LA-3317,Office Supplies,Labels,"Avery Round Labels, Laser Printer Compatible",19.635,5,0.45,-2.865
US-2015-CP12340143-42143,2015-05-19 00:00:00,CP-12340143,Christine Phan,Corporate,Venezuela,LATAM,South America,OFF-AR-3478,Office Supplies,Art,"Binney & Smith Canvas, Water Color",65.44800000000001,3,0.4,-34.932
TU-2015-AS10045134-42136,2015-05-12 00:00:00,AS-10045134,Aaron Smayling,Corporate,Turkey,Asia Pacific,Western Asia,OFF-ST-6284,Office Supplies,Storage,"Tenex Trays, Wire Frame",21.311999999999998,1,0.6,-5.327999999999996
MX-2015-JB1604526-42151,2015-05-27 00:00:00,JB-1604526,Julia Barnett,Home Office,Chile,LATAM,South America,OFF-PA-3992,Office Supplies,Paper,"Eaton Computer Printout Paper, Premium",17.7,1,0,2.6399999999999997
NI-2015-TH1123595-42139,2015-05-15 00:00:00,TH-1123595,Tiffany House,Corporate,Nigeria,Africa,Western Africa,FUR-BO-5799,Furniture,Bookcases,"Safco Stackable Bookrack, Traditional",89.06400000000001,2,0.7,-160.35599999999997
UP-2015-JD6150137-42138,2015-05-14 00:00:00,JD-6150137,Justin Deggeller,Corporate,Ukraine,Europe,Eastern Europe,OFF-LA-4541,Office Supplies,Labels,"Harbour Creations Removable Labels, 5000 Label Set",41.400000000000006,4,0,14.879999999999999
ES-2015-CM1223548-42144,2015-05-20 00:00:00,CM-1223548,Chris McAfee,Consumer,Germany,Europe,Western Europe,OFF-LA-6045,Office Supplies,Labels,"Smead Legal Exhibit Labels, Laser Printer Compatible",29.97,3,0.1,-1.35
US-2015-MM18055140-42133,2015-05-09 00:00:00,MM-180551404,Michelle Moray,Consumer,United States,USCA,Western US,OFF-AP-4270,Office Supplies,Appliances,Fellowes Mighty 8 Compact Surge Protector,81.08,4,0,22.702400000000004
MO-2015-MA756086-42137,2015-05-13 00:00:00,MA-756086,Matt Abelman,Home Office,Morocco,Africa,North Africa,OFF-EN-4921,Office Supplies,Envelopes,"Jiffy Manila Envelope, with clear poly window",29.549999999999997,1,0,0.27
ID-2015-HL1504097-42132,2015-05-08 00:00:00,HL-1504097,Hunter Lopez,Consumer,Pakistan,Asia Pacific,Southern Asia,OFF-SU-2984,Office Supplies,Supplies,"Acme Ruler, Easy Grip",36.660000000000004,4,0.5,-30.900000000000006
ID-2015-MA17560102-42152,2015-05-28 00:00:00,MA-17560102,Matt Abelman,Home Office,Philippines,Asia Pacific,Southeastern Asia,OFF-SU-4137,Office Supplies,Supplies,"Elite Trimmer, Serrated",42.20700000000001,2,0.45,-25.35300000000001
CA-2015-MB18085140-42131,2015-05-07 00:00:00,MB-180851408,Mick Brown,Consumer,United States,USCA,Southern US,TEC-PH-4382,Technology,Phones,GE 30524EE4,627.1680000000001,4,0.2,70.55639999999994
TU-2015-PJ8835134-42133,2015-05-09 00:00:00,PJ-8835134,Patrick Jones,Corporate,Turkey,Asia Pacific,Western Asia,OFF-PA-5886,Office Supplies,Paper,"SanDisk Note Cards, Premium",12.492,1,0.6,-5.958
CA-2015-MB18085140-42131,2015-05-07 00:00:00,MB-180851408,Mick Brown,Consumer,United States,USCA,Southern US,OFF-LA-3190,Office Supplies,Labels,"Avery 4027 File Folder Labels for Dot Matrix Printers, 5000 Labels per Box, White",122.12000000000002,5,0.2,39.68900000000001
CA-2015-MB18085140-42131,2015-05-07 00:00:00,MB-180851408,Mick Brown,Consumer,United States,USCA,Southern US,OFF-BI-6386,Office Supplies,Binders,Wilson Jones Century Plastic Molded Ring Binders,68.54100000000001,11,0.7,-52.54809999999999
EG-2015-HG484538-42146,2015-05-22 00:00:00,HG-484538,Harry Greene,Consumer,Egypt,Africa,North Africa,OFF-BI-3188,Office Supplies,Binders,"Avery 3-Hole Punch, Economy",27.870000000000005,1,0,13.919999999999998
TZ-2015-MD7350129-42133,2015-05-09 00:00:00,MD-7350129,Maribeth Dona,Consumer,Tanzania,Africa,Eastern Africa,OFF-AR-3540,Office Supplies,Art,"Boston Markers, Water Color",29.549999999999997,1,0,0
SF-2015-MS7365117-42132,2015-05-08 00:00:00,MS-7365117,Maribeth Schnelling,Consumer,South Africa,Africa,Southern Africa,OFF-FA-3072,Office Supplies,Fasteners,"Advantus Thumb Tacks, 12 Pack",13.02,1,0,0.51
IN-2015-MG176957-42145,2015-05-21 00:00:00,MG-176957,Maureen Gnade,Consumer,Australia,Asia Pacific,Oceania,OFF-BI-6376,Office Supplies,Binders,"Wilson Jones Binder Covers, Economy",30.213,3,0.1,10.053
MX-2015-SC2038093-42151,2015-05-27 00:00:00,SC-2038093,Shahid Collister,Consumer,Nicaragua,LATAM,Central America,FUR-FU-4043,Furniture,Furnishings,"Eldon Door Stop, Erganomic",32.52,1,0,12.02
TU-2015-BD1770134-42131,2015-05-07 00:00:00,BD-1770134,Bryan Davis,Consumer,Turkey,Asia Pacific,Western Asia,OFF-BI-2898,Office Supplies,Binders,"Acco Binder, Recycled",12.408000000000001,2,0.6,-17.712
CA-2015-MH18115140-42138,2015-05-14 00:00:00,MH-181151406,Mick Hernandez,Home Office,United States,USCA,Eastern US,FUR-CH-5429,Furniture,Chairs,Office Star - Mesh Screen back chair with Vinyl seat,458.42999999999995,5,0.3,-124.431
US-2015-MH18115140-42125,2015-05-01 00:00:00,MH-181151408,Mick Hernandez,Home Office,United States,USCA,Southern US,FUR-FU-6227,Furniture,Furnishings,Tenex B1-RE Series Chair Mats for Low Pile Carpets,220.704,6,0.2,-8.276400000000038
UP-2015-PK8910137-42138,2015-05-14 00:00:00,PK-8910137,Paul Knutson,Home Office,Ukraine,Europe,Eastern Europe,OFF-FA-2947,Office Supplies,Fasteners,"Accos Push Pins, 12 Pack",27.900000000000002,2,0,8.879999999999999
US-2015-MH18115140-42125,2015-05-01 00:00:00,MH-181151408,Mick Hernandez,Home Office,United States,USCA,Southern US,OFF-BI-2929,Office Supplies,Binders,"Acco PRESSTEX Data Binder with Storage Hooks, Light Blue, 9 1/2"" X 11""",4.8420000000000005,3,0.7,-3.550799999999999
CA-2015-MH18115140-42150,2015-05-26 00:00:00,MH-181151408,Mick Hernandez,Home Office,United States,USCA,Southern US,OFF-BI-5665,Office Supplies,Binders,Recycled Easel Ring Binders,29.84,2,0,13.427999999999997
ID-2015-AG1030092-42132,2015-05-08 00:00:00,AG-1030092,Aleksandra Gannaway,Corporate,New Zealand,Asia Pacific,Oceania,OFF-AR-3461,Office Supplies,Art,"BIC Pencil Sharpener, Easy-Erase",17.568,1,0.4,-1.1820000000000022
CA-2015-MK18160140-42129,2015-05-05 00:00:00,MK-181601408,Mike Kennedy,Consumer,United States,USCA,Southern US,OFF-ST-5076,Office Supplies,Storage,Letter Size Cart,571.44,4,0,165.71759999999995
CA-2015-MK18160140-42129,2015-05-05 00:00:00,MK-181601408,Mike Kennedy,Consumer,United States,USCA,Southern US,OFF-PA-6594,Office Supplies,Paper,Xerox 23,32.400000000000006,5,0,15.552000000000001
ID-2015-CV1229559-42145,2015-05-21 00:00:00,CV-1229559,Christina VanderZanden,Consumer,Indonesia,Asia Pacific,Southeastern Asia,OFF-LA-4550,Office Supplies,Labels,"Harbour Creations Round Labels, Alphabetical",6.964200000000001,2,0.47000000000000003,-4.915800000000001
CA-2015-MK18160140-42129,2015-05-05 00:00:00,MK-181601408,Mike Kennedy,Consumer,United States,USCA,Southern US,OFF-ST-6267,Office Supplies,Storage,"Tenex Personal Self-Stacking Standard File Box, Black/Gray",16.91,1,0,4.5657
CA-2015-MK18160140-42128,2015-05-04 00:00:00,MK-181601404,Mike Kennedy,Consumer,United States,USCA,Western US,OFF-PA-6559,Office Supplies,Paper,Xerox 2,25.92,4,0,12.441600000000001
CA-2015-MK18160140-42129,2015-05-05 00:00:00,MK-181601408,Mike Kennedy,Consumer,United States,USCA,Southern US,OFF-PA-3508,Office Supplies,Paper,"Black Print Carbonless Snap-Off Rapid Letter, 8 1/2"" x 7""",9.11,1,0,4.099499999999999
CA-2015-MK18160140-42128,2015-05-04 00:00:00,MK-181601404,Mike Kennedy,Consumer,United States,USCA,Western US,OFF-AR-5331,Office Supplies,Art,Newell 350,22.959999999999997,7,0,6.658399999999997
ID-2015-NR1855092-42133,2015-05-09 00:00:00,NR-1855092,Nick Radford,Consumer,New Zealand,Asia Pacific,Oceania,OFF-LA-5391,Office Supplies,Labels,"Novimex Removable Labels, 5000 Label Set",35.532000000000004,6,0.4,-23.148000000000003
US-2015-GT1471098-42150,2015-05-26 00:00:00,GT-1471098,Greg Tran,Consumer,Panama,LATAM,Central America,OFF-FA-6203,Office Supplies,Fasteners,"Stockwell Staples, Bulk Pack",8.328,2,0.4,-2.2320000000000007
IR-2015-BD132060-42133,2015-05-09 00:00:00,BD-132060,Bill Donatelli,Consumer,Iran,Asia Pacific,Southern Asia,OFF-EN-3662,Office Supplies,Envelopes,"Cameo Interoffice Envelope, Security-Tint",49.83,1,0,4.9799999999999995
IN-2015-DJ136307-42134,2015-05-10 00:00:00,DJ-136307,Doug Jacobs,Consumer,Australia,Asia Pacific,Oceania,OFF-ST-5686,Office Supplies,Storage,"Rogers Box, Blue",43.146,2,0.1,9.065999999999999
IN-2015-EP1391527-42147,2015-05-23 00:00:00,EP-1391527,Emily Phan,Consumer,China,Asia Pacific,Eastern Asia,OFF-SU-4129,Office Supplies,Supplies,"Elite Scissors, Serrated",19.229999999999997,1,0,8.07
CA-2015-MY18295140-42129,2015-05-05 00:00:00,MY-182951406,Muhammed Yedwab,Corporate,United States,USCA,Eastern US,OFF-BI-3185,Office Supplies,Binders,"Avery 3 1/2"" Diskette Storage Pages, 10/Pack",9.396,3,0.7,-7.516799999999996
ID-2015-CS123557-42131,2015-05-07 00:00:00,CS-123557,Christine Sundaresam,Consumer,Australia,Asia Pacific,Oceania,OFF-BI-4803,Office Supplies,Binders,"Ibico 3-Hole Punch, Clear",17.946,1,0.4,-2.6940000000000026
CA-2015-MY18295140-42129,2015-05-05 00:00:00,MY-182951406,Muhammed Yedwab,Corporate,United States,USCA,Eastern US,OFF-BI-3506,Office Supplies,Binders,"Black Avery Memo-Size 3-Ring Binder, 5 1/2"" x 8 1/2""",2.2020000000000004,2,0.7,-1.5413999999999999
IN-2015-JF1519027-42129,2015-05-05 00:00:00,JF-1519027,Jamie Frazer,Consumer,China,Asia Pacific,Eastern Asia,OFF-SU-2986,Office Supplies,Supplies,"Acme Ruler, Serrated",13.41,1,0,3.5999999999999996
US-2015-AA10480101-42133,2015-05-09 00:00:00,AA-10480101,Andrew Allen,Consumer,Peru,LATAM,South America,OFF-BI-6381,Office Supplies,Binders,"Wilson Jones Binder, Recycled",26.76,5,0.4,-10.34
CM-2015-JS603022-42151,2015-05-27 00:00:00,JS-603022,Joy Smith,Consumer,Cameroon,Africa,Central Africa,OFF-BI-6398,Office Supplies,Binders,"Wilson Jones Hole Reinforcements, Durable",6.030000000000001,1,0,1.8599999999999999
CA-2015-NC18340140-42145,2015-05-21 00:00:00,NC-183401402,Nat Carroll,Consumer,United States,USCA,Central US,OFF-ST-4265,Office Supplies,Storage,Fellowes High-Stak Drawer Files,704.76,4,0,162.09479999999996
CA-2015-NC18340140-42145,2015-05-21 00:00:00,NC-183401402,Nat Carroll,Consumer,United States,USCA,Central US,OFF-AR-3515,Office Supplies,Art,Boston 1645 Deluxe Heavier-Duty Electric Pencil Sharpener,131.94,3,0,35.6238
CA-2015-NC18340140-42145,2015-05-21 00:00:00,NC-183401402,Nat Carroll,Consumer,United States,USCA,Central US,OFF-AR-3446,Office Supplies,Art,"BIC Brite Liner Highlighters, Chisel Tip",25.92,4,0,8.2944
CA-2015-NC18340140-42145,2015-05-21 00:00:00,NC-183401402,Nat Carroll,Consumer,United States,USCA,Central US,OFF-AR-3485,Office Supplies,Art,"Binney & Smith inkTank Desk Highlighter, Chisel Tip, Yellow, 12/Box",21.5,10,0,7.094999999999998
CA-2015-NC18340140-42145,2015-05-21 00:00:00,NC-183401402,Nat Carroll,Consumer,United States,USCA,Central US,OFF-FA-6129,Office Supplies,Fasteners,Staples,7.41,3,0,3.4827000000000004
TU-2015-BK1260134-42145,2015-05-21 00:00:00,BK-1260134,Berenike Kampe,Consumer,Turkey,Asia Pacific,Western Asia,TEC-MA-5494,Technology,Machines,"Okidata Calculator, Red",19.776,1,0.6,-15.354
IN-2015-JK1612058-42126,2015-05-02 00:00:00,JK-1612058,Julie Kriz,Home Office,India,Asia Pacific,Southern Asia,OFF-BI-3289,Office Supplies,Binders,"Avery Hole Reinforcements, Clear",19.35,5,0,9.15
TZ-2015-TB11175129-42153,2015-05-29 00:00:00,TB-11175129,Thomas Boland,Corporate,Tanzania,Africa,Eastern Africa,OFF-AR-3489,Office Supplies,Art,"Binney & Smith Markers, Easy-Erase",48.72,2,0,19.44
US-2015-AH1007555-42125,2015-05-01 00:00:00,AH-1007555,Adam Hart,Corporate,Honduras,LATAM,Central America,OFF-ST-6041,Office Supplies,Storage,"Smead Folders, Wire Frame",13.248,2,0.4,-5.112
MX-2015-JM1526593-42129,2015-05-05 00:00:00,JM-1526593,Janet Molinari,Corporate,Nicaragua,LATAM,Central America,FUR-FU-5739,Furniture,Furnishings,"Rubbermaid Stacking Tray, Black",16.8,1,0,1.34
MX-2015-DB1336018-42137,2015-05-13 00:00:00,DB-1336018,Dennis Bolton,Home Office,Brazil,LATAM,South America,OFF-EN-3092,Office Supplies,Envelopes,"Ames Clasp Envelope, Security-Tint",25.6,4,0,9.92
IN-2015-DW1358527-42148,2015-05-24 00:00:00,DW-1358527,Dorothy Wardle,Corporate,China,Asia Pacific,Eastern Asia,OFF-FA-3061,Office Supplies,Fasteners,"Advantus Rubber Bands, Assorted Sizes",14.04,1,0,5.88
ID-2015-AJ1078059-42151,2015-05-27 00:00:00,AJ-1078059,Anthony Jacobs,Corporate,Indonesia,Asia Pacific,Southeastern Asia,OFF-FA-2945,Office Supplies,Fasteners,"Accos Paper Clips, Bulk Pack",15.0096,2,0.47000000000000003,-9.110400000000002
IN-2015-KH1669058-42126,2015-05-02 00:00:00,KH-1669058,Kristen Hastings,Corporate,India,Asia Pacific,Southern Asia,OFF-LA-4537,Office Supplies,Labels,"Harbour Creations Legal Exhibit Labels, 5000 Label Set",22.68,2,0,4.9799999999999995
MX-2015-SZ2003551-42145,2015-05-21 00:00:00,SZ-2003551,Sam Zeldin,Home Office,Guatemala,LATAM,Central America,OFF-LA-4680,Office Supplies,Labels,"Hon Removable Labels, Laser Printer Compatible",13.440000000000001,2,0,2
TU-2015-AZ750134-42132,2015-05-08 00:00:00,AZ-750134,Annie Zypern,Consumer,Turkey,Asia Pacific,Western Asia,OFF-BI-3719,Office Supplies,Binders,"Cardinal Binder Covers, Recycled",9.888,2,0.6,-3.7319999999999975
GH-2015-MS783049-42140,2015-05-16 00:00:00,MS-783049,Melanie Seite,Consumer,Ghana,Africa,Western Africa,OFF-AR-5925,Office Supplies,Art,"Sanford Pens, Easy-Erase",11.370000000000001,1,0,2.61
CA-2015-ND18460140-42144,2015-05-20 00:00:00,ND-184601408,Neil Ducich,Corporate,United States,USCA,Southern US,OFF-BI-6393,Office Supplies,Binders,Wilson Jones Four-Pocket Poly Binders,26.16,4,0,12.8184
MX-2015-MN1793551-42134,2015-05-10 00:00:00,MN-1793551,Michael Nguyen,Consumer,Guatemala,LATAM,Central America,OFF-FA-2956,Office Supplies,Fasteners,"Accos Staples, Assorted Sizes",22.400000000000002,4,0,9.6
RS-2015-BH1710108-42152,2015-05-28 00:00:00,BH-1710108,Brosina Hoffman,Consumer,Russia,Europe,Eastern Europe,OFF-BI-3717,Office Supplies,Binders,"Cardinal Binder Covers, Durable",27,2,0,8.64
IN-2015-CV1229527-42151,2015-05-27 00:00:00,CV-1229527,Christina VanderZanden,Consumer,China,Asia Pacific,Eastern Asia,OFF-PA-3991,Office Supplies,Paper,"Eaton Computer Printout Paper, Multicolor",27.96,1,0,10.32
NI-2015-VG1180595-42131,2015-05-07 00:00:00,VG-1180595,Vivek Grady,Corporate,Nigeria,Africa,Western Africa,OFF-AR-6118,Office Supplies,Art,"Stanley Pencil Sharpener, Easy-Erase",15.624000000000002,2,0.7,-18.755999999999993
HR-2015-BS159030-42132,2015-05-08 00:00:00,BS-159030,Brendan Sweed,Corporate,Croatia,Europe,Southern Europe,OFF-EN-3088,Office Supplies,Envelopes,"Ames Business Envelopes, Recycled",17.040000000000003,1,0,4.26
IN-2015-DK1337566-42155,2015-05-31 00:00:00,DK-1337566,Dennis Kane,Consumer,Japan,Asia Pacific,Eastern Asia,OFF-BI-3733,Office Supplies,Binders,"Cardinal Hole Reinforcements, Clear",14.400000000000002,3,0,4.86
US-2015-NM18520140-42125,2015-05-01 00:00:00,NM-185201406,Neoma Murray,Consumer,United States,USCA,Eastern US,OFF-LA-3220,Office Supplies,Labels,Avery 5,5.76,2,0,2.8224
PL-2015-RR9315103-42137,2015-05-13 00:00:00,RR-9315103,Ralph Ritter,Consumer,Poland,Europe,Eastern Europe,TEC-AC-5880,Technology,Accessories,"SanDisk Mouse, Bluetooth",38.31,1,0,4.199999999999999
ID-2015-FO143057-42134,2015-05-10 00:00:00,FO-143057,Frank Olsen,Consumer,Australia,Asia Pacific,Oceania,OFF-ST-4061,Office Supplies,Storage,"Eldon Folders, Industrial",20.952,2,0.4,-12.948000000000002
TU-2015-PJ8835134-42133,2015-05-09 00:00:00,PJ-8835134,Patrick Jones,Corporate,Turkey,Asia Pacific,Western Asia,OFF-BI-6375,Office Supplies,Binders,"Wilson Jones Binder Covers, Durable",5.076,1,0.6,-1.7939999999999978
CA-2015-NZ18565140-42125,2015-05-01 00:00:00,NZ-185651404,Nick Zandusky,Home Office,United States,USCA,Western US,OFF-BI-4249,Office Supplies,Binders,Fellowes Black Plastic Comb Bindings,23.24,5,0.2,7.552999999999998
IN-2015-BS1180092-42150,2015-05-26 00:00:00,BS-1180092,Bryan Spruell,Home Office,New Zealand,Asia Pacific,Oceania,OFF-BI-2895,Office Supplies,Binders,"Acco Binder, Clear",29.22,2,0,6.720000000000001
NI-2015-FM438095-42153,2015-05-29 00:00:00,FM-438095,Fred McMath,Consumer,Nigeria,Africa,Western Africa,FUR-FU-6277,Furniture,Furnishings,"Tenex Stacking Tray, Durable",30.276000000000003,4,0.7,-46.523999999999994
ID-2015-MA17560102-42152,2015-05-28 00:00:00,MA-17560102,Matt Abelman,Home Office,Philippines,Asia Pacific,Southeastern Asia,OFF-SU-6161,Office Supplies,Supplies,"Stiletto Box Cutter, High Speed",39.567,2,0.45,-15.152999999999999
TU-2015-RD9810134-42132,2015-05-08 00:00:00,RD-9810134,Ross DeVincentis,Home Office,Turkey,Asia Pacific,Western Asia,OFF-BI-6371,Office Supplies,Binders,"Wilson Jones 3-Hole Punch, Economy",11.196000000000002,1,0.6,-7.584000000000001
MX-2015-PO1918036-42147,2015-05-23 00:00:00,PO-1918036,Philisse Overcash,Home Office,Dominican Republic,LATAM,Caribbean,OFF-BI-3737,Office Supplies,Binders,"Cardinal Index Tab, Clear",25.087999999999997,7,0.2,7.448000000000002
TU-2015-AZ750134-42132,2015-05-08 00:00:00,AZ-750134,Annie Zypern,Consumer,Turkey,Asia Pacific,Western Asia,OFF-PA-4176,Office Supplies,Paper,"Enermax Note Cards, Multicolor",13.056000000000001,1,0.6,-12.744
ES-2015-RD1966048-42131,2015-05-07 00:00:00,RD-1966048,Robert Dilbeck,Home Office,Germany,Europe,Western Europe,OFF-FA-5480,Office Supplies,Fasteners,"OIC Staples, 12 Pack",21.54,2,0,1.02
ID-2015-BM117857-42131,2015-05-07 00:00:00,BM-117857,Bryan Mills,Consumer,Australia,Asia Pacific,Oceania,OFF-AR-3448,Office Supplies,Art,"BIC Canvas, Easy-Erase",32.382,1,0.4,-7.038000000000002
MX-2015-BD1150026-42135,2015-05-11 00:00:00,BD-1150026,Bradley Drucker,Consumer,Chile,LATAM,South America,OFF-EN-4909,Office Supplies,Envelopes,"Jiffy Clasp Envelope, with clear poly window",40.2,5,0,17.6
MX-2015-XP2186593-42130,2015-05-06 00:00:00,XP-2186593,Xylona Preis,Consumer,Nicaragua,LATAM,Central America,OFF-FA-6187,Office Supplies,Fasteners,"Stockwell Clamps, Metal",25.280000000000005,2,0,5.8
IR-2015-HE480060-42154,2015-05-30 00:00:00,HE-480060,Harold Engle,Corporate,Iran,Asia Pacific,Southern Asia,OFF-ST-4094,Office Supplies,Storage,"Eldon Shelving, Blue",48.42,1,0,13.049999999999999
US-2015-PJ18835140-42144,2015-05-20 00:00:00,PJ-188351402,Patrick Jones,Corporate,United States,USCA,Central US,OFF-PA-6304,Office Supplies,Paper,Things To Do Today Spiral Book,38.016000000000005,6,0.2,13.780799999999996
ES-2015-CY1274564-42133,2015-05-09 00:00:00,CY-1274564,Craig Yedwab,Corporate,Italy,Europe,Southern Europe,OFF-LA-5382,Office Supplies,Labels,"Novimex File Folder Labels, 5000 Label Set",8.64,1,0,3.3600000000000003
EZ-2015-JO514532-42126,2015-05-02 00:00:00,JO-514532,Jack O'Briant,Corporate,Czech Republic,Europe,Eastern Europe,OFF-AR-3463,Office Supplies,Art,"BIC Pencil Sharpener, Water Color",32.19,1,0,12.21
ID-2015-LS1694559-42149,2015-05-25 00:00:00,LS-1694559,Linda Southworth,Corporate,Indonesia,Asia Pacific,Southeastern Asia,OFF-LA-6037,Office Supplies,Labels,"Smead File Folder Labels, Laser Printer Compatible",9.412799999999999,2,0.47000000000000003,-4.447199999999999
PL-2015-RR9315103-42137,2015-05-13 00:00:00,RR-9315103,Ralph Ritter,Consumer,Poland,Europe,Eastern Europe,OFF-LA-5402,Office Supplies,Labels,"Novimex Shipping Labels, 5000 Label Set",11.370000000000001,1,0,4.08
IN-2015-RB1946558-42151,2015-05-27 00:00:00,RB-1946558,Rick Bensley,Home Office,India,Asia Pacific,Southern Asia,OFF-BI-6404,Office Supplies,Binders,"Wilson Jones Index Tab, Economy",12.899999999999999,2,0,4.74
CA-2015-PO18865140-42153,2015-05-29 00:00:00,PO-188651408,Patrick O'Donnell,Consumer,United States,USCA,Southern US,FUR-CH-5410,Furniture,Chairs,Novimex Swivel Fabric Task Chair,301.96,2,0,33.215599999999995
MX-2015-KM1622526-42140,2015-05-16 00:00:00,KM-1622526,Kalyca Meade,Corporate,Chile,LATAM,South America,FUR-FU-6278,Furniture,Furnishings,"Tenex Stacking Tray, Erganomic",14.84,1,0,3.84
MX-2015-JC1610528-42150,2015-05-26 00:00:00,JC-1610528,Julie Creighton,Corporate,Colombia,LATAM,South America,OFF-SU-4306,Office Supplies,Supplies,"Fiskars Box Cutter, Steel",23.280000000000005,1,0,1.86
US-2015-SH20395143-42155,2015-05-31 00:00:00,SH-20395143,Shahid Hopkins,Consumer,Venezuela,LATAM,South America,OFF-EN-4905,Office Supplies,Envelopes,"Jiffy Business Envelopes, Set of 50",23.4,3,0.4,-6.239999999999999
AO-2015-AH5854-42151,2015-05-27 00:00:00,AH-5854,Angele Hood,Consumer,Angola,Africa,Central Africa,OFF-AR-6124,Office Supplies,Art,"Stanley Pens, Water Color",13.23,1,0,4.2299999999999995
CA-2015-PP18955140-42143,2015-05-19 00:00:00,PP-189551402,Paul Prost,Home Office,United States,USCA,Central US,OFF-AP-3178,Office Supplies,Appliances,Avanti 1.7 Cu. Ft. Refrigerator,706.86,7,0,197.92079999999999
ES-2015-KL16555139-42136,2015-05-12 00:00:00,KL-16555139,Kelly Lampkin,Corporate,United Kingdom,Europe,Northern Europe,OFF-EN-4926,Office Supplies,Envelopes,"Jiffy Peel and Seal, with clear poly window",23.549999999999997,1,0,4.47
CA-2015-PP18955140-42143,2015-05-19 00:00:00,PP-189551402,Paul Prost,Home Office,United States,USCA,Central US,TEC-PH-5255,Technology,Phones,Motorola HK250 Universal Bluetooth Headset,114.94999999999999,5,0,2.2990000000000066
CA-2015-PP18955140-42143,2015-05-19 00:00:00,PP-189551402,Paul Prost,Home Office,United States,USCA,Central US,OFF-BI-6334,Office Supplies,Binders,"Universal Recycled Hanging Pressboard Report Binders, Letter Size",43.19,7,0,20.731199999999998
EG-2015-DB366038-42132,2015-05-08 00:00:00,DB-366038,Duane Benoit,Consumer,Egypt,Africa,North Africa,FUR-FU-5738,Furniture,Furnishings,"Rubbermaid Photo Frame, Erganomic",50.37,1,0,15.600000000000001
CA-2015-PJ19015140-42139,2015-05-15 00:00:00,PJ-190151404,Pauline Johnson,Consumer,United States,USCA,Western US,TEC-AC-5657,Technology,Accessories,Razer Tiamat Over Ear 7.1 Surround Sound PC Gaming Headset,1399.93,7,0,601.9699
CA-2015-PJ19015140-42139,2015-05-15 00:00:00,PJ-190151404,Pauline Johnson,Consumer,United States,USCA,Western US,FUR-FU-4100,Furniture,Furnishings,"Eldon Stackable Tray, Side-Load, Legal, Smoke",18.28,2,0,6.215199999999999
MX-2015-KB1660082-42133,2015-05-09 00:00:00,KB-1660082,Ken Brennan,Corporate,Mexico,LATAM,Central America,OFF-SU-4975,Office Supplies,Supplies,"Kleencut Box Cutter, Serrated",20.9,1,0,6.26
SF-2015-RD9810117-42152,2015-05-28 00:00:00,RD-9810117,Ross DeVincentis,Home Office,South Africa,Africa,Southern Africa,OFF-SU-4126,Office Supplies,Supplies,"Elite Ruler, Steel",26.400000000000002,2,0,7.08
MO-2015-TS1108586-42150,2015-05-26 00:00:00,TS-1108586,Thais Sissman,Consumer,Morocco,Africa,North Africa,OFF-BI-2891,Office Supplies,Binders,"Acco Binder Covers, Clear",12.78,1,0,5.49
TU-2015-AS10045134-42136,2015-05-12 00:00:00,AS-10045134,Aaron Smayling,Corporate,Turkey,Asia Pacific,Western Asia,OFF-BI-4816,Office Supplies,Binders,"Ibico Binding Machine, Durable",21.168000000000003,1,0.6,-7.422000000000001
CA-2015-PS19045140-42133,2015-05-09 00:00:00,PS-190451404,Penelope Sewall,Home Office,United States,USCA,Western US,TEC-CO-3692,Technology,Copiers,Canon Imageclass D680 Copier / Fax,3359.952,6,0.2,1049.985
SF-2015-MS7365117-42132,2015-05-08 00:00:00,MS-7365117,Maribeth Schnelling,Consumer,South Africa,Africa,Southern Africa,OFF-FA-6201,Office Supplies,Fasteners,"Stockwell Staples, 12 Pack",9.84,1,0,3.63
MX-2015-HA1490518-42138,2015-05-14 00:00:00,HA-1490518,Helen Abelman,Consumer,Brazil,LATAM,South America,OFF-SU-4309,Office Supplies,Supplies,"Fiskars Letter Opener, High Speed",18.219999999999995,1,0,6.74
ID-2015-BT114407-42135,2015-05-11 00:00:00,BT-114407,Bobby Trafton,Consumer,Australia,Asia Pacific,Oceania,OFF-FA-6190,Office Supplies,Fasteners,"Stockwell Paper Clips, Bulk Pack",25.217999999999996,3,0.4,-0.07199999999999918
TZ-2015-DH3675129-42132,2015-05-08 00:00:00,DH-3675129,Duane Huffman,Home Office,Tanzania,Africa,Eastern Africa,OFF-EN-3673,Office Supplies,Envelopes,"Cameo Peel and Seal, Recycled",19.799999999999997,1,0,4.53
ZA-2015-HG4965147-42145,2015-05-21 00:00:00,HG-4965147,Henry Goldwyn,Corporate,Zimbabwe,Africa,Eastern Africa,OFF-LA-3260,Office Supplies,Labels,"Avery Color Coded Labels, 5000 Label Set",4.104,1,0.7,-4.805999999999998
IN-2015-LS172457-42145,2015-05-21 00:00:00,LS-172457,Lynn Smith,Consumer,Australia,Asia Pacific,Oceania,OFF-ST-4250,Office Supplies,Storage,"Fellowes Box, Blue",88.56,5,0.1,38.30999999999999
MX-2015-FC1433531-42143,2015-05-19 00:00:00,FC-1433531,Fred Chung,Corporate,Cuba,LATAM,Caribbean,OFF-ST-5712,Office Supplies,Storage,"Rogers Trays, Wire Frame",40.5,1,0,6.4799999999999995
ID-2015-MG1789099-42151,2015-05-27 00:00:00,MG-1789099,Michael Granlund,Home Office,Papua New Guinea,Asia Pacific,Oceania,OFF-BI-3289,Office Supplies,Binders,"Avery Hole Reinforcements, Clear",13.545,7,0.5,-0.7349999999999994
MX-2015-GM1469539-42131,2015-05-07 00:00:00,GM-1469539,Greg Maxwell,Corporate,El Salvador,LATAM,Central America,OFF-EN-3101,Office Supplies,Envelopes,"Ames Mailers, Security-Tint",25.5,1,0,9.18
US-2015-DM1352518-42139,2015-05-15 00:00:00,DM-1352518,Don Miller,Corporate,Brazil,LATAM,South America,OFF-SU-2980,Office Supplies,Supplies,"Acme Letter Opener, Steel",55.27200000000001,7,0.6,-29.148000000000003
HU-2015-AR40557-42147,2015-05-23 00:00:00,AR-40557,Allen Rosenblatt,Corporate,Hungary,Europe,Eastern Europe,OFF-AR-5923,Office Supplies,Art,"Sanford Pencil Sharpener, Water Color",29.009999999999998,1,0,3.18
MD-2015-EM396083-42131,2015-05-07 00:00:00,EM-396083,Eric Murdock,Consumer,Moldova,Europe,Eastern Europe,OFF-BI-3720,Office Supplies,Binders,"Cardinal Binder, Clear",26.58,2,0,0.78
MX-2015-EK1379539-42150,2015-05-26 00:00:00,EK-1379539,Eileen Kiefer,Home Office,El Salvador,LATAM,Central America,OFF-LA-6034,Office Supplies,Labels,"Smead File Folder Labels, 5000 Label Set",18.54,3,0,5.7
CA-2015-QJ19255140-42125,2015-05-01 00:00:00,QJ-192551406,Quincy Jones,Corporate,United States,USCA,Eastern US,TEC-PH-5622,Technology,Phones,Polycom SoundPoint IP 450 VoIP phone,677.5799999999999,5,0.4,-158.10199999999998
EZ-2015-ED388532-42139,2015-05-15 00:00:00,ED-388532,Emily Ducich,Home Office,Czech Republic,Europe,Eastern Europe,OFF-SU-2977,Office Supplies,Supplies,"Acme Letter Opener, Easy Grip",31.83,1,0,8.91
MR-2015-JM553581-42126,2015-05-02 00:00:00,JM-553581,Jessica Myrick,Consumer,Mauritania,Africa,Western Africa,OFF-AR-3497,Office Supplies,Art,"Binney & Smith Pens, Fluorescent",13.200000000000001,1,0,0.24
CA-2015-QJ19255140-42125,2015-05-01 00:00:00,QJ-192551406,Quincy Jones,Corporate,United States,USCA,Eastern US,OFF-BI-4372,Office Supplies,Binders,GBC VeloBind Cover Sets,13.896,3,0.7,-9.264
ES-2015-DK1298548-42125,2015-05-01 00:00:00,DK-1298548,Darren Koutras,Consumer,Germany,Europe,Western Europe,OFF-AR-5922,Office Supplies,Art,"Sanford Pencil Sharpener, Fluorescent",25.83,1,0,9.03
IT-2015-MG1769545-42139,2015-05-15 00:00:00,MG-1769545,Maureen Gnade,Consumer,France,Europe,Western Europe,OFF-FA-3056,Office Supplies,Fasteners,"Advantus Push Pins, Bulk Pack",28.860000000000003,4,0.5,-23.700000000000003
MX-2015-JE1616528-42144,2015-05-20 00:00:00,JE-1616528,Justin Ellison,Corporate,Colombia,LATAM,South America,OFF-PA-6622,Office Supplies,Paper,"Xerox Parchment Paper, Multicolor",9.78,1,0,1.16
ML-2015-AR54079-42148,2015-05-24 00:00:00,AR-54079,Andy Reiter,Consumer,Mali,Africa,Western Africa,OFF-BI-3717,Office Supplies,Binders,"Cardinal Binder Covers, Durable",13.5,1,0,4.32
ID-2015-HL1504097-42132,2015-05-08 00:00:00,HL-1504097,Hunter Lopez,Consumer,Pakistan,Asia Pacific,Southern Asia,OFF-EN-3090,Office Supplies,Envelopes,"Ames Business Envelopes, Set of 50",27.27,3,0.5,-4.41
US-2015-RD19480140-42145,2015-05-21 00:00:00,RD-194801404,Rick Duston,Consumer,United States,USCA,Western US,TEC-PH-5256,Technology,Phones,Motorola L703CM,1123.1280000000002,9,0.2,70.19549999999998
US-2015-RD19480140-42145,2015-05-21 00:00:00,RD-194801404,Rick Duston,Consumer,United States,USCA,Western US,OFF-AP-4247,Office Supplies,Appliances,Fellowes Basic Home/Office Series Surge Protectors,64.9,5,0,18.820999999999994
US-2015-RD19480140-42145,2015-05-21 00:00:00,RD-194801404,Rick Duston,Consumer,United States,USCA,Western US,OFF-BI-6401,Office Supplies,Binders,Wilson Jones Impact Binders,8.288,2,0.2,3.0043999999999995
IN-2015-TB2135592-42129,2015-05-05 00:00:00,TB-2135592,Todd Boyes,Corporate,New Zealand,Asia Pacific,Oceania,OFF-FA-5467,Office Supplies,Fasteners,"OIC Paper Clips, 12 Pack",27.72,2,0,4.68
CA-2015-RW19540140-42132,2015-05-08 00:00:00,RW-195401402,Rick Wilson,Corporate,United States,USCA,Central US,FUR-CH-4618,Furniture,Chairs,Hon 4070 Series Pagoda Armless Upholstered Stacking Chairs,1458.65,5,0,423.00849999999997
CA-2015-RW19540140-42132,2015-05-08 00:00:00,RW-195401402,Rick Wilson,Corporate,United States,USCA,Central US,FUR-CH-5767,Furniture,Chairs,Safco Contoured Stacking Chairs,476.8,2,0,119.19999999999999
MX-2015-GZ1447039-42138,2015-05-14 00:00:00,GZ-1447039,Gary Zandusky,Consumer,El Salvador,LATAM,Central America,OFF-SU-6175,Office Supplies,Supplies,"Stiletto Scissors, Steel",46.02,3,0,20.7
MX-2015-AZ1075018-42132,2015-05-08 00:00:00,AZ-1075018,Annie Zypern,Consumer,Brazil,LATAM,South America,OFF-FA-2960,Office Supplies,Fasteners,"Accos Thumb Tacks, Assorted Sizes",14.84,2,0,4.6
CA-2015-RW19540140-42132,2015-05-08 00:00:00,RW-195401402,Rick Wilson,Corporate,United States,USCA,Central US,OFF-AP-3400,Office Supplies,Appliances,Belkin Premiere Surge Master II 8-outlet surge protector,87.444,2,0.1,18.460399999999986
CA-2015-RW19540140-42132,2015-05-08 00:00:00,RW-195401402,Rick Wilson,Corporate,United States,USCA,Central US,FUR-CH-5790,Furniture,Chairs,SAFCO Optional Arm Kit for Workspace Cribbage Stacking Chair,26.64,1,0,7.459199999999999
IN-2015-CP1234027-42143,2015-05-19 00:00:00,CP-1234027,Christine Phan,Corporate,China,Asia Pacific,Eastern Asia,OFF-FA-6194,Office Supplies,Fasteners,"Stockwell Push Pins, Assorted Sizes",22.86,2,0,5.46
RS-2015-MB7305108-42131,2015-05-07 00:00:00,MB-7305108,Maria Bertelson,Consumer,Russia,Europe,Eastern Europe,OFF-BI-6400,Office Supplies,Binders,"Wilson Jones Hole Reinforcements, Recycled",19.560000000000002,4,0,4.68
UP-2015-RM9675137-42152,2015-05-28 00:00:00,RM-9675137,Robert Marley,Home Office,Ukraine,Europe,Eastern Europe,OFF-LA-4537,Office Supplies,Labels,"Harbour Creations Legal Exhibit Labels, 5000 Label Set",11.34,1,0,1.7999999999999998
US-2015-RL19615140-42147,2015-05-23 00:00:00,RL-196151404,Rob Lucas,Consumer,United States,USCA,Western US,OFF-AR-5916,Office Supplies,Art,SANFORD Major Accent Highlighters,49.56,7,0,18.832800000000002
MO-2015-AS28586-42147,2015-05-23 00:00:00,AS-28586,Alejandro Savely,Corporate,Morocco,Africa,North Africa,OFF-ST-5712,Office Supplies,Storage,"Rogers Trays, Wire Frame",60.75,1,0,29.759999999999998
IN-2015-DK1322527-42140,2015-05-16 00:00:00,DK-1322527,Dean Katz,Corporate,China,Asia Pacific,Eastern Asia,OFF-LA-4639,Office Supplies,Labels,"Hon Color Coded Labels, Alphabetical",25.259999999999998,2,0,0
MX-2015-NK1849018-42132,2015-05-08 00:00:00,NK-1849018,Neil Knudson,Home Office,Brazil,LATAM,South America,OFF-FA-3068,Office Supplies,Fasteners,"Advantus Staples, 12 Pack",6.859999999999999,1,0,1.78
IR-2015-HE480060-42154,2015-05-30 00:00:00,HE-480060,Harold Engle,Corporate,Iran,Asia Pacific,Southern Asia,OFF-ST-4295,Office Supplies,Storage,"Fellowes Trays, Single Width",57.42,1,0,28.71
TU-2015-KW6570134-42130,2015-05-06 00:00:00,KW-6570134,Kelly Williams,Consumer,Turkey,Asia Pacific,Western Asia,OFF-EN-3105,Office Supplies,Envelopes,"Ames Manila Envelope, Security-Tint",10.836000000000002,1,0.6,-5.424000000000001
ID-2015-BW1111092-42147,2015-05-23 00:00:00,BW-1111092,Bart Watters,Corporate,New Zealand,Asia Pacific,Oceania,OFF-LA-4657,Office Supplies,Labels,"Hon File Folder Labels, 5000 Label Set",10.835999999999999,2,0.4,-0.5640000000000001
US-2015-RS19765140-42144,2015-05-20 00:00:00,RS-197651406,Roland Schwarz,Corporate,United States,USCA,Eastern US,TEC-AC-5144,Technology,Accessories,Logitech Wireless Performance Mouse MX for PC and Mac,299.96999999999997,3,0,113.9886
US-2015-RS19765140-42144,2015-05-20 00:00:00,RS-197651406,Roland Schwarz,Corporate,United States,USCA,Eastern US,OFF-AP-3504,Office Supplies,Appliances,Bionaire Personal Warm Mist Humidifier/Vaporizer,281.34000000000003,6,0,109.72260000000001
US-2015-RS19765140-42144,2015-05-20 00:00:00,RS-197651406,Roland Schwarz,Corporate,United States,USCA,Eastern US,TEC-PH-5363,Technology,Phones,Nortel Meridian M3904 Professional Digital phone,307.98,2,0,89.31419999999997
TU-2015-RD9810134-42132,2015-05-08 00:00:00,RD-9810134,Ross DeVincentis,Home Office,Turkey,Asia Pacific,Western Asia,TEC-AC-5222,Technology,Accessories,"Memorex Numeric Keypad, USB",17.208000000000002,1,0.6,-11.622
MO-2015-AS28586-42147,2015-05-23 00:00:00,AS-28586,Alejandro Savely,Corporate,Morocco,Africa,North Africa,OFF-AR-3497,Office Supplies,Art,"Binney & Smith Pens, Fluorescent",26.400000000000002,2,0,0.48
CA-2015-RB19795140-42138,2015-05-14 00:00:00,RB-197951404,Ross Baird,Home Office,United States,USCA,Western US,OFF-LA-5976,Office Supplies,Labels,Self-Adhesive Address Labels for Typewriters by Universal,58.48,8,0,27.485599999999998
CA-2015-RP19855140-42152,2015-05-28 00:00:00,RP-198551404,Roy Phan,Corporate,United States,USCA,Western US,TEC-AC-5097,Technology,Accessories,Logitech Desktop MK120 Mouse and keyboard Combo,98.16,6,0,9.815999999999995
MX-2015-AG1027031-42154,2015-05-30 00:00:00,AG-1027031,Alejandro Grove,Consumer,Cuba,LATAM,Caribbean,OFF-LA-6051,Office Supplies,Labels,"Smead Removable Labels, Adjustable",33.6,6,0,6.359999999999999
MX-2015-LR17035143-42126,2015-05-02 00:00:00,LR-17035143,Lisa Ryan,Corporate,Venezuela,LATAM,South America,OFF-ST-6065,Office Supplies,Storage,"Smead Trays, Blue",38.784,2,0.4,2.5839999999999974
CA-2015-RP19855140-42152,2015-05-28 00:00:00,RP-198551404,Roy Phan,Corporate,United States,USCA,Western US,OFF-FA-6129,Office Supplies,Fasteners,Staples,31.44,3,0,7.86
IN-2015-DJ1363058-42153,2015-05-29 00:00:00,DJ-1363058,Doug Jacobs,Consumer,India,Asia Pacific,Southern Asia,OFF-LA-4685,Office Supplies,Labels,"Hon Round Labels, 5000 Label Set",35.25,5,0,0
ES-2015-JK1520545-42151,2015-05-27 00:00:00,JK-1520545,Jamie Kunitz,Consumer,France,Europe,Western Europe,OFF-LA-3321,Office Supplies,Labels,"Avery Shipping Labels, Adjustable",39,4,0,12.84
ES-2015-JO1555045-42133,2015-05-09 00:00:00,JO-1555045,Jesus Ocampo,Home Office,France,Europe,Western Europe,OFF-BI-6402,Office Supplies,Binders,"Wilson Jones Index Tab, Clear",23.64,4,0,2.04
TU-2015-RD9810134-42132,2015-05-08 00:00:00,RD-9810134,Ross DeVincentis,Home Office,Turkey,Asia Pacific,Western Asia,OFF-LA-4662,Office Supplies,Labels,"Hon Legal Exhibit Labels, 5000 Label Set",9,2,0.6,-9.48
IT-2015-BD1172591-42136,2015-05-12 00:00:00,BD-1172591,Bruce Degenhardt,Consumer,Netherlands,Europe,Western Europe,OFF-AR-6115,Office Supplies,Art,"Stanley Markers, Easy-Erase",11.235,1,0.5,-11.235
ID-2015-FO143057-42134,2015-05-10 00:00:00,FO-143057,Frank Olsen,Consumer,Australia,Asia Pacific,Oceania,OFF-ST-5707,Office Supplies,Storage,"Rogers Shelving, Single Width",74.592,2,0.4,4.931999999999995
ES-2015-KF1628545-42154,2015-05-30 00:00:00,KF-1628545,Karen Ferguson,Home Office,France,Europe,Western Europe,OFF-ST-4029,Office Supplies,Storage,"Eldon Box, Industrial",19.331999999999997,2,0.1,5.772
IZ-2015-DB306061-42146,2015-05-22 00:00:00,DB-306061,Dave Brooks,Consumer,Iraq,Asia Pacific,Western Asia,OFF-BI-2915,Office Supplies,Binders,"Acco Hole Reinforcements, Recycled",7.02,1,0,3.51
MX-2015-BT1130554-42132,2015-05-08 00:00:00,BT-1130554,Beth Thompson,Home Office,Haiti,LATAM,Caribbean,FUR-FU-4036,Furniture,Furnishings,"Eldon Clock, Durable",21.419999999999998,2,0.7,-43.57999999999999
CM-2015-AG27022-42144,2015-05-20 00:00:00,AG-27022,Alejandro Grove,Consumer,Cameroon,Africa,Central Africa,OFF-LA-6051,Office Supplies,Labels,"Smead Removable Labels, Adjustable",10.89,1,0,4.2299999999999995
CA-2015-SJ20125140-42126,2015-05-02 00:00:00,SJ-201251408,Sanjit Jacobs,Home Office,United States,USCA,Southern US,TEC-AC-5182,Technology,Accessories,"Maxell 74 Minute CDR, 10/Pack",48.9,5,0,18.093
IT-2015-JK1573091-42133,2015-05-09 00:00:00,JK-1573091,Joe Kamberova,Consumer,Netherlands,Europe,Western Europe,OFF-LA-5398,Office Supplies,Labels,"Novimex Round Labels, 5000 Label Set",6.659999999999999,2,0.5,-0.41999999999999904
CA-2015-SS20140140-42125,2015-05-01 00:00:00,SS-201401408,Saphhira Shifley,Corporate,United States,USCA,Southern US,FUR-FU-2867,Furniture,Furnishings,3M Hangers With Command Adhesive,23.680000000000003,8,0.2,6.216000000000002
CA-2015-SS20140140-42125,2015-05-01 00:00:00,SS-201401408,Saphhira Shifley,Corporate,United States,USCA,Southern US,TEC-AC-5176,Technology,Accessories,Maxell 4.7GB DVD+R 5/Pack,2.3760000000000003,3,0.2,0.7424999999999999
EG-2015-HG484538-42146,2015-05-22 00:00:00,HG-484538,Harry Greene,Consumer,Egypt,Africa,North Africa,FUR-BO-5785,Furniture,Bookcases,"Safco Library with Doors, Metal",389.25,1,0,66.15
IT-2015-MG1769545-42139,2015-05-15 00:00:00,MG-1769545,Maureen Gnade,Consumer,France,Europe,Western Europe,OFF-LA-4660,Office Supplies,Labels,"Hon File Folder Labels, Laser Printer Compatible",17.28,4,0.5,-13.200000000000001
ID-2015-RM197507-42129,2015-05-05 00:00:00,RM-197507,Roland Murray,Consumer,Australia,Asia Pacific,Oceania,OFF-FA-3053,Office Supplies,Fasteners,"Advantus Push Pins, 12 Pack",12.474,1,0.1,5.544
MX-2015-GM1469539-42131,2015-05-07 00:00:00,GM-1469539,Greg Maxwell,Corporate,El Salvador,LATAM,Central America,OFF-BI-3293,Office Supplies,Binders,"Avery Index Tab, Clear",12.66,3,0,0.72
IN-2015-AD1018027-42145,2015-05-21 00:00:00,AD-1018027,Alan Dominguez,Home Office,China,Asia Pacific,Eastern Asia,OFF-LA-4664,Office Supplies,Labels,"Hon Legal Exhibit Labels, Alphabetical",64.08,6,0,21.06
ES-2015-PM1913545-42133,2015-05-09 00:00:00,PM-1913545,Peter McVee,Home Office,France,Europe,Western Europe,OFF-LA-4549,Office Supplies,Labels,"Harbour Creations Round Labels, Adjustable",4.65,1,0,1.29
MX-2015-CK1232531-42145,2015-05-21 00:00:00,CK-1232531,Christine Kargatis,Home Office,Cuba,LATAM,Caribbean,OFF-BI-3251,Office Supplies,Binders,"Avery Binder, Clear",16.48,2,0,3.44
US-2015-NR1855036-42130,2015-05-06 00:00:00,NR-1855036,Nick Radford,Consumer,Dominican Republic,LATAM,Caribbean,OFF-LA-5389,Office Supplies,Labels,"Novimex Legal Exhibit Labels, Alphabetical",5.4879999999999995,1,0.2,-0.4119999999999999
MX-2015-LC1714026-42129,2015-05-05 00:00:00,LC-1714026,Logan Currie,Consumer,Chile,LATAM,South America,OFF-LA-6030,Office Supplies,Labels,"Smead Color Coded Labels, Laser Printer Compatible",17.4,2,0,4.16
IN-2015-CC124757-42132,2015-05-08 00:00:00,CC-124757,Cindy Chapman,Consumer,Australia,Asia Pacific,Oceania,OFF-LA-4637,Office Supplies,Labels,"Hon Color Coded Labels, 5000 Label Set",23.759999999999998,2,0.1,5.759999999999998
TU-2015-MH8115134-42150,2015-05-26 00:00:00,MH-8115134,Mick Hernandez,Home Office,Turkey,Asia Pacific,Western Asia,OFF-FA-6185,Office Supplies,Fasteners,"Stockwell Clamps, Assorted Sizes",13.032,2,0.6,-8.148
IZ-2015-JB604561-42151,2015-05-27 00:00:00,JB-604561,Julia Barnett,Home Office,Iraq,Asia Pacific,Western Asia,OFF-BI-3716,Office Supplies,Binders,"Cardinal Binder Covers, Clear",11.459999999999999,1,0,2.9699999999999998
MX-2015-PR1888018-42153,2015-05-29 00:00:00,PR-1888018,Patrick Ryan,Consumer,Brazil,LATAM,South America,FUR-FU-5723,Furniture,Furnishings,"Rubbermaid Door Stop, Black",58.40000000000001,2,0,20.44
ES-2015-TG2131048-42132,2015-05-08 00:00:00,TG-2131048,Toby Gnade,Consumer,Germany,Europe,Western Europe,OFF-BI-3289,Office Supplies,Binders,"Avery Hole Reinforcements, Clear",10.449,3,0.1,-0.08099999999999996
MX-2015-ND1837018-42131,2015-05-07 00:00:00,ND-1837018,Natalie DeCherney,Consumer,Brazil,LATAM,South America,OFF-BI-2913,Office Supplies,Binders,"Acco Hole Reinforcements, Durable",5.44,1,0,1.7399999999999998
MX-2015-EM1420031-42139,2015-05-15 00:00:00,EM-1420031,Evan Minnotte,Home Office,Cuba,LATAM,Caribbean,OFF-BI-6375,Office Supplies,Binders,"Wilson Jones Binder Covers, Durable",42.3,5,0,19
US-2015-SU20665101-42126,2015-05-02 00:00:00,SU-20665101,Stephanie Ulpright,Home Office,Peru,LATAM,South America,FUR-FU-6238,Furniture,Furnishings,"Tenex Clock, Durable",18.912,1,0.4,-1.2679999999999993
CA-2015-SC20380140-42144,2015-05-20 00:00:00,SC-203801408,Shahid Collister,Consumer,United States,USCA,Southern US,FUR-BO-5519,Furniture,Bookcases,O'Sullivan 2-Door Barrister Bookcase in Odessa Pine,1628.82,9,0,374.6285999999999
CA-2015-SC20380140-42144,2015-05-20 00:00:00,SC-203801408,Shahid Collister,Consumer,United States,USCA,Southern US,OFF-PA-6500,Office Supplies,Paper,Xerox 1945,286.93,7,0,140.5957
CA-2015-SC20380140-42144,2015-05-20 00:00:00,SC-203801408,Shahid Collister,Consumer,United States,USCA,Southern US,TEC-PH-5345,Technology,Phones,Nokia Lumia 925,377.96999999999997,3,0,98.27220000000001
ID-2015-ML1826597-42131,2015-05-07 00:00:00,ML-1826597,Muhammed Lee,Consumer,Pakistan,Asia Pacific,Southern Asia,TEC-MA-4190,Technology,Machines,"Epson Calculator, Red",43.56,2,0.5,-20.94
CA-2015-SC20380140-42144,2015-05-20 00:00:00,SC-203801408,Shahid Collister,Consumer,United States,USCA,Southern US,TEC-AC-4946,Technology,Accessories,Kingston Digital DataTraveler 32GB USB 2.0,67.8,4,0,4.067999999999998
TU-2015-AS10045134-42136,2015-05-12 00:00:00,AS-10045134,Aaron Smayling,Corporate,Turkey,Asia Pacific,Western Asia,OFF-BI-2899,Office Supplies,Binders,"Acco Binding Machine, Clear",20.220000000000002,1,0.6,-24.78
IN-2015-RB1946558-42151,2015-05-27 00:00:00,RB-1946558,Rick Bensley,Home Office,India,Asia Pacific,Southern Asia,OFF-EN-3110,Office Supplies,Envelopes,"Ames Peel and Seal, Set of 50",18.69,1,0,0.54
CA-2015-SH20395140-42129,2015-05-05 00:00:00,SH-203951406,Shahid Hopkins,Consumer,United States,USCA,Eastern US,OFF-BI-3983,Office Supplies,Binders,DXL Angle-View Binders with Locking Rings by Samsill,2.313,1,0.7,-1.9274999999999993
IN-2015-SJ2021558-42140,2015-05-16 00:00:00,SJ-2021558,Sarah Jordon,Consumer,India,Asia Pacific,Southern Asia,OFF-PA-3995,Office Supplies,Paper,"Eaton Memo Slips, Multicolor",45.449999999999996,3,0,14.04
US-2015-CM1271598-42136,2015-05-12 00:00:00,CM-1271598,Craig Molinari,Corporate,Panama,LATAM,Central America,OFF-PA-5886,Office Supplies,Paper,"SanDisk Note Cards, Premium",24.983999999999998,2,0.4,-1.6960000000000008
IN-2015-FP143207-42154,2015-05-30 00:00:00,FP-143207,Frank Preis,Consumer,Australia,Asia Pacific,Oceania,OFF-BI-3292,Office Supplies,Binders,"Avery Hole Reinforcements, Recycled",9.540000000000001,2,0,4.4399999999999995
PL-2015-RR9315103-42137,2015-05-13 00:00:00,RR-9315103,Ralph Ritter,Consumer,Poland,Europe,Eastern Europe,OFF-FA-2959,Office Supplies,Fasteners,"Accos Thumb Tacks, 12 Pack",13.11,1,0,4.4399999999999995
MO-2015-FH427586-42133,2015-05-09 00:00:00,FH-427586,Frank Hawley,Corporate,Morocco,Africa,North Africa,OFF-BI-3246,Office Supplies,Binders,"Avery Binder Covers, Clear",10.53,1,0,2.4000000000000004
IN-2015-PN187757-42139,2015-05-15 00:00:00,PN-187757,Parhena Norris,Home Office,Australia,Asia Pacific,Oceania,OFF-LA-4538,Office Supplies,Labels,"Harbour Creations Legal Exhibit Labels, Adjustable",17.700000000000003,2,0,2.0999999999999996
MX-2015-Dp1324028-42153,2015-05-29 00:00:00,Dp-1324028,Dean percer,Home Office,Colombia,LATAM,South America,OFF-BI-3292,Office Supplies,Binders,"Avery Hole Reinforcements, Recycled",3.18,1,0,1.4199999999999997
CG-2015-AJ79533-42153,2015-05-29 00:00:00,AJ-79533,Anthony Johnson,Corporate,Democratic Republic of the Congo,Africa,Central Africa,OFF-PA-6616,Office Supplies,Paper,"Xerox Message Books, Recycled",20.28,1,0,6.27
ID-2015-MH17620102-42154,2015-05-30 00:00:00,MH-17620102,Matt Hagelstein,Corporate,Philippines,Asia Pacific,Southeastern Asia,OFF-BI-2894,Office Supplies,Binders,"Acco Binder Covers, Recycled",11.628,1,0.15000000000000002,2.2979999999999996
AG-2015-SL101553-42144,2015-05-20 00:00:00,SL-101553,Sara Luxemburg,Home Office,Algeria,Africa,North Africa,OFF-ST-6252,Office Supplies,Storage,"Tenex Folders, Wire Frame",22.29,1,0,10.68
ES-2015-TM2149045-42136,2015-05-12 00:00:00,TM-2149045,Tony Molinari,Consumer,France,Europe,Western Europe,OFF-BI-3735,Office Supplies,Binders,"Cardinal Hole Reinforcements, Economy",10.680000000000001,2,0,4.32
MX-2015-GM1469539-42131,2015-05-07 00:00:00,GM-1469539,Greg Maxwell,Corporate,El Salvador,LATAM,Central America,OFF-SU-4312,Office Supplies,Supplies,"Fiskars Ruler, High Speed",67.33999999999999,7,0,18.06
US-2015-SU20665101-42126,2015-05-02 00:00:00,SU-20665101,Stephanie Ulpright,Home Office,Peru,LATAM,South America,OFF-BI-3289,Office Supplies,Binders,"Avery Hole Reinforcements, Clear",4.644,3,0.4,-2.436
TU-2015-AZ750134-42132,2015-05-08 00:00:00,AZ-750134,Annie Zypern,Consumer,Turkey,Asia Pacific,Western Asia,OFF-ST-6231,Office Supplies,Storage,"Tenex Box, Wire Frame",6.228,1,0.6,-2.201999999999999
TU-2015-RD9810134-42132,2015-05-08 00:00:00,RD-9810134,Ross DeVincentis,Home Office,Turkey,Asia Pacific,Western Asia,OFF-AR-3490,Office Supplies,Art,"Binney & Smith Markers, Fluorescent",10.14,1,0.6,-8.369999999999997
IN-2015-CC126107-42137,2015-05-13 00:00:00,CC-126107,Corey Catlett,Corporate,Australia,Asia Pacific,Oceania,OFF-BI-3189,Office Supplies,Binders,"Avery 3-Hole Punch, Recycled",25.407000000000004,1,0.1,10.706999999999999
IN-2015-KE1642059-42127,2015-05-03 00:00:00,KE-1642059,Katrina Edelman,Corporate,Indonesia,Asia Pacific,Southeastern Asia,OFF-ST-6025,Office Supplies,Storage,"Smead Box, Single Width",8.964,1,0.17,0.8639999999999999
IN-2015-YS2188058-42136,2015-05-12 00:00:00,YS-2188058,Yana Sorensen,Corporate,India,Asia Pacific,Southern Asia,OFF-ST-6024,Office Supplies,Storage,"Smead Box, Industrial",22.5,2,0,10.98
US-2015-SA20830140-42144,2015-05-20 00:00:00,SA-208301404,Sue Ann Reed,Consumer,United States,USCA,Western US,OFF-BI-4370,Office Supplies,Binders,GBC Twin Loop Wire Binding Elements,133.12,5,0.2,49.92
TU-2015-PF9120134-42137,2015-05-13 00:00:00,PF-9120134,Peter Fuller,Consumer,Turkey,Asia Pacific,Western Asia,OFF-SU-4320,Office Supplies,Supplies,"Fiskars Shears, High Speed",19.056,1,0.6,-5.244
CA-2015-SG20890140-42143,2015-05-19 00:00:00,SG-208901402,Susan Gilcrest,Corporate,United States,USCA,Central US,OFF-BI-2925,Office Supplies,Binders,"Acco Pressboard Covers with Storage Hooks, 14 7/8"" x 11"", Light Blue",6.873999999999999,7,0.8,-10.654700000000002
CA-2015-SG20890140-42143,2015-05-19 00:00:00,SG-208901402,Susan Gilcrest,Corporate,United States,USCA,Central US,OFF-ST-5615,Office Supplies,Storage,Plastic Stacking Crates & Casters,8.928,2,0.2,0.6696
CA-2015-SG20890140-42143,2015-05-19 00:00:00,SG-208901402,Susan Gilcrest,Corporate,United States,USCA,Central US,OFF-BI-3277,Office Supplies,Binders,"Avery Framed View Binder, EZD Ring (Locking), Navy, 1 1/2""",1.9959999999999996,1,0.8,-3.293400000000001
NI-2015-MK790595-42144,2015-05-20 00:00:00,MK-790595,Michael Kennedy,Corporate,Nigeria,Africa,Western Africa,OFF-BI-4813,Office Supplies,Binders,"Ibico Binder, Economy",4.644,1,0.7,-6.5159999999999965
TU-2015-PF9120134-42137,2015-05-13 00:00:00,PF-9120134,Peter Fuller,Consumer,Turkey,Asia Pacific,Western Asia,OFF-BI-3295,Office Supplies,Binders,"Avery Index Tab, Economy",3.132,1,0.6,-1.4879999999999995
IN-2015-CC126107-42137,2015-05-13 00:00:00,CC-126107,Corey Catlett,Corporate,Australia,Asia Pacific,Oceania,OFF-BI-6372,Office Supplies,Binders,"Wilson Jones 3-Hole Punch, Recycled",25.515,1,0.1,11.055
ES-2015-DB13360139-42131,2015-05-07 00:00:00,DB-13360139,Dennis Bolton,Home Office,United Kingdom,Europe,Northern Europe,OFF-SU-4123,Office Supplies,Supplies,"Elite Ruler, Easy Grip",15.419999999999998,1,0,1.0499999999999998
SA-2015-SW10245110-42131,2015-05-07 00:00:00,SW-10245110,Scot Wooten,Consumer,Saudi Arabia,Asia Pacific,Western Asia,OFF-BI-3249,Office Supplies,Binders,"Avery Binder Covers, Recycled",11.43,1,0,4.11
US-2015-AS1028555-42152,2015-05-28 00:00:00,AS-1028555,Alejandro Savely,Corporate,Honduras,LATAM,Central America,OFF-EN-3666,Office Supplies,Envelopes,"Cameo Mailers, Security-Tint",81.11999999999999,5,0.4,-9.479999999999995
SA-2015-AR345110-42146,2015-05-22 00:00:00,AR-345110,Alex Russell,Corporate,Saudi Arabia,Asia Pacific,Western Asia,OFF-FA-3019,Office Supplies,Fasteners,"Advantus Clamps, 12 Pack",18.72,1,0,2.9699999999999998
CA-2015-SM20950140-42155,2015-05-31 00:00:00,SM-209501404,Suzanne McNair,Corporate,United States,USCA,Western US,OFF-PA-5674,Office Supplies,Paper,"Rediform S.O.S. 1-Up Phone Message Bk, 4-1/4x3-1/16 Bk, 1 Form/Pg, 40 Messages/Bk, 3/Pk",37.52,4,0,18.009600000000002
MO-2015-AS28586-42147,2015-05-23 00:00:00,AS-28586,Alejandro Savely,Corporate,Morocco,Africa,North Africa,OFF-AR-3448,Office Supplies,Art,"BIC Canvas, Easy-Erase",53.97,1,0,18.330000000000002
IN-2015-AC1042027-42150,2015-05-26 00:00:00,AC-1042027,Alyssa Crouse,Corporate,China,Asia Pacific,Eastern Asia,OFF-AR-3546,Office Supplies,Art,"Boston Pens, Blue",28.44,2,0,0
IN-2015-MO175007-42131,2015-05-07 00:00:00,MO-175007,Mary O'Rourke,Consumer,Australia,Asia Pacific,Oceania,OFF-LA-6056,Office Supplies,Labels,"Smead Round Labels, Laser Printer Compatible",12.42,2,0.1,0.6600000000000001
MX-2015-BT1130554-42132,2015-05-08 00:00:00,BT-1130554,Beth Thompson,Home Office,Haiti,LATAM,Caribbean,OFF-SU-2966,Office Supplies,Supplies,"Acme Box Cutter, High Speed",45.36,3,0.4,7.559999999999997
IN-2015-CP1234027-42143,2015-05-19 00:00:00,CP-1234027,Christine Phan,Corporate,China,Asia Pacific,Eastern Asia,OFF-BI-6403,Office Supplies,Binders,"Wilson Jones Index Tab, Durable",31.799999999999997,4,0,5.64
TI-2015-TM11010128-42127,2015-05-03 00:00:00,TM-11010128,Tamara Manning,Consumer,Tajikistan,Asia Pacific,Central Asia,OFF-EN-4903,Office Supplies,Envelopes,"Jiffy Business Envelopes, Recycled",4.428000000000001,1,0.7,-7.991999999999999
NI-2015-VP1176095-42133,2015-05-09 00:00:00,VP-1176095,Victoria Pisteka,Corporate,Nigeria,Africa,Western Africa,OFF-AR-3553,Office Supplies,Art,"Boston Sketch Pad, Easy-Erase",29.322000000000003,2,0.7,-40.09799999999999
TU-2015-AG495134-42130,2015-05-06 00:00:00,AG-495134,Andrew Gjertsen,Corporate,Turkey,Asia Pacific,Western Asia,FUR-FU-4083,Furniture,Furnishings,"Eldon Photo Frame, Black",23.244,1,0.6,-24.426000000000002
MO-2015-CL256586-42151,2015-05-27 00:00:00,CL-256586,Clay Ludtke,Consumer,Morocco,Africa,North Africa,OFF-FA-5476,Office Supplies,Fasteners,"OIC Rubber Bands, Assorted Sizes",29.04,2,0,9.24
KZ-2015-OT873068-42127,2015-05-03 00:00:00,OT-873068,Olvera Toch,Consumer,Kazakhstan,Asia Pacific,Central Asia,OFF-LA-4658,Office Supplies,Labels,"Hon File Folder Labels, Adjustable",1.962,1,0.7,-2.6279999999999992
MX-2015-MC1763539-42150,2015-05-26 00:00:00,MC-1763539,Matthew Clasen,Corporate,El Salvador,LATAM,Central America,OFF-BI-3294,Office Supplies,Binders,"Avery Index Tab, Durable",22.3,5,0,5.699999999999999
US-2015-TH21235140-42153,2015-05-29 00:00:00,TH-212351402,Tiffany House,Corporate,United States,USCA,Central US,FUR-CH-4425,Furniture,Chairs,"Global Task Chair, Black",106.869,3,0.3,-29.007299999999994
US-2015-TH21235140-42153,2015-05-29 00:00:00,TH-212351402,Tiffany House,Corporate,United States,USCA,Central US,OFF-BI-6209,Office Supplies,Binders,Storex Dura Pro Binders,3.563999999999999,3,0.8,-6.237000000000002
CA-2015-TC21295140-42131,2015-05-07 00:00:00,TC-212951406,Toby Carlisle,Consumer,United States,USCA,Eastern US,OFF-LA-3226,Office Supplies,Labels,Avery 505,59.2,4,0,29.6
IN-2015-RD1981027-42137,2015-05-13 00:00:00,RD-1981027,Ross DeVincentis,Home Office,China,Asia Pacific,Eastern Asia,OFF-LA-4554,Office Supplies,Labels,"Harbour Creations Shipping Labels, Alphabetical",11.28,1,0,5.28
UG-2015-CD2280136-42150,2015-05-26 00:00:00,CD-2280136,Christina DeMoss,Consumer,Uganda,Africa,Eastern Africa,OFF-BI-2913,Office Supplies,Binders,"Acco Hole Reinforcements, Durable",2.4480000000000004,1,0.7,-1.9019999999999997
CA-2015-TS21340140-42143,2015-05-19 00:00:00,TS-213401406,Toby Swindell,Consumer,United States,USCA,Eastern US,OFF-BI-2926,Office Supplies,Binders,"Acco Pressboard Covers with Storage Hooks, 9 1/2"" x 11"", Executive Red",3.048,1,0.2,1.0286999999999997
CA-2015-TS21340140-42143,2015-05-19 00:00:00,TS-213401406,Toby Swindell,Consumer,United States,USCA,Eastern US,FUR-FU-5174,Furniture,Furnishings,"Master Caster Door Stop, Large Neon Orange",14.56,2,0,6.2608000000000015
CA-2015-TB21355140-42143,2015-05-19 00:00:00,TB-213551408,Todd Boyes,Corporate,United States,USCA,Southern US,FUR-BO-4621,Furniture,Bookcases,Hon 4-Shelf Metal Bookcases,302.94,3,0,75.73500000000001
CA-2015-TB21355140-42143,2015-05-19 00:00:00,TB-213551408,Todd Boyes,Corporate,United States,USCA,Southern US,OFF-BI-5618,Office Supplies,Binders,Poly Designer Cover & Back,113.94,6,0,54.691199999999995
CA-2015-TB21355140-42143,2015-05-19 00:00:00,TB-213551408,Todd Boyes,Corporate,United States,USCA,Southern US,TEC-PH-3131,Technology,Phones,Apple EarPods with Remote and Mic,55.98,2,0,15.674399999999999
ES-2015-LB1673548-42134,2015-05-10 00:00:00,LB-1673548,Larry Blacks,Consumer,Germany,Europe,Western Europe,OFF-SU-2990,Office Supplies,Supplies,"Acme Scissors, Serrated",177.12,8,0,10.56
CA-2015-TB21355140-42143,2015-05-19 00:00:00,TB-213551408,Todd Boyes,Corporate,United States,USCA,Southern US,TEC-PH-5654,Technology,Phones,QVS USB Car Charger 2-Port 2.1Amp for iPod/iPhone/iPad/iPad 2/iPad 3,34.75,5,0,15.6375
CA-2015-TB21355140-42143,2015-05-19 00:00:00,TB-213551408,Todd Boyes,Corporate,United States,USCA,Southern US,OFF-AP-2932,Office Supplies,Appliances,"Acco Six-Outlet Power Strip, 4' Cord Length",17.24,2,0,4.4824
US-2015-TS21370140-42136,2015-05-12 00:00:00,TS-213701404,Todd Sumrall,Corporate,United States,USCA,Western US,FUR-BO-3409,Furniture,Bookcases,Bestar Classic Bookcase,209.979,7,0.7,-356.9643
US-2015-JL151755-42154,2015-05-30 00:00:00,JL-151755,James Lanier,Home Office,Argentina,LATAM,South America,OFF-BI-6376,Office Supplies,Binders,"Wilson Jones Binder Covers, Economy",2.2380000000000004,1,0.7,-4.861999999999999
ID-2015-TP2156559-42132,2015-05-08 00:00:00,TP-2156559,Tracy Poddar,Corporate,Indonesia,Asia Pacific,Southeastern Asia,OFF-FA-6193,Office Supplies,Fasteners,"Stockwell Push Pins, 12 Pack",14.628000000000002,2,0.47000000000000003,-9.432000000000002
US-2015-TC21475140-42125,2015-05-01 00:00:00,TC-214751402,Tony Chapman,Home Office,United States,USCA,Central US,OFF-BI-4350,Office Supplies,Binders,GBC Linen Binding Covers,43.37199999999999,7,0.8,-69.39520000000003
ID-2015-HL1504097-42132,2015-05-08 00:00:00,HL-1504097,Hunter Lopez,Consumer,Pakistan,Asia Pacific,Southern Asia,TEC-AC-5101,Technology,Accessories,"Logitech Flash Drive, Programmable",144.04499999999996,9,0.5,-51.97499999999995
ID-2015-LS1694559-42149,2015-05-25 00:00:00,LS-1694559,Linda Southworth,Corporate,Indonesia,Asia Pacific,Southeastern Asia,OFF-LA-3317,Office Supplies,Labels,"Avery Round Labels, Laser Printer Compatible",7.5684000000000005,2,0.47000000000000003,-1.4315999999999995
TU-2015-PF9120134-42137,2015-05-13 00:00:00,PF-9120134,Peter Fuller,Consumer,Turkey,Asia Pacific,Western Asia,OFF-BI-2915,Office Supplies,Binders,"Acco Hole Reinforcements, Recycled",2.808,1,0.6,-0.702
MX-2015-GM1450018-42136,2015-05-12 00:00:00,GM-1450018,Gene McClure,Consumer,Brazil,LATAM,South America,OFF-PA-4184,Office Supplies,Paper,"Enermax Parchment Paper, Recycled",20.4,2,0,0
IN-2015-JM156557-42154,2015-05-30 00:00:00,JM-156557,Jim Mitchum,Corporate,Australia,Asia Pacific,Oceania,OFF-LA-4548,Office Supplies,Labels,"Harbour Creations Round Labels, 5000 Label Set",19.278,3,0.1,6.588000000000001
CA-2015-TB21625140-42150,2015-05-26 00:00:00,TB-216251406,Trudy Brown,Consumer,United States,USCA,Eastern US,OFF-BI-4339,Office Supplies,Binders,GBC DocuBind P100 Manual Binding Machine,663.92,5,0.2,207.47499999999994
CA-2015-TB21625140-42150,2015-05-26 00:00:00,TB-216251406,Trudy Brown,Consumer,United States,USCA,Eastern US,TEC-AC-4874,Technology,Accessories,Imation 8gb Micro Traveldrive Usb 2.0 Flash Drive,120,8,0,13.200000000000003
CA-2015-TB21625140-42150,2015-05-26 00:00:00,TB-216251406,Trudy Brown,Consumer,United States,USCA,Eastern US,FUR-FU-4017,Furniture,Furnishings,Eldon 200 Class Desk Accessories,18.84,3,0,6.0287999999999995
CA-2015-TB21625140-42150,2015-05-26 00:00:00,TB-216251406,Trudy Brown,Consumer,United States,USCA,Eastern US,OFF-FA-2916,Office Supplies,Fasteners,Acco Hot Clips Clips to Go,3.29,1,0,1.4805
MX-2015-SE2011031-42132,2015-05-08 00:00:00,SE-2011031,Sanjit Engle,Consumer,Cuba,LATAM,Caribbean,OFF-LA-4549,Office Supplies,Labels,"Harbour Creations Round Labels, Adjustable",9.3,3,0,4.62
LY-2015-MS736574-42145,2015-05-21 00:00:00,MS-736574,Maribeth Schnelling,Consumer,Libya,Africa,North Africa,OFF-AR-6110,Office Supplies,Art,"Stanley Highlighters, Blue",14.7,1,0,2.94
CA-2015-TS21655140-42131,2015-05-07 00:00:00,TS-216551404,Trudy Schmidt,Consumer,United States,USCA,Western US,OFF-AP-4220,Office Supplies,Appliances,Eureka The Boss Cordless Rechargeable Stick Vac,152.94,3,0,41.293800000000005
TU-2015-CR2820134-42129,2015-05-05 00:00:00,CR-2820134,Cyra Reiten,Home Office,Turkey,Asia Pacific,Western Asia,OFF-FA-5469,Office Supplies,Fasteners,"OIC Paper Clips, Bulk Pack",5.772,1,0.6,-1.6079999999999988
IN-2015-JF1519027-42129,2015-05-05 00:00:00,JF-1519027,Jamie Frazer,Consumer,China,Asia Pacific,Eastern Asia,OFF-LA-3261,Office Supplies,Labels,"Avery Color Coded Labels, Adjustable",22.379999999999995,2,0,5.76
TZ-2015-TB11175129-42153,2015-05-29 00:00:00,TB-11175129,Thomas Boland,Corporate,Tanzania,Africa,Eastern Africa,OFF-LA-3320,Office Supplies,Labels,"Avery Shipping Labels, 5000 Label Set",12.24,1,0,4.65
MX-2015-CK1232531-42145,2015-05-21 00:00:00,CK-1232531,Christine Kargatis,Home Office,Cuba,LATAM,Caribbean,OFF-PA-5870,Office Supplies,Paper,"SanDisk Memo Slips, Premium",22.64,2,0,5.4
CA-2015-VF21715140-42147,2015-05-23 00:00:00,VF-217151404,Vicky Freymann,Home Office,United States,USCA,Western US,OFF-AR-5331,Office Supplies,Art,Newell 350,9.84,3,0,2.853599999999999
CA-2015-VF21715140-42147,2015-05-23 00:00:00,VF-217151404,Vicky Freymann,Home Office,United States,USCA,Western US,OFF-AR-5312,Office Supplies,Art,Newell 333,2.78,1,0,0.7227999999999999
TU-2015-AZ750134-42132,2015-05-08 00:00:00,AZ-750134,Annie Zypern,Consumer,Turkey,Asia Pacific,Western Asia,OFF-ST-5708,Office Supplies,Storage,"Rogers Shelving, Wire Frame",24.48,1,0.6,-17.759999999999998
CA-2015-VS21820140-42148,2015-05-24 00:00:00,VS-218201404,Vivek Sundaresam,Consumer,United States,USCA,Western US,FUR-TA-5066,Furniture,Tables,"Lesro Sheffield Collection Coffee Table, End Table, Center Table, Corner Table",171.288,3,0.2,-6.423300000000026
TZ-2015-KH6690129-42131,2015-05-07 00:00:00,KH-6690129,Kristen Hastings,Corporate,Tanzania,Africa,Eastern Africa,OFF-BI-6374,Office Supplies,Binders,"Wilson Jones Binder Covers, Clear",10.649999999999999,1,0,2.64
ID-2015-MG1789099-42151,2015-05-27 00:00:00,MG-1789099,Michael Granlund,Home Office,Papua New Guinea,Asia Pacific,Oceania,OFF-LA-3299,Office Supplies,Labels,"Avery Legal Exhibit Labels, Alphabetical",22.32,4,0.5,-17.04
SA-2015-EJ4155110-42139,2015-05-15 00:00:00,EJ-4155110,Eva Jacobs,Consumer,Saudi Arabia,Asia Pacific,Western Asia,OFF-PA-5892,Office Supplies,Paper,"SanDisk Parchment Paper, Premium",16.709999999999997,1,0,3.1500000000000004
NI-2015-MK790595-42144,2015-05-20 00:00:00,MK-790595,Michael Kennedy,Corporate,Nigeria,Africa,Western Africa,FUR-CH-5756,Furniture,Chairs,"SAFCO Chairmat, Adjustable",18.693000000000005,1,0.7,-29.936999999999998
CA-2015-YS21880140-42130,2015-05-06 00:00:00,YS-218801408,Yana Sorensen,Corporate,United States,USCA,Southern US,OFF-BI-4819,Office Supplies,Binders,Ibico Covers for Plastic or Wire Binding Elements,34.5,3,0,15.524999999999999
MX-2015-JD1601582-42154,2015-05-30 00:00:00,JD-1601582,Joy Daniels,Consumer,Mexico,LATAM,Central America,OFF-AR-3498,Office Supplies,Art,"Binney & Smith Pens, Water Color",30.24,3,0,11.760000000000002
CA-2015-ZC21910140-42136,2015-05-12 00:00:00,ZC-219101406,Zuschuss Carroll,Consumer,United States,USCA,Eastern US,OFF-AR-5554,Office Supplies,Art,Panasonic KP-4ABK Battery-Operated Pencil Sharpener,43.92,3,0,12.736799999999999
ES-2015-MM17920139-42147,2015-05-23 00:00:00,MM-17920139,Michael Moore,Consumer,United Kingdom,Europe,Northern Europe,OFF-BI-4809,Office Supplies,Binders,"Ibico Binder Covers, Economy",27.299999999999997,2,0,3.7800000000000002
IN-2015-KH1633058-42154,2015-05-30 00:00:00,KH-1633058,Katharine Harms,Corporate,India,Asia Pacific,Southern Asia,OFF-PA-4007,Office Supplies,Paper,"Eaton Parchment Paper, Premium",26.939999999999998,2,0,1.8599999999999999
