Order ID,Order Date,Customer ID,Customer Name,Segment,Country,Market,Region,Product ID,Category,Sub-Category,Product Name,Sales,Quantity,Discount,Profit
ID-2015-SC20380102-42165,2015-06-10 00:00:00,SC-20380102,Shahid Collister,Consumer,Philippines,Asia Pacific,Southeastern Asia,OFF-AP-3580,Office Supplies,Appliances,"Breville Stove, Silver",1433.8394999999998,3,0.15000000000000002,-84.37050000000002
IN-2015-MH1811558-42157,2015-06-02 00:00:00,MH-1811558,Mick Hernandez,Home Office,India,Asia Pacific,Southern Asia,FUR-BO-4862,Furniture,Bookcases,"Ikea Library with Doors, Pine",1094.22,3,0,328.23
MX-2015-KC1654093-42158,2015-06-03 00:00:00,KC-1654093,Kelly Collister,Consumer,Nicaragua,LATAM,Central America,OFF-AP-4507,Office Supplies,Appliances,"Hamilton Beach Stove, Silver",1810.3,5,0,54.29999999999999
IN-2015-KD1649527-42175,2015-06-20 00:00:00,KD-1649527,Keith Dawkins,Corporate,China,Asia Pacific,Eastern Asia,FUR-BO-3627,Furniture,Bookcases,"Bush Classic Bookcase, Traditional",2063.4,5,0,123.75
IN-2015-MB173057-42179,2015-06-24 00:00:00,MB-173057,Maria Bertelson,Consumer,Australia,Asia Pacific,Oceania,FUR-BO-5948,Furniture,Bookcases,"Sauder Classic Bookcase, Metal",5486.67,14,0.1,2316.5099999999998
ES-2015-CC1210045-42182,2015-06-27 00:00:00,CC-1210045,Chad Cunningham,Home Office,France,Europe,Western Europe,TEC-CO-3595,Technology,Copiers,"Brother Fax Machine, Color",815.9490000000001,3,0.15,287.919
GH-2015-JD606049-42172,2015-06-17 00:00:00,JD-606049,Julia Dunbar,Consumer,Ghana,Africa,Western Africa,OFF-AP-4956,Office Supplies,Appliances,"KitchenAid Microwave, Black",1239,4,0,0
ES-2015-DB13210139-42164,2015-06-09 00:00:00,DB-13210139,Dean Braden,Consumer,United Kingdom,Europe,Northern Europe,TEC-MA-4206,Technology,Machines,"Epson Printer, Red",935.1719999999999,4,0.1,114.252
MX-2015-CM1216093-42158,2015-06-03 00:00:00,CM-1216093,Charles McCrossin,Consumer,Nicaragua,LATAM,Central America,FUR-BO-5762,Furniture,Bookcases,"Safco Classic Bookcase, Pine",2344,8,0,46.88
MZ-2015-JW522087-42183,2015-06-28 00:00:00,JW-522087,Jane Waco,Corporate,Mozambique,Africa,Eastern Africa,OFF-ST-5708,Office Supplies,Storage,"Rogers Shelving, Wire Frame",856.8,14,0,265.44
MX-2015-SJ2021582-42179,2015-06-24 00:00:00,SJ-2021582,Sarah Jordon,Consumer,Mexico,LATAM,Central America,TEC-PH-3806,Technology,Phones,"Cisco Smart Phone, Full Size",3045.8399999999997,7,0,1035.5800000000002
CA-2015-AB10105140-42161,2015-06-06 00:00:00,AB-101051402,Adrian Barton,Consumer,United States,USCA,Central US,TEC-PH-5089,Technology,Phones,LG G3,470.3760000000001,3,0.2,52.917299999999955
ES-2015-FH14365120-42165,2015-06-10 00:00:00,FH-14365120,Fred Hopkins,Corporate,Spain,Europe,Southern Europe,TEC-PH-3148,Technology,Phones,"Apple Smart Phone, Full Size",2295,4,0.1,459
IN-2015-MD178607-42171,2015-06-16 00:00:00,MD-178607,Michael Dominguez,Corporate,Australia,Asia Pacific,Oceania,TEC-CO-3598,Technology,Copiers,"Brother Fax Machine, Laser",2293.4880000000003,8,0.1,509.5680000000001
ES-2015-DH13675139-42182,2015-06-27 00:00:00,DH-13675139,Duane Huffman,Home Office,United Kingdom,Europe,Northern Europe,FUR-BO-5763,Furniture,Bookcases,"Safco Classic Bookcase, Traditional",1314.45,3,0,341.73
IN-2015-SJ2021527-42182,2015-06-27 00:00:00,SJ-2021527,Sarah Jordon,Consumer,China,Asia Pacific,Eastern Asia,TEC-CO-4789,Technology,Copiers,"HP Wireless Fax, Color",1446.6,4,0,665.4000000000001
IT-2015-TS21610139-42173,2015-06-18 00:00:00,TS-21610139,Troy Staebel,Consumer,United Kingdom,Europe,Northern Europe,OFF-AP-3576,Office Supplies,Appliances,"Breville Refrigerator, Silver",1560.2399999999998,3,0,421.19999999999993
ES-2015-AF1087048-42169,2015-06-14 00:00:00,AF-1087048,Art Ferguson,Consumer,Germany,Europe,Western Europe,FUR-TA-3348,Furniture,Tables,"Barricks Round Table, Adjustable Height",2291.835,7,0.35,-1128.435
IZ-2015-EH418561-42173,2015-06-18 00:00:00,EH-418561,Evan Henry,Consumer,Iraq,Asia Pacific,Western Asia,FUR-BO-3640,Furniture,Bookcases,"Bush Library with Doors, Mobile",1467.3600000000001,4,0,469.43999999999994
ID-2015-TH212357-42175,2015-06-20 00:00:00,TH-212357,Tiffany House,Corporate,Australia,Asia Pacific,Oceania,TEC-CO-6000,Technology,Copiers,"Sharp Fax Machine, Laser",1596.5099999999998,6,0.1,-53.370000000000005
ES-2015-MT1807045-42176,2015-06-21 00:00:00,MT-1807045,Michelle Tran,Home Office,France,Europe,Western Europe,FUR-BO-3902,Furniture,Bookcases,"Dania Library with Doors, Mobile",656.856,2,0.1,94.83599999999998
IN-2015-IM1507059-42157,2015-06-02 00:00:00,IM-1507059,Irene Maddox,Consumer,Indonesia,Asia Pacific,Southeastern Asia,TEC-AC-5223,Technology,Accessories,"Memorex Router, Bluetooth",1043.9304,8,0.47000000000000003,-295.5096
RS-2015-TC11145108-42178,2015-06-23 00:00:00,TC-11145108,Theresa Coyne,Corporate,Russia,Europe,Eastern Europe,TEC-PH-5836,Technology,Phones,"Samsung Signal Booster, Full Size",827.28,6,0,397.0799999999999
IN-2015-DM1334558-42182,2015-06-27 00:00:00,DM-1334558,Denise Monton,Corporate,India,Asia Pacific,Southern Asia,TEC-CO-3588,Technology,Copiers,"Brother Copy Machine, High-Speed",2098.32,8,0,860.1600000000001
MX-2015-RK1930018-42181,2015-06-26 00:00:00,RK-1930018,Ralph Kennedy,Consumer,Brazil,LATAM,South America,FUR-TA-3344,Furniture,Tables,"Barricks Conference Table, Fully Assembled",1938.2399999999998,4,0.2,-96.95999999999995
ID-2015-MM1726078-42181,2015-06-26 00:00:00,MM-1726078,Magdelene Morse,Consumer,Malaysia,Asia Pacific,Southeastern Asia,FUR-CH-5379,Furniture,Chairs,"Novimex Executive Leather Armchair, Black",2747.7,6,0,82.26
IT-2015-DM1301564-42167,2015-06-12 00:00:00,DM-1301564,Darrin Martin,Consumer,Italy,Europe,Southern Europe,TEC-MA-4199,Technology,Machines,"Epson Inkjet, Wireless",925.0200000000001,5,0.4,-447.18000000000006
IN-2015-CJ118757-42172,2015-06-17 00:00:00,CJ-118757,Carl Jackson,Corporate,Australia,Asia Pacific,Oceania,TEC-CO-4592,Technology,Copiers,"Hewlett Wireless Fax, High-Speed",2383.857,7,0.1,794.5770000000002
ES-2015-PS1876048-42179,2015-06-24 00:00:00,PS-1876048,Pamela Stobb,Consumer,Germany,Europe,Western Europe,TEC-PH-5269,Technology,Phones,"Motorola Smart Phone, with Caller ID",3873.24,6,0,890.8199999999999
ID-2015-SB202907-42178,2015-06-23 00:00:00,SB-202907,Sean Braxton,Corporate,Australia,Asia Pacific,Oceania,FUR-TA-3442,Furniture,Tables,"Bevis Wood Table, with Bottom Storage",2614.6889999999994,7,0.3,-821.9609999999997
CA-2015-AS10240140-42177,2015-06-22 00:00:00,AS-102401406,Alan Shonely,Consumer,United States,USCA,Eastern US,OFF-BI-3961,Office Supplies,Binders,Deluxe Heavy-Duty Vinyl Round Ring Binder,41.25600000000001,6,0.7,-34.38000000000001
TU-2015-SC10680134-42180,2015-06-25 00:00:00,SC-10680134,Steve Carroll,Home Office,Turkey,Asia Pacific,Western Asia,TEC-PH-3805,Technology,Phones,"Cisco Smart Phone, Cordless",1563.5520000000001,6,0.6,-781.848
CA-2015-AS10240140-42177,2015-06-22 00:00:00,AS-102401406,Alan Shonely,Consumer,United States,USCA,Eastern US,FUR-FU-6100,Furniture,Furnishings,"Stacking Tray, Side-Loading, Legal, Smoke",17.92,5,0.2,2.4639999999999986
ID-2015-DM130157-42158,2015-06-03 00:00:00,DM-130157,Darrin Martin,Consumer,Australia,Asia Pacific,Oceania,OFF-AP-3865,Office Supplies,Appliances,"Cuisinart Microwave, Red",1754.2979999999998,7,0.1,214.36799999999997
CA-2015-AB10255140-42172,2015-06-17 00:00:00,AB-102551404,Alejandro Ballentine,Home Office,United States,USCA,Western US,OFF-PA-6434,Office Supplies,Paper,Xerox 1885,192.16,4,0,92.23679999999999
CA-2015-AB10255140-42172,2015-06-17 00:00:00,AB-102551404,Alejandro Ballentine,Home Office,United States,USCA,Western US,OFF-SU-2971,Office Supplies,Supplies,Acme Elite Stainless Steel Scissors,16.68,2,0,4.3368
CA-2015-AB10255140-42172,2015-06-17 00:00:00,AB-102551404,Alejandro Ballentine,Home Office,United States,USCA,Western US,OFF-PA-6578,Office Supplies,Paper,Xerox 215,19.44,3,0,9.3312
CA-2015-AB10255140-42158,2015-06-03 00:00:00,AB-102551406,Alejandro Ballentine,Home Office,United States,USCA,Eastern US,OFF-ST-3059,Office Supplies,Storage,Advantus Rolling Storage Box,27.439999999999998,2,0.2,2.401
IN-2015-CM122357-42171,2015-06-16 00:00:00,CM-122357,Chris McAfee,Consumer,Australia,Asia Pacific,Oceania,FUR-BO-5951,Furniture,Bookcases,"Sauder Classic Bookcase, Traditional",3139.128,8,0.1,941.688
RS-2015-CC2370108-42178,2015-06-23 00:00:00,CC-2370108,Christopher Conant,Consumer,Russia,Europe,Eastern Europe,OFF-ST-5693,Office Supplies,Storage,"Rogers File Cart, Single Width",1136.64,8,0,181.68
IN-2015-GM1469527-42163,2015-06-08 00:00:00,GM-1469527,Greg Maxwell,Corporate,China,Asia Pacific,Eastern Asia,OFF-AP-4966,Office Supplies,Appliances,"KitchenAid Stove, Silver",1141.8000000000002,2,0,479.52
CA-2015-AB10255140-42158,2015-06-03 00:00:00,AB-102551406,Alejandro Ballentine,Home Office,United States,USCA,Eastern US,TEC-PH-3880,Technology,Phones,Cush Cases Heavy Duty Rugged Cover Case for Samsung Galaxy S5 - Purple,2.97,1,0.4,-0.6435000000000002
ES-2015-MO1750045-42164,2015-06-09 00:00:00,MO-1750045,Mary O'Rourke,Consumer,France,Europe,Western Europe,TEC-MA-5501,Technology,Machines,"Okidata Inkjet, Durable",1062.534,4,0.15,-175.02600000000004
MX-2015-SP2086018-42164,2015-06-09 00:00:00,SP-2086018,Sung Pak,Corporate,Brazil,LATAM,South America,TEC-CO-4590,Technology,Copiers,"Hewlett Wireless Fax, Color",1523.4669599999997,6,0.002,241.14695999999998
IR-2015-SF1096560-42166,2015-06-11 00:00:00,SF-1096560,Sylvia Foulston,Corporate,Iran,Asia Pacific,Southern Asia,TEC-PH-5268,Technology,Phones,"Motorola Smart Phone, Full Size",1287.96,2,0,386.34000000000003
ES-2015-MG1820514-42167,2015-06-12 00:00:00,MG-1820514,Mitch Gastineau,Corporate,Belgium,Europe,Western Europe,FUR-BO-4863,Furniture,Bookcases,"Ikea Library with Doors, Traditional",726.78,2,0,319.74
CA-2015-AA10315140-42185,2015-06-30 00:00:00,AA-103151402,Alex Avila,Consumer,United States,USCA,Central US,OFF-AP-3362,Office Supplies,Appliances,"Belkin 325VA UPS Surge Protector, 6'",362.94,3,0,90.73500000000001
ES-2015-JK1609048-42175,2015-06-20 00:00:00,JK-1609048,Juliana Krohn,Consumer,Germany,Europe,Western Europe,OFF-AP-3872,Office Supplies,Appliances,"Cuisinart Stove, Black",967.8960000000001,2,0.1,247.29600000000002
CA-2015-AA10315140-42185,2015-06-30 00:00:00,AA-103151402,Alex Avila,Consumer,United States,USCA,Central US,OFF-BI-3259,Office Supplies,Binders,Avery Binding System Hidden Tab Executive Style Index Sets,11.54,2,0,5.77
IN-2015-KE1642066-42174,2015-06-19 00:00:00,KE-1642066,Katrina Edelman,Corporate,Japan,Asia Pacific,Eastern Asia,FUR-CH-5411,Furniture,Chairs,"Novimex Swivel Stool, Adjustable",1168.65,7,0,292.11
IN-2015-CA1231011-42172,2015-06-17 00:00:00,CA-1231011,Christine Abelman,Corporate,Bangladesh,Asia Pacific,Southern Asia,TEC-MA-5016,Technology,Machines,"Konica Printer, White",798.7500000000002,3,0,311.49
SA-2015-RE9450110-42168,2015-06-13 00:00:00,RE-9450110,Richard Eichhorn,Consumer,Saudi Arabia,Asia Pacific,Western Asia,TEC-PH-5267,Technology,Phones,"Motorola Smart Phone, Cordless",2571.12,4,0,179.88
ID-2015-TT2146059-42185,2015-06-30 00:00:00,TT-2146059,Tonja Turnell,Home Office,Indonesia,Asia Pacific,Southeastern Asia,TEC-CO-3678,Technology,Copiers,"Canon Copy Machine, Color",1961.0351999999998,8,0.07,-147.6048
AG-2015-CL25653-42164,2015-06-09 00:00:00,CL-25653,Clay Ludtke,Consumer,Algeria,Africa,North Africa,OFF-AP-4963,Office Supplies,Appliances,"KitchenAid Refrigerator, White",1052.1599999999999,2,0,526.08
MX-2015-GT1475582-42157,2015-06-02 00:00:00,GT-1475582,Guy Thornton,Consumer,Mexico,LATAM,Central America,FUR-TA-3346,Furniture,Tables,"Barricks Conference Table, with Bottom Storage",967.552,2,0.2,-205.608
CA-2015-AR10405140-42175,2015-06-20 00:00:00,AR-104051406,Allen Rosenblatt,Corporate,United States,USCA,Eastern US,TEC-AC-6072,Technology,Accessories,Sony 16GB Class 10 Micro SDHC R40 Memory Card,103.12,8,0,10.311999999999998
CA-2015-AR10405140-42175,2015-06-20 00:00:00,AR-104051406,Allen Rosenblatt,Corporate,United States,USCA,Eastern US,OFF-PA-6498,Office Supplies,Paper,Xerox 1943,97.82,2,0,45.97539999999999
RS-2015-CC2370108-42178,2015-06-23 00:00:00,CC-2370108,Christopher Conant,Consumer,Russia,Europe,Eastern Europe,FUR-BO-5780,Furniture,Bookcases,"Safco Floating Shelf Set, Traditional",1180.44,6,0,519.3000000000001
ES-2015-TG2131045-42158,2015-06-03 00:00:00,TG-2131045,Toby Gnade,Consumer,France,Europe,Western Europe,OFF-ST-4057,Office Supplies,Storage,"Eldon File Cart, Single Width",808.731,7,0.1,296.331
ES-2015-HM14860139-42181,2015-06-26 00:00:00,HM-14860139,Harry Marie,Corporate,United Kingdom,Europe,Northern Europe,TEC-AC-5223,Technology,Accessories,"Memorex Router, Bluetooth",3200.7299999999996,13,0,1216.02
IN-2015-KD1649578-42159,2015-06-04 00:00:00,KD-1649578,Keith Dawkins,Corporate,Malaysia,Asia Pacific,Southeastern Asia,TEC-PH-5335,Technology,Phones,"Nokia Audio Dock, Cordless",1356.72,8,0,433.91999999999996
ES-2015-NC1841514-42180,2015-06-25 00:00:00,NC-1841514,Nathan Cano,Consumer,Belgium,Europe,Western Europe,TEC-PH-5337,Technology,Phones,"Nokia Audio Dock, VoIP",1334.6399999999999,8,0,373.68
BU-2015-CA226519-42162,2015-06-07 00:00:00,CA-226519,Christina Anderson,Consumer,Bulgaria,Europe,Eastern Europe,TEC-MA-6142,Technology,Machines,"StarTech Inkjet, Wireless",1811.3400000000001,6,0,0
US-2015-PO1885055-42164,2015-06-09 00:00:00,PO-1885055,Patrick O'Brill,Consumer,Honduras,LATAM,Central America,TEC-AC-5226,Technology,Accessories,"Memorex Router, USB",394.272,4,0.4,-256.288
ES-2015-DB13210139-42164,2015-06-09 00:00:00,DB-13210139,Dean Braden,Consumer,United Kingdom,Europe,Northern Europe,FUR-BO-3624,Furniture,Bookcases,"Bush Classic Bookcase, Metal",741.852,2,0.1,197.77200000000005
BO-2015-PB915013-42172,2015-06-17 00:00:00,PB-915013,Philip Brown,Consumer,Belarus,Europe,Eastern Europe,TEC-PH-3805,Technology,Phones,"Cisco Smart Phone, Cordless",1302.96,2,0,521.16
MX-2015-BM1165082-42171,2015-06-16 00:00:00,BM-1165082,Brian Moss,Corporate,Mexico,LATAM,Central America,TEC-CO-4790,Technology,Copiers,"HP Wireless Fax, Digital",1436.5212,6,0.002,587.1612000000001
MX-2015-OT1873031-42164,2015-06-09 00:00:00,OT-1873031,Olvera Toch,Consumer,Cuba,LATAM,Caribbean,FUR-CH-4544,Furniture,Chairs,"Harbour Creations Rocking Chair, Adjustable",398.88,4,0,143.52
AG-2015-RC99603-42185,2015-06-30 00:00:00,RC-99603,Ryan Crowe,Consumer,Algeria,Africa,North Africa,TEC-PH-5357,Technology,Phones,"Nokia Speaker Phone, Cordless",1008,8,0,433.43999999999994
ES-2015-BW11110139-42159,2015-06-04 00:00:00,BW-11110139,Bart Watters,Corporate,United Kingdom,Europe,Northern Europe,TEC-PH-5836,Technology,Phones,"Samsung Signal Booster, Full Size",413.64,3,0,198.53999999999996
IN-2015-GW1460558-42173,2015-06-18 00:00:00,GW-1460558,Giulietta Weimer,Consumer,India,Asia Pacific,Southern Asia,TEC-CO-3695,Technology,Copiers,"Canon Ink, Digital",587.16,4,0,146.76
IN-2015-JO1514566-42172,2015-06-17 00:00:00,JO-1514566,Jack O'Briant,Corporate,Japan,Asia Pacific,Eastern Asia,FUR-CH-5412,Furniture,Chairs,"Novimex Swivel Stool, Black",1134.2100000000003,7,0,249.48000000000002
PL-2015-JK6120103-42176,2015-06-21 00:00:00,JK-6120103,Julie Kriz,Home Office,Poland,Europe,Eastern Europe,FUR-CH-5449,Furniture,Chairs,"Office Star Rocking Chair, Set of Two",858.96,6,0,34.199999999999996
IN-2015-DV1346558-42175,2015-06-20 00:00:00,DV-1346558,Dianna Vittorini,Consumer,India,Asia Pacific,Southern Asia,FUR-BO-4862,Furniture,Bookcases,"Ikea Library with Doors, Pine",1094.22,3,0,328.23
US-2015-KB1660051-42182,2015-06-27 00:00:00,KB-1660051,Ken Brennan,Corporate,Guatemala,LATAM,Central America,FUR-TA-3346,Furniture,Tables,"Barricks Conference Table, with Bottom Storage",967.552,2,0.2,-205.608
ES-2015-BM1165045-42176,2015-06-21 00:00:00,BM-1165045,Brian Moss,Corporate,France,Europe,Western Europe,FUR-BO-5940,Furniture,Bookcases,"Sauder 3-Shelf Cabinet, Metal",598.104,4,0.1,166.10399999999998
ES-2015-GP14740139-42172,2015-06-17 00:00:00,GP-14740139,Guy Phonely,Corporate,United Kingdom,Europe,Northern Europe,TEC-MA-5511,Technology,Machines,"Okidata Printer, Red",1859.5500000000002,7,0,18.48
MX-2015-ZD2192582-42173,2015-06-18 00:00:00,ZD-2192582,Zuschuss Donatelli,Consumer,Mexico,LATAM,Central America,TEC-CO-6000,Technology,Copiers,"Sharp Fax Machine, Laser",590.1174,3,0.002,69.73740000000001
IN-2015-SC2005058-42183,2015-06-28 00:00:00,SC-2005058,Sample Company A,Home Office,India,Asia Pacific,Southern Asia,TEC-CO-6008,Technology,Copiers,"Sharp Personal Copier, Laser",240,2,0,88.80000000000001
ID-2015-DM130157-42158,2015-06-03 00:00:00,DM-130157,Darrin Martin,Consumer,Australia,Asia Pacific,Oceania,OFF-ST-6048,Office Supplies,Storage,"Smead Lockers, Single Width",714.42,4,0.1,277.74
IV-2015-PN877529-42156,2015-06-01 00:00:00,PN-877529,Parhena Norris,Home Office,Cote d'Ivoire,Africa,Western Africa,OFF-ST-4266,Office Supplies,Storage,"Fellowes Lockers, Blue",414.65999999999997,2,0,107.76
US-2015-CM12655143-42185,2015-06-30 00:00:00,CM-12655143,Corinna Mitchell,Home Office,Venezuela,LATAM,South America,FUR-TA-5060,Furniture,Tables,"Lesro Conference Table, with Bottom Storage",514.5480000000001,3,0.7,-720.3719999999998
ES-2015-EL13735120-42159,2015-06-04 00:00:00,EL-13735120,Ed Ludwig,Home Office,Spain,Europe,Southern Europe,OFF-AP-3875,Office Supplies,Appliances,"Cuisinart Stove, White",536.4300000000001,1,0,91.17
MX-2015-EM1420082-42161,2015-06-06 00:00:00,EM-1420082,Evan Minnotte,Home Office,Mexico,LATAM,Central America,FUR-CH-5395,Furniture,Chairs,"Novimex Rocking Chair, Black",619.2,9,0.2,108.35999999999999
US-2015-AG10675140-42165,2015-06-10 00:00:00,AG-106751408,Anna Gayman,Consumer,United States,USCA,Southern US,OFF-FA-6129,Office Supplies,Fasteners,Staples,49.12,4,0,23.086399999999998
SU-2015-EM4200122-42178,2015-06-23 00:00:00,EM-4200122,Evan Minnotte,Home Office,Sudan,Africa,North Africa,OFF-AP-3869,Office Supplies,Appliances,"Cuisinart Refrigerator, Red",992.1599999999999,2,0,248.04000000000002
MX-2015-VG2179051-42185,2015-06-30 00:00:00,VG-2179051,Vivek Gonzalez,Consumer,Guatemala,LATAM,Central America,TEC-AC-3405,Technology,Accessories,"Belkin Router, USB",517.9200000000001,3,0,176.04
IN-2015-IM1507059-42157,2015-06-02 00:00:00,IM-1507059,Irene Maddox,Consumer,Indonesia,Asia Pacific,Southeastern Asia,FUR-BO-5949,Furniture,Bookcases,"Sauder Classic Bookcase, Mobile",815.6285999999999,2,0.07,43.84859999999999
IN-2015-MC1759027-42167,2015-06-12 00:00:00,MC-1759027,Matt Collister,Corporate,China,Asia Pacific,Eastern Asia,TEC-MA-5002,Technology,Machines,"Konica Card Printer, Durable",1227.0300000000002,7,0,73.5
SY-2015-EK3795126-42157,2015-06-02 00:00:00,EK-3795126,Eileen Kiefer,Home Office,Syria,Asia Pacific,Western Asia,TEC-CO-3609,Technology,Copiers,"Brother Wireless Fax, Digital",378.45000000000005,1,0,34.05
US-2015-AM10705140-42181,2015-06-26 00:00:00,AM-107051404,Anne McFarland,Consumer,United States,USCA,Western US,FUR-TA-3754,Furniture,Tables,"Chromcraft Bull-Nose Wood Round Conference Table Top, Wood Base",871.4,4,0,148.13799999999992
IN-2015-CC1237058-42160,2015-06-05 00:00:00,CC-1237058,Christopher Conant,Consumer,India,Asia Pacific,Southern Asia,TEC-CO-6008,Technology,Copiers,"Sharp Personal Copier, Laser",1320,11,0,488.4000000000001
MX-2015-DB1336051-42185,2015-06-30 00:00:00,DB-1336051,Dennis Bolton,Home Office,Guatemala,LATAM,Central America,FUR-CH-5803,Furniture,Chairs,"SAFCO Steel Folding Chair, Set of Two",469.12,8,0,220.48000000000002
KE-2015-LW712569-42183,2015-06-28 00:00:00,LW-712569,Liz Willingham,Consumer,Kenya,Africa,Eastern Africa,OFF-ST-4267,Office Supplies,Storage,"Fellowes Lockers, Industrial",831.24,4,0,365.64
ES-2015-BV1124548-42164,2015-06-09 00:00:00,BV-1124548,Benjamin Venier,Corporate,Germany,Europe,Western Europe,OFF-ST-4056,Office Supplies,Storage,"Eldon File Cart, Industrial",805.7070000000001,7,0.1,17.787000000000006
ES-2015-JW1522045-42172,2015-06-17 00:00:00,JW-1522045,Jane Waco,Corporate,France,Europe,Western Europe,FUR-CH-5441,Furniture,Chairs,"Office Star Executive Leather Armchair, Adjustable",2114.64,5,0.1,23.49000000000001
IN-2015-MB173057-42179,2015-06-24 00:00:00,MB-173057,Maria Bertelson,Consumer,Australia,Asia Pacific,Oceania,FUR-CH-5379,Furniture,Chairs,"Novimex Executive Leather Armchair, Black",1236.465,3,0.1,-96.255
ES-2015-DB1291048-42185,2015-06-30 00:00:00,DB-1291048,Daniel Byrd,Home Office,Germany,Europe,Western Europe,FUR-CH-4654,Furniture,Chairs,"Hon Executive Leather Armchair, Adjustable",1227.7169999999996,3,0.1,13.617000000000047
BO-2015-AA31513-42160,2015-06-05 00:00:00,AA-31513,Alex Avila,Consumer,Belarus,Europe,Eastern Europe,TEC-CO-3708,Technology,Copiers,"Canon Wireless Fax, Digital",756.6,2,0,332.88
ID-2015-EM140957-42176,2015-06-21 00:00:00,EM-140957,Eudokia Martin,Corporate,Australia,Asia Pacific,Oceania,FUR-BO-3896,Furniture,Bookcases,"Dania Corner Shelving, Traditional",878.904,8,0.1,-0.21600000000000819
IT-2015-BN1147064-42174,2015-06-19 00:00:00,BN-1147064,Brad Norvell,Corporate,Italy,Europe,Southern Europe,FUR-TA-3346,Furniture,Tables,"Barricks Conference Table, with Bottom Storage",1360.62,3,0.5,-979.6499999999999
MX-2015-TG2164082-42173,2015-06-18 00:00:00,TG-2164082,Trudy Glocke,Consumer,Mexico,LATAM,Central America,FUR-BO-3897,Furniture,Bookcases,"Dania Floating Shelf Set, Metal",540.1920000000001,6,0.2,141.79199999999994
ES-2015-JA15970139-42184,2015-06-29 00:00:00,JA-15970139,Joseph Airdo,Consumer,United Kingdom,Europe,Northern Europe,FUR-CH-5773,Furniture,Chairs,"SAFCO Executive Leather Armchair, Adjustable",1391.7599999999998,3,0,97.38
IN-2015-SO203357-42178,2015-06-23 00:00:00,SO-203357,Sean O'Donnell,Consumer,Australia,Asia Pacific,Oceania,FUR-CH-4655,Furniture,Chairs,"Hon Executive Leather Armchair, Black",822.8519999999999,3,0.4,-411.4979999999999
ES-2015-TM2101044-42159,2015-06-04 00:00:00,TM-2101044,Tamara Manning,Consumer,Finland,Europe,Northern Europe,FUR-BO-5779,Furniture,Bookcases,"Safco Floating Shelf Set, Pine",594.27,3,0,89.10000000000001
KE-2015-SU1066569-42164,2015-06-09 00:00:00,SU-1066569,Stephanie Ulpright,Home Office,Kenya,Africa,Eastern Africa,OFF-ST-6049,Office Supplies,Storage,"Smead Lockers, Wire Frame",1579.92,8,0,142.07999999999998
IN-2015-GW1460558-42173,2015-06-18 00:00:00,GW-1460558,Giulietta Weimer,Consumer,India,Asia Pacific,Southern Asia,TEC-AC-4166,Technology,Accessories,"Enermax Memory Card, USB",458.4,4,0,73.32000000000001
ES-2015-AT1073548-42173,2015-06-18 00:00:00,AT-1073548,Annie Thurman,Consumer,Germany,Europe,Western Europe,OFF-ST-4259,Office Supplies,Storage,"Fellowes File Cart, Single Width",370.81800000000004,3,0.1,-41.202000000000005
MZ-2015-JW522087-42183,2015-06-28 00:00:00,JW-522087,Jane Waco,Corporate,Mozambique,Africa,Eastern Africa,OFF-FA-3062,Office Supplies,Fasteners,"Advantus Rubber Bands, Bulk Pack",199.07999999999998,12,0,65.52
IN-2015-TP211307-42173,2015-06-18 00:00:00,TP-211307,Theone Pippenger,Consumer,Australia,Asia Pacific,Oceania,FUR-CH-5773,Furniture,Chairs,"SAFCO Executive Leather Armchair, Adjustable",835.0559999999999,2,0.1,-27.86399999999999
ES-2015-TS2143045-42180,2015-06-25 00:00:00,TS-2143045,Tom Stivers,Corporate,France,Europe,Western Europe,TEC-CO-3696,Technology,Copiers,"Canon Ink, High-Speed",370.6424999999999,3,0.15,74.0925
ES-2015-RD19480120-42165,2015-06-10 00:00:00,RD-19480120,Rick Duston,Consumer,Spain,Europe,Southern Europe,TEC-MA-5007,Technology,Machines,"Konica Inkjet, White",559.0620000000001,2,0.1,173.92200000000003
ES-2015-KL16645139-42163,2015-06-08 00:00:00,KL-16645139,Ken Lonsdale,Consumer,United Kingdom,Europe,Northern Europe,TEC-CO-3591,Technology,Copiers,"Brother Fax and Copier, Color",578.79,3,0,138.87
MX-2015-FH1435039-42178,2015-06-23 00:00:00,FH-1435039,Fred Harton,Consumer,El Salvador,LATAM,Central America,FUR-BO-4857,Furniture,Bookcases,"Ikea Floating Shelf Set, Mobile",806.6800000000001,7,0,338.8
IN-2015-DG1330058-42166,2015-06-11 00:00:00,DG-1330058,Deirdre Greer,Corporate,India,Asia Pacific,Southern Asia,FUR-CH-5413,Furniture,Chairs,"Novimex Swivel Stool, Red",493.38,3,0,123.29999999999998
US-2015-CR1282055-42165,2015-06-10 00:00:00,CR-1282055,Cyra Reiten,Home Office,Honduras,LATAM,Central America,TEC-PH-3148,Technology,Phones,"Apple Smart Phone, Full Size",765,3,0.4,-331.5
ID-2015-PP189557-42161,2015-06-06 00:00:00,PP-189557,Paul Prost,Home Office,Australia,Asia Pacific,Oceania,FUR-CH-5446,Furniture,Chairs,"Office Star Rocking Chair, Adjustable",1161.54,9,0.1,-103.41
MX-2015-JD1615018-42167,2015-06-12 00:00:00,JD-1615018,Justin Deggeller,Corporate,Brazil,LATAM,South America,FUR-FU-4066,Furniture,Furnishings,"Eldon Frame, Durable",377.6000000000001,5,0,105.7
IN-2015-PG18895130-42168,2015-06-13 00:00:00,PG-18895130,Paul Gonzalez,Consumer,Thailand,Asia Pacific,Southeastern Asia,TEC-MA-5001,Technology,Machines,"Konica Calculator, Wireless",514.2348,12,0.17,192.03480000000002
IN-2015-AJ109607-42173,2015-06-18 00:00:00,AJ-109607,Astrea Jones,Consumer,Australia,Asia Pacific,Oceania,FUR-BO-5748,Furniture,Bookcases,"Safco 3-Shelf Cabinet, Traditional",607.8240000000001,4,0.1,60.744
ES-2015-AF1087045-42168,2015-06-13 00:00:00,AF-1087045,Art Ferguson,Consumer,France,Europe,Western Europe,FUR-CH-5406,Furniture,Chairs,"Novimex Steel Folding Chair, Adjustable",228.74400000000003,3,0.1,10.134000000000007
ID-2015-DS1318059-42159,2015-06-04 00:00:00,DS-1318059,David Smith,Corporate,Indonesia,Asia Pacific,Southeastern Asia,FUR-BO-5954,Furniture,Bookcases,"Sauder Corner Shelving, Pine",1105.956,8,0.07,130.596
ES-2015-AS10225120-42181,2015-06-26 00:00:00,AS-10225120,Alan Schoenberger,Corporate,Spain,Europe,Southern Europe,TEC-PH-5812,Technology,Phones,"Samsung Audio Dock, Cordless",916.2720000000002,6,0.1,81.43200000000002
MX-2015-TB2159582-42158,2015-06-03 00:00:00,TB-2159582,Troy Blackwell,Consumer,Mexico,LATAM,Central America,OFF-ST-4266,Office Supplies,Storage,"Fellowes Lockers, Blue",1243.98,9,0,597.06
IV-2015-PN877529-42156,2015-06-01 00:00:00,PN-877529,Parhena Norris,Home Office,Cote d'Ivoire,Africa,Western Africa,FUR-BO-5787,Furniture,Bookcases,"Safco Library with Doors, Pine",391.14,1,0,195.57
IN-2015-JG1580559-42173,2015-06-18 00:00:00,JG-1580559,John Grady,Corporate,Indonesia,Asia Pacific,Southeastern Asia,FUR-CH-5446,Furniture,Chairs,"Office Star Rocking Chair, Adjustable",523.41,5,0.27,-179.34000000000003
MX-2015-DL128655-42161,2015-06-06 00:00:00,DL-128655,Dan Lawera,Consumer,Argentina,LATAM,South America,TEC-CO-3611,Technology,Copiers,"Brother Wireless Fax, Laser",755.0946,5,0.402,-419.3054
MX-2015-EH1418531-42166,2015-06-11 00:00:00,EH-1418531,Evan Henry,Consumer,Cuba,LATAM,Caribbean,OFF-ST-6248,Office Supplies,Storage,"Tenex File Cart, Single Width",447.2,5,0,147.5
IN-2015-DS1303058-42173,2015-06-18 00:00:00,DS-1303058,Darrin Sayre,Home Office,India,Asia Pacific,Southern Asia,FUR-BO-3886,Furniture,Bookcases,"Dania 3-Shelf Cabinet, Mobile",863.8199999999999,6,0,0
ES-2015-SN2071014-42181,2015-06-26 00:00:00,SN-2071014,Steve Nguyen,Home Office,Belgium,Europe,Western Europe,OFF-ST-5693,Office Supplies,Storage,"Rogers File Cart, Single Width",1133.04,8,0,294.48
MX-2015-BS1175551-42183,2015-06-28 00:00:00,BS-1175551,Bruce Stewart,Consumer,Guatemala,LATAM,Central America,OFF-AP-4501,Office Supplies,Appliances,"Hamilton Beach Refrigerator, Black",999.1199999999999,3,0,179.82
IN-2015-PF191657-42164,2015-06-09 00:00:00,PF-191657,Philip Fox,Consumer,Australia,Asia Pacific,Oceania,OFF-ST-4260,Office Supplies,Storage,"Fellowes File Cart, Wire Frame",327.31200000000007,4,0.4,5.351999999999947
TZ-2015-AG900129-42173,2015-06-18 00:00:00,AG-900129,Arthur Gainer,Consumer,Tanzania,Africa,Eastern Africa,TEC-MA-5517,Technology,Machines,"Okidata Receipt Printer, Wireless",1106.19,10,0.1,208.89000000000001
ES-2015-DK1309045-42158,2015-06-03 00:00:00,DK-1309045,Dave Kipp,Consumer,France,Europe,Western Europe,OFF-ST-6048,Office Supplies,Storage,"Smead Lockers, Single Width",1428.84,8,0.1,555.48
MX-2015-AG1049582-42169,2015-06-14 00:00:00,AG-1049582,Andrew Gjertsen,Corporate,Mexico,LATAM,Central America,FUR-TA-3442,Furniture,Tables,"Bevis Wood Table, with Bottom Storage",569.184,2,0.2,14.224
ES-2015-EH13945139-42179,2015-06-24 00:00:00,EH-13945139,Eric Hoffmann,Consumer,United Kingdom,Europe,Northern Europe,TEC-PH-5336,Technology,Phones,"Nokia Audio Dock, Full Size",604.908,4,0.1,47.02799999999999
ZA-2015-JB6045147-42165,2015-06-10 00:00:00,JB-6045147,Julia Barnett,Home Office,Zimbabwe,Africa,Eastern Africa,FUR-CH-4547,Furniture,Chairs,"Harbour Creations Rocking Chair, Set of Two",627.228,14,0.7,-1087.2119999999995
IN-2015-BD1177027-42165,2015-06-10 00:00:00,BD-1177027,Bryan Davis,Consumer,China,Asia Pacific,Eastern Asia,TEC-PH-3802,Technology,Phones,"Cisco Signal Booster, VoIP",1215.3600000000001,8,0,413.04
IN-2015-SC2005058-42183,2015-06-28 00:00:00,SC-2005058,Sample Company A,Home Office,India,Asia Pacific,Southern Asia,FUR-FU-3024,Furniture,Furnishings,"Advantus Clock, Duo Pack",205.8,4,0,30.839999999999996
ES-2015-LC1705048-42161,2015-06-06 00:00:00,LC-1705048,Liz Carlisle,Consumer,Germany,Europe,Western Europe,FUR-CH-5442,Furniture,Chairs,"Office Star Executive Leather Armchair, Black",1682.7479999999998,4,0.1,-56.17199999999997
MX-2015-GH1448551-42165,2015-06-10 00:00:00,GH-1448551,Gene Hale,Corporate,Guatemala,LATAM,Central America,FUR-BO-5950,Furniture,Bookcases,"Sauder Classic Bookcase, Pine",583.12,2,0,274.04
MX-2015-DM1352582-42174,2015-06-19 00:00:00,DM-1352582,Don Miller,Corporate,Mexico,LATAM,Central America,FUR-BO-3895,Furniture,Bookcases,"Dania Corner Shelving, Pine",263.296,4,0.2,3.216000000000008
US-2015-HG1484551-42171,2015-06-16 00:00:00,HG-1484551,Harry Greene,Consumer,Guatemala,LATAM,Central America,FUR-TA-4691,Furniture,Tables,"Hon Round Table, Rectangular",2190.848,8,0.2,-410.912
IN-2015-MK1816059-42174,2015-06-19 00:00:00,MK-1816059,Mike Kennedy,Consumer,Indonesia,Asia Pacific,Southeastern Asia,OFF-AR-3447,Office Supplies,Art,"BIC Canvas, Blue",274.4069999999999,7,0.27,-94.14300000000001
US-2015-BB10990140-42157,2015-06-02 00:00:00,BB-109901406,Barry Blumstein,Corporate,United States,USCA,Eastern US,OFF-AP-4219,Office Supplies,Appliances,"Eureka Sanitaire  Multi-Pro Heavy-Duty Upright, Disposable Bags",17.480000000000004,5,0.2,1.311
ES-2015-AG1027045-42173,2015-06-18 00:00:00,AG-1027045,Alejandro Grove,Consumer,France,Europe,Western Europe,OFF-ST-5692,Office Supplies,Storage,"Rogers File Cart, Industrial",1019.5200000000002,8,0.1,79.19999999999996
PL-2015-EH4005103-42173,2015-06-18 00:00:00,EH-4005103,Erica Hernandez,Home Office,Poland,Europe,Eastern Europe,FUR-TA-4692,Furniture,Tables,"Hon Round Table, with Bottom Storage",1031.82,2,0,20.580000000000002
ES-2015-DW13480139-42185,2015-06-30 00:00:00,DW-13480139,Dianna Wilson,Home Office,United Kingdom,Europe,Northern Europe,OFF-BI-3257,Office Supplies,Binders,"Avery Binding Machine, Economy",293.04,6,0,35.099999999999994
US-2015-PS1904598-42172,2015-06-17 00:00:00,PS-1904598,Penelope Sewall,Home Office,Panama,LATAM,Central America,OFF-AP-4500,Office Supplies,Appliances,"Hamilton Beach Microwave, White",449.03999999999996,4,0.4,-164.72000000000003
ID-2015-RM19375130-42180,2015-06-25 00:00:00,RM-19375130,Raymond Messe,Consumer,Thailand,Asia Pacific,Southeastern Asia,TEC-AC-4165,Technology,Accessories,"Enermax Memory Card, Programmable",368.5302,6,0.47000000000000003,-55.72980000000001
MX-2015-MR1754539-42169,2015-06-14 00:00:00,MR-1754539,Mathew Reese,Home Office,El Salvador,LATAM,Central America,FUR-CH-5414,Furniture,Chairs,"Novimex Swivel Stool, Set of Two",666.84,6,0,246.71999999999997
ID-2015-PP189557-42161,2015-06-06 00:00:00,PP-189557,Paul Prost,Home Office,Australia,Asia Pacific,Oceania,FUR-BO-4850,Furniture,Bookcases,"Ikea Classic Bookcase, Pine",743.5799999999999,2,0.1,-66.12
CA-2015-BW11065140-42157,2015-06-02 00:00:00,BW-110651406,Barry Weirich,Consumer,United States,USCA,Eastern US,OFF-ST-6296,Office Supplies,Storage,"Tennsco Stur-D-Stor Boltless Shelving, 5 Shelves, 24"" Deep, Sand",324.744,3,0.2,-77.12669999999997
CA-2015-BW106523-42182,2015-06-27 00:00:00,BW-106523,Barry Weirich,Consumer,Canada,USCA,Canada,OFF-ST-6038,Office Supplies,Storage,"Smead Folders, Blue",69.96000000000001,4,0,8.28
ES-2015-BV1124548-42164,2015-06-09 00:00:00,BV-1124548,Benjamin Venier,Corporate,Germany,Europe,Western Europe,TEC-MA-5549,Technology,Machines,"Panasonic Inkjet, Wireless",624.1800000000001,2,0,43.68
ES-2015-DP1339045-42182,2015-06-27 00:00:00,DP-1339045,Dennis Pardue,Home Office,France,Europe,Western Europe,TEC-MA-4204,Technology,Machines,"Epson Phone, Wireless",619.4205,9,0.15,218.47050000000002
IN-2015-DB133607-42179,2015-06-24 00:00:00,DB-133607,Dennis Bolton,Home Office,Australia,Asia Pacific,Oceania,TEC-PH-5259,Technology,Phones,"Motorola Office Telephone, Cordless",402.8939999999999,6,0.1,53.69400000000002
ES-2015-AC1061545-42185,2015-06-30 00:00:00,AC-1061545,Ann Chong,Corporate,France,Europe,Western Europe,OFF-ST-6046,Office Supplies,Storage,"Smead Lockers, Blue",535.7340000000002,3,0.1,41.633999999999986
IN-2015-MC1759027-42167,2015-06-12 00:00:00,MC-1759027,Matt Collister,Corporate,China,Asia Pacific,Eastern Asia,FUR-CH-5456,Furniture,Chairs,"Office Star Swivel Stool, Red",1217.58,7,0,267.75
IN-2015-RB1933058-42164,2015-06-09 00:00:00,RB-1933058,Randy Bradley,Consumer,India,Asia Pacific,Southern Asia,FUR-BO-5954,Furniture,Bookcases,"Sauder Corner Shelving, Pine",445.95000000000005,3,0,80.19
IN-2015-AB102557-42179,2015-06-24 00:00:00,AB-102557,Alejandro Ballentine,Home Office,Australia,Asia Pacific,Oceania,TEC-CO-3695,Technology,Copiers,"Canon Ink, Digital",528.444,4,0.1,88.04399999999998
ES-2015-AJ1096064-42162,2015-06-07 00:00:00,AJ-1096064,Astrea Jones,Consumer,Italy,Europe,Southern Europe,FUR-BO-4865,Furniture,Bookcases,"Ikea Stackable Bookrack, Mobile",875.7,7,0,420.21000000000004
ID-2015-PO18865102-42168,2015-06-13 00:00:00,PO-18865102,Patrick O'Donnell,Consumer,Philippines,Asia Pacific,Southeastern Asia,TEC-CO-4570,Technology,Copiers,"Hewlett Copy Machine, Laser",684.606,4,0.35,-63.23399999999998
MZ-2015-JW522087-42183,2015-06-28 00:00:00,JW-522087,Jane Waco,Corporate,Mozambique,Africa,Eastern Africa,FUR-BO-5762,Furniture,Bookcases,"Safco Classic Bookcase, Pine",879,2,0,35.160000000000004
ES-2015-JK1532545-42179,2015-06-24 00:00:00,JK-1532545,Jason Klamczynski,Corporate,France,Europe,Western Europe,OFF-AR-6127,Office Supplies,Art,"Stanley Sketch Pad, Fluorescent",182.76,4,0,29.160000000000004
ES-2015-MZ1733564-42174,2015-06-19 00:00:00,MZ-1733564,Maria Zettner,Home Office,Italy,Europe,Southern Europe,TEC-AC-5204,Technology,Accessories,"Memorex Memory Card, Erganomic",800.6399999999999,8,0,144
MX-2015-LS1723093-42179,2015-06-24 00:00:00,LS-1723093,Lycoris Saunders,Consumer,Nicaragua,LATAM,Central America,FUR-BO-4847,Furniture,Bookcases,"Ikea 3-Shelf Cabinet, Traditional",474.8,5,0,137.6
US-2015-BC11125140-42167,2015-06-12 00:00:00,BC-111251404,Becky Castell,Home Office,United States,USCA,Western US,OFF-ST-4273,Office Supplies,Storage,Fellowes Officeware Wire Shelving,215.592,3,0.2,-48.50820000000001
US-2015-BC11125140-42167,2015-06-12 00:00:00,BC-111251404,Becky Castell,Home Office,United States,USCA,Western US,FUR-CH-4416,Furniture,Chairs,Global Leather Executive Chair,280.79200000000003,1,0.2,35.09899999999996
US-2015-BC11125140-42167,2015-06-12 00:00:00,BC-111251404,Becky Castell,Home Office,United States,USCA,Western US,OFF-ST-6079,Office Supplies,Storage,"Sortfiler Multipurpose Personal File Organizer, Black",68.44800000000001,4,0.2,7.700399999999995
US-2015-GH1441018-42158,2015-06-03 00:00:00,GH-1441018,Gary Hansen,Home Office,Brazil,LATAM,South America,TEC-CO-4774,Technology,Copiers,"HP Fax Machine, Digital",635.90848,8,0.602,-786.17152
MX-2015-BE1133582-42161,2015-06-06 00:00:00,BE-1133582,Bill Eplett,Home Office,Mexico,LATAM,Central America,TEC-PH-3815,Technology,Phones,"Cisco Speaker Phone, Cordless",565.32,6,0,129.95999999999998
US-2015-BC11125140-42167,2015-06-12 00:00:00,BC-111251404,Becky Castell,Home Office,United States,USCA,Western US,OFF-AR-3519,Office Supplies,Art,Boston 16801 Nautilus Battery Pencil Sharpener,88.04,5,0.2,6.602999999999998
US-2015-BC11125140-42167,2015-06-12 00:00:00,BC-111251404,Becky Castell,Home Office,United States,USCA,Western US,OFF-AR-5296,Office Supplies,Art,Newell 319,15.872,1,0.2,1.9839999999999982
MX-2015-RD1993082-42182,2015-06-27 00:00:00,RD-1993082,Russell D'Ascenzo,Consumer,Mexico,LATAM,Central America,OFF-AP-4969,Office Supplies,Appliances,"KitchenAid Toaster, Red",170.64,3,0,73.32000000000001
ES-2015-MW18235139-42173,2015-06-18 00:00:00,MW-18235139,Mitch Willingham,Corporate,United Kingdom,Europe,Northern Europe,TEC-PH-3800,Technology,Phones,"Cisco Signal Booster, Cordless",618.72,4,0,37.08
SF-2015-JM5655117-42175,2015-06-20 00:00:00,JM-5655117,Jim Mitchum,Corporate,South Africa,Africa,Southern Africa,FUR-CH-5378,Furniture,Chairs,"Novimex Executive Leather Armchair, Adjustable",460.43999999999994,1,0,64.44
ES-2015-DL1333048-42165,2015-06-10 00:00:00,DL-1333048,Denise Leinenbach,Consumer,Germany,Europe,Western Europe,TEC-PH-3128,Technology,Phones,"Apple Audio Dock, Full Size",840.9000000000001,5,0,75.60000000000001
IN-2015-ED1388558-42168,2015-06-13 00:00:00,ED-1388558,Emily Ducich,Home Office,India,Asia Pacific,Southern Asia,TEC-PH-3801,Technology,Phones,"Cisco Signal Booster, Full Size",1071.8400000000001,7,0,107.1
IT-2015-CT1199545-42171,2015-06-16 00:00:00,CT-1199545,Carol Triggs,Consumer,France,Europe,Western Europe,TEC-PH-5262,Technology,Phones,"Motorola Office Telephone, with Caller ID",426.9719999999999,7,0.15,-50.35799999999999
IN-2015-CS1250558-42173,2015-06-18 00:00:00,CS-1250558,Cindy Stewart,Consumer,India,Asia Pacific,Southern Asia,TEC-CO-5990,Technology,Copiers,"Sharp Copy Machine, Color",963.3599999999999,4,0,154.07999999999998
ES-2015-NW1840045-42179,2015-06-24 00:00:00,NW-1840045,Natalie Webber,Consumer,France,Europe,Western Europe,FUR-TA-4706,Furniture,Tables,"Hon Training Table, Fully Assembled",868.8420000000001,4,0.35,66.76199999999994
MX-2015-NC1834039-42165,2015-06-10 00:00:00,NC-1834039,Nat Carroll,Consumer,El Salvador,LATAM,Central America,TEC-CO-3587,Technology,Copiers,"Brother Copy Machine, Color",519.93804,3,0.002,217.71804000000003
IN-2015-JB1600027-42185,2015-06-30 00:00:00,JB-1600027,Joy Bell-,Consumer,China,Asia Pacific,Eastern Asia,TEC-CO-4778,Technology,Copiers,"HP Ink, Digital",385.02,3,0,126.99
US-2015-AG10330143-42167,2015-06-12 00:00:00,AG-10330143,Alex Grayson,Consumer,Venezuela,LATAM,South America,TEC-CO-3681,Technology,Copiers,"Canon Copy Machine, Laser",209.01295999999996,2,0.402,-7.707039999999983
MX-2015-AS1009093-42178,2015-06-23 00:00:00,AS-1009093,Adam Shillingsburg,Consumer,Nicaragua,LATAM,Central America,FUR-BO-3628,Furniture,Bookcases,"Bush Corner Shelving, Metal",493.8,6,0,64.08
MX-2015-JS1588082-42171,2015-06-16 00:00:00,JS-1588082,John Stevenson,Consumer,Mexico,LATAM,Central America,TEC-PH-3128,Technology,Phones,"Apple Audio Dock, Full Size",560.6,5,0,61.6
US-2015-BW11200140-42164,2015-06-09 00:00:00,BW-112001402,Ben Wallace,Consumer,United States,USCA,Central US,OFF-BI-4371,Office Supplies,Binders,"GBC Twin Loop Wire Binding Elements, 9/16"" Spine, Black",12.175999999999998,4,0.8,-18.87280000000001
CA-2015-BW11200140-42166,2015-06-11 00:00:00,BW-112001404,Ben Wallace,Consumer,United States,USCA,Western US,OFF-AR-5332,Office Supplies,Art,Newell 351,16.4,5,0,4.7559999999999985
ES-2015-KB1640548-42180,2015-06-25 00:00:00,KB-1640548,Katrina Bavinger,Home Office,Germany,Europe,Western Europe,FUR-TA-3418,Furniture,Tables,"Bevis Computer Table, Fully Assembled",1631.916,6,0.44999999999999996,-504.5039999999998
ES-2015-CK12760139-42166,2015-06-11 00:00:00,CK-12760139,Cyma Kinney,Corporate,United Kingdom,Europe,Northern Europe,FUR-BO-5953,Furniture,Bookcases,"Sauder Corner Shelving, Mobile",449.46000000000004,3,0,134.82
IT-2015-HL15040120-42166,2015-06-11 00:00:00,HL-15040120,Hunter Lopez,Consumer,Spain,Europe,Southern Europe,OFF-ST-5700,Office Supplies,Storage,"Rogers Lockers, Blue",380.916,2,0.1,-12.744000000000007
IN-2015-SS2014059-42178,2015-06-23 00:00:00,SS-2014059,Saphhira Shifley,Corporate,Indonesia,Asia Pacific,Southeastern Asia,TEC-CO-4765,Technology,Copiers,"HP Copy Machine, Color",455.94179999999994,2,0.07,205.86180000000002
MX-2015-EM1382551-42181,2015-06-26 00:00:00,EM-1382551,Elizabeth Moffitt,Corporate,Guatemala,LATAM,Central America,OFF-ST-4057,Office Supplies,Storage,"Eldon File Cart, Single Width",256.7400000000001,3,0,0
SF-2015-MY8295117-42160,2015-06-05 00:00:00,MY-8295117,Muhammed Yedwab,Corporate,South Africa,Africa,Southern Africa,OFF-BI-6382,Office Supplies,Binders,"Wilson Jones Binding Machine, Clear",290.52,6,0,87.12
ES-2015-BC11125120-42185,2015-06-30 00:00:00,BC-11125120,Becky Castell,Home Office,Spain,Europe,Southern Europe,TEC-PH-5248,Technology,Phones,"Motorola Audio Dock, VoIP",780.57,5,0.1,164.67000000000002
ES-2015-AB1010564-42161,2015-06-06 00:00:00,AB-1010564,Adrian Barton,Consumer,Italy,Europe,Southern Europe,TEC-AC-5221,Technology,Accessories,"Memorex Numeric Keypad, Erganomic",373.68,8,0,59.760000000000005
ES-2015-RM1975048-42160,2015-06-05 00:00:00,RM-1975048,Roland Murray,Consumer,Germany,Europe,Western Europe,TEC-PH-3143,Technology,Phones,"Apple Signal Booster, Cordless",976.5000000000002,7,0,244.01999999999998
MX-2015-RK1930018-42181,2015-06-26 00:00:00,RK-1930018,Ralph Kennedy,Consumer,Brazil,LATAM,South America,FUR-CH-4682,Furniture,Chairs,"Hon Rocking Chair, Black",341.84000000000003,4,0,164.08
SG-2015-JH6180111-42158,2015-06-03 00:00:00,JH-6180111,Justin Hirsh,Consumer,Senegal,Africa,Western Africa,TEC-CO-4765,Technology,Copiers,"HP Copy Machine, Color",483.78,2,0,96.72
ES-2015-FH14365120-42165,2015-06-10 00:00:00,FH-14365120,Fred Hopkins,Corporate,Spain,Europe,Southern Europe,OFF-AP-3859,Office Supplies,Appliances,"Cuisinart Blender, White",390.78,6,0,148.32
SG-2015-RD9930111-42175,2015-06-20 00:00:00,RD-9930111,Russell D'Ascenzo,Consumer,Senegal,Africa,Western Africa,TEC-CO-3611,Technology,Copiers,"Brother Wireless Fax, Laser",378.81000000000006,1,0,140.13
MX-2015-VM2168518-42181,2015-06-26 00:00:00,VM-2168518,Valerie Mitchum,Home Office,Brazil,LATAM,South America,TEC-CO-4766,Technology,Copiers,"HP Copy Machine, High-Speed",648.54032,4,0.002,24.62032
CA-2015-BD11320140-42166,2015-06-11 00:00:00,BD-113201404,Bill Donatelli,Consumer,United States,USCA,Western US,TEC-PH-5095,Technology,Phones,"Logitech B530 USB Headset - headset - Full size, Binaural",88.77600000000001,3,0.2,7.767900000000001
CA-2015-BD11320140-42166,2015-06-11 00:00:00,BD-113201404,Bill Donatelli,Consumer,United States,USCA,Western US,OFF-LA-3234,Office Supplies,Labels,Avery 512,11.56,4,0,5.4332
CA-2015-BD11320140-42166,2015-06-11 00:00:00,BD-113201404,Bill Donatelli,Consumer,United States,USCA,Western US,OFF-ST-5594,Office Supplies,Storage,Personal File Boxes with Fold-Down Carry Handle,15.58,1,0,3.8949999999999996
US-2015-EA1403598-42178,2015-06-23 00:00:00,EA-1403598,Erin Ashbrook,Corporate,Panama,LATAM,Central America,TEC-CO-3681,Technology,Copiers,"Canon Copy Machine, Laser",418.0259199999999,4,0.402,-15.414079999999966
MX-2015-EM1420082-42161,2015-06-06 00:00:00,EM-1420082,Evan Minnotte,Home Office,Mexico,LATAM,Central America,OFF-ST-4057,Office Supplies,Storage,"Eldon File Cart, Single Width",427.9000000000002,5,0,0
UP-2015-KT6465137-42185,2015-06-30 00:00:00,KT-6465137,Kean Takahito,Consumer,Ukraine,Europe,Eastern Europe,OFF-ST-5703,Office Supplies,Storage,"Rogers Lockers, Wire Frame",421.38,2,0,105.30000000000001
MX-2015-CS1235551-42170,2015-06-15 00:00:00,CS-1235551,Christine Sundaresam,Consumer,Guatemala,LATAM,Central America,OFF-ST-5702,Office Supplies,Storage,"Rogers Lockers, Single Width",423.3,3,0,25.38
IN-2015-DB133607-42179,2015-06-24 00:00:00,DB-133607,Dennis Bolton,Home Office,Australia,Asia Pacific,Oceania,OFF-ST-5703,Office Supplies,Storage,"Rogers Lockers, Wire Frame",379.242,2,0.1,25.24199999999999
ID-2015-AB1001559-42178,2015-06-23 00:00:00,AB-1001559,Aaron Bergman,Consumer,Indonesia,Asia Pacific,Southeastern Asia,FUR-FU-3935,Furniture,Furnishings,"Deflect-O Door Stop, Erganomic",372.9132000000001,12,0.27,101.83319999999995
MX-2015-JH1591018-42166,2015-06-11 00:00:00,JH-1591018,Jonathan Howell,Consumer,Brazil,LATAM,South America,FUR-CH-4530,Furniture,Chairs,"Harbour Creations Executive Leather Armchair, Adjustable",942.3599999999999,3,0,292.08000000000004
IN-2015-ON1871527-42181,2015-06-26 00:00:00,ON-1871527,Odella Nelson,Corporate,China,Asia Pacific,Eastern Asia,TEC-PH-3127,Technology,Phones,"Apple Audio Dock, Cordless",339.48,2,0,27.119999999999997
IN-2015-MK1816059-42174,2015-06-19 00:00:00,MK-1816059,Mike Kennedy,Consumer,Indonesia,Asia Pacific,Southeastern Asia,FUR-BO-4867,Furniture,Bookcases,"Ikea Stackable Bookrack, Traditional",341.9982,3,0.07,80.81819999999999
ES-2015-LC1705048-42161,2015-06-06 00:00:00,LC-1705048,Liz Carlisle,Consumer,Germany,Europe,Western Europe,OFF-ST-4269,Office Supplies,Storage,"Fellowes Lockers, Wire Frame",557.28,3,0.1,216.71999999999997
IN-2015-DP133907-42160,2015-06-05 00:00:00,DP-133907,Dennis Pardue,Home Office,Australia,Asia Pacific,Oceania,FUR-TA-4645,Furniture,Tables,"Hon Conference Table, Adjustable Height",646.569,1,0.3,-55.43099999999998
ID-2015-MG178757-42166,2015-06-11 00:00:00,MG-178757,Michael Grace,Home Office,Australia,Asia Pacific,Oceania,TEC-MA-5572,Technology,Machines,"Panasonic Printer, Red",711.8280000000001,3,0.1,-79.09200000000001
MX-2015-PW1924036-42174,2015-06-19 00:00:00,PW-1924036,Pierre Wener,Consumer,Dominican Republic,LATAM,Caribbean,TEC-PH-5814,Technology,Phones,"Samsung Audio Dock, VoIP",623.168,7,0.2,225.84800000000004
MX-2015-OT1873031-42164,2015-06-09 00:00:00,OT-1873031,Olvera Toch,Consumer,Cuba,LATAM,Caribbean,FUR-CH-5758,Furniture,Chairs,"SAFCO Chairmat, Red",119.64000000000001,3,0,45.42
ID-2015-LH1702097-42171,2015-06-16 00:00:00,LH-1702097,Lisa Hazard,Consumer,Pakistan,Asia Pacific,Southern Asia,TEC-CO-4570,Technology,Copiers,"Hewlett Copy Machine, Laser",526.62,4,0.5,-221.22000000000003
MX-2015-NP1870028-42176,2015-06-21 00:00:00,NP-1870028,Nora Preis,Consumer,Colombia,LATAM,South America,OFF-PA-5886,Office Supplies,Paper,"SanDisk Note Cards, Premium",166.56,8,0,59.839999999999996
ES-2015-MS17530139-42166,2015-06-11 00:00:00,MS-17530139,MaryBeth Skach,Consumer,United Kingdom,Europe,Northern Europe,TEC-CO-6009,Technology,Copiers,"Sharp Wireless Fax, Color",1429.4399999999998,4,0,471.59999999999997
ES-2015-MV174858-42166,2015-06-11 00:00:00,MV-174858,Mark Van Huff,Consumer,Austria,Europe,Western Europe,OFF-AP-4490,Office Supplies,Appliances,"Hamilton Beach Blender, Black",352.35,5,0,17.549999999999997
RS-2015-VS11820108-42178,2015-06-23 00:00:00,VS-11820108,Vivek Sundaresam,Consumer,Russia,Europe,Eastern Europe,TEC-MA-5517,Technology,Machines,"Okidata Receipt Printer, Wireless",491.64,4,0,132.72
IN-2015-SJ2021527-42182,2015-06-27 00:00:00,SJ-2021527,Sarah Jordon,Consumer,China,Asia Pacific,Eastern Asia,FUR-CH-5394,Furniture,Chairs,"Novimex Rocking Chair, Adjustable",267.84000000000003,2,0,109.80000000000001
MX-2015-BS1180018-42161,2015-06-06 00:00:00,BS-1180018,Bryan Spruell,Home Office,Brazil,LATAM,South America,OFF-AP-4957,Office Supplies,Appliances,"KitchenAid Microwave, Red",827.5200000000001,4,0,182
ES-2015-AP1091545-42178,2015-06-23 00:00:00,AP-1091545,Arthur Prichep,Consumer,France,Europe,Western Europe,FUR-BO-5778,Furniture,Bookcases,"Safco Floating Shelf Set, Mobile",717.336,4,0.1,15.935999999999993
ES-2015-CH1207045-42173,2015-06-18 00:00:00,CH-1207045,Cathy Hwang,Home Office,France,Europe,Western Europe,OFF-ST-6057,Office Supplies,Storage,"Smead Shelving, Blue",572.4809999999999,13,0.1,127.10099999999998
MX-2015-JC1610518-42185,2015-06-30 00:00:00,JC-1610518,Julie Creighton,Corporate,Brazil,LATAM,South America,TEC-CO-3687,Technology,Copiers,"Canon Fax Machine, Digital",634.7878799999999,3,0.002,62.32788000000001
MX-2015-GT1475582-42157,2015-06-02 00:00:00,GT-1475582,Guy Thornton,Consumer,Mexico,LATAM,Central America,OFF-BI-6372,Office Supplies,Binders,"Wilson Jones 3-Hole Punch, Recycled",207.90000000000003,11,0,41.58
MX-2015-JH1591018-42166,2015-06-11 00:00:00,JH-1591018,Jonathan Howell,Consumer,Brazil,LATAM,South America,OFF-ST-5703,Office Supplies,Storage,"Rogers Lockers, Wire Frame",421.37999999999994,3,0,75.84
MX-2015-BF1102082-42181,2015-06-26 00:00:00,BF-1102082,Barry Französisch,Corporate,Mexico,LATAM,Central America,TEC-CO-3601,Technology,Copiers,"Brother Ink, High-Speed",484.0299999999999,5,0.002,47.53
IN-2015-RP1985588-42157,2015-06-02 00:00:00,RP-1985588,Roy Phan,Corporate,Myanmar (Burma),Asia Pacific,Southeastern Asia,FUR-CH-4655,Furniture,Chairs,"Hon Executive Leather Armchair, Black",667.4243999999998,2,0.27,-155.47559999999996
AG-2015-CL25653-42164,2015-06-09 00:00:00,CL-25653,Clay Ludtke,Consumer,Algeria,Africa,North Africa,FUR-CH-5395,Furniture,Chairs,"Novimex Rocking Chair, Black",516,4,0,61.92
MX-2015-AB1006082-42167,2015-06-12 00:00:00,AB-1006082,Adam Bellavance,Home Office,Mexico,LATAM,Central America,OFF-AR-3475,Office Supplies,Art,"Binney & Smith Canvas, Blue",479.35999999999984,14,0,119.83999999999999
ES-2015-CM12715139-42182,2015-06-27 00:00:00,CM-12715139,Craig Molinari,Corporate,United Kingdom,Europe,Northern Europe,OFF-SU-4315,Office Supplies,Supplies,"Fiskars Scissors, Easy Grip",198.24,8,0,23.759999999999998
ES-2015-NS1850564-42167,2015-06-12 00:00:00,NS-1850564,Neola Schneider,Consumer,Italy,Europe,Southern Europe,TEC-AC-4151,Technology,Accessories,"Enermax Flash Drive, Bluetooth",290.64,7,0,92.82
ES-2015-EH13765124-42165,2015-06-10 00:00:00,EH-13765124,Edward Hooks,Corporate,Sweden,Europe,Northern Europe,FUR-BO-4846,Furniture,Bookcases,"Ikea 3-Shelf Cabinet, Pine",359.475,5,0.5,-338.02500000000003
IT-2015-MO1750091-42181,2015-06-26 00:00:00,MO-1750091,Mary O'Rourke,Consumer,Netherlands,Europe,Western Europe,TEC-CO-3587,Technology,Copiers,"Brother Copy Machine, Color",781.47,6,0.5,-594.09
ES-2015-AR1082548-42185,2015-06-30 00:00:00,AR-1082548,Anthony Rawles,Corporate,Germany,Europe,Western Europe,FUR-CH-5441,Furniture,Chairs,"Office Star Executive Leather Armchair, Adjustable",422.928,1,0.1,4.698
ES-2015-ES1408045-42182,2015-06-27 00:00:00,ES-1408045,Erin Smith,Corporate,France,Europe,Western Europe,FUR-BO-3894,Furniture,Bookcases,"Dania Corner Shelving, Mobile",560.655,5,0.1,118.30499999999998
IN-2015-KH163307-42165,2015-06-10 00:00:00,KH-163307,Katharine Harms,Corporate,Australia,Asia Pacific,Oceania,TEC-CO-4576,Technology,Copiers,"Hewlett Fax Machine, Digital",862.8119999999999,3,0.1,277.992
IN-2015-CJ118757-42172,2015-06-17 00:00:00,CJ-118757,Carl Jackson,Corporate,Australia,Asia Pacific,Oceania,TEC-PH-5273,Technology,Phones,"Motorola Speaker Phone, with Caller ID",350.406,3,0.1,66.186
MX-2015-LP17095132-42178,2015-06-23 00:00:00,LP-17095132,Liz Preis,Consumer,Trinidad and Tobago,LATAM,Caribbean,TEC-PH-3801,Technology,Phones,"Cisco Signal Booster, Full Size",204.16,2,0,79.6
MX-2015-JK1573028-42168,2015-06-13 00:00:00,JK-1573028,Joe Kamberova,Consumer,Colombia,LATAM,South America,OFF-ST-4285,Office Supplies,Storage,"Fellowes Shelving, Wire Frame",189.69999999999996,5,0,94.80000000000001
MX-2015-JK1520539-42172,2015-06-17 00:00:00,JK-1520539,Jamie Kunitz,Consumer,El Salvador,LATAM,Central America,FUR-CH-5412,Furniture,Chairs,"Novimex Swivel Stool, Black",216.04000000000002,2,0,21.6
SG-2015-JH6180111-42158,2015-06-03 00:00:00,JH-6180111,Justin Hirsh,Consumer,Senegal,Africa,Western Africa,TEC-CO-5998,Technology,Copiers,"Sharp Fax Machine, Digital",295.28999999999996,1,0,0
ID-2015-RC1996059-42173,2015-06-18 00:00:00,RC-1996059,Ryan Crowe,Consumer,Indonesia,Asia Pacific,Southeastern Asia,TEC-CO-3592,Technology,Copiers,"Brother Fax and Copier, Digital",533.2526999999999,3,0.07,206.37269999999998
SG-2015-ZD11925111-42158,2015-06-03 00:00:00,ZD-11925111,Zuschuss Donatelli,Consumer,Senegal,Africa,Western Africa,OFF-AR-6125,Office Supplies,Art,"Stanley Sketch Pad, Blue",266.58,6,0,87.84
US-2015-AB1025598-42168,2015-06-13 00:00:00,AB-1025598,Alejandro Ballentine,Home Office,Panama,LATAM,Central America,FUR-BO-3627,Furniture,Bookcases,"Bush Classic Bookcase, Traditional",330.14399999999995,2,0.4,-198.096
ID-2015-SV209357-42172,2015-06-17 00:00:00,SV-209357,Susan Vittorini,Consumer,Australia,Asia Pacific,Oceania,FUR-CH-4697,Furniture,Chairs,"Hon Steel Folding Chair, Adjustable",226.55700000000002,3,0.1,98.12699999999998
EG-2015-ST1053038-42166,2015-06-11 00:00:00,ST-1053038,Shui Tom,Consumer,Egypt,Africa,North Africa,OFF-SU-4993,Office Supplies,Supplies,"Kleencut Trimmer, Easy Grip",172.2,4,0,41.28
ID-2015-BV11245130-42156,2015-06-01 00:00:00,BV-11245130,Benjamin Venier,Corporate,Thailand,Asia Pacific,Southeastern Asia,FUR-BO-5940,Furniture,Bookcases,"Sauder 3-Shelf Cabinet, Metal",418.67280000000005,4,0.37,53.15280000000001
ES-2015-SH2039591-42164,2015-06-09 00:00:00,SH-2039591,Shahid Hopkins,Consumer,Netherlands,Europe,Western Europe,FUR-BO-4860,Furniture,Bookcases,"Ikea Library with Doors, Metal",544.2750000000001,3,0.5,-152.41500000000008
SA-2015-RE9450110-42168,2015-06-13 00:00:00,RE-9450110,Richard Eichhorn,Consumer,Saudi Arabia,Asia Pacific,Western Asia,TEC-CO-3610,Technology,Copiers,"Brother Wireless Fax, High-Speed",377.01,1,0,82.92
ES-2015-JE15745139-42162,2015-06-07 00:00:00,JE-15745139,Joel Eaton,Consumer,United Kingdom,Europe,Northern Europe,OFF-ST-6066,Office Supplies,Storage,"Smead Trays, Industrial",342.72,7,0,112.98
ES-2015-CS12460120-42182,2015-06-27 00:00:00,CS-12460120,Chuck Sachs,Consumer,Spain,Europe,Southern Europe,OFF-PA-6602,Office Supplies,Paper,"Xerox Cards & Envelopes, Premium",584.61,13,0,175.11
MZ-2015-AZ75087-42179,2015-06-24 00:00:00,AZ-75087,Annie Zypern,Consumer,Mozambique,Africa,Eastern Africa,FUR-BO-4851,Furniture,Bookcases,"Ikea Classic Bookcase, Traditional",823.5,2,0,312.9
IN-2015-MY173807-42158,2015-06-03 00:00:00,MY-173807,Maribeth Yedwab,Corporate,Australia,Asia Pacific,Oceania,TEC-CO-3689,Technology,Copiers,"Canon Fax Machine, Laser",573.1020000000001,2,0.1,222.822
TU-2015-DK2835134-42168,2015-06-13 00:00:00,DK-2835134,Damala Kotsonis,Corporate,Turkey,Asia Pacific,Western Asia,OFF-AP-4958,Office Supplies,Appliances,"KitchenAid Microwave, Silver",124.428,1,0.6,-177.31199999999998
IN-2015-MF1825027-42159,2015-06-04 00:00:00,MF-1825027,Monica Federle,Corporate,China,Asia Pacific,Eastern Asia,OFF-ST-6067,Office Supplies,Storage,"Smead Trays, Single Width",291.05999999999995,6,0,52.38
ES-2015-DB13210139-42164,2015-06-09 00:00:00,DB-13210139,Dean Braden,Consumer,United Kingdom,Europe,Northern Europe,OFF-LA-4539,Office Supplies,Labels,"Harbour Creations Legal Exhibit Labels, Alphabetical",87.237,9,0.1,31.887
ES-2015-HH15010139-42157,2015-06-02 00:00:00,HH-15010139,Hilary Holden,Corporate,United Kingdom,Europe,Northern Europe,TEC-PH-3785,Technology,Phones,"Cisco Audio Dock, Full Size",550.0799999999999,3,0,82.44
IT-2015-GM1469548-42173,2015-06-18 00:00:00,GM-1469548,Greg Maxwell,Corporate,Germany,Europe,Western Europe,OFF-AP-4505,Office Supplies,Appliances,"Hamilton Beach Stove, Black",1950.372,9,0.6,-1121.6879999999994
CA-2015-CS11860140-42158,2015-06-03 00:00:00,CS-118601408,Cari Schnelling,Consumer,United States,USCA,Southern US,OFF-PA-6304,Office Supplies,Paper,Things To Do Today Spiral Book,25.344,4,0.2,9.187199999999999
TU-2015-GM4455134-42161,2015-06-06 00:00:00,GM-4455134,Gary Mitchum,Home Office,Turkey,Asia Pacific,Western Asia,TEC-PH-5355,Technology,Phones,"Nokia Smart Phone, Full Size",254.94000000000003,1,0.6,-312.33000000000004
IN-2015-EC1405027-42165,2015-06-10 00:00:00,EC-1405027,Erin Creighton,Consumer,China,Asia Pacific,Eastern Asia,TEC-AC-4171,Technology,Accessories,"Enermax Mouse, Bluetooth",241.74,6,0,106.20000000000002
IN-2015-KD1649527-42175,2015-06-20 00:00:00,KD-1649527,Keith Dawkins,Corporate,China,Asia Pacific,Eastern Asia,OFF-ST-4259,Office Supplies,Storage,"Fellowes File Cart, Single Width",412.02,3,0,206.01
US-2015-CL11890140-42166,2015-06-11 00:00:00,CL-118901406,Carl Ludwig,Consumer,United States,USCA,Eastern US,OFF-PA-5673,Office Supplies,Paper,"REDIFORM Incoming/Outgoing Call Register, 11"" X 8 1/2"", 100 Messages",40.032000000000004,6,0.2,15.011999999999999
IN-2015-SS20140102-42166,2015-06-11 00:00:00,SS-20140102,Saphhira Shifley,Corporate,Philippines,Asia Pacific,Southeastern Asia,FUR-CH-4683,Furniture,Chairs,"Hon Rocking Chair, Red",685.755,7,0.25,127.99499999999998
MX-2015-JD1606039-42166,2015-06-11 00:00:00,JD-1606039,Julia Dunbar,Consumer,El Salvador,LATAM,Central America,TEC-PH-5248,Technology,Phones,"Motorola Audio Dock, VoIP",346.92,3,0,0
BU-2015-CA226519-42162,2015-06-07 00:00:00,CA-226519,Christina Anderson,Consumer,Bulgaria,Europe,Eastern Europe,TEC-PH-5353,Technology,Phones,"Nokia Signal Booster, with Caller ID",546,4,0,158.28
ES-2015-MO1750045-42164,2015-06-09 00:00:00,MO-1750045,Mary O'Rourke,Consumer,France,Europe,Western Europe,OFF-PA-6602,Office Supplies,Paper,"Xerox Cards & Envelopes, Premium",179.88,4,0,53.88
ES-2015-CY12745120-42165,2015-06-10 00:00:00,CY-12745120,Craig Yedwab,Corporate,Spain,Europe,Southern Europe,TEC-MA-5515,Technology,Machines,"Okidata Receipt Printer, Red",648.3240000000001,6,0.1,50.36399999999999
IT-2015-LS1694545-42180,2015-06-25 00:00:00,LS-1694545,Linda Southworth,Corporate,France,Europe,Western Europe,OFF-ST-6048,Office Supplies,Storage,"Smead Lockers, Single Width",555.66,7,0.6,-208.52999999999997
EG-2015-ST1053038-42166,2015-06-11 00:00:00,ST-1053038,Shui Tom,Consumer,Egypt,Africa,North Africa,FUR-FU-4066,Furniture,Furnishings,"Eldon Frame, Durable",113.28000000000002,1,0,29.43
MX-2015-EM1420082-42161,2015-06-06 00:00:00,EM-1420082,Evan Minnotte,Home Office,Mexico,LATAM,Central America,TEC-CO-4593,Technology,Copiers,"Hewlett Wireless Fax, Laser",505.90616,2,0.002,14.186160000000001
SG-2015-ZD11925111-42158,2015-06-03 00:00:00,ZD-11925111,Zuschuss Donatelli,Consumer,Senegal,Africa,Western Africa,OFF-BI-3726,Office Supplies,Binders,"Cardinal Binding Machine, Economy",199.08000000000004,4,0,55.67999999999999
ES-2015-JA15970139-42184,2015-06-29 00:00:00,JA-15970139,Joseph Airdo,Consumer,United Kingdom,Europe,Northern Europe,TEC-PH-3801,Technology,Phones,"Cisco Signal Booster, Full Size",612.48,4,0,18.36
US-2015-AT1073536-42178,2015-06-23 00:00:00,AT-1073536,Annie Thurman,Consumer,Dominican Republic,LATAM,Caribbean,FUR-TA-5069,Furniture,Tables,"Lesro Training Table, Rectangular",319.644,6,0.7,-319.7159999999999
CA-2015-CT11995140-42185,2015-06-30 00:00:00,CT-119951404,Carol Triggs,Consumer,United States,USCA,Western US,OFF-BI-5939,Office Supplies,Binders,Satellite Sectional Post Binders,312.552,9,0.2,101.57939999999999
ES-2015-AR1082564-42164,2015-06-09 00:00:00,AR-1082564,Anthony Rawles,Corporate,Italy,Europe,Southern Europe,OFF-AP-4490,Office Supplies,Appliances,"Hamilton Beach Blender, Black",276.72,4,0,8.28
CA-2015-CT11995140-42160,2015-06-05 00:00:00,CT-119951402,Carol Triggs,Consumer,United States,USCA,Central US,OFF-AR-5326,Office Supplies,Art,Newell 346,8.64,3,0,2.5056
EG-2015-EH418538-42161,2015-06-06 00:00:00,EH-418538,Evan Henry,Consumer,Egypt,Africa,North Africa,OFF-ST-4057,Office Supplies,Storage,"Eldon File Cart, Single Width",128.37,1,0,55.17
CA-2015-CJ12010140-42180,2015-06-25 00:00:00,CJ-120101404,Caroline Jumper,Consumer,United States,USCA,Western US,OFF-AR-3614,Office Supplies,Art,Bulldog Vacuum Base Pencil Sharpener,95.92,8,0,25.898399999999995
MX-2015-SF2020039-42164,2015-06-09 00:00:00,SF-2020039,Sarah Foster,Consumer,El Salvador,LATAM,Central America,FUR-CH-4701,Furniture,Chairs,"Hon Swivel Stool, Adjustable",332.28000000000003,3,0,96.35999999999999
ID-2015-SV209357-42172,2015-06-17 00:00:00,SV-209357,Susan Vittorini,Consumer,Australia,Asia Pacific,Oceania,TEC-CO-3705,Technology,Copiers,"Canon Personal Copier, High-Speed",380.538,3,0.1,-29.682000000000006
MO-2015-RD948086-42164,2015-06-09 00:00:00,RD-948086,Rick Duston,Consumer,Morocco,Africa,North Africa,FUR-FU-3025,Furniture,Furnishings,"Advantus Clock, Durable",193.68,4,0,11.52
EG-2015-LS694538-42179,2015-06-24 00:00:00,LS-694538,Linda Southworth,Corporate,Egypt,Africa,North Africa,TEC-PH-5352,Technology,Phones,"Nokia Signal Booster, VoIP",273.18,2,0,76.44
EG-2015-LC688538-42160,2015-06-05 00:00:00,LC-688538,Lena Creighton,Consumer,Egypt,Africa,North Africa,OFF-SU-2990,Office Supplies,Supplies,"Acme Scissors, Serrated",177.12,8,0,10.56
MX-2015-AG1039051-42180,2015-06-25 00:00:00,AG-1039051,Allen Goldenen,Consumer,Guatemala,LATAM,Central America,FUR-BO-5952,Furniture,Bookcases,"Sauder Corner Shelving, Metal",293.52000000000004,3,0,55.74000000000001
ES-2015-AF1087045-42168,2015-06-13 00:00:00,AF-1087045,Art Ferguson,Consumer,France,Europe,Western Europe,OFF-AP-3876,Office Supplies,Appliances,"Cuisinart Toaster, Black",95.20200000000001,2,0.1,27.461999999999996
ES-2015-GH1466548-42173,2015-06-18 00:00:00,GH-1466548,Greg Hansen,Consumer,Germany,Europe,Western Europe,TEC-MA-5015,Technology,Machines,"Konica Printer, Red",529.98,2,0,238.44
ES-2015-MC1757545-42171,2015-06-16 00:00:00,MC-1757545,Matt Collins,Consumer,France,Europe,Western Europe,FUR-CH-5806,Furniture,Chairs,"SAFCO Swivel Stool, Black",297.91800000000006,2,0.1,86.05799999999999
ES-2015-AR1082545-42159,2015-06-04 00:00:00,AR-1082545,Anthony Rawles,Corporate,France,Europe,Western Europe,OFF-SU-4320,Office Supplies,Supplies,"Fiskars Shears, High Speed",238.2,5,0,116.7
ES-2015-JK1532545-42179,2015-06-24 00:00:00,JK-1532545,Jason Klamczynski,Corporate,France,Europe,Western Europe,OFF-AR-3540,Office Supplies,Art,"Boston Markers, Water Color",147.75,5,0,0
MX-2015-SG2047093-42180,2015-06-25 00:00:00,SG-2047093,Sheri Gordon,Consumer,Nicaragua,LATAM,Central America,FUR-BO-3627,Furniture,Bookcases,"Bush Classic Bookcase, Traditional",550.24,2,0,22
MX-2015-CA1277582-42169,2015-06-14 00:00:00,CA-1277582,Cynthia Arntzen,Consumer,Mexico,LATAM,Central America,FUR-CH-5456,Furniture,Chairs,"Office Star Swivel Stool, Red",185.536,2,0.2,18.53600000000001
ES-2015-EL13735120-42159,2015-06-04 00:00:00,EL-13735120,Ed Ludwig,Home Office,Spain,Europe,Southern Europe,TEC-CO-3710,Technology,Copiers,"Canon Wireless Fax, Laser",757.32,2,0,371.04
IN-2015-JF15415102-42164,2015-06-09 00:00:00,JF-15415102,Jennifer Ferguson,Consumer,Philippines,Asia Pacific,Southeastern Asia,OFF-AP-3873,Office Supplies,Appliances,"Cuisinart Stove, Red",457.5465,1,0.15000000000000002,134.5665
IN-2015-EM141407-42171,2015-06-16 00:00:00,EM-141407,Eugene Moren,Home Office,Australia,Asia Pacific,Oceania,TEC-CO-3601,Technology,Copiers,"Brother Ink, High-Speed",392.85,3,0.1,148.41
ID-2015-SV209357-42172,2015-06-17 00:00:00,SV-209357,Susan Vittorini,Consumer,Australia,Asia Pacific,Oceania,OFF-ST-4057,Office Supplies,Storage,"Eldon File Cart, Single Width",462.132,4,0.1,-0.1080000000000112
IN-2015-CJ118757-42172,2015-06-17 00:00:00,CJ-118757,Carl Jackson,Corporate,Australia,Asia Pacific,Oceania,FUR-CH-4522,Furniture,Chairs,"Harbour Creations Chairmat, Adjustable",335.20500000000004,5,0.1,126.55499999999998
IN-2015-PB1910527-42169,2015-06-14 00:00:00,PB-1910527,Peter Bühler,Consumer,China,Asia Pacific,Eastern Asia,OFF-LA-6063,Office Supplies,Labels,"Smead Shipping Labels, Alphabetical",160.01999999999998,14,0,46.2
IN-2015-JB1592527-42179,2015-06-24 00:00:00,JB-1592527,Joni Blumstein,Consumer,China,Asia Pacific,Eastern Asia,OFF-AR-6108,Office Supplies,Art,"Stanley Canvas, Water Color",473.85,9,0,160.92
ES-2015-MG1820514-42167,2015-06-12 00:00:00,MG-1820514,Mitch Gastineau,Corporate,Belgium,Europe,Western Europe,OFF-BI-2902,Office Supplies,Binders,"Acco Binding Machine, Recycled",257.25,5,0,64.2
ES-2015-BC11125120-42185,2015-06-30 00:00:00,BC-11125120,Becky Castell,Home Office,Spain,Europe,Southern Europe,OFF-AR-3476,Office Supplies,Art,"Binney & Smith Canvas, Easy-Erase",464.66999999999996,9,0,78.84
LY-2015-GT463574-42160,2015-06-05 00:00:00,GT-463574,Grant Thornton,Corporate,Libya,Africa,North Africa,OFF-ST-6264,Office Supplies,Storage,"Tenex Lockers, Wire Frame",406.43999999999994,2,0,125.94
US-2015-AB1025598-42168,2015-06-13 00:00:00,AB-1025598,Alejandro Ballentine,Home Office,Panama,LATAM,Central America,TEC-PH-3802,Technology,Phones,"Cisco Signal Booster, VoIP",303.84,5,0.4,-136.76
ES-2015-ML1826514-42181,2015-06-26 00:00:00,ML-1826514,Muhammed Lee,Consumer,Belgium,Europe,Western Europe,FUR-CH-4525,Furniture,Chairs,"Harbour Creations Chairmat, Set of Two",297.00000000000006,4,0,38.519999999999996
MX-2015-CS1235551-42170,2015-06-15 00:00:00,CS-1235551,Christine Sundaresam,Consumer,Guatemala,LATAM,Central America,OFF-ST-5706,Office Supplies,Storage,"Rogers Shelving, Industrial",250.43999999999997,6,0,67.55999999999999
US-2015-BE1145582-42159,2015-06-04 00:00:00,BE-1145582,Brad Eason,Home Office,Mexico,LATAM,Central America,TEC-PH-5266,Technology,Phones,"Motorola Signal Booster, with Caller ID",381.68,4,0,141.2
MX-2015-EB1384031-42174,2015-06-19 00:00:00,EB-1384031,Ellis Ballard,Corporate,Cuba,LATAM,Caribbean,TEC-AC-5875,Technology,Accessories,"SanDisk Memory Card, USB",225.23999999999995,3,0,78.78
IN-2015-GH1466511-42183,2015-06-28 00:00:00,GH-1466511,Greg Hansen,Consumer,Bangladesh,Asia Pacific,Southern Asia,TEC-AC-5864,Technology,Accessories,"SanDisk Keyboard, Bluetooth",325.9200000000001,4,0,78.12
KZ-2015-FM438068-42178,2015-06-23 00:00:00,FM-438068,Fred McMath,Consumer,Kazakhstan,Asia Pacific,Central Asia,OFF-AP-4505,Office Supplies,Appliances,"Hamilton Beach Stove, Black",325.062,2,0.7,-357.61799999999994
IN-2015-JS158807-42180,2015-06-25 00:00:00,JS-158807,John Stevenson,Consumer,Australia,Asia Pacific,Oceania,OFF-ST-5702,Office Supplies,Storage,"Rogers Lockers, Single Width",571.4549999999999,3,0.1,215.865
CA-2015-CC12220140-42182,2015-06-27 00:00:00,CC-122201406,Chris Cortes,Consumer,United States,USCA,Eastern US,TEC-PH-5612,Technology,Phones,Plantronics Voyager Pro HD - Bluetooth Headset,545.9159999999999,14,0.4,72.78880000000004
ES-2015-BO11425120-42179,2015-06-24 00:00:00,BO-11425120,Bobby Odegard,Consumer,Spain,Europe,Southern Europe,TEC-AC-5137,Technology,Accessories,"Logitech Router, USB",1732.7100000000003,7,0,207.90000000000003
ES-2015-FH14365120-42165,2015-06-10 00:00:00,FH-14365120,Fred Hopkins,Corporate,Spain,Europe,Southern Europe,FUR-BO-4850,Furniture,Bookcases,"Ikea Classic Bookcase, Pine",826.1999999999999,2,0,16.5
ES-2015-TC2153564-42164,2015-06-09 00:00:00,TC-2153564,Tracy Collins,Home Office,Italy,Europe,Southern Europe,OFF-BI-3725,Office Supplies,Binders,"Cardinal Binding Machine, Durable",461.43000000000006,9,0,161.46
CA-2015-CC12220140-42182,2015-06-27 00:00:00,CC-122201406,Chris Cortes,Consumer,United States,USCA,Eastern US,TEC-PH-3514,Technology,Phones,Bose SoundLink Bluetooth Speaker,358.2,3,0.4,41.79000000000002
ES-2015-BP11185139-42175,2015-06-20 00:00:00,BP-11185139,Ben Peterman,Corporate,United Kingdom,Europe,Northern Europe,TEC-PH-5812,Technology,Phones,"Samsung Audio Dock, Cordless",339.36,2,0,61.08
MX-2015-JL1513018-42159,2015-06-04 00:00:00,JL-1513018,Jack Lebron,Consumer,Brazil,LATAM,South America,TEC-CO-3703,Technology,Copiers,"Canon Personal Copier, Color",191.85552,2,0.002,74.57552
US-2015-VM2168536-42158,2015-06-03 00:00:00,VM-2168536,Valerie Mitchum,Home Office,Dominican Republic,LATAM,Caribbean,TEC-PH-3786,Technology,Phones,"Cisco Audio Dock, VoIP",388.60800000000006,4,0.2,-14.592000000000008
ID-2015-PP189557-42161,2015-06-06 00:00:00,PP-189557,Paul Prost,Home Office,Australia,Asia Pacific,Oceania,FUR-FU-6255,Furniture,Furnishings,"Tenex Frame, Durable",674.1630000000001,7,0.1,97.29299999999998
ES-2015-BM1165045-42176,2015-06-21 00:00:00,BM-1165045,Brian Moss,Corporate,France,Europe,Western Europe,FUR-FU-4066,Furniture,Furnishings,"Eldon Frame, Durable",226.56000000000003,2,0,58.86
ID-2015-CC1247559-42174,2015-06-19 00:00:00,CC-1247559,Cindy Chapman,Consumer,Indonesia,Asia Pacific,Southeastern Asia,OFF-ST-6046,Office Supplies,Storage,"Smead Lockers, Blue",494.0658,3,0.17,-11.914200000000022
ID-2015-MM1726078-42181,2015-06-26 00:00:00,MM-1726078,Magdelene Morse,Consumer,Malaysia,Asia Pacific,Southeastern Asia,FUR-CH-5366,Furniture,Chairs,"Novimex Bag Chairs, Adjustable",339.15000000000003,7,0,145.74
MX-2015-MN1793528-42174,2015-06-19 00:00:00,MN-1793528,Michael Nguyen,Consumer,Colombia,LATAM,South America,OFF-AP-4956,Office Supplies,Appliances,"KitchenAid Microwave, Black",413,2,0,136.28
MO-2015-CM265586-42168,2015-06-13 00:00:00,CM-265586,Corinna Mitchell,Home Office,Morocco,Africa,North Africa,TEC-PH-5814,Technology,Phones,"Samsung Audio Dock, VoIP",166.92000000000002,1,0,43.38
MX-2015-SJ2012551-42160,2015-06-05 00:00:00,SJ-2012551,Sanjit Jacobs,Home Office,Guatemala,LATAM,Central America,FUR-CH-5776,Furniture,Chairs,"SAFCO Executive Leather Armchair, Set of Two",309.11999999999995,1,0,27.82
IN-2015-SG2060566-42158,2015-06-03 00:00:00,SG-2060566,Speros Goranitis,Consumer,Japan,Asia Pacific,Eastern Asia,TEC-MA-5013,Technology,Machines,"Konica Phone, Wireless",517.14,6,0,243
ID-2015-MT1807059-42160,2015-06-05 00:00:00,MT-1807059,Michelle Tran,Home Office,Indonesia,Asia Pacific,Southeastern Asia,OFF-ST-5692,Office Supplies,Storage,"Rogers File Cart, Industrial",352.58400000000006,3,0.17,29.663999999999973
SG-2015-ZD11925111-42158,2015-06-03 00:00:00,ZD-11925111,Zuschuss Donatelli,Consumer,Senegal,Africa,Western Africa,OFF-AR-6112,Office Supplies,Art,"Stanley Highlighters, Fluorescent",127.67999999999998,8,0,47.04
IN-2015-PH1879058-42173,2015-06-18 00:00:00,PH-1879058,Patricia Hirasaki,Home Office,India,Asia Pacific,Southern Asia,FUR-CH-4563,Furniture,Chairs,"Harbour Creations Swivel Stool, Red",180.12,1,0,5.4
MX-2015-JK1564055-42174,2015-06-19 00:00:00,JK-1564055,Jim Kriz,Home Office,Honduras,LATAM,Central America,OFF-ST-6065,Office Supplies,Storage,"Smead Trays, Blue",174.528,9,0.4,11.627999999999997
UZ-2015-JH5985142-42185,2015-06-30 00:00:00,JH-5985142,Joseph Holt,Consumer,Uzbekistan,Asia Pacific,Central Asia,TEC-MA-5013,Technology,Machines,"Konica Phone, Wireless",172.38,2,0,34.44
ES-2015-KL1664548-42179,2015-06-24 00:00:00,KL-1664548,Ken Lonsdale,Consumer,Germany,Europe,Western Europe,TEC-PH-3145,Technology,Phones,"Apple Signal Booster, VoIP",546.96,4,0,54.599999999999994
US-2015-CS1249055-42174,2015-06-19 00:00:00,CS-1249055,Cindy Schnelling,Corporate,Honduras,LATAM,Central America,TEC-PH-3806,Technology,Phones,"Cisco Smart Phone, Full Size",522.144,2,0.4,-52.21599999999999
IT-2015-MW18235124-42175,2015-06-20 00:00:00,MW-18235124,Mitch Willingham,Corporate,Sweden,Europe,Northern Europe,TEC-PH-5844,Technology,Phones,"Samsung Speaker Phone, Full Size",249.06,4,0.5,-129.54
MX-2015-TB2135582-42179,2015-06-24 00:00:00,TB-2135582,Todd Boyes,Corporate,Mexico,LATAM,Central America,FUR-CH-5395,Furniture,Chairs,"Novimex Rocking Chair, Black",481.6,7,0.2,84.27999999999997
ET-2015-AT43543-42157,2015-06-02 00:00:00,AT-43543,Alyssa Tate,Home Office,Ethiopia,Africa,Eastern Africa,TEC-MA-5575,Technology,Machines,"Panasonic Receipt Printer, Durable",121.02000000000001,1,0,53.22
IN-2015-CC121457-42179,2015-06-24 00:00:00,CC-121457,Charles Crestani,Consumer,Australia,Asia Pacific,Oceania,OFF-SU-2996,Office Supplies,Supplies,"Acme Shears, Steel",98.64000000000001,2,0,22.68
MX-2015-JL1513018-42159,2015-06-04 00:00:00,JL-1513018,Jack Lebron,Consumer,Brazil,LATAM,South America,OFF-EN-4443,Office Supplies,Envelopes,"GlobeWeis Mailers, Recycled",199.2,8,0,63.67999999999999
MX-2015-CS1240082-42175,2015-06-20 00:00:00,CS-1240082,Christopher Schild,Home Office,Mexico,LATAM,Central America,FUR-BO-4854,Furniture,Bookcases,"Ikea Corner Shelving, Pine",464.46400000000006,7,0.2,162.48399999999998
IN-2015-GB145757-42185,2015-06-30 00:00:00,GB-145757,Giulietta Baptist,Consumer,Australia,Asia Pacific,Oceania,TEC-AC-5864,Technology,Accessories,"SanDisk Keyboard, Bluetooth",293.3280000000001,6,0.4,-78.37200000000001
MX-2015-LP17095132-42178,2015-06-23 00:00:00,LP-17095132,Liz Preis,Consumer,Trinidad and Tobago,LATAM,Caribbean,OFF-EN-5031,Office Supplies,Envelopes,"Kraft Interoffice Envelope, Set of 50",156.4,5,0,46.900000000000006
IN-2015-KD1634578-42160,2015-06-05 00:00:00,KD-1634578,Katherine Ducich,Consumer,Malaysia,Asia Pacific,Southeastern Asia,TEC-AC-4172,Technology,Accessories,"Enermax Mouse, Erganomic",304.79999999999995,8,0,103.44
CA-2015-CS12355140-42172,2015-06-17 00:00:00,CS-123551406,Christine Sundaresam,Consumer,United States,USCA,Eastern US,TEC-AC-5144,Technology,Accessories,Logitech Wireless Performance Mouse MX for PC and Mac,479.952,6,0.2,107.98920000000001
US-2015-AG10330143-42167,2015-06-12 00:00:00,AG-10330143,Alex Grayson,Consumer,Venezuela,LATAM,South America,OFF-ST-6033,Office Supplies,Storage,"Smead File Cart, Single Width",154.656,3,0.4,-5.184000000000026
IN-2015-LC1714058-42166,2015-06-11 00:00:00,LC-1714058,Logan Currie,Consumer,India,Asia Pacific,Southern Asia,TEC-PH-3143,Technology,Phones,"Apple Signal Booster, Cordless",139.50000000000003,1,0,11.16
MX-2015-RD1981031-42175,2015-06-20 00:00:00,RD-1981031,Ross DeVincentis,Home Office,Cuba,LATAM,Caribbean,OFF-AP-4955,Office Supplies,Appliances,"KitchenAid Coffee Grinder, White",137.21999999999997,3,0,64.44000000000001
CA-2015-CS12355140-42172,2015-06-17 00:00:00,CS-123551406,Christine Sundaresam,Consumer,United States,USCA,Eastern US,OFF-AR-5309,Office Supplies,Art,Newell 330,23.92,5,0.2,1.7940000000000005
ES-2015-MF18250120-42165,2015-06-10 00:00:00,MF-18250120,Monica Federle,Corporate,Spain,Europe,Southern Europe,TEC-CO-3705,Technology,Copiers,"Canon Personal Copier, High-Speed",845.64,6,0,228.24
IN-2015-AY1055566-42159,2015-06-04 00:00:00,AY-1055566,Andy Yotov,Corporate,Japan,Asia Pacific,Eastern Asia,OFF-ST-4105,Office Supplies,Storage,"Eldon Trays, Blue",143.91,3,0,63.269999999999996
IN-2015-DG1330027-42166,2015-06-11 00:00:00,DG-1330027,Deirdre Greer,Corporate,China,Asia Pacific,Eastern Asia,OFF-SU-4134,Office Supplies,Supplies,"Elite Shears, Steel",185.64,4,0,7.32
MX-2015-NR1855031-42166,2015-06-11 00:00:00,NR-1855031,Nick Radford,Consumer,Cuba,LATAM,Caribbean,TEC-AC-5866,Technology,Accessories,"SanDisk Keyboard, Programmable",276.6,5,0,94
IN-2015-MY173807-42158,2015-06-03 00:00:00,MY-173807,Maribeth Yedwab,Corporate,Australia,Asia Pacific,Oceania,TEC-PH-3791,Technology,Phones,"Cisco Headset, Full Size",323.02799999999996,4,0.1,50.147999999999996
ES-2015-SG20605120-42170,2015-06-15 00:00:00,SG-20605120,Speros Goranitis,Consumer,Spain,Europe,Southern Europe,OFF-ST-6283,Office Supplies,Storage,"Tenex Trays, Single Width",97.63199999999999,2,0.1,30.372
MX-2015-JL1513018-42159,2015-06-04 00:00:00,JL-1513018,Jack Lebron,Consumer,Brazil,LATAM,South America,FUR-CH-5367,Furniture,Chairs,"Novimex Bag Chairs, Black",145.1,5,0,63.8
IN-2015-JW1522058-42165,2015-06-10 00:00:00,JW-1522058,Jane Waco,Corporate,India,Asia Pacific,Southern Asia,OFF-BI-2882,Office Supplies,Binders,"Acco 3-Hole Punch, Durable",158.10000000000002,5,0,1.5000000000000002
IR-2015-DE325560-42185,2015-06-30 00:00:00,DE-325560,Deanra Eno,Home Office,Iran,Asia Pacific,Southern Asia,OFF-BI-4806,Office Supplies,Binders,"Ibico 3-Hole Punch, Recycled",246.48000000000002,8,0,68.88
ES-2015-CC1247545-42178,2015-06-23 00:00:00,CC-1247545,Cindy Chapman,Consumer,France,Europe,Western Europe,FUR-CH-5805,Furniture,Chairs,"SAFCO Swivel Stool, Adjustable",306.77400000000006,2,0.1,129.474
IN-2015-GM1469527-42163,2015-06-08 00:00:00,GM-1469527,Greg Maxwell,Corporate,China,Asia Pacific,Eastern Asia,OFF-EN-3103,Office Supplies,Envelopes,"Ames Mailers, with clear poly window",118.17,3,0,25.92
AU-2015-PF91208-42181,2015-06-26 00:00:00,PF-91208,Peter Fuller,Consumer,Austria,Europe,Western Europe,TEC-MA-5539,Technology,Machines,"Panasonic Calculator, Red",379.44,8,0,128.88
MX-2015-NC1841531-42160,2015-06-05 00:00:00,NC-1841531,Nathan Cano,Consumer,Cuba,LATAM,Caribbean,FUR-BO-3903,Furniture,Bookcases,"Dania Library with Doors, Pine",485,2,0,242.48000000000002
MX-2015-BD117255-42179,2015-06-24 00:00:00,BD-117255,Bruce Degenhardt,Consumer,Argentina,LATAM,South America,OFF-AP-4958,Office Supplies,Appliances,"KitchenAid Microwave, Silver",248.856,2,0.4,33.176
ID-2015-HM1498059-42165,2015-06-10 00:00:00,HM-1498059,Henry MacAllister,Consumer,Indonesia,Asia Pacific,Southeastern Asia,FUR-TA-3413,Furniture,Tables,"Bevis Coffee Table, Adjustable Height",169.79610000000002,1,0.47000000000000003,-118.56390000000002
ES-2015-BF11170139-42174,2015-06-19 00:00:00,BF-11170139,Ben Ferrer,Home Office,United Kingdom,Europe,Northern Europe,TEC-PH-3801,Technology,Phones,"Cisco Signal Booster, Full Size",459.36,3,0,13.77
IR-2015-DE325560-42185,2015-06-30 00:00:00,DE-325560,Deanra Eno,Home Office,Iran,Asia Pacific,Southern Asia,OFF-ST-5691,Office Supplies,Storage,"Rogers File Cart, Blue",140.67000000000002,1,0,1.3800000000000001
ES-2015-HD14785139-42166,2015-06-11 00:00:00,HD-14785139,Harold Dahlen,Home Office,United Kingdom,Europe,Northern Europe,TEC-AC-4158,Technology,Accessories,"Enermax Keyboard, USB",225.909,3,0.1,57.699
MX-2015-RK1930018-42181,2015-06-26 00:00:00,RK-1930018,Ralph Kennedy,Consumer,Brazil,LATAM,South America,FUR-FU-3050,Furniture,Furnishings,"Advantus Photo Frame, Erganomic",137.6,4,0,31.6
EG-2015-CR262538-42169,2015-06-14 00:00:00,CR-262538,Corey Roper,Home Office,Egypt,Africa,North Africa,OFF-ST-6273,Office Supplies,Storage,"Tenex Shelving, Industrial",220.56,4,0,41.88
PL-2015-DC2850103-42169,2015-06-14 00:00:00,DC-2850103,Dan Campbell,Consumer,Poland,Europe,Eastern Europe,FUR-BO-3889,Furniture,Bookcases,"Dania Classic Bookcase, Metal",410.22,1,0,135.35999999999999
UP-2015-RA9945137-42157,2015-06-02 00:00:00,RA-9945137,Ryan Akin,Consumer,Ukraine,Europe,Eastern Europe,TEC-PH-3130,Technology,Phones,"Apple Audio Dock, with Caller ID",333.78000000000003,2,0,50.04
TU-2015-GR4560134-42159,2015-06-04 00:00:00,GR-4560134,Georgia Rosenberg,Corporate,Turkey,Asia Pacific,Western Asia,OFF-AR-3539,Office Supplies,Art,"Boston Markers, Fluorescent",132.62400000000002,12,0.6,-149.25599999999997
IN-2015-DG1330027-42166,2015-06-11 00:00:00,DG-1330027,Deirdre Greer,Corporate,China,Asia Pacific,Eastern Asia,FUR-CH-5371,Furniture,Chairs,"Novimex Chairmat, Black",323.46,6,0,138.96
MZ-2015-CR262587-42167,2015-06-12 00:00:00,CR-262587,Corey Roper,Home Office,Mozambique,Africa,Eastern Africa,FUR-BO-5770,Furniture,Bookcases,"Safco Corner Shelving, Pine",603.24,4,0,205.07999999999998
EZ-2015-PS904532-42184,2015-06-29 00:00:00,PS-904532,Penelope Sewall,Home Office,Czech Republic,Europe,Eastern Europe,OFF-ST-5695,Office Supplies,Storage,"Rogers Folders, Industrial",187.01999999999998,6,0,26.099999999999998
SA-2015-GP4740110-42182,2015-06-27 00:00:00,GP-4740110,Guy Phonely,Corporate,Saudi Arabia,Asia Pacific,Western Asia,OFF-EN-3105,Office Supplies,Envelopes,"Ames Manila Envelope, Security-Tint",216.72000000000003,8,0,86.64
IN-2015-PF1922559-42173,2015-06-18 00:00:00,PF-1922559,Phillip Flathmann,Consumer,Indonesia,Asia Pacific,Southeastern Asia,TEC-CO-3610,Technology,Copiers,"Brother Wireless Fax, High-Speed",350.61929999999995,1,0.07,82.92929999999998
CA-2015-CB12535140-42172,2015-06-17 00:00:00,CB-125351408,Claudia Bergmann,Corporate,United States,USCA,Southern US,OFF-AR-5653,Office Supplies,Art,"Quartet Omega Colored Chalk, 12/Pack",14.015999999999998,3,0.2,4.7303999999999995
CA-2015-CC12550140-42171,2015-06-16 00:00:00,CC-125501404,Clay Cheatham,Consumer,United States,USCA,Western US,TEC-PH-3121,Technology,Phones,Anker 36W 4-Port USB Wall Charger Travel Power Adapter for iPhone 5s 5c 5,47.976,3,0.2,4.797600000000003
AG-2015-CL25653-42164,2015-06-09 00:00:00,CL-25653,Clay Ludtke,Consumer,Algeria,Africa,North Africa,OFF-BI-3186,Office Supplies,Binders,"Avery 3-Hole Punch, Clear",163.98000000000002,6,0,21.240000000000002
IN-2015-GB145757-42185,2015-06-30 00:00:00,GB-145757,Giulietta Baptist,Consumer,Australia,Asia Pacific,Oceania,TEC-PH-5339,Technology,Phones,"Nokia Headset, Cordless",182.30399999999997,4,0.4,9.024000000000001
ID-2015-SV20365130-42173,2015-06-18 00:00:00,SV-20365130,Seth Vernon,Consumer,Thailand,Asia Pacific,Southeastern Asia,FUR-BO-3899,Furniture,Bookcases,"Dania Floating Shelf Set, Pine",537.7049999999999,5,0.37,-213.49499999999995
ES-2015-BV1124548-42164,2015-06-09 00:00:00,BV-1124548,Benjamin Venier,Corporate,Germany,Europe,Western Europe,TEC-AC-4156,Technology,Accessories,"Enermax Keyboard, Erganomic",162.54,2,0,81.24
IN-2015-RH1960088-42185,2015-06-30 00:00:00,RH-1960088,Rob Haberlin,Consumer,Myanmar (Burma),Asia Pacific,Southeastern Asia,FUR-BO-4858,Furniture,Bookcases,"Ikea Floating Shelf Set, Pine",216.3294,2,0.37,-113.3706
ID-2015-CS11845118-42168,2015-06-13 00:00:00,CS-11845118,Cari Sayre,Corporate,South Korea,Asia Pacific,Eastern Asia,TEC-MA-5574,Technology,Machines,"Panasonic Printer, Wireless",399.735,3,0.5,-48.01500000000004
IT-2015-TS21610139-42173,2015-06-18 00:00:00,TS-21610139,Troy Staebel,Consumer,United Kingdom,Europe,Northern Europe,OFF-AR-3538,Office Supplies,Art,"Boston Markers, Easy-Erase",133.2,5,0,11.850000000000001
SA-2015-LW7125110-42167,2015-06-12 00:00:00,LW-7125110,Liz Willingham,Consumer,Saudi Arabia,Asia Pacific,Western Asia,FUR-CH-5774,Furniture,Chairs,"SAFCO Executive Leather Armchair, Black",458.9999999999999,1,0,215.73
IN-2015-GM1469527-42163,2015-06-08 00:00:00,GM-1469527,Greg Maxwell,Corporate,China,Asia Pacific,Eastern Asia,TEC-AC-5131,Technology,Accessories,"Logitech Numeric Keypad, Erganomic",88.26,2,0,28.200000000000003
MX-2015-TG2164093-42181,2015-06-26 00:00:00,TG-2164093,Trudy Glocke,Consumer,Nicaragua,LATAM,Central America,OFF-BI-3256,Office Supplies,Binders,"Avery Binding Machine, Durable",234.92000000000002,7,0,32.75999999999999
MX-2015-KC1654018-42166,2015-06-11 00:00:00,KC-1654018,Kelly Collister,Consumer,Brazil,LATAM,South America,TEC-CO-3695,Technology,Copiers,"Canon Ink, Digital",488.3214,5,0.002,150.6214
ID-2015-BV11245130-42156,2015-06-01 00:00:00,BV-11245130,Benjamin Venier,Corporate,Thailand,Asia Pacific,Southeastern Asia,FUR-CH-5794,Furniture,Chairs,"SAFCO Rocking Chair, Black",290.13120000000004,3,0.27,-91.46880000000002
US-2015-TB2140055-42160,2015-06-05 00:00:00,TB-2140055,Tom Boeckenhauer,Consumer,Honduras,LATAM,Central America,OFF-AP-4732,Office Supplies,Appliances,"Hoover Microwave, Silver",371.268,3,0.4,-61.931999999999974
ES-2015-CL11890120-42180,2015-06-25 00:00:00,CL-11890120,Carl Ludwig,Consumer,Spain,Europe,Southern Europe,FUR-FU-6239,Furniture,Furnishings,"Tenex Clock, Erganomic",342.09,7,0,153.93
IR-2015-CR282060-42171,2015-06-16 00:00:00,CR-282060,Cyra Reiten,Home Office,Iran,Asia Pacific,Southern Asia,FUR-FU-3024,Furniture,Furnishings,"Advantus Clock, Duo Pack",102.9,2,0,12.299999999999999
CA-2015-CC12670140-42174,2015-06-19 00:00:00,CC-126701404,Craig Carreira,Consumer,United States,USCA,Western US,FUR-BO-3621,Furniture,Bookcases,"Bush Andora Bookcase, Maple/Graphite Gray Finish",917.9234999999999,9,0.15,75.5936999999999
CA-2015-CC12670140-42174,2015-06-19 00:00:00,CC-126701404,Craig Carreira,Consumer,United States,USCA,Western US,OFF-PA-6484,Office Supplies,Paper,Xerox 1930,38.88,6,0,19.0512
ES-2015-CC12610139-42158,2015-06-03 00:00:00,CC-12610139,Corey Catlett,Corporate,United Kingdom,Europe,Northern Europe,OFF-EN-4910,Office Supplies,Envelopes,"Jiffy Interoffice Envelope, Recycled",271.44,6,0,73.26
PL-2015-EH4005103-42173,2015-06-18 00:00:00,EH-4005103,Erica Hernandez,Home Office,Poland,Europe,Eastern Europe,TEC-MA-5015,Technology,Machines,"Konica Printer, Red",529.98,2,0,238.44
MX-2015-CA1226551-42161,2015-06-06 00:00:00,CA-1226551,Christina Anderson,Consumer,Guatemala,LATAM,Central America,OFF-BI-3727,Office Supplies,Binders,"Cardinal Binding Machine, Recycled",100.25999999999999,3,0,42.059999999999995
ID-2015-MG178757-42166,2015-06-11 00:00:00,MG-178757,Michael Grace,Home Office,Australia,Asia Pacific,Oceania,FUR-BO-4867,Furniture,Bookcases,"Ikea Stackable Bookrack, Traditional",330.966,3,0.1,69.78599999999999
ID-2015-SV20365130-42173,2015-06-18 00:00:00,SV-20365130,Seth Vernon,Consumer,Thailand,Asia Pacific,Southeastern Asia,TEC-PH-3146,Technology,Phones,"Apple Signal Booster, with Caller ID",340.2585,3,0.17,32.7285
IN-2015-RD1981027-42181,2015-06-26 00:00:00,RD-1981027,Ross DeVincentis,Home Office,China,Asia Pacific,Eastern Asia,FUR-CH-5369,Furniture,Chairs,"Novimex Bag Chairs, Set of Two",241.05,5,0,79.5
MX-2015-TB2159539-42168,2015-06-13 00:00:00,TB-2159539,Troy Blackwell,Consumer,El Salvador,LATAM,Central America,OFF-ST-6282,Office Supplies,Storage,"Tenex Trays, Industrial",109.37999999999995,3,0,42.6
GH-2015-DB361549-42157,2015-06-02 00:00:00,DB-361549,Doug Bickford,Consumer,Ghana,Africa,Western Africa,FUR-TA-3354,Furniture,Tables,"Barricks Training Table, Rectangular",315.87,1,0,28.410000000000004
UZ-2015-JH5985142-42185,2015-06-30 00:00:00,JH-5985142,Joseph Holt,Consumer,Uzbekistan,Asia Pacific,Central Asia,OFF-ST-6250,Office Supplies,Storage,"Tenex Folders, Industrial",94.80000000000001,4,0,0
AG-2015-AM3603-42179,2015-06-24 00:00:00,AM-3603,Alice McCarthy,Corporate,Algeria,Africa,North Africa,TEC-PH-3135,Technology,Phones,"Apple Headset, with Caller ID",73.25999999999999,1,0,10.98
MX-2015-JO1528082-42159,2015-06-04 00:00:00,JO-1528082,Jas O'Carroll,Consumer,Mexico,LATAM,Central America,TEC-PH-5270,Technology,Phones,"Motorola Speaker Phone, Cordless",265.26000000000005,3,0,50.34
ES-2015-AO1081048-42181,2015-06-26 00:00:00,AO-1081048,Anthony O'Donnell,Corporate,Germany,Europe,Western Europe,OFF-BI-4816,Office Supplies,Binders,"Ibico Binding Machine, Durable",264.6,5,0,121.64999999999999
ID-2015-CS11845118-42168,2015-06-13 00:00:00,CS-11845118,Cari Sayre,Corporate,South Korea,Asia Pacific,Eastern Asia,FUR-TA-3353,Furniture,Tables,"Barricks Training Table, Fully Assembled",447.6779999999999,7,0.8,-761.0819999999999
IN-2015-ON1871527-42181,2015-06-26 00:00:00,ON-1871527,Odella Nelson,Corporate,China,Asia Pacific,Eastern Asia,OFF-FA-3022,Office Supplies,Fasteners,"Advantus Clamps, Metal",97.05000000000001,5,0,25.2
SA-2015-HL5040110-42181,2015-06-26 00:00:00,HL-5040110,Hunter Lopez,Consumer,Saudi Arabia,Asia Pacific,Western Asia,TEC-PH-3787,Technology,Phones,"Cisco Audio Dock, with Caller ID",364.14,2,0,80.1
IN-2015-RP1985588-42157,2015-06-02 00:00:00,RP-1985588,Roy Phan,Corporate,Myanmar (Burma),Asia Pacific,Southeastern Asia,TEC-PH-3143,Technology,Phones,"Apple Signal Booster, Cordless",347.3550000000001,3,0.17,-37.66500000000002
TU-2015-ML8265134-42169,2015-06-14 00:00:00,ML-8265134,Muhammed Lee,Consumer,Turkey,Asia Pacific,Western Asia,TEC-CO-3697,Technology,Copiers,"Canon Ink, Laser",58.85999999999999,1,0.6,-19.139999999999972
IN-2015-RS1987058-42179,2015-06-24 00:00:00,RS-1987058,Roy Skaria,Home Office,India,Asia Pacific,Southern Asia,OFF-AP-3584,Office Supplies,Appliances,"Breville Toaster, Silver",387.30000000000007,5,0,19.35
ES-2015-CS12460120-42182,2015-06-27 00:00:00,CS-12460120,Chuck Sachs,Consumer,Spain,Europe,Southern Europe,FUR-FU-6256,Furniture,Furnishings,"Tenex Frame, Erganomic",325.79999999999995,3,0,107.46000000000001
SF-2015-TP11130117-42168,2015-06-13 00:00:00,TP-11130117,Theone Pippenger,Consumer,South Africa,Africa,Southern Africa,OFF-AP-3575,Office Supplies,Appliances,"Breville Refrigerator, Red",519.3299999999999,1,0,98.67
IN-2015-AM10360113-42183,2015-06-28 00:00:00,AM-10360113,Alice McCarthy,Corporate,Singapore,Asia Pacific,Southeastern Asia,OFF-LA-6036,Office Supplies,Labels,"Smead File Folder Labels, Alphabetical",69.6,8,0,5.5200000000000005
ES-2015-HM14860139-42181,2015-06-26 00:00:00,HM-14860139,Harry Marie,Corporate,United Kingdom,Europe,Northern Europe,OFF-ST-5705,Office Supplies,Storage,"Rogers Shelving, Blue",310.65,5,0,15.45
CA-2015-CV12805140-42157,2015-06-02 00:00:00,CV-128051402,Cynthia Voltz,Corporate,United States,USCA,Central US,OFF-BI-4367,Office Supplies,Binders,"GBC Standard Recycled Report Covers, Clear Plastic Sheets",53.9,5,0,25.871999999999996
UP-2015-PJ9015137-42173,2015-06-18 00:00:00,PJ-9015137,Pauline Johnson,Consumer,Ukraine,Europe,Eastern Europe,TEC-AC-3397,Technology,Accessories,"Belkin Numeric Keypad, Erganomic",474,8,0,9.36
MX-2015-SF2020039-42164,2015-06-09 00:00:00,SF-2020039,Sarah Foster,Consumer,El Salvador,LATAM,Central America,FUR-CH-5773,Furniture,Chairs,"SAFCO Executive Leather Armchair, Adjustable",618.5600000000001,2,0,235.04000000000002
IN-2015-TS21610144-42161,2015-06-06 00:00:00,TS-21610144,Troy Staebel,Consumer,Vietnam,Asia Pacific,Southeastern Asia,FUR-BO-3634,Furniture,Bookcases,"Bush Floating Shelf Set, Metal",752.9193,7,0.37,-131.60070000000002
ES-2015-KB1640545-42181,2015-06-26 00:00:00,KB-1640545,Katrina Bavinger,Home Office,France,Europe,Western Europe,OFF-AR-3448,Office Supplies,Art,"BIC Canvas, Easy-Erase",377.78999999999996,7,0,128.31
US-2015-DC12850140-42178,2015-06-23 00:00:00,DC-128501408,Dan Campbell,Consumer,United States,USCA,Southern US,OFF-EN-2852,Office Supplies,Envelopes,"#10 White Business Envelopes,4 1/8 x 9 1/2",37.608000000000004,3,0.2,12.692699999999995
ES-2015-JP1552048-42164,2015-06-09 00:00:00,JP-1552048,Jeremy Pistek,Consumer,Germany,Europe,Western Europe,TEC-CO-3707,Technology,Copiers,"Canon Wireless Fax, Color",380.1,1,0,22.799999999999997
CA-2015-DC12850140-42160,2015-06-05 00:00:00,DC-128501408,Dan Campbell,Consumer,United States,USCA,Southern US,OFF-PA-3115,Office Supplies,Paper,"Ampad Phone Message Book, Recycled, 400 Message Capacity, 5 ¾” x 11”",12.48,2,0,5.616
MX-2015-JD1615018-42167,2015-06-12 00:00:00,JD-1615018,Justin Deggeller,Corporate,Brazil,LATAM,South America,OFF-FA-2943,Office Supplies,Fasteners,"Accos Clamps, Metal",78.00000000000003,6,0,37.440000000000005
ES-2015-JG15805120-42172,2015-06-17 00:00:00,JG-15805120,John Grady,Corporate,Spain,Europe,Southern Europe,OFF-ST-4057,Office Supplies,Storage,"Eldon File Cart, Single Width",462.132,4,0.1,169.332
MX-2015-PB1921082-42164,2015-06-09 00:00:00,PB-1921082,Phillip Breyer,Corporate,Mexico,LATAM,Central America,TEC-AC-3403,Technology,Accessories,"Belkin Router, Erganomic",342.08000000000004,2,0,0
MX-2015-MH1802518-42169,2015-06-14 00:00:00,MH-1802518,Michelle Huthwaite,Consumer,French Guiana,LATAM,South America,OFF-AR-3458,Office Supplies,Art,"BIC Markers, Fluorescent",92.30000000000001,5,0,7.3
CA-2015-DR12880140-42182,2015-06-27 00:00:00,DR-128801408,Dan Reichenbach,Corporate,United States,USCA,Southern US,FUR-CH-4641,Furniture,Chairs,Hon Comfortask Task/Swivel Chairs,273.552,3,0.2,-13.677599999999998
CA-2015-DR12880140-42185,2015-06-30 00:00:00,DR-128801406,Dan Reichenbach,Corporate,United States,USCA,Eastern US,FUR-BO-4668,Furniture,Bookcases,"Hon Metal Bookcases, Putty",638.82,9,0,185.25779999999997
CA-2015-DR12880140-42185,2015-06-30 00:00:00,DR-128801406,Dan Reichenbach,Corporate,United States,USCA,Eastern US,FUR-FU-3917,Furniture,Furnishings,"DAX Executive Solid Wood Document Frame, Desktop or Hang, Mahogany, 5 x 7",25.16,2,0,8.554399999999998
EG-2015-JD589538-42166,2015-06-11 00:00:00,JD-589538,Jonathan Doherty,Corporate,Egypt,Africa,North Africa,OFF-AP-3584,Office Supplies,Appliances,"Breville Toaster, Silver",77.46000000000001,1,0,3.09
CA-2015-DR12880140-42185,2015-06-30 00:00:00,DR-128801406,Dan Reichenbach,Corporate,United States,USCA,Eastern US,OFF-SU-2964,Office Supplies,Supplies,Acme Box Cutter Scissors,30.69,3,0,7.979400000000002
NI-2015-NC841595-42173,2015-06-18 00:00:00,NC-841595,Nathan Cano,Consumer,Nigeria,Africa,Western Africa,FUR-BO-3626,Furniture,Bookcases,"Bush Classic Bookcase, Pine",248.418,2,0.7,-173.9219999999999
CA-2015-DR12880140-42182,2015-06-27 00:00:00,DR-128801408,Dan Reichenbach,Corporate,United States,USCA,Southern US,OFF-LA-3234,Office Supplies,Labels,Avery 512,13.872000000000002,6,0.2,4.681800000000001
RS-2015-CC2370108-42178,2015-06-23 00:00:00,CC-2370108,Christopher Conant,Consumer,Russia,Europe,Eastern Europe,FUR-BO-5952,Furniture,Bookcases,"Sauder Corner Shelving, Metal",146.76,1,0,42.54
IN-2015-SD20485118-42157,2015-06-02 00:00:00,SD-20485118,Shirley Daniels,Home Office,South Korea,Asia Pacific,Eastern Asia,FUR-FU-4103,Furniture,Furnishings,"Eldon Stacking Tray, Durable",159.768,7,0.2,13.817999999999998
MX-2015-BE11410143-42179,2015-06-24 00:00:00,BE-11410143,Bobby Elias,Consumer,Venezuela,LATAM,South America,TEC-CO-4787,Technology,Copiers,"HP Personal Copier, Laser",247.75140000000002,5,0.402,15.65139999999992
IN-2015-SC2002059-42172,2015-06-17 00:00:00,SC-2002059,Sam Craven,Consumer,Indonesia,Asia Pacific,Southeastern Asia,OFF-SU-2985,Office Supplies,Supplies,"Acme Ruler, High Speed",88.56300000000002,10,0.47000000000000003,-71.93700000000001
MX-2015-JM1565518-42161,2015-06-06 00:00:00,JM-1565518,Jim Mitchum,Corporate,Brazil,LATAM,South America,OFF-AR-3502,Office Supplies,Art,"Binney & Smith Sketch Pad, Water Color",330,10,0,3.2
EG-2015-EH418538-42161,2015-06-06 00:00:00,EH-418538,Evan Henry,Consumer,Egypt,Africa,North Africa,OFF-ST-6264,Office Supplies,Storage,"Tenex Lockers, Wire Frame",203.21999999999997,1,0,62.97
IT-2015-LS1694545-42180,2015-06-25 00:00:00,LS-1694545,Linda Southworth,Corporate,France,Europe,Western Europe,TEC-AC-4178,Technology,Accessories,"Enermax Numeric Keypad, Bluetooth",229.32,8,0.5,-41.39999999999998
ID-2015-JL155057-42175,2015-06-20 00:00:00,JL-155057,Jeremy Lonsdale,Consumer,Australia,Asia Pacific,Oceania,FUR-CH-4698,Furniture,Chairs,"Hon Steel Folding Chair, Black",236.97,5,0.4,-102.77999999999999
ES-2015-AR1082545-42157,2015-06-02 00:00:00,AR-1082545,Anthony Rawles,Corporate,France,Europe,Western Europe,OFF-FA-3044,Office Supplies,Fasteners,"Advantus Paper Clips, Assorted Sizes",79.8,7,0,11.969999999999999
MO-2015-NK849086-42163,2015-06-08 00:00:00,NK-849086,Neil Knudson,Home Office,Morocco,Africa,North Africa,OFF-AP-3583,Office Supplies,Appliances,"Breville Toaster, Red",460.26000000000005,6,0,151.74
MX-2015-LM1706531-42179,2015-06-24 00:00:00,LM-1706531,Liz MacKendrick,Consumer,Cuba,LATAM,Caribbean,TEC-AC-3380,Technology,Accessories,"Belkin Flash Drive, Programmable",202.72000000000003,7,0,3.9199999999999995
IN-2015-CM1211558-42159,2015-06-04 00:00:00,CM-1211558,Chad McGuire,Consumer,India,Asia Pacific,Southern Asia,OFF-SU-4117,Office Supplies,Supplies,"Elite Box Cutter, High Speed",209.34,6,0,33.480000000000004
MX-2015-PP1895551-42164,2015-06-09 00:00:00,PP-1895551,Paul Prost,Home Office,Guatemala,LATAM,Central America,FUR-CH-5450,Furniture,Chairs,"Office Star Steel Folding Chair, Adjustable",188.4,3,0,37.67999999999999
ES-2015-AR1082545-42159,2015-06-04 00:00:00,AR-1082545,Anthony Rawles,Corporate,France,Europe,Western Europe,OFF-ST-5709,Office Supplies,Storage,"Rogers Trays, Blue",333.07199999999995,6,0.1,73.872
ID-2015-LH1702097-42171,2015-06-16 00:00:00,LH-1702097,Lisa Hazard,Consumer,Pakistan,Asia Pacific,Southern Asia,OFF-EN-4447,Office Supplies,Envelopes,"GlobeWeis Manila Envelope, Recycled",91.665,7,0.5,-42.315
MX-2015-VG2179051-42185,2015-06-30 00:00:00,VG-2179051,Vivek Gonzalez,Consumer,Guatemala,LATAM,Central America,FUR-FU-4076,Furniture,Furnishings,"Eldon Light Bulb, Durable",59.279999999999994,4,0,11.2
ES-2015-BF11170139-42174,2015-06-19 00:00:00,BF-11170139,Ben Ferrer,Home Office,United Kingdom,Europe,Northern Europe,TEC-MA-5540,Technology,Machines,"Panasonic Calculator, White",340.83,7,0,112.34999999999998
CM-2015-JJ544522-42170,2015-06-15 00:00:00,JJ-544522,Jennifer Jackson,Consumer,Cameroon,Africa,Central Africa,OFF-ST-6049,Office Supplies,Storage,"Smead Lockers, Wire Frame",394.98,2,0,35.519999999999996
MX-2015-LP17095132-42178,2015-06-23 00:00:00,LP-17095132,Liz Preis,Consumer,Trinidad and Tobago,LATAM,Caribbean,OFF-ST-6248,Office Supplies,Storage,"Tenex File Cart, Single Width",178.88,2,0,59
ID-2015-DM13015102-42174,2015-06-19 00:00:00,DM-13015102,Darrin Martin,Consumer,Philippines,Asia Pacific,Southeastern Asia,OFF-ST-6047,Office Supplies,Storage,"Smead Lockers, Industrial",875.16,8,0.45,-493.32
IN-2015-MH1811558-42157,2015-06-02 00:00:00,MH-1811558,Mick Hernandez,Home Office,India,Asia Pacific,Southern Asia,OFF-PA-4150,Office Supplies,Paper,"Enermax Computer Printout Paper, Recycled",113.52000000000001,4,0,6.720000000000001
MX-2015-CA1277582-42169,2015-06-14 00:00:00,CA-1277582,Cynthia Arntzen,Consumer,Mexico,LATAM,Central America,OFF-SU-4116,Office Supplies,Supplies,"Elite Box Cutter, Easy Grip",48.67999999999999,2,0,9.72
ID-2015-AH1019597-42156,2015-06-01 00:00:00,AH-1019597,Alan Haines,Corporate,Pakistan,Asia Pacific,Southern Asia,TEC-MA-6148,Technology,Machines,"StarTech Printer, Red",253.32000000000005,2,0.5,-233.10000000000005
MX-2015-BE1133531-42179,2015-06-24 00:00:00,BE-1133531,Bill Eplett,Home Office,Cuba,LATAM,Caribbean,FUR-CH-4629,Furniture,Chairs,"Hon Bag Chairs, Set of Two",221.19999999999996,7,0,64.11999999999999
ES-2015-HH15010139-42157,2015-06-02 00:00:00,HH-15010139,Hilary Holden,Corporate,United Kingdom,Europe,Northern Europe,TEC-CO-4591,Technology,Copiers,"Hewlett Wireless Fax, Digital",759.66,2,0,91.14
IN-2015-JH1618058-42172,2015-06-17 00:00:00,JH-1618058,Justin Hirsh,Consumer,India,Asia Pacific,Southern Asia,FUR-CH-4703,Furniture,Chairs,"Hon Swivel Stool, Red",327.3,2,0,150.54
ES-2015-PS1897045-42179,2015-06-24 00:00:00,PS-1897045,Paul Stevenson,Home Office,France,Europe,Western Europe,OFF-BI-2900,Office Supplies,Binders,"Acco Binding Machine, Durable",262.95000000000005,5,0,63.00000000000001
US-2015-EA1403598-42178,2015-06-23 00:00:00,EA-1403598,Erin Ashbrook,Corporate,Panama,LATAM,Central America,OFF-SU-6179,Office Supplies,Supplies,"Stiletto Shears, Steel",132.972,7,0.4,-37.68800000000002
ES-2015-CR128208-42179,2015-06-24 00:00:00,CR-128208,Cyra Reiten,Home Office,Austria,Europe,Western Europe,TEC-MA-6145,Technology,Machines,"StarTech Phone, White",218.78999999999996,3,0,89.64000000000001
RS-2015-KA6525108-42176,2015-06-21 00:00:00,KA-6525108,Kelly Andreada,Consumer,Russia,Europe,Eastern Europe,OFF-AR-3525,Office Supplies,Art,"Boston Canvas, Blue",429.12,8,0,107.28
MZ-2015-JW522087-42183,2015-06-28 00:00:00,JW-522087,Jane Waco,Corporate,Mozambique,Africa,Eastern Africa,OFF-AR-6105,Office Supplies,Art,"Stanley Canvas, Blue",49.47,1,0,7.89
ID-2015-PP189557-42161,2015-06-06 00:00:00,PP-189557,Paul Prost,Home Office,Australia,Asia Pacific,Oceania,TEC-PH-5246,Technology,Phones,"Motorola Audio Dock, Cordless",475.79400000000004,3,0.1,58.104
ID-2015-FG142607-42160,2015-06-05 00:00:00,FG-142607,Frank Gastineau,Home Office,Australia,Asia Pacific,Oceania,TEC-CO-5997,Technology,Copiers,"Sharp Fax Machine, Color",356.508,2,0.4,-231.732
ES-2015-TS2143045-42180,2015-06-25 00:00:00,TS-2143045,Tom Stivers,Corporate,France,Europe,Western Europe,OFF-BI-6370,Office Supplies,Binders,"Wilson Jones 3-Hole Punch, Durable",58.980000000000004,2,0,12.36
IN-2015-AG1090058-42172,2015-06-17 00:00:00,AG-1090058,Arthur Gainer,Consumer,India,Asia Pacific,Southern Asia,TEC-AC-3391,Technology,Accessories,"Belkin Memory Card, USB",460.0799999999999,4,0,13.799999999999999
CG-2015-JB604533-42157,2015-06-02 00:00:00,JB-604533,Julia Barnett,Home Office,Democratic Republic of the Congo,Africa,Central Africa,FUR-FU-3934,Furniture,Furnishings,"Deflect-O Door Stop, Durable",163.92000000000002,4,0,22.919999999999998
ES-2015-RD19480120-42165,2015-06-10 00:00:00,RD-19480120,Rick Duston,Consumer,Spain,Europe,Southern Europe,OFF-AR-3458,Office Supplies,Art,"BIC Markers, Fluorescent",138.45000000000002,5,0,10.95
ES-2015-CY12745120-42165,2015-06-10 00:00:00,CY-12745120,Craig Yedwab,Corporate,Spain,Europe,Southern Europe,TEC-PH-3151,Technology,Phones,"Apple Speaker Phone, Full Size",336.39300000000003,3,0.1,123.273
MX-2015-CL1270093-42180,2015-06-25 00:00:00,CL-1270093,Craig Leslie,Home Office,Nicaragua,LATAM,Central America,FUR-CH-5803,Furniture,Chairs,"SAFCO Steel Folding Chair, Set of Two",175.92,3,0,82.68
ES-2015-CH1207045-42173,2015-06-18 00:00:00,CH-1207045,Cathy Hwang,Home Office,France,Europe,Western Europe,TEC-PH-5261,Technology,Phones,"Motorola Office Telephone, VoIP",305.36249999999995,5,0.15,104.0625
MX-2015-LS1723093-42179,2015-06-24 00:00:00,LS-1723093,Lycoris Saunders,Consumer,Nicaragua,LATAM,Central America,OFF-SU-4995,Office Supplies,Supplies,"Kleencut Trimmer, Serrated",127.1,5,0,47
ES-2015-FH1427514-42182,2015-06-27 00:00:00,FH-1427514,Frank Hawley,Corporate,Belgium,Europe,Western Europe,OFF-AR-3493,Office Supplies,Art,"Binney & Smith Pencil Sharpener, Fluorescent",186.69,7,0,7.349999999999999
ES-2015-BF11170139-42174,2015-06-19 00:00:00,BF-11170139,Ben Ferrer,Home Office,United Kingdom,Europe,Northern Europe,TEC-MA-5514,Technology,Machines,"Okidata Receipt Printer, Durable",492.12000000000006,4,0,19.68
IN-2015-MH1811558-42185,2015-06-30 00:00:00,MH-1811558,Mick Hernandez,Home Office,India,Asia Pacific,Southern Asia,OFF-BI-4816,Office Supplies,Binders,"Ibico Binding Machine, Durable",105.84,2,0,43.38
MX-2015-AF1088531-42165,2015-06-10 00:00:00,AF-1088531,Art Foster,Consumer,Cuba,LATAM,Caribbean,TEC-PH-5260,Technology,Phones,"Motorola Office Telephone, Full Size",194.79999999999998,4,0,60.32000000000001
IN-2015-PG18895130-42168,2015-06-13 00:00:00,PG-18895130,Paul Gonzalez,Consumer,Thailand,Asia Pacific,Southeastern Asia,TEC-AC-5222,Technology,Accessories,"Memorex Numeric Keypad, USB",182.40480000000002,8,0.47000000000000003,-106.79520000000002
AG-2015-DL28653-42167,2015-06-12 00:00:00,DL-28653,Dan Lawera,Consumer,Algeria,Africa,North Africa,TEC-MA-5578,Technology,Machines,"Panasonic Receipt Printer, Wireless",241.79999999999998,2,0,62.82000000000001
CA-2015-DK13225140-42185,2015-06-30 00:00:00,DK-132251404,Dean Katz,Corporate,United States,USCA,Western US,OFF-ST-6286,Office Supplies,Storage,Tennsco 16-Compartment Lockers with Coat Rack,1295.78,2,0,310.98720000000003
CG-2015-JB604533-42157,2015-06-02 00:00:00,JB-604533,Julia Barnett,Home Office,Democratic Republic of the Congo,Africa,Central Africa,TEC-PH-3798,Technology,Phones,"Cisco Office Telephone, VoIP",322.20000000000005,4,0,132
US-2015-AG10330143-42167,2015-06-12 00:00:00,AG-10330143,Alex Grayson,Consumer,Venezuela,LATAM,South America,FUR-BO-3646,Furniture,Bookcases,"Bush Stackable Bookrack, Mobile",98.80799999999999,2,0.4,4.927999999999997
CA-2015-Dp324023-42181,2015-06-26 00:00:00,Dp-324023,Dean percer,Home Office,Canada,USCA,Canada,OFF-BI-6383,Office Supplies,Binders,"Wilson Jones Binding Machine, Durable",50.46,1,0,0.99
CA-2015-Dp13240140-42171,2015-06-16 00:00:00,Dp-132401402,Dean percer,Home Office,United States,USCA,Central US,OFF-ST-6267,Office Supplies,Storage,"Tenex Personal Self-Stacking Standard File Box, Black/Gray",84.55,5,0,22.8285
CA-2015-Dp13240140-42171,2015-06-16 00:00:00,Dp-132401402,Dean percer,Home Office,United States,USCA,Central US,OFF-LA-3210,Office Supplies,Labels,Avery 490,44.400000000000006,3,0,22.200000000000003
TU-2015-AH585134-42172,2015-06-17 00:00:00,AH-585134,Angele Hood,Consumer,Turkey,Asia Pacific,Western Asia,TEC-CO-3681,Technology,Copiers,"Canon Copy Machine, Laser",104.85600000000002,1,0.6,-133.704
MX-2015-BS1180018-42161,2015-06-06 00:00:00,BS-1180018,Bryan Spruell,Home Office,Brazil,LATAM,South America,OFF-EN-5036,Office Supplies,Envelopes,"Kraft Mailers, with clear poly window",247.14000000000001,9,0,14.76
CG-2015-DF313533-42173,2015-06-18 00:00:00,DF-313533,David Flashing,Consumer,Democratic Republic of the Congo,Africa,Central Africa,OFF-PA-4463,Office Supplies,Paper,"Green Bar Cards & Envelopes, Premium",677.4600000000002,14,0,210
CA-2015-Dp13240140-42171,2015-06-16 00:00:00,Dp-132401402,Dean percer,Home Office,United States,USCA,Central US,OFF-PA-6551,Office Supplies,Paper,Xerox 1992,17.94,3,0,8.790600000000001
CA-2015-Dp324023-42181,2015-06-26 00:00:00,Dp-324023,Dean percer,Home Office,Canada,USCA,Canada,OFF-LA-5399,Office Supplies,Labels,"Novimex Round Labels, Adjustable",4.17,1,0,1.1400000000000001
ES-2015-CY12745120-42165,2015-06-10 00:00:00,CY-12745120,Craig Yedwab,Corporate,Spain,Europe,Southern Europe,FUR-FU-3066,Furniture,Furnishings,"Advantus Stacking Tray, Durable",263.70000000000005,10,0,71.10000000000001
IN-2015-CW119057-42173,2015-06-18 00:00:00,CW-119057,Carl Weiss,Home Office,Australia,Asia Pacific,Oceania,OFF-AR-3453,Office Supplies,Art,"BIC Highlighters, Fluorescent",90.85499999999999,5,0.1,2.955
MX-2015-SG2047082-42160,2015-06-05 00:00:00,SG-2047082,Sheri Gordon,Consumer,Mexico,LATAM,Central America,OFF-FA-5477,Office Supplies,Fasteners,"OIC Rubber Bands, Bulk Pack",91.04,8,0,0.8
US-2015-TB2140055-42160,2015-06-05 00:00:00,TB-2140055,Tom Boeckenhauer,Consumer,Honduras,LATAM,Central America,OFF-ST-6261,Office Supplies,Storage,"Tenex Lockers, Blue",244.98000000000002,3,0.4,-118.43999999999998
CA-2015-DB13270140-42175,2015-06-20 00:00:00,DB-132701402,Deborah Brumfield,Home Office,United States,USCA,Central US,FUR-TA-3754,Furniture,Tables,"Chromcraft Bull-Nose Wood Round Conference Table Top, Wood Base",457.4849999999999,3,0.3,-84.96150000000003
US-2015-JL1513018-42159,2015-06-04 00:00:00,JL-1513018,Jack Lebron,Consumer,Brazil,LATAM,South America,OFF-EN-4443,Office Supplies,Envelopes,"GlobeWeis Mailers, Recycled",79.68,8,0.6,-55.84000000000001
CA-2015-DB13270140-42175,2015-06-20 00:00:00,DB-132701402,Deborah Brumfield,Home Office,United States,USCA,Central US,OFF-BI-4353,Office Supplies,Binders,GBC Plasticlear Binding Covers,6.887999999999998,3,0.8,-11.020800000000005
MX-2015-SK1999082-42176,2015-06-21 00:00:00,SK-1999082,Sally Knutson,Consumer,Mexico,LATAM,Central America,OFF-BI-3249,Office Supplies,Binders,"Avery Binder Covers, Recycled",83.81999999999998,11,0,39.379999999999995
IT-2015-GM1469548-42173,2015-06-18 00:00:00,GM-1469548,Greg Maxwell,Corporate,Germany,Europe,Western Europe,TEC-CO-4785,Technology,Copiers,"HP Personal Copier, Digital",123.93,2,0.5,-84.33000000000001
ES-2015-LO17170139-42166,2015-06-11 00:00:00,LO-17170139,Lori Olson,Corporate,United Kingdom,Europe,Northern Europe,OFF-BI-3723,Office Supplies,Binders,"Cardinal Binder, Recycled",56.75999999999999,4,0,11.879999999999999
ID-2015-DK1283559-42161,2015-06-06 00:00:00,DK-1283559,Damala Kotsonis,Corporate,Indonesia,Asia Pacific,Southeastern Asia,OFF-ST-5695,Office Supplies,Storage,"Rogers Folders, Industrial",181.09769999999997,7,0.17,-30.582299999999996
ES-2015-EL13735120-42159,2015-06-04 00:00:00,EL-13735120,Ed Ludwig,Home Office,Spain,Europe,Southern Europe,OFF-SU-4120,Office Supplies,Supplies,"Elite Letter Opener, Easy Grip",136.5,5,0,5.4
MX-2015-CL1270093-42180,2015-06-25 00:00:00,CL-1270093,Craig Leslie,Home Office,Nicaragua,LATAM,Central America,OFF-PA-4478,Office Supplies,Paper,"Green Bar Note Cards, 8.5 x 11",99,5,0,12.8
US-2015-PS1904598-42172,2015-06-17 00:00:00,PS-1904598,Penelope Sewall,Home Office,Panama,LATAM,Central America,OFF-ST-4056,Office Supplies,Storage,"Eldon File Cart, Industrial",255.78000000000003,5,0.4,-29.920000000000005
MX-2015-QJ1925536-42166,2015-06-11 00:00:00,QJ-1925536,Quincy Jones,Corporate,Dominican Republic,LATAM,Caribbean,FUR-BO-3618,Furniture,Bookcases,"Bush 3-Shelf Cabinet, Traditional",229.39199999999997,4,0.4,-141.488
MX-2015-GT1475582-42157,2015-06-02 00:00:00,GT-1475582,Guy Thornton,Consumer,Mexico,LATAM,Central America,OFF-EN-3662,Office Supplies,Envelopes,"Cameo Interoffice Envelope, Security-Tint",99.66,3,0,34.86
IR-2015-FC433560-42180,2015-06-25 00:00:00,FC-433560,Fred Chung,Corporate,Iran,Asia Pacific,Southern Asia,OFF-BI-4816,Office Supplies,Binders,"Ibico Binding Machine, Durable",105.84,2,0,48.66
MX-2015-CA1277518-42183,2015-06-28 00:00:00,CA-1277518,Cynthia Arntzen,Consumer,Brazil,LATAM,South America,TEC-PH-3133,Technology,Phones,"Apple Headset, Full Size",248.49999999999994,5,0,111.8
IN-2015-SO203357-42178,2015-06-23 00:00:00,SO-203357,Sean O'Donnell,Consumer,Australia,Asia Pacific,Oceania,TEC-MA-5001,Technology,Machines,"Konica Calculator, Wireless",92.934,3,0.4,12.384
ES-2015-CS12490120-42181,2015-06-26 00:00:00,CS-12490120,Cindy Schnelling,Corporate,Spain,Europe,Southern Europe,OFF-BI-4816,Office Supplies,Binders,"Ibico Binding Machine, Durable",158.76,3,0,72.99
MX-2015-SP2065082-42173,2015-06-18 00:00:00,SP-2065082,Stephanie Phelps,Corporate,Mexico,LATAM,Central America,TEC-CO-4765,Technology,Copiers,"HP Copy Machine, Color",326.18631999999997,2,0.002,64.70632
MX-2015-CA1226551-42161,2015-06-06 00:00:00,CA-1226551,Christina Anderson,Consumer,Guatemala,LATAM,Central America,TEC-MA-4203,Technology,Machines,"Epson Phone, White",264.6,5,0,124.3
IN-2015-EM1406527-42179,2015-06-24 00:00:00,EM-1406527,Erin Mull,Consumer,China,Asia Pacific,Eastern Asia,OFF-EN-4911,Office Supplies,Envelopes,"Jiffy Interoffice Envelope, Security-Tint",146.52,3,0,40.949999999999996
ES-2015-CL12565120-42175,2015-06-20 00:00:00,CL-12565120,Clay Ludtke,Consumer,Spain,Europe,Southern Europe,OFF-AR-3539,Office Supplies,Art,"Boston Markers, Fluorescent",82.89000000000001,3,0,12.419999999999998
ES-2015-RD19480120-42165,2015-06-10 00:00:00,RD-19480120,Rick Duston,Consumer,Spain,Europe,Southern Europe,OFF-AR-3471,Office Supplies,Art,"BIC Sketch Pad, Water Color",155.52,3,0,23.31
ID-2015-JP155207-42173,2015-06-18 00:00:00,JP-155207,Jeremy Pistek,Consumer,Australia,Asia Pacific,Oceania,FUR-TA-4643,Furniture,Tables,"Hon Computer Table, Fully Assembled",345.597,1,0.3,9.86699999999999
SA-2015-CK2325110-42173,2015-06-18 00:00:00,CK-2325110,Christine Kargatis,Home Office,Saudi Arabia,Asia Pacific,Western Asia,TEC-MA-5014,Technology,Machines,"Konica Printer, Durable",267.96000000000004,1,0,77.69999999999999
CA-2015-DB13405140-42182,2015-06-27 00:00:00,DB-134051402,Denny Blanton,Consumer,United States,USCA,Central US,FUR-FU-4026,Furniture,Furnishings,Eldon Antistatic Chair Mats for Low to Medium Pile Carpets,526.45,5,0,31.58699999999996
IN-2015-SB2029058-42185,2015-06-30 00:00:00,SB-2029058,Sean Braxton,Corporate,India,Asia Pacific,Southern Asia,FUR-CH-5449,Furniture,Chairs,"Office Star Rocking Chair, Set of Two",286.32,2,0,57.239999999999995
EG-2015-NP870038-42178,2015-06-23 00:00:00,NP-870038,Nora Preis,Consumer,Egypt,Africa,North Africa,FUR-FU-5726,Furniture,Furnishings,"Rubbermaid Door Stop, Erganomic",84.84000000000002,2,0,12.72
MX-2015-CB1241518-42182,2015-06-27 00:00:00,CB-1241518,Christy Brittain,Consumer,Brazil,LATAM,South America,FUR-FU-5728,Furniture,Furnishings,"Rubbermaid Frame, Duo Pack",146.60000000000002,2,0,5.84
US-2015-TC2114555-42166,2015-06-11 00:00:00,TC-2114555,Theresa Coyne,Corporate,Honduras,LATAM,Central America,TEC-CO-3606,Technology,Copiers,"Brother Personal Copier, High-Speed",112.49575999999999,2,0.402,-66.22424000000001
CA-2015-DO13435140-42182,2015-06-27 00:00:00,DO-134351406,Denny Ordway,Consumer,United States,USCA,Eastern US,OFF-ST-5784,Office Supplies,Storage,Safco Industrial Wire Shelving System,272.94,3,0,0
ES-2015-MK1816045-42180,2015-06-25 00:00:00,MK-1816045,Mike Kennedy,Consumer,France,Europe,Western Europe,TEC-CO-5994,Technology,Copiers,"Sharp Fax and Copier, Digital",286.008,2,0.15,63.887999999999984
CA-2015-DO13435140-42158,2015-06-03 00:00:00,DO-134351404,Denny Ordway,Consumer,United States,USCA,Western US,OFF-EN-5167,Office Supplies,Envelopes,"Manila Recycled Extra-Heavyweight Clasp Envelopes, 6"" x 9""",43.92,5,0.2,15.921000000000003
IV-2015-JM619529-42169,2015-06-14 00:00:00,JM-619529,Justin MacKendrick,Consumer,Cote d'Ivoire,Africa,Western Africa,TEC-AC-5136,Technology,Accessories,"Logitech Router, Programmable",248.82,1,0,89.55000000000001
CA-2015-DO13435140-42158,2015-06-03 00:00:00,DO-134351404,Denny Ordway,Consumer,United States,USCA,Western US,OFF-PA-6598,Office Supplies,Paper,Xerox 4200 Series MultiUse Premium Copy Paper (20Lb. and 84 Bright),25.344,6,0.2,7.92
IZ-2015-EH412561-42161,2015-06-06 00:00:00,EH-412561,Eugene Hildebrand,Home Office,Iraq,Asia Pacific,Western Asia,TEC-AC-5132,Technology,Accessories,"Logitech Numeric Keypad, Programmable",191.28000000000003,4,0,24.839999999999996
MX-2015-BD117255-42179,2015-06-24 00:00:00,BD-117255,Bruce Degenhardt,Consumer,Argentina,LATAM,South America,FUR-CH-5370,Furniture,Chairs,"Novimex Chairmat, Adjustable",164.724,7,0.4,-79.71599999999998
US-2015-DV13465140-42167,2015-06-12 00:00:00,DV-134651404,Dianna Vittorini,Consumer,United States,USCA,Western US,OFF-PA-6361,Office Supplies,Paper,"White Dual Perf Computer Printout Paper, 2700 Sheets, 1 Part, Heavyweight, 20 lbs., 14 7/8 x 11",122.97,3,0,60.255300000000005
TU-2015-AH585134-42172,2015-06-17 00:00:00,AH-585134,Angele Hood,Consumer,Turkey,Asia Pacific,Western Asia,TEC-PH-5813,Technology,Phones,"Samsung Audio Dock, Full Size",134.496,2,0.6,-158.064
IN-2015-BP111557-42180,2015-06-25 00:00:00,BP-111557,Becky Pak,Consumer,Australia,Asia Pacific,Oceania,OFF-SU-4327,Office Supplies,Supplies,"Fiskars Trimmer, Serrated",70.20000000000002,2,0.1,5.459999999999998
IT-2015-ZC21910124-42168,2015-06-13 00:00:00,ZC-21910124,Zuschuss Carroll,Consumer,Sweden,Europe,Northern Europe,FUR-FU-6243,Furniture,Furnishings,"Tenex Door Stop, Durable",130.94400000000002,8,0.6,-153.93599999999998
TU-2015-GT4755134-42166,2015-06-11 00:00:00,GT-4755134,Guy Thornton,Consumer,Turkey,Asia Pacific,Western Asia,TEC-AC-5127,Technology,Accessories,"Logitech Mouse, Erganomic",86.68800000000002,8,0.6,-80.35200000000002
ID-2015-KB1660059-42176,2015-06-21 00:00:00,KB-1660059,Ken Brennan,Corporate,Indonesia,Asia Pacific,Southeastern Asia,OFF-BI-4815,Office Supplies,Binders,"Ibico Binding Machine, Clear",126.69120000000001,3,0.17,-25.948800000000006
MX-2015-JH1543082-42160,2015-06-05 00:00:00,JH-1543082,Jennifer Halladay,Consumer,Mexico,LATAM,Central America,OFF-BI-3713,Office Supplies,Binders,"Cardinal 3-Hole Punch, Durable",60.6,3,0,13.919999999999998
MX-2015-MN1793528-42174,2015-06-19 00:00:00,MN-1793528,Michael Nguyen,Consumer,Colombia,LATAM,South America,FUR-BO-5966,Furniture,Bookcases,"Sauder Library with Doors, Metal",774.18,3,0,185.76000000000002
IN-2015-PK1891059-42160,2015-06-05 00:00:00,PK-1891059,Paul Knutson,Home Office,Indonesia,Asia Pacific,Southeastern Asia,OFF-EN-4921,Office Supplies,Envelopes,"Jiffy Manila Envelope, with clear poly window",109.63049999999998,7,0.47000000000000003,4.000500000000002
UZ-2015-JH5985142-42185,2015-06-30 00:00:00,JH-5985142,Joseph Holt,Consumer,Uzbekistan,Asia Pacific,Central Asia,TEC-AC-5204,Technology,Accessories,"Memorex Memory Card, Erganomic",100.07999999999998,1,0,18
ID-2015-AR1040559-42177,2015-06-22 00:00:00,AR-1040559,Allen Rosenblatt,Corporate,Indonesia,Asia Pacific,Southeastern Asia,OFF-EN-3105,Office Supplies,Envelopes,"Ames Manila Envelope, Security-Tint",100.50390000000002,7,0.47000000000000003,-3.866100000000017
US-2015-AG10330143-42167,2015-06-12 00:00:00,AG-10330143,Alex Grayson,Consumer,Venezuela,LATAM,South America,OFF-EN-4918,Office Supplies,Envelopes,"Jiffy Manila Envelope, Recycled",49.62,5,0.4,-31.480000000000008
IN-2015-AB102557-42179,2015-06-24 00:00:00,AB-102557,Alejandro Ballentine,Home Office,Australia,Asia Pacific,Oceania,OFF-LA-3297,Office Supplies,Labels,"Avery Legal Exhibit Labels, 5000 Label Set",95.013,9,0.1,34.803
MX-2015-MN1793528-42174,2015-06-19 00:00:00,MN-1793528,Michael Nguyen,Consumer,Colombia,LATAM,South America,TEC-CO-4588,Technology,Copiers,"Hewlett Personal Copier, High-Speed",284.37011999999993,3,0.002,22.170119999999997
ES-2015-CS12460120-42182,2015-06-27 00:00:00,CS-12460120,Chuck Sachs,Consumer,Spain,Europe,Southern Europe,TEC-AC-5889,Technology,Accessories,"SanDisk Numeric Keypad, USB",318.96000000000004,6,0,102.05999999999999
ES-2015-DR1288048-42173,2015-06-18 00:00:00,DR-1288048,Dan Reichenbach,Corporate,Germany,Europe,Western Europe,FUR-BO-5797,Furniture,Bookcases,"Safco Stackable Bookrack, Mobile",268.164,2,0.1,5.9040000000000035
ES-2015-MO1750045-42164,2015-06-09 00:00:00,MO-1750045,Mary O'Rourke,Consumer,France,Europe,Western Europe,OFF-AR-5919,Office Supplies,Art,"Sanford Markers, Fluorescent",73.53,3,0,29.339999999999996
IN-2015-EB1417027-42157,2015-06-02 00:00:00,EB-1417027,Evan Bailliet,Consumer,China,Asia Pacific,Eastern Asia,OFF-SU-6168,Office Supplies,Supplies,"Stiletto Ruler, Easy Grip",82.5,5,0,6.6000000000000005
ES-2015-LL1684045-42158,2015-06-03 00:00:00,LL-1684045,Lauren Leatherbury,Consumer,France,Europe,Western Europe,FUR-FU-4043,Furniture,Furnishings,"Eldon Door Stop, Erganomic",341.46000000000004,7,0,44.31
SA-2015-RE9450110-42168,2015-06-13 00:00:00,RE-9450110,Richard Eichhorn,Consumer,Saudi Arabia,Asia Pacific,Western Asia,TEC-PH-5348,Technology,Phones,"Nokia Office Telephone, VoIP",65.22,1,0,24.119999999999997
ES-2015-PM1913514-42158,2015-06-03 00:00:00,PM-1913514,Peter McVee,Home Office,Belgium,Europe,Western Europe,OFF-FA-6200,Office Supplies,Fasteners,"Stockwell Rubber Bands, Metal",49.949999999999996,3,0,23.94
UP-2015-RA9885137-42176,2015-06-21 00:00:00,RA-9885137,Ruben Ausman,Corporate,Ukraine,Europe,Eastern Europe,TEC-CO-3607,Technology,Copiers,"Brother Personal Copier, Laser",142.89000000000001,1,0,14.28
IN-2015-SD20485118-42157,2015-06-02 00:00:00,SD-20485118,Shirley Daniels,Home Office,South Korea,Asia Pacific,Eastern Asia,FUR-FU-5740,Furniture,Furnishings,"Rubbermaid Stacking Tray, Durable",181.008,9,0.2,33.85800000000001
US-2015-FP143205-42164,2015-06-09 00:00:00,FP-143205,Frank Preis,Consumer,Argentina,LATAM,South America,OFF-ST-6060,Office Supplies,Storage,"Smead Shelving, Wire Frame",96,5,0.4,-56
MX-2015-TG2164093-42181,2015-06-26 00:00:00,TG-2164093,Trudy Glocke,Consumer,Nicaragua,LATAM,Central America,TEC-PH-5832,Technology,Phones,"Samsung Office Telephone, with Caller ID",217.4,5,0,80.4
US-2015-Dl13600140-42164,2015-06-09 00:00:00,Dl-136001402,Dorris liebe,Corporate,United States,USCA,Central US,OFF-AP-4215,Office Supplies,Appliances,Eureka Disposable Bags for Sanitaire Vibra Groomer I Upright Vac,1.6239999999999994,2,0.8,-4.466
MX-2015-NG1835582-42182,2015-06-27 00:00:00,NG-1835582,Nat Gilpin,Corporate,Mexico,LATAM,Central America,TEC-CO-4588,Technology,Copiers,"Hewlett Personal Copier, High-Speed",189.58007999999998,2,0.002,14.780079999999998
RS-2015-TC11145108-42178,2015-06-23 00:00:00,TC-11145108,Theresa Coyne,Corporate,Russia,Europe,Eastern Europe,FUR-BO-5798,Furniture,Bookcases,"Safco Stackable Bookrack, Pine",151.5,1,0,62.099999999999994
MX-2015-MH1802518-42169,2015-06-14 00:00:00,MH-1802518,Michelle Huthwaite,Consumer,French Guiana,LATAM,South America,OFF-ST-6058,Office Supplies,Storage,"Smead Shelving, Industrial",131.76,4,0,9.2
ES-2015-CC1255064-42176,2015-06-21 00:00:00,CC-1255064,Clay Cheatham,Consumer,Italy,Europe,Southern Europe,OFF-PA-6617,Office Supplies,Paper,"Xerox Note Cards, 8.5 x 11",91.53,3,0,0.9000000000000001
IT-2015-AM1036045-42167,2015-06-12 00:00:00,AM-1036045,Alice McCarthy,Corporate,France,Europe,Western Europe,OFF-EN-3100,Office Supplies,Envelopes,"Ames Mailers, Recycled",207.89999999999998,6,0,4.140000000000001
TU-2015-GT4755134-42166,2015-06-11 00:00:00,GT-4755134,Guy Thornton,Consumer,Turkey,Asia Pacific,Western Asia,TEC-CO-4578,Technology,Copiers,"Hewlett Fax Machine, Laser",127.96800000000002,1,0.6,-175.962
IN-2015-JG1531027-42170,2015-06-15 00:00:00,JG-1531027,Jason Gross,Corporate,China,Asia Pacific,Eastern Asia,OFF-AP-3567,Office Supplies,Appliances,"Breville Coffee Grinder, Red",185.57999999999998,3,0,59.31
MX-2015-DV1346531-42179,2015-06-24 00:00:00,DV-1346531,Dianna Vittorini,Consumer,Cuba,LATAM,Caribbean,FUR-FU-5738,Furniture,Furnishings,"Rubbermaid Photo Frame, Erganomic",302.22,9,0,0
MX-2015-PW1924036-42174,2015-06-19 00:00:00,PW-1924036,Pierre Wener,Consumer,Dominican Republic,LATAM,Caribbean,FUR-CH-4522,Furniture,Chairs,"Harbour Creations Chairmat, Adjustable",158.91200000000003,4,0.2,5.951999999999993
IN-2015-AB102557-42179,2015-06-24 00:00:00,AB-102557,Alejandro Ballentine,Home Office,Australia,Asia Pacific,Oceania,FUR-FU-3955,Furniture,Furnishings,"Deflect-O Stacking Tray, Black",91.25999999999999,4,0.1,4.98
IT-2015-DW1358545-42173,2015-06-18 00:00:00,DW-1358545,Dorothy Wardle,Corporate,France,Europe,Western Europe,TEC-PH-3785,Technology,Phones,"Cisco Audio Dock, Full Size",192.52799999999996,3,0.65,-275.112
ES-2015-PS1876048-42179,2015-06-24 00:00:00,PS-1876048,Pamela Stobb,Consumer,Germany,Europe,Western Europe,OFF-AP-4500,Office Supplies,Appliances,"Hamilton Beach Microwave, White",252.58499999999998,1,0.1,-11.234999999999996
RS-2015-TC11145108-42178,2015-06-23 00:00:00,TC-11145108,Theresa Coyne,Corporate,Russia,Europe,Eastern Europe,FUR-FU-5741,Furniture,Furnishings,"Rubbermaid Stacking Tray, Erganomic",190.07999999999998,8,0,60.72
SG-2015-TS11655111-42167,2015-06-12 00:00:00,TS-11655111,Trudy Schmidt,Consumer,Senegal,Africa,Western Africa,TEC-PH-5246,Technology,Phones,"Motorola Audio Dock, Cordless",176.22,1,0,45.81
IN-2015-DP133907-42160,2015-06-05 00:00:00,DP-133907,Dennis Pardue,Home Office,Australia,Asia Pacific,Oceania,OFF-AR-3548,Office Supplies,Art,"Boston Pens, Fluorescent",83.592,6,0.1,3.6720000000000006
ES-2015-JM15865139-42178,2015-06-23 00:00:00,JM-15865139,John Murray,Consumer,United Kingdom,Europe,Northern Europe,OFF-EN-3656,Office Supplies,Envelopes,"Cameo Business Envelopes, Set of 50",61.470000000000006,3,0,24.57
ES-2015-FH14365120-42165,2015-06-10 00:00:00,FH-14365120,Fred Hopkins,Corporate,Spain,Europe,Southern Europe,OFF-ST-6068,Office Supplies,Storage,"Smead Trays, Wire Frame",213.97500000000002,5,0.1,7.125
ID-2015-SC2077059-42162,2015-06-07 00:00:00,SC-2077059,Stewart Carmichael,Corporate,Indonesia,Asia Pacific,Southeastern Asia,TEC-AC-5124,Technology,Accessories,"Logitech Memory Card, USB",109.8054,2,0.47000000000000003,-53.874600000000015
MO-2015-AB60086-42173,2015-06-18 00:00:00,AB-60086,Ann Blume,Corporate,Morocco,Africa,North Africa,FUR-BO-4852,Furniture,Bookcases,"Ikea Corner Shelving, Metal",245.04000000000002,2,0,9.78
IN-2015-DP133907-42160,2015-06-05 00:00:00,DP-133907,Dennis Pardue,Home Office,Australia,Asia Pacific,Oceania,FUR-TA-3432,Furniture,Tables,"Bevis Round Table, with Bottom Storage",362.73299999999995,1,0.3,-119.18699999999997
IT-2015-MF1766545-42182,2015-06-27 00:00:00,MF-1766545,Maureen Fritzler,Corporate,France,Europe,Western Europe,OFF-BI-4806,Office Supplies,Binders,"Ibico 3-Hole Punch, Recycled",184.86,6,0,51.66
ES-2015-AR1082564-42164,2015-06-09 00:00:00,AR-1082564,Anthony Rawles,Corporate,Italy,Europe,Southern Europe,OFF-AR-3525,Office Supplies,Art,"Boston Canvas, Blue",268.2,5,0,67.05
ES-2015-GH1442545-42168,2015-06-13 00:00:00,GH-1442545,Gary Hwang,Consumer,France,Europe,Western Europe,OFF-BI-2892,Office Supplies,Binders,"Acco Binder Covers, Durable",88.91999999999999,6,0,39.96
IN-2015-RH196007-42179,2015-06-24 00:00:00,RH-196007,Rob Haberlin,Consumer,Australia,Asia Pacific,Oceania,TEC-AC-5099,Technology,Accessories,"Logitech Flash Drive, Bluetooth",164.75399999999996,6,0.1,52.974000000000004
US-2015-PO1885055-42164,2015-06-09 00:00:00,PO-1885055,Patrick O'Brill,Consumer,Honduras,LATAM,Central America,TEC-PH-3134,Technology,Phones,"Apple Headset, VoIP",58.67999999999999,2,0.4,-3.9200000000000044
IN-2015-RP1985588-42157,2015-06-02 00:00:00,RP-1985588,Roy Phan,Corporate,Myanmar (Burma),Asia Pacific,Southeastern Asia,OFF-AR-6116,Office Supplies,Art,"Stanley Markers, Fluorescent",155.77439999999999,8,0.17,18.7344
ES-2015-MF18250120-42165,2015-06-10 00:00:00,MF-18250120,Monica Federle,Corporate,Spain,Europe,Southern Europe,TEC-PH-3792,Technology,Phones,"Cisco Headset, VoIP",159.354,2,0.1,-10.626
IT-2015-BN1147064-42174,2015-06-19 00:00:00,BN-1147064,Brad Norvell,Corporate,Italy,Europe,Southern Europe,TEC-PH-5339,Technology,Phones,"Nokia Headset, Cordless",136.72799999999998,3,0.4,-41.022
SF-2015-CK2760117-42171,2015-06-16 00:00:00,CK-2760117,Cyma Kinney,Corporate,South Africa,Africa,Southern Africa,OFF-PA-4145,Office Supplies,Paper,"Enermax Cards & Envelopes, Premium",188.4,4,0,54.599999999999994
IN-2015-NC1853566-42185,2015-06-30 00:00:00,NC-1853566,Nick Crebassa,Corporate,Japan,Asia Pacific,Eastern Asia,FUR-CH-5446,Furniture,Chairs,"Office Star Rocking Chair, Adjustable",143.4,1,0,2.8499999999999996
SY-2015-EK3795126-42157,2015-06-02 00:00:00,EK-3795126,Eileen Kiefer,Home Office,Syria,Asia Pacific,Western Asia,FUR-FU-3931,Furniture,Furnishings,"Deflect-O Clock, Erganomic",48.92999999999999,1,0,4.38
BO-2015-PB910513-42158,2015-06-03 00:00:00,PB-910513,Peter Bühler,Consumer,Belarus,Europe,Eastern Europe,OFF-AP-4724,Office Supplies,Appliances,"Hoover Coffee Grinder, Silver",139.08,2,0,54.239999999999995
ES-2015-AG1076564-42166,2015-06-11 00:00:00,AG-1076564,Anthony Garverick,Home Office,Italy,Europe,Southern Europe,FUR-FU-5719,Furniture,Furnishings,"Rubbermaid Clock, Duo Pack",200.88000000000002,4,0,32.04
RS-2015-TC11145108-42178,2015-06-23 00:00:00,TC-11145108,Theresa Coyne,Corporate,Russia,Europe,Eastern Europe,OFF-AR-3528,Office Supplies,Art,"Boston Canvas, Water Color",113.64000000000001,2,0,17.04
IN-2015-JG1580559-42173,2015-06-18 00:00:00,JG-1580559,John Grady,Corporate,Indonesia,Asia Pacific,Southeastern Asia,OFF-AR-3526,Office Supplies,Art,"Boston Canvas, Easy-Erase",118.06289999999998,3,0.27,-12.977099999999997
IN-2015-ED1388558-42168,2015-06-13 00:00:00,ED-1388558,Emily Ducich,Home Office,India,Asia Pacific,Southern Asia,FUR-FU-4035,Furniture,Furnishings,"Eldon Clock, Duo Pack",169.74,3,0,79.74
US-2015-TS2137055-42173,2015-06-18 00:00:00,TS-2137055,Todd Sumrall,Corporate,Honduras,LATAM,Central America,TEC-PH-5248,Technology,Phones,"Motorola Audio Dock, VoIP",138.768,2,0.4,-92.51200000000001
CG-2015-AF88533-42166,2015-06-11 00:00:00,AF-88533,Art Foster,Consumer,Democratic Republic of the Congo,Africa,Central Africa,TEC-MA-5021,Technology,Machines,"Konica Receipt Printer, Wireless",122.25,1,0,24.450000000000003
IN-2015-DW131957-42181,2015-06-26 00:00:00,DW-131957,David Wiener,Corporate,Australia,Asia Pacific,Oceania,OFF-SU-6178,Office Supplies,Supplies,"Stiletto Shears, Serrated",120.93300000000002,3,0.1,44.25299999999999
ID-2015-AH1019597-42156,2015-06-01 00:00:00,AH-1019597,Alan Haines,Corporate,Pakistan,Asia Pacific,Southern Asia,TEC-CO-4582,Technology,Copiers,"Hewlett Ink, Laser",148.67999999999998,2,0.5,-2.9999999999999716
IN-2015-VM218357-42166,2015-06-11 00:00:00,VM-218357,Vivian Mathis,Consumer,Australia,Asia Pacific,Oceania,TEC-CO-4589,Technology,Copiers,"Hewlett Personal Copier, Laser",129.843,1,0.1,-8.667
IN-2015-BM1157559-42179,2015-06-24 00:00:00,BM-1157559,Brendan Murry,Corporate,Indonesia,Asia Pacific,Southeastern Asia,FUR-FU-5731,Furniture,Furnishings,"Rubbermaid Light Bulb, Black",41.25959999999999,3,0.27,9.5796
ES-2015-RB1979548-42177,2015-06-22 00:00:00,RB-1979548,Ross Baird,Home Office,Germany,Europe,Western Europe,OFF-BI-3724,Office Supplies,Binders,"Cardinal Binding Machine, Clear",221.53500000000005,5,0.1,73.785
MX-2015-EM1382551-42181,2015-06-26 00:00:00,EM-1382551,Elizabeth Moffitt,Corporate,Guatemala,LATAM,Central America,FUR-CH-5412,Furniture,Chairs,"Novimex Swivel Stool, Black",216.04000000000002,2,0,21.6
ID-2015-CS124907-42173,2015-06-18 00:00:00,CS-124907,Cindy Schnelling,Corporate,Australia,Asia Pacific,Oceania,TEC-CO-6001,Technology,Copiers,"Sharp Ink, Color",302.04,4,0.4,-151.08
SA-2015-CK2325110-42173,2015-06-18 00:00:00,CK-2325110,Christine Kargatis,Home Office,Saudi Arabia,Asia Pacific,Western Asia,OFF-FA-6186,Office Supplies,Fasteners,"Stockwell Clamps, Bulk Pack",226.07999999999998,12,0,18
IT-2015-GM1469548-42173,2015-06-18 00:00:00,GM-1469548,Greg Maxwell,Corporate,Germany,Europe,Western Europe,TEC-MA-5506,Technology,Machines,"Okidata Phone, Durable",130.45499999999998,3,0.5,-73.12499999999999
ES-2015-AR1082564-42164,2015-06-09 00:00:00,AR-1082564,Anthony Rawles,Corporate,Italy,Europe,Southern Europe,OFF-PA-5891,Office Supplies,Paper,"SanDisk Parchment Paper, Multicolor",90.6,5,0,18
ID-2015-TZ214457-42159,2015-06-04 00:00:00,TZ-214457,Tom Zandusky,Corporate,Australia,Asia Pacific,Oceania,TEC-AC-3389,Technology,Accessories,"Belkin Memory Card, Erganomic",202.71599999999995,3,0.4,-13.553999999999974
MX-2015-CR1258082-42171,2015-06-16 00:00:00,CR-1258082,Clay Rozendal,Home Office,Mexico,LATAM,Central America,OFF-ST-5691,Office Supplies,Storage,"Rogers File Cart, Blue",187.56000000000006,2,0,7.4799999999999995
IN-2015-CC1237058-42160,2015-06-05 00:00:00,CC-1237058,Christopher Conant,Consumer,India,Asia Pacific,Southern Asia,OFF-SU-4308,Office Supplies,Supplies,"Fiskars Letter Opener, Easy Grip",118.19999999999999,4,0,48.36
ID-2015-MS17770118-42171,2015-06-16 00:00:00,MS-17770118,Maxwell Schwartz,Consumer,South Korea,Asia Pacific,Eastern Asia,OFF-BI-6382,Office Supplies,Binders,"Wilson Jones Binding Machine, Clear",96.84,4,0.5,-60.120000000000005
ES-2015-RF1973545-42157,2015-06-02 00:00:00,RF-1973545,Roland Fjeld,Consumer,France,Europe,Western Europe,OFF-AR-3552,Office Supplies,Art,"Boston Sketch Pad, Blue",194.39999999999998,4,0,83.52
MX-2015-JH1543082-42160,2015-06-05 00:00:00,JH-1543082,Jennifer Halladay,Consumer,Mexico,LATAM,Central America,OFF-PA-4169,Office Supplies,Paper,"Enermax Message Books, Premium",90,6,0,32.4
ID-2015-TT2146059-42185,2015-06-30 00:00:00,TT-2146059,Tonja Turnell,Home Office,Indonesia,Asia Pacific,Southeastern Asia,OFF-FA-6208,Office Supplies,Fasteners,"Stockwell Thumb Tacks, Metal",63.2502,9,0.47000000000000003,-28.8198
IN-2015-JC1610558-42165,2015-06-10 00:00:00,JC-1610558,Julie Creighton,Corporate,India,Asia Pacific,Southern Asia,OFF-LA-4538,Office Supplies,Labels,"Harbour Creations Legal Exhibit Labels, Adjustable",61.95000000000001,7,0,7.349999999999999
ES-2015-KB1640548-42180,2015-06-25 00:00:00,KB-1640548,Katrina Bavinger,Home Office,Germany,Europe,Western Europe,FUR-CH-5439,Furniture,Chairs,"Office Star Chairmat, Red",315.93600000000004,6,0.2,78.87599999999998
IN-2015-GB145757-42185,2015-06-30 00:00:00,GB-145757,Giulietta Baptist,Consumer,Australia,Asia Pacific,Oceania,OFF-BI-4816,Office Supplies,Binders,"Ibico Binding Machine, Durable",63.504,2,0.4,1.043999999999997
MX-2015-DV1346531-42179,2015-06-24 00:00:00,DV-1346531,Dianna Vittorini,Consumer,Cuba,LATAM,Caribbean,TEC-CO-4778,Technology,Copiers,"HP Ink, Digital",256.16664000000003,3,0.002,86.72664
TU-2015-MD7860134-42173,2015-06-18 00:00:00,MD-7860134,Michael Dominguez,Corporate,Turkey,Asia Pacific,Western Asia,OFF-ST-5692,Office Supplies,Storage,"Rogers File Cart, Industrial",56.640000000000015,1,0.6,-60.900000000000006
US-2015-JL1513018-42159,2015-06-04 00:00:00,JL-1513018,Jack Lebron,Consumer,Brazil,LATAM,South America,FUR-CH-5367,Furniture,Chairs,"Novimex Bag Chairs, Black",58.04,5,0.6,-23.25999999999999
MX-2015-LS1723093-42179,2015-06-24 00:00:00,LS-1723093,Lycoris Saunders,Consumer,Nicaragua,LATAM,Central America,OFF-FA-6189,Office Supplies,Fasteners,"Stockwell Paper Clips, Assorted Sizes",68.03999999999999,9,0,16.92
CA-2015-EH14005140-42160,2015-06-05 00:00:00,EH-140051408,Erica Hernandez,Home Office,United States,USCA,Southern US,OFF-BI-4372,Office Supplies,Binders,GBC VeloBind Cover Sets,108.08,7,0,54.04
CA-2015-EH14005140-42160,2015-06-05 00:00:00,EH-140051408,Erica Hernandez,Home Office,United States,USCA,Southern US,OFF-BI-4884,Office Supplies,Binders,Insertable Tab Indexes For Data Binders,9.540000000000001,3,0,4.3884
ID-2015-TT2146059-42185,2015-06-30 00:00:00,TT-2146059,Tonja Turnell,Home Office,Indonesia,Asia Pacific,Southeastern Asia,OFF-FA-2945,Office Supplies,Fasteners,"Accos Paper Clips, Bulk Pack",45.028800000000004,6,0.47000000000000003,-27.331200000000006
US-2015-LR16915101-42180,2015-06-25 00:00:00,LR-16915101,Lena Radford,Consumer,Peru,LATAM,South America,OFF-ST-6048,Office Supplies,Storage,"Smead Lockers, Single Width",158.75999999999996,2,0.4,15.840000000000009
IN-2015-SO20335102-42179,2015-06-24 00:00:00,SO-20335102,Sean O'Donnell,Consumer,Philippines,Asia Pacific,Southeastern Asia,OFF-AP-4954,Office Supplies,Appliances,"KitchenAid Coffee Grinder, Silver",121.074,2,0.15000000000000002,37.013999999999996
EG-2015-ST1053038-42166,2015-06-11 00:00:00,ST-1053038,Shui Tom,Consumer,Egypt,Africa,North Africa,OFF-AR-5919,Office Supplies,Art,"Sanford Markers, Fluorescent",49.019999999999996,2,0,19.56
US-2015-RH19600101-42182,2015-06-27 00:00:00,RH-19600101,Rob Haberlin,Consumer,Peru,LATAM,South America,FUR-CH-5438,Furniture,Chairs,"Office Star Chairmat, Black",76.06800000000001,3,0.4,12.647999999999985
IT-2015-KH1669064-42171,2015-06-16 00:00:00,KH-1669064,Kristen Hastings,Corporate,Italy,Europe,Southern Europe,TEC-PH-5827,Technology,Phones,"Samsung Headset, with Caller ID",175.67999999999998,4,0.4,-102.47999999999999
RS-2015-TC11145108-42178,2015-06-23 00:00:00,TC-11145108,Theresa Coyne,Corporate,Russia,Europe,Eastern Europe,OFF-BI-2894,Office Supplies,Binders,"Acco Binder Covers, Recycled",109.44,8,0,32.64
ES-2015-JH1543045-42169,2015-06-14 00:00:00,JH-1543045,Jennifer Halladay,Consumer,France,Europe,Western Europe,OFF-AP-4494,Office Supplies,Appliances,"Hamilton Beach Coffee Grinder, Red",153.576,4,0.1,3.3359999999999985
ES-2015-FC1433564-42185,2015-06-30 00:00:00,FC-1433564,Fred Chung,Corporate,Italy,Europe,Southern Europe,OFF-AP-4952,Office Supplies,Appliances,"KitchenAid Coffee Grinder, Black",139.79999999999998,2,0,57.300000000000004
MX-2015-EM1420082-42161,2015-06-06 00:00:00,EM-1420082,Evan Minnotte,Home Office,Mexico,LATAM,Central America,FUR-BO-3907,Furniture,Bookcases,"Dania Stackable Bookrack, Traditional",129.11999999999998,2,0.2,6.440000000000003
MX-2015-AG1039051-42180,2015-06-25 00:00:00,AG-1039051,Allen Goldenen,Consumer,Guatemala,LATAM,Central America,FUR-CH-5408,Furniture,Chairs,"Novimex Steel Folding Chair, Red",54.82000000000001,1,0,0
TU-2015-AD180134-42157,2015-06-02 00:00:00,AD-180134,Alan Dominguez,Home Office,Turkey,Asia Pacific,Western Asia,OFF-AP-3576,Office Supplies,Appliances,"Breville Refrigerator, Silver",208.03199999999998,1,0.6,-171.64799999999997
ES-2015-ML1741045-42178,2015-06-23 00:00:00,ML-1741045,Maris LaWare,Consumer,France,Europe,Western Europe,OFF-SU-4326,Office Supplies,Supplies,"Fiskars Trimmer, High Speed",84.60000000000001,2,0,12.66
ES-2015-BW11110139-42159,2015-06-04 00:00:00,BW-11110139,Bart Watters,Corporate,United Kingdom,Europe,Northern Europe,FUR-TA-3766,Furniture,Tables,"Chromcraft Conference Table, with Bottom Storage",4363.349999999999,5,0,305.4
CA-2015-EM14065140-42160,2015-06-05 00:00:00,EM-140651402,Erin Mull,Consumer,United States,USCA,Central US,FUR-FU-5416,Furniture,Furnishings,Nu-Dell Executive Frame,30.336000000000006,6,0.6,-17.443199999999997
ID-2015-MM1726078-42181,2015-06-26 00:00:00,MM-1726078,Magdelene Morse,Consumer,Malaysia,Asia Pacific,Southeastern Asia,TEC-AC-3387,Technology,Accessories,"Belkin Keyboard, USB",252.27,3,0,93.33
ZA-2015-JB6045147-42165,2015-06-10 00:00:00,JB-6045147,Julia Barnett,Home Office,Zimbabwe,Africa,Eastern Africa,TEC-AC-3405,Technology,Accessories,"Belkin Router, USB",77.68800000000002,1,0.7,-59.56200000000001
UG-2015-CA1965136-42183,2015-06-28 00:00:00,CA-1965136,Carol Adams,Corporate,Uganda,Africa,Eastern Africa,FUR-CH-5457,Furniture,Chairs,"Office Star Swivel Stool, Set of Two",52.857000000000006,1,0.7,-70.50299999999999
ES-2015-NG1835545-42164,2015-06-09 00:00:00,NG-1835545,Nat Gilpin,Corporate,France,Europe,Western Europe,TEC-AC-5126,Technology,Accessories,"Logitech Mouse, Bluetooth",146.40000000000003,5,0,65.85
ES-2015-TB211758-42176,2015-06-21 00:00:00,TB-211758,Thomas Boland,Corporate,Austria,Europe,Western Europe,OFF-FA-6190,Office Supplies,Fasteners,"Stockwell Paper Clips, Bulk Pack",68.10000000000001,5,0,32.55
MO-2015-LA678086-42168,2015-06-13 00:00:00,LA-678086,Laura Armstrong,Corporate,Morocco,Africa,North Africa,TEC-MA-6150,Technology,Machines,"StarTech Printer, Wireless",256.1700000000001,1,0,56.34
RS-2015-BT1395108-42179,2015-06-24 00:00:00,BT-1395108,Bill Tyler,Corporate,Russia,Europe,Eastern Europe,FUR-BO-4864,Furniture,Bookcases,"Ikea Stackable Bookrack, Metal",244.07999999999998,2,0,56.099999999999994
CA-2015-EH14125140-42177,2015-06-22 00:00:00,EH-141251406,Eugene Hildebrand,Home Office,United States,USCA,Eastern US,OFF-PA-6459,Office Supplies,Paper,Xerox 1908,447.84,8,0,219.4416
TU-2015-SC10770134-42185,2015-06-30 00:00:00,SC-10770134,Stewart Carmichael,Corporate,Turkey,Asia Pacific,Western Asia,TEC-MA-4201,Technology,Machines,"Epson Phone, Durable",194.61599999999999,6,0.6,-223.88399999999993
IR-2015-FC433560-42180,2015-06-25 00:00:00,FC-433560,Fred Chung,Corporate,Iran,Asia Pacific,Southern Asia,OFF-PA-5850,Office Supplies,Paper,"SanDisk Cards & Envelopes, Recycled",48.33,1,0,1.92
CA-2015-EH14125140-42177,2015-06-22 00:00:00,EH-141251406,Eugene Hildebrand,Home Office,United States,USCA,Eastern US,OFF-BI-4837,Office Supplies,Binders,Ibico Standard Transparent Covers,82.4,5,0,40.376000000000005
CA-2015-EH14125140-42177,2015-06-22 00:00:00,EH-141251406,Eugene Hildebrand,Home Office,United States,USCA,Eastern US,OFF-BI-6634,Office Supplies,Binders,Zipper Ring Binder Pockets,6.24,2,0,3.0576
ID-2015-EM140957-42176,2015-06-21 00:00:00,EM-140957,Eudokia Martin,Corporate,Australia,Asia Pacific,Oceania,OFF-PA-5871,Office Supplies,Paper,"SanDisk Memo Slips, Recycled",76.005,5,0.1,9.254999999999999
ES-2015-CY12745120-42165,2015-06-10 00:00:00,CY-12745120,Craig Yedwab,Corporate,Spain,Europe,Southern Europe,FUR-FU-3952,Furniture,Furnishings,"Deflect-O Photo Frame, Durable",146.78999999999996,3,0,20.52
ES-2015-MS1798045-42167,2015-06-12 00:00:00,MS-1798045,Michael Stewart,Corporate,France,Europe,Western Europe,OFF-ST-4250,Office Supplies,Storage,"Fellowes Box, Blue",53.135999999999996,3,0.1,3.4559999999999995
ES-2015-CH1207045-42173,2015-06-18 00:00:00,CH-1207045,Cathy Hwang,Home Office,France,Europe,Western Europe,FUR-FU-3032,Furniture,Furnishings,"Advantus Frame, Black",222.24,2,0,44.400000000000006
IN-2015-TP215657-42175,2015-06-20 00:00:00,TP-215657,Tracy Poddar,Corporate,Australia,Asia Pacific,Oceania,TEC-AC-3386,Technology,Accessories,"Belkin Keyboard, Programmable",153.684,2,0.1,44.364
MX-2015-MZ1733528-42160,2015-06-05 00:00:00,MZ-1733528,Maria Zettner,Home Office,Colombia,LATAM,South America,OFF-SU-4132,Office Supplies,Supplies,"Elite Shears, High Speed",94.02,3,0,1.86
IN-2015-BD1177027-42165,2015-06-10 00:00:00,BD-1177027,Bryan Davis,Consumer,China,Asia Pacific,Eastern Asia,OFF-PA-5891,Office Supplies,Paper,"SanDisk Parchment Paper, Multicolor",126.83999999999997,7,0,46.83
BO-2015-PB915013-42172,2015-06-17 00:00:00,PB-915013,Philip Brown,Consumer,Belarus,Europe,Eastern Europe,OFF-ST-5697,Office Supplies,Storage,"Rogers Folders, Wire Frame",59.51999999999999,2,0,6.540000000000001
BO-2015-PB910513-42158,2015-06-03 00:00:00,PB-910513,Peter Bühler,Consumer,Belarus,Europe,Eastern Europe,TEC-PH-5813,Technology,Phones,"Samsung Audio Dock, Full Size",168.12,1,0,21.84
MO-2015-GB453086-42161,2015-06-06 00:00:00,GB-453086,George Bell,Corporate,Morocco,Africa,North Africa,FUR-CH-5409,Furniture,Chairs,"Novimex Steel Folding Chair, Set of Two",84.48,1,0,4.199999999999999
EG-2015-CR262538-42169,2015-06-14 00:00:00,CR-262538,Corey Roper,Home Office,Egypt,Africa,North Africa,OFF-PA-5878,Office Supplies,Paper,"SanDisk Message Books, Premium",47.64,2,0,12.36
IN-2015-IG150857-42185,2015-06-30 00:00:00,IG-150857,Ivan Gibson,Consumer,Australia,Asia Pacific,Oceania,OFF-SU-4990,Office Supplies,Supplies,"Kleencut Shears, High Speed",84.18599999999999,3,0.4,-40.733999999999995
IN-2015-DP133907-42160,2015-06-05 00:00:00,DP-133907,Dennis Pardue,Home Office,Australia,Asia Pacific,Oceania,TEC-AC-3389,Technology,Accessories,"Belkin Memory Card, Erganomic",101.35799999999998,1,0.1,29.268
ES-2015-JK15730139-42160,2015-06-05 00:00:00,JK-15730139,Joe Kamberova,Consumer,United Kingdom,Europe,Northern Europe,TEC-MA-5538,Technology,Machines,"Panasonic Calculator, Durable",181.44000000000003,4,0.1,8.04
TU-2015-SC10770134-42185,2015-06-30 00:00:00,SC-10770134,Stewart Carmichael,Corporate,Turkey,Asia Pacific,Western Asia,TEC-CO-4590,Technology,Copiers,"Hewlett Wireless Fax, Color",152.65200000000002,1,0.6,-152.65799999999996
ES-2015-JL15175125-42182,2015-06-27 00:00:00,JL-15175125,James Lanier,Home Office,Switzerland,Europe,Western Europe,OFF-ST-5689,Office Supplies,Storage,"Rogers Box, Wire Frame",115.19999999999999,5,0,13.8
IN-2015-HM14860130-42168,2015-06-13 00:00:00,HM-14860130,Harry Marie,Corporate,Thailand,Asia Pacific,Southeastern Asia,FUR-CH-5440,Furniture,Chairs,"Office Star Chairmat, Set of Two",198.76440000000002,4,0.27,27.1644
US-2015-RH19600101-42182,2015-06-27 00:00:00,RH-19600101,Rob Haberlin,Consumer,Peru,LATAM,South America,OFF-SU-2996,Office Supplies,Supplies,"Acme Shears, Steel",98.64,5,0.4,-34.56
IT-2015-MW18235124-42175,2015-06-20 00:00:00,MW-18235124,Mitch Willingham,Corporate,Sweden,Europe,Northern Europe,FUR-FU-3032,Furniture,Furnishings,"Advantus Frame, Black",88.89600000000002,2,0.6,-88.94399999999999
RS-2015-CC2370108-42178,2015-06-23 00:00:00,CC-2370108,Christopher Conant,Consumer,Russia,Europe,Eastern Europe,OFF-AR-5926,Office Supplies,Art,"Sanford Pens, Fluorescent",148.32,12,0,41.4
IT-2015-JS16030139-42171,2015-06-16 00:00:00,JS-16030139,Joy Smith,Consumer,United Kingdom,Europe,Northern Europe,OFF-PA-3989,Office Supplies,Paper,"Eaton Cards & Envelopes, Recycled",45.09,2,0.5,-0.030000000000001137
ES-2015-MH1729045-42162,2015-06-07 00:00:00,MH-1729045,Marc Harrigan,Home Office,France,Europe,Western Europe,OFF-AR-3526,Office Supplies,Art,"Boston Canvas, Easy-Erase",107.82,2,0,24.78
ID-2015-DM130157-42158,2015-06-03 00:00:00,DM-130157,Darrin Martin,Consumer,Australia,Asia Pacific,Oceania,OFF-LA-3311,Office Supplies,Labels,"Avery Removable Labels, Adjustable",38.88,5,0.1,-3.12
MX-2015-MC1760582-42179,2015-06-24 00:00:00,MC-1760582,Matt Connell,Corporate,Mexico,LATAM,Central America,TEC-PH-5843,Technology,Phones,"Samsung Speaker Phone, Cordless",168.12,2,0,36.96
RO-2015-AI855107-42166,2015-06-11 00:00:00,AI-855107,Arianne Irving,Consumer,Romania,Europe,Eastern Europe,TEC-AC-5896,Technology,Accessories,"SanDisk Router, Programmable",257.84999999999997,1,0,56.699999999999996
RS-2015-TC11145108-42178,2015-06-23 00:00:00,TC-11145108,Theresa Coyne,Corporate,Russia,Europe,Eastern Europe,OFF-AR-6115,Office Supplies,Art,"Stanley Markers, Easy-Erase",44.94,2,0,0
ES-2015-NS1850564-42167,2015-06-12 00:00:00,NS-1850564,Neola Schneider,Consumer,Italy,Europe,Southern Europe,OFF-LA-5377,Office Supplies,Labels,"Novimex Color Coded Labels, Laser Printer Compatible",111.77999999999999,9,0,26.729999999999997
IN-2015-MG1789092-42158,2015-06-03 00:00:00,MG-1789092,Michael Granlund,Home Office,New Zealand,Asia Pacific,Oceania,OFF-PA-4002,Office Supplies,Paper,"Eaton Note Cards, 8.5 x 11",158.94,6,0,50.75999999999999
ES-2015-SN2071014-42181,2015-06-26 00:00:00,SN-2071014,Steve Nguyen,Home Office,Belgium,Europe,Western Europe,FUR-CH-5409,Furniture,Chairs,"Novimex Steel Folding Chair, Set of Two",253.44,3,0,12.599999999999998
IN-2015-MW1823558-42157,2015-06-02 00:00:00,MW-1823558,Mitch Willingham,Corporate,India,Asia Pacific,Southern Asia,OFF-BI-4804,Office Supplies,Binders,"Ibico 3-Hole Punch, Durable",95.85000000000001,3,0,22.95
MZ-2015-CR262587-42167,2015-06-12 00:00:00,CR-262587,Corey Roper,Home Office,Mozambique,Africa,Eastern Africa,OFF-ST-5707,Office Supplies,Storage,"Rogers Shelving, Single Width",124.32,2,0,9.899999999999999
ES-2015-DD1357045-42179,2015-06-24 00:00:00,DD-1357045,Dorothy Dickinson,Consumer,France,Europe,Western Europe,OFF-AR-3499,Office Supplies,Art,"Binney & Smith Sketch Pad, Blue",138.96,3,0,36.089999999999996
MX-2015-EB1384031-42174,2015-06-19 00:00:00,EB-1384031,Ellis Ballard,Corporate,Cuba,LATAM,Caribbean,TEC-PH-5826,Technology,Phones,"Samsung Headset, VoIP",146.58,3,0,51.3
MX-2015-SC2038082-42160,2015-06-05 00:00:00,SC-2038082,Shahid Collister,Consumer,Mexico,LATAM,Central America,TEC-PH-3817,Technology,Phones,"Cisco Speaker Phone, VoIP",184.75999999999996,2,0,40.64
IN-2015-EM141407-42171,2015-06-16 00:00:00,EM-141407,Eugene Moren,Home Office,Australia,Asia Pacific,Oceania,OFF-AR-3526,Office Supplies,Art,"Boston Canvas, Easy-Erase",145.557,3,0.1,14.517
CA-2015-FO14305140-42175,2015-06-20 00:00:00,FO-143051402,Frank Olsen,Consumer,United States,USCA,Central US,OFF-ST-5783,Office Supplies,Storage,Safco Industrial Wire Shelving,153.584,2,0.2,-32.6366
US-2015-FO14305140-42164,2015-06-09 00:00:00,FO-143051404,Frank Olsen,Consumer,United States,USCA,Western US,TEC-AC-5207,Technology,Accessories,Memorex Micro Travel Drive 16 GB,89.54400000000001,7,0.2,12.312299999999993
US-2015-FO14305140-42164,2015-06-09 00:00:00,FO-143051404,Frank Olsen,Consumer,United States,USCA,Western US,OFF-BI-4374,Office Supplies,Binders,GBC VeloBinder Electric Binding Machine,72.58800000000001,2,0.7,-48.39199999999998
US-2015-FO14305140-42164,2015-06-09 00:00:00,FO-143051404,Frank Olsen,Consumer,United States,USCA,Western US,OFF-ST-5690,Office Supplies,Storage,Rogers Deluxe File Chest,35.168,2,0.2,-8.352400000000001
ES-2015-AG1076564-42166,2015-06-11 00:00:00,AG-1076564,Anthony Garverick,Home Office,Italy,Europe,Southern Europe,TEC-CO-4770,Technology,Copiers,"HP Fax and Copier, Digital",172.53,1,0,86.25
ES-2015-EH13765124-42165,2015-06-10 00:00:00,EH-13765124,Edward Hooks,Corporate,Sweden,Europe,Northern Europe,OFF-ST-5705,Office Supplies,Storage,"Rogers Shelving, Blue",93.195,3,0.5,-83.925
CA-2015-FO14305140-42175,2015-06-20 00:00:00,FO-143051402,Frank Olsen,Consumer,United States,USCA,Central US,OFF-SU-4324,Office Supplies,Supplies,Fiskars Spring-Action Scissors,11.184000000000001,1,0.2,0.8388
SG-2015-ZD11925111-42158,2015-06-03 00:00:00,ZD-11925111,Zuschuss Donatelli,Consumer,Senegal,Africa,Western Africa,OFF-AR-6125,Office Supplies,Art,"Stanley Sketch Pad, Blue",88.86,2,0,29.28
MX-2015-JL1513018-42159,2015-06-04 00:00:00,JL-1513018,Jack Lebron,Consumer,Brazil,LATAM,South America,OFF-AR-3526,Office Supplies,Art,"Boston Canvas, Easy-Erase",107.81999999999998,3,0,51.71999999999999
US-2015-LB1673555-42178,2015-06-23 00:00:00,LB-1673555,Larry Blacks,Consumer,Honduras,LATAM,Central America,TEC-AC-5205,Technology,Accessories,"Memorex Memory Card, Programmable",83.01599999999998,2,0.4,-12.463999999999993
HU-2015-BM157557-42172,2015-06-17 00:00:00,BM-157557,Brendan Murry,Corporate,Hungary,Europe,Eastern Europe,FUR-FU-4085,Furniture,Furnishings,"Eldon Photo Frame, Durable",110.28,2,0,30.839999999999996
SF-2015-BW1110117-42185,2015-06-30 00:00:00,BW-1110117,Bart Watters,Corporate,South Africa,Africa,Southern Africa,FUR-BO-5972,Furniture,Bookcases,"Sauder Stackable Bookrack, Pine",148.17000000000002,1,0,53.34
ID-2015-ND184607-42175,2015-06-20 00:00:00,ND-184607,Neil Ducich,Corporate,Australia,Asia Pacific,Oceania,OFF-SU-3004,Office Supplies,Supplies,"Acme Trimmer, Steel",118.74600000000002,3,0.1,-2.6640000000000033
MX-2015-EH1399039-42173,2015-06-18 00:00:00,EH-1399039,Erica Hackney,Consumer,El Salvador,LATAM,Central America,OFF-BI-6382,Office Supplies,Binders,"Wilson Jones Binding Machine, Clear",161.4,5,0,35.5
UP-2015-DR2880137-42165,2015-06-10 00:00:00,DR-2880137,Dan Reichenbach,Corporate,Ukraine,Europe,Eastern Europe,OFF-AR-6120,Office Supplies,Art,"Stanley Pencil Sharpener, Water Color",100.19999999999999,4,0,6
MX-2015-PS1876082-42173,2015-06-18 00:00:00,PS-1876082,Pamela Stobb,Consumer,Mexico,LATAM,Central America,OFF-FA-5469,Office Supplies,Fasteners,"OIC Paper Clips, Bulk Pack",76.96,8,0,9.92
US-2015-FC14335140-42185,2015-06-30 00:00:00,FC-143351402,Fred Chung,Corporate,United States,USCA,Central US,OFF-PA-6581,Office Supplies,Paper,Xerox 218,5.184000000000001,1,0.2,1.8144
CA-2015-FH14350140-42157,2015-06-02 00:00:00,FH-143501406,Fred Harton,Consumer,United States,USCA,Eastern US,TEC-PH-5563,Technology,Phones,Panasonic KX-TG6844B Expandable Digital Cordless Telephone,158.37599999999998,4,0.4,-34.31479999999999
IN-2015-RD1981027-42181,2015-06-26 00:00:00,RD-1981027,Ross DeVincentis,Home Office,China,Asia Pacific,Eastern Asia,OFF-FA-6189,Office Supplies,Fasteners,"Stockwell Paper Clips, Assorted Sizes",94.5,7,0,9.450000000000001
CA-2015-FH14350140-42157,2015-06-02 00:00:00,FH-143501406,Fred Harton,Consumer,United States,USCA,Eastern US,OFF-PA-6477,Office Supplies,Paper,Xerox 1924,27.744000000000003,6,0.2,10.057200000000002
ID-2015-LH1702097-42171,2015-06-16 00:00:00,LH-1702097,Lisa Hazard,Consumer,Pakistan,Asia Pacific,Southern Asia,OFF-EN-4445,Office Supplies,Envelopes,"GlobeWeis Mailers, Set of 50",57.824999999999996,3,0.5,-8.145000000000003
CA-2015-FH14350140-42157,2015-06-02 00:00:00,FH-143501406,Fred Harton,Consumer,United States,USCA,Eastern US,OFF-BI-3732,Office Supplies,Binders,"Cardinal HOLDit! Binder Insert Strips,Extra Strips",3.7980000000000005,2,0.7,-2.6586
US-2015-JL1513018-42159,2015-06-04 00:00:00,JL-1513018,Jack Lebron,Consumer,Brazil,LATAM,South America,TEC-CO-3703,Technology,Copiers,"Canon Personal Copier, Color",76.51152,2,0.602,-40.76848
ES-2015-BM1165045-42167,2015-06-12 00:00:00,BM-1165045,Brian Moss,Corporate,France,Europe,Western Europe,FUR-FU-3953,Furniture,Furnishings,"Deflect-O Photo Frame, Erganomic",151.56,3,0,22.68
CA-2015-FM14380140-42181,2015-06-26 00:00:00,FM-143801402,Fred McMath,Consumer,United States,USCA,Central US,TEC-PH-4389,Technology,Phones,Geemarc AmpliPOWER60,148.48,2,0.2,16.703999999999986
MX-2015-VM2168518-42181,2015-06-26 00:00:00,VM-2168518,Valerie Mitchum,Home Office,Brazil,LATAM,South America,TEC-PH-3133,Technology,Phones,"Apple Headset, Full Size",99.39999999999999,2,0,44.72
US-2015-MH1811593-42162,2015-06-07 00:00:00,MH-1811593,Mick Hernandez,Home Office,Nicaragua,LATAM,Central America,TEC-CO-4773,Technology,Copiers,"HP Fax Machine, Color",200.51816,1,0.002,-0.40184
MX-2015-DA1345051-42180,2015-06-25 00:00:00,DA-1345051,Dianna Arnett,Home Office,Guatemala,LATAM,Central America,OFF-ST-4267,Office Supplies,Storage,"Fellowes Lockers, Industrial",277.08000000000004,2,0,5.5200000000000005
US-2015-CR1282055-42165,2015-06-10 00:00:00,CR-1282055,Cyra Reiten,Home Office,Honduras,LATAM,Central America,OFF-ST-4078,Office Supplies,Storage,"Eldon Lockers, Blue",158.328,2,0.4,-102.95200000000003
US-2015-GH14410140-42162,2015-06-07 00:00:00,GH-144101404,Gary Hansen,Home Office,United States,USCA,Western US,OFF-ST-6158,Office Supplies,Storage,Sterilite Show Offs Storage Containers,26.400000000000002,5,0,0
ES-2015-RB1979548-42177,2015-06-22 00:00:00,RB-1979548,Ross Baird,Home Office,Germany,Europe,Western Europe,OFF-ST-6248,Office Supplies,Storage,"Tenex File Cart, Single Width",214.656,2,0.2,-29.544000000000004
IN-2015-CC121457-42179,2015-06-24 00:00:00,CC-121457,Charles Crestani,Consumer,Australia,Asia Pacific,Oceania,OFF-FA-2941,Office Supplies,Fasteners,"Accos Clamps, Assorted Sizes",33.66000000000001,2,0,5.699999999999999
US-2015-GH14410140-42162,2015-06-07 00:00:00,GH-144101404,Gary Hansen,Home Office,United States,USCA,Western US,FUR-FU-4021,Furniture,Furnishings,"Eldon 300 Class Desk Accessories, Black",4.95,1,0,2.1780000000000004
CG-2015-RO978033-42181,2015-06-26 00:00:00,RO-978033,Rose O'Brian,Consumer,Democratic Republic of the Congo,Africa,Central Africa,FUR-FU-4085,Furniture,Furnishings,"Eldon Photo Frame, Durable",220.56,4,0,61.67999999999999
IN-2015-MH1811558-42185,2015-06-30 00:00:00,MH-1811558,Mick Hernandez,Home Office,India,Asia Pacific,Southern Asia,OFF-EN-5032,Office Supplies,Envelopes,"Kraft Interoffice Envelope, with clear poly window",50.46,1,0,17.64
IN-2015-PK1891059-42160,2015-06-05 00:00:00,PK-1891059,Paul Knutson,Home Office,Indonesia,Asia Pacific,Southeastern Asia,OFF-PA-6613,Office Supplies,Paper,"Xerox Message Books, 8.5 x 11",90.93209999999999,7,0.47000000000000003,-75.5979
MX-2015-CR1258082-42171,2015-06-16 00:00:00,CR-1258082,Clay Rozendal,Home Office,Mexico,LATAM,Central America,FUR-CH-5758,Furniture,Chairs,"SAFCO Chairmat, Red",63.80800000000001,2,0.2,14.328
IN-2015-SW2035027-42165,2015-06-10 00:00:00,SW-2035027,Sean Wendt,Home Office,China,Asia Pacific,Eastern Asia,OFF-PA-6600,Office Supplies,Paper,"Xerox Cards & Envelopes, 8.5 x 11",147.32999999999998,3,0,51.480000000000004
ID-2015-TT2146059-42185,2015-06-30 00:00:00,TT-2146059,Tonja Turnell,Home Office,Indonesia,Asia Pacific,Southeastern Asia,OFF-SU-4117,Office Supplies,Supplies,"Elite Box Cutter, High Speed",55.475100000000005,3,0.47000000000000003,-32.4549
ID-2015-CS11845118-42168,2015-06-13 00:00:00,CS-11845118,Cari Sayre,Corporate,South Korea,Asia Pacific,Eastern Asia,TEC-AC-5895,Technology,Accessories,"SanDisk Router, Erganomic",127.08,1,0.5,-86.42999999999999
ID-2015-RE19405102-42169,2015-06-14 00:00:00,RE-19405102,Ricardo Emerson,Consumer,Philippines,Asia Pacific,Southeastern Asia,FUR-CH-4524,Furniture,Chairs,"Harbour Creations Chairmat, Red",108.00000000000003,2,0.25,31.679999999999986
US-2015-GZ1447082-42176,2015-06-21 00:00:00,GZ-1447082,Gary Zandusky,Consumer,Mexico,LATAM,Central America,FUR-FU-4043,Furniture,Furnishings,"Eldon Door Stop, Erganomic",97.56000000000002,5,0.4,-4.940000000000009
ES-2015-NP18685139-42166,2015-06-11 00:00:00,NP-18685139,Nora Pelletier,Home Office,United Kingdom,Europe,Northern Europe,FUR-FU-6236,Furniture,Furnishings,"Tenex Clock, Black",175.875,5,0.3,-12.675000000000004
ES-2015-JB1540064-42166,2015-06-11 00:00:00,JB-1540064,Jennifer Braxton,Corporate,Italy,Europe,Southern Europe,OFF-AR-5920,Office Supplies,Art,"Sanford Markers, Water Color",105.71999999999998,4,0,9.48
MX-2015-DL128655-42161,2015-06-06 00:00:00,DL-128655,Dan Lawera,Consumer,Argentina,LATAM,South America,OFF-ST-4094,Office Supplies,Storage,"Eldon Shelving, Blue",77.47200000000001,4,0.4,8.991999999999996
NI-2015-KL655595-42164,2015-06-09 00:00:00,KL-655595,Kelly Lampkin,Corporate,Nigeria,Africa,Western Africa,FUR-BO-4847,Furniture,Bookcases,"Ikea 3-Shelf Cabinet, Traditional",85.46400000000001,2,0.7,-71.256
ID-2015-MT1807059-42160,2015-06-05 00:00:00,MT-1807059,Michelle Tran,Home Office,Indonesia,Asia Pacific,Southeastern Asia,TEC-AC-3391,Technology,Accessories,"Belkin Memory Card, USB",121.92119999999998,2,0.47000000000000003,-101.21879999999999
MX-2015-TN2104031-42182,2015-06-27 00:00:00,TN-2104031,Tanja Norvell,Home Office,Cuba,LATAM,Caribbean,FUR-FU-6236,Furniture,Furnishings,"Tenex Clock, Black",201,6,0,52.2
MX-2015-GH1442582-42168,2015-06-13 00:00:00,GH-1442582,Gary Hwang,Consumer,Mexico,LATAM,Central America,OFF-FA-3021,Office Supplies,Fasteners,"Advantus Clamps, Bulk Pack",64.3,5,0,17.3
ES-2015-LW1712545-42165,2015-06-10 00:00:00,LW-1712545,Liz Willingham,Consumer,France,Europe,Western Europe,TEC-AC-4156,Technology,Accessories,"Enermax Keyboard, Erganomic",162.54,2,0,81.24
US-2015-MG176805-42161,2015-06-06 00:00:00,MG-176805,Maureen Gastineau,Home Office,Argentina,LATAM,South America,OFF-ST-4257,Office Supplies,Storage,"Fellowes File Cart, Blue",109.848,2,0.4,-47.63200000000002
ES-2015-MK1816045-42180,2015-06-25 00:00:00,MK-1816045,Mike Kennedy,Consumer,France,Europe,Western Europe,TEC-PH-5826,Technology,Phones,"Samsung Headset, VoIP",124.59299999999999,2,0.15,39.57300000000001
CA-2015-GA14515140-42180,2015-06-25 00:00:00,GA-145151406,George Ashbrook,Consumer,United States,USCA,Eastern US,FUR-FU-3954,Furniture,Furnishings,"Deflect-o RollaMat Studded, Beveled Mat for Medium Pile Carpeting",276.69,3,0,49.804199999999994
CA-2015-GA14515140-42180,2015-06-25 00:00:00,GA-145151406,George Ashbrook,Consumer,United States,USCA,Eastern US,FUR-CH-4402,Furniture,Chairs,Global Deluxe Office Fabric Chairs,172.764,2,0.1,32.633200000000016
SF-2015-JP6135117-42169,2015-06-14 00:00:00,JP-6135117,Julie Prescott,Home Office,South Africa,Africa,Southern Africa,TEC-PH-3145,Technology,Phones,"Apple Signal Booster, VoIP",136.74,1,0,13.649999999999999
ES-2015-NG1835545-42164,2015-06-09 00:00:00,NG-1835545,Nat Gilpin,Corporate,France,Europe,Western Europe,OFF-AP-4950,Office Supplies,Appliances,"KitchenAid Blender, Silver",266.895,3,0.1,74.11499999999998
CA-2015-GA14515140-42175,2015-06-20 00:00:00,GA-145151404,George Ashbrook,Consumer,United States,USCA,Western US,FUR-FU-3914,Furniture,Furnishings,"DAX Copper Panel Document Frame, 5 x 7 Size",50.32,4,0,21.134400000000003
MX-2015-AG1039051-42180,2015-06-25 00:00:00,AG-1039051,Allen Goldenen,Consumer,Guatemala,LATAM,Central America,OFF-SU-4134,Office Supplies,Supplies,"Elite Shears, Steel",123.75999999999999,4,0,0
CA-2015-GA14515140-42175,2015-06-20 00:00:00,GA-145151404,George Ashbrook,Consumer,United States,USCA,Western US,OFF-PA-6458,Office Supplies,Paper,Xerox 1907,24.56,2,0,11.543199999999999
TU-2015-EN3780134-42164,2015-06-09 00:00:00,EN-3780134,Edward Nazzal,Consumer,Turkey,Asia Pacific,Western Asia,FUR-FU-5731,Furniture,Furnishings,"Rubbermaid Light Bulb, Black",45.215999999999994,6,0.6,-17.063999999999993
ID-2015-JP155207-42173,2015-06-18 00:00:00,JP-155207,Jeremy Pistek,Consumer,Australia,Asia Pacific,Oceania,FUR-FU-5719,Furniture,Furnishings,"Rubbermaid Clock, Duo Pack",135.59400000000002,3,0.1,-6.0660000000000025
TU-2015-EB3750134-42185,2015-06-30 00:00:00,EB-3750134,Edward Becker,Corporate,Turkey,Asia Pacific,Western Asia,TEC-AC-5860,Technology,Accessories,"SanDisk Flash Drive, Bluetooth",94.896,6,0.6,-33.263999999999996
CA-2015-GZ14545140-42166,2015-06-11 00:00:00,GZ-145451404,George Zrebassa,Corporate,United States,USCA,Western US,OFF-AR-5909,Office Supplies,Art,"Sanford EarthWrite Recycled Pencils, Medium Soft, #2",14.700000000000001,7,0,4.1160000000000005
EG-2015-LC688538-42160,2015-06-05 00:00:00,LC-688538,Lena Creighton,Consumer,Egypt,Africa,North Africa,OFF-AR-5903,Office Supplies,Art,"Sanford Canvas, Easy-Erase",101.58,2,0,13.200000000000001
MX-2015-PT1909031-42158,2015-06-03 00:00:00,PT-1909031,Pete Takahito,Consumer,Cuba,LATAM,Caribbean,TEC-PH-3797,Technology,Phones,"Cisco Office Telephone, Full Size",272.5,5,0,106.2
ES-2015-CR128208-42179,2015-06-24 00:00:00,CR-128208,Cyra Reiten,Home Office,Austria,Europe,Western Europe,OFF-LA-4693,Office Supplies,Labels,"Hon Shipping Labels, 5000 Label Set",82.32,7,0,39.48
IN-2015-SJ201257-42164,2015-06-09 00:00:00,SJ-201257,Sanjit Jacobs,Home Office,Australia,Asia Pacific,Oceania,TEC-AC-5130,Technology,Accessories,"Logitech Numeric Keypad, Bluetooth",125.06400000000002,3,0.1,34.70400000000001
IT-2015-LO17170124-42157,2015-06-02 00:00:00,LO-17170124,Lori Olson,Corporate,Sweden,Europe,Northern Europe,OFF-AR-3470,Office Supplies,Art,"BIC Sketch Pad, Fluorescent",74.88,3,0.5,-25.47
CA-2015-GD14590140-42159,2015-06-04 00:00:00,GD-145901404,Giulietta Dortch,Corporate,United States,USCA,Western US,TEC-AC-5601,Technology,Accessories,Plantronics Audio 995 Wireless Stereo Headset,1099.5,10,0,362.83500000000004
MX-2015-GH1442582-42168,2015-06-13 00:00:00,GH-1442582,Gary Hwang,Consumer,Mexico,LATAM,Central America,FUR-FU-4102,Furniture,Furnishings,"Eldon Stacking Tray, Duo Pack",100.99199999999999,8,0.4,-11.807999999999993
GH-2015-EH376549-42165,2015-06-10 00:00:00,EH-376549,Edward Hooks,Corporate,Ghana,Africa,Western Africa,FUR-CH-5796,Furniture,Chairs,"SAFCO Rocking Chair, Set of Two",137.16,1,0,0
EG-2015-RO978038-42175,2015-06-20 00:00:00,RO-978038,Rose O'Brian,Consumer,Egypt,Africa,North Africa,OFF-SU-2993,Office Supplies,Supplies,"Acme Shears, Easy Grip",103.08,2,0,21.6
BU-2015-JL513019-42172,2015-06-17 00:00:00,JL-513019,Jack Lebron,Consumer,Bulgaria,Europe,Eastern Europe,OFF-AP-4490,Office Supplies,Appliances,"Hamilton Beach Blender, Black",70.47,1,0,3.51
SF-2015-CK2760117-42171,2015-06-16 00:00:00,CK-2760117,Cyma Kinney,Corporate,South Africa,Africa,Southern Africa,TEC-MA-4202,Technology,Machines,"Epson Phone, Red",78.12,1,0,11.7
BO-2015-PB910513-42158,2015-06-03 00:00:00,PB-910513,Peter Bühler,Consumer,Belarus,Europe,Eastern Europe,FUR-CH-4518,Furniture,Chairs,"Harbour Creations Bag Chairs, Adjustable",128.22,2,0,58.980000000000004
MZ-2015-KN645087-42171,2015-06-16 00:00:00,KN-645087,Kean Nguyen,Corporate,Mozambique,Africa,Eastern Africa,OFF-SU-2989,Office Supplies,Supplies,"Acme Scissors, High Speed",203.52,8,0,18.240000000000002
ID-2015-GM146807-42159,2015-06-04 00:00:00,GM-146807,Greg Matthias,Consumer,Australia,Asia Pacific,Oceania,OFF-SU-6172,Office Supplies,Supplies,"Stiletto Scissors, Easy Grip",136.24200000000002,6,0.1,-6.138000000000002
MX-2015-ES1402028-42166,2015-06-11 00:00:00,ES-1402028,Erica Smith,Consumer,Colombia,LATAM,South America,TEC-PH-5348,Technology,Phones,"Nokia Office Telephone, VoIP",86.96000000000001,2,0,22.6
US-2015-PS1904598-42172,2015-06-17 00:00:00,PS-1904598,Penelope Sewall,Home Office,Panama,LATAM,Central America,OFF-AR-3447,Office Supplies,Art,"BIC Canvas, Blue",42.959999999999994,2,0.4,-16.480000000000004
ES-2015-LL1684045-42158,2015-06-03 00:00:00,LL-1684045,Lauren Leatherbury,Consumer,France,Europe,Western Europe,OFF-AR-3489,Office Supplies,Art,"Binney & Smith Markers, Easy-Erase",170.51999999999998,7,0,68.04
US-2015-TC2114555-42166,2015-06-11 00:00:00,TC-2114555,Theresa Coyne,Corporate,Honduras,LATAM,Central America,FUR-CH-4563,Furniture,Chairs,"Harbour Creations Swivel Stool, Red",144.09599999999998,2,0.4,-26.424
MO-2015-AB60086-42173,2015-06-18 00:00:00,AB-60086,Ann Blume,Corporate,Morocco,Africa,North Africa,OFF-AR-5902,Office Supplies,Art,"Sanford Canvas, Blue",101.03999999999999,2,0,29.28
BN-2015-MB730515-42168,2015-06-13 00:00:00,MB-730515,Maria Bertelson,Consumer,Benin,Africa,Western Africa,OFF-PA-4478,Office Supplies,Paper,"Green Bar Note Cards, 8.5 x 11",118.80000000000001,4,0,49.800000000000004
CA-2015-GT14710140-42183,2015-06-28 00:00:00,GT-147101402,Greg Tran,Consumer,United States,USCA,Central US,OFF-PA-6419,Office Supplies,Paper,"Wirebound Message Books, Four 2 3/4 x 5 White Forms per Page",20.07,3,0,9.232199999999999
NI-2015-SP1092095-42158,2015-06-03 00:00:00,SP-1092095,Susan Pistek,Consumer,Nigeria,Africa,Western Africa,OFF-ST-4055,Office Supplies,Storage,"Eldon File Cart, Blue",76.17600000000003,2,0.7,-172.70400000000004
IN-2015-TP211307-42173,2015-06-18 00:00:00,TP-211307,Theone Pippenger,Consumer,Australia,Asia Pacific,Oceania,OFF-PA-5851,Office Supplies,Paper,"SanDisk Computer Printout Paper, 8.5 x 11",122.148,4,0.1,-13.572000000000001
ES-2015-AC1061545-42185,2015-06-30 00:00:00,AC-1061545,Ann Chong,Corporate,France,Europe,Western Europe,OFF-AR-5910,Office Supplies,Art,"Sanford Highlighters, Blue",110.24999999999997,7,0,11.969999999999999
ES-2015-BF11170139-42174,2015-06-19 00:00:00,BF-11170139,Ben Ferrer,Home Office,United Kingdom,Europe,Northern Europe,OFF-AR-3449,Office Supplies,Art,"BIC Canvas, Fluorescent",274.8,5,0,96.15
IN-2015-SC20770102-42173,2015-06-18 00:00:00,SC-20770102,Stewart Carmichael,Corporate,Philippines,Asia Pacific,Southeastern Asia,OFF-BI-6372,Office Supplies,Binders,"Wilson Jones 3-Hole Punch, Recycled",48.195,2,0.15000000000000002,19.275
ES-2015-AO1081048-42181,2015-06-26 00:00:00,AO-1081048,Anthony O'Donnell,Corporate,Germany,Europe,Western Europe,OFF-EN-4444,Office Supplies,Envelopes,"GlobeWeis Mailers, Security-Tint",204.74999999999997,5,0,79.80000000000001
IN-2015-TC2147559-42178,2015-06-23 00:00:00,TC-2147559,Tony Chapman,Home Office,Indonesia,Asia Pacific,Southeastern Asia,OFF-BI-3187,Office Supplies,Binders,"Avery 3-Hole Punch, Durable",121.88550000000001,5,0.17,48.385499999999986
MZ-2015-JW522087-42183,2015-06-28 00:00:00,JW-522087,Jane Waco,Corporate,Mozambique,Africa,Eastern Africa,OFF-EN-5026,Office Supplies,Envelopes,"Kraft Clasp Envelope, Security-Tint",22.799999999999997,2,0,5.22
SF-2015-EJ3720117-42157,2015-06-02 00:00:00,EJ-3720117,Ed Jacobs,Consumer,South Africa,Africa,Southern Africa,TEC-PH-5843,Technology,Phones,"Samsung Speaker Phone, Cordless",126.09,1,0,21.419999999999998
BN-2015-RS942015-42158,2015-06-03 00:00:00,RS-942015,Ricardo Sperren,Corporate,Benin,Africa,Western Africa,OFF-AR-3471,Office Supplies,Art,"BIC Sketch Pad, Water Color",207.36,4,0,31.08
MX-2015-SG2047082-42160,2015-06-05 00:00:00,SG-2047082,Sheri Gordon,Consumer,Mexico,LATAM,Central America,OFF-EN-3672,Office Supplies,Envelopes,"Cameo Manila Envelope, with clear poly window",61.08,3,0,6.06
US-2015-CC1268555-42180,2015-06-25 00:00:00,CC-1268555,Craig Carroll,Consumer,Honduras,LATAM,Central America,OFF-AP-3569,Office Supplies,Appliances,"Breville Coffee Grinder, White",120,5,0.4,-40
US-2015-DS1318055-42161,2015-06-06 00:00:00,DS-1318055,David Smith,Corporate,Honduras,LATAM,Central America,OFF-BI-4805,Office Supplies,Binders,"Ibico 3-Hole Punch, Economy",73.08,6,0.4,-17.160000000000007
US-2015-MG176955-42171,2015-06-16 00:00:00,MG-176955,Maureen Gnade,Consumer,Argentina,LATAM,South America,OFF-PA-4004,Office Supplies,Paper,"Eaton Note Cards, Premium",100.764,9,0.4,-45.396
AG-2015-DL28653-42167,2015-06-12 00:00:00,DL-28653,Dan Lawera,Consumer,Algeria,Africa,North Africa,OFF-ST-4293,Office Supplies,Storage,"Fellowes Trays, Blue",229.56,4,0,15.96
IT-2015-JS16030139-42171,2015-06-16 00:00:00,JS-16030139,Joy Smith,Consumer,United Kingdom,Europe,Northern Europe,OFF-ST-4056,Office Supplies,Storage,"Eldon File Cart, Industrial",191.83500000000004,3,0.5,-145.84500000000003
ID-2015-SV20365130-42173,2015-06-18 00:00:00,SV-20365130,Seth Vernon,Consumer,Thailand,Asia Pacific,Southeastern Asia,OFF-AP-4490,Office Supplies,Appliances,"Hamilton Beach Blender, Black",175.4703,3,0.17,35.880300000000005
MX-2015-MS1753039-42178,2015-06-23 00:00:00,MS-1753039,MaryBeth Skach,Consumer,El Salvador,LATAM,Central America,OFF-AP-4494,Office Supplies,Appliances,"Hamilton Beach Coffee Grinder, Red",85.32,3,0,34.98
ES-2015-AR1040564-42164,2015-06-09 00:00:00,AR-1040564,Allen Rosenblatt,Corporate,Italy,Europe,Southern Europe,OFF-SU-4987,Office Supplies,Supplies,"Kleencut Scissors, Serrated",56.970000000000006,3,0,4.5
MX-2015-GP1474018-42162,2015-06-07 00:00:00,GP-1474018,Guy Phonely,Corporate,Brazil,LATAM,South America,OFF-ST-6033,Office Supplies,Storage,"Smead File Cart, Single Width",171.84,2,0,65.28
MX-2015-DV1346531-42179,2015-06-24 00:00:00,DV-1346531,Dianna Vittorini,Consumer,Cuba,LATAM,Caribbean,TEC-MA-5494,Technology,Machines,"Okidata Calculator, Red",98.88000000000001,3,0,21.720000000000002
US-2015-TH2111582-42174,2015-06-19 00:00:00,TH-2111582,Thea Hudgings,Corporate,Mexico,LATAM,Central America,FUR-FU-3049,Furniture,Furnishings,"Advantus Photo Frame, Durable",40.007999999999996,2,0.4,-22.671999999999997
ID-2015-DB134057-42182,2015-06-27 00:00:00,DB-134057,Denny Blanton,Consumer,Australia,Asia Pacific,Oceania,OFF-SU-4310,Office Supplies,Supplies,"Fiskars Letter Opener, Steel",147.78,10,0.4,-73.92000000000002
IN-2015-JF15415102-42164,2015-06-09 00:00:00,JF-15415102,Jennifer Ferguson,Consumer,Philippines,Asia Pacific,Southeastern Asia,OFF-EN-3090,Office Supplies,Envelopes,"Ames Business Envelopes, Set of 50",59.994,6,0.45,-3.3660000000000068
ZA-2015-KW6435146-42167,2015-06-12 00:00:00,KW-6435146,Katrina Willman,Consumer,Zambia,Africa,Eastern Africa,OFF-ST-5693,Office Supplies,Storage,"Rogers File Cart, Single Width",141.63,1,0,36.81
KZ-2015-AP72068-42180,2015-06-25 00:00:00,AP-72068,Anne Pryor,Home Office,Kazakhstan,Asia Pacific,Central Asia,FUR-CH-5407,Furniture,Chairs,"Novimex Steel Folding Chair, Black",47.88,2,0.7,-84.6
CA-2015-HK14890140-42159,2015-06-04 00:00:00,HK-148901408,Heather Kirkland,Corporate,United States,USCA,Southern US,FUR-FU-4019,Furniture,Furnishings,"Eldon 200 Class Desk Accessories, Burgundy",35.168000000000006,7,0.2,9.671200000000002
IN-2015-JW1522027-42181,2015-06-26 00:00:00,JW-1522027,Jane Waco,Corporate,China,Asia Pacific,Eastern Asia,OFF-FA-3020,Office Supplies,Fasteners,"Advantus Clamps, Assorted Sizes",117.18,7,0,13.86
ID-2015-GM14500130-42180,2015-06-25 00:00:00,GM-14500130,Gene McClure,Consumer,Thailand,Asia Pacific,Southeastern Asia,OFF-SU-6175,Office Supplies,Supplies,"Stiletto Scissors, Steel",60.9765,5,0.47000000000000003,-51.8235
IZ-2015-MG768061-42181,2015-06-26 00:00:00,MG-768061,Maureen Gastineau,Home Office,Iraq,Asia Pacific,Western Asia,OFF-BI-3723,Office Supplies,Binders,"Cardinal Binder, Recycled",56.75999999999999,4,0,11.879999999999999
ES-2015-NW18400139-42160,2015-06-05 00:00:00,NW-18400139,Natalie Webber,Consumer,United Kingdom,Europe,Northern Europe,OFF-AR-3469,Office Supplies,Art,"BIC Sketch Pad, Easy-Erase",146.78999999999996,3,0,73.35000000000001
ES-2015-FH1427545-42168,2015-06-13 00:00:00,FH-1427545,Frank Hawley,Corporate,France,Europe,Western Europe,TEC-AC-4157,Technology,Accessories,"Enermax Keyboard, Programmable",169.92000000000002,2,0,73.02
IN-2015-JH1543027-42171,2015-06-16 00:00:00,JH-1543027,Jennifer Halladay,Consumer,China,Asia Pacific,Eastern Asia,TEC-AC-4152,Technology,Accessories,"Enermax Flash Drive, Erganomic",78.66,2,0,33
ES-2015-RB19360139-42181,2015-06-26 00:00:00,RB-19360139,Raymond Buch,Consumer,United Kingdom,Europe,Northern Europe,OFF-FA-2951,Office Supplies,Fasteners,"Accos Rubber Bands, 12 Pack",32.22,2,0,10.620000000000001
IN-2015-JC1610558-42165,2015-06-10 00:00:00,JC-1610558,Julie Creighton,Corporate,India,Asia Pacific,Southern Asia,OFF-SU-4980,Office Supplies,Supplies,"Kleencut Letter Opener, Steel",95.03999999999999,4,0,47.519999999999996
ID-2015-JP155207-42173,2015-06-18 00:00:00,JP-155207,Jeremy Pistek,Consumer,Australia,Asia Pacific,Oceania,OFF-SU-4137,Office Supplies,Supplies,"Elite Trimmer, Serrated",103.59900000000002,3,0.1,2.258999999999997
MX-2015-JM1525031-42168,2015-06-13 00:00:00,JM-1525031,Janet Martin,Consumer,Cuba,LATAM,Caribbean,OFF-AR-3463,Office Supplies,Art,"BIC Pencil Sharpener, Water Color",42.92,2,0,16.28
SA-2015-HL5040110-42181,2015-06-26 00:00:00,HL-5040110,Hunter Lopez,Consumer,Saudi Arabia,Asia Pacific,Western Asia,TEC-PH-3139,Technology,Phones,"Apple Office Telephone, Cordless",68.13,1,0,34.05
CA-2015-HW14935140-42157,2015-06-02 00:00:00,HW-149351402,Helen Wasserman,Corporate,United States,USCA,Central US,OFF-AP-4716,Office Supplies,Appliances,Honeywell Enviracaire Portable HEPA Air Cleaner for 17' x 22' Room,2405.2,8,0,793.7159999999999
CA-2015-HW14935140-42157,2015-06-02 00:00:00,HW-149351402,Helen Wasserman,Corporate,United States,USCA,Central US,FUR-CH-4619,Furniture,Chairs,Hon 4070 Series Pagoda Round Back Stacking Chairs,1925.88,6,0,539.2464
IN-2015-TP211307-42173,2015-06-18 00:00:00,TP-211307,Theone Pippenger,Consumer,Australia,Asia Pacific,Oceania,OFF-SU-4318,Office Supplies,Supplies,"Fiskars Scissors, Steel",101.52000000000001,5,0.1,26.97
CA-2015-HW14935140-42157,2015-06-02 00:00:00,HW-149351402,Helen Wasserman,Corporate,United States,USCA,Central US,TEC-AC-5187,Technology,Accessories,Maxell LTO Ultrium - 800 GB,83.97,3,0,15.954299999999993
CA-2015-HW14935140-42157,2015-06-02 00:00:00,HW-149351402,Helen Wasserman,Corporate,United States,USCA,Central US,TEC-AC-5149,Technology,Accessories,Logitech MX Performance Wireless Mouse,39.89,1,0,14.7593
ES-2015-TS2143045-42180,2015-06-25 00:00:00,TS-2143045,Tom Stivers,Corporate,France,Europe,Western Europe,OFF-ST-5689,Office Supplies,Storage,"Rogers Box, Wire Frame",41.472,2,0.1,0.9120000000000008
CA-2015-HW14935140-42157,2015-06-02 00:00:00,HW-149351402,Helen Wasserman,Corporate,United States,USCA,Central US,OFF-BI-3742,Office Supplies,Binders,Cardinal Slant-D Ring Binders,17.38,2,0,8.69
IT-2015-RB19570120-42181,2015-06-26 00:00:00,RB-19570120,Rob Beeghly,Consumer,Spain,Europe,Southern Europe,OFF-ST-4252,Office Supplies,Storage,"Fellowes Box, Single Width",88.69500000000001,5,0.1,-4.005000000000001
NI-2015-JS588095-42161,2015-06-06 00:00:00,JS-588095,John Stevenson,Consumer,Nigeria,Africa,Western Africa,TEC-PH-5836,Technology,Phones,"Samsung Signal Booster, Full Size",41.364000000000004,1,0.7,-30.336
ES-2015-BD117258-42180,2015-06-25 00:00:00,BD-117258,Bruce Degenhardt,Consumer,Austria,Europe,Western Europe,OFF-BI-2896,Office Supplies,Binders,"Acco Binder, Durable",66.6,4,0,18.6
ES-2015-LT1676548-42176,2015-06-21 00:00:00,LT-1676548,Larry Tron,Consumer,Germany,Europe,Western Europe,TEC-PH-3141,Technology,Phones,"Apple Office Telephone, VoIP",98.055,3,0.5,-23.535000000000025
IN-2015-MY173807-42158,2015-06-03 00:00:00,MY-173807,Maribeth Yedwab,Corporate,Australia,Asia Pacific,Oceania,FUR-CH-5436,Furniture,Chairs,"Office Star Bag Chairs, Set of Two",207.684,4,0.1,83.00399999999999
RS-2015-RR9525108-42182,2015-06-27 00:00:00,RR-9525108,Rick Reed,Corporate,Russia,Europe,Eastern Europe,FUR-FU-3929,Furniture,Furnishings,"Deflect-O Clock, Duo Pack",100.74,2,0,9.06
MX-2015-EH1376518-42169,2015-06-14 00:00:00,EH-1376518,Edward Hooks,Corporate,Brazil,LATAM,South America,TEC-AC-5220,Technology,Accessories,"Memorex Numeric Keypad, Bluetooth",90.84,3,0,39.059999999999995
IN-2015-DC1285092-42180,2015-06-25 00:00:00,DC-1285092,Dan Campbell,Consumer,New Zealand,Asia Pacific,Oceania,FUR-BO-3906,Furniture,Bookcases,"Dania Stackable Bookrack, Pine",248.21999999999997,2,0,96.78
TU-2015-ML8265134-42169,2015-06-14 00:00:00,ML-8265134,Muhammed Lee,Consumer,Turkey,Asia Pacific,Western Asia,OFF-LA-4696,Office Supplies,Labels,"Hon Shipping Labels, Laser Printer Compatible",36.38400000000001,8,0.6,-29.136
MX-2015-RO1978082-42180,2015-06-25 00:00:00,RO-1978082,Rose O'Brian,Consumer,Mexico,LATAM,Central America,OFF-PA-5886,Office Supplies,Paper,"SanDisk Note Cards, Premium",104.1,5,0,37.4
ES-2015-AB1010564-42161,2015-06-06 00:00:00,AB-1010564,Adrian Barton,Consumer,Italy,Europe,Southern Europe,OFF-AR-3492,Office Supplies,Art,"Binney & Smith Pencil Sharpener, Easy-Erase",55.86,2,0,6.12
US-2015-LR1691518-42180,2015-06-25 00:00:00,LR-1691518,Lena Radford,Consumer,Brazil,LATAM,South America,OFF-ST-6048,Office Supplies,Storage,"Smead Lockers, Single Width",105.83999999999999,2,0.6,-37.07999999999995
MX-2015-JR1621031-42175,2015-06-20 00:00:00,JR-1621031,Justin Ritter,Corporate,Cuba,LATAM,Caribbean,OFF-SU-4138,Office Supplies,Supplies,"Elite Trimmer, Steel",109.52000000000001,4,0,43.760000000000005
IT-2015-AM1036045-42167,2015-06-12 00:00:00,AM-1036045,Alice McCarthy,Corporate,France,Europe,Western Europe,OFF-BI-4817,Office Supplies,Binders,"Ibico Binding Machine, Economy",154.26,3,0,13.86
CA-2015-HG15025140-42168,2015-06-13 00:00:00,HG-150251406,Hunter Glantz,Consumer,United States,USCA,Eastern US,TEC-AC-5237,Technology,Accessories,Microsoft Sculpt Comfort Mouse,63.92000000000001,2,0.2,19.176000000000002
ES-2015-TB211758-42176,2015-06-21 00:00:00,TB-211758,Thomas Boland,Corporate,Austria,Europe,Western Europe,OFF-EN-5037,Office Supplies,Envelopes,"Kraft Manila Envelope, Recycled",75.87,3,0,13.59
TZ-2015-AG900129-42173,2015-06-18 00:00:00,AG-900129,Arthur Gainer,Consumer,Tanzania,Africa,Eastern Africa,OFF-FA-2953,Office Supplies,Fasteners,"Accos Rubber Bands, Bulk Pack",133.44,8,0,65.28
IT-2015-DM1301545-42172,2015-06-17 00:00:00,DM-1301545,Darrin Martin,Consumer,France,Europe,Western Europe,OFF-ST-6041,Office Supplies,Storage,"Smead Folders, Wire Frame",104.328,7,0.1,-4.661999999999999
ES-2015-RB1957045-42176,2015-06-21 00:00:00,RB-1957045,Rob Beeghly,Consumer,France,Europe,Western Europe,OFF-FA-5472,Office Supplies,Fasteners,"OIC Push Pins, Assorted Sizes",24.72,2,0,4.92
ID-2015-AB1001559-42178,2015-06-23 00:00:00,AB-1001559,Aaron Bergman,Consumer,Indonesia,Asia Pacific,Southeastern Asia,OFF-AR-5917,Office Supplies,Art,"Sanford Markers, Blue",67.88999999999999,4,0.27,-8.43
MZ-2015-YC1189587-42183,2015-06-28 00:00:00,YC-1189587,Yoseph Carroll,Corporate,Mozambique,Africa,Eastern Africa,TEC-PH-3133,Technology,Phones,"Apple Headset, Full Size",74.55,1,0,12.66
MO-2015-NK849086-42163,2015-06-08 00:00:00,NK-849086,Neil Knudson,Home Office,Morocco,Africa,North Africa,OFF-BI-2883,Office Supplies,Binders,"Acco 3-Hole Punch, Economy",60.24000000000001,2,0,11.399999999999999
ES-2015-JS15685139-42177,2015-06-22 00:00:00,JS-15685139,Jim Sink,Corporate,United Kingdom,Europe,Northern Europe,OFF-BI-2913,Office Supplies,Binders,"Acco Hole Reinforcements, Durable",65.28,8,0,30.48
IN-2015-PB1910527-42169,2015-06-14 00:00:00,PB-1910527,Peter Bühler,Consumer,China,Asia Pacific,Eastern Asia,OFF-BI-3712,Office Supplies,Binders,"Cardinal 3-Hole Punch, Clear",84.78,3,0,35.550000000000004
MO-2015-AB60086-42173,2015-06-18 00:00:00,AB-60086,Ann Blume,Corporate,Morocco,Africa,North Africa,OFF-AR-6106,Office Supplies,Art,"Stanley Canvas, Easy-Erase",49.739999999999995,1,0,11.91
ES-2015-DW13480139-42185,2015-06-30 00:00:00,DW-13480139,Dianna Wilson,Home Office,United Kingdom,Europe,Northern Europe,OFF-LA-6044,Office Supplies,Labels,"Smead Legal Exhibit Labels, Alphabetical",43.67999999999999,4,0,4.800000000000001
ID-2015-JP155207-42173,2015-06-18 00:00:00,JP-155207,Jeremy Pistek,Consumer,Australia,Asia Pacific,Oceania,OFF-PA-4184,Office Supplies,Paper,"Enermax Parchment Paper, Recycled",96.39,7,0.1,41.580000000000005
BO-2015-TC1114513-42180,2015-06-25 00:00:00,TC-1114513,Theresa Coyne,Corporate,Belarus,Europe,Eastern Europe,FUR-FU-6270,Furniture,Furnishings,"Tenex Photo Frame, Durable",97.74,2,0,33.18
ID-2015-TT2146059-42185,2015-06-30 00:00:00,TT-2146059,Tonja Turnell,Home Office,Indonesia,Asia Pacific,Southeastern Asia,OFF-BI-3258,Office Supplies,Binders,"Avery Binding Machine, Recycled",81.672,2,0.17,15.732
MX-2015-SW2045518-42185,2015-06-30 00:00:00,SW-2045518,Shaun Weien,Consumer,Brazil,LATAM,South America,OFF-PA-4463,Office Supplies,Paper,"Green Bar Cards & Envelopes, Premium",129.04000000000002,4,0,5.12
TU-2015-GR4560134-42159,2015-06-04 00:00:00,GR-4560134,Georgia Rosenberg,Corporate,Turkey,Asia Pacific,Western Asia,OFF-AR-6107,Office Supplies,Art,"Stanley Canvas, Fluorescent",20.292,1,0.6,-14.208000000000002
IN-2015-DH1307558-42160,2015-06-05 00:00:00,DH-1307558,Dave Hallsten,Corporate,India,Asia Pacific,Southern Asia,FUR-CH-5395,Furniture,Chairs,"Novimex Rocking Chair, Black",129,1,0,20.64
MX-2015-KN1639051-42160,2015-06-05 00:00:00,KN-1639051,Katherine Nockton,Corporate,Guatemala,LATAM,Central America,FUR-FU-3928,Furniture,Furnishings,"Deflect-O Clock, Black",67.08,2,0,10.040000000000001
US-2015-LR16915101-42180,2015-06-25 00:00:00,LR-16915101,Lena Radford,Consumer,Peru,LATAM,South America,OFF-SU-4991,Office Supplies,Supplies,"Kleencut Shears, Serrated",121.71599999999998,7,0.4,-2.0440000000000054
ID-2015-AB1001559-42178,2015-06-23 00:00:00,AB-1001559,Aaron Bergman,Consumer,Indonesia,Asia Pacific,Southeastern Asia,OFF-ST-6040,Office Supplies,Storage,"Smead Folders, Single Width",72.708,5,0.17,15.708
ID-2015-RE19405102-42169,2015-06-14 00:00:00,RE-19405102,Ricardo Emerson,Consumer,Philippines,Asia Pacific,Southeastern Asia,TEC-PH-3129,Technology,Phones,"Apple Audio Dock, VoIP",125.23500000000001,1,0.25,-3.344999999999999
NI-2015-SP1092095-42158,2015-06-03 00:00:00,SP-1092095,Susan Pistek,Consumer,Nigeria,Africa,Western Africa,TEC-CO-4777,Technology,Copiers,"HP Ink, Color",39.04200000000001,1,0.7,-57.288
ES-2015-KB1640548-42180,2015-06-25 00:00:00,KB-1640548,Katrina Bavinger,Home Office,Germany,Europe,Western Europe,OFF-EN-5030,Office Supplies,Envelopes,"Kraft Interoffice Envelope, Security-Tint",133.16400000000002,3,0.1,-0.03600000000000314
ES-2015-AG1076564-42166,2015-06-11 00:00:00,AG-1076564,Anthony Garverick,Home Office,Italy,Europe,Southern Europe,FUR-FU-4102,Furniture,Furnishings,"Eldon Stacking Tray, Duo Pack",220.92,7,0,26.46
US-2015-BW112005-42185,2015-06-30 00:00:00,BW-112005,Ben Wallace,Consumer,Argentina,LATAM,South America,OFF-SU-2967,Office Supplies,Supplies,"Acme Box Cutter, Serrated",82.8,6,0.4,-11.040000000000003
ES-2015-AO1081064-42171,2015-06-16 00:00:00,AO-1081064,Anthony O'Donnell,Corporate,Italy,Europe,Southern Europe,OFF-AR-6112,Office Supplies,Art,"Stanley Highlighters, Fluorescent",111.71999999999998,7,0,41.16
ID-2015-SV209357-42172,2015-06-17 00:00:00,SV-209357,Susan Vittorini,Consumer,Australia,Asia Pacific,Oceania,OFF-BI-3187,Office Supplies,Binders,"Avery 3-Hole Punch, Durable",52.86600000000001,2,0.1,23.465999999999994
MX-2015-MV1748536-42157,2015-06-02 00:00:00,MV-1748536,Mark Van Huff,Consumer,Dominican Republic,LATAM,Caribbean,OFF-PA-4181,Office Supplies,Paper,"Enermax Parchment Paper, 8.5 x 11",41.664,4,0.2,4.144
IN-2015-MK1816059-42174,2015-06-19 00:00:00,MK-1816059,Mike Kennedy,Consumer,Indonesia,Asia Pacific,Southeastern Asia,OFF-FA-6184,Office Supplies,Fasteners,"Stockwell Clamps, 12 Pack",69.2286,7,0.47000000000000003,-51.101400000000005
IN-2015-BS1166592-42166,2015-06-11 00:00:00,BS-1166592,Brian Stugart,Consumer,New Zealand,Asia Pacific,Oceania,OFF-EN-3105,Office Supplies,Envelopes,"Ames Manila Envelope, Security-Tint",54.18000000000001,2,0,24.36
ES-2015-FP1432045-42159,2015-06-04 00:00:00,FP-1432045,Frank Preis,Consumer,France,Europe,Western Europe,OFF-EN-3660,Office Supplies,Envelopes,"Cameo Clasp Envelope, with clear poly window",78.3,6,0,28.08
IN-2015-SG2060566-42158,2015-06-03 00:00:00,SG-2060566,Speros Goranitis,Consumer,Japan,Asia Pacific,Eastern Asia,OFF-EN-4919,Office Supplies,Envelopes,"Jiffy Manila Envelope, Security-Tint",227.27999999999997,8,0,45.36
IN-2015-MD1735027-42167,2015-06-12 00:00:00,MD-1735027,Maribeth Dona,Consumer,China,Asia Pacific,Eastern Asia,OFF-SU-4320,Office Supplies,Supplies,"Fiskars Shears, High Speed",95.28,2,0,31.44
ES-2015-MW18235139-42173,2015-06-18 00:00:00,MW-18235139,Mitch Willingham,Corporate,United Kingdom,Europe,Northern Europe,OFF-FA-6204,Office Supplies,Fasteners,"Stockwell Staples, Metal",94.77,9,0,25.38
MX-2015-KB1660082-42182,2015-06-27 00:00:00,KB-1660082,Ken Brennan,Corporate,Mexico,LATAM,Central America,OFF-PA-6613,Office Supplies,Paper,"Xerox Message Books, 8.5 x 11",65.36,4,0,11.76
MO-2015-NK849086-42163,2015-06-08 00:00:00,NK-849086,Neil Knudson,Home Office,Morocco,Africa,North Africa,OFF-AR-5932,Office Supplies,Art,"Sanford Sketch Pad, Fluorescent",280.44,6,0,131.76
ID-2015-SC208007-42166,2015-06-11 00:00:00,SC-208007,Stuart Calhoun,Consumer,Australia,Asia Pacific,Oceania,TEC-AC-3395,Technology,Accessories,"Belkin Mouse, USB",49.10399999999999,2,0.4,-4.955999999999996
ES-2015-AJ1096064-42162,2015-06-07 00:00:00,AJ-1096064,Astrea Jones,Consumer,Italy,Europe,Southern Europe,OFF-ST-6283,Office Supplies,Storage,"Tenex Trays, Single Width",97.63199999999999,3,0.4,-3.2579999999999956
ES-2015-AJ1096064-42162,2015-06-07 00:00:00,AJ-1096064,Astrea Jones,Consumer,Italy,Europe,Southern Europe,OFF-AR-6126,Office Supplies,Art,"Stanley Sketch Pad, Easy-Erase",134.10000000000002,3,0,25.47
ID-2015-MT1807059-42160,2015-06-05 00:00:00,MT-1807059,Michelle Tran,Home Office,Indonesia,Asia Pacific,Southeastern Asia,OFF-ST-5695,Office Supplies,Storage,"Rogers Folders, Industrial",77.61329999999998,3,0.17,-13.1067
IN-2015-DB133607-42179,2015-06-24 00:00:00,DB-133607,Dennis Bolton,Home Office,Australia,Asia Pacific,Oceania,OFF-AR-6121,Office Supplies,Art,"Stanley Pens, Blue",45.22500000000001,5,0.1,17.475
EG-2015-JD589538-42166,2015-06-11 00:00:00,JD-589538,Jonathan Doherty,Corporate,Egypt,Africa,North Africa,FUR-FU-4086,Furniture,Furnishings,"Eldon Photo Frame, Erganomic",56.730000000000004,1,0,19.259999999999998
MX-2015-EM1382551-42181,2015-06-26 00:00:00,EM-1382551,Elizabeth Moffitt,Corporate,Guatemala,LATAM,Central America,OFF-PA-6602,Office Supplies,Paper,"Xerox Cards & Envelopes, Premium",29.98,1,0,10.18
IR-2015-HR477060-42182,2015-06-27 00:00:00,HR-477060,Hallie Redmond,Home Office,Iran,Asia Pacific,Southern Asia,OFF-BI-4806,Office Supplies,Binders,"Ibico 3-Hole Punch, Recycled",123.24000000000001,4,0,34.44
TU-2015-NS8640134-42180,2015-06-25 00:00:00,NS-8640134,Noel Staavos,Corporate,Turkey,Asia Pacific,Western Asia,OFF-BI-2882,Office Supplies,Binders,"Acco 3-Hole Punch, Durable",75.88800000000002,6,0.6,-36.072
NI-2015-NR855095-42166,2015-06-11 00:00:00,NR-855095,Nick Radford,Consumer,Nigeria,Africa,Western Africa,OFF-ST-4079,Office Supplies,Storage,"Eldon Lockers, Industrial",59.517,1,0.7,-41.673
TU-2015-SB10290134-42178,2015-06-23 00:00:00,SB-10290134,Sean Braxton,Corporate,Turkey,Asia Pacific,Western Asia,OFF-EN-4921,Office Supplies,Envelopes,"Jiffy Manila Envelope, with clear poly window",70.92,6,0.6,-104.75999999999998
IN-2015-RB1933058-42164,2015-06-09 00:00:00,RB-1933058,Randy Bradley,Consumer,India,Asia Pacific,Southern Asia,TEC-AC-5883,Technology,Accessories,"SanDisk Mouse, USB",77.03999999999999,2,0,0
ES-2015-MW18235139-42173,2015-06-18 00:00:00,MW-18235139,Mitch Willingham,Corporate,United Kingdom,Europe,Northern Europe,OFF-BI-4812,Office Supplies,Binders,"Ibico Binder, Durable",50.93999999999999,3,0,1.44
IN-2015-TS21610144-42161,2015-06-06 00:00:00,TS-21610144,Troy Staebel,Consumer,Vietnam,Asia Pacific,Southeastern Asia,OFF-EN-5036,Office Supplies,Envelopes,"Kraft Mailers, with clear poly window",239.3139,7,0.17,89.37389999999999
IN-2015-CJ118757-42172,2015-06-17 00:00:00,CJ-118757,Carl Jackson,Corporate,Australia,Asia Pacific,Oceania,OFF-FA-3055,Office Supplies,Fasteners,"Advantus Push Pins, Assorted Sizes",53.46,5,0.1,18.36
IN-2015-JB1592527-42179,2015-06-24 00:00:00,JB-1592527,Joni Blumstein,Consumer,China,Asia Pacific,Eastern Asia,OFF-EN-4452,Office Supplies,Envelopes,"GlobeWeis Peel and Seal, Security-Tint",71.37,3,0,27.089999999999996
US-2015-LS172005-42176,2015-06-21 00:00:00,LS-172005,Luke Schmidt,Corporate,Argentina,LATAM,South America,OFF-ST-5693,Office Supplies,Storage,"Rogers File Cart, Single Width",113.66400000000002,2,0.4,-0.016000000000019554
ES-2015-AG1027045-42173,2015-06-18 00:00:00,AG-1027045,Alejandro Grove,Consumer,France,Europe,Western Europe,OFF-AR-3538,Office Supplies,Art,"Boston Markers, Easy-Erase",133.2,5,0,11.850000000000001
IN-2015-GM1469527-42163,2015-06-08 00:00:00,GM-1469527,Greg Maxwell,Corporate,China,Asia Pacific,Eastern Asia,OFF-LA-4696,Office Supplies,Labels,"Hon Shipping Labels, Laser Printer Compatible",22.740000000000002,2,0,11.34
ID-2015-DM13015102-42174,2015-06-19 00:00:00,DM-13015102,Darrin Martin,Consumer,Philippines,Asia Pacific,Southeastern Asia,OFF-BI-4823,Office Supplies,Binders,"Ibico Hole Reinforcements, Clear",27.412499999999994,5,0.15000000000000002,-1.3875000000000002
IT-2015-MF1766545-42182,2015-06-27 00:00:00,MF-1766545,Maureen Fritzler,Corporate,France,Europe,Western Europe,OFF-EN-4921,Office Supplies,Envelopes,"Jiffy Manila Envelope, with clear poly window",59.099999999999994,2,0,0.54
IN-2015-SC2009592-42157,2015-06-02 00:00:00,SC-2009592,Sanjit Chand,Consumer,New Zealand,Asia Pacific,Oceania,OFF-AR-3491,Office Supplies,Art,"Binney & Smith Markers, Water Color",98.172,6,0.4,3.131999999999991
MX-2015-SC2080018-42167,2015-06-12 00:00:00,SC-2080018,Stuart Calhoun,Consumer,Brazil,LATAM,South America,OFF-BI-3715,Office Supplies,Binders,"Cardinal 3-Hole Punch, Recycled",97.2,5,0,0
SF-2015-MY8295117-42160,2015-06-05 00:00:00,MY-8295117,Muhammed Yedwab,Corporate,South Africa,Africa,Southern Africa,OFF-ST-5711,Office Supplies,Storage,"Rogers Trays, Single Width",61.71,1,0,4.29
MX-2015-RO1978082-42180,2015-06-25 00:00:00,RO-1978082,Rose O'Brian,Consumer,Mexico,LATAM,Central America,FUR-CH-5756,Furniture,Chairs,"SAFCO Chairmat, Adjustable",66.464,2,0.2,-12.495999999999999
ES-2015-JW1522045-42172,2015-06-17 00:00:00,JW-1522045,Jane Waco,Corporate,France,Europe,Western Europe,OFF-BI-3715,Office Supplies,Binders,"Cardinal 3-Hole Punch, Recycled",145.8,5,0,42.15
MO-2015-RD948086-42164,2015-06-09 00:00:00,RD-948086,Rick Duston,Consumer,Morocco,Africa,North Africa,FUR-FU-3049,Furniture,Furnishings,"Advantus Photo Frame, Durable",50.00999999999999,1,0,7.98
IN-2015-RP1985588-42157,2015-06-02 00:00:00,RP-1985588,Roy Phan,Corporate,Myanmar (Burma),Asia Pacific,Southeastern Asia,TEC-PH-3801,Technology,Phones,"Cisco Signal Booster, Full Size",127.0896,1,0.17,-10.730400000000005
MX-2015-BE1133531-42179,2015-06-24 00:00:00,BE-1133531,Bill Eplett,Home Office,Cuba,LATAM,Caribbean,TEC-AC-5126,Technology,Accessories,"Logitech Mouse, Bluetooth",58.560000000000024,3,0,8.16
RO-2015-AI855107-42166,2015-06-11 00:00:00,AI-855107,Arianne Irving,Consumer,Romania,Europe,Eastern Europe,OFF-AR-3451,Office Supplies,Art,"BIC Highlighters, Blue",75.72,4,0,30.240000000000002
ES-2015-JK1532545-42179,2015-06-24 00:00:00,JK-1532545,Jason Klamczynski,Corporate,France,Europe,Western Europe,OFF-LA-5374,Office Supplies,Labels,"Novimex Color Coded Labels, 5000 Label Set",38.42999999999999,3,0,10.709999999999999
CA-2015-JP546023-42181,2015-06-26 00:00:00,JP-546023,Jennifer Patt,Corporate,Canada,USCA,Canada,OFF-ST-5702,Office Supplies,Storage,"Rogers Lockers, Single Width",423.29999999999995,2,0,186.24
IT-2015-BM11650139-42178,2015-06-23 00:00:00,BM-11650139,Brian Moss,Corporate,United Kingdom,Europe,Northern Europe,FUR-FU-3026,Furniture,Furnishings,"Advantus Clock, Erganomic",140.028,4,0.3,-58.092
CA-2015-JP546023-42181,2015-06-26 00:00:00,JP-546023,Jennifer Patt,Corporate,Canada,USCA,Canada,OFF-AR-6117,Office Supplies,Art,"Stanley Markers, Water Color",50.75999999999999,2,0,16.740000000000002
US-2015-TC2114555-42166,2015-06-11 00:00:00,TC-2114555,Theresa Coyne,Corporate,Honduras,LATAM,Central America,OFF-BI-2891,Office Supplies,Binders,"Acco Binder Covers, Clear",40.896,8,0.4,3.295999999999998
CA-2015-JP546023-42181,2015-06-26 00:00:00,JP-546023,Jennifer Patt,Corporate,Canada,USCA,Canada,OFF-AR-3465,Office Supplies,Art,"BIC Pens, Easy-Erase",29.099999999999998,2,0,6.36
ID-2015-AH1019597-42156,2015-06-01 00:00:00,AH-1019597,Alan Haines,Corporate,Pakistan,Asia Pacific,Southern Asia,OFF-ST-6032,Office Supplies,Storage,"Smead File Cart, Industrial",64.19999999999999,1,0.5,-28.25999999999999
MX-2015-JD1601518-42157,2015-06-02 00:00:00,JD-1601518,Joy Daniels,Consumer,Brazil,LATAM,South America,TEC-AC-4164,Technology,Accessories,"Enermax Memory Card, Erganomic",149.59999999999997,2,0,56.839999999999996
HU-2015-BM157557-42172,2015-06-17 00:00:00,BM-157557,Brendan Murry,Corporate,Hungary,Europe,Eastern Europe,FUR-CH-4633,Furniture,Chairs,"Hon Chairmat, Set of Two",57.78,1,0,12.690000000000001
CA-2015-JE15475140-42176,2015-06-21 00:00:00,JE-154751406,Jeremy Ellison,Consumer,United States,USCA,Eastern US,TEC-AC-3125,Technology,Accessories,Anker Ultrathin Bluetooth Wireless Keyboard Aluminum Cover with Stand ,149.95,5,0,14.994999999999994
CA-2015-JE15475140-42176,2015-06-21 00:00:00,JE-154751406,Jeremy Ellison,Consumer,United States,USCA,Eastern US,OFF-BI-2905,Office Supplies,Binders,Acco D-Ring Binder w/DublLock,51.312,3,0.2,18.600599999999996
IT-2015-PN1877564-42171,2015-06-16 00:00:00,PN-1877564,Parhena Norris,Home Office,Italy,Europe,Southern Europe,FUR-CH-4523,Furniture,Chairs,"Harbour Creations Chairmat, Black",83.48400000000001,3,0.6,-81.486
MX-2015-CD1192082-42185,2015-06-30 00:00:00,CD-1192082,Carlos Daly,Consumer,Mexico,LATAM,Central America,OFF-ST-5694,Office Supplies,Storage,"Rogers Folders, Blue",102.3,5,0,19.4
US-2015-EL1373536-42158,2015-06-03 00:00:00,EL-1373536,Ed Ludwig,Home Office,Dominican Republic,LATAM,Caribbean,OFF-LA-3311,Office Supplies,Labels,"Avery Removable Labels, Adjustable",36.864,8,0.2,-4.736
TZ-2015-AG900129-42173,2015-06-18 00:00:00,AG-900129,Arthur Gainer,Consumer,Tanzania,Africa,Eastern Africa,TEC-PH-5272,Technology,Phones,"Motorola Speaker Phone, VoIP",116.88300000000001,1,0.1,-7.797000000000002
MX-2015-SW2024536-42185,2015-06-30 00:00:00,SW-2024536,Scot Wooten,Consumer,Dominican Republic,LATAM,Caribbean,OFF-BI-3257,Office Supplies,Binders,"Avery Binding Machine, Economy",78.144,3,0.2,19.523999999999994
ES-2015-CR1262545-42164,2015-06-09 00:00:00,CR-1262545,Corey Roper,Home Office,France,Europe,Western Europe,OFF-SU-4129,Office Supplies,Supplies,"Elite Scissors, Serrated",38.459999999999994,2,0,2.2800000000000002
IN-2015-PK1907588-42178,2015-06-23 00:00:00,PK-1907588,Pete Kriz,Consumer,Myanmar (Burma),Asia Pacific,Southeastern Asia,OFF-LA-4538,Office Supplies,Labels,"Harbour Creations Legal Exhibit Labels, Adjustable",22.036500000000004,3,0.17,-1.363500000000002
ES-2015-BM1157545-42160,2015-06-05 00:00:00,BM-1157545,Brendan Murry,Corporate,France,Europe,Western Europe,OFF-EN-3088,Office Supplies,Envelopes,"Ames Business Envelopes, Recycled",67.2,5,0,25.5
ID-2015-GM146807-42159,2015-06-04 00:00:00,GM-146807,Greg Matthias,Consumer,Australia,Asia Pacific,Oceania,OFF-LA-4640,Office Supplies,Labels,"Hon Color Coded Labels, Laser Printer Compatible",69.174,6,0.1,17.513999999999996
NI-2015-DH367595-42172,2015-06-17 00:00:00,DH-367595,Duane Huffman,Home Office,Nigeria,Africa,Western Africa,OFF-BI-2882,Office Supplies,Binders,"Acco 3-Hole Punch, Durable",56.91600000000001,6,0.7,-55.044
MX-2015-TB2135582-42179,2015-06-24 00:00:00,TB-2135582,Todd Boyes,Corporate,Mexico,LATAM,Central America,OFF-EN-3676,Office Supplies,Envelopes,"Cameo Peel and Seal, with clear poly window",98.16,6,0,24.479999999999997
RS-2015-BD1725108-42159,2015-06-04 00:00:00,BD-1725108,Bruce Degenhardt,Consumer,Russia,Europe,Eastern Europe,TEC-AC-5194,Technology,Accessories,"Memorex Flash Drive, Erganomic",54.42,2,0,5.4
ES-2015-AF1087048-42169,2015-06-14 00:00:00,AF-1087048,Art Ferguson,Consumer,Germany,Europe,Western Europe,OFF-AR-5924,Office Supplies,Art,"Sanford Pens, Blue",66.60000000000001,6,0,15.84
IN-2015-TP211307-42173,2015-06-18 00:00:00,TP-211307,Theone Pippenger,Consumer,Australia,Asia Pacific,Oceania,OFF-FA-6189,Office Supplies,Fasteners,"Stockwell Paper Clips, Assorted Sizes",72.9,6,0.1,0
EG-2015-NP870038-42178,2015-06-23 00:00:00,NP-870038,Nora Preis,Consumer,Egypt,Africa,North Africa,OFF-FA-6189,Office Supplies,Fasteners,"Stockwell Paper Clips, Assorted Sizes",55.56,4,0,7.68
ID-2015-JP155207-42173,2015-06-18 00:00:00,JP-155207,Jeremy Pistek,Consumer,Australia,Asia Pacific,Oceania,FUR-CH-4697,Furniture,Chairs,"Hon Steel Folding Chair, Adjustable",75.519,1,0.1,32.708999999999996
IN-2015-JM1619558-42167,2015-06-12 00:00:00,JM-1619558,Justin MacKendrick,Consumer,India,Asia Pacific,Southern Asia,OFF-BI-6381,Office Supplies,Binders,"Wilson Jones Binder, Recycled",40.14,3,0,17.64
ES-2015-NW18400139-42160,2015-06-05 00:00:00,NW-18400139,Natalie Webber,Consumer,United Kingdom,Europe,Northern Europe,TEC-MA-5508,Technology,Machines,"Okidata Phone, White",170.51999999999998,2,0,1.6800000000000002
US-2015-LB1673555-42178,2015-06-23 00:00:00,LB-1673555,Larry Blacks,Consumer,Honduras,LATAM,Central America,OFF-EN-3668,Office Supplies,Envelopes,"Cameo Mailers, with clear poly window",66.72,4,0.4,-25.6
MX-2015-JL1513018-42159,2015-06-04 00:00:00,JL-1513018,Jack Lebron,Consumer,Brazil,LATAM,South America,FUR-CH-5446,Furniture,Chairs,"Office Star Rocking Chair, Adjustable",191.20000000000002,2,0,38.239999999999995
EZ-2015-TB1140032-42161,2015-06-06 00:00:00,TB-1140032,Tom Boeckenhauer,Consumer,Czech Republic,Europe,Eastern Europe,FUR-BO-3896,Furniture,Bookcases,"Dania Corner Shelving, Traditional",122.07,1,0,41.49
ES-2015-JP1552048-42164,2015-06-09 00:00:00,JP-1552048,Jeremy Pistek,Consumer,Germany,Europe,Western Europe,OFF-BI-3714,Office Supplies,Binders,"Cardinal 3-Hole Punch, Economy",86.39999999999999,3,0,38.88
MX-2015-KB1660082-42182,2015-06-27 00:00:00,KB-1660082,Ken Brennan,Corporate,Mexico,LATAM,Central America,OFF-EN-5044,Office Supplies,Envelopes,"Kraft Peel and Seal, with clear poly window",48.059999999999995,3,0,16.32
IT-2015-CD1192045-42160,2015-06-05 00:00:00,CD-1192045,Carlos Daly,Consumer,France,Europe,Western Europe,OFF-ST-4252,Office Supplies,Storage,"Fellowes Box, Single Width",70.956,4,0.1,-3.2040000000000006
MX-2015-SG2047093-42180,2015-06-25 00:00:00,SG-2047093,Sheri Gordon,Consumer,Nicaragua,LATAM,Central America,FUR-FU-3050,Furniture,Furnishings,"Advantus Photo Frame, Erganomic",68.8,2,0,15.8
IN-2015-SC204407-42166,2015-06-11 00:00:00,SC-204407,Shaun Chance,Corporate,Australia,Asia Pacific,Oceania,OFF-SU-3003,Office Supplies,Supplies,"Acme Trimmer, Serrated",74.304,2,0.1,13.163999999999998
IN-2015-BD1177027-42165,2015-06-10 00:00:00,BD-1177027,Bryan Davis,Consumer,China,Asia Pacific,Eastern Asia,OFF-FA-5473,Office Supplies,Fasteners,"OIC Push Pins, Bulk Pack",134.19,9,0,25.38
MX-2015-RK1930018-42181,2015-06-26 00:00:00,RK-1930018,Ralph Kennedy,Consumer,Brazil,LATAM,South America,TEC-AC-5861,Technology,Accessories,"SanDisk Flash Drive, Erganomic",74.7,3,0,22.38
SA-2015-EC4050110-42160,2015-06-05 00:00:00,EC-4050110,Erin Creighton,Consumer,Saudi Arabia,Asia Pacific,Western Asia,OFF-ST-6252,Office Supplies,Storage,"Tenex Folders, Wire Frame",44.58,2,0,21.36
ES-2015-JW1522045-42172,2015-06-17 00:00:00,JW-1522045,Jane Waco,Corporate,France,Europe,Western Europe,OFF-AR-3543,Office Supplies,Art,"Boston Pencil Sharpener, Easy-Erase",120.84,4,0,19.32
CA-2015-JS15685140-42175,2015-06-20 00:00:00,JS-156851406,Jim Sink,Corporate,United States,USCA,Eastern US,OFF-ST-6088,Office Supplies,Storage,Space Solutions Commercial Steel Shelving,129.3,2,0,6.464999999999989
IN-2015-MH1811558-42185,2015-06-30 00:00:00,MH-1811558,Mick Hernandez,Home Office,India,Asia Pacific,Southern Asia,OFF-LA-4678,Office Supplies,Labels,"Hon Removable Labels, 5000 Label Set",41.04,4,0,18.84
CA-2015-JS15685140-42175,2015-06-20 00:00:00,JS-156851406,Jim Sink,Corporate,United States,USCA,Eastern US,OFF-BI-6412,Office Supplies,Binders,Wilson Jones Turn Tabs Binder Tool for Ring Binders,11.568000000000001,3,0.2,3.7596
SA-2015-AC450110-42164,2015-06-09 00:00:00,AC-450110,Amy Cox,Consumer,Saudi Arabia,Asia Pacific,Western Asia,OFF-EN-5032,Office Supplies,Envelopes,"Kraft Interoffice Envelope, with clear poly window",50.46,1,0,19.65
ES-2015-YS21880139-42172,2015-06-17 00:00:00,YS-21880139,Yana Sorensen,Corporate,United Kingdom,Europe,Northern Europe,OFF-EN-5022,Office Supplies,Envelopes,"Kraft Business Envelopes, Recycled",45.72,3,0,13.680000000000001
CA-2015-JE15715140-42171,2015-06-16 00:00:00,JE-157151408,Joe Elijah,Consumer,United States,USCA,Southern US,FUR-CH-4408,Furniture,Chairs,Global Executive Mid-Back Manager's Chair,698.3520000000001,3,0.2,52.37639999999996
CA-2015-JE15715140-42171,2015-06-16 00:00:00,JE-157151408,Joe Elijah,Consumer,United States,USCA,Southern US,FUR-BO-5520,Furniture,Bookcases,O'Sullivan 2-Shelf Heavy-Duty Bookcases,77.72800000000001,2,0.2,-3.8863999999999947
MX-2015-KC1654093-42158,2015-06-03 00:00:00,KC-1654093,Kelly Collister,Consumer,Nicaragua,LATAM,Central America,OFF-SU-6166,Office Supplies,Supplies,"Stiletto Letter Opener, High Speed",37.04000000000001,2,0,3.6799999999999997
MX-2015-SJ2012551-42160,2015-06-05 00:00:00,SJ-2012551,Sanjit Jacobs,Home Office,Guatemala,LATAM,Central America,TEC-AC-3387,Technology,Accessories,"Belkin Keyboard, USB",112.12,2,0,52.67999999999999
MX-2015-NR1855031-42166,2015-06-11 00:00:00,NR-1855031,Nick Radford,Consumer,Cuba,LATAM,Caribbean,OFF-SU-4983,Office Supplies,Supplies,"Kleencut Ruler, Serrated",41.040000000000006,6,0,11.88
CA-2015-JK15730140-42178,2015-06-23 00:00:00,JK-157301402,Joe Kamberova,Consumer,United States,USCA,Central US,OFF-BI-6410,Office Supplies,Binders,Wilson Jones Standard D-Ring Binders,3.0359999999999996,3,0.8,-5.009400000000001
IV-2015-BW111029-42171,2015-06-16 00:00:00,BW-111029,Bart Watters,Corporate,Cote d'Ivoire,Africa,Western Africa,OFF-AR-5921,Office Supplies,Art,"Sanford Pencil Sharpener, Easy-Erase",54.17999999999999,2,0,27.06
IN-2015-TC2147559-42178,2015-06-23 00:00:00,TC-2147559,Tony Chapman,Home Office,Indonesia,Asia Pacific,Southeastern Asia,OFF-ST-5706,Office Supplies,Storage,"Rogers Shelving, Industrial",103.93259999999998,2,0.17,1.212600000000002
CA-2015-JE15745140-42172,2015-06-17 00:00:00,JE-157451408,Joel Eaton,Consumer,United States,USCA,Southern US,FUR-CH-4393,Furniture,Chairs,"Global Airflow Leather Mesh Back Chair, Black",301.96,2,0,90.58799999999997
US-2015-BE1145582-42159,2015-06-04 00:00:00,BE-1145582,Brad Eason,Home Office,Mexico,LATAM,Central America,FUR-CH-4683,Furniture,Chairs,"Hon Rocking Chair, Red",139.328,2,0.2,-22.672
CA-2015-JE15745140-42172,2015-06-17 00:00:00,JE-157451408,Joel Eaton,Consumer,United States,USCA,Southern US,TEC-PH-3821,Technology,Phones,Clarity 53712,65.99,1,0,17.157400000000003
CA-2015-JE15745140-42172,2015-06-17 00:00:00,JE-157451408,Joel Eaton,Consumer,United States,USCA,Southern US,OFF-AP-4286,Office Supplies,Appliances,"Fellowes Smart Surge Ten-Outlet Protector, Platinum",180.66,3,0,50.58480000000001
CA-2015-JE15745140-42172,2015-06-17 00:00:00,JE-157451408,Joel Eaton,Consumer,United States,USCA,Southern US,TEC-PH-5649,Technology,Phones,Pyle PMP37LED,191.98,2,0,51.834599999999995
ES-2015-LD1685548-42185,2015-06-30 00:00:00,LD-1685548,Lela Donovan,Corporate,Germany,Europe,Western Europe,OFF-BI-4805,Office Supplies,Binders,"Ibico 3-Hole Punch, Economy",60.900000000000006,2,0,30.42
ID-2015-ND184607-42175,2015-06-20 00:00:00,ND-184607,Neil Ducich,Corporate,Australia,Asia Pacific,Oceania,OFF-FA-3019,Office Supplies,Fasteners,"Advantus Clamps, 12 Pack",84.24,5,0.1,14.940000000000001
MX-2015-KB1660082-42182,2015-06-27 00:00:00,KB-1660082,Ken Brennan,Corporate,Mexico,LATAM,Central America,OFF-FA-2952,Office Supplies,Fasteners,"Accos Rubber Bands, Assorted Sizes",84.78,9,0,28.8
SY-2015-EK3795126-42157,2015-06-02 00:00:00,EK-3795126,Eileen Kiefer,Home Office,Syria,Asia Pacific,Western Asia,OFF-PA-3998,Office Supplies,Paper,"Eaton Message Books, 8.5 x 11",49.44,2,0,21.72
CA-2015-JD15790140-42158,2015-06-03 00:00:00,JD-157901402,John Dryer,Consumer,United States,USCA,Central US,OFF-PA-6534,Office Supplies,Paper,Xerox 1977,10.688,2,0.2,3.7407999999999997
MX-2015-BE11410143-42179,2015-06-24 00:00:00,BE-11410143,Bobby Elias,Consumer,Venezuela,LATAM,South America,OFF-ST-4250,Office Supplies,Storage,"Fellowes Box, Blue",23.615999999999996,3,0.4,-0.804000000000002
IN-2015-JH1618058-42172,2015-06-17 00:00:00,JH-1618058,Justin Hirsh,Consumer,India,Asia Pacific,Southern Asia,OFF-FA-6205,Office Supplies,Fasteners,"Stockwell Thumb Tacks, 12 Pack",51.84,4,0,16.56
SA-2015-VT11700110-42168,2015-06-13 00:00:00,VT-11700110,Valerie Takahito,Home Office,Saudi Arabia,Asia Pacific,Western Asia,OFF-AR-6112,Office Supplies,Art,"Stanley Highlighters, Fluorescent",15.959999999999997,1,0,5.88
SO-2015-SL10155116-42172,2015-06-17 00:00:00,SL-10155116,Sara Luxemburg,Home Office,Somalia,Africa,Eastern Africa,OFF-BI-2902,Office Supplies,Binders,"Acco Binding Machine, Recycled",51.449999999999996,1,0,12.84
ES-2015-DB13210139-42164,2015-06-09 00:00:00,DB-13210139,Dean Braden,Consumer,United Kingdom,Europe,Northern Europe,OFF-BI-6397,Office Supplies,Binders,"Wilson Jones Hole Reinforcements, Clear",14.364,4,0.1,0.08400000000000007
ID-2015-MM1726078-42181,2015-06-26 00:00:00,MM-1726078,Magdelene Morse,Consumer,Malaysia,Asia Pacific,Southeastern Asia,OFF-FA-2943,Office Supplies,Fasteners,"Accos Clamps, Metal",78.00000000000001,4,0,24.119999999999997
US-2015-MG176805-42161,2015-06-06 00:00:00,MG-176805,Maureen Gastineau,Home Office,Argentina,LATAM,South America,OFF-PA-4480,Office Supplies,Paper,"Green Bar Note Cards, Premium",62.4,5,0.4,-19.8
ES-2015-AR1082564-42164,2015-06-09 00:00:00,AR-1082564,Anthony Rawles,Corporate,Italy,Europe,Southern Europe,OFF-AR-6110,Office Supplies,Art,"Stanley Highlighters, Blue",44.099999999999994,3,0,8.82
EN-2015-MC760542-42174,2015-06-19 00:00:00,MC-760542,Matt Connell,Corporate,Estonia,Europe,Northern Europe,OFF-ST-6060,Office Supplies,Storage,"Smead Shelving, Wire Frame",96,2,0,44.160000000000004
AU-2015-PF91208-42181,2015-06-26 00:00:00,PF-91208,Peter Fuller,Consumer,Austria,Europe,Western Europe,OFF-PA-5893,Office Supplies,Paper,"SanDisk Parchment Paper, Recycled",132.95999999999998,8,0,21.12
ID-2015-SV20365130-42173,2015-06-18 00:00:00,SV-20365130,Seth Vernon,Consumer,Thailand,Asia Pacific,Southeastern Asia,OFF-ST-6283,Office Supplies,Storage,"Tenex Trays, Single Width",143.736,5,0.47000000000000003,-13.614000000000004
MX-2015-BS1180018-42161,2015-06-06 00:00:00,BS-1180018,Bryan Spruell,Home Office,Brazil,LATAM,South America,FUR-FU-3930,Furniture,Furnishings,"Deflect-O Clock, Durable",63.120000000000005,2,0,29.639999999999997
MX-2015-SO2033531-42175,2015-06-20 00:00:00,SO-2033531,Sean O'Donnell,Consumer,Cuba,LATAM,Caribbean,OFF-BI-3255,Office Supplies,Binders,"Avery Binding Machine, Clear",96.60000000000002,3,0,0.9600000000000002
MZ-2015-JW522087-42183,2015-06-28 00:00:00,JW-522087,Jane Waco,Corporate,Mozambique,Africa,Eastern Africa,OFF-FA-5467,Office Supplies,Fasteners,"OIC Paper Clips, 12 Pack",27.72,2,0,6.6000000000000005
ES-2015-MZ17335120-42181,2015-06-26 00:00:00,MZ-17335120,Maria Zettner,Home Office,Spain,Europe,Southern Europe,OFF-SU-4978,Office Supplies,Supplies,"Kleencut Letter Opener, Easy Grip",57.36,2,0,6.84
EG-2015-LC688538-42160,2015-06-05 00:00:00,LC-688538,Lena Creighton,Consumer,Egypt,Africa,North Africa,OFF-BI-4823,Office Supplies,Binders,"Ibico Hole Reinforcements, Clear",25.799999999999997,4,0,9.959999999999999
MX-2015-MO1780036-42171,2015-06-16 00:00:00,MO-1780036,Meg O'Connel,Home Office,Dominican Republic,LATAM,Caribbean,OFF-LA-3297,Office Supplies,Labels,"Avery Legal Exhibit Labels, 5000 Label Set",68.816,11,0.2,17.116000000000003
TU-2015-BH1710134-42181,2015-06-26 00:00:00,BH-1710134,Brosina Hoffman,Consumer,Turkey,Asia Pacific,Western Asia,OFF-ST-4293,Office Supplies,Storage,"Fellowes Trays, Blue",22.956000000000003,1,0.6,-30.443999999999996
US-2015-AG10330143-42167,2015-06-12 00:00:00,AG-10330143,Alex Grayson,Consumer,Venezuela,LATAM,South America,OFF-FA-5482,Office Supplies,Fasteners,"OIC Staples, Bulk Pack",22.679999999999996,5,0.4,-9.12
ID-2015-JF1519059-42166,2015-06-11 00:00:00,JF-1519059,Jamie Frazer,Consumer,Indonesia,Asia Pacific,Southeastern Asia,TEC-AC-4157,Technology,Accessories,"Enermax Keyboard, Programmable",90.05760000000001,2,0.47000000000000003,-28.92240000000001
ES-2015-JB1540064-42166,2015-06-11 00:00:00,JB-1540064,Jennifer Braxton,Corporate,Italy,Europe,Southern Europe,OFF-FA-6194,Office Supplies,Fasteners,"Stockwell Push Pins, Assorted Sizes",45.72,4,0,19.56
ES-2015-CH1207045-42173,2015-06-18 00:00:00,CH-1207045,Cathy Hwang,Home Office,France,Europe,Western Europe,OFF-SU-6174,Office Supplies,Supplies,"Stiletto Scissors, Serrated",121.85999999999999,6,0,40.14
IN-2015-JE1547527-42169,2015-06-14 00:00:00,JE-1547527,Jeremy Ellison,Consumer,China,Asia Pacific,Eastern Asia,OFF-FA-5482,Office Supplies,Fasteners,"OIC Staples, Bulk Pack",45.36,4,0,2.16
US-2015-SP2065018-42173,2015-06-18 00:00:00,SP-2065018,Stephanie Phelps,Corporate,Brazil,LATAM,South America,TEC-CO-4765,Technology,Copiers,"HP Copy Machine, Color",130.08231999999998,2,0.602,-131.39767999999998
MX-2015-MV1748582-42168,2015-06-13 00:00:00,MV-1748582,Mark Van Huff,Consumer,Mexico,LATAM,Central America,OFF-BI-2896,Office Supplies,Binders,"Acco Binder, Durable",66.6,6,0,33.239999999999995
ES-2015-MF18250120-42165,2015-06-10 00:00:00,MF-18250120,Monica Federle,Corporate,Spain,Europe,Southern Europe,TEC-AC-3393,Technology,Accessories,"Belkin Mouse, Erganomic",115.55999999999999,3,0,19.620000000000005
ID-2015-BD1172559-42185,2015-06-30 00:00:00,BD-1172559,Bruce Degenhardt,Consumer,Indonesia,Asia Pacific,Southeastern Asia,OFF-ST-6024,Office Supplies,Storage,"Smead Box, Industrial",28.012500000000003,3,0.17,10.732499999999998
IT-2015-TW2102564-42183,2015-06-28 00:00:00,TW-2102564,Tamara Willingham,Home Office,Italy,Europe,Southern Europe,OFF-SU-4983,Office Supplies,Supplies,"Kleencut Ruler, Serrated",41.04,4,0,10.2
EG-2015-BG174038-42173,2015-06-18 00:00:00,BG-174038,Bruce Geld,Consumer,Egypt,Africa,North Africa,OFF-AR-6114,Office Supplies,Art,"Stanley Markers, Blue",44.4,2,0,3.96
ES-2015-JA15970139-42184,2015-06-29 00:00:00,JA-15970139,Joseph Airdo,Consumer,United Kingdom,Europe,Northern Europe,OFF-EN-3096,Office Supplies,Envelopes,"Ames Interoffice Envelope, Recycled",87.83999999999999,2,0,39.480000000000004
IR-2015-CR282060-42171,2015-06-16 00:00:00,CR-282060,Cyra Reiten,Home Office,Iran,Asia Pacific,Southern Asia,OFF-FA-6187,Office Supplies,Fasteners,"Stockwell Clamps, Metal",18.96,1,0,0.36
ES-2015-DW13480139-42185,2015-06-30 00:00:00,DW-13480139,Dianna Wilson,Home Office,United Kingdom,Europe,Northern Europe,OFF-EN-5034,Office Supplies,Envelopes,"Kraft Mailers, Security-Tint",40.050000000000004,1,0,1.98
MX-2015-CS1240082-42175,2015-06-20 00:00:00,CS-1240082,Christopher Schild,Home Office,Mexico,LATAM,Central America,FUR-CH-5437,Furniture,Chairs,"Office Star Chairmat, Adjustable",72.864,2,0.2,2.7039999999999993
MX-2015-FC1424531-42171,2015-06-16 00:00:00,FC-1424531,Frank Carlisle,Home Office,Cuba,LATAM,Caribbean,OFF-BI-2895,Office Supplies,Binders,"Acco Binder, Clear",48.7,5,0,17.5
TU-2015-PV8985134-42167,2015-06-12 00:00:00,PV-8985134,Paul Van Hugh,Home Office,Turkey,Asia Pacific,Western Asia,OFF-AR-3555,Office Supplies,Art,"Boston Sketch Pad, Water Color",124.27200000000002,6,0.6,-177.22799999999998
ES-2015-AR1082545-42168,2015-06-13 00:00:00,AR-1082545,Anthony Rawles,Corporate,France,Europe,Western Europe,OFF-LA-4542,Office Supplies,Labels,"Harbour Creations Removable Labels, Adjustable",42.96,4,0,17.16
BO-2015-PB915013-42172,2015-06-17 00:00:00,PB-915013,Philip Brown,Consumer,Belarus,Europe,Eastern Europe,OFF-AR-5932,Office Supplies,Art,"Sanford Sketch Pad, Fluorescent",46.74,1,0,21.96
IN-2015-ED1388558-42168,2015-06-13 00:00:00,ED-1388558,Emily Ducich,Home Office,India,Asia Pacific,Southern Asia,OFF-ST-6251,Office Supplies,Storage,"Tenex Folders, Single Width",46.5,2,0,9.3
SF-2015-TP11130117-42168,2015-06-13 00:00:00,TP-11130117,Theone Pippenger,Consumer,South Africa,Africa,Southern Africa,OFF-PA-5870,Office Supplies,Paper,"SanDisk Memo Slips, Premium",101.88,6,0,38.699999999999996
EN-2015-MC760542-42174,2015-06-19 00:00:00,MC-760542,Matt Connell,Corporate,Estonia,Europe,Northern Europe,FUR-CH-5372,Furniture,Chairs,"Novimex Chairmat, Red",56.34,1,0,16.89
ES-2015-NW18400139-42160,2015-06-05 00:00:00,NW-18400139,Natalie Webber,Consumer,United Kingdom,Europe,Northern Europe,OFF-PA-6609,Office Supplies,Paper,"Xerox Memo Slips, 8.5 x 11",53.010000000000005,3,0,5.219999999999999
TU-2015-SC10770134-42185,2015-06-30 00:00:00,SC-10770134,Stewart Carmichael,Corporate,Turkey,Asia Pacific,Western Asia,FUR-CH-5395,Furniture,Chairs,"Novimex Rocking Chair, Black",51.6,1,0.6,-61.91999999999999
ID-2015-ML1826559-42178,2015-06-23 00:00:00,ML-1826559,Muhammed Lee,Consumer,Indonesia,Asia Pacific,Southeastern Asia,FUR-FU-4104,Furniture,Furnishings,"Eldon Stacking Tray, Erganomic",87.95040000000002,4,0.27,-7.329600000000006
BO-2015-ME732013-42181,2015-06-26 00:00:00,ME-732013,Maria Etezadi,Home Office,Belarus,Europe,Eastern Europe,OFF-AR-6107,Office Supplies,Art,"Stanley Canvas, Fluorescent",50.730000000000004,1,0,16.23
ZA-2015-JE5475146-42176,2015-06-21 00:00:00,JE-5475146,Jeremy Ellison,Consumer,Zambia,Africa,Eastern Africa,FUR-FU-3029,Furniture,Furnishings,"Advantus Door Stop, Durable",42.06,1,0,21.03
KE-2015-LW712569-42183,2015-06-28 00:00:00,LW-712569,Liz Willingham,Consumer,Kenya,Africa,Eastern Africa,OFF-BI-4814,Office Supplies,Binders,"Ibico Binder, Recycled",15.839999999999998,1,0,1.26
US-2015-TC2114555-42166,2015-06-11 00:00:00,TC-2114555,Theresa Coyne,Corporate,Honduras,LATAM,Central America,OFF-SU-2984,Office Supplies,Supplies,"Acme Ruler, Easy Grip",36.66,5,0.4,-7.340000000000001
SA-2015-RE9450110-42168,2015-06-13 00:00:00,RE-9450110,Richard Eichhorn,Consumer,Saudi Arabia,Asia Pacific,Western Asia,OFF-EN-3110,Office Supplies,Envelopes,"Ames Peel and Seal, Set of 50",74.76,4,0,34.32
MX-2015-BS1180018-42161,2015-06-06 00:00:00,BS-1180018,Bryan Spruell,Home Office,Brazil,LATAM,South America,OFF-AR-3552,Office Supplies,Art,"Boston Sketch Pad, Blue",64.8,2,0,27.2
ES-2015-CS12460120-42182,2015-06-27 00:00:00,CS-12460120,Chuck Sachs,Consumer,Spain,Europe,Southern Europe,FUR-CH-4559,Furniture,Chairs,"Harbour Creations Steel Folding Chair, Red",78.31200000000001,1,0.2,6.851999999999997
ES-2015-MK1816045-42180,2015-06-25 00:00:00,MK-1816045,Mike Kennedy,Consumer,France,Europe,Western Europe,OFF-SU-4985,Office Supplies,Supplies,"Kleencut Scissors, Easy Grip",71.73000000000002,3,0,15.75
IN-2015-BP1115559-42168,2015-06-13 00:00:00,BP-1115559,Becky Pak,Consumer,Indonesia,Asia Pacific,Southeastern Asia,OFF-BI-2892,Office Supplies,Binders,"Acco Binder Covers, Durable",61.502999999999986,5,0.17,5.102999999999998
TU-2015-MD7860134-42173,2015-06-18 00:00:00,MD-7860134,Michael Dominguez,Corporate,Turkey,Asia Pacific,Western Asia,OFF-BI-6370,Office Supplies,Binders,"Wilson Jones 3-Hole Punch, Durable",23.592000000000002,2,0.6,-23.028
IN-2015-JB1600027-42185,2015-06-30 00:00:00,JB-1600027,Joy Bell-,Consumer,China,Asia Pacific,Eastern Asia,OFF-SU-6182,Office Supplies,Supplies,"Stiletto Trimmer, Serrated",39.45,1,0,12.21
ES-2015-DW13480139-42185,2015-06-30 00:00:00,DW-13480139,Dianna Wilson,Home Office,United Kingdom,Europe,Northern Europe,OFF-BI-3721,Office Supplies,Binders,"Cardinal Binder, Durable",30.659999999999997,2,0,1.5
IT-2015-ZC21910124-42168,2015-06-13 00:00:00,ZC-21910124,Zuschuss Carroll,Consumer,Sweden,Europe,Northern Europe,OFF-AR-3496,Office Supplies,Art,"Binney & Smith Pens, Easy-Erase",42.735,7,0.5,-42.735
MX-2015-SP2065082-42173,2015-06-18 00:00:00,SP-2065082,Stephanie Phelps,Corporate,Mexico,LATAM,Central America,OFF-ST-5688,Office Supplies,Storage,"Rogers Box, Single Width",80,5,0,34.4
ID-2015-BD1172559-42185,2015-06-30 00:00:00,BD-1172559,Bruce Degenhardt,Consumer,Indonesia,Asia Pacific,Southeastern Asia,OFF-FA-5473,Office Supplies,Fasteners,"OIC Push Pins, Bulk Pack",55.316100000000006,7,0.47000000000000003,-29.313900000000007
ES-2015-CC1237045-42185,2015-06-30 00:00:00,CC-1237045,Christopher Conant,Consumer,France,Europe,Western Europe,OFF-ST-4105,Office Supplies,Storage,"Eldon Trays, Blue",86.346,2,0.1,7.6259999999999994
TU-2015-PH8790134-42185,2015-06-30 00:00:00,PH-8790134,Patricia Hirasaki,Home Office,Turkey,Asia Pacific,Western Asia,TEC-PH-3134,Technology,Phones,"Apple Headset, VoIP",58.68,2,0.6,-67.5
US-2015-MC1742536-42173,2015-06-18 00:00:00,MC-1742536,Mark Cousins,Corporate,Dominican Republic,LATAM,Caribbean,TEC-AC-3394,Technology,Accessories,"Belkin Mouse, Programmable",45.024,2,0.2,-1.1360000000000015
ES-2015-BO1142564-42164,2015-06-09 00:00:00,BO-1142564,Bobby Odegard,Consumer,Italy,Europe,Southern Europe,OFF-BI-4826,Office Supplies,Binders,"Ibico Hole Reinforcements, Recycled",22.05,3,0,6.75
ES-2015-CH1207045-42173,2015-06-18 00:00:00,CH-1207045,Cathy Hwang,Home Office,France,Europe,Western Europe,OFF-BI-4803,Office Supplies,Binders,"Ibico 3-Hole Punch, Clear",89.73000000000002,3,0,35.82
US-2015-BE1145555-42185,2015-06-30 00:00:00,BE-1145555,Brad Eason,Home Office,Honduras,LATAM,Central America,FUR-CH-4700,Furniture,Chairs,"Hon Steel Folding Chair, Set of Two",33.467999999999996,1,0.4,-7.812
ES-2015-JK1532545-42179,2015-06-24 00:00:00,JK-1532545,Jason Klamczynski,Corporate,France,Europe,Western Europe,OFF-SU-4986,Office Supplies,Supplies,"Kleencut Scissors, High Speed",22.290000000000003,1,0,6.8999999999999995
IT-2015-TS21610139-42173,2015-06-18 00:00:00,TS-21610139,Troy Staebel,Consumer,United Kingdom,Europe,Northern Europe,FUR-FU-6276,Furniture,Furnishings,"Tenex Stacking Tray, Black",35.406,2,0.3,-8.094
SU-2015-EM4200122-42178,2015-06-23 00:00:00,EM-4200122,Evan Minnotte,Home Office,Sudan,Africa,North Africa,OFF-AR-6107,Office Supplies,Art,"Stanley Canvas, Fluorescent",50.730000000000004,1,0,16.23
US-2015-JP1546098-42176,2015-06-21 00:00:00,JP-1546098,Jennifer Patt,Corporate,Panama,LATAM,Central America,TEC-AC-5220,Technology,Accessories,"Memorex Numeric Keypad, Bluetooth",54.251999999999995,3,0.4,-5.447999999999996
EG-2015-JD589538-42166,2015-06-11 00:00:00,JD-589538,Jonathan Doherty,Corporate,Egypt,Africa,North Africa,OFF-AR-6128,Office Supplies,Art,"Stanley Sketch Pad, Water Color",47.61,1,0,9.03
IN-2015-TS212051-42173,2015-06-18 00:00:00,TS-212051,Thomas Seio,Corporate,Afghanistan,Asia Pacific,Southern Asia,OFF-EN-5039,Office Supplies,Envelopes,"Kraft Manila Envelope, Set of 50",79.47,3,0,9.450000000000001
TU-2015-ML8265134-42169,2015-06-14 00:00:00,ML-8265134,Muhammed Lee,Consumer,Turkey,Asia Pacific,Western Asia,OFF-BI-2881,Office Supplies,Binders,"Acco 3-Hole Punch, Clear",11.832000000000003,1,0.6,-12.738000000000001
RS-2015-CC2370108-42178,2015-06-23 00:00:00,CC-2370108,Christopher Conant,Consumer,Russia,Europe,Eastern Europe,OFF-ST-5695,Office Supplies,Storage,"Rogers Folders, Industrial",31.169999999999995,1,0,4.35
ES-2015-DK1309045-42158,2015-06-03 00:00:00,DK-1309045,Dave Kipp,Consumer,France,Europe,Western Europe,OFF-ST-6057,Office Supplies,Storage,"Smead Shelving, Blue",88.07399999999998,2,0.1,19.553999999999995
RS-2015-TM11490108-42180,2015-06-25 00:00:00,TM-11490108,Tony Molinari,Consumer,Russia,Europe,Eastern Europe,OFF-EN-3088,Office Supplies,Envelopes,"Ames Business Envelopes, Recycled",17.040000000000003,1,0,4.26
MX-2015-DA1345051-42180,2015-06-25 00:00:00,DA-1345051,Dianna Arnett,Home Office,Guatemala,LATAM,Central America,OFF-AR-3468,Office Supplies,Art,"BIC Sketch Pad, Blue",97.32,3,0,18.48
US-2015-PS1904598-42172,2015-06-17 00:00:00,PS-1904598,Penelope Sewall,Home Office,Panama,LATAM,Central America,OFF-ST-4106,Office Supplies,Storage,"Eldon Trays, Industrial",58.139999999999986,3,0.4,2.880000000000007
ID-2015-DS1318059-42159,2015-06-04 00:00:00,DS-1318059,David Smith,Corporate,Indonesia,Asia Pacific,Southeastern Asia,OFF-PA-4001,Office Supplies,Paper,"Eaton Message Books, Recycled",65.1582,6,0.47000000000000003,-6.3018
IN-2015-BG116957-42160,2015-06-05 00:00:00,BG-116957,Brooke Gillingham,Corporate,Australia,Asia Pacific,Oceania,OFF-ST-6048,Office Supplies,Storage,"Smead Lockers, Single Width",119.07,1,0.4,9.900000000000006
TU-2015-LH6750134-42173,2015-06-18 00:00:00,LH-6750134,Larry Hughes,Consumer,Turkey,Asia Pacific,Western Asia,TEC-CO-3683,Technology,Copiers,"Canon Fax and Copier, Digital",76.392,1,0.6,-93.588
IN-2015-CJ118757-42172,2015-06-17 00:00:00,CJ-118757,Carl Jackson,Corporate,Australia,Asia Pacific,Oceania,OFF-ST-4253,Office Supplies,Storage,"Fellowes Box, Wire Frame",50.625,3,0.1,3.375
US-2015-LR1691518-42180,2015-06-25 00:00:00,LR-1691518,Lena Radford,Consumer,Brazil,LATAM,South America,OFF-SU-4991,Office Supplies,Supplies,"Kleencut Shears, Serrated",81.144,7,0.6,-42.615999999999985
ES-2015-JC16105139-42173,2015-06-18 00:00:00,JC-16105139,Julie Creighton,Corporate,United Kingdom,Europe,Northern Europe,TEC-AC-4173,Technology,Accessories,"Enermax Mouse, Programmable",125.37,3,0,0
CA-2015-KH16330140-42175,2015-06-20 00:00:00,KH-163301406,Katharine Harms,Corporate,United States,USCA,Eastern US,FUR-CH-4407,Furniture,Chairs,Global Ergonomic Managers Chair,760.1159999999999,6,0.3,-43.43520000000001
CA-2015-KH16330140-42175,2015-06-20 00:00:00,KH-163301406,Katharine Harms,Corporate,United States,USCA,Eastern US,TEC-AC-5191,Technology,Accessories,"Memorex 25GB 6X Branded Blu-Ray Recordable Disc, 15/Pack",122.32799999999999,9,0.2,1.5291000000000032
CA-2015-KH16330140-42175,2015-06-20 00:00:00,KH-163301406,Katharine Harms,Corporate,United States,USCA,Eastern US,FUR-FU-3847,Furniture,Furnishings,Contemporary Wood/Metal Frame,38.784000000000006,3,0.2,7.271999999999995
ID-2015-ND184607-42175,2015-06-20 00:00:00,ND-184607,Neil Ducich,Corporate,Australia,Asia Pacific,Oceania,TEC-AC-4179,Technology,Accessories,"Enermax Numeric Keypad, Erganomic",105.894,2,0.1,41.154
CA-2015-KD16345140-42173,2015-06-18 00:00:00,KD-163451404,Katherine Ducich,Consumer,United States,USCA,Western US,OFF-BI-6317,Office Supplies,Binders,Trimflex Flexible Post Binders,51.312,3,0.2,17.9592
MX-2015-EM1420082-42161,2015-06-06 00:00:00,EM-1420082,Evan Minnotte,Home Office,Mexico,LATAM,Central America,OFF-AR-5926,Office Supplies,Art,"Sanford Pens, Fluorescent",32.96,4,0,4.56
ES-2015-CC1247545-42178,2015-06-23 00:00:00,CC-1247545,Cindy Chapman,Consumer,France,Europe,Western Europe,OFF-AR-3544,Office Supplies,Art,"Boston Pencil Sharpener, Fluorescent",57.900000000000006,2,0,8.100000000000001
ID-2015-GM146807-42159,2015-06-04 00:00:00,GM-146807,Greg Matthias,Consumer,Australia,Asia Pacific,Oceania,FUR-CH-5452,Furniture,Chairs,"Office Star Steel Folding Chair, Red",165.07800000000003,2,0.1,-7.362000000000002
IN-2015-VM218357-42166,2015-06-11 00:00:00,VM-218357,Vivian Mathis,Consumer,Australia,Asia Pacific,Oceania,OFF-LA-5375,Office Supplies,Labels,"Novimex Color Coded Labels, Adjustable",65.01599999999999,7,0.1,2.8560000000000016
ID-2015-RC1996059-42173,2015-06-18 00:00:00,RC-1996059,Ryan Crowe,Consumer,Indonesia,Asia Pacific,Southeastern Asia,OFF-PA-5892,Office Supplies,Paper,"SanDisk Parchment Paper, Premium",70.8504,8,0.47000000000000003,-26.829599999999992
MX-2015-MC1763518-42164,2015-06-09 00:00:00,MC-1763518,Matthew Clasen,Corporate,Brazil,LATAM,South America,OFF-SU-4983,Office Supplies,Supplies,"Kleencut Ruler, Serrated",54.720000000000006,8,0,15.84
ES-2015-AR1040564-42164,2015-06-09 00:00:00,AR-1040564,Allen Rosenblatt,Corporate,Italy,Europe,Southern Europe,OFF-AP-4971,Office Supplies,Appliances,"KitchenAid Toaster, White",250.38000000000002,3,0,100.08
ES-2015-JW1595545-42165,2015-06-10 00:00:00,JW-1595545,Joni Wasserman,Consumer,France,Europe,Western Europe,OFF-PA-5876,Office Supplies,Paper,"SanDisk Message Books, 8.5 x 11",55.92,2,0,27.36
IN-2015-AG1090058-42172,2015-06-17 00:00:00,AG-1090058,Arthur Gainer,Consumer,India,Asia Pacific,Southern Asia,OFF-LA-5376,Office Supplies,Labels,"Novimex Color Coded Labels, Alphabetical",61.2,5,0,10.95
ES-2015-MO1750045-42164,2015-06-09 00:00:00,MO-1750045,Mary O'Rourke,Consumer,France,Europe,Western Europe,OFF-AR-3493,Office Supplies,Art,"Binney & Smith Pencil Sharpener, Fluorescent",26.67,1,0,1.0499999999999998
CA-2015-KN16390140-42159,2015-06-04 00:00:00,KN-163901406,Katherine Nockton,Corporate,United States,USCA,Eastern US,FUR-TA-3751,Furniture,Tables,"Chromcraft 48"" x 96"" Racetrack Double Pedestal Table",384.768,2,0.4,-115.43040000000002
MX-2015-MM1805582-42165,2015-06-10 00:00:00,MM-1805582,Michelle Moray,Consumer,Mexico,LATAM,Central America,OFF-EN-4903,Office Supplies,Envelopes,"Jiffy Business Envelopes, Recycled",73.44000000000001,6,0,5.040000000000001
ES-2015-BO11425120-42179,2015-06-24 00:00:00,BO-11425120,Bobby Odegard,Consumer,Spain,Europe,Southern Europe,OFF-AR-3457,Office Supplies,Art,"BIC Markers, Easy-Erase",133.5,5,0,37.35
IN-2015-FM142907-42176,2015-06-21 00:00:00,FM-142907,Frank Merwin,Home Office,Australia,Asia Pacific,Oceania,OFF-SU-6167,Office Supplies,Supplies,"Stiletto Letter Opener, Steel",135.43200000000004,6,0.1,34.452
CA-2015-KN16390140-42159,2015-06-04 00:00:00,KN-163901406,Katherine Nockton,Corporate,United States,USCA,Eastern US,TEC-MA-4594,Technology,Machines,Hewlett-Packard 300S Scientific Calculator,78.66,6,0,36.18359999999999
CA-2015-KN16390140-42159,2015-06-04 00:00:00,KN-163901406,Katherine Nockton,Corporate,United States,USCA,Eastern US,OFF-PA-6428,Office Supplies,Paper,Xerox 188,45.36,4,0,22.226399999999998
MX-2015-OT1873031-42164,2015-06-09 00:00:00,OT-1873031,Olvera Toch,Consumer,Cuba,LATAM,Caribbean,OFF-LA-4537,Office Supplies,Labels,"Harbour Creations Legal Exhibit Labels, 5000 Label Set",15.12,2,0,1.64
ID-2015-MM1726078-42181,2015-06-26 00:00:00,MM-1726078,Magdelene Morse,Consumer,Malaysia,Asia Pacific,Southeastern Asia,OFF-SU-6177,Office Supplies,Supplies,"Stiletto Shears, High Speed",144.27,3,0,54.81
IN-2015-TC2147559-42178,2015-06-23 00:00:00,TC-2147559,Tony Chapman,Home Office,Indonesia,Asia Pacific,Southeastern Asia,OFF-LA-4694,Office Supplies,Labels,"Hon Shipping Labels, Adjustable",44.2179,9,0.47000000000000003,-31.922100000000007
EG-2015-NP870038-42178,2015-06-23 00:00:00,NP-870038,Nora Preis,Consumer,Egypt,Africa,North Africa,OFF-SU-4326,Office Supplies,Supplies,"Fiskars Trimmer, High Speed",42.300000000000004,1,0,6.33
US-2015-PS1904598-42172,2015-06-17 00:00:00,PS-1904598,Penelope Sewall,Home Office,Panama,LATAM,Central America,OFF-EN-3109,Office Supplies,Envelopes,"Ames Peel and Seal, Security-Tint",25.308,3,0.4,-8.892
IN-2015-TS212051-42173,2015-06-18 00:00:00,TS-212051,Thomas Seio,Corporate,Afghanistan,Asia Pacific,Southern Asia,OFF-LA-4529,Office Supplies,Labels,"Harbour Creations Color Coded Labels, Laser Printer Compatible",64.5,5,0,22.5
MX-2015-EM1420082-42161,2015-06-06 00:00:00,EM-1420082,Evan Minnotte,Home Office,Mexico,LATAM,Central America,OFF-LA-3300,Office Supplies,Labels,"Avery Legal Exhibit Labels, Laser Printer Compatible",45.36,6,0,4.92
ES-2015-JS15685139-42177,2015-06-22 00:00:00,JS-15685139,Jim Sink,Corporate,United Kingdom,Europe,Northern Europe,OFF-BI-4825,Office Supplies,Binders,"Ibico Hole Reinforcements, Economy",20.97,3,0,10.26
MX-2015-DV1346531-42179,2015-06-24 00:00:00,DV-1346531,Dianna Vittorini,Consumer,Cuba,LATAM,Caribbean,OFF-EN-4914,Office Supplies,Envelopes,"Jiffy Mailers, Recycled",47.96,2,0,15.319999999999999
ES-2015-BO1142564-42164,2015-06-09 00:00:00,BO-1142564,Bobby Odegard,Consumer,Italy,Europe,Southern Europe,OFF-LA-6042,Office Supplies,Labels,"Smead Legal Exhibit Labels, 5000 Label Set",34.47,3,0,6.48
CG-2015-NP832533-42171,2015-06-16 00:00:00,NP-832533,Naresj Patel,Consumer,Democratic Republic of the Congo,Africa,Central Africa,OFF-AR-3543,Office Supplies,Art,"Boston Pencil Sharpener, Easy-Erase",30.21,1,0,4.83
MX-2015-AC1045036-42173,2015-06-18 00:00:00,AC-1045036,Amy Cox,Consumer,Dominican Republic,LATAM,Caribbean,OFF-BI-3713,Office Supplies,Binders,"Cardinal 3-Hole Punch, Durable",64.64000000000001,4,0.2,2.3999999999999972
ES-2015-JC16105139-42173,2015-06-18 00:00:00,JC-16105139,Julie Creighton,Corporate,United Kingdom,Europe,Northern Europe,OFF-AR-6111,Office Supplies,Art,"Stanley Highlighters, Easy-Erase",59.88,4,0,21.48
BO-2015-PB910513-42158,2015-06-03 00:00:00,PB-910513,Peter Bühler,Consumer,Belarus,Europe,Eastern Europe,OFF-PA-4161,Office Supplies,Paper,"Enermax Memo Slips, Premium",93.96000000000001,6,0,1.8000000000000003
NI-2015-PR888095-42173,2015-06-18 00:00:00,PR-888095,Patrick Ryan,Consumer,Nigeria,Africa,Western Africa,FUR-TA-3337,Furniture,Tables,"Barricks Coffee Table, Fully Assembled",90.891,1,0.7,-166.659
ES-2015-AR10345139-42178,2015-06-23 00:00:00,AR-10345139,Alex Russell,Corporate,United Kingdom,Europe,Northern Europe,OFF-BI-4818,Office Supplies,Binders,"Ibico Binding Machine, Recycled",77.66999999999999,3,0.5,-49.76999999999998
IN-2015-AG1090058-42172,2015-06-17 00:00:00,AG-1090058,Arthur Gainer,Consumer,India,Asia Pacific,Southern Asia,OFF-PA-6614,Office Supplies,Paper,"Xerox Message Books, Multicolor",43.56,2,0,2.58
MX-2015-RD1993082-42182,2015-06-27 00:00:00,RD-1993082,Russell D'Ascenzo,Consumer,Mexico,LATAM,Central America,OFF-BI-6399,Office Supplies,Binders,"Wilson Jones Hole Reinforcements, Economy",15.1,5,0,6.1
CA-2015-KT16480140-42180,2015-06-25 00:00:00,KT-164801404,Kean Thornton,Consumer,United States,USCA,Western US,OFF-FA-2890,Office Supplies,Fasteners,"Acco Banker's Clasps, 5 3/4""-Long",2.88,1,0,1.3536
IN-2015-KD1649578-42159,2015-06-04 00:00:00,KD-1649578,Keith Dawkins,Corporate,Malaysia,Asia Pacific,Southeastern Asia,OFF-BI-6374,Office Supplies,Binders,"Wilson Jones Binder Covers, Clear",53.24999999999999,5,0,13.200000000000001
IR-2015-DE325560-42185,2015-06-30 00:00:00,DE-325560,Deanra Eno,Home Office,Iran,Asia Pacific,Southern Asia,OFF-SU-2967,Office Supplies,Supplies,"Acme Box Cutter, Serrated",34.5,1,0,7.92
MX-2015-PA1906028-42175,2015-06-20 00:00:00,PA-1906028,Pete Armstrong,Home Office,Colombia,LATAM,South America,OFF-ST-6058,Office Supplies,Storage,"Smead Shelving, Industrial",164.7,5,0,11.5
ES-2015-JG15805139-42167,2015-06-12 00:00:00,JG-15805139,John Grady,Corporate,United Kingdom,Europe,Northern Europe,FUR-FU-4075,Furniture,Furnishings,"Eldon Light Bulb, Duo Pack",53.04599999999999,3,0.3,7.506000000000004
ES-2015-JB1540064-42166,2015-06-11 00:00:00,JB-1540064,Jennifer Braxton,Corporate,Italy,Europe,Southern Europe,OFF-PA-6623,Office Supplies,Paper,"Xerox Parchment Paper, Premium",39.78,3,0,12.689999999999998
ID-2015-JR157007-42171,2015-06-16 00:00:00,JR-157007,Jocasta Rupert,Consumer,Australia,Asia Pacific,Oceania,OFF-EN-5027,Office Supplies,Envelopes,"Kraft Clasp Envelope, Set of 50",24.299999999999997,3,0.1,-2.16
US-2015-TC2114555-42166,2015-06-11 00:00:00,TC-2114555,Theresa Coyne,Corporate,Honduras,LATAM,Central America,OFF-EN-4447,Office Supplies,Envelopes,"GlobeWeis Manila Envelope, Recycled",41.904,4,0.4,-25.856000000000005
BN-2015-RS942015-42158,2015-06-03 00:00:00,RS-942015,Ricardo Sperren,Corporate,Benin,Africa,Western Africa,OFF-AR-3554,Office Supplies,Art,"Boston Sketch Pad, Fluorescent",49.86,1,0,0
GH-2015-SA1083049-42161,2015-06-06 00:00:00,SA-1083049,Sue Ann Reed,Consumer,Ghana,Africa,Western Africa,FUR-FU-3030,Furniture,Furnishings,"Advantus Door Stop, Erganomic",43.650000000000006,1,0,13.53
IR-2015-DW348060-42160,2015-06-05 00:00:00,DW-348060,Dianna Wilson,Home Office,Iran,Asia Pacific,Southern Asia,OFF-FA-6190,Office Supplies,Fasteners,"Stockwell Paper Clips, Bulk Pack",27.240000000000002,2,0,13.02
EG-2015-LC688538-42160,2015-06-05 00:00:00,LC-688538,Lena Creighton,Consumer,Egypt,Africa,North Africa,OFF-AR-3462,Office Supplies,Art,"BIC Pencil Sharpener, Fluorescent",121.08,4,0,41.160000000000004
MX-2015-TG2164093-42181,2015-06-26 00:00:00,TG-2164093,Trudy Glocke,Consumer,Nicaragua,LATAM,Central America,OFF-LA-3260,Office Supplies,Labels,"Avery Color Coded Labels, 5000 Label Set",45.599999999999994,5,0,16.8
US-2015-VM2168536-42158,2015-06-03 00:00:00,VM-2168536,Valerie Mitchum,Home Office,Dominican Republic,LATAM,Caribbean,OFF-ST-6273,Office Supplies,Storage,"Tenex Shelving, Industrial",58.81600000000001,2,0.2,1.4559999999999973
ES-2015-HH15010139-42157,2015-06-02 00:00:00,HH-15010139,Hilary Holden,Corporate,United Kingdom,Europe,Northern Europe,OFF-BI-3714,Office Supplies,Binders,"Cardinal 3-Hole Punch, Economy",86.39999999999999,3,0,38.88
ES-2015-CS12460120-42182,2015-06-27 00:00:00,CS-12460120,Chuck Sachs,Consumer,Spain,Europe,Southern Europe,OFF-BI-2897,Office Supplies,Binders,"Acco Binder, Economy",60.599999999999994,4,0,8.399999999999999
MX-2015-MS1753039-42178,2015-06-23 00:00:00,MS-1753039,MaryBeth Skach,Consumer,El Salvador,LATAM,Central America,OFF-ST-5705,Office Supplies,Storage,"Rogers Shelving, Blue",41.42,1,0,10.76
IN-2015-BW1111092-42171,2015-06-16 00:00:00,BW-1111092,Bart Watters,Corporate,New Zealand,Asia Pacific,Oceania,OFF-FA-5477,Office Supplies,Fasteners,"OIC Rubber Bands, Bulk Pack",68.28,4,0,23.16
MX-2015-LS1694528-42172,2015-06-17 00:00:00,LS-1694528,Linda Southworth,Corporate,Colombia,LATAM,South America,TEC-CO-4784,Technology,Copiers,"HP Personal Copier, Color",83.65236000000002,1,0.002,13.23236
MX-2015-SC2038082-42160,2015-06-05 00:00:00,SC-2038082,Shahid Collister,Consumer,Mexico,LATAM,Central America,OFF-AR-3498,Office Supplies,Art,"Binney & Smith Pens, Water Color",80.64,8,0,31.360000000000003
UP-2015-KB6240137-42168,2015-06-13 00:00:00,KB-6240137,Karen Bern,Corporate,Ukraine,Europe,Eastern Europe,OFF-AR-5913,Office Supplies,Art,"Sanford Highlighters, Water Color",75.72,4,0,27.240000000000002
US-2015-JB1592536-42160,2015-06-05 00:00:00,JB-1592536,Joni Blumstein,Consumer,Dominican Republic,LATAM,Caribbean,OFF-AR-3527,Office Supplies,Art,"Boston Canvas, Fluorescent",58.56,2,0.2,10.959999999999999
ES-2015-JK15730139-42160,2015-06-05 00:00:00,JK-15730139,Joe Kamberova,Consumer,United Kingdom,Europe,Northern Europe,OFF-ST-5708,Office Supplies,Storage,"Rogers Shelving, Wire Frame",55.08,1,0.1,12.84
SF-2015-JP6135117-42169,2015-06-14 00:00:00,JP-6135117,Julie Prescott,Home Office,South Africa,Africa,Southern Africa,FUR-FU-3928,Furniture,Furnishings,"Deflect-O Clock, Black",50.31,1,0,1.5
NI-2015-JD601595-42165,2015-06-10 00:00:00,JD-601595,Joy Daniels,Consumer,Nigeria,Africa,Western Africa,FUR-CH-4562,Furniture,Chairs,"Harbour Creations Swivel Stool, Black",53.30700000000001,1,0.7,-65.763
NI-2015-JD601595-42165,2015-06-10 00:00:00,JD-601595,Joy Daniels,Consumer,Nigeria,Africa,Western Africa,FUR-CH-4699,Furniture,Chairs,"Hon Steel Folding Chair, Red",48.85200000000001,2,0.7,-37.488
IN-2015-DD1357027-42164,2015-06-09 00:00:00,DD-1357027,Dorothy Dickinson,Consumer,China,Asia Pacific,Eastern Asia,TEC-MA-4998,Technology,Machines,"Konica Calculator, Durable",51.75,1,0,17.580000000000002
RO-2015-HH5010107-42173,2015-06-18 00:00:00,HH-5010107,Hilary Holden,Corporate,Romania,Europe,Eastern Europe,OFF-BI-6375,Office Supplies,Binders,"Wilson Jones Binder Covers, Durable",12.689999999999998,1,0,5.82
ES-2015-LW1712545-42165,2015-06-10 00:00:00,LW-1712545,Liz Willingham,Consumer,France,Europe,Western Europe,OFF-LA-6028,Office Supplies,Labels,"Smead Color Coded Labels, Adjustable",54.75,5,0,12.000000000000002
EN-2015-MC760542-42174,2015-06-19 00:00:00,MC-760542,Matt Connell,Corporate,Estonia,Europe,Northern Europe,FUR-FU-5732,Furniture,Furnishings,"Rubbermaid Light Bulb, Duo Pack",37.8,2,0,6
IN-2015-CC1237058-42160,2015-06-05 00:00:00,CC-1237058,Christopher Conant,Consumer,India,Asia Pacific,Southern Asia,OFF-BI-4828,Office Supplies,Binders,"Ibico Index Tab, Clear",33.480000000000004,4,0,1.32
ES-2015-MG1820514-42167,2015-06-12 00:00:00,MG-1820514,Mitch Gastineau,Corporate,Belgium,Europe,Western Europe,OFF-PA-4143,Office Supplies,Paper,"Enermax Cards & Envelopes, 8.5 x 11",102.48000000000002,2,0,9.18
MX-2015-GT1475582-42157,2015-06-02 00:00:00,GT-1475582,Guy Thornton,Consumer,Mexico,LATAM,Central America,OFF-LA-3261,Office Supplies,Labels,"Avery Color Coded Labels, Adjustable",14.919999999999998,2,0,7
CA-2015-KH16690140-42171,2015-06-16 00:00:00,KH-166901404,Kristen Hastings,Corporate,United States,USCA,Western US,TEC-PH-5559,Technology,Phones,Panasonic KX T7736-B Digital phone,119.96,1,0.2,7.497499999999999
MX-2015-PA1906028-42175,2015-06-20 00:00:00,PA-1906028,Pete Armstrong,Home Office,Colombia,LATAM,South America,OFF-BI-6384,Office Supplies,Binders,"Wilson Jones Binding Machine, Economy",65.28,2,0,18.24
ES-2015-BM1165045-42176,2015-06-21 00:00:00,BM-1165045,Brian Moss,Corporate,France,Europe,Western Europe,OFF-BI-3737,Office Supplies,Binders,"Cardinal Index Tab, Clear",21.78,3,0,7.5600000000000005
IN-2015-JF15415102-42164,2015-06-09 00:00:00,JF-15415102,Jennifer Ferguson,Consumer,Philippines,Asia Pacific,Southeastern Asia,FUR-FU-5740,Furniture,Furnishings,"Rubbermaid Stacking Tray, Durable",37.71,2,0.25,5.010000000000002
ES-2015-TG2131045-42158,2015-06-03 00:00:00,TG-2131045,Toby Gnade,Consumer,France,Europe,Western Europe,OFF-AR-3546,Office Supplies,Art,"Boston Pens, Blue",42.660000000000004,3,0,0.81
CA-2015-KN16705140-42167,2015-06-12 00:00:00,KN-167051408,Kristina Nunn,Home Office,United States,USCA,Southern US,OFF-AR-5458,Office Supplies,Art,"OIC #2 Pencils, Medium Soft",3.76,2,0,1.0903999999999998
SA-2015-RE9450110-42168,2015-06-13 00:00:00,RE-9450110,Richard Eichhorn,Consumer,Saudi Arabia,Asia Pacific,Western Asia,FUR-FU-6239,Furniture,Furnishings,"Tenex Clock, Erganomic",48.87,1,0,21.990000000000002
ES-2015-KH1651064-42159,2015-06-04 00:00:00,KH-1651064,Keith Herrera,Consumer,Italy,Europe,Southern Europe,OFF-EN-4924,Office Supplies,Envelopes,"Jiffy Peel and Seal, Security-Tint",44.82,2,0,4.92
MX-2015-DW1348082-42157,2015-06-02 00:00:00,DW-1348082,Dianna Wilson,Home Office,Mexico,LATAM,Central America,FUR-BO-5954,Furniture,Bookcases,"Sauder Corner Shelving, Pine",79.28000000000002,1,0.2,1.9799999999999955
ES-2015-AR1082548-42185,2015-06-30 00:00:00,AR-1082548,Anthony Rawles,Corporate,Germany,Europe,Western Europe,OFF-AR-3533,Office Supplies,Art,"Boston Highlighters, Fluorescent",40.25999999999999,2,0,10.44
IN-2015-SW202757-42183,2015-06-28 00:00:00,SW-202757,Scott Williamson,Consumer,Australia,Asia Pacific,Oceania,OFF-FA-6189,Office Supplies,Fasteners,"Stockwell Paper Clips, Assorted Sizes",50.004000000000005,4,0.1,17.124
IN-2015-PO1918027-42159,2015-06-04 00:00:00,PO-1918027,Philisse Overcash,Home Office,China,Asia Pacific,Eastern Asia,TEC-CO-3694,Technology,Copiers,"Canon Ink, Color",594.36,4,0,112.92
CG-2015-DF313533-42173,2015-06-18 00:00:00,DF-313533,David Flashing,Consumer,Democratic Republic of the Congo,Africa,Central Africa,OFF-AR-3549,Office Supplies,Art,"Boston Pens, Water Color",104.4,6,0,9.36
MX-2015-JD1615018-42167,2015-06-12 00:00:00,JD-1615018,Justin Deggeller,Corporate,Brazil,LATAM,South America,OFF-SU-4122,Office Supplies,Supplies,"Elite Letter Opener, Steel",47.999999999999986,3,0,21.12
ES-2015-EH13765124-42165,2015-06-10 00:00:00,EH-13765124,Edward Hooks,Corporate,Sweden,Europe,Northern Europe,TEC-AC-3389,Technology,Accessories,"Belkin Memory Card, Erganomic",168.92999999999995,3,0.5,0
SF-2015-TP11130117-42168,2015-06-13 00:00:00,TP-11130117,Theone Pippenger,Consumer,South Africa,Africa,Southern Africa,OFF-PA-4182,Office Supplies,Paper,"Enermax Parchment Paper, Multicolor",33.599999999999994,2,0,10.08
MX-2015-PW1924036-42174,2015-06-19 00:00:00,PW-1924036,Pierre Wener,Consumer,Dominican Republic,LATAM,Caribbean,OFF-AR-3460,Office Supplies,Art,"BIC Pencil Sharpener, Blue",46.41600000000001,3,0.2,15.635999999999996
US-2015-PS1904598-42172,2015-06-17 00:00:00,PS-1904598,Penelope Sewall,Home Office,Panama,LATAM,Central America,OFF-AP-3879,Office Supplies,Appliances,"Cuisinart Toaster, White",82.56000000000002,4,0.4,12.319999999999993
PL-2015-BF1170103-42176,2015-06-21 00:00:00,BF-1170103,Ben Ferrer,Home Office,Poland,Europe,Eastern Europe,OFF-SU-4991,Office Supplies,Supplies,"Kleencut Shears, Serrated",43.47,1,0,2.16
ES-2015-BD1163545-42172,2015-06-17 00:00:00,BD-1163545,Brian Derr,Consumer,France,Europe,Western Europe,FUR-FU-3039,Furniture,Furnishings,"Advantus Light Bulb, Erganomic",37.379999999999995,2,0,3.3600000000000003
ES-2015-JB1540064-42166,2015-06-11 00:00:00,JB-1540064,Jennifer Braxton,Corporate,Italy,Europe,Southern Europe,OFF-EN-3093,Office Supplies,Envelopes,"Ames Clasp Envelope, Set of 50",21.599999999999998,3,0,9.72
IZ-2015-MG768061-42181,2015-06-26 00:00:00,MG-768061,Maureen Gastineau,Home Office,Iraq,Asia Pacific,Western Asia,OFF-AR-5913,Office Supplies,Art,"Sanford Highlighters, Water Color",37.86,2,0,13.620000000000001
ID-2015-MG178757-42166,2015-06-11 00:00:00,MG-178757,Michael Grace,Home Office,Australia,Asia Pacific,Oceania,OFF-AR-3489,Office Supplies,Art,"Binney & Smith Markers, Easy-Erase",65.77199999999999,3,0.1,-2.9879999999999995
TU-2015-SB10290134-42165,2015-06-10 00:00:00,SB-10290134,Sean Braxton,Corporate,Turkey,Asia Pacific,Western Asia,FUR-CH-5751,Furniture,Chairs,"SAFCO Bag Chairs, Black",18.804,1,0.6,-20.225999999999992
IN-2015-JG1580559-42173,2015-06-18 00:00:00,JG-1580559,John Grady,Corporate,Indonesia,Asia Pacific,Southeastern Asia,OFF-BI-6405,Office Supplies,Binders,"Wilson Jones Index Tab, Recycled",22.6092,4,0.17,7.8492
ES-2015-LB167358-42173,2015-06-18 00:00:00,LB-167358,Larry Blacks,Consumer,Austria,Europe,Western Europe,OFF-AR-5918,Office Supplies,Art,"Sanford Markers, Easy-Erase",70.56,3,0,1.3499999999999999
IT-2015-DW1358545-42173,2015-06-18 00:00:00,DW-1358545,Dorothy Wardle,Corporate,France,Europe,Western Europe,OFF-BI-3727,Office Supplies,Binders,"Cardinal Binding Machine, Recycled",100.26,4,0.5,-58.260000000000005
IN-2015-JO1514566-42172,2015-06-17 00:00:00,JO-1514566,Jack O'Briant,Corporate,Japan,Asia Pacific,Eastern Asia,OFF-PA-4168,Office Supplies,Paper,"Enermax Message Books, Multicolor",71.73,3,0,35.099999999999994
IN-2015-SJ2021527-42182,2015-06-27 00:00:00,SJ-2021527,Sarah Jordon,Consumer,China,Asia Pacific,Eastern Asia,OFF-LA-3261,Office Supplies,Labels,"Avery Color Coded Labels, Adjustable",33.56999999999999,3,0,8.64
ES-2015-AG1033044-42158,2015-06-03 00:00:00,AG-1033044,Alex Grayson,Consumer,Finland,Europe,Northern Europe,FUR-FU-5719,Furniture,Furnishings,"Rubbermaid Clock, Duo Pack",100.44000000000001,2,0,16.02
TZ-2015-JF5295129-42173,2015-06-18 00:00:00,JF-5295129,Jason Fortune-,Consumer,Tanzania,Africa,Eastern Africa,OFF-BI-3253,Office Supplies,Binders,"Avery Binder, Economy",12.899999999999999,1,0,5.01
US-2015-DS1318055-42161,2015-06-06 00:00:00,DS-1318055,David Smith,Corporate,Honduras,LATAM,Central America,FUR-CH-5434,Furniture,Chairs,"Office Star Bag Chairs, Black",63.61199999999998,3,0.4,-36.04799999999999
CA-2015-LC16885140-42168,2015-06-13 00:00:00,LC-168851408,Lena Creighton,Consumer,United States,USCA,Southern US,FUR-FU-3884,Furniture,Furnishings,Dana Swing-Arm Lamps,17.088,2,0.2,1.0679999999999996
IZ-2015-FW439561-42167,2015-06-12 00:00:00,FW-439561,Fred Wasserman,Corporate,Iraq,Asia Pacific,Western Asia,OFF-ST-4263,Office Supplies,Storage,"Fellowes Folders, Single Width",26.429999999999996,1,0,10.83
ES-2015-JB1540064-42166,2015-06-11 00:00:00,JB-1540064,Jennifer Braxton,Corporate,Italy,Europe,Southern Europe,OFF-BI-4829,Office Supplies,Binders,"Ibico Index Tab, Durable",27.81,3,0,12.150000000000002
NI-2015-ME732095-42165,2015-06-10 00:00:00,ME-732095,Maria Etezadi,Home Office,Nigeria,Africa,Western Africa,OFF-ST-4078,Office Supplies,Storage,"Eldon Lockers, Blue",59.373000000000005,1,0.7,-118.76699999999998
ZA-2015-KW6435146-42167,2015-06-12 00:00:00,KW-6435146,Katrina Willman,Consumer,Zambia,Africa,Eastern Africa,OFF-SU-6170,Office Supplies,Supplies,"Stiletto Ruler, Serrated",46.32,4,0,15.24
ES-2015-JP1613545-42178,2015-06-23 00:00:00,JP-1613545,Julie Prescott,Home Office,France,Europe,Western Europe,OFF-FA-6199,Office Supplies,Fasteners,"Stockwell Rubber Bands, Bulk Pack",33.06,2,0,14.52
SF-2015-CK2760117-42171,2015-06-16 00:00:00,CK-2760117,Cyma Kinney,Corporate,South Africa,Africa,Southern Africa,OFF-PA-6613,Office Supplies,Paper,"Xerox Message Books, 8.5 x 11",24.509999999999998,1,0,5.61
IZ-2015-FW439561-42167,2015-06-12 00:00:00,FW-439561,Fred Wasserman,Corporate,Iraq,Asia Pacific,Western Asia,OFF-AR-3465,Office Supplies,Art,"BIC Pens, Easy-Erase",58.199999999999996,4,0,12.72
ID-2015-MS17770118-42171,2015-06-16 00:00:00,MS-17770118,Maxwell Schwartz,Consumer,South Korea,Asia Pacific,Eastern Asia,OFF-PA-5851,Office Supplies,Paper,"SanDisk Computer Printout Paper, 8.5 x 11",33.93,2,0.5,-33.93
SG-2015-ZD11925111-42158,2015-06-03 00:00:00,ZD-11925111,Zuschuss Donatelli,Consumer,Senegal,Africa,Western Africa,OFF-BI-4828,Office Supplies,Binders,"Ibico Index Tab, Clear",33.480000000000004,4,0,12.36
MX-2015-RD1981031-42175,2015-06-20 00:00:00,RD-1981031,Ross DeVincentis,Home Office,Cuba,LATAM,Caribbean,OFF-LA-4552,Office Supplies,Labels,"Harbour Creations Shipping Labels, 5000 Label Set",23.7,3,0,3.3
US-2015-TC2114555-42166,2015-06-11 00:00:00,TC-2114555,Theresa Coyne,Corporate,Honduras,LATAM,Central America,FUR-BO-3628,Furniture,Bookcases,"Bush Corner Shelving, Metal",49.379999999999995,1,0.4,-22.240000000000002
PL-2015-DC2850103-42169,2015-06-14 00:00:00,DC-2850103,Dan Campbell,Consumer,Poland,Europe,Eastern Europe,OFF-ST-5694,Office Supplies,Storage,"Rogers Folders, Blue",30.689999999999998,1,0,0.6000000000000001
CA-2015-LC16930140-42166,2015-06-11 00:00:00,LC-169301406,Linda Cazamias,Corporate,United States,USCA,Eastern US,OFF-AR-5633,Office Supplies,Art,Prang Dustless Chalk Sticks,8.4,5,0,4.2
RS-2015-TC11145108-42178,2015-06-23 00:00:00,TC-11145108,Theresa Coyne,Corporate,Russia,Europe,Eastern Europe,OFF-AR-3494,Office Supplies,Art,"Binney & Smith Pencil Sharpener, Water Color",26.94,1,0,12.39
IN-2015-BS1136511-42171,2015-06-16 00:00:00,BS-1136511,Bill Shonely,Corporate,Bangladesh,Asia Pacific,Southern Asia,OFF-BI-2897,Office Supplies,Binders,"Acco Binder, Economy",30.299999999999997,2,0,9.36
BO-2015-PB910513-42158,2015-06-03 00:00:00,PB-910513,Peter Bühler,Consumer,Belarus,Europe,Eastern Europe,OFF-AR-3467,Office Supplies,Art,"BIC Pens, Water Color",34.92,2,0,14.28
CA-2015-LW16990140-42160,2015-06-05 00:00:00,LW-169901408,Lindsay Williams,Corporate,United States,USCA,Southern US,TEC-PH-4883,Technology,Phones,Innergie mMini Combo Duo USB Travel Charging Kit,71.98400000000001,2,0.2,25.194399999999995
CA-2015-LW16990140-42160,2015-06-05 00:00:00,LW-169901408,Lindsay Williams,Corporate,United States,USCA,Southern US,FUR-FU-6223,Furniture,Furnishings,Telescoping Adjustable Floor Lamp,31.983999999999998,2,0.2,1.998999999999998
ID-2015-PF191657-42168,2015-06-13 00:00:00,PF-191657,Philip Fox,Consumer,Australia,Asia Pacific,Oceania,OFF-FA-2940,Office Supplies,Fasteners,"Accos Clamps, 12 Pack",67.71600000000001,4,0.1,-1.524000000000001
SF-2015-GB4575117-42160,2015-06-05 00:00:00,GB-4575117,Giulietta Baptist,Consumer,South Africa,Africa,Southern Africa,OFF-BI-4816,Office Supplies,Binders,"Ibico Binding Machine, Durable",52.92,1,0,24.33
CM-2015-BD156022-42182,2015-06-27 00:00:00,BD-156022,Brendan Dodson,Home Office,Cameroon,Africa,Central Africa,OFF-BI-3294,Office Supplies,Binders,"Avery Index Tab, Durable",40.14,6,0,10.26
IN-2015-BS1159058-42179,2015-06-24 00:00:00,BS-1159058,Brendan Sweed,Corporate,India,Asia Pacific,Southern Asia,TEC-AC-3395,Technology,Accessories,"Belkin Mouse, USB",40.919999999999995,1,0,13.89
RS-2015-RR9525108-42182,2015-06-27 00:00:00,RR-9525108,Rick Reed,Corporate,Russia,Europe,Eastern Europe,FUR-FU-5723,Furniture,Furnishings,"Rubbermaid Door Stop, Black",43.800000000000004,1,0,13.559999999999999
BO-2015-PB910513-42158,2015-06-03 00:00:00,PB-910513,Peter Bühler,Consumer,Belarus,Europe,Eastern Europe,OFF-FA-6200,Office Supplies,Fasteners,"Stockwell Rubber Bands, Metal",66.6,4,0,31.92
UZ-2015-JH5985142-42185,2015-06-30 00:00:00,JH-5985142,Joseph Holt,Consumer,Uzbekistan,Asia Pacific,Central Asia,OFF-ST-6282,Office Supplies,Storage,"Tenex Trays, Industrial",54.68999999999999,1,0,5.46
UZ-2015-JH5985142-42185,2015-06-30 00:00:00,JH-5985142,Joseph Holt,Consumer,Uzbekistan,Asia Pacific,Central Asia,OFF-AR-3484,Office Supplies,Art,"Binney & Smith Highlighters, Water Color",39.54,2,0,16.56
IN-2015-CD1228027-42165,2015-06-10 00:00:00,CD-1228027,Christina DeMoss,Consumer,China,Asia Pacific,Eastern Asia,OFF-EN-4451,Office Supplies,Envelopes,"GlobeWeis Peel and Seal, Recycled",60.56999999999999,3,0,28.44
SF-2015-GB4575117-42160,2015-06-05 00:00:00,GB-4575117,Giulietta Baptist,Consumer,South Africa,Africa,Southern Africa,OFF-PA-5848,Office Supplies,Paper,"SanDisk Cards & Envelopes, Multicolor",49.83,1,0,3.4799999999999995
ES-2015-CC1237045-42185,2015-06-30 00:00:00,CC-1237045,Christopher Conant,Consumer,France,Europe,Western Europe,OFF-AR-3538,Office Supplies,Art,"Boston Markers, Easy-Erase",79.92,3,0,7.11
MX-2015-SF2020039-42164,2015-06-09 00:00:00,SF-2020039,Sarah Foster,Consumer,El Salvador,LATAM,Central America,OFF-LA-5393,Office Supplies,Labels,"Novimex Removable Labels, Laser Printer Compatible",51.67999999999999,8,0,19.52
TU-2015-AH585134-42172,2015-06-17 00:00:00,AH-585134,Angele Hood,Consumer,Turkey,Asia Pacific,Western Asia,OFF-AR-3475,Office Supplies,Art,"Binney & Smith Canvas, Blue",20.543999999999997,1,0.6,-21.065999999999995
ES-2015-ML1826514-42181,2015-06-26 00:00:00,ML-1826514,Muhammed Lee,Consumer,Belgium,Europe,Western Europe,OFF-FA-2944,Office Supplies,Fasteners,"Accos Paper Clips, Assorted Sizes",42.12,3,0,2.5200000000000005
US-2015-CC1268555-42180,2015-06-25 00:00:00,CC-1268555,Craig Carroll,Consumer,Honduras,LATAM,Central America,TEC-AC-5862,Technology,Accessories,"SanDisk Flash Drive, Programmable",32.832,2,0.4,-5.488000000000005
IT-2015-MW18235124-42175,2015-06-20 00:00:00,MW-18235124,Mitch Willingham,Corporate,Sweden,Europe,Northern Europe,OFF-FA-3022,Office Supplies,Fasteners,"Advantus Clamps, Metal",19.410000000000004,2,0.5,-1.5900000000000034
ES-2015-BE11455139-42180,2015-06-25 00:00:00,BE-11455139,Brad Eason,Home Office,United Kingdom,Europe,Northern Europe,OFF-FA-3071,Office Supplies,Fasteners,"Advantus Staples, Metal",21.96,2,0,9
IT-2015-CR1262564-42173,2015-06-18 00:00:00,CR-1262564,Corey Roper,Home Office,Italy,Europe,Southern Europe,OFF-ST-6249,Office Supplies,Storage,"Tenex Folders, Blue",27.863999999999997,2,0.4,-3.2760000000000016
CA-2015-LW17125140-42164,2015-06-09 00:00:00,LW-171251406,Liz Willingham,Consumer,United States,USCA,Eastern US,OFF-BI-6401,Office Supplies,Binders,Wilson Jones Impact Binders,10.36,2,0,5.0764
MX-2015-CA1205539-42180,2015-06-25 00:00:00,CA-1205539,Cathy Armstrong,Home Office,El Salvador,LATAM,Central America,OFF-ST-4061,Office Supplies,Storage,"Eldon Folders, Industrial",34.92,3,0,7.6800000000000015
SF-2015-CK2760117-42171,2015-06-16 00:00:00,CK-2760117,Cyma Kinney,Corporate,South Africa,Africa,Southern Africa,OFF-LA-4540,Office Supplies,Labels,"Harbour Creations Legal Exhibit Labels, Laser Printer Compatible",43.8,4,0,9.600000000000001
ES-2015-NS1850564-42167,2015-06-12 00:00:00,NS-1850564,Neola Schneider,Consumer,Italy,Europe,Southern Europe,OFF-AR-5925,Office Supplies,Art,"Sanford Pens, Easy-Erase",22.740000000000002,2,0,5.22
TU-2015-SC10680134-42180,2015-06-25 00:00:00,SC-10680134,Steve Carroll,Home Office,Turkey,Asia Pacific,Western Asia,OFF-EN-4924,Office Supplies,Envelopes,"Jiffy Peel and Seal, Security-Tint",17.928,2,0.6,-21.972
IV-2015-JM619529-42169,2015-06-14 00:00:00,JM-619529,Justin MacKendrick,Consumer,Cote d'Ivoire,Africa,Western Africa,OFF-FA-3071,Office Supplies,Fasteners,"Advantus Staples, Metal",43.92,4,0,18
MZ-2015-JW522087-42183,2015-06-28 00:00:00,JW-522087,Jane Waco,Corporate,Mozambique,Africa,Eastern Africa,OFF-FA-3053,Office Supplies,Fasteners,"Advantus Push Pins, 12 Pack",13.86,1,0,4.83
IN-2015-GH144107-42165,2015-06-10 00:00:00,GH-144107,Gary Hansen,Home Office,Australia,Asia Pacific,Oceania,OFF-AR-5922,Office Supplies,Art,"Sanford Pencil Sharpener, Fluorescent",46.494,2,0.1,12.354
ES-2015-LW1712545-42165,2015-06-10 00:00:00,LW-1712545,Liz Willingham,Consumer,France,Europe,Western Europe,OFF-BI-6397,Office Supplies,Binders,"Wilson Jones Hole Reinforcements, Clear",31.92,8,0,3.3600000000000003
CA-2015-LS17200140-42173,2015-06-18 00:00:00,LS-172001402,Luke Schmidt,Corporate,United States,USCA,Central US,OFF-BI-4248,Office Supplies,Binders,Fellowes Binding Cases,9.359999999999998,4,0.8,-16.380000000000003
CA-2015-LS17200140-42173,2015-06-18 00:00:00,LS-172001402,Luke Schmidt,Corporate,United States,USCA,Central US,OFF-PA-5677,Office Supplies,Paper,"Rediform Wirebound ""Phone Memo"" Message Book, 11 x 5-3/4",12.224,2,0.2,4.4312
CA-2015-LS17200140-42173,2015-06-18 00:00:00,LS-172001402,Luke Schmidt,Corporate,United States,USCA,Central US,OFF-BI-3264,Office Supplies,Binders,Avery Durable Binders,2.3039999999999994,4,0.8,-3.5711999999999993
US-2015-CM12655143-42185,2015-06-30 00:00:00,CM-12655143,Corinna Mitchell,Home Office,Venezuela,LATAM,South America,FUR-FU-3066,Furniture,Furnishings,"Advantus Stacking Tray, Durable",21.096000000000004,2,0.4,-1.4240000000000024
ES-2015-BM1165045-42176,2015-06-21 00:00:00,BM-1165045,Brian Moss,Corporate,France,Europe,Western Europe,OFF-LA-6027,Office Supplies,Labels,"Smead Color Coded Labels, 5000 Label Set",26.879999999999995,2,0,4.5600000000000005
IT-2015-LS1694545-42180,2015-06-25 00:00:00,LS-1694545,Linda Southworth,Corporate,France,Europe,Western Europe,OFF-AR-5923,Office Supplies,Art,"Sanford Pencil Sharpener, Water Color",43.515,3,0.5,-33.975
US-2015-TB2140055-42160,2015-06-05 00:00:00,TB-2140055,Tom Boeckenhauer,Consumer,Honduras,LATAM,Central America,OFF-BI-4805,Office Supplies,Binders,"Ibico 3-Hole Punch, Economy",48.72,4,0.4,-11.440000000000003
US-2015-VM2168536-42158,2015-06-03 00:00:00,VM-2168536,Valerie Mitchum,Home Office,Dominican Republic,LATAM,Caribbean,OFF-BI-2898,Office Supplies,Binders,"Acco Binder, Recycled",33.08800000000001,4,0.2,2.8479999999999976
IT-2015-NF18475139-42182,2015-06-27 00:00:00,NF-18475139,Neil Französisch,Home Office,United Kingdom,Europe,Northern Europe,TEC-MA-4192,Technology,Machines,"Epson Calculator, Wireless",92.82000000000001,4,0.5,-0.060000000000002274
IN-2015-RS1987058-42179,2015-06-24 00:00:00,RS-1987058,Roy Skaria,Home Office,India,Asia Pacific,Southern Asia,OFF-BI-6370,Office Supplies,Binders,"Wilson Jones 3-Hole Punch, Durable",29.490000000000002,1,0,12.66
UP-2015-SW10350137-42178,2015-06-23 00:00:00,SW-10350137,Sean Wendt,Home Office,Ukraine,Europe,Eastern Europe,OFF-ST-6249,Office Supplies,Storage,"Tenex Folders, Blue",46.44,2,0,15.299999999999999
UZ-2015-JH5985142-42185,2015-06-30 00:00:00,JH-5985142,Joseph Holt,Consumer,Uzbekistan,Asia Pacific,Central Asia,OFF-LA-3271,Office Supplies,Labels,"Avery File Folder Labels, 5000 Label Set",9.51,1,0,0.36
IN-2015-JG1580559-42173,2015-06-18 00:00:00,JG-1580559,John Grady,Corporate,Indonesia,Asia Pacific,Southeastern Asia,OFF-FA-3060,Office Supplies,Fasteners,"Advantus Rubber Bands, 12 Pack",25.4718,3,0.47000000000000003,-15.9282
SA-2015-BF1080110-42160,2015-06-05 00:00:00,BF-1080110,Bart Folk,Consumer,Saudi Arabia,Asia Pacific,Western Asia,OFF-BI-2917,Office Supplies,Binders,"Acco Index Tab, Clear",16.08,2,0,6.720000000000001
KE-2015-LW712569-42183,2015-06-28 00:00:00,LW-712569,Liz Willingham,Consumer,Kenya,Africa,Eastern Africa,OFF-EN-4909,Office Supplies,Envelopes,"Jiffy Clasp Envelope, with clear poly window",12.059999999999999,1,0,3.3600000000000003
RO-2015-AI855107-42166,2015-06-11 00:00:00,AI-855107,Arianne Irving,Consumer,Romania,Europe,Eastern Europe,OFF-BI-3725,Office Supplies,Binders,"Cardinal Binding Machine, Durable",51.27000000000001,1,0,17.94
CA-2015-MB17305140-42180,2015-06-25 00:00:00,MB-173051406,Maria Bertelson,Consumer,United States,USCA,Eastern US,OFF-PA-6084,Office Supplies,Paper,Southworth 25% Cotton Linen-Finish Paper & Envelopes,21.744000000000003,3,0.2,6.794999999999999
ID-2015-SV20365130-42173,2015-06-18 00:00:00,SV-20365130,Seth Vernon,Consumer,Thailand,Asia Pacific,Southeastern Asia,OFF-LA-4527,Office Supplies,Labels,"Harbour Creations Color Coded Labels, Adjustable",45.791999999999994,8,0.47000000000000003,-35.568
MX-2015-BE1133531-42179,2015-06-24 00:00:00,BE-1133531,Bill Eplett,Home Office,Cuba,LATAM,Caribbean,OFF-ST-4263,Office Supplies,Storage,"Fellowes Folders, Single Width",35.239999999999995,2,0,8.08
MO-2015-AB60086-42173,2015-06-18 00:00:00,AB-60086,Ann Blume,Corporate,Morocco,Africa,North Africa,OFF-BI-3735,Office Supplies,Binders,"Cardinal Hole Reinforcements, Economy",42.720000000000006,8,0,17.28
CA-2015-ME17320140-42168,2015-06-13 00:00:00,ME-173201408,Maria Etezadi,Home Office,United States,USCA,Southern US,FUR-TA-4841,Furniture,Tables,"Iceberg OfficeWorks 42"" Round Tables",452.93999999999994,3,0,67.94099999999997
CA-2015-ME17320140-42168,2015-06-13 00:00:00,ME-173201408,Maria Etezadi,Home Office,United States,USCA,Southern US,OFF-BI-4833,Office Supplies,Binders,Ibico Plastic Spiral Binding Combs,91.19999999999999,3,0,41.952
IN-2015-JH1618088-42166,2015-06-11 00:00:00,JH-1618088,Justin Hirsh,Consumer,Myanmar (Burma),Asia Pacific,Southeastern Asia,OFF-BI-6400,Office Supplies,Binders,"Wilson Jones Hole Reinforcements, Recycled",16.2348,4,0.17,3.5147999999999993
UP-2015-KT6465137-42185,2015-06-30 00:00:00,KT-6465137,Kean Takahito,Consumer,Ukraine,Europe,Eastern Europe,OFF-PA-6618,Office Supplies,Paper,"Xerox Note Cards, Multicolor",27.78,1,0,6.93
IR-2015-DE325560-42185,2015-06-30 00:00:00,DE-325560,Deanra Eno,Home Office,Iran,Asia Pacific,Southern Asia,OFF-BI-4828,Office Supplies,Binders,"Ibico Index Tab, Clear",16.740000000000002,2,0,6.18
MX-2015-SC2002031-42172,2015-06-17 00:00:00,SC-2002031,Sam Craven,Consumer,Cuba,LATAM,Caribbean,OFF-ST-6059,Office Supplies,Storage,"Smead Shelving, Single Width",65.28,2,0,20.2
MX-2015-TN2104031-42182,2015-06-27 00:00:00,TN-2104031,Tanja Norvell,Home Office,Cuba,LATAM,Caribbean,FUR-FU-3935,Furniture,Furnishings,"Deflect-O Door Stop, Erganomic",56.760000000000005,2,0,9.08
IT-2015-LO17170124-42157,2015-06-02 00:00:00,LO-17170124,Lori Olson,Corporate,Sweden,Europe,Northern Europe,OFF-AR-5924,Office Supplies,Art,"Sanford Pens, Blue",16.650000000000002,3,0.5,-8.730000000000002
ZA-2015-KW6435146-42167,2015-06-12 00:00:00,KW-6435146,Katrina Willman,Consumer,Zambia,Africa,Eastern Africa,FUR-FU-4040,Furniture,Furnishings,"Eldon Door Stop, Black",50.16000000000001,1,0,9.51
ES-2015-KL16645139-42163,2015-06-08 00:00:00,KL-16645139,Ken Lonsdale,Consumer,United Kingdom,Europe,Northern Europe,OFF-BI-2891,Office Supplies,Binders,"Acco Binder Covers, Clear",25.56,2,0,10.98
ID-2015-AH1058559-42182,2015-06-27 00:00:00,AH-1058559,Angele Hood,Consumer,Indonesia,Asia Pacific,Southeastern Asia,FUR-FU-3948,Furniture,Furnishings,"Deflect-O Light Bulb, Durable",23.389199999999995,2,0.27,-1.9307999999999979
ID-2015-ND184607-42175,2015-06-20 00:00:00,ND-184607,Neil Ducich,Corporate,Australia,Asia Pacific,Oceania,FUR-FU-4075,Furniture,Furnishings,"Eldon Light Bulb, Duo Pack",45.467999999999996,2,0.1,15.108
IN-2015-AA106457-42181,2015-06-26 00:00:00,AA-106457,Anna Andreadi,Consumer,Australia,Asia Pacific,Oceania,OFF-PA-3992,Office Supplies,Paper,"Eaton Computer Printout Paper, Premium",95.58,4,0.1,39.18000000000001
RS-2015-JS5940108-42168,2015-06-13 00:00:00,JS-5940108,Joni Sundaresam,Home Office,Russia,Europe,Eastern Europe,OFF-BI-3251,Office Supplies,Binders,"Avery Binder, Clear",12.36,1,0,1.23
MX-2015-GT1475582-42157,2015-06-02 00:00:00,GT-1475582,Guy Thornton,Consumer,Mexico,LATAM,Central America,TEC-AC-5133,Technology,Accessories,"Logitech Numeric Keypad, USB",31.02,1,0,0
MX-2015-CD1192082-42185,2015-06-30 00:00:00,CD-1192082,Carlos Daly,Consumer,Mexico,LATAM,Central America,OFF-AR-3452,Office Supplies,Art,"BIC Highlighters, Easy-Erase",51.2,4,0,13.76
ZA-2015-KW6435146-42167,2015-06-12 00:00:00,KW-6435146,Katrina Willman,Consumer,Zambia,Africa,Eastern Africa,OFF-LA-6056,Office Supplies,Labels,"Smead Round Labels, Laser Printer Compatible",55.199999999999996,8,0,19.68
IN-2015-SC2002059-42172,2015-06-17 00:00:00,SC-2002059,Sam Craven,Consumer,Indonesia,Asia Pacific,Southeastern Asia,OFF-AP-3569,Office Supplies,Appliances,"Breville Coffee Grinder, White",49.8,1,0.17,9.599999999999996
MX-2015-JR1621031-42175,2015-06-20 00:00:00,JR-1621031,Justin Ritter,Corporate,Cuba,LATAM,Caribbean,OFF-BI-4816,Office Supplies,Binders,"Ibico Binding Machine, Durable",35.28,1,0,0.34
ES-2015-BM1165045-42176,2015-06-21 00:00:00,BM-1165045,Brian Moss,Corporate,France,Europe,Western Europe,OFF-LA-4548,Office Supplies,Labels,"Harbour Creations Round Labels, 5000 Label Set",28.56,4,0,11.040000000000001
IN-2015-JM1619558-42167,2015-06-12 00:00:00,JM-1619558,Justin MacKendrick,Consumer,India,Asia Pacific,Southern Asia,OFF-EN-4907,Office Supplies,Envelopes,"Jiffy Clasp Envelope, Security-Tint",21.839999999999996,2,0,4.32
ES-2015-NP18685139-42166,2015-06-11 00:00:00,NP-18685139,Nora Pelletier,Home Office,United Kingdom,Europe,Northern Europe,OFF-PA-5869,Office Supplies,Paper,"SanDisk Memo Slips, Multicolor",55.17,3,0,2.6999999999999997
MX-2015-MN1793528-42174,2015-06-19 00:00:00,MN-1793528,Michael Nguyen,Consumer,Colombia,LATAM,South America,OFF-EN-4926,Office Supplies,Envelopes,"Jiffy Peel and Seal, with clear poly window",31.4,2,0,5.96
IN-2015-MH1811558-42185,2015-06-30 00:00:00,MH-1811558,Mick Hernandez,Home Office,India,Asia Pacific,Southern Asia,OFF-BI-2894,Office Supplies,Binders,"Acco Binder Covers, Recycled",27.36,2,0,8.7
MX-2015-AI1085539-42161,2015-06-06 00:00:00,AI-1085539,Arianne Irving,Consumer,El Salvador,LATAM,Central America,OFF-LA-4685,Office Supplies,Labels,"Hon Round Labels, 5000 Label Set",14.1,3,0,2.8200000000000003
IN-2015-CY127457-42167,2015-06-12 00:00:00,CY-127457,Craig Yedwab,Corporate,Australia,Asia Pacific,Oceania,OFF-AR-5910,Office Supplies,Art,"Sanford Highlighters, Blue",62.999999999999986,4,0,18.84
ID-2015-AB1001559-42178,2015-06-23 00:00:00,AB-1001559,Aaron Bergman,Consumer,Indonesia,Asia Pacific,Southeastern Asia,OFF-SU-4980,Office Supplies,Supplies,"Kleencut Letter Opener, Steel",50.3712,4,0.47000000000000003,2.8511999999999986
IT-2015-LS1694545-42180,2015-06-25 00:00:00,LS-1694545,Linda Southworth,Corporate,France,Europe,Western Europe,OFF-SU-4979,Office Supplies,Supplies,"Kleencut Letter Opener, High Speed",39.69,3,0.5,-11.969999999999999
NI-2015-DW358595-42173,2015-06-18 00:00:00,DW-358595,Dorothy Wardle,Corporate,Nigeria,Africa,Western Africa,OFF-FA-3020,Office Supplies,Fasteners,"Advantus Clamps, Assorted Sizes",30.132000000000005,6,0.7,-57.34799999999999
ES-2015-BD1177045-42172,2015-06-17 00:00:00,BD-1177045,Bryan Davis,Consumer,France,Europe,Western Europe,OFF-LA-3320,Office Supplies,Labels,"Avery Shipping Labels, 5000 Label Set",36.72,3,0,13.950000000000001
ID-2015-JE157457-42180,2015-06-25 00:00:00,JE-157457,Joel Eaton,Consumer,Australia,Asia Pacific,Oceania,FUR-CH-5372,Furniture,Chairs,"Novimex Chairmat, Red",33.804,1,0.4,-6.786000000000001
ES-2015-TG21640139-42157,2015-06-02 00:00:00,TG-21640139,Trudy Glocke,Consumer,United Kingdom,Europe,Northern Europe,OFF-AR-3463,Office Supplies,Art,"BIC Pencil Sharpener, Water Color",64.38,2,0,24.42
MX-2015-TP2141518-42179,2015-06-24 00:00:00,TP-2141518,Tom Prescott,Consumer,Brazil,LATAM,South America,OFF-FA-6190,Office Supplies,Fasteners,"Stockwell Paper Clips, Bulk Pack",18.16,2,0,3.44
MX-2015-RH196005-42168,2015-06-13 00:00:00,RH-196005,Rob Haberlin,Consumer,Argentina,LATAM,South America,FUR-CH-5367,Furniture,Chairs,"Novimex Bag Chairs, Black",17.412,1,0.4,1.1519999999999997
ES-2015-AJ1096064-42162,2015-06-07 00:00:00,AJ-1096064,Astrea Jones,Consumer,Italy,Europe,Southern Europe,FUR-FU-6257,Furniture,Furnishings,"Tenex Light Bulb, Black",18.93,1,0,5.67
MG-2015-MP796584-42173,2015-06-18 00:00:00,MP-796584,Michael Paige,Corporate,Mongolia,Asia Pacific,Eastern Asia,OFF-ST-6058,Office Supplies,Storage,"Smead Shelving, Industrial",49.41,1,0,11.850000000000001
IN-2015-RS1987058-42179,2015-06-24 00:00:00,RS-1987058,Roy Skaria,Home Office,India,Asia Pacific,Southern Asia,OFF-LA-4694,Office Supplies,Labels,"Hon Shipping Labels, Adjustable",27.81,3,0,2.43
ES-2015-RR1931548-42158,2015-06-03 00:00:00,RR-1931548,Ralph Ritter,Consumer,Germany,Europe,Western Europe,FUR-FU-4077,Furniture,Furnishings,"Eldon Light Bulb, Erganomic",47.64,2,0,5.699999999999999
MX-2015-SS2041082-42179,2015-06-24 00:00:00,SS-2041082,Shahid Shariari,Consumer,Mexico,LATAM,Central America,OFF-FA-6184,Office Supplies,Fasteners,"Stockwell Clamps, 12 Pack",12.440000000000001,1,0,1.6
NI-2015-JD601595-42165,2015-06-10 00:00:00,JD-601595,Joy Daniels,Consumer,Nigeria,Africa,Western Africa,TEC-CO-4575,Technology,Copiers,"Hewlett Fax Machine, Color",96.408,1,0.7,-112.48199999999994
EZ-2015-PS904532-42184,2015-06-29 00:00:00,PS-904532,Penelope Sewall,Home Office,Czech Republic,Europe,Eastern Europe,OFF-PA-3990,Office Supplies,Paper,"Eaton Computer Printout Paper, 8.5 x 11",30.69,1,0,14.100000000000001
MX-2015-AM1036026-42179,2015-06-24 00:00:00,AM-1036026,Alice McCarthy,Corporate,Chile,LATAM,South America,OFF-LA-4659,Office Supplies,Labels,"Hon File Folder Labels, Alphabetical",39.480000000000004,7,0,8.68
MX-2015-QJ1925536-42166,2015-06-11 00:00:00,QJ-1925536,Quincy Jones,Corporate,Dominican Republic,LATAM,Caribbean,OFF-EN-3666,Office Supplies,Envelopes,"Cameo Mailers, Security-Tint",43.263999999999996,2,0.2,7.024000000000001
IR-2015-SF1096560-42166,2015-06-11 00:00:00,SF-1096560,Sylvia Foulston,Corporate,Iran,Asia Pacific,Southern Asia,OFF-ST-5696,Office Supplies,Storage,"Rogers Folders, Single Width",30.719999999999995,1,0,2.43
PL-2015-BF1170103-42176,2015-06-21 00:00:00,BF-1170103,Ben Ferrer,Home Office,Poland,Europe,Eastern Europe,OFF-EN-4925,Office Supplies,Envelopes,"Jiffy Peel and Seal, Set of 50",20.009999999999998,1,0,4.9799999999999995
IN-2015-CD1228027-42165,2015-06-10 00:00:00,CD-1228027,Christina DeMoss,Consumer,China,Asia Pacific,Eastern Asia,OFF-PA-4473,Office Supplies,Paper,"Green Bar Memo Slips, Recycled",33.72,2,0,10.74
MX-2015-JD1615082-42171,2015-06-16 00:00:00,JD-1615082,Justin Deggeller,Corporate,Mexico,LATAM,Central America,OFF-BI-2918,Office Supplies,Binders,"Acco Index Tab, Durable",23.839999999999996,4,0,5.2
ID-2015-AB1001559-42178,2015-06-23 00:00:00,AB-1001559,Aaron Bergman,Consumer,Indonesia,Asia Pacific,Southeastern Asia,OFF-ST-6231,Office Supplies,Storage,"Tenex Box, Wire Frame",25.846199999999996,2,0.17,5.566199999999999
ID-2015-CC1247559-42174,2015-06-19 00:00:00,CC-1247559,Cindy Chapman,Consumer,Indonesia,Asia Pacific,Southeastern Asia,OFF-FA-5477,Office Supplies,Fasteners,"OIC Rubber Bands, Bulk Pack",27.1413,3,0.47000000000000003,-6.698699999999999
ML-2015-MZ751579-42172,2015-06-17 00:00:00,MZ-751579,Mary Zewe,Corporate,Mali,Africa,Western Africa,OFF-ST-6060,Office Supplies,Storage,"Smead Shelving, Wire Frame",48,1,0,22.080000000000002
US-2015-JL1513018-42159,2015-06-04 00:00:00,JL-1513018,Jack Lebron,Consumer,Brazil,LATAM,South America,OFF-AR-3526,Office Supplies,Art,"Boston Canvas, Easy-Erase",43.128,3,0.6,-12.972000000000003
MX-2015-LP17095132-42178,2015-06-23 00:00:00,LP-17095132,Liz Preis,Consumer,Trinidad and Tobago,LATAM,Caribbean,TEC-AC-3398,Technology,Accessories,"Belkin Numeric Keypad, USB",22.224,2,0.7,-40.775999999999996
US-2015-MC17635140-42180,2015-06-25 00:00:00,MC-176351402,Matthew Clasen,Corporate,United States,USCA,Central US,OFF-BI-4822,Office Supplies,Binders,Ibico Hi-Tech Manual Binding System,182.99399999999997,3,0.8,-320.23950000000013
TZ-2015-JF5295129-42173,2015-06-18 00:00:00,JF-5295129,Jason Fortune-,Consumer,Tanzania,Africa,Eastern Africa,OFF-AR-5919,Office Supplies,Art,"Sanford Markers, Fluorescent",24.509999999999998,1,0,9.78
US-2015-MC17635140-42180,2015-06-25 00:00:00,MC-176351402,Matthew Clasen,Corporate,United States,USCA,Central US,OFF-PA-6528,Office Supplies,Paper,Xerox 1971,10.272000000000002,3,0.2,3.209999999999998
ES-2015-LW1712545-42165,2015-06-10 00:00:00,LW-1712545,Liz Willingham,Consumer,France,Europe,Western Europe,OFF-AR-3491,Office Supplies,Art,"Binney & Smith Markers, Water Color",27.27,1,0,4.62
US-2015-MG17680140-42164,2015-06-09 00:00:00,MG-176801404,Maureen Gastineau,Home Office,United States,USCA,Western US,FUR-BO-5685,Furniture,Bookcases,"Riverside Palais Royal Lawyers Bookcase, Royale Cherry Finish",1497.666,2,0.15,140.95680000000004
TU-2015-BF1020134-42159,2015-06-04 00:00:00,BF-1020134,Barry Französisch,Corporate,Turkey,Asia Pacific,Western Asia,OFF-AR-3552,Office Supplies,Art,"Boston Sketch Pad, Blue",19.439999999999998,1,0.6,-8.279999999999998
US-2015-MG17680140-42164,2015-06-09 00:00:00,MG-176801404,Maureen Gastineau,Home Office,United States,USCA,Western US,TEC-PH-6013,Technology,Phones,Shocksock Galaxy S4 Armband,17.52,2,0.2,-3.5040000000000022
US-2015-SP2065018-42173,2015-06-18 00:00:00,SP-2065018,Stephanie Phelps,Corporate,Brazil,LATAM,South America,OFF-ST-5688,Office Supplies,Storage,"Rogers Box, Single Width",32,5,0.6,-13.6
TU-2015-AZ750134-42166,2015-06-11 00:00:00,AZ-750134,Annie Zypern,Consumer,Turkey,Asia Pacific,Western Asia,OFF-EN-5028,Office Supplies,Envelopes,"Kraft Clasp Envelope, with clear poly window",30.096,6,0.6,-9.143999999999991
IN-2015-DL1292558-42167,2015-06-12 00:00:00,DL-1292558,Daniel Lacy,Consumer,India,Asia Pacific,Southern Asia,OFF-BI-3721,Office Supplies,Binders,"Cardinal Binder, Durable",45.989999999999995,3,0,13.319999999999999
IR-2015-HZ495060-42161,2015-06-06 00:00:00,HZ-495060,Henia Zydlo,Consumer,Iran,Asia Pacific,Southern Asia,OFF-BI-3292,Office Supplies,Binders,"Avery Hole Reinforcements, Recycled",38.160000000000004,8,0,16.32
MX-2015-KL1655518-42162,2015-06-07 00:00:00,KL-1655518,Kelly Lampkin,Corporate,Brazil,LATAM,South America,OFF-ST-4029,Office Supplies,Storage,"Eldon Box, Industrial",28.639999999999997,4,0,14
SY-2015-EK3795126-42157,2015-06-02 00:00:00,EK-3795126,Eileen Kiefer,Home Office,Syria,Asia Pacific,Western Asia,OFF-FA-2954,Office Supplies,Fasteners,"Accos Rubber Bands, Metal",16.8,1,0,6.209999999999999
CA-2015-ME17725140-42185,2015-06-30 00:00:00,ME-177251402,Max Engle,Consumer,United States,USCA,Central US,FUR-TA-3427,Furniture,Tables,Bevis Round Conference Table Top & Single Column Base,307.314,3,0.3,-39.51180000000004
LH-2015-NS850575-42172,2015-06-17 00:00:00,NS-850575,Neola Schneider,Consumer,Lithuania,Europe,Northern Europe,OFF-ST-4056,Office Supplies,Storage,"Eldon File Cart, Industrial",38.36700000000001,1,0.7,-74.19300000000001
CA-2015-ME17725140-42185,2015-06-30 00:00:00,ME-177251402,Max Engle,Consumer,United States,USCA,Central US,FUR-BO-5531,Furniture,Bookcases,O'Sullivan Plantations 2-Door Library in Landvery Oak,409.9992,3,0.32,-96.47039999999996
IN-2015-RP1985588-42157,2015-06-02 00:00:00,RP-1985588,Roy Phan,Corporate,Myanmar (Burma),Asia Pacific,Southeastern Asia,OFF-AR-3494,Office Supplies,Art,"Binney & Smith Pencil Sharpener, Water Color",44.7204,2,0.17,13.4604
ID-2015-SC208007-42166,2015-06-11 00:00:00,SC-208007,Stuart Calhoun,Consumer,Australia,Asia Pacific,Oceania,OFF-BI-3246,Office Supplies,Binders,"Avery Binder Covers, Clear",12.636,2,0.4,-4.8839999999999995
CA-2015-ME17725140-42185,2015-06-30 00:00:00,ME-177251402,Max Engle,Consumer,United States,USCA,Central US,OFF-AP-3374,Office Supplies,Appliances,Belkin F9G930V10-GRY 9 Outlet Surge,21.391999999999992,2,0.8,-54.54960000000001
ES-2015-NG1835545-42164,2015-06-09 00:00:00,NG-1835545,Nat Gilpin,Corporate,France,Europe,Western Europe,OFF-LA-3320,Office Supplies,Labels,"Avery Shipping Labels, 5000 Label Set",61.2,5,0,23.25
US-2015-JB1592536-42160,2015-06-05 00:00:00,JB-1592536,Joni Blumstein,Consumer,Dominican Republic,LATAM,Caribbean,OFF-SU-4986,Office Supplies,Supplies,"Kleencut Scissors, High Speed",35.664,3,0.2,-2.6759999999999993
MX-2015-BD1177093-42166,2015-06-11 00:00:00,BD-1177093,Bryan Davis,Consumer,Nicaragua,LATAM,Central America,OFF-FA-6184,Office Supplies,Fasteners,"Stockwell Clamps, 12 Pack",36.54,3,0,12.780000000000001
CA-2015-ML17755140-42181,2015-06-26 00:00:00,ML-177551404,Max Ludwig,Home Office,United States,USCA,Western US,OFF-LA-3083,Office Supplies,Labels,Alphabetical Labels for Top Tab Filing,71.04,6,0.2,26.640000000000004
CA-2015-ML17755140-42181,2015-06-26 00:00:00,ML-177551404,Max Ludwig,Home Office,United States,USCA,Western US,OFF-FA-5616,Office Supplies,Fasteners,Plymouth Boxed Rubber Bands by Plymouth,11.304,3,0.2,-2.1195
MX-2015-NG1835582-42182,2015-06-27 00:00:00,NG-1835582,Nat Gilpin,Corporate,Mexico,LATAM,Central America,FUR-BO-3625,Furniture,Bookcases,"Bush Classic Bookcase, Mobile",1107.1999999999998,5,0.2,249.10000000000005
EG-2015-CR262538-42169,2015-06-14 00:00:00,CR-262538,Corey Roper,Home Office,Egypt,Africa,North Africa,OFF-PA-6615,Office Supplies,Paper,"Xerox Message Books, Premium",20.37,1,0,9.36
IN-2015-KE1642066-42174,2015-06-19 00:00:00,KE-1642066,Katrina Edelman,Corporate,Japan,Asia Pacific,Eastern Asia,OFF-LA-3315,Office Supplies,Labels,"Avery Round Labels, Adjustable",30.240000000000002,6,0,1.44
CA-2015-ML17755140-42181,2015-06-26 00:00:00,ML-177551404,Max Ludwig,Home Office,United States,USCA,Western US,OFF-AR-4099,Office Supplies,Art,"Eldon Spacemaker Box, Quick-Snap Lid, Clear",5.344,2,0.2,0.7347999999999992
UG-2015-CA1965136-42183,2015-06-28 00:00:00,CA-1965136,Carol Adams,Corporate,Uganda,Africa,Eastern Africa,OFF-BI-3187,Office Supplies,Binders,"Avery 3-Hole Punch, Durable",17.622000000000007,2,0.7,-20.598000000000003
IR-2015-SF1096560-42166,2015-06-11 00:00:00,SF-1096560,Sylvia Foulston,Corporate,Iran,Asia Pacific,Southern Asia,OFF-SU-4996,Office Supplies,Supplies,"Kleencut Trimmer, Steel",40.83,1,0,6.51
IR-2015-FC433560-42180,2015-06-25 00:00:00,FC-433560,Fred Chung,Corporate,Iran,Asia Pacific,Southern Asia,OFF-ST-6281,Office Supplies,Storage,"Tenex Trays, Blue",54.209999999999994,1,0,11.370000000000001
ES-2015-AR10345139-42178,2015-06-23 00:00:00,AR-10345139,Alex Russell,Corporate,United Kingdom,Europe,Northern Europe,OFF-FA-2943,Office Supplies,Fasteners,"Accos Clamps, Metal",29.250000000000007,3,0.5,-5.850000000000005
US-2015-MO17800140-42165,2015-06-10 00:00:00,MO-178001402,Meg O'Connel,Home Office,United States,USCA,Central US,FUR-TA-3754,Furniture,Tables,"Chromcraft Bull-Nose Wood Round Conference Table Top, Wood Base",108.925,1,0.5,-71.89050000000002
IR-2015-EL373560-42168,2015-06-13 00:00:00,EL-373560,Ed Ludwig,Home Office,Iran,Asia Pacific,Southern Asia,OFF-FA-6203,Office Supplies,Fasteners,"Stockwell Staples, Bulk Pack",21.599999999999998,2,0,3.24
PL-2015-EH4005103-42173,2015-06-18 00:00:00,EH-4005103,Erica Hernandez,Home Office,Poland,Europe,Eastern Europe,OFF-FA-5475,Office Supplies,Fasteners,"OIC Rubber Bands, 12 Pack",33,2,0,15.84
CA-2015-MO17800140-42159,2015-06-04 00:00:00,MO-178001404,Meg O'Connel,Home Office,United States,USCA,Western US,OFF-ST-4068,Office Supplies,Storage,Eldon Gobal File Keepers,136.26,9,0,5.450399999999991
US-2015-MO17800140-42165,2015-06-10 00:00:00,MO-178001402,Meg O'Connel,Home Office,United States,USCA,Central US,FUR-FU-2858,Furniture,Furnishings,12-1/2 Diameter Round Wall Clock,23.976000000000003,3,0.6,-14.385599999999997
US-2015-MO17800140-42165,2015-06-10 00:00:00,MO-178001402,Meg O'Connel,Home Office,United States,USCA,Central US,OFF-PA-3010,Office Supplies,Paper,"Adams Telephone Message Book W/Dividers/Space For Phone Numbers, 5 1/4""X8 1/2"", 200/Messages",36.352,8,0.2,11.359999999999998
MX-2015-RH1949539-42161,2015-06-06 00:00:00,RH-1949539,Rick Hansen,Consumer,El Salvador,LATAM,Central America,OFF-FA-6204,Office Supplies,Fasteners,"Stockwell Staples, Metal",21.839999999999996,3,0,10.260000000000002
IN-2015-MB180857-42172,2015-06-17 00:00:00,MB-180857,Mick Brown,Consumer,Australia,Asia Pacific,Oceania,OFF-FA-6208,Office Supplies,Fasteners,"Stockwell Thumb Tacks, Metal",36.855,3,0.1,9.405000000000001
IN-2015-DW131957-42181,2015-06-26 00:00:00,DW-131957,David Wiener,Corporate,Australia,Asia Pacific,Oceania,OFF-PA-5891,Office Supplies,Paper,"SanDisk Parchment Paper, Multicolor",32.616,2,0.1,9.756
ES-2015-MJ1774045-42168,2015-06-13 00:00:00,MJ-1774045,Max Jones,Consumer,France,Europe,Western Europe,OFF-AR-3483,Office Supplies,Art,"Binney & Smith Highlighters, Fluorescent",53.55,3,0,4.2299999999999995
TU-2015-SB10290134-42165,2015-06-10 00:00:00,SB-10290134,Sean Braxton,Corporate,Turkey,Asia Pacific,Western Asia,OFF-EN-3106,Office Supplies,Envelopes,"Ames Manila Envelope, Set of 50",9.876000000000001,1,0.6,-12.864
AG-2015-CL25653-42164,2015-06-09 00:00:00,CL-25653,Clay Ludtke,Consumer,Algeria,Africa,North Africa,OFF-BI-6374,Office Supplies,Binders,"Wilson Jones Binder Covers, Clear",21.299999999999997,2,0,5.28
EZ-2015-JG531032-42160,2015-06-05 00:00:00,JG-531032,Jason Gross,Corporate,Czech Republic,Europe,Eastern Europe,OFF-AR-3490,Office Supplies,Art,"Binney & Smith Markers, Fluorescent",25.349999999999998,1,0,6.84
UP-2015-PJ9015137-42173,2015-06-18 00:00:00,PJ-9015137,Pauline Johnson,Consumer,Ukraine,Europe,Eastern Europe,FUR-CH-4519,Furniture,Chairs,"Harbour Creations Bag Chairs, Black",59.19,1,0,5.3100000000000005
ID-2015-JE157457-42180,2015-06-25 00:00:00,JE-157457,Joel Eaton,Consumer,Australia,Asia Pacific,Oceania,OFF-LA-3300,Office Supplies,Labels,"Avery Legal Exhibit Labels, Laser Printer Compatible",27.215999999999998,4,0.4,-12.264000000000003
ZA-2015-JB6045147-42165,2015-06-10 00:00:00,JB-6045147,Julia Barnett,Home Office,Zimbabwe,Africa,Eastern Africa,OFF-LA-3322,Office Supplies,Labels,"Avery Shipping Labels, Alphabetical",14.004,4,0.7,-18.275999999999996
MX-2015-MS1753039-42178,2015-06-23 00:00:00,MS-1753039,MaryBeth Skach,Consumer,El Salvador,LATAM,Central America,OFF-FA-6203,Office Supplies,Fasteners,"Stockwell Staples, Bulk Pack",20.82,3,0,4.98
US-2015-MK17905140-42172,2015-06-17 00:00:00,MK-179051402,Michael Kennedy,Corporate,United States,USCA,Central US,OFF-BI-6210,Office Supplies,Binders,Storex DuraTech Recycled Plastic Frosted Binders,5.935999999999999,7,0.8,-8.904000000000003
ES-2015-KB1640545-42181,2015-06-26 00:00:00,KB-1640545,Katrina Bavinger,Home Office,France,Europe,Western Europe,OFF-AR-3460,Office Supplies,Art,"BIC Pencil Sharpener, Blue",29.009999999999998,1,0,11.879999999999999
MX-2015-MO17800132-42165,2015-06-10 00:00:00,MO-17800132,Meg O'Connel,Home Office,Trinidad and Tobago,LATAM,Caribbean,OFF-BI-6405,Office Supplies,Binders,"Wilson Jones Index Tab, Recycled",27.24,6,0,12.960000000000003
US-2015-MG176805-42161,2015-06-06 00:00:00,MG-176805,Maureen Gastineau,Home Office,Argentina,LATAM,South America,TEC-PH-5337,Technology,Phones,"Nokia Audio Dock, VoIP",66.732,1,0.4,-43.388000000000005
ES-2015-AO1081048-42181,2015-06-26 00:00:00,AO-1081048,Anthony O'Donnell,Corporate,Germany,Europe,Western Europe,OFF-ST-5686,Office Supplies,Storage,"Rogers Box, Blue",43.146,2,0.1,-3.8939999999999997
TU-2015-LP7080134-42185,2015-06-30 00:00:00,LP-7080134,Liz Pelletier,Consumer,Turkey,Asia Pacific,Western Asia,TEC-PH-3133,Technology,Phones,"Apple Headset, Full Size",59.64,2,0.6,-64.13999999999999
AU-2015-PF91208-42181,2015-06-26 00:00:00,PF-91208,Peter Fuller,Consumer,Austria,Europe,Western Europe,FUR-CH-5758,Furniture,Chairs,"SAFCO Chairmat, Red",59.82000000000001,1,0,12.54
MX-2015-TG2164093-42181,2015-06-26 00:00:00,TG-2164093,Trudy Glocke,Consumer,Nicaragua,LATAM,Central America,OFF-LA-6042,Office Supplies,Labels,"Smead Legal Exhibit Labels, 5000 Label Set",30.639999999999997,4,0,3.6
ID-2015-EH1394597-42174,2015-06-19 00:00:00,EH-1394597,Eric Hoffmann,Consumer,Pakistan,Asia Pacific,Southern Asia,OFF-FA-2946,Office Supplies,Fasteners,"Accos Paper Clips, Metal",13.47,2,0.5,-11.07
CA-2015-MA17995140-42183,2015-06-28 00:00:00,MA-179951406,Michelle Arnett,Home Office,United States,USCA,Eastern US,FUR-CH-6016,Furniture,Chairs,"Situations Contoured Folding Chairs, 4/Set",191.64600000000002,3,0.1,31.94100000000001
AG-2015-CL25653-42164,2015-06-09 00:00:00,CL-25653,Clay Ludtke,Consumer,Algeria,Africa,North Africa,FUR-FU-3949,Furniture,Furnishings,"Deflect-O Light Bulb, Erganomic",17.61,1,0,8.790000000000001
TU-2015-NS8640134-42180,2015-06-25 00:00:00,NS-8640134,Noel Staavos,Corporate,Turkey,Asia Pacific,Western Asia,OFF-AP-3863,Office Supplies,Appliances,"Cuisinart Coffee Grinder, White",14.700000000000001,1,0.6,-6.990000000000002
BO-2015-TC1114513-42180,2015-06-25 00:00:00,TC-1114513,Theresa Coyne,Corporate,Belarus,Europe,Eastern Europe,OFF-BI-6402,Office Supplies,Binders,"Wilson Jones Index Tab, Clear",23.64,4,0,2.04
US-2015-GH1441018-42158,2015-06-03 00:00:00,GH-1441018,Gary Hansen,Home Office,Brazil,LATAM,South America,FUR-FU-3935,Furniture,Furnishings,"Deflect-O Door Stop, Erganomic",22.704,2,0.6,-24.976
ES-2015-JG15805120-42172,2015-06-17 00:00:00,JG-15805120,John Grady,Corporate,Spain,Europe,Southern Europe,OFF-PA-4182,Office Supplies,Paper,"Enermax Parchment Paper, Multicolor",117.59999999999998,7,0,35.28
NI-2015-KL655595-42164,2015-06-09 00:00:00,KL-655595,Kelly Lampkin,Corporate,Nigeria,Africa,Western Africa,OFF-BI-6379,Office Supplies,Binders,"Wilson Jones Binder, Durable",26.136000000000003,6,0.7,-57.56399999999999
IR-2015-SF1096560-42166,2015-06-11 00:00:00,SF-1096560,Sylvia Foulston,Corporate,Iran,Asia Pacific,Southern Asia,OFF-SU-4978,Office Supplies,Supplies,"Kleencut Letter Opener, Easy Grip",27.06,1,0,7.5600000000000005
US-2015-MC1757555-42182,2015-06-27 00:00:00,MC-1757555,Matt Collins,Consumer,Honduras,LATAM,Central America,OFF-EN-4903,Office Supplies,Envelopes,"Jiffy Business Envelopes, Recycled",23.616,4,0.4,-0.06400000000000147
CA-2015-ML18040140-42160,2015-06-05 00:00:00,ML-180401402,Michelle Lonsdale,Corporate,United States,USCA,Central US,OFF-BI-5644,Office Supplies,Binders,Presstex Flexible Ring Binders,6.369999999999998,7,0.8,-9.555000000000001
ID-2015-DP1300059-42182,2015-06-27 00:00:00,DP-1300059,Darren Powers,Consumer,Indonesia,Asia Pacific,Southeastern Asia,OFF-EN-3107,Office Supplies,Envelopes,"Ames Manila Envelope, with clear poly window",29.923800000000004,2,0.47000000000000003,-3.4361999999999995
IN-2015-RF1934521-42183,2015-06-28 00:00:00,RF-1934521,Randy Ferguson,Corporate,Cambodia,Asia Pacific,Southeastern Asia,OFF-LA-6064,Office Supplies,Labels,"Smead Shipping Labels, Laser Printer Compatible",23.22,2,0,5.34
UZ-2015-JH5985142-42185,2015-06-30 00:00:00,JH-5985142,Joseph Holt,Consumer,Uzbekistan,Asia Pacific,Central Asia,OFF-LA-4542,Office Supplies,Labels,"Harbour Creations Removable Labels, Adjustable",10.74,1,0,4.29
CA-2015-MT18070140-42166,2015-06-11 00:00:00,MT-180701404,Michelle Tran,Home Office,United States,USCA,Western US,FUR-BO-5527,Furniture,Bookcases,O'Sullivan Living Dimensions 2-Shelf Bookcases,514.165,5,0.15,-30.24499999999999
CA-2015-MT18070140-42166,2015-06-11 00:00:00,MT-180701404,Michelle Tran,Home Office,United States,USCA,Western US,OFF-LA-3083,Office Supplies,Labels,Alphabetical Labels for Top Tab Filing,29.6,2,0,14.8
CA-2015-MT18070140-42166,2015-06-11 00:00:00,MT-180701404,Michelle Tran,Home Office,United States,USCA,Western US,TEC-PH-4843,Technology,Phones,iHome FM Clock Radio with Lightning Dock,279.96,5,0.2,17.497500000000016
MX-2015-SF2020039-42164,2015-06-09 00:00:00,SF-2020039,Sarah Foster,Consumer,El Salvador,LATAM,Central America,TEC-AC-4171,Technology,Accessories,"Enermax Mouse, Bluetooth",26.860000000000003,1,0,12.08
US-2015-TT212655-42163,2015-06-08 00:00:00,TT-212655,Tim Taslimi,Corporate,Argentina,LATAM,South America,OFF-AR-6121,Office Supplies,Art,"Stanley Pens, Blue",16.080000000000005,4,0.4,-5.360000000000003
MX-2015-BE11410143-42179,2015-06-24 00:00:00,BE-11410143,Bobby Elias,Consumer,Venezuela,LATAM,South America,OFF-BI-6399,Office Supplies,Binders,"Wilson Jones Hole Reinforcements, Economy",9.06,5,0.4,0.05999999999999943
IT-2015-AC10615139-42182,2015-06-27 00:00:00,AC-10615139,Ann Chong,Corporate,United Kingdom,Europe,Northern Europe,OFF-BI-3249,Office Supplies,Binders,"Avery Binder Covers, Recycled",34.29,3,0,12.330000000000002
US-2015-PS1876018-42173,2015-06-18 00:00:00,PS-1876018,Pamela Stobb,Consumer,Brazil,LATAM,South America,OFF-FA-5469,Office Supplies,Fasteners,"OIC Paper Clips, Bulk Pack",30.784,8,0.6,-36.25599999999999
HR-2015-DS303030-42185,2015-06-30 00:00:00,DS-303030,Darrin Sayre,Home Office,Croatia,Europe,Southern Europe,OFF-BI-2883,Office Supplies,Binders,"Acco 3-Hole Punch, Economy",30.120000000000005,1,0,5.699999999999999
EG-2015-NP870038-42178,2015-06-23 00:00:00,NP-870038,Nora Preis,Consumer,Egypt,Africa,North Africa,OFF-AR-5917,Office Supplies,Art,"Sanford Markers, Blue",23.249999999999996,1,0,4.41
ID-2015-TH212357-42175,2015-06-20 00:00:00,TH-212357,Tiffany House,Corporate,Australia,Asia Pacific,Oceania,OFF-SU-6165,Office Supplies,Supplies,"Stiletto Letter Opener, Easy Grip",27,1,0.1,9.299999999999999
MX-2015-MC1757518-42159,2015-06-04 00:00:00,MC-1757518,Matt Collins,Consumer,Brazil,LATAM,South America,OFF-ST-6060,Office Supplies,Storage,"Smead Shelving, Wire Frame",32,1,0,1.6
US-2015-KL1655598-42174,2015-06-19 00:00:00,KL-1655598,Kelly Lampkin,Corporate,Panama,LATAM,Central America,OFF-SU-4978,Office Supplies,Supplies,"Kleencut Letter Opener, Easy Grip",34.416,3,0.4,-8.063999999999998
MX-2015-MG1789082-42182,2015-06-27 00:00:00,MG-1789082,Michael Granlund,Home Office,Mexico,LATAM,Central America,OFF-ST-6059,Office Supplies,Storage,"Smead Shelving, Single Width",32.64,1,0,10.1
US-2015-KL1655598-42174,2015-06-19 00:00:00,KL-1655598,Kelly Lampkin,Corporate,Panama,LATAM,Central America,OFF-PA-3997,Office Supplies,Paper,"Eaton Memo Slips, Recycled",38.22,7,0.4,-21.699999999999996
IN-2015-KH1633088-42161,2015-06-06 00:00:00,KH-1633088,Katharine Harms,Corporate,Myanmar (Burma),Asia Pacific,Southeastern Asia,OFF-EN-4920,Office Supplies,Envelopes,"Jiffy Manila Envelope, Set of 50",64.76489999999998,3,0.17,20.214900000000004
MX-2015-EH1376518-42169,2015-06-14 00:00:00,EH-1376518,Edward Hooks,Corporate,Brazil,LATAM,South America,OFF-LA-5388,Office Supplies,Labels,"Novimex Legal Exhibit Labels, Adjustable",50.22,9,0,1.98
MO-2015-GB453086-42161,2015-06-06 00:00:00,GB-453086,George Bell,Corporate,Morocco,Africa,North Africa,OFF-FA-6194,Office Supplies,Fasteners,"Stockwell Push Pins, Assorted Sizes",11.82,1,0,3.9000000000000004
ES-2015-JE15745139-42162,2015-06-07 00:00:00,JE-15745139,Joel Eaton,Consumer,United Kingdom,Europe,Northern Europe,OFF-EN-5025,Office Supplies,Envelopes,"Kraft Clasp Envelope, Recycled",15.599999999999998,2,0,2.46
ES-2015-LH1702064-42160,2015-06-05 00:00:00,LH-1702064,Lisa Hazard,Consumer,Italy,Europe,Southern Europe,OFF-SU-4125,Office Supplies,Supplies,"Elite Ruler, Serrated",31.5,3,0,5.67
ES-2015-RR1931548-42158,2015-06-03 00:00:00,RR-1931548,Ralph Ritter,Consumer,Germany,Europe,Western Europe,OFF-BI-6379,Office Supplies,Binders,"Wilson Jones Binder, Durable",29.04,2,0,1.1400000000000001
IN-2015-DC1285092-42180,2015-06-25 00:00:00,DC-1285092,Dan Campbell,Consumer,New Zealand,Asia Pacific,Oceania,OFF-FA-6185,Office Supplies,Fasteners,"Stockwell Clamps, Assorted Sizes",33.36,2,0,15
EG-2015-NP870038-42178,2015-06-23 00:00:00,NP-870038,Nora Preis,Consumer,Egypt,Africa,North Africa,OFF-FA-5484,Office Supplies,Fasteners,"OIC Thumb Tacks, 12 Pack",13.5,1,0,5.4
TU-2015-SB10290134-42178,2015-06-23 00:00:00,SB-10290134,Sean Braxton,Corporate,Turkey,Asia Pacific,Western Asia,TEC-AC-5204,Technology,Accessories,"Memorex Memory Card, Erganomic",40.032,1,0.6,-42.04799999999999
ES-2015-SV20785120-42164,2015-06-09 00:00:00,SV-20785120,Stewart Visinsky,Consumer,Spain,Europe,Southern Europe,OFF-ST-4107,Office Supplies,Storage,"Eldon Trays, Single Width",43.2,1,0.1,11.04
MX-2015-BE1133582-42161,2015-06-06 00:00:00,BE-1133582,Bill Eplett,Home Office,Mexico,LATAM,Central America,FUR-FU-3932,Furniture,Furnishings,"Deflect-O Door Stop, Black",35.16,2,0.4,-23.44
CA-2015-MM18280140-42166,2015-06-11 00:00:00,MM-182801406,Muhammed MacIntyre,Corporate,United States,USCA,Eastern US,OFF-FA-5616,Office Supplies,Fasteners,Plymouth Boxed Rubber Bands by Plymouth,14.129999999999999,3,0,0.7065000000000001
IN-2015-KD1649578-42159,2015-06-04 00:00:00,KD-1649578,Keith Dawkins,Corporate,Malaysia,Asia Pacific,Southeastern Asia,OFF-EN-4454,Office Supplies,Envelopes,"GlobeWeis Peel and Seal, with clear poly window",24.93,1,0,11.7
MX-2015-KC1625554-42178,2015-06-23 00:00:00,KC-1625554,Karen Carlisle,Corporate,Haiti,LATAM,Caribbean,OFF-EN-5022,Office Supplies,Envelopes,"Kraft Business Envelopes, Recycled",15.072,2,0.4,-8.328
ES-2015-CK12760139-42166,2015-06-11 00:00:00,CK-12760139,Cyma Kinney,Corporate,United Kingdom,Europe,Northern Europe,OFF-BI-2902,Office Supplies,Binders,"Acco Binding Machine, Recycled",102.89999999999999,2,0,25.68
ES-2015-KL16645139-42163,2015-06-08 00:00:00,KL-16645139,Ken Lonsdale,Consumer,United Kingdom,Europe,Northern Europe,OFF-ST-4031,Office Supplies,Storage,"Eldon Box, Wire Frame",18.659999999999997,2,0,5.9399999999999995
MX-2015-SP2086018-42164,2015-06-09 00:00:00,SP-2086018,Sung Pak,Corporate,Brazil,LATAM,South America,OFF-BI-3249,Office Supplies,Binders,"Avery Binder Covers, Recycled",15.239999999999998,2,0,7.159999999999999
ES-2015-DK132258-42171,2015-06-16 00:00:00,DK-132258,Dean Katz,Corporate,Austria,Europe,Western Europe,OFF-LA-3321,Office Supplies,Labels,"Avery Shipping Labels, Adjustable",29.25,3,0,9.629999999999999
CA-2015-NC834023-42173,2015-06-18 00:00:00,NC-834023,Nat Carroll,Consumer,Canada,USCA,Canada,FUR-FU-4043,Furniture,Furnishings,"Eldon Door Stop, Erganomic",97.56,2,0,12.66
CA-2015-NC834023-42173,2015-06-18 00:00:00,NC-834023,Nat Carroll,Consumer,Canada,USCA,Canada,OFF-LA-4688,Office Supplies,Labels,"Hon Round Labels, Laser Printer Compatible",39.959999999999994,6,0,16.38
CA-2015-NC834023-42173,2015-06-18 00:00:00,NC-834023,Nat Carroll,Consumer,Canada,USCA,Canada,OFF-BI-6402,Office Supplies,Binders,"Wilson Jones Index Tab, Clear",5.91,1,0,0.51
CA-2015-NC834023-42173,2015-06-18 00:00:00,NC-834023,Nat Carroll,Consumer,Canada,USCA,Canada,FUR-CH-5406,Furniture,Chairs,"Novimex Steel Folding Chair, Adjustable",84.72,1,0,11.850000000000001
EG-2015-PW924038-42182,2015-06-27 00:00:00,PW-924038,Pierre Wener,Consumer,Egypt,Africa,North Africa,OFF-ST-6250,Office Supplies,Storage,"Tenex Folders, Industrial",23.700000000000003,1,0,0
ES-2015-JL15175125-42182,2015-06-27 00:00:00,JL-15175125,James Lanier,Home Office,Switzerland,Europe,Western Europe,OFF-BI-6404,Office Supplies,Binders,"Wilson Jones Index Tab, Economy",32.25,5,0,8.25
MX-2015-KC1625554-42178,2015-06-23 00:00:00,KC-1625554,Karen Carlisle,Corporate,Haiti,LATAM,Caribbean,OFF-SU-6160,Office Supplies,Supplies,"Stiletto Box Cutter, Easy Grip",15.035999999999998,1,0.4,1.495999999999998
ES-2015-AO1081048-42181,2015-06-26 00:00:00,AO-1081048,Anthony O'Donnell,Corporate,Germany,Europe,Western Europe,OFF-BI-4825,Office Supplies,Binders,"Ibico Hole Reinforcements, Economy",13.98,2,0,6.84
MX-2015-AI1085539-42161,2015-06-06 00:00:00,AI-1085539,Arianne Irving,Consumer,El Salvador,LATAM,Central America,OFF-BI-6399,Office Supplies,Binders,"Wilson Jones Hole Reinforcements, Economy",6.040000000000001,2,0,2.44
MX-2015-BE1133582-42161,2015-06-06 00:00:00,BE-1133582,Bill Eplett,Home Office,Mexico,LATAM,Central America,OFF-LA-6054,Office Supplies,Labels,"Smead Round Labels, Adjustable",6.4,2,0,1.9600000000000002
ID-2015-AS1013597-42171,2015-06-16 00:00:00,AS-1013597,Adrian Shami,Home Office,Pakistan,Asia Pacific,Southern Asia,OFF-EN-4448,Office Supplies,Envelopes,"GlobeWeis Manila Envelope, Security-Tint",29.79,2,0.5,-29.79
IT-2015-AA10315139-42179,2015-06-24 00:00:00,AA-10315139,Alex Avila,Consumer,United Kingdom,Europe,Northern Europe,FUR-FU-3067,Furniture,Furnishings,"Advantus Stacking Tray, Erganomic",29.988,2,0.4,-4.512000000000004
ID-2015-CS11845118-42168,2015-06-13 00:00:00,CS-11845118,Cari Sayre,Corporate,South Korea,Asia Pacific,Eastern Asia,OFF-SU-4982,Office Supplies,Supplies,"Kleencut Ruler, High Speed",40.67999999999999,6,0.5,-17.09999999999999
ID-2015-KE1642059-42160,2015-06-05 00:00:00,KE-1642059,Katrina Edelman,Corporate,Indonesia,Asia Pacific,Southeastern Asia,OFF-FA-2951,Office Supplies,Fasteners,"Accos Rubber Bands, 12 Pack",25.6149,3,0.47000000000000003,-15.515099999999999
SA-2015-RE9450110-42168,2015-06-13 00:00:00,RE-9450110,Richard Eichhorn,Consumer,Saudi Arabia,Asia Pacific,Western Asia,OFF-ST-4028,Office Supplies,Storage,"Eldon Box, Blue",10.259999999999998,1,0,2.64
ID-2015-SC2077059-42162,2015-06-07 00:00:00,SC-2077059,Stewart Carmichael,Corporate,Indonesia,Asia Pacific,Southeastern Asia,OFF-AR-5926,Office Supplies,Art,"Sanford Pens, Fluorescent",18.0456,2,0.27,0.46559999999999935
UP-2015-DR2880137-42165,2015-06-10 00:00:00,DR-2880137,Dan Reichenbach,Corporate,Ukraine,Europe,Eastern Europe,OFF-ST-6229,Office Supplies,Storage,"Tenex Box, Industrial",16.98,1,0,7.98
TU-2015-GM4455134-42161,2015-06-06 00:00:00,GM-4455134,Gary Mitchum,Home Office,Turkey,Asia Pacific,Western Asia,OFF-AR-3449,Office Supplies,Art,"BIC Canvas, Fluorescent",21.984,1,0.6,-13.745999999999999
CA-2015-ND18460140-42166,2015-06-11 00:00:00,ND-184601408,Neil Ducich,Corporate,United States,USCA,Southern US,OFF-ST-2861,Office Supplies,Storage,"24 Capacity Maxi Data Binder Racks, Pearl",1347.5200000000002,8,0.2,84.21999999999986
ID-2015-TT2107059-42171,2015-06-16 00:00:00,TT-2107059,Ted Trevino,Consumer,Indonesia,Asia Pacific,Southeastern Asia,OFF-BI-4825,Office Supplies,Binders,"Ibico Hole Reinforcements, Economy",11.6034,2,0.17,-0.7566000000000002
BO-2015-TC1114513-42180,2015-06-25 00:00:00,TC-1114513,Theresa Coyne,Corporate,Belarus,Europe,Eastern Europe,FUR-FU-5731,Furniture,Furnishings,"Rubbermaid Light Bulb, Black",18.839999999999996,1,0,8.459999999999999
TU-2015-EB3750134-42185,2015-06-30 00:00:00,EB-3750134,Edward Becker,Corporate,Turkey,Asia Pacific,Western Asia,OFF-ST-4253,Office Supplies,Storage,"Fellowes Box, Wire Frame",15,2,0.6,-5.280000000000001
CA-2015-NK18490140-42174,2015-06-19 00:00:00,NK-184901402,Neil Knudson,Home Office,United States,USCA,Central US,OFF-PA-6478,Office Supplies,Paper,Xerox 1925,74.352,3,0.2,23.234999999999992
MX-2015-JR1621031-42175,2015-06-20 00:00:00,JR-1621031,Justin Ritter,Corporate,Cuba,LATAM,Caribbean,OFF-LA-3272,Office Supplies,Labels,"Avery File Folder Labels, Adjustable",14.039999999999997,3,0,6.419999999999999
US-2015-GH1441018-42158,2015-06-03 00:00:00,GH-1441018,Gary Hansen,Home Office,Brazil,LATAM,South America,FUR-FU-5732,Furniture,Furnishings,"Rubbermaid Light Bulb, Duo Pack",20.160000000000004,4,0.6,-8.639999999999997
CA-2015-NR18550140-42159,2015-06-04 00:00:00,NR-185501408,Nick Radford,Consumer,United States,USCA,Southern US,TEC-PH-6348,Technology,Phones,VTech DS6151,503.96000000000004,5,0.2,50.396000000000015
CA-2015-NR18550140-42159,2015-06-04 00:00:00,NR-185501408,Nick Radford,Consumer,United States,USCA,Southern US,TEC-AC-5150,Technology,Accessories,Logitech P710e Mobile Speakerphone,205.99200000000002,1,0.2,-2.574900000000028
CA-2015-NR18550140-42159,2015-06-04 00:00:00,NR-185501408,Nick Radford,Consumer,United States,USCA,Southern US,TEC-AC-6351,Technology,Accessories,WD My Passport Ultra 1TB Portable External Hard Drive,110.4,2,0.2,-4.140000000000008
CA-2015-NR18550140-42159,2015-06-04 00:00:00,NR-185501408,Nick Radford,Consumer,United States,USCA,Southern US,FUR-BO-3643,Furniture,Bookcases,Bush Mission Pointe Library,241.56799999999998,2,0.2,0
CA-2015-NR18550140-42159,2015-06-04 00:00:00,NR-185501408,Nick Radford,Consumer,United States,USCA,Southern US,OFF-AP-4219,Office Supplies,Appliances,"Eureka Sanitaire  Multi-Pro Heavy-Duty Upright, Disposable Bags",24.472,7,0.2,1.8354
CA-2015-NR18550140-42159,2015-06-04 00:00:00,NR-185501408,Nick Radford,Consumer,United States,USCA,Southern US,OFF-AP-3558,Office Supplies,Appliances,"Bravo II Megaboss 12-Amp Hard Body Upright, Replacement Belts, 2 Belts per Pack",5.2,2,0.2,0.5849999999999997
CA-2015-NR18550140-42159,2015-06-04 00:00:00,NR-185501408,Nick Radford,Consumer,United States,USCA,Southern US,OFF-BI-6410,Office Supplies,Binders,Wilson Jones Standard D-Ring Binders,4.554,3,0.7,-3.4913999999999987
CA-2015-NR18550140-42159,2015-06-04 00:00:00,NR-185501408,Nick Radford,Consumer,United States,USCA,Southern US,OFF-PA-6568,Office Supplies,Paper,Xerox 206,15.552000000000003,3,0.2,5.4432
ES-2015-MV174858-42166,2015-06-11 00:00:00,MV-174858,Mark Van Huff,Consumer,Austria,Europe,Western Europe,OFF-ST-6066,Office Supplies,Storage,"Smead Trays, Industrial",146.88,3,0,48.42
US-2015-HG1484551-42171,2015-06-16 00:00:00,HG-1484551,Harry Greene,Consumer,Guatemala,LATAM,Central America,OFF-LA-4639,Office Supplies,Labels,"Hon Color Coded Labels, Alphabetical",16.84,2,0,8.08
MX-2015-PW1924036-42174,2015-06-19 00:00:00,PW-1924036,Pierre Wener,Consumer,Dominican Republic,LATAM,Caribbean,OFF-FA-5478,Office Supplies,Fasteners,"OIC Rubber Bands, Metal",27.504,3,0.2,9.623999999999999
CA-2015-NH18610140-42180,2015-06-25 00:00:00,NH-186101404,Nicole Hansen,Corporate,United States,USCA,Western US,OFF-AR-3530,Office Supplies,Art,Boston Heavy-Duty Trimline Electric Pencil Sharpeners,385.6,8,0,111.82399999999996
CA-2015-NH18610140-42180,2015-06-25 00:00:00,NH-186101404,Nicole Hansen,Corporate,United States,USCA,Western US,OFF-AR-2874,Office Supplies,Art,4009 Highlighters by Sanford,35.82,9,0,11.820599999999997
CA-2015-NC18625140-42165,2015-06-10 00:00:00,NC-186251402,Noah Childs,Corporate,United States,USCA,Central US,OFF-ST-6103,Office Supplies,Storage,Standard Rollaway File with Lock,720.7600000000001,5,0.2,54.05699999999999
IN-2015-JW1522027-42181,2015-06-26 00:00:00,JW-1522027,Jane Waco,Corporate,China,Asia Pacific,Eastern Asia,OFF-BI-3735,Office Supplies,Binders,"Cardinal Hole Reinforcements, Economy",21.360000000000003,4,0,7.4399999999999995
CA-2015-NS18640140-42161,2015-06-06 00:00:00,NS-186401408,Noel Staavos,Corporate,United States,USCA,Southern US,OFF-PA-6591,Office Supplies,Paper,Xerox 227,20.736000000000004,4,0.2,7.2576
IN-2015-TP211307-42173,2015-06-18 00:00:00,TP-211307,Theone Pippenger,Consumer,Australia,Asia Pacific,Oceania,OFF-LA-6034,Office Supplies,Labels,"Smead File Folder Labels, 5000 Label Set",16.686,2,0.1,-0.9540000000000002
IN-2015-TB2162592-42161,2015-06-06 00:00:00,TB-2162592,Trudy Brown,Consumer,New Zealand,Asia Pacific,Oceania,OFF-EN-4437,Office Supplies,Envelopes,"GlobeWeis Clasp Envelope, Set of 50",19.799999999999997,2,0,0
IT-2015-LS1694545-42180,2015-06-25 00:00:00,LS-1694545,Linda Southworth,Corporate,France,Europe,Western Europe,OFF-LA-4662,Office Supplies,Labels,"Hon Legal Exhibit Labels, 5000 Label Set",16.875,3,0.5,-10.844999999999999
MX-2015-JM1565518-42175,2015-06-20 00:00:00,JM-1565518,Jim Mitchum,Corporate,Brazil,LATAM,South America,OFF-LA-3323,Office Supplies,Labels,"Avery Shipping Labels, Laser Printer Compatible",7.899999999999999,1,0,3.78
CA-2015-NP18700140-42182,2015-06-27 00:00:00,NP-187001404,Nora Preis,Consumer,United States,USCA,Western US,TEC-AC-4937,Technology,Accessories,Kensington Orbit Wireless Mobile Trackball for PC and Mac,431.92800000000005,9,0.2,64.78919999999995
MX-2015-SV2036582-42179,2015-06-24 00:00:00,SV-2036582,Seth Vernon,Consumer,Mexico,LATAM,Central America,OFF-AR-6116,Office Supplies,Art,"Stanley Markers, Fluorescent",15.64,1,0,5.779999999999999
CA-2015-OT18730140-42182,2015-06-27 00:00:00,OT-187301404,Olvera Toch,Consumer,United States,USCA,Western US,OFF-ST-4093,Office Supplies,Storage,Eldon Shelf Savers Cubes and Bins,83.76,12,0,1.6751999999999967
ES-2015-DW13480139-42185,2015-06-30 00:00:00,DW-13480139,Dianna Wilson,Home Office,United Kingdom,Europe,Northern Europe,FUR-FU-6278,Furniture,Furnishings,"Tenex Stacking Tray, Erganomic",133.56,8,0.3,-44.04
SA-2015-HL5040110-42181,2015-06-26 00:00:00,HL-5040110,Hunter Lopez,Consumer,Saudi Arabia,Asia Pacific,Western Asia,OFF-ST-6230,Office Supplies,Storage,"Tenex Box, Single Width",16.53,1,0,7.41
TU-2015-NS8640134-42180,2015-06-25 00:00:00,NS-8640134,Noel Staavos,Corporate,Turkey,Asia Pacific,Western Asia,OFF-SU-4995,Office Supplies,Supplies,"Kleencut Trimmer, Serrated",15.252000000000002,1,0.6,-12.588
US-2015-MC1757555-42182,2015-06-27 00:00:00,MC-1757555,Matt Collins,Consumer,Honduras,LATAM,Central America,OFF-EN-5040,Office Supplies,Envelopes,"Kraft Manila Envelope, with clear poly window",12.011999999999999,1,0.4,1.592
SG-2015-AG495111-42164,2015-06-09 00:00:00,AG-495111,Andrew Gjertsen,Corporate,Senegal,Africa,Western Africa,OFF-LA-3272,Office Supplies,Labels,"Avery File Folder Labels, Adjustable",14.04,2,0,5.04
MX-2015-GH1442582-42168,2015-06-13 00:00:00,GH-1442582,Gary Hwang,Consumer,Mexico,LATAM,Central America,OFF-BI-2917,Office Supplies,Binders,"Acco Index Tab, Clear",5.720000000000001,1,0,1.54
TU-2015-LS6945134-42174,2015-06-19 00:00:00,LS-6945134,Linda Southworth,Corporate,Turkey,Asia Pacific,Western Asia,OFF-AR-6119,Office Supplies,Art,"Stanley Pencil Sharpener, Fluorescent",9.912,1,0.6,-6.948
ID-2015-AH1019597-42156,2015-06-01 00:00:00,AH-1019597,Alan Haines,Corporate,Pakistan,Asia Pacific,Southern Asia,OFF-AR-3468,Office Supplies,Art,"BIC Sketch Pad, Blue",24.33,1,0.5,-22.889999999999997
MX-2015-KH1663082-42174,2015-06-19 00:00:00,KH-1663082,Ken Heidel,Corporate,Mexico,LATAM,Central America,OFF-BI-3714,Office Supplies,Binders,"Cardinal 3-Hole Punch, Economy",57.6,3,0,17.279999999999998
MX-2015-JH1591018-42166,2015-06-11 00:00:00,JH-1591018,Jonathan Howell,Consumer,Brazil,LATAM,South America,FUR-FU-6260,Furniture,Furnishings,"Tenex Light Bulb, Erganomic",23.4,2,0,2.08
UZ-2015-RF9735142-42160,2015-06-05 00:00:00,RF-9735142,Roland Fjeld,Consumer,Uzbekistan,Asia Pacific,Central Asia,OFF-BI-3736,Office Supplies,Binders,"Cardinal Hole Reinforcements, Recycled",5.7,1,0,2.37
US-2015-TC2114555-42166,2015-06-11 00:00:00,TC-2114555,Theresa Coyne,Corporate,Honduras,LATAM,Central America,FUR-CH-5369,Furniture,Chairs,"Novimex Bag Chairs, Set of Two",19.284,1,0.4,-8.696000000000002
SA-2015-CL2700110-42178,2015-06-23 00:00:00,CL-2700110,Craig Leslie,Home Office,Saudi Arabia,Asia Pacific,Western Asia,OFF-BI-2919,Office Supplies,Binders,"Acco Index Tab, Economy",10.08,1,0,4.62
GH-2015-KD661549-42183,2015-06-28 00:00:00,KD-661549,Ken Dana,Corporate,Ghana,Africa,Western Africa,OFF-LA-3313,Office Supplies,Labels,"Avery Removable Labels, Laser Printer Compatible",21.48,2,0,4.26
US-2015-PG18895140-42176,2015-06-21 00:00:00,PG-188951408,Paul Gonzalez,Consumer,United States,USCA,Southern US,TEC-PH-3509,Technology,Phones,BlackBerry Q10,503.96,4,0,125.99000000000001
IR-2015-SF1096560-42166,2015-06-11 00:00:00,SF-1096560,Sylvia Foulston,Corporate,Iran,Asia Pacific,Southern Asia,OFF-ST-4031,Office Supplies,Storage,"Eldon Box, Wire Frame",37.31999999999999,4,0,11.879999999999999
CA-2015-PG18895140-42169,2015-06-14 00:00:00,PG-188951408,Paul Gonzalez,Consumer,United States,USCA,Southern US,OFF-AR-3521,Office Supplies,Art,Boston 1799 Powerhouse Electric Pencil Sharpener,181.86,7,0,50.9208
US-2015-PG18895140-42176,2015-06-21 00:00:00,PG-188951408,Paul Gonzalez,Consumer,United States,USCA,Southern US,OFF-PA-6595,Office Supplies,Paper,Xerox 230,32.400000000000006,5,0,15.552000000000001
TU-2015-GR4560134-42159,2015-06-04 00:00:00,GR-4560134,Georgia Rosenberg,Corporate,Turkey,Asia Pacific,Western Asia,OFF-LA-4659,Office Supplies,Labels,"Hon File Folder Labels, Alphabetical",3.384,1,0.6,-1.8659999999999997
ID-2015-RR19315118-42158,2015-06-03 00:00:00,RR-19315118,Ralph Ritter,Consumer,South Korea,Asia Pacific,Eastern Asia,OFF-BI-6374,Office Supplies,Binders,"Wilson Jones Binder Covers, Clear",5.324999999999999,1,0.5,-2.684999999999999
MX-2015-KL1655518-42162,2015-06-07 00:00:00,KL-1655518,Kelly Lampkin,Corporate,Brazil,LATAM,South America,OFF-FA-6202,Office Supplies,Fasteners,"Stockwell Staples, Assorted Sizes",15.720000000000002,3,0,7.2
MX-2015-CD1192082-42185,2015-06-30 00:00:00,CD-1192082,Carlos Daly,Consumer,Mexico,LATAM,Central America,FUR-FU-3039,Furniture,Furnishings,"Advantus Light Bulb, Erganomic",22.427999999999997,3,0.4,-14.951999999999998
US-2015-BE1145582-42159,2015-06-04 00:00:00,BE-1145582,Brad Eason,Home Office,Mexico,LATAM,Central America,OFF-SU-4125,Office Supplies,Supplies,"Elite Ruler, Serrated",14,2,0,3.08
CA-2015-PL18925140-42178,2015-06-23 00:00:00,PL-189251406,Paul Lucas,Home Office,United States,USCA,Eastern US,OFF-BI-6386,Office Supplies,Binders,Wilson Jones Century Plastic Molded Ring Binders,31.155000000000005,5,0.7,-23.8855
ES-2015-BC11125120-42185,2015-06-30 00:00:00,BC-11125120,Becky Castell,Home Office,Spain,Europe,Southern Europe,OFF-LA-5399,Office Supplies,Labels,"Novimex Round Labels, Adjustable",12.51,3,0,3.4200000000000004
CA-2015-PL18925140-42178,2015-06-23 00:00:00,PL-189251406,Paul Lucas,Home Office,United States,USCA,Eastern US,OFF-ST-5615,Office Supplies,Storage,Plastic Stacking Crates & Casters,8.928,2,0.2,0.6696
CA-2015-PL18925140-42178,2015-06-23 00:00:00,PL-189251406,Paul Lucas,Home Office,United States,USCA,Eastern US,OFF-BI-4353,Office Supplies,Binders,GBC Plasticlear Binding Covers,10.332000000000003,3,0.7,-7.576799999999999
NI-2015-KL655595-42164,2015-06-09 00:00:00,KL-655595,Kelly Lampkin,Corporate,Nigeria,Africa,Western Africa,TEC-AC-5100,Technology,Accessories,"Logitech Flash Drive, Erganomic",16.992000000000004,2,0.7,-14.207999999999995
ID-2015-LT171107-42158,2015-06-03 00:00:00,LT-171107,Liz Thompson,Consumer,Australia,Asia Pacific,Oceania,OFF-LA-5403,Office Supplies,Labels,"Novimex Shipping Labels, Adjustable",31.967999999999996,6,0.4,-4.931999999999999
NI-2015-ZC1191095-42169,2015-06-14 00:00:00,ZC-1191095,Zuschuss Carroll,Consumer,Nigeria,Africa,Western Africa,OFF-PA-4168,Office Supplies,Paper,"Enermax Message Books, Multicolor",7.173000000000001,1,0.7,-15.566999999999998
IN-2015-MB180857-42172,2015-06-17 00:00:00,MB-180857,Mick Brown,Consumer,Australia,Asia Pacific,Oceania,OFF-AR-5910,Office Supplies,Art,"Sanford Highlighters, Blue",42.52499999999999,3,0.1,9.405
TU-2015-SB10290134-42178,2015-06-23 00:00:00,SB-10290134,Sean Braxton,Corporate,Turkey,Asia Pacific,Western Asia,OFF-BI-6383,Office Supplies,Binders,"Wilson Jones Binding Machine, Durable",20.184,1,0.6,-29.286
IR-2015-EG390060-42172,2015-06-17 00:00:00,EG-390060,Emily Grady,Consumer,Iran,Asia Pacific,Southern Asia,OFF-LA-4694,Office Supplies,Labels,"Hon Shipping Labels, Adjustable",18.54,2,0,6.48
MO-2015-GM445586-42156,2015-06-01 00:00:00,GM-445586,Gary Mitchum,Home Office,Morocco,Africa,North Africa,OFF-BI-6378,Office Supplies,Binders,"Wilson Jones Binder, Clear",12.48,1,0,0.99
ES-2015-RF19840120-42179,2015-06-24 00:00:00,RF-19840120,Roy Französisch,Consumer,Spain,Europe,Southern Europe,OFF-FA-6202,Office Supplies,Fasteners,"Stockwell Staples, Assorted Sizes",24.75,3,0,10.620000000000001
ES-2015-CC12610139-42158,2015-06-03 00:00:00,CC-12610139,Corey Catlett,Corporate,United Kingdom,Europe,Northern Europe,OFF-ST-6067,Office Supplies,Storage,"Smead Trays, Single Width",48.50999999999999,1,0,15.51
CA-2015-PJ19015140-42176,2015-06-21 00:00:00,PJ-190151408,Pauline Johnson,Consumer,United States,USCA,Southern US,OFF-ST-5615,Office Supplies,Storage,Plastic Stacking Crates & Casters,4.464,1,0.2,0.3348
CA-2015-PW19030140-42183,2015-06-28 00:00:00,PW-190301404,Pauline Webber,Corporate,United States,USCA,Western US,TEC-AC-5150,Technology,Accessories,Logitech P710e Mobile Speakerphone,1287.45,5,0,244.61549999999988
MX-2015-DJ1351031-42157,2015-06-02 00:00:00,DJ-1351031,Don Jones,Corporate,Cuba,LATAM,Caribbean,OFF-BI-3292,Office Supplies,Binders,"Avery Hole Reinforcements, Recycled",19.080000000000002,6,0,8.52
CA-2015-PW19030140-42183,2015-06-28 00:00:00,PW-190301404,Pauline Webber,Corporate,United States,USCA,Western US,FUR-FU-4236,Furniture,Furnishings,Executive Impressions Supervisor Wall Clock,126.30000000000001,3,0,40.416
CA-2015-PW19030140-42183,2015-06-28 00:00:00,PW-190301404,Pauline Webber,Corporate,United States,USCA,Western US,OFF-PA-6556,Office Supplies,Paper,Xerox 1997,19.44,3,0,9.3312
IN-2015-IG150857-42185,2015-06-30 00:00:00,IG-150857,Ivan Gibson,Consumer,Australia,Asia Pacific,Oceania,OFF-FA-6207,Office Supplies,Fasteners,"Stockwell Thumb Tacks, Bulk Pack",7.884,1,0.4,0.5039999999999996
IN-2015-RS1987058-42179,2015-06-24 00:00:00,RS-1987058,Roy Skaria,Home Office,India,Asia Pacific,Southern Asia,OFF-FA-6185,Office Supplies,Fasteners,"Stockwell Clamps, Assorted Sizes",33.36,2,0,15
MX-2015-CB1202528-42178,2015-06-23 00:00:00,CB-1202528,Cassandra Brandow,Consumer,Colombia,LATAM,South America,OFF-EN-3091,Office Supplies,Envelopes,"Ames Clasp Envelope, Recycled",8,2,0,1.2
IT-2015-ZC21910124-42168,2015-06-13 00:00:00,ZC-21910124,Zuschuss Carroll,Consumer,Sweden,Europe,Northern Europe,OFF-AR-3466,Office Supplies,Art,"BIC Pens, Fluorescent",15.54,2,0.5,-5.34
ES-2015-BD1132045-42164,2015-06-09 00:00:00,BD-1132045,Bill Donatelli,Consumer,France,Europe,Western Europe,OFF-BI-4828,Office Supplies,Binders,"Ibico Index Tab, Clear",17.82,2,0,3.18
ES-2015-CK12760120-42159,2015-06-04 00:00:00,CK-12760120,Cyma Kinney,Corporate,Spain,Europe,Southern Europe,OFF-FA-3055,Office Supplies,Fasteners,"Advantus Push Pins, Assorted Sizes",35.64,3,0,7.11
CA-2015-PF19165140-42173,2015-06-18 00:00:00,PF-191651404,Philip Fox,Consumer,United States,USCA,Western US,FUR-FU-4761,Furniture,Furnishings,"Howard Miller 13-3/4"" Diameter Brushed Chrome Round Wall Clock",155.25,3,0,46.574999999999996
CA-2015-PF19165140-42173,2015-06-18 00:00:00,PF-191651404,Philip Fox,Consumer,United States,USCA,Western US,OFF-ST-5647,Office Supplies,Storage,Project Tote Personal File,14.03,1,0,4.068699999999998
MO-2015-NH861086-42165,2015-06-10 00:00:00,NH-861086,Nicole Hansen,Corporate,Morocco,Africa,North Africa,OFF-LA-3297,Office Supplies,Labels,"Avery Legal Exhibit Labels, 5000 Label Set",23.46,2,0,10.74
ID-2015-RE19405102-42169,2015-06-14 00:00:00,RE-19405102,Ricardo Emerson,Consumer,Philippines,Asia Pacific,Southeastern Asia,OFF-BI-3253,Office Supplies,Binders,"Avery Binder, Economy",10.964999999999998,1,0.15000000000000002,3.345
TU-2015-BF1020134-42159,2015-06-04 00:00:00,BF-1020134,Barry Französisch,Corporate,Turkey,Asia Pacific,Western Asia,OFF-BI-6375,Office Supplies,Binders,"Wilson Jones Binder Covers, Durable",5.076,1,0.6,-1.7939999999999978
EG-2015-CR262538-42169,2015-06-14 00:00:00,CR-262538,Corey Roper,Home Office,Egypt,Africa,North Africa,OFF-BI-2919,Office Supplies,Binders,"Acco Index Tab, Economy",20.16,2,0,9.24
TZ-2015-JF5295129-42173,2015-06-18 00:00:00,JF-5295129,Jason Fortune-,Consumer,Tanzania,Africa,Eastern Africa,OFF-ST-5692,Office Supplies,Storage,"Rogers File Cart, Industrial",127.44000000000003,1,0.1,9.899999999999995
ID-2015-ND184607-42175,2015-06-20 00:00:00,ND-184607,Neil Ducich,Corporate,Australia,Asia Pacific,Oceania,OFF-LA-4657,Office Supplies,Labels,"Hon File Folder Labels, 5000 Label Set",24.380999999999997,3,0.1,7.281000000000001
TU-2015-NS8640134-42180,2015-06-25 00:00:00,NS-8640134,Noel Staavos,Corporate,Turkey,Asia Pacific,Western Asia,OFF-AR-5911,Office Supplies,Art,"Sanford Highlighters, Easy-Erase",6.408,1,0.6,-8.982
US-2015-RD194805-42180,2015-06-25 00:00:00,RD-194805,Rick Duston,Consumer,Argentina,LATAM,South America,OFF-EN-4925,Office Supplies,Envelopes,"Jiffy Peel and Seal, Set of 50",24.012,3,0.4,-3.228
MX-2015-CA1277518-42183,2015-06-28 00:00:00,CA-1277518,Cynthia Arntzen,Consumer,Brazil,LATAM,South America,OFF-BI-2917,Office Supplies,Binders,"Acco Index Tab, Clear",16.08,3,0,6.719999999999999
TU-2015-BF1020134-42159,2015-06-04 00:00:00,BF-1020134,Barry Französisch,Corporate,Turkey,Asia Pacific,Western Asia,OFF-BI-2884,Office Supplies,Binders,"Acco 3-Hole Punch, Recycled",12.192000000000002,1,0.6,-15.558
SF-2015-JA5970117-42164,2015-06-09 00:00:00,JA-5970117,Joseph Airdo,Consumer,South Africa,Africa,Southern Africa,OFF-LA-5391,Office Supplies,Labels,"Novimex Removable Labels, 5000 Label Set",9.870000000000001,1,0,4.0200000000000005
IT-2015-NF18475139-42182,2015-06-27 00:00:00,NF-18475139,Neil Französisch,Home Office,United Kingdom,Europe,Northern Europe,OFF-PA-4473,Office Supplies,Paper,"Green Bar Memo Slips, Recycled",16.86,2,0.5,-10.799999999999999
RS-2015-EH4005108-42159,2015-06-04 00:00:00,EH-4005108,Erica Hernandez,Home Office,Russia,Europe,Eastern Europe,OFF-FA-2948,Office Supplies,Fasteners,"Accos Push Pins, Assorted Sizes",11.97,1,0,0.21000000000000002
US-2015-EA1403598-42178,2015-06-23 00:00:00,EA-1403598,Erin Ashbrook,Corporate,Panama,LATAM,Central America,OFF-PA-4475,Office Supplies,Paper,"Green Bar Message Books, Multicolor",20.16,2,0.4,-9.760000000000002
ES-2015-AG1076564-42166,2015-06-11 00:00:00,AG-1076564,Anthony Garverick,Home Office,Italy,Europe,Southern Europe,TEC-PH-3141,Technology,Phones,"Apple Office Telephone, VoIP",196.11,5,0.4,-6.5400000000000205
SA-2015-GP4740110-42182,2015-06-27 00:00:00,GP-4740110,Guy Phonely,Corporate,Saudi Arabia,Asia Pacific,Western Asia,OFF-LA-6044,Office Supplies,Labels,"Smead Legal Exhibit Labels, Alphabetical",10.919999999999998,1,0,1.2000000000000002
ID-2015-JE156107-42166,2015-06-11 00:00:00,JE-156107,Jim Epp,Corporate,Australia,Asia Pacific,Oceania,OFF-FA-2946,Office Supplies,Fasteners,"Accos Paper Clips, Metal",24.246000000000002,2,0.1,-0.29400000000000004
ES-2015-CY12745120-42165,2015-06-10 00:00:00,CY-12745120,Craig Yedwab,Corporate,Spain,Europe,Southern Europe,OFF-BI-2913,Office Supplies,Binders,"Acco Hole Reinforcements, Durable",16.32,2,0,7.62
TU-2015-JC5775134-42166,2015-06-11 00:00:00,JC-5775134,John Castell,Consumer,Turkey,Asia Pacific,Western Asia,OFF-AR-3525,Office Supplies,Art,"Boston Canvas, Blue",21.456000000000003,1,0.6,-18.773999999999997
ES-2015-LS1723045-42159,2015-06-04 00:00:00,LS-1723045,Lycoris Saunders,Consumer,France,Europe,Western Europe,OFF-EN-5027,Office Supplies,Envelopes,"Kraft Clasp Envelope, Set of 50",36,4,0,0
US-2015-TB2140055-42160,2015-06-05 00:00:00,TB-2140055,Tom Boeckenhauer,Consumer,Honduras,LATAM,Central America,FUR-FU-3037,Furniture,Furnishings,"Advantus Light Bulb, Duo Pack",32.208,4,0.4,-19.392
EG-2015-EM381038-42179,2015-06-24 00:00:00,EM-381038,Eleni McCrary,Corporate,Egypt,Africa,North Africa,OFF-PA-4001,Office Supplies,Paper,"Eaton Message Books, Recycled",40.98,2,0,5.699999999999999
ID-2015-FC14245130-42180,2015-06-25 00:00:00,FC-14245130,Frank Carlisle,Home Office,Thailand,Asia Pacific,Southeastern Asia,OFF-PA-6612,Office Supplies,Paper,"Xerox Memo Slips, Recycled",28.492800000000003,4,0.47000000000000003,-5.467200000000005
CA-2015-RB19465140-42178,2015-06-23 00:00:00,RB-194651402,Rick Bensley,Home Office,United States,USCA,Central US,FUR-CH-4650,Furniture,Chairs,"Hon Deluxe Fabric Upholstered Stacking Chairs, Rounded Back",487.96,2,0,146.38799999999998
MX-2015-RD1993082-42182,2015-06-27 00:00:00,RD-1993082,Russell D'Ascenzo,Consumer,Mexico,LATAM,Central America,OFF-BI-4806,Office Supplies,Binders,"Ibico 3-Hole Punch, Recycled",20.54,1,0,6.9799999999999995
US-2015-TT212655-42163,2015-06-08 00:00:00,TT-212655,Tim Taslimi,Corporate,Argentina,LATAM,South America,OFF-PA-4474,Office Supplies,Paper,"Green Bar Message Books, 8.5 x 11",11.171999999999999,1,0.4,-0.18800000000000097
TX-2015-JE5610135-42175,2015-06-20 00:00:00,JE-5610135,Jim Epp,Corporate,Turkmenistan,Asia Pacific,Central Asia,FUR-FU-5736,Furniture,Furnishings,"Rubbermaid Photo Frame, Duo Pack",15.543000000000003,1,0.7,-17.636999999999997
US-2015-VM2168536-42158,2015-06-03 00:00:00,VM-2168536,Valerie Mitchum,Home Office,Dominican Republic,LATAM,Caribbean,OFF-BI-3246,Office Supplies,Binders,"Avery Binder Covers, Clear",11.232000000000001,2,0.2,1.7919999999999998
IZ-2015-EH418561-42173,2015-06-18 00:00:00,EH-418561,Evan Henry,Consumer,Iraq,Asia Pacific,Western Asia,FUR-CH-5436,Furniture,Chairs,"Office Star Bag Chairs, Set of Two",57.69,1,0,2.88
SF-2015-JP6135117-42169,2015-06-14 00:00:00,JP-6135117,Julie Prescott,Home Office,South Africa,Africa,Southern Africa,OFF-BI-6375,Office Supplies,Binders,"Wilson Jones Binder Covers, Durable",12.689999999999998,1,0,5.82
UP-2015-RA9945137-42157,2015-06-02 00:00:00,RA-9945137,Ryan Akin,Consumer,Ukraine,Europe,Eastern Europe,OFF-EN-3654,Office Supplies,Envelopes,"Cameo Business Envelopes, Recycled",15.75,1,0,7.08
MX-2015-BD1150080-42158,2015-06-03 00:00:00,BD-1150080,Bradley Drucker,Consumer,Martinique,LATAM,Caribbean,OFF-LA-6034,Office Supplies,Labels,"Smead File Folder Labels, 5000 Label Set",6.179999999999999,1,0,1.9
ES-2015-CC1237045-42185,2015-06-30 00:00:00,CC-1237045,Christopher Conant,Consumer,France,Europe,Western Europe,OFF-PA-5892,Office Supplies,Paper,"SanDisk Parchment Paper, Premium",16.709999999999997,1,0,3.1500000000000004
UP-2015-KB6240137-42168,2015-06-13 00:00:00,KB-6240137,Karen Bern,Corporate,Ukraine,Europe,Eastern Europe,OFF-AR-6110,Office Supplies,Art,"Stanley Highlighters, Blue",14.7,1,0,2.94
ZA-2015-KW6435146-42167,2015-06-12 00:00:00,KW-6435146,Katrina Willman,Consumer,Zambia,Africa,Eastern Africa,OFF-LA-4694,Office Supplies,Labels,"Hon Shipping Labels, Adjustable",9.27,1,0,3.24
EG-2015-RB933038-42169,2015-06-14 00:00:00,RB-933038,Randy Bradley,Consumer,Egypt,Africa,North Africa,OFF-ST-6038,Office Supplies,Storage,"Smead Folders, Blue",17.490000000000002,1,0,2.07
MX-2015-KC1654018-42166,2015-06-11 00:00:00,KC-1654018,Kelly Collister,Consumer,Brazil,LATAM,South America,OFF-ST-4063,Office Supplies,Storage,"Eldon Folders, Wire Frame",96.3,9,0,36.54
TZ-2015-AG900129-42173,2015-06-18 00:00:00,AG-900129,Arthur Gainer,Consumer,Tanzania,Africa,Eastern Africa,OFF-AR-5927,Office Supplies,Art,"Sanford Pens, Water Color",14.280000000000001,1,0,6.540000000000001
MX-2015-MN1793528-42174,2015-06-19 00:00:00,MN-1793528,Michael Nguyen,Consumer,Colombia,LATAM,South America,OFF-AR-3538,Office Supplies,Art,"Boston Markers, Easy-Erase",17.76,1,0,2.48
US-2015-LR1691518-42180,2015-06-25 00:00:00,LR-1691518,Lena Radford,Consumer,Brazil,LATAM,South America,OFF-SU-4316,Office Supplies,Supplies,"Fiskars Scissors, High Speed",12.352,2,0.6,-14.528
US-2015-CS1249055-42174,2015-06-19 00:00:00,CS-1249055,Cindy Schnelling,Corporate,Honduras,LATAM,Central America,OFF-PA-3995,Office Supplies,Paper,"Eaton Memo Slips, Multicolor",12.12,2,0.4,-6.080000000000001
RO-2015-AI855107-42166,2015-06-11 00:00:00,AI-855107,Arianne Irving,Consumer,Romania,Europe,Eastern Europe,OFF-ST-6025,Office Supplies,Storage,"Smead Box, Single Width",10.8,1,0,2.79
IN-2015-MY173807-42158,2015-06-03 00:00:00,MY-173807,Maribeth Yedwab,Corporate,Australia,Asia Pacific,Oceania,OFF-LA-5399,Office Supplies,Labels,"Novimex Round Labels, Adjustable",11.259,3,0.1,1.539
IN-2015-TP211307-42173,2015-06-18 00:00:00,TP-211307,Theone Pippenger,Consumer,Australia,Asia Pacific,Oceania,OFF-BI-6376,Office Supplies,Binders,"Wilson Jones Binder Covers, Economy",30.213,3,0.1,10.053
MX-2015-PS1876082-42173,2015-06-18 00:00:00,PS-1876082,Pamela Stobb,Consumer,Mexico,LATAM,Central America,FUR-FU-4043,Furniture,Furnishings,"Eldon Door Stop, Erganomic",39.02400000000001,2,0.4,-1.9760000000000049
US-2015-PP1895555-42178,2015-06-23 00:00:00,PP-1895555,Paul Prost,Home Office,Honduras,LATAM,Central America,OFF-AR-3481,Office Supplies,Art,"Binney & Smith Highlighters, Blue",6.635999999999998,1,0.4,-2.4439999999999995
ES-2015-JK1609045-42174,2015-06-19 00:00:00,JK-1609045,Juliana Krohn,Consumer,France,Europe,Western Europe,OFF-EN-3675,Office Supplies,Envelopes,"Cameo Peel and Seal, Set of 50",42,2,0,6.720000000000001
KE-2015-SU1066569-42164,2015-06-09 00:00:00,SU-1066569,Stephanie Ulpright,Home Office,Kenya,Africa,Eastern Africa,OFF-PA-5893,Office Supplies,Paper,"SanDisk Parchment Paper, Recycled",33.239999999999995,2,0,5.28
TU-2015-EB3750134-42185,2015-06-30 00:00:00,EB-3750134,Edward Becker,Corporate,Turkey,Asia Pacific,Western Asia,OFF-BI-2912,Office Supplies,Binders,"Acco Hole Reinforcements, Clear",19.584000000000003,8,0.6,-27.455999999999996
IN-2015-JG1531027-42170,2015-06-15 00:00:00,JG-1531027,Jason Gross,Corporate,China,Asia Pacific,Eastern Asia,OFF-BI-2912,Office Supplies,Binders,"Acco Hole Reinforcements, Clear",30.6,5,0,12.75
IN-2015-MB180857-42172,2015-06-17 00:00:00,MB-180857,Mick Brown,Consumer,Australia,Asia Pacific,Oceania,OFF-ST-5686,Office Supplies,Storage,"Rogers Box, Blue",21.573,1,0.1,4.5329999999999995
KZ-2015-LW699068-42180,2015-06-25 00:00:00,LW-699068,Lindsay Williams,Corporate,Kazakhstan,Asia Pacific,Central Asia,FUR-CH-4697,Furniture,Chairs,"Hon Steel Folding Chair, Adjustable",25.173000000000002,1,0.7,-43.64699999999999
RS-2015-TS11655108-42165,2015-06-10 00:00:00,TS-11655108,Trudy Schmidt,Consumer,Russia,Europe,Eastern Europe,OFF-LA-5404,Office Supplies,Labels,"Novimex Shipping Labels, Alphabetical",21.599999999999998,2,0,10.8
MX-2015-RH196005-42168,2015-06-13 00:00:00,RH-196005,Rob Haberlin,Consumer,Argentina,LATAM,South America,OFF-AR-5921,Office Supplies,Art,"Sanford Pencil Sharpener, Easy-Erase",10.836,1,0.4,-0.9039999999999985
NI-2015-CR258095-42185,2015-06-30 00:00:00,CR-258095,Clay Rozendal,Home Office,Nigeria,Africa,Western Africa,OFF-ST-4251,Office Supplies,Storage,"Fellowes Box, Industrial",12.096000000000004,2,0.7,-26.244000000000003
TU-2015-GR4560134-42159,2015-06-04 00:00:00,GR-4560134,Georgia Rosenberg,Corporate,Turkey,Asia Pacific,Western Asia,OFF-BI-3293,Office Supplies,Binders,"Avery Index Tab, Clear",2.532,1,0.6,-3.558
TU-2015-BF1020134-42159,2015-06-04 00:00:00,BF-1020134,Barry Französisch,Corporate,Turkey,Asia Pacific,Western Asia,OFF-FA-5474,Office Supplies,Fasteners,"OIC Push Pins, Metal",6.0120000000000005,1,0.6,-3.017999999999999
MO-2015-NK849086-42163,2015-06-08 00:00:00,NK-849086,Neil Knudson,Home Office,Morocco,Africa,North Africa,OFF-BI-3293,Office Supplies,Binders,"Avery Index Tab, Clear",6.33,1,0,0.24
IR-2015-MT781560-42164,2015-06-09 00:00:00,MT-781560,Meg Tillman,Consumer,Iran,Asia Pacific,Southern Asia,TEC-AC-3384,Technology,Accessories,"Belkin Keyboard, Bluetooth",167.76,2,0,41.94
ID-2015-ES1402059-42172,2015-06-17 00:00:00,ES-1402059,Erica Smith,Consumer,Indonesia,Asia Pacific,Southeastern Asia,FUR-FU-5731,Furniture,Furnishings,"Rubbermaid Light Bulb, Black",13.753199999999996,1,0.27,3.1932
TU-2015-PV8985134-42167,2015-06-12 00:00:00,PV-8985134,Paul Van Hugh,Home Office,Turkey,Asia Pacific,Western Asia,OFF-AR-5912,Office Supplies,Art,"Sanford Highlighters, Fluorescent",6.803999999999999,1,0.6,-3.065999999999998
CA-2015-RA19945140-42173,2015-06-18 00:00:00,RA-199451404,Ryan Akin,Consumer,United States,USCA,Western US,OFF-ST-3746,Office Supplies,Storage,Carina Media Storage Towers in Natural & Black,146.352,3,0.2,-32.9292
EG-2015-AD18038-42173,2015-06-18 00:00:00,AD-18038,Alan Dominguez,Home Office,Egypt,Africa,North Africa,OFF-AR-5926,Office Supplies,Art,"Sanford Pens, Fluorescent",12.36,1,0,3.4499999999999997
ID-2015-TT2107059-42171,2015-06-16 00:00:00,TT-2107059,Ted Trevino,Consumer,Indonesia,Asia Pacific,Southeastern Asia,OFF-EN-3674,Office Supplies,Envelopes,"Cameo Peel and Seal, Security-Tint",12.402,1,0.47000000000000003,-6.558
US-2015-VM2168536-42158,2015-06-03 00:00:00,VM-2168536,Valerie Mitchum,Home Office,Dominican Republic,LATAM,Caribbean,OFF-EN-4924,Office Supplies,Envelopes,"Jiffy Peel and Seal, Security-Tint",11.952000000000002,1,0.2,0.732
ES-2015-KL1664548-42179,2015-06-24 00:00:00,KL-1664548,Ken Lonsdale,Consumer,Germany,Europe,Western Europe,OFF-FA-5467,Office Supplies,Fasteners,"OIC Paper Clips, 12 Pack",27.72,2,0,6.6000000000000005
IN-2015-SS20140102-42179,2015-06-24 00:00:00,SS-20140102,Saphhira Shifley,Corporate,Philippines,Asia Pacific,Southeastern Asia,OFF-BI-3736,Office Supplies,Binders,"Cardinal Hole Reinforcements, Recycled",9.69,2,0.15000000000000002,1.1099999999999994
MX-2015-GH1448551-42165,2015-06-10 00:00:00,GH-1448551,Gene Hale,Corporate,Guatemala,LATAM,Central America,OFF-PA-3996,Office Supplies,Paper,"Eaton Memo Slips, Premium",18.32,2,0,1.0800000000000003
MX-2015-SP2092018-42158,2015-06-03 00:00:00,SP-2092018,Susan Pistek,Consumer,Brazil,LATAM,South America,OFF-BI-3739,Office Supplies,Binders,"Cardinal Index Tab, Economy",17.52,3,0,5.58
CG-2015-AF88533-42166,2015-06-11 00:00:00,AF-88533,Art Foster,Consumer,Democratic Republic of the Congo,Africa,Central Africa,OFF-PA-4160,Office Supplies,Paper,"Enermax Memo Slips, Multicolor",17.07,1,0,8.01
ES-2015-BC11125120-42185,2015-06-30 00:00:00,BC-11125120,Becky Castell,Home Office,Spain,Europe,Southern Europe,TEC-MA-5567,Technology,Machines,"Panasonic Phone, Durable",76.46400000000001,1,0.1,30.564
KZ-2015-FM438068-42178,2015-06-23 00:00:00,FM-438068,Fred McMath,Consumer,Kazakhstan,Asia Pacific,Central Asia,OFF-BI-3733,Office Supplies,Binders,"Cardinal Hole Reinforcements, Clear",2.880000000000001,2,0.7,-2.3400000000000007
ES-2015-BC11125120-42185,2015-06-30 00:00:00,BC-11125120,Becky Castell,Home Office,Spain,Europe,Southern Europe,OFF-BI-2914,Office Supplies,Binders,"Acco Hole Reinforcements, Economy",33.3,5,0,2.8500000000000005
ES-2015-BM1165045-42167,2015-06-12 00:00:00,BM-1165045,Brian Moss,Corporate,France,Europe,Western Europe,OFF-BI-2913,Office Supplies,Binders,"Acco Hole Reinforcements, Durable",24.48,3,0,11.43
SA-2015-JB5400110-42174,2015-06-19 00:00:00,JB-5400110,Jennifer Braxton,Corporate,Saudi Arabia,Asia Pacific,Western Asia,OFF-AR-5919,Office Supplies,Art,"Sanford Markers, Fluorescent",24.509999999999998,1,0,9.78
UP-2015-RA9885137-42176,2015-06-21 00:00:00,RA-9885137,Ruben Ausman,Corporate,Ukraine,Europe,Eastern Europe,OFF-BI-4825,Office Supplies,Binders,"Ibico Hole Reinforcements, Economy",13.98,2,0,6.84
US-2015-AG10330143-42167,2015-06-12 00:00:00,AG-10330143,Alex Grayson,Consumer,Venezuela,LATAM,South America,OFF-BI-6400,Office Supplies,Binders,"Wilson Jones Hole Reinforcements, Recycled",1.956,1,0.4,-0.42400000000000004
MO-2015-AB60086-42173,2015-06-18 00:00:00,AB-60086,Ann Blume,Corporate,Morocco,Africa,North Africa,OFF-BI-2912,Office Supplies,Binders,"Acco Hole Reinforcements, Clear",6.12,1,0,0.24
AG-2015-DL28653-42167,2015-06-12 00:00:00,DL-28653,Dan Lawera,Consumer,Algeria,Africa,North Africa,OFF-AR-6122,Office Supplies,Art,"Stanley Pens, Easy-Erase",10.32,1,0,4.53
EG-2015-RO978038-42175,2015-06-20 00:00:00,RO-978038,Rose O'Brian,Consumer,Egypt,Africa,North Africa,OFF-ST-6026,Office Supplies,Storage,"Smead Box, Wire Frame",9.84,1,0,1.6500000000000001
US-2015-JF152955-42168,2015-06-13 00:00:00,JF-152955,Jason Fortune-,Consumer,Argentina,LATAM,South America,TEC-CO-4789,Technology,Copiers,"HP Wireless Fax, Color",144.1778,1,0.402,-12.542200000000026
MX-2015-BS1180018-42161,2015-06-06 00:00:00,BS-1180018,Bryan Spruell,Home Office,Brazil,LATAM,South America,OFF-LA-4659,Office Supplies,Labels,"Hon File Folder Labels, Alphabetical",5.64,1,0,1.24
IR-2015-AR57060-42179,2015-06-24 00:00:00,AR-57060,Anemone Ratner,Consumer,Iran,Asia Pacific,Southern Asia,OFF-ST-4028,Office Supplies,Storage,"Eldon Box, Blue",10.259999999999998,1,0,2.64
CA-2015-SS20140140-42159,2015-06-04 00:00:00,SS-201401404,Saphhira Shifley,Corporate,United States,USCA,Western US,TEC-AC-4945,Technology,Accessories,Kingston Digital DataTraveler 16GB USB 2.0,44.75,5,0,8.502499999999994
ID-2015-RE19405102-42169,2015-06-14 00:00:00,RE-19405102,Ricardo Emerson,Consumer,Philippines,Asia Pacific,Southeastern Asia,OFF-LA-4658,Office Supplies,Labels,"Hon File Folder Labels, Adjustable",14.388,4,0.45,-4.451999999999998
CA-2015-SS20140140-42159,2015-06-04 00:00:00,SS-201401404,Saphhira Shifley,Corporate,United States,USCA,Western US,OFF-BI-6332,Office Supplies,Binders,UniKeep View Case Binders,3.912,1,0.2,1.2713999999999996
CA-2015-SS20140140-42159,2015-06-04 00:00:00,SS-201401404,Saphhira Shifley,Corporate,United States,USCA,Western US,OFF-PA-6502,Office Supplies,Paper,Xerox 1947,11.96,2,0,5.382
US-2015-TB2140055-42160,2015-06-05 00:00:00,TB-2140055,Tom Boeckenhauer,Consumer,Honduras,LATAM,Central America,OFF-ST-6038,Office Supplies,Storage,"Smead Folders, Blue",13.991999999999999,2,0.4,-6.5680000000000005
CA-2015-SB20170140-42168,2015-06-13 00:00:00,SB-201701406,Sarah Bern,Consumer,United States,USCA,Eastern US,FUR-CH-5767,Furniture,Chairs,Safco Contoured Stacking Chairs,858.24,4,0.1,143.03999999999996
CA-2015-SB20170140-42168,2015-06-13 00:00:00,SB-201701406,Sarah Bern,Consumer,United States,USCA,Eastern US,OFF-AR-3520,Office Supplies,Art,Boston 1730 StandUp Electric Pencil Sharpener,64.14,3,0,16.6764
CA-2015-SB20170140-42168,2015-06-13 00:00:00,SB-201701406,Sarah Bern,Consumer,United States,USCA,Eastern US,OFF-PA-6310,Office Supplies,Paper,"TOPS Voice Message Log Book, Flash Format",19.04,4,0,9.3296
CA-2015-SB20170140-42168,2015-06-13 00:00:00,SB-201701406,Sarah Bern,Consumer,United States,USCA,Eastern US,OFF-BI-3119,Office Supplies,Binders,Angle-D Ring Binders,13.128,3,0.2,4.266599999999999
ES-2015-MF1766545-42166,2015-06-11 00:00:00,MF-1766545,Maureen Fritzler,Corporate,France,Europe,Western Europe,OFF-AR-6112,Office Supplies,Art,"Stanley Highlighters, Fluorescent",31.919999999999995,2,0,11.76
CA-2015-SB20185140-42181,2015-06-26 00:00:00,SB-201851406,Sarah Brown,Consumer,United States,USCA,Eastern US,FUR-BO-3978,Furniture,Bookcases,DMI Eclipse Executive Suite Bookcases,400.78400000000005,1,0.2,-5.009800000000027
CA-2015-SB20185140-42168,2015-06-13 00:00:00,SB-201851404,Sarah Brown,Consumer,United States,USCA,Western US,TEC-PH-5535,Technology,Phones,OtterBox Defender Series Case - Samsung Galaxy S4,71.976,3,0.2,8.99699999999999
CA-2015-SB20185140-42168,2015-06-13 00:00:00,SB-201851404,Sarah Brown,Consumer,United States,USCA,Western US,OFF-PA-6565,Office Supplies,Paper,Xerox 203,19.44,3,0,9.3312
SU-2015-TC11475122-42165,2015-06-10 00:00:00,TC-11475122,Tony Chapman,Home Office,Sudan,Africa,North Africa,OFF-BI-3734,Office Supplies,Binders,"Cardinal Hole Reinforcements, Durable",6.840000000000001,1,0,1.41
NI-2015-SC1023095-42175,2015-06-20 00:00:00,SC-1023095,Scot Coram,Corporate,Nigeria,Africa,Western Africa,OFF-AR-3488,Office Supplies,Art,"Binney & Smith Markers, Blue",7.227,1,0.7,-12.302999999999995
MX-2015-BE1133582-42161,2015-06-06 00:00:00,BE-1133582,Bill Eplett,Home Office,Mexico,LATAM,Central America,OFF-LA-4659,Office Supplies,Labels,"Hon File Folder Labels, Alphabetical",5.64,1,0,1.24
TU-2015-BF1020134-42159,2015-06-04 00:00:00,BF-1020134,Barry Französisch,Corporate,Turkey,Asia Pacific,Western Asia,OFF-LA-4533,Office Supplies,Labels,"Harbour Creations File Folder Labels, 5000 Label Set",7.296000000000001,2,0.6,-6.984000000000001
RS-2015-JD6060108-42172,2015-06-17 00:00:00,JD-6060108,Julia Dunbar,Consumer,Russia,Europe,Eastern Europe,OFF-PA-3997,Office Supplies,Paper,"Eaton Memo Slips, Recycled",13.649999999999999,1,0,2.8499999999999996
CA-2015-SC20260140-42182,2015-06-27 00:00:00,SC-202601406,Scott Cohen,Corporate,United States,USCA,Eastern US,OFF-ST-4752,Office Supplies,Storage,"Hot File 7-Pocket, Floor Stand",713.88,4,0,214.16399999999993
CA-2015-SC20260140-42182,2015-06-27 00:00:00,SC-202601406,Scott Cohen,Corporate,United States,USCA,Eastern US,OFF-PA-6550,Office Supplies,Paper,Xerox 1991,68.52,3,0,31.519199999999998
CA-2015-SC20260140-42182,2015-06-27 00:00:00,SC-202601406,Scott Cohen,Corporate,United States,USCA,Eastern US,OFF-BI-4360,Office Supplies,Binders,GBC ProClick Punch Binding System,102.368,2,0.2,37.1084
CA-2015-SC20260140-42182,2015-06-27 00:00:00,SC-202601406,Scott Cohen,Corporate,United States,USCA,Eastern US,OFF-SU-2982,Office Supplies,Supplies,Acme Preferred Stainless Steel Scissors,28.4,5,0,8.235999999999999
ES-2015-MW18235139-42173,2015-06-18 00:00:00,MW-18235139,Mitch Willingham,Corporate,United Kingdom,Europe,Northern Europe,OFF-SU-4124,Office Supplies,Supplies,"Elite Ruler, High Speed",13.799999999999999,1,0,1.08
MO-2015-AB60086-42173,2015-06-18 00:00:00,AB-60086,Ann Blume,Corporate,Morocco,Africa,North Africa,OFF-BI-2893,Office Supplies,Binders,"Acco Binder Covers, Economy",26.639999999999997,2,0,10.92
BO-2015-CD279013-42161,2015-06-06 00:00:00,CD-279013,Cynthia Delaney,Home Office,Belarus,Europe,Eastern Europe,OFF-BI-3291,Office Supplies,Binders,"Avery Hole Reinforcements, Economy",8.82,2,0,0
MO-2015-GM445586-42156,2015-06-01 00:00:00,GM-445586,Gary Mitchum,Home Office,Morocco,Africa,North Africa,OFF-EN-3111,Office Supplies,Envelopes,"Ames Peel and Seal, with clear poly window",22.23,1,0,10.2
CA-2015-SC20305140-42166,2015-06-11 00:00:00,SC-203051402,Sean Christensen,Consumer,United States,USCA,Central US,TEC-AC-4871,Technology,Accessories,Imation 16GB Mini TravelDrive USB 2.0 Flash Drive,132.52,4,0,54.333200000000005
EZ-2015-TB1140032-42161,2015-06-06 00:00:00,TB-1140032,Tom Boeckenhauer,Consumer,Czech Republic,Europe,Eastern Europe,OFF-LA-5382,Office Supplies,Labels,"Novimex File Folder Labels, 5000 Label Set",8.64,1,0,3.3600000000000003
ID-2015-TZ214457-42159,2015-06-04 00:00:00,TZ-214457,Tom Zandusky,Corporate,Australia,Asia Pacific,Oceania,OFF-FA-2958,Office Supplies,Fasteners,"Accos Staples, Metal",13.284,2,0.4,-8.676
MX-2015-EM1406593-42160,2015-06-05 00:00:00,EM-1406593,Erin Mull,Consumer,Nicaragua,LATAM,Central America,TEC-CO-4588,Technology,Copiers,"Hewlett Personal Copier, High-Speed",189.58007999999998,2,0.002,14.780079999999998
MX-2015-BM1165082-42171,2015-06-16 00:00:00,BM-1165082,Brian Moss,Corporate,Mexico,LATAM,Central America,OFF-SU-6172,Office Supplies,Supplies,"Stiletto Scissors, Easy Grip",33.64,2,0,10.76
IN-2015-JG1580559-42173,2015-06-18 00:00:00,JG-1580559,John Grady,Corporate,Indonesia,Asia Pacific,Southeastern Asia,OFF-LA-4555,Office Supplies,Labels,"Harbour Creations Shipping Labels, Laser Printer Compatible",18.2214,3,0.47000000000000003,-3.108600000000001
ZA-2015-KW6435146-42167,2015-06-12 00:00:00,KW-6435146,Katrina Willman,Consumer,Zambia,Africa,Eastern Africa,OFF-BI-6402,Office Supplies,Binders,"Wilson Jones Index Tab, Clear",5.91,1,0,0.51
ID-2015-MS17770118-42171,2015-06-16 00:00:00,MS-17770118,Maxwell Schwartz,Consumer,South Korea,Asia Pacific,Eastern Asia,OFF-BI-3290,Office Supplies,Binders,"Avery Hole Reinforcements, Durable",2.955,1,0.5,-1.965
IN-2015-RS1987058-42179,2015-06-24 00:00:00,RS-1987058,Roy Skaria,Home Office,India,Asia Pacific,Southern Asia,OFF-BI-4813,Office Supplies,Binders,"Ibico Binder, Economy",15.479999999999997,1,0,3.87
CG-2015-AJ78033-42158,2015-06-03 00:00:00,AJ-78033,Anthony Jacobs,Corporate,Democratic Republic of the Congo,Africa,Central Africa,OFF-LA-4685,Office Supplies,Labels,"Hon Round Labels, 5000 Label Set",7.050000000000001,1,0,2.25
IN-2015-AH1069027-42181,2015-06-26 00:00:00,AH-1069027,Anna Häberlin,Corporate,China,Asia Pacific,Eastern Asia,OFF-BI-3737,Office Supplies,Binders,"Cardinal Index Tab, Clear",7.26,1,0,1.29
SA-2015-EC4050110-42160,2015-06-05 00:00:00,EC-4050110,Erin Creighton,Consumer,Saudi Arabia,Asia Pacific,Western Asia,OFF-AR-3496,Office Supplies,Art,"Binney & Smith Pens, Easy-Erase",12.21,1,0,0
IN-2015-RP1985588-42157,2015-06-02 00:00:00,RP-1985588,Roy Phan,Corporate,Myanmar (Burma),Asia Pacific,Southeastern Asia,OFF-LA-5401,Office Supplies,Labels,"Novimex Round Labels, Laser Printer Compatible",5.2040999999999995,1,0.17,1.8740999999999999
MX-2015-LO1717093-42178,2015-06-23 00:00:00,LO-1717093,Lori Olson,Corporate,Nicaragua,LATAM,Central America,OFF-FA-2955,Office Supplies,Fasteners,"Accos Staples, 12 Pack",27.68,4,0,12.72
US-2015-VM2168536-42158,2015-06-03 00:00:00,VM-2168536,Valerie Mitchum,Home Office,Dominican Republic,LATAM,Caribbean,OFF-LA-6055,Office Supplies,Labels,"Smead Round Labels, Alphabetical",10.751999999999999,3,0.2,0.7920000000000001
ES-2015-BC11125120-42185,2015-06-30 00:00:00,BC-11125120,Becky Castell,Home Office,Spain,Europe,Southern Europe,OFF-BI-6378,Office Supplies,Binders,"Wilson Jones Binder, Clear",37.44,3,0,2.9699999999999998
CA-2015-SH1039523-42178,2015-06-23 00:00:00,SH-1039523,Shahid Hopkins,Consumer,Canada,USCA,Canada,OFF-BI-2900,Office Supplies,Binders,"Acco Binding Machine, Durable",52.59,1,0,12.600000000000001
ID-2015-JL1523559-42174,2015-06-19 00:00:00,JL-1523559,Janet Lee,Consumer,Indonesia,Asia Pacific,Southeastern Asia,OFF-LA-3321,Office Supplies,Labels,"Avery Shipping Labels, Adjustable",20.67,4,0.47000000000000003,-8.970000000000002
CA-2015-SH1039523-42178,2015-06-23 00:00:00,SH-1039523,Shahid Hopkins,Consumer,Canada,USCA,Canada,OFF-FA-3053,Office Supplies,Fasteners,"Advantus Push Pins, 12 Pack",13.86,1,0,4.83
NI-2015-SP1092095-42158,2015-06-03 00:00:00,SP-1092095,Susan Pistek,Consumer,Nigeria,Africa,Western Africa,OFF-BI-4807,Office Supplies,Binders,"Ibico Binder Covers, Clear",3.9330000000000003,1,0.7,-8.277
MX-2015-JL1583593-42178,2015-06-23 00:00:00,JL-1583593,John Lee,Consumer,Nicaragua,LATAM,Central America,OFF-ST-4031,Office Supplies,Storage,"Eldon Box, Wire Frame",18.659999999999993,3,0,7.26
US-2015-PS1876018-42173,2015-06-18 00:00:00,PS-1876018,Pamela Stobb,Consumer,Brazil,LATAM,South America,FUR-FU-4043,Furniture,Furnishings,"Eldon Door Stop, Erganomic",26.016000000000002,2,0.6,-14.984000000000009
TU-2015-CS2460134-42167,2015-06-12 00:00:00,CS-2460134,Chuck Sachs,Consumer,Turkey,Asia Pacific,Western Asia,OFF-BI-3254,Office Supplies,Binders,"Avery Binder, Recycled",5.304,1,0.6,-1.8659999999999997
ID-2015-EK1379588-42159,2015-06-04 00:00:00,EK-1379588,Eileen Kiefer,Home Office,Myanmar (Burma),Asia Pacific,Southeastern Asia,FUR-BO-3890,Furniture,Bookcases,"Dania Classic Bookcase, Mobile",260.3664,1,0.37,-132.2736
IN-2015-TS21610144-42161,2015-06-06 00:00:00,TS-21610144,Troy Staebel,Consumer,Vietnam,Asia Pacific,Southeastern Asia,OFF-FA-6201,Office Supplies,Fasteners,"Stockwell Staples, 12 Pack",16.9818,2,0.17,-2.4582
ID-2015-JP155207-42173,2015-06-18 00:00:00,JP-155207,Jeremy Pistek,Consumer,Australia,Asia Pacific,Oceania,OFF-BI-4807,Office Supplies,Binders,"Ibico Binder Covers, Clear",23.598,2,0.1,2.598
BO-2015-PB910513-42158,2015-06-03 00:00:00,PB-910513,Peter Bühler,Consumer,Belarus,Europe,Eastern Europe,OFF-BI-4825,Office Supplies,Binders,"Ibico Hole Reinforcements, Economy",6.99,1,0,3.42
CA-2015-SD20485140-42169,2015-06-14 00:00:00,SD-204851402,Shirley Daniels,Home Office,United States,USCA,Central US,FUR-CH-4424,Furniture,Chairs,Global Super Steno Chair,470.30199999999996,7,0.3,-87.34180000000003
CA-2015-SD20485140-42169,2015-06-14 00:00:00,SD-204851402,Shirley Daniels,Home Office,United States,USCA,Central US,OFF-ST-3361,Office Supplies,Storage,"Belkin 19"" Vented Equipment Shelf, Black",164.736,4,0.2,-39.12479999999999
CA-2015-SD20485140-42169,2015-06-14 00:00:00,SD-204851402,Shirley Daniels,Home Office,United States,USCA,Central US,TEC-PH-5535,Technology,Phones,OtterBox Defender Series Case - Samsung Galaxy S4,47.984,2,0.2,5.997999999999992
NI-2015-BG169595-42159,2015-06-04 00:00:00,BG-169595,Brooke Gillingham,Corporate,Nigeria,Africa,Western Africa,OFF-BI-2897,Office Supplies,Binders,"Acco Binder, Economy",4.545,1,0.7,-8.504999999999999
CA-2015-ST20530140-42176,2015-06-21 00:00:00,ST-205301406,Shui Tom,Consumer,United States,USCA,Eastern US,OFF-PA-6565,Office Supplies,Paper,Xerox 203,31.104000000000006,6,0.2,10.8864
CA-2015-ST20530140-42176,2015-06-21 00:00:00,ST-205301406,Shui Tom,Consumer,United States,USCA,Eastern US,OFF-AR-5330,Office Supplies,Art,Newell 35,5.248,2,0.2,0.5903999999999991
MX-2015-SC2080018-42167,2015-06-12 00:00:00,SC-2080018,Stuart Calhoun,Consumer,Brazil,LATAM,South America,OFF-PA-4472,Office Supplies,Paper,"Green Bar Memo Slips, Premium",22.6,2,0,9.24
IT-2015-AS1022562-42179,2015-06-24 00:00:00,AS-1022562,Alan Schoenberger,Corporate,Ireland,Europe,Northern Europe,OFF-BI-3739,Office Supplies,Binders,"Cardinal Index Tab, Economy",13.14,3,0.5,-1.0799999999999983
TU-2015-GR4560134-42159,2015-06-04 00:00:00,GR-4560134,Georgia Rosenberg,Corporate,Turkey,Asia Pacific,Western Asia,OFF-AR-5910,Office Supplies,Art,"Sanford Highlighters, Blue",6.299999999999999,1,0.6,-7.7399999999999975
CA-2015-SC20575140-42180,2015-06-25 00:00:00,SC-205751406,Sonia Cooley,Consumer,United States,USCA,Eastern US,OFF-BI-4358,Office Supplies,Binders,GBC Prestige Therm-A-Bind Covers,102.93,3,0,48.377100000000006
NI-2015-NC841595-42173,2015-06-18 00:00:00,NC-841595,Nathan Cano,Consumer,Nigeria,Africa,Western Africa,OFF-PA-4483,Office Supplies,Paper,"Green Bar Parchment Paper, Premium",5.0040000000000004,1,0.7,-11.195999999999998
ID-2015-AB1001559-42178,2015-06-23 00:00:00,AB-1001559,Aaron Bergman,Consumer,Indonesia,Asia Pacific,Southeastern Asia,OFF-LA-5398,Office Supplies,Labels,"Novimex Round Labels, 5000 Label Set",10.5894,3,0.47000000000000003,-3.270599999999999
IN-2015-KE1642066-42174,2015-06-19 00:00:00,KE-1642066,Katrina Edelman,Corporate,Japan,Asia Pacific,Eastern Asia,OFF-PA-3996,Office Supplies,Paper,"Eaton Memo Slips, Premium",27.48,2,0,12.36
NI-2015-Dl360095-42180,2015-06-25 00:00:00,Dl-360095,Dorris liebe,Corporate,Nigeria,Africa,Western Africa,TEC-PH-3135,Technology,Phones,"Apple Headset, with Caller ID",21.978,1,0.7,-40.30199999999999
RS-2015-JS5940108-42168,2015-06-13 00:00:00,JS-5940108,Joni Sundaresam,Home Office,Russia,Europe,Eastern Europe,OFF-BI-2917,Office Supplies,Binders,"Acco Index Tab, Clear",8.58,1,0,1.35
RS-2015-TC11145108-42178,2015-06-23 00:00:00,TC-11145108,Theresa Coyne,Corporate,Russia,Europe,Eastern Europe,OFF-LA-4637,Office Supplies,Labels,"Hon Color Coded Labels, 5000 Label Set",13.2,1,0,0
US-2015-TT2126518-42163,2015-06-08 00:00:00,TT-2126518,Tim Taslimi,Corporate,Brazil,LATAM,South America,OFF-PA-4474,Office Supplies,Paper,"Green Bar Message Books, 8.5 x 11",7.448,1,0.6,-3.9120000000000017
MX-2015-SV2036582-42179,2015-06-24 00:00:00,SV-2036582,Seth Vernon,Consumer,Mexico,LATAM,Central America,OFF-SU-2966,Office Supplies,Supplies,"Acme Box Cutter, High Speed",25.2,1,0,12.6
PL-2015-EH4005103-42173,2015-06-18 00:00:00,EH-4005103,Erica Hernandez,Home Office,Poland,Europe,Eastern Europe,FUR-FU-3949,Furniture,Furnishings,"Deflect-O Light Bulb, Erganomic",17.61,1,0,8.790000000000001
MX-2015-MG1814582-42161,2015-06-06 00:00:00,MG-1814582,Mike Gockenbach,Consumer,Mexico,LATAM,Central America,OFF-FA-2957,Office Supplies,Fasteners,"Accos Staples, Bulk Pack",7.300000000000002,1,0,2.7
US-2015-BE1145555-42185,2015-06-30 00:00:00,BE-1145555,Brad Eason,Home Office,Honduras,LATAM,Central America,OFF-SU-4120,Office Supplies,Supplies,"Elite Letter Opener, Easy Grip",10.92,1,0.4,-4.38
ID-2015-CS11845118-42168,2015-06-13 00:00:00,CS-11845118,Cari Sayre,Corporate,South Korea,Asia Pacific,Eastern Asia,OFF-AR-3526,Office Supplies,Art,"Boston Canvas, Easy-Erase",26.955,1,0.5,-16.724999999999998
NI-2015-EM396095-42175,2015-06-20 00:00:00,EM-396095,Eric Murdock,Consumer,Nigeria,Africa,Western Africa,OFF-AR-3481,Office Supplies,Art,"Binney & Smith Highlighters, Blue",9.953999999999999,2,0.7,-18.30599999999999
US-2015-JL1513018-42159,2015-06-04 00:00:00,JL-1513018,Jack Lebron,Consumer,Brazil,LATAM,South America,FUR-CH-5446,Furniture,Chairs,"Office Star Rocking Chair, Adjustable",76.48000000000002,2,0.6,-76.47999999999999
ES-2015-AJ1079545-42182,2015-06-27 00:00:00,AJ-1079545,Anthony Johnson,Corporate,France,Europe,Western Europe,OFF-ST-6275,Office Supplies,Storage,"Tenex Shelving, Wire Frame",48.357000000000006,1,0.1,1.0469999999999988
TU-2015-BF1020134-42159,2015-06-04 00:00:00,BF-1020134,Barry Französisch,Corporate,Turkey,Asia Pacific,Western Asia,OFF-EN-5032,Office Supplies,Envelopes,"Kraft Interoffice Envelope, with clear poly window",20.184,1,0.6,-10.626000000000001
NI-2015-Dl360095-42180,2015-06-25 00:00:00,Dl-360095,Dorris liebe,Corporate,Nigeria,Africa,Western Africa,OFF-ST-4030,Office Supplies,Storage,"Eldon Box, Single Width",12.348,4,0.7,-16.931999999999995
CA-2015-SC20725140-42182,2015-06-27 00:00:00,SC-207251406,Steven Cartwright,Consumer,United States,USCA,Eastern US,TEC-PH-5244,Technology,Phones,Mophie Juice Pack Helium for iPhone,239.96999999999997,3,0,67.1916
RS-2015-JD6060108-42172,2015-06-17 00:00:00,JD-6060108,Julia Dunbar,Consumer,Russia,Europe,Eastern Europe,OFF-LA-4637,Office Supplies,Labels,"Hon Color Coded Labels, 5000 Label Set",13.2,1,0,0
SF-2015-MS7770117-42178,2015-06-23 00:00:00,MS-7770117,Maxwell Schwartz,Consumer,South Africa,Africa,Southern Africa,OFF-BI-6399,Office Supplies,Binders,"Wilson Jones Hole Reinforcements, Economy",4.530000000000001,1,0,2.25
BO-2015-PB910513-42158,2015-06-03 00:00:00,PB-910513,Peter Bühler,Consumer,Belarus,Europe,Eastern Europe,OFF-BI-3295,Office Supplies,Binders,"Avery Index Tab, Economy",7.83,1,0,3.21
CA-2015-SR20740140-42173,2015-06-18 00:00:00,SR-207401406,Steven Roelle,Home Office,United States,USCA,Eastern US,TEC-MA-4600,Technology,Machines,Hewlett-Packard Desktjet 6988DT Refurbished Printer,3404.5,5,0,1668.205
CA-2015-SR20740140-42173,2015-06-18 00:00:00,SR-207401406,Steven Roelle,Home Office,United States,USCA,Eastern US,TEC-AC-4947,Technology,Accessories,Kingston Digital DataTraveler 64GB USB 2.0,101.34,3,0,8.107199999999992
ZA-2015-BT1395147-42164,2015-06-09 00:00:00,BT-1395147,Bill Tyler,Corporate,Zimbabwe,Africa,Eastern Africa,OFF-AR-3495,Office Supplies,Art,"Binney & Smith Pens, Blue",7.1640000000000015,2,0.7,-6.6960000000000015
EG-2015-EM381038-42179,2015-06-24 00:00:00,EM-381038,Eleni McCrary,Corporate,Egypt,Africa,North Africa,OFF-EN-5044,Office Supplies,Envelopes,"Kraft Peel and Seal, with clear poly window",24.03,1,0,6.48
TU-2015-LS6945134-42174,2015-06-19 00:00:00,LS-6945134,Linda Southworth,Corporate,Turkey,Asia Pacific,Western Asia,OFF-AR-3548,Office Supplies,Art,"Boston Pens, Fluorescent",6.192,1,0.6,-6.678000000000001
ES-2015-RR1931548-42158,2015-06-03 00:00:00,RR-1931548,Ralph Ritter,Consumer,Germany,Europe,Western Europe,OFF-LA-5387,Office Supplies,Labels,"Novimex Legal Exhibit Labels, 5000 Label Set",21.72,2,0,2.82
IT-2015-AM1036045-42167,2015-06-12 00:00:00,AM-1036045,Alice McCarthy,Corporate,France,Europe,Western Europe,TEC-MA-6133,Technology,Machines,"StarTech Calculator, Red",126.17399999999999,4,0.15,-0.0659999999999954
IN-2015-DO1343511-42184,2015-06-29 00:00:00,DO-1343511,Denny Ordway,Consumer,Bangladesh,Asia Pacific,Southern Asia,OFF-PA-4001,Office Supplies,Paper,"Eaton Message Books, Recycled",61.47,3,0,25.740000000000002
NI-2015-NR855095-42166,2015-06-11 00:00:00,NR-855095,Nick Radford,Consumer,Nigeria,Africa,Western Africa,OFF-AR-3467,Office Supplies,Art,"BIC Pens, Water Color",5.238000000000001,1,0.7,-5.082
CA-2015-SC20800140-42171,2015-06-16 00:00:00,SC-208001404,Stuart Calhoun,Consumer,United States,USCA,Western US,OFF-AR-3970,Office Supplies,Art,"Dixon Prang Watercolor Pencils, 10-Color Set with Brush",4.26,1,0,1.7466
MX-2015-MN1793528-42174,2015-06-19 00:00:00,MN-1793528,Michael Nguyen,Consumer,Colombia,LATAM,South America,OFF-SU-6172,Office Supplies,Supplies,"Stiletto Scissors, Easy Grip",16.82,1,0,5.38
ES-2015-CH1207045-42173,2015-06-18 00:00:00,CH-1207045,Cathy Hwang,Home Office,France,Europe,Western Europe,OFF-BI-6405,Office Supplies,Binders,"Wilson Jones Index Tab, Recycled",6.8100000000000005,1,0,1.8900000000000001
CG-2015-DF313533-42173,2015-06-18 00:00:00,DF-313533,David Flashing,Consumer,Democratic Republic of the Congo,Africa,Central Africa,OFF-PA-6608,Office Supplies,Paper,"Xerox Computer Printout Paper, Recycled",26.25,1,0,8.64
US-2015-JW1595555-42180,2015-06-25 00:00:00,JW-1595555,Joni Wasserman,Consumer,Honduras,LATAM,Central America,OFF-FA-6196,Office Supplies,Fasteners,"Stockwell Push Pins, Metal",11.28,2,0.4,-7.360000000000001
ID-2015-ES1402059-42172,2015-06-17 00:00:00,ES-1402059,Erica Smith,Consumer,Indonesia,Asia Pacific,Southeastern Asia,OFF-EN-5027,Office Supplies,Envelopes,"Kraft Clasp Envelope, Set of 50",19.080000000000002,4,0.47000000000000003,-16.200000000000003
AG-2015-RS94203-42167,2015-06-12 00:00:00,RS-94203,Ricardo Sperren,Corporate,Algeria,Africa,North Africa,OFF-BI-3733,Office Supplies,Binders,"Cardinal Hole Reinforcements, Clear",4.800000000000001,1,0,2.19
MX-2015-SF2020039-42164,2015-06-09 00:00:00,SF-2020039,Sarah Foster,Consumer,El Salvador,LATAM,Central America,OFF-FA-6194,Office Supplies,Fasteners,"Stockwell Push Pins, Assorted Sizes",7.880000000000001,1,0,1.02
ID-2015-JH154307-42165,2015-06-10 00:00:00,JH-154307,Jennifer Halladay,Consumer,Australia,Asia Pacific,Oceania,OFF-BI-6380,Office Supplies,Binders,"Wilson Jones Binder, Economy",7.811999999999999,1,0.4,-2.748
ET-2015-AT43543-42157,2015-06-02 00:00:00,AT-43543,Alyssa Tate,Home Office,Ethiopia,Africa,Eastern Africa,OFF-AR-3467,Office Supplies,Art,"BIC Pens, Water Color",17.46,1,0,7.14
CA-2015-TD20995140-42171,2015-06-16 00:00:00,TD-209951402,Tamara Dahlen,Consumer,United States,USCA,Central US,OFF-AR-5310,Office Supplies,Art,Newell 331,19.56,5,0.2,1.7115
ID-2015-RE19405102-42169,2015-06-14 00:00:00,RE-19405102,Ricardo Emerson,Consumer,Philippines,Asia Pacific,Southeastern Asia,OFF-EN-3110,Office Supplies,Envelopes,"Ames Peel and Seal, Set of 50",10.279500000000002,1,0.45,-7.870500000000001
CA-2015-TW21025140-42169,2015-06-14 00:00:00,TW-210251404,Tamara Willingham,Home Office,United States,USCA,Western US,FUR-CH-4429,Furniture,Chairs,"Global Wood Trimmed Manager's Task Chair, Khaki",291.136,4,0.2,-25.474400000000017
ID-2015-ND184607-42175,2015-06-20 00:00:00,ND-184607,Neil Ducich,Corporate,Australia,Asia Pacific,Oceania,OFF-FA-6187,Office Supplies,Fasteners,"Stockwell Clamps, Metal",17.415000000000003,1,0.1,3.0749999999999993
MX-2015-GH1448551-42165,2015-06-10 00:00:00,GH-1448551,Gene Hale,Corporate,Guatemala,LATAM,Central America,OFF-LA-3316,Office Supplies,Labels,"Avery Round Labels, Alphabetical",9.28,2,0,1.2
IN-2015-RD1981027-42181,2015-06-26 00:00:00,RD-1981027,Ross DeVincentis,Home Office,China,Asia Pacific,Eastern Asia,OFF-AR-5919,Office Supplies,Art,"Sanford Markers, Fluorescent",122.54999999999998,5,0,2.4
IN-2015-SG2060566-42158,2015-06-03 00:00:00,SG-2060566,Speros Goranitis,Consumer,Japan,Asia Pacific,Eastern Asia,OFF-AR-6120,Office Supplies,Art,"Stanley Pencil Sharpener, Water Color",50.099999999999994,2,0,16.98
MX-2015-LP17095132-42178,2015-06-23 00:00:00,LP-17095132,Liz Preis,Consumer,Trinidad and Tobago,LATAM,Caribbean,OFF-LA-6061,Office Supplies,Labels,"Smead Shipping Labels, 5000 Label Set",16,2,0,4.96
ES-2015-BC11125120-42185,2015-06-30 00:00:00,BC-11125120,Becky Castell,Home Office,Spain,Europe,Southern Europe,OFF-FA-2955,Office Supplies,Fasteners,"Accos Staples, 12 Pack",41.519999999999996,4,0,8.64
CA-2015-TH1111523-42173,2015-06-18 00:00:00,TH-1111523,Thea Hudgings,Corporate,Canada,USCA,Canada,FUR-FU-3932,Furniture,Furnishings,"Deflect-O Door Stop, Black",43.95,1,0,1.7399999999999998
IN-2015-GH144107-42165,2015-06-10 00:00:00,GH-144107,Gary Hansen,Home Office,Australia,Asia Pacific,Oceania,OFF-BI-4809,Office Supplies,Binders,"Ibico Binder Covers, Economy",24.569999999999997,2,0.1,4.59
IN-2015-KN163907-42161,2015-06-06 00:00:00,KN-163907,Katherine Nockton,Corporate,Australia,Asia Pacific,Oceania,OFF-FA-2962,Office Supplies,Fasteners,"Accos Thumb Tacks, Metal",37.26,3,0.1,5.310000000000001
MX-2015-TB2135582-42179,2015-06-24 00:00:00,TB-2135582,Todd Boyes,Corporate,Mexico,LATAM,Central America,TEC-AC-4179,Technology,Accessories,"Enermax Numeric Keypad, Erganomic",78.44,2,0,16.44
CA-2015-TS21205140-42171,2015-06-16 00:00:00,TS-212051408,Thomas Seio,Corporate,United States,USCA,Southern US,TEC-PH-5820,Technology,Phones,Samsung Galaxy S III - 16GB - pebble blue (T-Mobile),2239.936,8,0.2,223.99360000000013
TU-2015-DK3150134-42157,2015-06-02 00:00:00,DK-3150134,David Kendrick,Corporate,Turkey,Asia Pacific,Western Asia,FUR-CH-5793,Furniture,Chairs,"SAFCO Rocking Chair, Adjustable",54.96000000000001,1,0.6,-33
CA-2015-TS21205140-42171,2015-06-16 00:00:00,TS-212051408,Thomas Seio,Corporate,United States,USCA,Southern US,TEC-PH-4793,Technology,Phones,HTC One,239.976,3,0.2,26.997299999999967
NI-2015-JS588095-42161,2015-06-06 00:00:00,JS-588095,John Stevenson,Consumer,Nigeria,Africa,Western Africa,OFF-BI-6398,Office Supplies,Binders,"Wilson Jones Hole Reinforcements, Durable",1.8090000000000006,1,0.7,-2.361
CA-2015-TS21205140-42171,2015-06-16 00:00:00,TS-212051408,Thomas Seio,Corporate,United States,USCA,Southern US,FUR-TA-3335,Furniture,Tables,"Barricks 18"" x 48"" Non-Folding Utility Table with Bottom Storage Shelf",120.96,2,0.4,-28.224000000000004
CA-2015-TS21205140-42171,2015-06-16 00:00:00,TS-212051408,Thomas Seio,Corporate,United States,USCA,Southern US,OFF-PA-6511,Office Supplies,Paper,Xerox 1955,91.36000000000001,5,0.2,29.691999999999993
CA-2015-TS21205140-42171,2015-06-16 00:00:00,TS-212051408,Thomas Seio,Corporate,United States,USCA,Southern US,OFF-ST-4752,Office Supplies,Storage,"Hot File 7-Pocket, Floor Stand",142.776,1,0.2,17.84699999999998
CA-2015-TS21205140-42171,2015-06-16 00:00:00,TS-212051408,Thomas Seio,Corporate,United States,USCA,Southern US,OFF-FA-6129,Office Supplies,Fasteners,Staples,76.608,8,0.2,6.703199999999995
CA-2015-TS21205140-42171,2015-06-16 00:00:00,TS-212051408,Thomas Seio,Corporate,United States,USCA,Southern US,OFF-FA-6129,Office Supplies,Fasteners,Staples,31.168000000000003,4,0.2,9.3504
MZ-2015-AZ75087-42179,2015-06-24 00:00:00,AZ-75087,Annie Zypern,Consumer,Mozambique,Africa,Eastern Africa,OFF-BI-4826,Office Supplies,Binders,"Ibico Hole Reinforcements, Recycled",29.400000000000002,4,0,9
CA-2015-TH21235140-42164,2015-06-09 00:00:00,TH-212351402,Tiffany House,Corporate,United States,USCA,Central US,TEC-PH-3825,Technology,Phones,ClearOne Communications CHAT 70 OC Speaker Phone,381.576,3,0.2,28.6182
CA-2015-TH21235140-42164,2015-06-09 00:00:00,TH-212351402,Tiffany House,Corporate,United States,USCA,Central US,OFF-FA-6129,Office Supplies,Fasteners,Staples,85.056,3,0.2,28.70639999999999
CA-2015-TH21235140-42164,2015-06-09 00:00:00,TH-212351402,Tiffany House,Corporate,United States,USCA,Central US,OFF-SU-2999,Office Supplies,Supplies,Acme Tagit Stainless Steel Antibacterial Scissors,23.76,3,0.2,2.0789999999999997
AG-2015-CL25653-42164,2015-06-09 00:00:00,CL-25653,Clay Ludtke,Consumer,Algeria,Africa,North Africa,OFF-ST-6023,Office Supplies,Storage,"Smead Box, Blue",10.77,1,0,0
GH-2015-EH400549-42173,2015-06-18 00:00:00,EH-400549,Erica Hernandez,Home Office,Ghana,Africa,Western Africa,OFF-FA-3044,Office Supplies,Fasteners,"Advantus Paper Clips, Assorted Sizes",13.950000000000001,1,0,6.39
ES-2015-JC16105139-42173,2015-06-18 00:00:00,JC-16105139,Julie Creighton,Corporate,United Kingdom,Europe,Northern Europe,OFF-BI-4812,Office Supplies,Binders,"Ibico Binder, Durable",16.979999999999997,1,0,0.48
CA-2015-TR21325140-42176,2015-06-21 00:00:00,TR-213251406,Toby Ritter,Consumer,United States,USCA,Eastern US,TEC-AC-5656,Technology,Accessories,Razer Kraken PRO Over Ear PC and Music Headset,239.96999999999997,3,0,71.99099999999999
CA-2015-TR21325140-42176,2015-06-21 00:00:00,TR-213251406,Toby Ritter,Consumer,United States,USCA,Eastern US,OFF-LA-3229,Office Supplies,Labels,Avery 508,9.82,2,0,4.8118
ZA-2015-KW6435146-42167,2015-06-12 00:00:00,KW-6435146,Katrina Willman,Consumer,Zambia,Africa,Eastern Africa,OFF-SU-2984,Office Supplies,Supplies,"Acme Ruler, Easy Grip",18.330000000000002,1,0,3.4799999999999995
TU-2015-LH6750134-42173,2015-06-18 00:00:00,LH-6750134,Larry Hughes,Consumer,Turkey,Asia Pacific,Western Asia,OFF-BI-2917,Office Supplies,Binders,"Acco Index Tab, Clear",3.2159999999999997,1,0.6,-1.4639999999999986
MX-2015-BF1102082-42181,2015-06-26 00:00:00,BF-1102082,Barry Französisch,Corporate,Mexico,LATAM,Central America,OFF-SU-4325,Office Supplies,Supplies,"Fiskars Trimmer, Easy Grip",29.28,1,0,11.4
MX-2015-SJ2021582-42179,2015-06-24 00:00:00,SJ-2021582,Sarah Jordon,Consumer,Mexico,LATAM,Central America,OFF-SU-6160,Office Supplies,Supplies,"Stiletto Box Cutter, Easy Grip",175.42000000000002,7,0,80.63999999999999
TU-2015-AH585134-42172,2015-06-17 00:00:00,AH-585134,Angele Hood,Consumer,Turkey,Asia Pacific,Western Asia,OFF-AR-3461,Office Supplies,Art,"BIC Pencil Sharpener, Easy-Erase",11.712000000000002,1,0.6,-16.128
NI-2015-EB411095-42174,2015-06-19 00:00:00,EB-411095,Eugene Barchas,Consumer,Nigeria,Africa,Western Africa,OFF-ST-6067,Office Supplies,Storage,"Smead Trays, Single Width",14.552999999999999,1,0.7,-18.446999999999996
CA-2015-TB21400140-42167,2015-06-12 00:00:00,TB-214001404,Tom Boeckenhauer,Consumer,United States,USCA,Western US,TEC-MA-3789,Technology,Machines,Cisco Desktop Collaboration Experience DX650 IP Video Phone,385.80000000000007,5,0.2,130.20749999999998
CA-2015-TB21400140-42167,2015-06-12 00:00:00,TB-214001404,Tom Boeckenhauer,Consumer,United States,USCA,Western US,FUR-BO-5521,Furniture,Bookcases,O'Sullivan 3-Shelf Heavy-Duty Bookcases,174.42000000000002,3,0,41.860800000000005
CA-2015-TB21400140-42167,2015-06-12 00:00:00,TB-214001404,Tom Boeckenhauer,Consumer,United States,USCA,Western US,OFF-ST-3361,Office Supplies,Storage,"Belkin 19"" Vented Equipment Shelf, Black",102.96,2,0,1.029600000000002
CA-2015-TB21400140-42167,2015-06-12 00:00:00,TB-214001404,Tom Boeckenhauer,Consumer,United States,USCA,Western US,OFF-PA-6493,Office Supplies,Paper,Xerox 1939,37.94,2,0,18.211199999999998
CA-2015-TB21400140-42167,2015-06-12 00:00:00,TB-214001404,Tom Boeckenhauer,Consumer,United States,USCA,Western US,OFF-BI-2923,Office Supplies,Binders,"Acco Pressboard Covers with Storage Hooks, 14 7/8"" x 11"", Dark Blue",18.288,6,0.2,6.6293999999999995
CG-2015-AJ78033-42158,2015-06-03 00:00:00,AJ-78033,Anthony Jacobs,Corporate,Democratic Republic of the Congo,Africa,Central Africa,OFF-AR-5927,Office Supplies,Art,"Sanford Pens, Water Color",14.280000000000001,1,0,6.540000000000001
ES-2015-JA15970139-42184,2015-06-29 00:00:00,JA-15970139,Joseph Airdo,Consumer,United Kingdom,Europe,Northern Europe,TEC-PH-3140,Technology,Phones,"Apple Office Telephone, Full Size",66.57,1,0,29.28
AU-2015-PF91208-42181,2015-06-26 00:00:00,PF-91208,Peter Fuller,Consumer,Austria,Europe,Western Europe,OFF-FA-6185,Office Supplies,Fasteners,"Stockwell Clamps, Assorted Sizes",16.68,1,0,6.33
EG-2015-RO978038-42157,2015-06-02 00:00:00,RO-978038,Rose O'Brian,Consumer,Egypt,Africa,North Africa,OFF-AR-3532,Office Supplies,Art,"Boston Highlighters, Easy-Erase",19.139999999999997,1,0,4.199999999999999
US-2015-HK1489055-42157,2015-06-02 00:00:00,HK-1489055,Heather Kirkland,Corporate,Honduras,LATAM,Central America,OFF-EN-3674,Office Supplies,Envelopes,"Cameo Peel and Seal, Security-Tint",18.72,2,0.4,-10.920000000000002
MO-2015-FA423086-42185,2015-06-30 00:00:00,FA-423086,Frank Atkinson,Corporate,Morocco,Africa,North Africa,OFF-EN-5023,Office Supplies,Envelopes,"Kraft Business Envelopes, Security-Tint",16.44,1,0,8.22
IN-2015-JK1562558-42172,2015-06-17 00:00:00,JK-1562558,Jim Karlsson,Consumer,India,Asia Pacific,Southern Asia,OFF-FA-2944,Office Supplies,Fasteners,"Accos Paper Clips, Assorted Sizes",11.49,1,0,3.33
US-2015-TT2126518-42163,2015-06-08 00:00:00,TT-2126518,Tim Taslimi,Corporate,Brazil,LATAM,South America,OFF-AR-6121,Office Supplies,Art,"Stanley Pens, Blue",10.720000000000002,4,0.6,-10.720000000000004
CA-2015-TH21550140-42182,2015-06-27 00:00:00,TH-215501402,Tracy Hopkins,Home Office,United States,USCA,Central US,TEC-PH-5365,Technology,Phones,Nortel Networks T7316 E Nt8 B27,543.92,8,0,135.98000000000002
MX-2015-BE1133531-42179,2015-06-24 00:00:00,BE-1133531,Bill Eplett,Home Office,Cuba,LATAM,Caribbean,OFF-PA-4467,Office Supplies,Paper,"Green Bar Computer Printout Paper, Multicolor",20.780000000000005,1,0,1.6600000000000001
CA-2015-TH21550140-42182,2015-06-27 00:00:00,TH-215501402,Tracy Hopkins,Home Office,United States,USCA,Central US,OFF-PA-3116,Office Supplies,Paper,"Ampad Poly Cover Wirebound Steno Book, 6"" x 9"" Assorted Colors, Gregg Ruled",4.54,1,0,2.0429999999999997
ES-2015-CH1207045-42173,2015-06-18 00:00:00,CH-1207045,Cathy Hwang,Home Office,France,Europe,Western Europe,OFF-BI-6377,Office Supplies,Binders,"Wilson Jones Binder Covers, Recycled",23.099999999999998,2,0,5.5200000000000005
CA-2015-TH21550140-42182,2015-06-27 00:00:00,TH-215501402,Tracy Hopkins,Home Office,United States,USCA,Central US,OFF-AR-4332,Office Supplies,Art,Fluorescent Highlighters by Dixon,15.92,4,0,5.412799999999999
KZ-2015-FM438068-42178,2015-06-23 00:00:00,FM-438068,Fred McMath,Consumer,Kazakhstan,Asia Pacific,Central Asia,OFF-LA-3314,Office Supplies,Labels,"Avery Round Labels, 5000 Label Set",4.518000000000001,2,0.7,-10.241999999999997
ID-2015-NP187007-42167,2015-06-12 00:00:00,NP-187007,Nora Preis,Consumer,Australia,Asia Pacific,Oceania,OFF-LA-4688,Office Supplies,Labels,"Hon Round Labels, Laser Printer Compatible",11.988,2,0.1,1.008
US-2015-TS2137055-42173,2015-06-18 00:00:00,TS-2137055,Todd Sumrall,Corporate,Honduras,LATAM,Central America,OFF-LA-3311,Office Supplies,Labels,"Avery Removable Labels, Adjustable",3.4559999999999995,1,0.4,-1.7439999999999998
CA-2015-TS21610140-42172,2015-06-17 00:00:00,TS-216101404,Troy Staebel,Consumer,United States,USCA,Western US,FUR-CH-4670,Furniture,Chairs,Hon Multipurpose Stacking Arm Chairs,1212.96,7,0.2,90.97199999999998
NI-2015-DW358595-42173,2015-06-18 00:00:00,DW-358595,Dorothy Wardle,Corporate,Nigeria,Africa,Western Africa,OFF-AR-6118,Office Supplies,Art,"Stanley Pencil Sharpener, Easy-Erase",7.812000000000001,1,0.7,-9.377999999999997
CA-2015-TS21610140-42168,2015-06-13 00:00:00,TS-216101402,Troy Staebel,Consumer,United States,USCA,Central US,FUR-FU-4054,Furniture,Furnishings,"Eldon Expressions Wood Desk Accessories, Oak",8.856,3,0.6,-6.863400000000001
CA-2015-TS21610140-42172,2015-06-17 00:00:00,TS-216101404,Troy Staebel,Consumer,United States,USCA,Western US,OFF-PA-6420,Office Supplies,Paper,"Wirebound Message Books, Four 2 3/4"" x 5"" Forms per Page, 600 Sets per Book",18.54,2,0,8.713799999999999
TU-2015-JE5745134-42175,2015-06-20 00:00:00,JE-5745134,Joel Eaton,Consumer,Turkey,Asia Pacific,Western Asia,OFF-BI-2915,Office Supplies,Binders,"Acco Hole Reinforcements, Recycled",2.808,1,0.6,-0.702
ID-2015-AH1058559-42182,2015-06-27 00:00:00,AH-1058559,Angele Hood,Consumer,Indonesia,Asia Pacific,Southeastern Asia,OFF-EN-4447,Office Supplies,Envelopes,"GlobeWeis Manila Envelope, Recycled",13.880700000000001,1,0.47000000000000003,-5.259300000000001
ES-2015-MW18235139-42173,2015-06-18 00:00:00,MW-18235139,Mitch Willingham,Corporate,United Kingdom,Europe,Northern Europe,OFF-ST-4029,Office Supplies,Storage,"Eldon Box, Industrial",10.739999999999998,1,0,3.96
SA-2015-RE9450110-42168,2015-06-13 00:00:00,RE-9450110,Richard Eichhorn,Consumer,Saudi Arabia,Asia Pacific,Western Asia,OFF-BI-3291,Office Supplies,Binders,"Avery Hole Reinforcements, Economy",4.41,1,0,0
MX-2015-SJ2021582-42179,2015-06-24 00:00:00,SJ-2021582,Sarah Jordon,Consumer,Mexico,LATAM,Central America,OFF-LA-4548,Office Supplies,Labels,"Harbour Creations Round Labels, 5000 Label Set",9.52,2,0,2.6399999999999997
MX-2015-RK1930018-42181,2015-06-26 00:00:00,RK-1930018,Ralph Kennedy,Consumer,Brazil,LATAM,South America,OFF-LA-6062,Office Supplies,Labels,"Smead Shipping Labels, Adjustable",6.34,1,0,2.2
MZ-2015-AZ75087-42179,2015-06-24 00:00:00,AZ-75087,Annie Zypern,Consumer,Mozambique,Africa,Eastern Africa,OFF-LA-5402,Office Supplies,Labels,"Novimex Shipping Labels, 5000 Label Set",11.370000000000001,1,0,4.08
ID-2015-MS17770118-42171,2015-06-16 00:00:00,MS-17770118,Maxwell Schwartz,Consumer,South Korea,Asia Pacific,Eastern Asia,OFF-BI-2891,Office Supplies,Binders,"Acco Binder Covers, Clear",6.39,1,0.5,-6.39
US-2015-LR16915101-42180,2015-06-25 00:00:00,LR-16915101,Lena Radford,Consumer,Peru,LATAM,South America,OFF-SU-4316,Office Supplies,Supplies,"Fiskars Scissors, High Speed",18.528,2,0.4,-8.352
IR-2015-HR477060-42182,2015-06-27 00:00:00,HR-477060,Hallie Redmond,Home Office,Iran,Asia Pacific,Southern Asia,OFF-EN-3089,Office Supplies,Envelopes,"Ames Business Envelopes, Security-Tint",14.640000000000002,1,0,4.949999999999999
US-2015-DC12850101-42159,2015-06-04 00:00:00,DC-12850101,Dan Campbell,Consumer,Peru,LATAM,South America,OFF-SU-4126,Office Supplies,Supplies,"Elite Ruler, Steel",15.839999999999998,3,0.4,-4.800000000000002
ES-2015-NP1867048-42178,2015-06-23 00:00:00,NP-1867048,Nora Paige,Consumer,Germany,Europe,Western Europe,OFF-FA-3019,Office Supplies,Fasteners,"Advantus Clamps, 12 Pack",18.72,2,0.5,-12.78
CA-2015-WB21850140-42185,2015-06-30 00:00:00,WB-218501404,William Brown,Consumer,United States,USCA,Western US,OFF-BI-4342,Office Supplies,Binders,GBC DocuBind TL200 Manual Binding Machine,895.92,5,0.2,302.37299999999993
TU-2015-SC10770134-42185,2015-06-30 00:00:00,SC-10770134,Stewart Carmichael,Corporate,Turkey,Asia Pacific,Western Asia,OFF-BI-3289,Office Supplies,Binders,"Avery Hole Reinforcements, Clear",3.096,2,0.6,-3.9240000000000004
MX-2015-DB1355518-42171,2015-06-16 00:00:00,DB-1355518,Dorothy Badders,Corporate,Brazil,LATAM,South America,OFF-FA-5487,Office Supplies,Fasteners,"OIC Thumb Tacks, Metal",18.919999999999995,2,0,4.720000000000001
MX-2015-AJ1079528-42180,2015-06-25 00:00:00,AJ-1079528,Anthony Johnson,Corporate,Colombia,LATAM,South America,FUR-FU-3065,Furniture,Furnishings,"Advantus Stacking Tray, Black",17.619999999999997,1,0,8.8
CA-2015-WB21850140-42185,2015-06-30 00:00:00,WB-218501404,William Brown,Consumer,United States,USCA,Western US,OFF-ST-6315,Office Supplies,Storage,"Trav-L-File Heavy-Duty Shuttle II, Black",130.71,3,0,39.212999999999994
CA-2015-WB21850140-42185,2015-06-30 00:00:00,WB-218501404,William Brown,Consumer,United States,USCA,Western US,TEC-AC-4142,Technology,Accessories,Enermax Briskie RF Wireless Keyboard and Mouse Combo,62.31,3,0,22.4316
TU-2015-LC6960134-42178,2015-06-23 00:00:00,LC-6960134,Lindsay Castell,Home Office,Turkey,Asia Pacific,Western Asia,OFF-PA-4006,Office Supplies,Paper,"Eaton Parchment Paper, Multicolor",5.951999999999999,1,0.6,-5.657999999999997
SA-2015-RH9600110-42166,2015-06-11 00:00:00,RH-9600110,Rob Haberlin,Consumer,Saudi Arabia,Asia Pacific,Western Asia,OFF-ST-4028,Office Supplies,Storage,"Eldon Box, Blue",10.259999999999998,1,0,2.64
CA-2015-WB21850140-42185,2015-06-30 00:00:00,WB-218501404,William Brown,Consumer,United States,USCA,Western US,OFF-AR-5306,Office Supplies,Art,Newell 328,11.68,2,0,3.0367999999999995
IN-2015-CM122357-42171,2015-06-16 00:00:00,CM-122357,Chris McAfee,Consumer,Australia,Asia Pacific,Oceania,OFF-LA-4696,Office Supplies,Labels,"Hon Shipping Labels, Laser Printer Compatible",30.699,3,0.1,13.598999999999997
MX-2015-CP1208518-42159,2015-06-04 00:00:00,CP-1208518,Cathy Prescott,Corporate,Brazil,LATAM,South America,OFF-LA-3263,Office Supplies,Labels,"Avery Color Coded Labels, Laser Printer Compatible",8.859999999999998,1,0,0
US-2015-ZC21910140-42175,2015-06-20 00:00:00,ZC-219101402,Zuschuss Carroll,Consumer,United States,USCA,Central US,OFF-PA-6540,Office Supplies,Paper,Xerox 1982,146.17600000000002,8,0.2,47.50719999999999
CA-2015-ZC21910140-42167,2015-06-12 00:00:00,ZC-219101408,Zuschuss Carroll,Consumer,United States,USCA,Southern US,OFF-BI-2924,Office Supplies,Binders,"Acco Pressboard Covers with Storage Hooks, 14 7/8"" x 11"", Executive Red",4.572000000000001,4,0.7,-3.8100000000000005
US-2015-ZC21910140-42175,2015-06-20 00:00:00,ZC-219101402,Zuschuss Carroll,Consumer,United States,USCA,Central US,OFF-AP-4611,Office Supplies,Appliances,"Holmes Visible Mist Ultrasonic Humidifier with 2.3-Gallon Output per Day, Replacement Filter",2.2639999999999993,1,0.8,-5.207200000000001
US-2015-ZC21910140-42175,2015-06-20 00:00:00,ZC-219101402,Zuschuss Carroll,Consumer,United States,USCA,Central US,OFF-AP-4739,Office Supplies,Appliances,Hoover Replacement Belt for Commercial Guardsman Heavy-Duty Upright Vacuum,0.44399999999999995,1,0.8,-1.1100000000000003
CA-2015-ZD21925140-42167,2015-06-12 00:00:00,ZD-219251404,Zuschuss Donatelli,Consumer,United States,USCA,Western US,OFF-AP-4929,Office Supplies,Appliances,Kensington 6 Outlet Guardian Standard Surge Protector,61.44,3,0,16.5888
MX-2015-HG1502518-42164,2015-06-09 00:00:00,HG-1502518,Hunter Glantz,Consumer,Brazil,LATAM,South America,OFF-PA-4475,Office Supplies,Paper,"Green Bar Message Books, Multicolor",84,5,0,9.2
IN-2015-KE1642066-42174,2015-06-19 00:00:00,KE-1642066,Katrina Edelman,Corporate,Japan,Asia Pacific,Eastern Asia,OFF-FA-3072,Office Supplies,Fasteners,"Advantus Thumb Tacks, 12 Pack",65.1,5,0,4.5
