Order ID,Order Date,Customer ID,Customer Name,Segment,Country,Market,Region,Product ID,Category,Sub-Category,Product Name,Sales,Quantity,Discount,Profit
ES-2015-BP1118545-42216,2015-07-31 00:00:00,BP-1118545,Ben Peterman,Corporate,France,Europe,Western Europe,OFF-AP-3575,Office Supplies,Appliances,"Breville Refrigerator, Red",1869.5879999999997,4,0.1,186.94800000000004
US-2015-NP1832582-42216,2015-07-31 00:00:00,NP-1832582,Naresj Patel,Consumer,Mexico,LATAM,Central America,TEC-PH-5268,Technology,Phones,"Motorola Smart Phone, Full Size",1713.8400000000001,4,0,445.52
IN-2015-JK1612059-42204,2015-07-19 00:00:00,JK-1612059,Julie Kriz,Home Office,Indonesia,Asia Pacific,Southeastern Asia,FUR-BO-5761,Furniture,Bookcases,"Safco Classic Bookcase, Mobile",3278.5847999999996,8,0.07,140.82479999999995
ID-2015-HG1502559-42194,2015-07-09 00:00:00,HG-1502559,Hunter Glantz,Consumer,Indonesia,Asia Pacific,Southeastern Asia,FUR-BO-5787,Furniture,Bookcases,"Safco Library with Doors, Pine",2910.0815999999995,8,0.07,125.12159999999994
UP-2015-DJ3510137-42202,2015-07-17 00:00:00,DJ-3510137,Don Jones,Corporate,Ukraine,Europe,Eastern Europe,OFF-AP-4738,Office Supplies,Appliances,"Hoover Refrigerator, White",3146.3999999999996,6,0,629.28
IN-2015-CP1234058-42202,2015-07-17 00:00:00,CP-1234058,Christine Phan,Corporate,India,Asia Pacific,Southern Asia,OFF-AP-4502,Office Supplies,Appliances,"Hamilton Beach Refrigerator, Red",4001.0399999999995,8,0,1440.24
IN-2015-AG1033059-42197,2015-07-12 00:00:00,AG-1033059,Alex Grayson,Consumer,Indonesia,Asia Pacific,Southeastern Asia,OFF-AP-3574,Office Supplies,Appliances,"Breville Refrigerator, Black",1722.2831999999999,4,0.17,539.4431999999999
IN-2015-CD1228058-42197,2015-07-12 00:00:00,CD-1228058,Christina DeMoss,Consumer,India,Asia Pacific,Southern Asia,FUR-BO-5763,Furniture,Bookcases,"Safco Classic Bookcase, Traditional",2190.75,5,0,65.7
ES-2015-MM1792045-42199,2015-07-14 00:00:00,MM-1792045,Michael Moore,Consumer,France,Europe,Western Europe,TEC-PH-3805,Technology,Phones,"Cisco Smart Phone, Cordless",1824.144,8,0.65,-1303.0560000000005
IN-2015-BN1147027-42189,2015-07-04 00:00:00,BN-1147027,Brad Norvell,Corporate,China,Asia Pacific,Eastern Asia,OFF-AP-4964,Office Supplies,Appliances,"KitchenAid Stove, Black",3417.4800000000005,6,0,854.28
WA-2015-TB1152089-42190,2015-07-05 00:00:00,TB-1152089,Tracy Blumstein,Consumer,Namibia,Africa,Southern Africa,TEC-AC-5224,Technology,Accessories,"Memorex Router, Erganomic",1464.1200000000001,6,0,439.19999999999993
ES-2015-AH100308-42203,2015-07-18 00:00:00,AH-100308,Aaron Hawkins,Corporate,Austria,Europe,Western Europe,FUR-BO-3640,Furniture,Bookcases,"Bush Library with Doors, Mobile",1100.52,3,0,352.0799999999999
CA-2015-AH10120140-42188,2015-07-03 00:00:00,AH-101201402,Adrian Hane,Home Office,United States,USCA,Central US,OFF-PA-6361,Office Supplies,Paper,"White Dual Perf Computer Printout Paper, 2700 Sheets, 1 Part, Heavyweight, 20 lbs., 14 7/8 x 11",163.96,5,0.2,59.4355
IN-2015-JH1618059-42196,2015-07-11 00:00:00,JH-1618059,Justin Hirsh,Consumer,Indonesia,Asia Pacific,Southeastern Asia,FUR-BO-3887,Furniture,Bookcases,"Dania 3-Shelf Cabinet, Pine",796.8240000000001,6,0.07,231.264
IT-2015-CA1196548-42195,2015-07-10 00:00:00,CA-1196548,Carol Adams,Corporate,Germany,Europe,Western Europe,FUR-BO-5942,Furniture,Bookcases,"Sauder 3-Shelf Cabinet, Pine",1361.0430000000003,9,0.1,196.53299999999996
ID-2015-EB1393059-42206,2015-07-21 00:00:00,EB-1393059,Eric Barreto,Consumer,Indonesia,Asia Pacific,Southeastern Asia,FUR-CH-4530,Furniture,Chairs,"Harbour Creations Executive Leather Armchair, Adjustable",2063.7684,6,0.27,141.1884
CA-2015-AH10120140-42188,2015-07-03 00:00:00,AH-101201402,Adrian Hane,Home Office,United States,USCA,Central US,OFF-BI-6393,Office Supplies,Binders,Wilson Jones Four-Pocket Poly Binders,5.231999999999998,4,0.8,-8.1096
ID-2015-CM123857-42208,2015-07-23 00:00:00,CM-123857,Christopher Martinez,Consumer,Australia,Asia Pacific,Oceania,OFF-ST-5700,Office Supplies,Storage,"Rogers Lockers, Blue",952.29,5,0.1,-53.01000000000001
IN-2015-JW1595527-42190,2015-07-05 00:00:00,JW-1595527,Joni Wasserman,Consumer,China,Asia Pacific,Eastern Asia,FUR-BO-5968,Furniture,Bookcases,"Sauder Library with Doors, Pine",1944.9,5,0,291.6
MX-2015-BS1136518-42199,2015-07-14 00:00:00,BS-1136518,Bill Shonely,Corporate,Brazil,LATAM,South America,TEC-CO-4776,Technology,Copiers,"HP Fax Machine, Laser",997.8003999999999,5,0.002,327.9004
IN-2015-EM1414058-42194,2015-07-09 00:00:00,EM-1414058,Eugene Moren,Home Office,India,Asia Pacific,Southern Asia,FUR-BO-3897,Furniture,Bookcases,"Dania Floating Shelf Set, Metal",2194.53,13,0,438.75
IN-2015-ED1388527-42207,2015-07-22 00:00:00,ED-1388527,Emily Ducich,Home Office,China,Asia Pacific,Eastern Asia,OFF-ST-5702,Office Supplies,Storage,"Rogers Lockers, Single Width",1269.8999999999999,6,0,558.72
IN-2015-MD1786059-42214,2015-07-29 00:00:00,MD-1786059,Michael Dominguez,Corporate,Indonesia,Asia Pacific,Southeastern Asia,TEC-CO-5998,Technology,Copiers,"Sharp Fax Machine, Digital",1922.3378999999998,7,0.07,227.21790000000001
CA-2015-AB10255140-42203,2015-07-18 00:00:00,AB-102551404,Alejandro Ballentine,Home Office,United States,USCA,Western US,TEC-CO-3590,Technology,Copiers,Brother DCP1000 Digital 3 in 1 Multifunction Machine,479.98400000000004,2,0.2,89.99699999999999
MX-2015-RK1930082-42206,2015-07-21 00:00:00,RK-1930082,Ralph Kennedy,Consumer,Mexico,LATAM,Central America,FUR-CH-4655,Furniture,Chairs,"Hon Executive Leather Armchair, Black",1219.0399999999997,5,0.2,198.04000000000005
IN-2015-JH1618059-42196,2015-07-11 00:00:00,JH-1618059,Justin Hirsh,Consumer,Indonesia,Asia Pacific,Southeastern Asia,TEC-CO-3594,Technology,Copiers,"Brother Fax and Copier, Laser",890.4285,5,0.07,114.7785
ES-2015-DB13210120-42199,2015-07-14 00:00:00,DB-13210120,Dean Braden,Consumer,Spain,Europe,Southern Europe,TEC-PH-5841,Technology,Phones,"Samsung Smart Phone, VoIP",1717.848,3,0.1,-133.632
ES-2015-DJ1342064-42215,2015-07-30 00:00:00,DJ-1342064,Denny Joy,Corporate,Italy,Europe,Southern Europe,TEC-PH-5355,Technology,Phones,"Nokia Smart Phone, Full Size",2671.452,7,0.4,133.39199999999983
ES-2015-JM1565548-42211,2015-07-26 00:00:00,JM-1565548,Jim Mitchum,Corporate,Germany,Europe,Western Europe,FUR-CH-5378,Furniture,Chairs,"Novimex Executive Leather Armchair, Adjustable",2049.8399999999997,5,0.1,68.19000000000003
IN-2015-KM1666059-42207,2015-07-22 00:00:00,KM-1666059,Khloe Miller,Consumer,Indonesia,Asia Pacific,Southeastern Asia,FUR-BO-5949,Furniture,Bookcases,"Sauder Classic Bookcase, Mobile",2039.0714999999998,5,0.07,109.62149999999997
EG-2015-RB970538-42187,2015-07-02 00:00:00,RB-970538,Roger Barcio,Home Office,Egypt,Africa,North Africa,TEC-PH-3148,Technology,Phones,"Apple Smart Phone, Full Size",2550,4,0,714
IT-2015-BT11485120-42209,2015-07-24 00:00:00,BT-11485120,Brad Thomas,Home Office,Spain,Europe,Southern Europe,OFF-ST-4266,Office Supplies,Storage,"Fellowes Lockers, Blue",932.9849999999999,5,0.1,165.735
IN-2015-MS1736578-42189,2015-07-04 00:00:00,MS-1736578,Maribeth Schnelling,Consumer,Malaysia,Asia Pacific,Southeastern Asia,FUR-CH-4557,Furniture,Chairs,"Harbour Creations Steel Folding Chair, Adjustable",501.9,5,0,215.7
ES-2015-SM20320139-42190,2015-07-05 00:00:00,SM-20320139,Sean Miller,Home Office,United Kingdom,Europe,Northern Europe,TEC-PH-5269,Technology,Phones,"Motorola Smart Phone, with Caller ID",1936.62,3,0,445.40999999999997
IN-2015-RS1976592-42202,2015-07-17 00:00:00,RS-1976592,Roland Schwarz,Corporate,New Zealand,Asia Pacific,Oceania,TEC-CO-3687,Technology,Copiers,"Canon Fax Machine, Digital",636.0600000000001,2,0,12.72
IT-2015-CA1196548-42195,2015-07-10 00:00:00,CA-1196548,Carol Adams,Corporate,Germany,Europe,Western Europe,TEC-MA-5012,Technology,Machines,"Konica Phone, White",761.4,9,0,266.49
IN-2015-ED1388527-42207,2015-07-22 00:00:00,ED-1388527,Emily Ducich,Home Office,China,Asia Pacific,Eastern Asia,TEC-CO-3591,Technology,Copiers,"Brother Fax and Copier, Color",578.79,3,0,127.26
MX-2015-SA2083082-42190,2015-07-05 00:00:00,SA-2083082,Sue Ann Reed,Consumer,Mexico,LATAM,Central America,FUR-BO-5760,Furniture,Bookcases,"Safco Classic Bookcase, Metal",1166.96,5,0.2,-58.44000000000001
IN-2015-ED1388527-42207,2015-07-22 00:00:00,ED-1388527,Emily Ducich,Home Office,China,Asia Pacific,Eastern Asia,FUR-BO-3906,Furniture,Bookcases,"Dania Stackable Bookrack, Pine",737.64,6,0,125.28
IN-2015-PV18985113-42214,2015-07-29 00:00:00,PV-18985113,Paul Van Hugh,Home Office,Singapore,Asia Pacific,Southeastern Asia,FUR-CH-4524,Furniture,Chairs,"Harbour Creations Chairmat, Red",576.0000000000001,8,0,270.71999999999997
IN-2015-RB1957058-42206,2015-07-21 00:00:00,RB-1957058,Rob Beeghly,Consumer,India,Asia Pacific,Southern Asia,OFF-ST-4080,Office Supplies,Storage,"Eldon Lockers, Single Width",1187.6399999999999,6,0,213.66
IT-2015-NL18310124-42215,2015-07-30 00:00:00,NL-18310124,Nancy Lomonaco,Home Office,Sweden,Europe,Northern Europe,FUR-TA-3343,Furniture,Tables,"Barricks Conference Table, Adjustable Height",1363.9050000000002,5,0.7,-1864.0949999999996
ID-2015-KL166457-42202,2015-07-17 00:00:00,KL-166457,Ken Lonsdale,Consumer,Australia,Asia Pacific,Oceania,FUR-BO-5950,Furniture,Bookcases,"Sauder Classic Bookcase, Pine",1049.616,4,0.4,-314.9040000000001
MX-2015-AG1033012-42187,2015-07-02 00:00:00,AG-1033012,Alex Grayson,Consumer,Barbados,LATAM,Caribbean,FUR-TA-4647,Furniture,Tables,"Hon Conference Table, Rectangular",1838.0999999999997,3,0,533.0400000000001
IT-2015-VG2179045-42197,2015-07-12 00:00:00,VG-2179045,Vivek Gonzalez,Consumer,France,Europe,Western Europe,TEC-MA-4198,Technology,Machines,"Epson Inkjet, White",778.6935000000001,3,0.15,119.08349999999999
US-2015-AH10585140-42192,2015-07-07 00:00:00,AH-105851408,Angele Hood,Consumer,United States,USCA,Southern US,FUR-CH-4397,Furniture,Chairs,Global Comet Stacking Armless Chair,239.24,1,0.2,23.924000000000007
IT-2015-ML1741048-42204,2015-07-19 00:00:00,ML-1741048,Maris LaWare,Consumer,Germany,Europe,Western Europe,OFF-AP-4730,Office Supplies,Appliances,"Hoover Microwave, Black",831.789,3,0.1,-0.08100000000000307
GH-2015-DW348049-42195,2015-07-10 00:00:00,DW-348049,Dianna Wilson,Home Office,Ghana,Africa,Western Africa,TEC-MA-6132,Technology,Machines,"StarTech Calculator, Durable",561.12,14,0,84
ES-2015-JA15970125-42207,2015-07-22 00:00:00,JA-15970125,Joseph Airdo,Consumer,Switzerland,Europe,Western Europe,TEC-MA-5018,Technology,Machines,"Konica Receipt Printer, Durable",1101.3300000000002,9,0,319.14
MX-2015-MP1796518-42189,2015-07-04 00:00:00,MP-1796518,Michael Paige,Corporate,Brazil,LATAM,South America,TEC-AC-5224,Technology,Accessories,"Memorex Router, Erganomic",1301.44,8,0,598.5600000000001
MG-2015-AM36084-42194,2015-07-09 00:00:00,AM-36084,Alice McCarthy,Corporate,Mongolia,Asia Pacific,Eastern Asia,OFF-AP-4502,Office Supplies,Appliances,"Hamilton Beach Refrigerator, Red",500.12999999999994,1,0,45
US-2015-BW112005-42188,2015-07-03 00:00:00,BW-112005,Ben Wallace,Consumer,Argentina,LATAM,South America,TEC-CO-6012,Technology,Copiers,"Sharp Wireless Fax, Laser",993.25408,7,0.402,-3.40592000000006
ID-2015-DB136607-42200,2015-07-15 00:00:00,DB-136607,Duane Benoit,Consumer,Australia,Asia Pacific,Oceania,OFF-AP-4963,Office Supplies,Appliances,"KitchenAid Refrigerator, White",2525.1839999999997,8,0.4,-294.81600000000003
US-2015-RK1930018-42206,2015-07-21 00:00:00,RK-1930018,Ralph Kennedy,Consumer,Brazil,LATAM,South America,FUR-CH-4655,Furniture,Chairs,"Hon Executive Leather Armchair, Black",609.5199999999999,5,0.6,-411.4799999999999
ES-2015-RR19315120-42188,2015-07-03 00:00:00,RR-19315120,Ralph Ritter,Consumer,Spain,Europe,Southern Europe,FUR-BO-4864,Furniture,Bookcases,"Ikea Stackable Bookrack, Metal",854.28,7,0,196.34999999999997
CA-2015-AG10675140-42215,2015-07-30 00:00:00,AG-106751408,Anna Gayman,Consumer,United States,USCA,Southern US,OFF-AP-4606,Office Supplies,Appliances,Holmes HEPA Air Purifier,34.848000000000006,2,0.2,6.533999999999997
CA-2015-AG10675140-42215,2015-07-30 00:00:00,AG-106751408,Anna Gayman,Consumer,United States,USCA,Southern US,TEC-PH-5833,Technology,Phones,Samsung Replacement EH64AVFWE Premium Headset,22,5,0.2,1.375
ES-2015-GH1442564-42188,2015-07-03 00:00:00,GH-1442564,Gary Hwang,Consumer,Italy,Europe,Southern Europe,TEC-AC-3402,Technology,Accessories,"Belkin Router, Bluetooth",1293.75,5,0,51.75000000000001
CA-2015-AG10675140-42215,2015-07-30 00:00:00,AG-106751408,Anna Gayman,Consumer,United States,USCA,Southern US,OFF-AR-5300,Office Supplies,Art,Newell 322,4.368,3,0.2,0.3822000000000001
IN-2015-BN1147027-42189,2015-07-04 00:00:00,BN-1147027,Brad Norvell,Corporate,China,Asia Pacific,Eastern Asia,TEC-MA-5574,Technology,Machines,"Panasonic Printer, Wireless",1065.96,4,0,468.96
CA-2015-AM10705140-42207,2015-07-22 00:00:00,AM-107051408,Anne McFarland,Consumer,United States,USCA,Southern US,TEC-PH-5365,Technology,Phones,Nortel Networks T7316 E Nt8 B27,271.96,4,0,67.99000000000001
CA-2015-AM10705140-42207,2015-07-22 00:00:00,AM-107051408,Anne McFarland,Consumer,United States,USCA,Southern US,OFF-SU-5635,Office Supplies,Supplies,Premier Electric Letter Opener,231.72,2,0,11.585999999999984
CA-2015-AM10705140-42207,2015-07-22 00:00:00,AM-107051408,Anne McFarland,Consumer,United States,USCA,Southern US,FUR-BO-3651,Furniture,Bookcases,"Bush Westfield Collection Bookcases, Fully Assembled",302.94,3,0,69.67619999999998
CA-2015-AM10705140-42207,2015-07-22 00:00:00,AM-107051408,Anne McFarland,Consumer,United States,USCA,Southern US,OFF-AR-3408,Office Supplies,Art,Berol Giant Pencil Sharpener,101.94,6,0,29.562599999999986
CA-2015-AM10705140-42207,2015-07-22 00:00:00,AM-107051408,Anne McFarland,Consumer,United States,USCA,Southern US,OFF-AR-5330,Office Supplies,Art,Newell 35,19.68,6,0,5.707199999999998
IT-2015-VG2179045-42197,2015-07-12 00:00:00,VG-2179045,Vivek Gonzalez,Consumer,France,Europe,Western Europe,OFF-AP-3867,Office Supplies,Appliances,"Cuisinart Microwave, White",746.8199999999999,3,0.1,8.280000000000015
CA-2015-AM10705140-42207,2015-07-22 00:00:00,AM-107051408,Anne McFarland,Consumer,United States,USCA,Southern US,FUR-FU-5679,Furniture,Furnishings,Regeneration Desk Collection,8.8,5,0,3.8720000000000003
UP-2015-JM5865137-42208,2015-07-23 00:00:00,JM-5865137,John Murray,Consumer,Ukraine,Europe,Eastern Europe,FUR-BO-5762,Furniture,Bookcases,"Safco Classic Bookcase, Pine",439.5,1,0,17.580000000000002
CA-2015-AM10705140-42207,2015-07-22 00:00:00,AM-107051408,Anne McFarland,Consumer,United States,USCA,Southern US,OFF-BI-3729,Office Supplies,Binders,Cardinal Holdit Business Card Pockets,14.940000000000001,3,0,7.171200000000001
MX-2015-SC2044031-42189,2015-07-04 00:00:00,SC-2044031,Shaun Chance,Corporate,Cuba,LATAM,Caribbean,FUR-TA-3757,Furniture,Tables,"Chromcraft Coffee Table, Rectangular",529.32,3,0,264.66
WA-2015-TB1152089-42190,2015-07-05 00:00:00,TB-1152089,Tracy Blumstein,Consumer,Namibia,Africa,Southern Africa,TEC-CO-6009,Technology,Copiers,"Sharp Wireless Fax, Color",714.7199999999999,2,0,235.79999999999998
ID-2015-JM1525027-42186,2015-07-01 00:00:00,JM-1525027,Janet Martin,Consumer,China,Asia Pacific,Eastern Asia,FUR-BO-4853,Furniture,Bookcases,"Ikea Corner Shelving, Mobile",627.9000000000001,5,0,31.349999999999998
CA-2015-AT10735140-42193,2015-07-08 00:00:00,AT-107351404,Annie Thurman,Consumer,United States,USCA,Western US,OFF-FA-3586,Office Supplies,Fasteners,"Brites Rubber Bands, 1 1/2 oz. Box",5.9399999999999995,3,0,0.11880000000000024
ES-2015-SV20365139-42188,2015-07-03 00:00:00,SV-20365139,Seth Vernon,Consumer,United Kingdom,Europe,Northern Europe,TEC-PH-3128,Technology,Phones,"Apple Audio Dock, Full Size",672.72,4,0,60.480000000000004
IN-2015-MD1786059-42214,2015-07-29 00:00:00,MD-1786059,Michael Dominguez,Corporate,Indonesia,Asia Pacific,Southeastern Asia,TEC-PH-3803,Technology,Phones,"Cisco Signal Booster, with Caller ID",504.0755999999999,4,0.17,12.075599999999994
CA-2015-AZ10750140-42209,2015-07-24 00:00:00,AZ-107501402,Annie Zypern,Consumer,United States,USCA,Central US,OFF-AR-4798,Office Supplies,Art,"Hunt PowerHouse Electric Pencil Sharpener, Blue",121.536,4,0.2,15.191999999999979
ES-2015-DB13210120-42199,2015-07-14 00:00:00,DB-13210120,Dean Braden,Consumer,Spain,Europe,Southern Europe,TEC-CO-3594,Technology,Copiers,"Brother Fax and Copier, Laser",574.47,3,0,143.54999999999998
IV-2015-BF102029-42210,2015-07-25 00:00:00,BF-102029,Barry Französisch,Corporate,Cote d'Ivoire,Africa,Western Africa,OFF-AP-4497,Office Supplies,Appliances,"Hamilton Beach Microwave, Black",1127.76,4,0,112.68
MX-2015-SE2011082-42214,2015-07-29 00:00:00,SE-2011082,Sanjit Engle,Consumer,Mexico,LATAM,Central America,TEC-PH-3807,Technology,Phones,"Cisco Smart Phone, with Caller ID",1744.64,4,0,17.44
MX-2015-RK1930082-42206,2015-07-21 00:00:00,RK-1930082,Ralph Kennedy,Consumer,Mexico,LATAM,Central America,FUR-CH-5449,Furniture,Chairs,"Office Star Rocking Chair, Set of Two",229.05599999999998,3,0.2,8.556000000000006
CA-2015-AJ10795140-42203,2015-07-18 00:00:00,AJ-107951404,Anthony Johnson,Corporate,United States,USCA,Western US,FUR-BO-3176,Furniture,Bookcases,"Atlantic Metals Mobile 4-Shelf Bookcases, Custom Colors",1194.165,5,0.15,210.73499999999993
MX-2015-AM1036018-42196,2015-07-11 00:00:00,AM-1036018,Alice McCarthy,Corporate,Brazil,LATAM,South America,FUR-BO-4862,Furniture,Bookcases,"Ikea Library with Doors, Pine",972.64,4,0,58.32000000000001
CA-2015-AJ10795140-42203,2015-07-18 00:00:00,AJ-107951404,Anthony Johnson,Corporate,United States,USCA,Western US,OFF-PA-6585,Office Supplies,Paper,Xerox 221,32.400000000000006,5,0,15.552000000000001
CA-2015-AJ10795140-42203,2015-07-18 00:00:00,AJ-107951404,Anthony Johnson,Corporate,United States,USCA,Western US,OFF-EN-5583,Office Supplies,Envelopes,"Peel & Seel Recycled Catalog Envelopes, Brown",57.9,5,0,28.95
MG-2015-AM36084-42194,2015-07-09 00:00:00,AM-36084,Alice McCarthy,Corporate,Mongolia,Asia Pacific,Eastern Asia,OFF-AP-4735,Office Supplies,Appliances,"Hoover Refrigerator, Black",525.6899999999999,1,0,162.96
CA-2015-AJ10795140-42203,2015-07-18 00:00:00,AJ-107951404,Anthony Johnson,Corporate,United States,USCA,Western US,OFF-ST-6158,Office Supplies,Storage,Sterilite Show Offs Storage Containers,10.56,2,0,0
SA-2015-FH4365110-42203,2015-07-18 00:00:00,FH-4365110,Fred Hopkins,Corporate,Saudi Arabia,Asia Pacific,Western Asia,OFF-ST-6263,Office Supplies,Storage,"Tenex Lockers, Single Width",816.7199999999998,4,0,48.96
CA-2015-AR10825140-42207,2015-07-22 00:00:00,AR-108251404,Anthony Rawles,Corporate,United States,USCA,Western US,TEC-PH-5622,Technology,Phones,Polycom SoundPoint IP 450 VoIP phone,1626.1920000000002,9,0.2,121.96440000000001
MX-2015-SC2072582-42192,2015-07-07 00:00:00,SC-2072582,Steven Cartwright,Consumer,Mexico,LATAM,Central America,TEC-CO-3591,Technology,Copiers,"Brother Fax and Copier, Color",1026.90208,8,0.002,131.70208
US-2015-AR10825140-42206,2015-07-21 00:00:00,AR-108251406,Anthony Rawles,Corporate,United States,USCA,Eastern US,FUR-FU-6227,Furniture,Furnishings,Tenex B1-RE Series Chair Mats for Low Pile Carpets,183.92,4,0,31.266399999999976
US-2015-AR10825140-42206,2015-07-21 00:00:00,AR-108251406,Anthony Rawles,Corporate,United States,USCA,Eastern US,FUR-CH-5432,Furniture,Chairs,Office Star - Task Chair with Contemporary Loop Arms,163.764,2,0.1,25.4744
US-2015-AR10825140-42206,2015-07-21 00:00:00,AR-108251406,Anthony Rawles,Corporate,United States,USCA,Eastern US,OFF-PA-6534,Office Supplies,Paper,Xerox 1977,13.36,2,0,6.4128
CA-2015-AR10825140-42207,2015-07-22 00:00:00,AR-108251404,Anthony Rawles,Corporate,United States,USCA,Western US,OFF-AR-5361,Office Supplies,Art,Nontoxic Chalk,3.52,2,0,1.6896
MX-2015-PS1897051-42195,2015-07-10 00:00:00,PS-1897051,Paul Stevenson,Home Office,Guatemala,LATAM,Central America,FUR-BO-5780,Furniture,Bookcases,"Safco Floating Shelf Set, Traditional",524.64,4,0,241.28000000000003
MX-2015-CJ1201082-42187,2015-07-02 00:00:00,CJ-1201082,Caroline Jumper,Consumer,Mexico,LATAM,Central America,FUR-CH-5774,Furniture,Chairs,"SAFCO Executive Leather Armchair, Black",734.3999999999999,3,0.2,128.52000000000007
IN-2015-RP19390102-42192,2015-07-07 00:00:00,RP-19390102,Resi Pölking,Consumer,Philippines,Asia Pacific,Southeastern Asia,TEC-MA-5548,Technology,Machines,"Panasonic Inkjet, White",1164.3750000000002,5,0.25,-201.82500000000007
IT-2015-MB17305139-42190,2015-07-05 00:00:00,MB-17305139,Maria Bertelson,Consumer,United Kingdom,Europe,Northern Europe,OFF-AP-4746,Office Supplies,Appliances,"Hoover Toaster, Black",523.341,7,0.1,203.51100000000002
ES-2015-ED1388545-42200,2015-07-15 00:00:00,ED-1388545,Emily Ducich,Home Office,France,Europe,Western Europe,TEC-AC-5124,Technology,Accessories,"Logitech Memory Card, USB",517.95,5,0,82.8
IT-2015-PR1888048-42192,2015-07-07 00:00:00,PR-1888048,Patrick Ryan,Consumer,Germany,Europe,Western Europe,FUR-CH-4683,Furniture,Chairs,"Hon Rocking Chair, Red",822.9060000000001,7,0.1,-18.354000000000013
LH-2015-JC538575-42188,2015-07-03 00:00:00,JC-538575,Jenna Caffey,Consumer,Lithuania,Europe,Northern Europe,FUR-BO-4862,Furniture,Bookcases,"Ikea Library with Doors, Pine",656.5320000000002,6,0.7,-809.748
MX-2015-SF2006528-42213,2015-07-28 00:00:00,SF-2006528,Sandra Flanagan,Consumer,Colombia,LATAM,South America,TEC-MA-5573,Technology,Machines,"Panasonic Printer, White",706.4000000000001,4,0,240.16
ES-2015-PO18850139-42207,2015-07-22 00:00:00,PO-18850139,Patrick O'Brill,Consumer,United Kingdom,Europe,Northern Europe,OFF-BI-4816,Office Supplies,Binders,"Ibico Binding Machine, Durable",264.6,5,0,121.64999999999999
IN-2015-AA103751-42195,2015-07-10 00:00:00,AA-103751,Allen Armold,Consumer,Afghanistan,Asia Pacific,Southern Asia,OFF-AP-4747,Office Supplies,Appliances,"Hoover Toaster, Red",669.1200000000001,8,0,280.79999999999995
ES-2015-TT2146014-42201,2015-07-16 00:00:00,TT-2146014,Tonja Turnell,Home Office,Belgium,Europe,Western Europe,FUR-FU-3940,Furniture,Furnishings,"Deflect-O Frame, Black",550.1999999999999,5,0,241.95
MX-2015-MP1796531-42193,2015-07-08 00:00:00,MP-1796531,Michael Paige,Corporate,Cuba,LATAM,Caribbean,FUR-BO-3906,Furniture,Bookcases,"Dania Stackable Bookrack, Pine",409.8,5,0,73.7
IT-2015-MH1802545-42187,2015-07-02 00:00:00,MH-1802545,Michelle Huthwaite,Consumer,France,Europe,Western Europe,FUR-BO-3886,Furniture,Bookcases,"Dania 3-Shelf Cabinet, Mobile",907.0110000000001,7,0.1,-30.428999999999988
MX-2015-AP1072093-42190,2015-07-05 00:00:00,AP-1072093,Anne Pryor,Home Office,Nicaragua,LATAM,Central America,FUR-BO-5950,Furniture,Bookcases,"Sauder Classic Bookcase, Pine",583.12,2,0,274.04
UZ-2015-NM8520142-42211,2015-07-26 00:00:00,NM-8520142,Neoma Murray,Consumer,Uzbekistan,Asia Pacific,Central Asia,TEC-PH-5254,Technology,Phones,"Motorola Headset, with Caller ID",1116.36,14,0,368.34
MX-2015-DV1304593-42215,2015-07-30 00:00:00,DV-1304593,Darrin Van Huff,Corporate,Nicaragua,LATAM,Central America,FUR-BO-3887,Furniture,Bookcases,"Dania 3-Shelf Cabinet, Pine",761.6,8,0,114.24000000000001
ES-2015-PO18850139-42207,2015-07-22 00:00:00,PO-18850139,Patrick O'Brill,Consumer,United Kingdom,Europe,Northern Europe,OFF-ST-4268,Office Supplies,Storage,"Fellowes Lockers, Single Width",207.35999999999996,1,0,35.25
ES-2015-AG1033048-42213,2015-07-28 00:00:00,AG-1033048,Alex Grayson,Consumer,Germany,Europe,Western Europe,FUR-TA-3769,Furniture,Tables,"Chromcraft Round Table, Adjustable Height",915.1155,3,0.35,-98.55450000000008
IN-2015-MC1757558-42188,2015-07-03 00:00:00,MC-1757558,Matt Collins,Consumer,India,Asia Pacific,Southern Asia,TEC-AC-5881,Technology,Accessories,"SanDisk Mouse, Erganomic",252.83999999999997,7,0,68.25
IT-2015-NW18400139-42188,2015-07-03 00:00:00,NW-18400139,Natalie Webber,Consumer,United Kingdom,Europe,Northern Europe,OFF-SU-6182,Office Supplies,Supplies,"Stiletto Trimmer, Serrated",433.95000000000005,11,0,25.74
ES-2015-BM11650120-42215,2015-07-30 00:00:00,BM-11650120,Brian Moss,Corporate,Spain,Europe,Southern Europe,OFF-ST-6067,Office Supplies,Storage,"Smead Trays, Single Width",261.95399999999995,6,0.1,63.95400000000001
ES-2015-TT2146014-42201,2015-07-16 00:00:00,TT-2146014,Tonja Turnell,Home Office,Belgium,Europe,Western Europe,OFF-ST-4258,Office Supplies,Storage,"Fellowes File Cart, Industrial",688.95,5,0,89.55
IN-2015-DO1343527-42208,2015-07-23 00:00:00,DO-1343527,Denny Ordway,Consumer,China,Asia Pacific,Eastern Asia,FUR-FU-4043,Furniture,Furnishings,"Eldon Door Stop, Erganomic",195.12,4,0,46.8
CA-2015-BP11155140-42196,2015-07-11 00:00:00,BP-111551408,Becky Pak,Consumer,United States,USCA,Southern US,FUR-FU-4020,Furniture,Furnishings,"Eldon 200 Class Desk Accessories, Smoke",18.84,3,0,7.912800000000001
ES-2015-MH17785139-42210,2015-07-25 00:00:00,MH-17785139,Maya Herman,Corporate,United Kingdom,Europe,Northern Europe,OFF-ST-6264,Office Supplies,Storage,"Tenex Lockers, Wire Frame",1016.0999999999999,5,0,314.85
IN-2015-LH16900130-42195,2015-07-10 00:00:00,LH-16900130,Lena Hernandez,Consumer,Thailand,Asia Pacific,Southeastern Asia,FUR-CH-4701,Furniture,Chairs,"Hon Swivel Stool, Adjustable",363.8466000000001,3,0.27,-89.75340000000004
PL-2015-LB6735103-42214,2015-07-29 00:00:00,LB-6735103,Larry Blacks,Consumer,Poland,Europe,Eastern Europe,TEC-MA-5021,Technology,Machines,"Konica Receipt Printer, Wireless",489,4,0,97.80000000000001
MX-2015-TC2153551-42216,2015-07-31 00:00:00,TC-2153551,Tracy Collins,Home Office,Guatemala,LATAM,Central America,FUR-BO-5763,Furniture,Bookcases,"Safco Classic Bookcase, Traditional",876.3,3,0,359.28
ES-2015-AG1033048-42213,2015-07-28 00:00:00,AG-1033048,Alex Grayson,Consumer,Germany,Europe,Western Europe,OFF-SU-4320,Office Supplies,Supplies,"Fiskars Shears, High Speed",190.56,4,0,93.36
IT-2015-MM1792048-42194,2015-07-09 00:00:00,MM-1792048,Michael Moore,Consumer,Germany,Europe,Western Europe,TEC-PH-3807,Technology,Phones,"Cisco Smart Phone, with Caller ID",2616.96,4,0,1151.4
IN-2015-EM1414058-42194,2015-07-09 00:00:00,EM-1414058,Eugene Moren,Home Office,India,Asia Pacific,Southern Asia,TEC-PH-5836,Technology,Phones,"Samsung Signal Booster, Full Size",413.64,3,0,8.19
MX-2015-PS1897028-42201,2015-07-16 00:00:00,PS-1897028,Paul Stevenson,Home Office,Colombia,LATAM,South America,TEC-CO-4590,Technology,Copiers,"Hewlett Wireless Fax, Color",507.82231999999993,2,0.002,80.38232
MX-2015-JL1513051-42212,2015-07-27 00:00:00,JL-1513051,Jack Lebron,Consumer,Guatemala,LATAM,Central America,FUR-CH-4654,Furniture,Chairs,"Hon Executive Leather Armchair, Adjustable",612.8399999999999,2,0,177.72
ES-2015-NP18325120-42196,2015-07-11 00:00:00,NP-18325120,Naresj Patel,Consumer,Spain,Europe,Southern Europe,TEC-AC-5874,Technology,Accessories,"SanDisk Memory Card, Programmable",341.73,3,0,34.11
ES-2015-JK1520564-42199,2015-07-14 00:00:00,JK-1520564,Jamie Kunitz,Consumer,Italy,Europe,Southern Europe,FUR-BO-4864,Furniture,Bookcases,"Ikea Stackable Bookrack, Metal",366.12,3,0,84.14999999999999
CA-2015-BF11275140-42196,2015-07-11 00:00:00,BF-112751408,Beth Fritzler,Corporate,United States,USCA,Southern US,OFF-AP-3367,Office Supplies,Appliances,Belkin 7-Outlet SurgeMaster Home Series,41.910000000000004,3,0,10.896600000000003
MX-2015-JS1568582-42214,2015-07-29 00:00:00,JS-1568582,Jim Sink,Corporate,Mexico,LATAM,Central America,TEC-PH-5835,Technology,Phones,"Samsung Signal Booster, Cordless",185.92000000000002,2,0,59.48
UP-2015-XP11865137-42209,2015-07-24 00:00:00,XP-11865137,Xylona Preis,Consumer,Ukraine,Europe,Eastern Europe,FUR-FU-3928,Furniture,Furnishings,"Deflect-O Clock, Black",704.34,14,0,21
ES-2015-CD122808-42186,2015-07-01 00:00:00,CD-122808,Christina DeMoss,Consumer,Austria,Europe,Western Europe,OFF-ST-6057,Office Supplies,Storage,"Smead Shelving, Blue",293.5799999999999,6,0,88.01999999999998
US-2015-SC2044018-42189,2015-07-04 00:00:00,SC-2044018,Shaun Chance,Corporate,Brazil,LATAM,South America,FUR-TA-3757,Furniture,Tables,"Chromcraft Coffee Table, Rectangular",211.728,3,0.6,-52.931999999999974
ES-2015-BM11650120-42215,2015-07-30 00:00:00,BM-11650120,Brian Moss,Corporate,Spain,Europe,Southern Europe,FUR-BO-5768,Furniture,Bookcases,"Safco Corner Shelving, Metal",297.84000000000003,2,0,74.46000000000001
US-2015-BE11335140-42203,2015-07-18 00:00:00,BE-113351406,Bill Eplett,Home Office,United States,USCA,Eastern US,TEC-PH-3182,Technology,Phones,Avaya 5420 Digital phone,269.98,2,0,67.495
US-2015-BE11335140-42203,2015-07-18 00:00:00,BE-113351406,Bill Eplett,Home Office,United States,USCA,Eastern US,OFF-PA-6085,Office Supplies,Paper,Southworth 25% Cotton Premium Laser Paper and Envelopes,99.9,5,0,47.952000000000005
US-2015-BE11335140-42203,2015-07-18 00:00:00,BE-113351406,Bill Eplett,Home Office,United States,USCA,Eastern US,FUR-FU-3920,Furniture,Furnishings,DAX Solid Wood Frames,39.08,4,0,14.459599999999998
IN-2015-DH1367558-42202,2015-07-17 00:00:00,DH-1367558,Duane Huffman,Home Office,India,Asia Pacific,Southern Asia,TEC-AC-4164,Technology,Accessories,"Enermax Memory Card, Erganomic",448.7999999999999,4,0,188.39999999999998
UP-2015-LD6855137-42215,2015-07-30 00:00:00,LD-6855137,Lela Donovan,Corporate,Ukraine,Europe,Eastern Europe,FUR-CH-5454,Furniture,Chairs,"Office Star Swivel Stool, Adjustable",705.7200000000001,4,0,70.56
RS-2015-DK3090108-42202,2015-07-17 00:00:00,DK-3090108,Dave Kipp,Consumer,Russia,Europe,Eastern Europe,OFF-AR-5904,Office Supplies,Art,"Sanford Canvas, Fluorescent",207.12,4,0,76.56
ES-2015-EM13960139-42196,2015-07-11 00:00:00,EM-13960139,Eric Murdock,Consumer,United Kingdom,Europe,Northern Europe,OFF-ST-4056,Office Supplies,Storage,"Eldon File Cart, Industrial",1023.1200000000001,8,0,122.64000000000001
GH-2015-DW348049-42195,2015-07-10 00:00:00,DW-348049,Dianna Wilson,Home Office,Ghana,Africa,Western Africa,TEC-MA-5547,Technology,Machines,"Panasonic Inkjet, Red",309.24,1,0,86.58
IN-2015-JS1559527-42211,2015-07-26 00:00:00,JS-1559527,Jill Stevenson,Corporate,China,Asia Pacific,Eastern Asia,FUR-CH-5368,Furniture,Chairs,"Novimex Bag Chairs, Red",321.72,7,0,25.62
IZ-2015-SL1015561-42203,2015-07-18 00:00:00,SL-1015561,Sara Luxemburg,Home Office,Iraq,Asia Pacific,Western Asia,OFF-AR-3526,Office Supplies,Art,"Boston Canvas, Easy-Erase",323.46,6,0,74.34
ES-2015-DN13690120-42215,2015-07-30 00:00:00,DN-13690120,Duane Noonan,Consumer,Spain,Europe,Southern Europe,OFF-AR-5905,Office Supplies,Art,"Sanford Canvas, Water Color",375.90000000000003,7,0,0
EZ-2015-JC610532-42197,2015-07-12 00:00:00,JC-610532,Julie Creighton,Corporate,Czech Republic,Europe,Eastern Europe,FUR-FU-3065,Furniture,Furnishings,"Advantus Stacking Tray, Black",158.57999999999998,6,0,44.28
EZ-2015-JC610532-42197,2015-07-12 00:00:00,JC-610532,Julie Creighton,Corporate,Czech Republic,Europe,Eastern Europe,OFF-ST-6068,Office Supplies,Storage,"Smead Trays, Wire Frame",285.29999999999995,6,0,37.08
US-2015-SR204255-42206,2015-07-21 00:00:00,SR-204255,Sharelle Roach,Home Office,Argentina,LATAM,South America,TEC-PH-3803,Technology,Phones,"Cisco Signal Booster, with Caller ID",364.392,6,0.4,-60.76800000000001
MX-2015-AG1033012-42187,2015-07-02 00:00:00,AG-1033012,Alex Grayson,Consumer,Barbados,LATAM,Caribbean,FUR-TA-3418,Furniture,Tables,"Bevis Computer Table, Fully Assembled",661.32,2,0,205
ID-2015-RS194207-42213,2015-07-28 00:00:00,RS-194207,Ricardo Sperren,Corporate,Australia,Asia Pacific,Oceania,FUR-BO-5969,Furniture,Bookcases,"Sauder Library with Doors, Traditional",465.15599999999995,2,0.4,-255.86400000000003
ES-2015-TT2146014-42201,2015-07-16 00:00:00,TT-2146014,Tonja Turnell,Home Office,Belgium,Europe,Western Europe,TEC-AC-4174,Technology,Accessories,"Enermax Mouse, USB",323.99999999999994,8,0,38.88
ES-2015-KM1666048-42201,2015-07-16 00:00:00,KM-1666048,Khloe Miller,Consumer,Germany,Europe,Western Europe,FUR-BO-3626,Furniture,Bookcases,"Bush Classic Bookcase, Pine",662.448,2,0.2,240.10800000000003
MX-2015-SC2044031-42189,2015-07-04 00:00:00,SC-2044031,Shaun Chance,Corporate,Cuba,LATAM,Caribbean,FUR-BO-4865,Furniture,Bookcases,"Ikea Stackable Bookrack, Mobile",333.6,4,0,106.72
ES-2015-DJ1351064-42203,2015-07-18 00:00:00,DJ-1351064,Don Jones,Corporate,Italy,Europe,Southern Europe,TEC-CO-6006,Technology,Copiers,"Sharp Personal Copier, Digital",478.56000000000006,4,0,239.28000000000003
IN-2015-BT1148566-42214,2015-07-29 00:00:00,BT-1148566,Brad Thomas,Home Office,Japan,Asia Pacific,Eastern Asia,TEC-CO-4785,Technology,Copiers,"HP Personal Copier, Digital",247.86,2,0,27.240000000000002
IN-2015-EM1414058-42194,2015-07-09 00:00:00,EM-1414058,Eugene Moren,Home Office,India,Asia Pacific,Southern Asia,TEC-CO-4779,Technology,Copiers,"HP Ink, High-Speed",507.59999999999997,4,0,218.16
ES-2015-MZ17335139-42214,2015-07-29 00:00:00,MZ-17335139,Maria Zettner,Home Office,United Kingdom,Europe,Northern Europe,OFF-ST-4055,Office Supplies,Storage,"Eldon File Cart, Blue",507.8400000000001,4,0,10.08
ES-2015-JO15550139-42209,2015-07-24 00:00:00,JO-15550139,Jesus Ocampo,Home Office,United Kingdom,Europe,Northern Europe,TEC-PH-5270,Technology,Phones,"Motorola Speaker Phone, Cordless",397.89,3,0,19.89
MX-2015-LS1720018-42213,2015-07-28 00:00:00,LS-1720018,Luke Schmidt,Corporate,Brazil,LATAM,South America,TEC-CO-4574,Technology,Copiers,"Hewlett Fax and Copier, Laser",384.96852000000007,3,0.002,68.64852
IN-2015-RB193307-42187,2015-07-02 00:00:00,RB-193307,Randy Bradley,Consumer,Australia,Asia Pacific,Oceania,TEC-CO-3710,Technology,Copiers,"Canon Wireless Fax, Laser",757.32,2,0,136.26
IN-2015-ML17755130-42207,2015-07-22 00:00:00,ML-17755130,Max Ludwig,Home Office,Thailand,Asia Pacific,Southeastern Asia,FUR-BO-5760,Furniture,Bookcases,"Safco Classic Bookcase, Metal",551.3886,2,0.37,-157.57140000000004
ES-2015-TT2146014-42201,2015-07-16 00:00:00,TT-2146014,Tonja Turnell,Home Office,Belgium,Europe,Western Europe,OFF-ST-6033,Office Supplies,Storage,"Smead File Cart, Single Width",256.85999999999996,2,0,2.52
MX-2015-BD1163531-42206,2015-07-21 00:00:00,BD-1163531,Brian Derr,Consumer,Cuba,LATAM,Caribbean,FUR-CH-5413,Furniture,Chairs,"Novimex Swivel Stool, Red",548.2,5,0,197.3
IT-2015-KD1634548-42215,2015-07-30 00:00:00,KD-1634548,Katherine Ducich,Consumer,Germany,Europe,Western Europe,TEC-CO-6000,Technology,Copiers,"Sharp Fax Machine, Laser",886.9499999999999,3,0,79.74
IN-2015-ED1388527-42207,2015-07-22 00:00:00,ED-1388527,Emily Ducich,Home Office,China,Asia Pacific,Eastern Asia,TEC-AC-5862,Technology,Accessories,"SanDisk Flash Drive, Programmable",123.12,3,0,20.879999999999995
MX-2015-PL1892593-42209,2015-07-24 00:00:00,PL-1892593,Paul Lucas,Home Office,Nicaragua,LATAM,Central America,FUR-BO-5760,Furniture,Bookcases,"Safco Classic Bookcase, Metal",583.48,2,0,93.32000000000001
CG-2015-AB25533-42195,2015-07-10 00:00:00,AB-25533,Alejandro Ballentine,Home Office,Democratic Republic of the Congo,Africa,Central Africa,TEC-CO-6007,Technology,Copiers,"Sharp Personal Copier, High-Speed",236.39999999999998,2,0,96.89999999999999
IN-2015-CP1234058-42202,2015-07-17 00:00:00,CP-1234058,Christine Phan,Corporate,India,Asia Pacific,Southern Asia,TEC-MA-5019,Technology,Machines,"Konica Receipt Printer, Red",597,5,0,77.55
IN-2015-CD1228058-42197,2015-07-12 00:00:00,CD-1228058,Christina DeMoss,Consumer,India,Asia Pacific,Southern Asia,FUR-CH-5438,Furniture,Chairs,"Office Star Chairmat, Black",443.73,7,0,159.59999999999997
US-2015-CS11860140-42207,2015-07-22 00:00:00,CS-118601406,Cari Schnelling,Consumer,United States,USCA,Eastern US,OFF-AP-4219,Office Supplies,Appliances,"Eureka Sanitaire  Multi-Pro Heavy-Duty Upright, Disposable Bags",17.48,4,0,4.5448
CA-2015-CS11860140-42198,2015-07-13 00:00:00,CS-118601406,Cari Schnelling,Consumer,United States,USCA,Eastern US,OFF-PA-6418,Office Supplies,Paper,"Wirebound Message Books, Four 2 3/4 x 5 Forms per Page, 200 Sets per Book",3.816,1,0.2,1.1924999999999997
ID-2015-NF18385102-42207,2015-07-22 00:00:00,NF-18385102,Natalie Fritzler,Consumer,Philippines,Asia Pacific,Southeastern Asia,TEC-PH-5357,Technology,Phones,"Nokia Speaker Phone, Cordless",378,4,0.25,-20.159999999999997
IN-2015-CY1274527-42186,2015-07-01 00:00:00,CY-1274527,Craig Yedwab,Corporate,China,Asia Pacific,Eastern Asia,OFF-AP-4499,Office Supplies,Appliances,"Hamilton Beach Microwave, Silver",283.26,1,0,113.28
IN-2015-EB1370592-42196,2015-07-11 00:00:00,EB-1370592,Ed Braxton,Corporate,New Zealand,Asia Pacific,Oceania,TEC-MA-5573,Technology,Machines,"Panasonic Printer, White",529.8000000000001,2,0,68.82000000000001
MX-2015-SR2074082-42213,2015-07-28 00:00:00,SR-2074082,Steven Roelle,Home Office,Mexico,LATAM,Central America,TEC-CO-6000,Technology,Copiers,"Sharp Fax Machine, Laser",590.1174,3,0.002,69.73740000000001
SF-2015-KH6510117-42192,2015-07-07 00:00:00,KH-6510117,Keith Herrera,Consumer,South Africa,Africa,Southern Africa,TEC-PH-5826,Technology,Phones,"Samsung Headset, VoIP",732.8999999999999,10,0,307.8
MX-2015-CM1219031-42215,2015-07-30 00:00:00,CM-1219031,Charlotte Melton,Consumer,Cuba,LATAM,Caribbean,TEC-CO-3709,Technology,Copiers,"Canon Wireless Fax, High-Speed",501.47504,2,0.002,84.39504
MX-2015-RK1930082-42206,2015-07-21 00:00:00,RK-1930082,Ralph Kennedy,Consumer,Mexico,LATAM,Central America,TEC-CO-4568,Technology,Copiers,"Hewlett Copy Machine, Color",176.38652000000002,1,0.002,26.14652
ES-2015-EH1376564-42196,2015-07-11 00:00:00,EH-1376564,Edward Hooks,Corporate,Italy,Europe,Southern Europe,FUR-BO-5942,Furniture,Bookcases,"Sauder 3-Shelf Cabinet, Pine",504.0900000000001,3,0,115.92
IN-2015-MH177857-42192,2015-07-07 00:00:00,MH-177857,Maya Herman,Corporate,Australia,Asia Pacific,Oceania,TEC-AC-3397,Technology,Accessories,"Belkin Numeric Keypad, Erganomic",373.27500000000003,7,0.1,28.875
MX-2015-HM1498051-42199,2015-07-14 00:00:00,HM-1498051,Henry MacAllister,Consumer,Guatemala,LATAM,Central America,FUR-CH-5457,Furniture,Chairs,"Office Star Swivel Stool, Set of Two",352.38,3,0,42.24
ES-2015-IL1510045-42203,2015-07-18 00:00:00,IL-1510045,Ivan Liston,Consumer,France,Europe,Western Europe,FUR-BO-5771,Furniture,Bookcases,"Safco Corner Shelving, Traditional",672.57,5,0.1,59.67
SA-2015-BT1485110-42213,2015-07-28 00:00:00,BT-1485110,Brad Thomas,Home Office,Saudi Arabia,Asia Pacific,Western Asia,TEC-CO-4776,Technology,Copiers,"HP Fax Machine, Laser",1799.6399999999999,6,0,719.8199999999999
CA-2015-CS11950140-42206,2015-07-21 00:00:00,CS-119501402,Carlos Soltero,Consumer,United States,USCA,Central US,OFF-ST-6315,Office Supplies,Storage,"Trav-L-File Heavy-Duty Shuttle II, Black",69.712,2,0.2,8.713999999999995
CA-2015-CS11950140-42206,2015-07-21 00:00:00,CS-119501402,Carlos Soltero,Consumer,United States,USCA,Central US,FUR-FU-3849,Furniture,Furnishings,"Contract Clock, 14"", Brown",8.792,1,0.6,-5.7148
IN-2015-HA149207-42208,2015-07-23 00:00:00,HA-149207,Helen Andreada,Consumer,Australia,Asia Pacific,Oceania,TEC-AC-5203,Technology,Accessories,"Memorex Memory Card, Bluetooth",368.17199999999997,4,0.1,147.252
IN-2015-AA103751-42195,2015-07-10 00:00:00,AA-103751,Allen Armold,Consumer,Afghanistan,Asia Pacific,Southern Asia,OFF-ST-5708,Office Supplies,Storage,"Rogers Shelving, Wire Frame",244.79999999999998,4,0,70.92
IT-2015-ML1741048-42204,2015-07-19 00:00:00,ML-1741048,Maris LaWare,Consumer,Germany,Europe,Western Europe,FUR-BO-3642,Furniture,Bookcases,"Bush Library with Doors, Traditional",655.776,2,0.1,-36.444
ID-2015-AG1049597-42193,2015-07-08 00:00:00,AG-1049597,Andrew Gjertsen,Corporate,Pakistan,Asia Pacific,Southern Asia,OFF-AP-4965,Office Supplies,Appliances,"KitchenAid Stove, Red",285.07500000000005,1,0.5,-159.64500000000004
IT-2015-DA1345091-42209,2015-07-24 00:00:00,DA-1345091,Dianna Arnett,Home Office,Netherlands,Europe,Western Europe,OFF-ST-4079,Office Supplies,Storage,"Eldon Lockers, Industrial",396.78,4,0.5,-7.980000000000018
ID-2015-JE1561097-42193,2015-07-08 00:00:00,JE-1561097,Jim Epp,Corporate,Pakistan,Asia Pacific,Southern Asia,TEC-PH-5335,Technology,Phones,"Nokia Audio Dock, Cordless",339.18,4,0.5,-122.22000000000003
HR-2015-BD172530-42216,2015-07-31 00:00:00,BD-172530,Bruce Degenhardt,Consumer,Croatia,Europe,Southern Europe,OFF-SU-2989,Office Supplies,Supplies,"Acme Scissors, High Speed",152.64000000000001,6,0,13.680000000000001
MX-2015-MP1796518-42189,2015-07-04 00:00:00,MP-1796518,Michael Paige,Corporate,Brazil,LATAM,South America,TEC-AC-5123,Technology,Accessories,"Logitech Memory Card, Programmable",489.44000000000005,7,0,43.959999999999994
IT-2015-RH1951091-42209,2015-07-24 00:00:00,RH-1951091,Rick Huthwaite,Home Office,Netherlands,Europe,Western Europe,TEC-PH-5273,Technology,Phones,"Motorola Speaker Phone, with Caller ID",259.56,4,0.5,-145.44
IT-2015-BP1109548-42192,2015-07-07 00:00:00,BP-1109548,Bart Pistole,Corporate,Germany,Europe,Western Europe,OFF-AP-4511,Office Supplies,Appliances,"Hamilton Beach Toaster, Silver",262.17,5,0.1,98.97
GH-2015-AG27049-42206,2015-07-21 00:00:00,AG-27049,Alejandro Grove,Consumer,Ghana,Africa,Western Africa,OFF-ST-4293,Office Supplies,Storage,"Fellowes Trays, Blue",573.9,10,0,39.900000000000006
ES-2015-SA208308-42201,2015-07-16 00:00:00,SA-208308,Sue Ann Reed,Consumer,Austria,Europe,Western Europe,TEC-AC-3390,Technology,Accessories,"Belkin Memory Card, Programmable",465.23999999999995,4,0,139.56
MX-2015-MC1760582-42215,2015-07-30 00:00:00,MC-1760582,Matt Connell,Corporate,Mexico,LATAM,Central America,TEC-CO-4772,Technology,Copiers,"HP Fax and Copier, Laser",575.1474,5,0.002,62.147400000000005
KG-2015-EB411070-42201,2015-07-16 00:00:00,EB-411070,Eugene Barchas,Consumer,Kyrgyzstan,Asia Pacific,Central Asia,OFF-ST-4269,Office Supplies,Storage,"Fellowes Lockers, Wire Frame",206.39999999999998,1,0,92.88
MX-2015-NB1865539-42196,2015-07-11 00:00:00,NB-1865539,Nona Balk,Corporate,El Salvador,LATAM,Central America,FUR-TA-3435,Furniture,Tables,"Bevis Training Table, Adjustable Height",359.648,2,0.2,125.84799999999998
ES-2015-GH1442564-42188,2015-07-03 00:00:00,GH-1442564,Gary Hwang,Consumer,Italy,Europe,Southern Europe,OFF-SU-4989,Office Supplies,Supplies,"Kleencut Shears, Easy Grip",435.51,9,0,0
US-2015-SC2044018-42189,2015-07-04 00:00:00,SC-2044018,Shaun Chance,Corporate,Brazil,LATAM,South America,FUR-BO-4865,Furniture,Bookcases,"Ikea Stackable Bookrack, Mobile",133.44,4,0.6,-93.43999999999998
IN-2015-RP19390102-42192,2015-07-07 00:00:00,RP-19390102,Resi Pölking,Consumer,Philippines,Asia Pacific,Southeastern Asia,TEC-MA-6147,Technology,Machines,"StarTech Printer, Durable",576.6525000000001,3,0.25,-7.71750000000003
US-2015-SR204255-42206,2015-07-21 00:00:00,SR-204255,Sharelle Roach,Home Office,Argentina,LATAM,South America,FUR-BO-5951,Furniture,Bookcases,"Sauder Classic Bookcase, Traditional",348.79200000000003,2,0.4,-104.64800000000002
IT-2015-ED1388545-42211,2015-07-26 00:00:00,ED-1388545,Emily Ducich,Home Office,France,Europe,Western Europe,OFF-ST-5711,Office Supplies,Storage,"Rogers Trays, Single Width",277.695,5,0.1,-9.405000000000001
IZ-2015-SL1015561-42203,2015-07-18 00:00:00,SL-1015561,Sara Luxemburg,Home Office,Iraq,Asia Pacific,Western Asia,FUR-FU-3025,Furniture,Furnishings,"Advantus Clock, Durable",193.68,4,0,11.52
IN-2015-HW1493559-42212,2015-07-27 00:00:00,HW-1493559,Helen Wasserman,Corporate,Indonesia,Asia Pacific,Southeastern Asia,OFF-AP-3867,Office Supplies,Appliances,"Cuisinart Microwave, White",459.15599999999995,2,0.17,-77.484
CA-2015-CA12265140-42189,2015-07-04 00:00:00,CA-122651404,Christina Anderson,Consumer,United States,USCA,Western US,FUR-FU-6280,Furniture,Furnishings,"Tenex Traditional Chairmats for Medium Pile Carpet, Standard Lip, 36"" x 48""",545.85,9,0,114.6285
IN-2015-JP155207-42208,2015-07-23 00:00:00,JP-155207,Jeremy Pistek,Consumer,Australia,Asia Pacific,Oceania,TEC-CO-3680,Technology,Copiers,"Canon Copy Machine, High-Speed",468.6120000000001,2,0.1,78.072
ID-2015-SW202757-42216,2015-07-31 00:00:00,SW-202757,Scott Williamson,Consumer,Australia,Asia Pacific,Oceania,TEC-PH-3802,Technology,Phones,"Cisco Signal Booster, VoIP",455.76,5,0.4,-45.69
US-2015-LL168405-42208,2015-07-23 00:00:00,LL-168405,Lauren Leatherbury,Consumer,Argentina,LATAM,South America,FUR-TA-4636,Furniture,Tables,"Hon Coffee Table, with Bottom Storage",126.36000000000004,2,0.7,-269.6
US-2015-MS177705-42194,2015-07-09 00:00:00,MS-177705,Maxwell Schwartz,Consumer,Argentina,LATAM,South America,TEC-CO-3588,Technology,Copiers,"Brother Copy Machine, High-Speed",313.6988399999999,3,0.402,-111.22116000000001
ES-2015-DN13690120-42215,2015-07-30 00:00:00,DN-13690120,Duane Noonan,Consumer,Spain,Europe,Southern Europe,FUR-FU-6236,Furniture,Furnishings,"Tenex Clock, Black",301.5,6,0,75.24
CG-2015-VG1179033-42209,2015-07-24 00:00:00,VG-1179033,Vivek Gonzalez,Consumer,Democratic Republic of the Congo,Africa,Central Africa,OFF-AR-5902,Office Supplies,Art,"Sanford Canvas, Blue",202.07999999999998,4,0,58.56
ID-2015-HG1502559-42194,2015-07-09 00:00:00,HG-1502559,Hunter Glantz,Consumer,Indonesia,Asia Pacific,Southeastern Asia,FUR-FU-6255,Furniture,Furnishings,"Tenex Frame, Durable",234.3519,3,0.27,-12.878100000000018
US-2015-TZ21580143-42209,2015-07-24 00:00:00,TZ-21580143,Tracy Zic,Consumer,Venezuela,LATAM,South America,OFF-AP-3572,Office Supplies,Appliances,"Breville Microwave, Silver",362.95199999999994,3,0.4,-60.52800000000004
CA-2015-CP12340140-42209,2015-07-24 00:00:00,CP-123401406,Christine Phan,Corporate,United States,USCA,Eastern US,OFF-BI-3119,Office Supplies,Binders,Angle-D Ring Binders,13.128,3,0.2,4.266599999999999
ES-2015-RF19735139-42188,2015-07-03 00:00:00,RF-19735139,Roland Fjeld,Consumer,United Kingdom,Europe,Northern Europe,TEC-PH-5351,Technology,Phones,"Nokia Signal Booster, Full Size",275.58,2,0,57.84
MX-2015-CB1253531-42188,2015-07-03 00:00:00,CB-1253531,Claudia Bergmann,Corporate,Cuba,LATAM,Caribbean,FUR-BO-5771,Furniture,Bookcases,"Safco Corner Shelving, Traditional",398.56,4,0,179.28
SL-2015-MH8115112-42213,2015-07-28 00:00:00,MH-8115112,Mick Hernandez,Home Office,Sierra Leone,Africa,Western Africa,TEC-PH-5335,Technology,Phones,"Nokia Audio Dock, Cordless",339.18,2,0,67.80000000000001
CA-2015-CS12355140-42193,2015-07-08 00:00:00,CS-123551406,Christine Sundaresam,Consumer,United States,USCA,Eastern US,OFF-BI-6373,Office Supplies,Binders,Wilson Jones Active Use Binders,17.472,3,0.2,6.333600000000001
UP-2015-JK5640137-42196,2015-07-11 00:00:00,JK-5640137,Jim Kriz,Home Office,Ukraine,Europe,Eastern Europe,OFF-ST-6262,Office Supplies,Storage,"Tenex Lockers, Industrial",204.63,1,0,57.269999999999996
IZ-2015-TB1125061-42213,2015-07-28 00:00:00,TB-1125061,Tim Brockman,Consumer,Iraq,Asia Pacific,Western Asia,TEC-PH-3784,Technology,Phones,"Cisco Audio Dock, Cordless",184.92000000000002,1,0,24.03
UP-2015-CB2025137-42206,2015-07-21 00:00:00,CB-2025137,Cassandra Brandow,Consumer,Ukraine,Europe,Eastern Europe,OFF-AR-3463,Office Supplies,Art,"BIC Pencil Sharpener, Water Color",257.52,8,0,97.68
MX-2015-RH1955536-42213,2015-07-28 00:00:00,RH-1955536,Ritsa Hightower,Consumer,Dominican Republic,LATAM,Caribbean,OFF-BI-3189,Office Supplies,Binders,"Avery 3-Hole Punch, Recycled",75.28000000000003,5,0.2,-11.320000000000007
IN-2015-OT1873027-42209,2015-07-24 00:00:00,OT-1873027,Olvera Toch,Consumer,China,Asia Pacific,Eastern Asia,TEC-PH-5830,Technology,Phones,"Samsung Office Telephone, Full Size",199.52999999999997,3,0,15.930000000000001
MX-2015-PS1897051-42195,2015-07-10 00:00:00,PS-1897051,Paul Stevenson,Home Office,Guatemala,LATAM,Central America,FUR-BO-3628,Furniture,Bookcases,"Bush Corner Shelving, Metal",246.9,3,0,32.04
IN-2015-LR1703592-42211,2015-07-26 00:00:00,LR-1703592,Lisa Ryan,Corporate,New Zealand,Asia Pacific,Oceania,FUR-TA-3430,Furniture,Tables,"Bevis Round Table, Fully Assembled",623.592,2,0.4,62.35200000000003
ES-2015-GH14410139-42190,2015-07-05 00:00:00,GH-14410139,Gary Hansen,Home Office,United Kingdom,Europe,Northern Europe,FUR-CH-4524,Furniture,Chairs,"Harbour Creations Chairmat, Red",144.00000000000003,2,0,30.240000000000002
US-2015-LO1717036-42211,2015-07-26 00:00:00,LO-1717036,Lori Olson,Corporate,Dominican Republic,LATAM,Caribbean,TEC-PH-3143,Technology,Phones,"Apple Signal Booster, Cordless",223.20000000000005,3,0.2,-39.06000000000002
ES-2015-TT2146014-42201,2015-07-16 00:00:00,TT-2146014,Tonja Turnell,Home Office,Belgium,Europe,Western Europe,FUR-BO-5960,Furniture,Bookcases,"Sauder Floating Shelf Set, Mobile",197.10000000000002,1,0,72.9
US-2015-CS12460140-42189,2015-07-04 00:00:00,CS-124601408,Chuck Sachs,Consumer,United States,USCA,Southern US,TEC-PH-5649,Technology,Phones,Pyle PMP37LED,287.96999999999997,3,0,77.75189999999999
US-2015-LH1690082-42193,2015-07-08 00:00:00,LH-1690082,Lena Hernandez,Consumer,Mexico,LATAM,Central America,TEC-PH-5347,Technology,Phones,"Nokia Office Telephone, Full Size",398.52000000000004,9,0,87.66
ES-2015-GT14755139-42216,2015-07-31 00:00:00,GT-14755139,Guy Thornton,Consumer,United Kingdom,Europe,Northern Europe,TEC-MA-4209,Technology,Machines,"Epson Receipt Printer, Durable",468.6,4,0,32.76
KZ-2015-AC45068-42188,2015-07-03 00:00:00,AC-45068,Amy Cox,Consumer,Kazakhstan,Asia Pacific,Central Asia,OFF-AR-3499,Office Supplies,Art,"Binney & Smith Sketch Pad, Blue",111.16800000000002,8,0.7,-163.152
US-2015-CS12460140-42189,2015-07-04 00:00:00,CS-124601408,Chuck Sachs,Consumer,United States,USCA,Southern US,FUR-FU-6355,Furniture,Furnishings,"Westinghouse Floor Lamp with Metal Mesh Shade, Black",23.99,1,0,5.517699999999998
ES-2015-SG2060545-42199,2015-07-14 00:00:00,SG-2060545,Speros Goranitis,Consumer,France,Europe,Western Europe,OFF-AR-3502,Office Supplies,Art,"Binney & Smith Sketch Pad, Water Color",346.5,7,0,114.24000000000001
MX-2015-JM1586582-42187,2015-07-02 00:00:00,JM-1586582,John Murray,Consumer,Mexico,LATAM,Central America,OFF-PA-6601,Office Supplies,Paper,"Xerox Cards & Envelopes, Multicolor",154.6,5,0,20
IN-2015-JC1610527-42214,2015-07-29 00:00:00,JC-1610527,Julie Creighton,Corporate,China,Asia Pacific,Eastern Asia,OFF-ST-6059,Office Supplies,Storage,"Smead Shelving, Single Width",342.72,7,0,13.650000000000002
US-2015-NP1832582-42216,2015-07-31 00:00:00,NP-1832582,Naresj Patel,Consumer,Mexico,LATAM,Central America,FUR-FU-5740,Furniture,Furnishings,"Rubbermaid Stacking Tray, Durable",100.56000000000002,10,0.4,-8.440000000000008
US-2015-PB188055-42196,2015-07-11 00:00:00,PB-188055,Patrick Bzostek,Home Office,Argentina,LATAM,South America,TEC-CO-5992,Technology,Copiers,"Sharp Copy Machine, Laser",285.89183999999995,3,0.402,-43.98815999999997
ES-2015-JK1520564-42199,2015-07-14 00:00:00,JK-1520564,Jamie Kunitz,Consumer,Italy,Europe,Southern Europe,TEC-CO-4582,Technology,Copiers,"Hewlett Ink, Laser",446.03999999999996,3,0,53.46
ES-2015-CR12730120-42216,2015-07-31 00:00:00,CR-12730120,Craig Reiter,Consumer,Spain,Europe,Southern Europe,FUR-CH-5439,Furniture,Chairs,"Office Star Chairmat, Red",157.96800000000002,3,0.2,39.43799999999999
MX-2015-TS2116082-42189,2015-07-04 00:00:00,TS-2116082,Theresa Swint,Corporate,Mexico,LATAM,Central America,FUR-BO-4847,Furniture,Bookcases,"Ikea 3-Shelf Cabinet, Traditional",151.936,2,0.2,17.055999999999994
MX-2015-PS1897051-42195,2015-07-10 00:00:00,PS-1897051,Paul Stevenson,Home Office,Guatemala,LATAM,Central America,TEC-PH-5842,Technology,Phones,"Samsung Smart Phone, with Caller ID",424.1,1,0,16.96
IN-2015-CM1271558-42208,2015-07-23 00:00:00,CM-1271558,Craig Molinari,Corporate,India,Asia Pacific,Southern Asia,FUR-FU-3933,Furniture,Furnishings,"Deflect-O Door Stop, Duo Pack",132.03,3,0,54.09
ES-2015-GT14755139-42216,2015-07-31 00:00:00,GT-14755139,Guy Thornton,Consumer,United Kingdom,Europe,Northern Europe,TEC-AC-5220,Technology,Accessories,"Memorex Numeric Keypad, Bluetooth",135.63,3,0,40.67999999999999
IR-2015-MT781560-42193,2015-07-08 00:00:00,MT-781560,Meg Tillman,Consumer,Iran,Asia Pacific,Southern Asia,TEC-MA-5568,Technology,Machines,"Panasonic Phone, Red",163.98000000000002,2,0,54.06
ES-2015-RF19735139-42188,2015-07-03 00:00:00,RF-19735139,Roland Fjeld,Consumer,United Kingdom,Europe,Northern Europe,TEC-PH-5835,Technology,Phones,"Samsung Signal Booster, Cordless",278.88,2,0,114.30000000000001
IT-2015-AC10660124-42189,2015-07-04 00:00:00,AC-10660124,Anna Chung,Consumer,Sweden,Europe,Northern Europe,TEC-CO-4780,Technology,Copiers,"HP Ink, Laser",321.75,5,0.5,-193.04999999999998
MO-2015-TM1149086-42199,2015-07-14 00:00:00,TM-1149086,Tony Molinari,Consumer,Morocco,Africa,North Africa,OFF-AR-3450,Office Supplies,Art,"BIC Canvas, Water Color",113.76,2,0,1.08
IN-2015-CP1234058-42202,2015-07-17 00:00:00,CP-1234058,Christine Phan,Corporate,India,Asia Pacific,Southern Asia,FUR-FU-3024,Furniture,Furnishings,"Advantus Clock, Duo Pack",102.9,2,0,15.419999999999998
MX-2015-JA1597039-42215,2015-07-30 00:00:00,JA-1597039,Joseph Airdo,Consumer,El Salvador,LATAM,Central America,FUR-CH-5413,Furniture,Chairs,"Novimex Swivel Stool, Red",438.56000000000006,4,0,157.84
IN-2015-PV18985113-42214,2015-07-29 00:00:00,PV-18985113,Paul Van Hugh,Home Office,Singapore,Asia Pacific,Southeastern Asia,OFF-EN-4450,Office Supplies,Envelopes,"GlobeWeis Manila Envelope, with clear poly window",92.78999999999999,3,0,25.02
US-2015-SR204255-42206,2015-07-21 00:00:00,SR-204255,Sharelle Roach,Home Office,Argentina,LATAM,South America,OFF-ST-4081,Office Supplies,Storage,"Eldon Lockers, Wire Frame",236.37599999999998,3,0.4,-23.664000000000033
ID-2015-KL166457-42202,2015-07-17 00:00:00,KL-166457,Ken Lonsdale,Consumer,Australia,Asia Pacific,Oceania,TEC-PH-5259,Technology,Phones,"Motorola Office Telephone, Cordless",223.82999999999996,5,0.4,-67.16999999999997
IN-2015-VS218207-42209,2015-07-24 00:00:00,VS-218207,Vivek Sundaresam,Consumer,Australia,Asia Pacific,Oceania,FUR-CH-4545,Furniture,Chairs,"Harbour Creations Rocking Chair, Black",390.582,3,0.1,30.312000000000005
MX-2015-RH1955536-42213,2015-07-28 00:00:00,RH-1955536,Ritsa Hightower,Consumer,Dominican Republic,LATAM,Caribbean,TEC-PH-3139,Technology,Phones,"Apple Office Telephone, Cordless",109.008,3,0.2,39.467999999999996
ID-2015-BP1129059-42214,2015-07-29 00:00:00,BP-1129059,Beth Paige,Consumer,Indonesia,Asia Pacific,Southeastern Asia,TEC-MA-6142,Technology,Machines,"StarTech Inkjet, Wireless",1252.3455000000001,5,0.17,437.5454999999999
ID-2015-JE1561097-42193,2015-07-08 00:00:00,JE-1561097,Jim Epp,Corporate,Pakistan,Asia Pacific,Southern Asia,TEC-CO-4767,Technology,Copiers,"HP Copy Machine, Laser",243.32999999999998,2,0.5,-238.46999999999997
MX-2015-ND1846082-42207,2015-07-22 00:00:00,ND-1846082,Neil Ducich,Corporate,Mexico,LATAM,Central America,TEC-CO-5994,Technology,Copiers,"Sharp Fax and Copier, Digital",447.7427199999999,4,0.002,178.54272
US-2015-SS208755-42204,2015-07-19 00:00:00,SS-208755,Sung Shariari,Consumer,Argentina,LATAM,South America,TEC-CO-4765,Technology,Copiers,"HP Copy Machine, Color",289.3004399999999,3,0.402,-102.61956
ES-2015-BW1106564-42189,2015-07-04 00:00:00,BW-1106564,Barry Weirich,Consumer,Italy,Europe,Southern Europe,TEC-MA-5506,Technology,Machines,"Okidata Phone, Durable",208.72799999999998,4,0.4,-62.71200000000002
CA-2015-DK12835140-42191,2015-07-06 00:00:00,DK-128351402,Damala Kotsonis,Corporate,United States,USCA,Central US,TEC-PH-3121,Technology,Phones,Anker 36W 4-Port USB Wall Charger Travel Power Adapter for iPhone 5s 5c 5,79.96,4,0,22.388800000000003
IR-2015-MT781560-42193,2015-07-08 00:00:00,MT-781560,Meg Tillman,Consumer,Iran,Asia Pacific,Southern Asia,TEC-CO-4775,Technology,Copiers,"HP Fax Machine, High-Speed",298.14,1,0,14.879999999999999
MX-2015-MC1760582-42215,2015-07-30 00:00:00,MC-1760582,Matt Connell,Corporate,Mexico,LATAM,Central America,FUR-BO-5961,Furniture,Bookcases,"Sauder Floating Shelf Set, Pine",522.48,5,0.2,84.88
IN-2015-BN1147027-42189,2015-07-04 00:00:00,BN-1147027,Brad Norvell,Corporate,China,Asia Pacific,Eastern Asia,FUR-FU-3943,Furniture,Furnishings,"Deflect-O Frame, Erganomic",217.32,2,0,36.900000000000006
MX-2015-JL1513051-42212,2015-07-27 00:00:00,JL-1513051,Jack Lebron,Consumer,Guatemala,LATAM,Central America,OFF-ST-6284,Office Supplies,Storage,"Tenex Trays, Wire Frame",142.07999999999998,4,0,7.040000000000001
ID-2015-CB120257-42193,2015-07-08 00:00:00,CB-120257,Cassandra Brandow,Consumer,Australia,Asia Pacific,Oceania,OFF-SU-6174,Office Supplies,Supplies,"Stiletto Scissors, Serrated",109.674,6,0.1,-7.326
MX-2015-PS1897039-42210,2015-07-25 00:00:00,PS-1897039,Paul Stevenson,Home Office,El Salvador,LATAM,Central America,OFF-SU-4310,Office Supplies,Supplies,"Fiskars Letter Opener, Steel",65.67999999999999,4,0,15.040000000000001
ES-2015-SN2056048-42188,2015-07-03 00:00:00,SN-2056048,Skye Norling,Home Office,Germany,Europe,Western Europe,OFF-EN-5038,Office Supplies,Envelopes,"Kraft Manila Envelope, Security-Tint",202.23,7,0,16.17
IN-2015-SB2029027-42201,2015-07-16 00:00:00,SB-2029027,Sean Braxton,Corporate,China,Asia Pacific,Eastern Asia,TEC-MA-5004,Technology,Machines,"Konica Card Printer, White",173.58,1,0,69.42
ES-2015-CM1271545-42214,2015-07-29 00:00:00,CM-1271545,Craig Molinari,Corporate,France,Europe,Western Europe,TEC-CO-5999,Technology,Copiers,"Sharp Fax Machine, High-Speed",249.77249999999995,1,0.15,17.6025
PL-2015-LB6735103-42214,2015-07-29 00:00:00,LB-6735103,Larry Blacks,Consumer,Poland,Europe,Eastern Europe,TEC-AC-4173,Technology,Accessories,"Enermax Mouse, Programmable",250.74,6,0,0
UP-2015-JM5865137-42208,2015-07-23 00:00:00,JM-5865137,John Murray,Consumer,Ukraine,Europe,Eastern Europe,OFF-BI-3715,Office Supplies,Binders,"Cardinal 3-Hole Punch, Recycled",58.32000000000001,2,0,16.86
ID-2015-SW202757-42216,2015-07-31 00:00:00,SW-202757,Scott Williamson,Consumer,Australia,Asia Pacific,Oceania,TEC-CO-5991,Technology,Copiers,"Sharp Copy Machine, High-Speed",287.28,2,0.4,-191.51999999999998
MX-2015-PS1897051-42195,2015-07-10 00:00:00,PS-1897051,Paul Stevenson,Home Office,Guatemala,LATAM,Central America,TEC-AC-4158,Technology,Accessories,"Enermax Keyboard, USB",278.9,5,0,128.2
US-2015-DJ1351018-42206,2015-07-21 00:00:00,DJ-1351018,Don Jones,Corporate,Brazil,LATAM,South America,FUR-CH-5378,Furniture,Chairs,"Novimex Executive Leather Armchair, Adjustable",242.94399999999996,2,0.6,-230.8159999999999
SF-2015-SL10155117-42203,2015-07-18 00:00:00,SL-10155117,Sara Luxemburg,Home Office,South Africa,Africa,Southern Africa,FUR-FU-6278,Furniture,Furnishings,"Tenex Stacking Tray, Erganomic",143.10000000000002,6,0,9.9
TU-2015-SC10260134-42192,2015-07-07 00:00:00,SC-10260134,Scott Cohen,Corporate,Turkey,Asia Pacific,Western Asia,TEC-AC-3385,Technology,Accessories,"Belkin Keyboard, Erganomic",130.704,4,0.6,-176.49599999999998
IN-2015-BM111407-42201,2015-07-16 00:00:00,BM-111407,Becky Martin,Consumer,Australia,Asia Pacific,Oceania,FUR-FU-5728,Furniture,Furnishings,"Rubbermaid Frame, Duo Pack",219.90000000000003,2,0,109.92
MX-2015-CM1244582-42209,2015-07-24 00:00:00,CM-1244582,Chuck Magee,Consumer,Mexico,LATAM,Central America,FUR-TA-5050,Furniture,Tables,"Lesro Coffee Table, Adjustable Height",271.13599999999997,2,0.2,71.136
MO-2015-LC693086-42206,2015-07-21 00:00:00,LC-693086,Linda Cazamias,Corporate,Morocco,Africa,North Africa,TEC-MA-5008,Technology,Machines,"Konica Inkjet, Wireless",313.44,1,0,50.13
ES-2015-BM11650120-42215,2015-07-30 00:00:00,BM-11650120,Brian Moss,Corporate,Spain,Europe,Southern Europe,FUR-BO-3648,Furniture,Bookcases,"Bush Stackable Bookrack, Traditional",245.93999999999997,2,0,61.44
ID-2015-PK190757-42194,2015-07-09 00:00:00,PK-190757,Pete Kriz,Consumer,Australia,Asia Pacific,Oceania,OFF-ST-6058,Office Supplies,Storage,"Smead Shelving, Industrial",177.876,4,0.1,-0.08399999999999963
ES-2015-KF16285120-42213,2015-07-28 00:00:00,KF-16285120,Karen Ferguson,Home Office,Spain,Europe,Southern Europe,TEC-CO-3704,Technology,Copiers,"Canon Personal Copier, Digital",284.76,2,0,14.22
IN-2015-JK1612059-42204,2015-07-19 00:00:00,JK-1612059,Julie Kriz,Home Office,Indonesia,Asia Pacific,Southeastern Asia,FUR-CH-4544,Furniture,Chairs,"Harbour Creations Rocking Chair, Adjustable",218.38679999999997,2,0.27,-50.8932
CA-2015-DV13045140-42186,2015-07-01 00:00:00,DV-130451408,Darrin Van Huff,Corporate,United States,USCA,Southern US,FUR-FU-3043,Furniture,Furnishings,Advantus Panel Wall Certificate Holder - 8.5x11,19.52,2,0.2,5.368000000000001
BU-2015-DP310519-42193,2015-07-08 00:00:00,DP-310519,Dave Poirier,Corporate,Bulgaria,Europe,Eastern Europe,OFF-PA-4462,Office Supplies,Paper,"Green Bar Cards & Envelopes, Multicolor",99.60000000000001,2,0,11.94
US-2015-TZ2158018-42209,2015-07-24 00:00:00,TZ-2158018,Tracy Zic,Consumer,Brazil,LATAM,South America,OFF-AP-3572,Office Supplies,Appliances,"Breville Microwave, Silver",241.968,3,0.6,-181.51199999999997
EG-2015-RB970538-42187,2015-07-02 00:00:00,RB-970538,Roger Barcio,Home Office,Egypt,Africa,North Africa,OFF-AP-3573,Office Supplies,Appliances,"Breville Microwave, White",299.84999999999997,1,0,98.94
ES-2015-ED1388545-42200,2015-07-15 00:00:00,ED-1388545,Emily Ducich,Home Office,France,Europe,Western Europe,OFF-AR-3490,Office Supplies,Art,"Binney & Smith Markers, Fluorescent",76.05,3,0,20.52
ES-2015-ME18010120-42213,2015-07-28 00:00:00,ME-18010120,Michelle Ellison,Corporate,Spain,Europe,Southern Europe,OFF-AR-6118,Office Supplies,Art,"Stanley Pencil Sharpener, Easy-Erase",52.08,2,0,17.700000000000003
MX-2015-SA2083082-42201,2015-07-16 00:00:00,SA-2083082,Sue Ann Reed,Consumer,Mexico,LATAM,Central America,TEC-CO-4792,Technology,Copiers,"HP Wireless Fax, Laser",718.9791600000001,3,0.002,99.35916
ES-2015-GH144108-42211,2015-07-26 00:00:00,GH-144108,Gary Hansen,Home Office,Austria,Europe,Western Europe,FUR-FU-4085,Furniture,Furnishings,"Eldon Photo Frame, Durable",165.42000000000002,3,0,46.25999999999999
RO-2015-TC11145107-42201,2015-07-16 00:00:00,TC-11145107,Theresa Coyne,Corporate,Romania,Europe,Eastern Europe,OFF-ST-4266,Office Supplies,Storage,"Fellowes Lockers, Blue",207.32999999999998,1,0,53.88
IN-2015-EM1414058-42194,2015-07-09 00:00:00,EM-1414058,Eugene Moren,Home Office,India,Asia Pacific,Southern Asia,OFF-SU-6162,Office Supplies,Supplies,"Stiletto Box Cutter, Serrated",163.35000000000002,5,0,75
IN-2015-NF183857-42202,2015-07-17 00:00:00,NF-183857,Natalie Fritzler,Consumer,Australia,Asia Pacific,Oceania,OFF-AR-3460,Office Supplies,Art,"BIC Pencil Sharpener, Blue",78.327,3,0.1,6.957000000000001
ES-2015-DB13210120-42199,2015-07-14 00:00:00,DB-13210120,Dean Braden,Consumer,Spain,Europe,Southern Europe,OFF-AP-4494,Office Supplies,Appliances,"Hamilton Beach Coffee Grinder, Red",170.64,4,0,20.4
MZ-2015-HG484587-42194,2015-07-09 00:00:00,HG-484587,Harry Greene,Consumer,Mozambique,Africa,Eastern Africa,TEC-CO-4570,Technology,Copiers,"Hewlett Copy Machine, Laser",263.31,1,0,5.25
IR-2015-CA196560-42201,2015-07-16 00:00:00,CA-196560,Carol Adams,Corporate,Iran,Asia Pacific,Southern Asia,OFF-ST-6068,Office Supplies,Storage,"Smead Trays, Wire Frame",95.1,2,0,12.36
US-2015-JD1579098-42210,2015-07-25 00:00:00,JD-1579098,John Dryer,Consumer,Panama,LATAM,Central America,FUR-TA-3338,Furniture,Tables,"Barricks Coffee Table, Rectangular",179.44200000000004,3,0.7,-394.8179999999999
IN-2015-MS177107-42199,2015-07-14 00:00:00,MS-177107,Maurice Satty,Consumer,Australia,Asia Pacific,Oceania,OFF-SU-4993,Office Supplies,Supplies,"Kleencut Trimmer, Easy Grip",116.23499999999999,3,0.1,10.305
MX-2015-PL1892593-42209,2015-07-24 00:00:00,PL-1892593,Paul Lucas,Home Office,Nicaragua,LATAM,Central America,FUR-CH-5750,Furniture,Chairs,"SAFCO Bag Chairs, Adjustable",103.85999999999999,3,0,41.52
SA-2015-DL2925110-42214,2015-07-29 00:00:00,DL-2925110,Daniel Lacy,Consumer,Saudi Arabia,Asia Pacific,Western Asia,TEC-PH-3816,Technology,Phones,"Cisco Speaker Phone, Full Size",279.53999999999996,2,0,95.03999999999999
MX-2015-JF1535539-42200,2015-07-15 00:00:00,JF-1535539,Jay Fein,Consumer,El Salvador,LATAM,Central America,OFF-EN-3662,Office Supplies,Envelopes,"Cameo Interoffice Envelope, Security-Tint",166.1,5,0,58.1
ES-2015-DJ1351064-42203,2015-07-18 00:00:00,DJ-1351064,Don Jones,Corporate,Italy,Europe,Southern Europe,FUR-FU-6254,Furniture,Furnishings,"Tenex Frame, Duo Pack",220.07999999999998,2,0,17.580000000000002
ID-2015-DK13150102-42202,2015-07-17 00:00:00,DK-13150102,David Kendrick,Corporate,Philippines,Asia Pacific,Southeastern Asia,OFF-AP-4971,Office Supplies,Appliances,"KitchenAid Toaster, White",141.882,2,0.15000000000000002,3.281999999999993
IN-2015-RB193307-42187,2015-07-02 00:00:00,RB-193307,Randy Bradley,Consumer,Australia,Asia Pacific,Oceania,TEC-AC-4174,Technology,Accessories,"Enermax Mouse, USB",161.99999999999997,4,0,38.88
ES-2015-BT11305120-42201,2015-07-16 00:00:00,BT-11305120,Beth Thompson,Home Office,Spain,Europe,Southern Europe,OFF-ST-4258,Office Supplies,Storage,"Fellowes File Cart, Industrial",496.0440000000001,4,0.1,16.523999999999987
IT-2015-BT11485120-42209,2015-07-24 00:00:00,BT-11485120,Brad Thomas,Home Office,Spain,Europe,Southern Europe,OFF-ST-4251,Office Supplies,Storage,"Fellowes Box, Industrial",108.86400000000003,6,0.1,-6.156000000000004
AU-2015-GB45308-42199,2015-07-14 00:00:00,GB-45308,George Bell,Corporate,Austria,Europe,Western Europe,OFF-AR-3547,Office Supplies,Art,"Boston Pens, Easy-Erase",86.94,6,0,28.620000000000005
IN-2015-CY1274527-42186,2015-07-01 00:00:00,CY-1274527,Craig Yedwab,Corporate,China,Asia Pacific,Eastern Asia,FUR-BO-5972,Furniture,Bookcases,"Sauder Stackable Bookrack, Pine",148.17000000000002,1,0,71.1
MX-2015-SA2083082-42190,2015-07-05 00:00:00,SA-2083082,Sue Ann Reed,Consumer,Mexico,LATAM,Central America,OFF-AP-3857,Office Supplies,Appliances,"Cuisinart Blender, Red",401.94000000000005,9,0,11.879999999999999
IN-2015-LH16900130-42195,2015-07-10 00:00:00,LH-16900130,Lena Hernandez,Consumer,Thailand,Asia Pacific,Southeastern Asia,OFF-BI-3713,Office Supplies,Binders,"Cardinal 3-Hole Punch, Durable",150.89399999999998,6,0.17,41.814
ES-2015-CM1271545-42214,2015-07-29 00:00:00,CM-1271545,Craig Molinari,Corporate,France,Europe,Western Europe,OFF-AP-3877,Office Supplies,Appliances,"Cuisinart Toaster, Red",240.57000000000005,5,0.1,58.769999999999996
CA-2015-DK13375140-42213,2015-07-28 00:00:00,DK-133751404,Dennis Kane,Consumer,United States,USCA,Western US,OFF-FA-6129,Office Supplies,Fasteners,Staples,23.88,3,0,10.507200000000001
CA-2015-DK13375140-42213,2015-07-28 00:00:00,DK-133751404,Dennis Kane,Consumer,United States,USCA,Western US,TEC-AC-6078,Technology,Accessories,Sony Micro Vault Click 8 GB USB 2.0 Flash Drive,234.95000000000002,5,0,32.89300000000001
CA-2015-DK13375140-42213,2015-07-28 00:00:00,DK-133751404,Dennis Kane,Consumer,United States,USCA,Western US,OFF-PA-5227,Office Supplies,Paper,"Message Book, Phone, Wirebound Standard Line Memo, 2 3/4"" X 5""",26.2,4,0,12.052
CA-2015-DK13375140-42213,2015-07-28 00:00:00,DK-133751404,Dennis Kane,Consumer,United States,USCA,Western US,OFF-PA-6591,Office Supplies,Paper,Xerox 227,12.96,2,0,6.2208000000000006
CG-2015-DH307533-42210,2015-07-25 00:00:00,DH-307533,Dave Hallsten,Corporate,Democratic Republic of the Congo,Africa,Central Africa,OFF-PA-3990,Office Supplies,Paper,"Eaton Computer Printout Paper, 8.5 x 11",184.14000000000001,6,0,84.60000000000001
IN-2015-PB19210130-42194,2015-07-09 00:00:00,PB-19210130,Phillip Breyer,Corporate,Thailand,Asia Pacific,Southeastern Asia,TEC-CO-5999,Technology,Copiers,"Sharp Fax Machine, High-Speed",370.251,2,0.37,29.331000000000046
IN-2015-ML17755130-42207,2015-07-22 00:00:00,ML-17755130,Max Ludwig,Home Office,Thailand,Asia Pacific,Southeastern Asia,TEC-AC-5203,Technology,Accessories,"Memorex Memory Card, Bluetooth",271.0155,5,0.47000000000000003,-5.134500000000003
MX-2015-RK1930082-42206,2015-07-21 00:00:00,RK-1930082,Ralph Kennedy,Consumer,Mexico,LATAM,Central America,OFF-AR-6128,Office Supplies,Art,"Stanley Sketch Pad, Water Color",63.48,2,0,30.439999999999998
IN-2015-GB145757-42214,2015-07-29 00:00:00,GB-145757,Giulietta Baptist,Consumer,Australia,Asia Pacific,Oceania,TEC-AC-5117,Technology,Accessories,"Logitech Keyboard, Programmable",295.8,4,0,70.92
RO-2015-SE10110107-42192,2015-07-07 00:00:00,SE-10110107,Sanjit Engle,Consumer,Romania,Europe,Eastern Europe,TEC-CO-5993,Technology,Copiers,"Sharp Fax and Copier, Color",170.04,1,0,83.31
IR-2015-CA196560-42201,2015-07-16 00:00:00,CA-196560,Carol Adams,Corporate,Iran,Asia Pacific,Southern Asia,OFF-BI-2882,Office Supplies,Binders,"Acco 3-Hole Punch, Durable",63.24000000000001,2,0,25.92
IN-2015-JS1559527-42211,2015-07-26 00:00:00,JS-1559527,Jill Stevenson,Corporate,China,Asia Pacific,Eastern Asia,OFF-PA-5851,Office Supplies,Paper,"SanDisk Computer Printout Paper, 8.5 x 11",67.86,2,0,0
ES-2015-TR2132548-42199,2015-07-14 00:00:00,TR-2132548,Toby Ritter,Consumer,Germany,Europe,Western Europe,OFF-AR-5919,Office Supplies,Art,"Sanford Markers, Fluorescent",220.58999999999997,9,0,88.02
MX-2015-ND1846082-42207,2015-07-22 00:00:00,ND-1846082,Neil Ducich,Corporate,Mexico,LATAM,Central America,FUR-FU-4041,Furniture,Furnishings,"Eldon Door Stop, Duo Pack",160.704,8,0.4,-16.096000000000004
ES-2015-KD1661548-42186,2015-07-01 00:00:00,KD-1661548,Ken Dana,Corporate,Germany,Europe,Western Europe,OFF-ST-4294,Office Supplies,Storage,"Fellowes Trays, Industrial",156.249,3,0.1,24.218999999999998
IT-2015-AG1052564-42186,2015-07-01 00:00:00,AG-1052564,Andy Gerbode,Corporate,Italy,Europe,Southern Europe,TEC-PH-5267,Technology,Phones,"Motorola Smart Phone, Cordless",771.3359999999999,2,0.4,-424.28400000000005
MX-2015-CM1219031-42215,2015-07-30 00:00:00,CM-1219031,Charlotte Melton,Consumer,Cuba,LATAM,Caribbean,FUR-CH-5456,Furniture,Chairs,"Office Star Swivel Stool, Red",231.92,2,0,64.92
RS-2015-SU10665108-42196,2015-07-11 00:00:00,SU-10665108,Stephanie Ulpright,Home Office,Russia,Europe,Eastern Europe,TEC-CO-4780,Technology,Copiers,"HP Ink, Laser",128.7,1,0,25.740000000000002
IN-2015-BM111407-42201,2015-07-16 00:00:00,BM-111407,Becky Martin,Consumer,Australia,Asia Pacific,Oceania,FUR-CH-5802,Furniture,Chairs,"SAFCO Steel Folding Chair, Red",171.42000000000002,2,0,34.26
ES-2015-AI1085548-42187,2015-07-02 00:00:00,AI-1085548,Arianne Irving,Consumer,Germany,Europe,Western Europe,OFF-AP-3877,Office Supplies,Appliances,"Cuisinart Toaster, Red",144.34200000000004,3,0.1,35.262
ES-2015-CC12220139-42213,2015-07-28 00:00:00,CC-12220139,Chris Cortes,Consumer,United Kingdom,Europe,Northern Europe,OFF-BI-2882,Office Supplies,Binders,"Acco 3-Hole Punch, Durable",158.10000000000002,5,0,64.80000000000001
CA-2015-DD13570140-42211,2015-07-26 00:00:00,DD-135701406,Dorothy Dickinson,Consumer,United States,USCA,Eastern US,OFF-LA-3211,Office Supplies,Labels,Avery 491,3.3040000000000003,1,0.2,1.0737999999999999
IN-2015-AR1034558-42212,2015-07-27 00:00:00,AR-1034558,Alex Russell,Corporate,India,Asia Pacific,Southern Asia,OFF-AR-3490,Office Supplies,Art,"Binney & Smith Markers, Fluorescent",50.699999999999996,2,0,10.14
ES-2015-NP18325120-42196,2015-07-11 00:00:00,NP-18325120,Naresj Patel,Consumer,Spain,Europe,Southern Europe,OFF-BI-3246,Office Supplies,Binders,"Avery Binder Covers, Clear",73.71,7,0,16.800000000000004
MX-2015-PS1897028-42201,2015-07-16 00:00:00,PS-1897028,Paul Stevenson,Home Office,Colombia,LATAM,South America,OFF-AR-3527,Office Supplies,Art,"Boston Canvas, Fluorescent",109.8,3,0,38.4
MX-2015-CJ1201082-42187,2015-07-02 00:00:00,CJ-1201082,Caroline Jumper,Consumer,Mexico,LATAM,Central America,FUR-TA-3774,Furniture,Tables,"Chromcraft Training Table, Fully Assembled",304.384,2,0.2,60.86399999999999
SF-2015-KH6330117-42213,2015-07-28 00:00:00,KH-6330117,Katharine Harms,Corporate,South Africa,Africa,Southern Africa,OFF-AR-3501,Office Supplies,Art,"Binney & Smith Sketch Pad, Fluorescent",47.58,1,0,2.37
ES-2015-BW1111045-42212,2015-07-27 00:00:00,BW-1111045,Bart Watters,Corporate,France,Europe,Western Europe,TEC-PH-5339,Technology,Phones,"Nokia Headset, Cordless",129.13199999999998,2,0.15,10.632000000000005
MX-2015-CB1253531-42188,2015-07-03 00:00:00,CB-1253531,Claudia Bergmann,Corporate,Cuba,LATAM,Caribbean,FUR-FU-3940,Furniture,Furnishings,"Deflect-O Frame, Black",146.72,2,0,33.72
GH-2015-DW348049-42195,2015-07-10 00:00:00,DW-348049,Dianna Wilson,Home Office,Ghana,Africa,Western Africa,TEC-PH-5264,Technology,Phones,"Motorola Signal Booster, Full Size",144.42000000000002,1,0,23.1
IN-2015-RP19390102-42192,2015-07-07 00:00:00,RP-19390102,Resi Pölking,Consumer,Philippines,Asia Pacific,Southeastern Asia,TEC-PH-3140,Technology,Phones,"Apple Office Telephone, Full Size",449.34749999999997,9,0.25,-53.932499999999976
ES-2015-KD1661548-42186,2015-07-01 00:00:00,KD-1661548,Ken Dana,Corporate,Germany,Europe,Western Europe,OFF-BI-2891,Office Supplies,Binders,"Acco Binder Covers, Clear",153.35999999999999,12,0,65.88
IN-2015-RB193307-42187,2015-07-02 00:00:00,RB-193307,Randy Bradley,Consumer,Australia,Asia Pacific,Oceania,TEC-AC-3380,Technology,Accessories,"Belkin Flash Drive, Programmable",260.64,6,0,44.28
IN-2015-VD2167027-42213,2015-07-28 00:00:00,VD-2167027,Valerie Dominguez,Consumer,China,Asia Pacific,Eastern Asia,OFF-ST-5695,Office Supplies,Storage,"Rogers Folders, Industrial",93.50999999999999,3,0,2.79
US-2015-AH100305-42211,2015-07-26 00:00:00,AH-100305,Aaron Hawkins,Corporate,Argentina,LATAM,South America,FUR-CH-5758,Furniture,Chairs,"SAFCO Chairmat, Red",167.496,7,0.4,-5.684000000000014
ES-2015-MC1727545-42198,2015-07-13 00:00:00,MC-1727545,Marc Crier,Consumer,France,Europe,Western Europe,TEC-MA-5014,Technology,Machines,"Konica Printer, Durable",187.572,2,0.65,-192.9480000000001
MX-2015-JA1597039-42215,2015-07-30 00:00:00,JA-1597039,Joseph Airdo,Consumer,El Salvador,LATAM,Central America,TEC-MA-5016,Technology,Machines,"Konica Printer, White",355.00000000000006,2,0,170.4
MX-2015-BS1136518-42199,2015-07-14 00:00:00,BS-1136518,Bill Shonely,Corporate,Brazil,LATAM,South America,FUR-CH-5407,Furniture,Chairs,"Novimex Steel Folding Chair, Black",106.39999999999998,2,0,47.88
MX-2015-MO1750082-42210,2015-07-25 00:00:00,MO-1750082,Mary O'Rourke,Consumer,Mexico,LATAM,Central America,OFF-PA-4462,Office Supplies,Paper,"Green Bar Cards & Envelopes, Multicolor",166.00000000000003,5,0,23.2
ES-2015-KM16225139-42207,2015-07-22 00:00:00,KM-16225139,Kalyca Meade,Corporate,United Kingdom,Europe,Northern Europe,OFF-SU-4978,Office Supplies,Supplies,"Kleencut Letter Opener, Easy Grip",189.42,7,0,52.92
TU-2015-TB11250134-42214,2015-07-29 00:00:00,TB-11250134,Tim Brockman,Consumer,Turkey,Asia Pacific,Western Asia,FUR-BO-5969,Furniture,Bookcases,"Sauder Library with Doors, Traditional",155.05200000000002,1,0.6,-228.70799999999997
CA-2015-EM13825140-42206,2015-07-21 00:00:00,EM-138251402,Elizabeth Moffitt,Corporate,United States,USCA,Central US,TEC-AC-5106,Technology,Accessories,Logitech G35 7.1-Channel Surround Sound Headset,389.97,3,0,132.58980000000003
CA-2015-EM13825140-42206,2015-07-21 00:00:00,EM-138251402,Elizabeth Moffitt,Corporate,United States,USCA,Central US,OFF-AP-2855,Office Supplies,Appliances,"1.7 Cubic Foot Compact ""Cube"" Office Refrigerators",416.32,2,0,112.40640000000002
MX-2015-CP1208593-42193,2015-07-08 00:00:00,CP-1208593,Cathy Prescott,Corporate,Nicaragua,LATAM,Central America,OFF-AR-5930,Office Supplies,Art,"Sanford Sketch Pad, Blue",242.56,8,0,12
CA-2015-EM13825140-42206,2015-07-21 00:00:00,EM-138251402,Elizabeth Moffitt,Corporate,United States,USCA,Central US,FUR-CH-5381,Furniture,Chairs,Novimex Fabric Task Chair,182.94,3,0,27.440999999999995
CA-2015-EM13825140-42206,2015-07-21 00:00:00,EM-138251402,Elizabeth Moffitt,Corporate,United States,USCA,Central US,OFF-BI-3742,Office Supplies,Binders,Cardinal Slant-D Ring Binders,60.83,7,0,30.415
CA-2015-EM13825140-42206,2015-07-21 00:00:00,EM-138251402,Elizabeth Moffitt,Corporate,United States,USCA,Central US,OFF-BI-3307,Office Supplies,Binders,Avery Printable Repositionable Plastic Tabs,43,5,0,20.21
CA-2015-EM13825140-42206,2015-07-21 00:00:00,EM-138251402,Elizabeth Moffitt,Corporate,United States,USCA,Central US,OFF-LA-3205,Office Supplies,Labels,Avery 486,14.62,2,0,6.8713999999999995
MX-2015-SA2083082-42190,2015-07-05 00:00:00,SA-2083082,Sue Ann Reed,Consumer,Mexico,LATAM,Central America,FUR-BO-4861,Furniture,Bookcases,"Ikea Library with Doors, Mobile",585.456,3,0.2,-0.02400000000000091
ES-2015-KH16360139-42195,2015-07-10 00:00:00,KH-16360139,Katherine Hughes,Consumer,United Kingdom,Europe,Northern Europe,OFF-FA-3063,Office Supplies,Fasteners,"Advantus Rubber Bands, Metal",100.26,6,0,25.02
ES-2015-RF19735139-42188,2015-07-03 00:00:00,RF-19735139,Roland Fjeld,Consumer,United Kingdom,Europe,Northern Europe,OFF-AR-3540,Office Supplies,Art,"Boston Markers, Water Color",147.75,5,0,0
MX-2015-TS2116082-42189,2015-07-04 00:00:00,TS-2116082,Theresa Swint,Corporate,Mexico,LATAM,Central America,OFF-BI-3189,Office Supplies,Binders,"Avery 3-Hole Punch, Recycled",56.46000000000002,3,0,4.5
TU-2015-SC10260134-42192,2015-07-07 00:00:00,SC-10260134,Scott Cohen,Corporate,Turkey,Asia Pacific,Western Asia,FUR-BO-4850,Furniture,Bookcases,"Ikea Classic Bookcase, Pine",165.24,1,0.6,-239.60999999999996
IN-2015-TH2110058-42196,2015-07-11 00:00:00,TH-2110058,Thea Hendricks,Consumer,India,Asia Pacific,Southern Asia,OFF-LA-3311,Office Supplies,Labels,"Avery Removable Labels, Adjustable",43.2,5,0,1.2
NI-2015-EC405095-42207,2015-07-22 00:00:00,EC-405095,Erin Creighton,Consumer,Nigeria,Africa,Western Africa,OFF-ST-4259,Office Supplies,Storage,"Fellowes File Cart, Single Width",41.202000000000005,1,0.7,-96.13799999999999
MX-2015-RW1963082-42187,2015-07-02 00:00:00,RW-1963082,Rob Williams,Corporate,Mexico,LATAM,Central America,FUR-CH-4700,Furniture,Chairs,"Hon Steel Folding Chair, Set of Two",89.248,2,0.2,6.688
IT-2015-RH1951091-42209,2015-07-24 00:00:00,RH-1951091,Rick Huthwaite,Home Office,Netherlands,Europe,Western Europe,FUR-CH-4523,Furniture,Chairs,"Harbour Creations Chairmat, Black",243.49500000000003,7,0.5,-141.435
US-2015-EB13930140-42208,2015-07-23 00:00:00,EB-139301402,Eric Barreto,Consumer,United States,USCA,Central US,FUR-CH-4653,Furniture,Chairs,Hon Every-Day Series Multi-Task Chairs,526.3439999999999,4,0.3,-75.19199999999998
ID-2015-SP2054559-42195,2015-07-10 00:00:00,SP-2054559,Sibella Parks,Corporate,Indonesia,Asia Pacific,Southeastern Asia,OFF-AR-3543,Office Supplies,Art,"Boston Pencil Sharpener, Easy-Erase",198.4797,9,0.27,46.19969999999998
IT-2015-MH18025104-42200,2015-07-15 00:00:00,MH-18025104,Michelle Huthwaite,Consumer,Portugal,Europe,Southern Europe,TEC-PH-5260,Technology,Phones,"Motorola Office Telephone, Full Size",182.625,5,0.5,-65.77499999999999
IN-2015-AA103751-42195,2015-07-10 00:00:00,AA-103751,Allen Armold,Consumer,Afghanistan,Asia Pacific,Southern Asia,OFF-ST-4028,Office Supplies,Storage,"Eldon Box, Blue",61.55999999999999,6,0,20.879999999999995
UZ-2015-NM8520142-42211,2015-07-26 00:00:00,NM-8520142,Neoma Murray,Consumer,Uzbekistan,Asia Pacific,Central Asia,FUR-CH-5453,Furniture,Chairs,"Office Star Steel Folding Chair, Set of Two",187.92000000000002,2,0,67.62
ES-2015-KD1661548-42186,2015-07-01 00:00:00,KD-1661548,Ken Dana,Corporate,Germany,Europe,Western Europe,OFF-ST-4106,Office Supplies,Storage,"Eldon Trays, Industrial",174.42,4,0.1,71.7
IN-2015-CM1271558-42208,2015-07-23 00:00:00,CM-1271558,Craig Molinari,Corporate,India,Asia Pacific,Southern Asia,OFF-PA-3996,Office Supplies,Paper,"Eaton Memo Slips, Premium",41.22,3,0,18.54
IN-2015-EM1414058-42194,2015-07-09 00:00:00,EM-1414058,Eugene Moren,Home Office,India,Asia Pacific,Southern Asia,FUR-FU-5741,Furniture,Furnishings,"Rubbermaid Stacking Tray, Erganomic",95.03999999999999,4,0,46.56
UP-2015-JH5910137-42213,2015-07-28 00:00:00,JH-5910137,Jonathan Howell,Consumer,Ukraine,Europe,Eastern Europe,OFF-AP-3860,Office Supplies,Appliances,"Cuisinart Coffee Grinder, Black",228.24,6,0,104.94000000000001
IN-2015-KW1657027-42186,2015-07-01 00:00:00,KW-1657027,Kelly Williams,Consumer,China,Asia Pacific,Eastern Asia,TEC-CO-6004,Technology,Copiers,"Sharp Ink, Laser",248.82,2,0,4.92
ES-2015-CC12220139-42213,2015-07-28 00:00:00,CC-12220139,Chris Cortes,Consumer,United Kingdom,Europe,Northern Europe,OFF-ST-6230,Office Supplies,Storage,"Tenex Box, Single Width",115.71000000000001,7,0,51.870000000000005
ES-2015-AM10705120-42213,2015-07-28 00:00:00,AM-10705120,Anne McFarland,Consumer,Spain,Europe,Southern Europe,FUR-BO-3615,Furniture,Bookcases,"Bush 3-Shelf Cabinet, Metal",142.82999999999998,1,0,41.400000000000006
IT-2015-DA1345091-42209,2015-07-24 00:00:00,DA-1345091,Dianna Arnett,Home Office,Netherlands,Europe,Western Europe,OFF-BI-6384,Office Supplies,Binders,"Wilson Jones Binding Machine, Economy",73.44,3,0.5,-20.61
MO-2015-TM1149086-42199,2015-07-14 00:00:00,TM-1149086,Tony Molinari,Consumer,Morocco,Africa,North Africa,OFF-AR-3543,Office Supplies,Art,"Boston Pencil Sharpener, Easy-Erase",30.21,1,0,4.83
ES-2015-BP1118545-42216,2015-07-31 00:00:00,BP-1118545,Ben Peterman,Corporate,France,Europe,Western Europe,OFF-LA-6027,Office Supplies,Labels,"Smead Color Coded Labels, 5000 Label Set",94.07999999999998,7,0,15.96
SG-2015-AW930111-42199,2015-07-14 00:00:00,AW-930111,Arthur Wiediger,Home Office,Senegal,Africa,Western Africa,OFF-EN-4448,Office Supplies,Envelopes,"GlobeWeis Manila Envelope, Security-Tint",119.16,4,0,1.08
UP-2015-LD6855137-42215,2015-07-30 00:00:00,LD-6855137,Lela Donovan,Corporate,Ukraine,Europe,Eastern Europe,OFF-FA-3019,Office Supplies,Fasteners,"Advantus Clamps, 12 Pack",74.88,4,0,11.879999999999999
IT-2015-DA1345091-42209,2015-07-24 00:00:00,DA-1345091,Dianna Arnett,Home Office,Netherlands,Europe,Western Europe,OFF-AR-3490,Office Supplies,Art,"Binney & Smith Markers, Fluorescent",63.37499999999999,5,0.5,-29.17499999999999
ID-2015-MN17935102-42201,2015-07-16 00:00:00,MN-17935102,Michael Nguyen,Consumer,Philippines,Asia Pacific,Southeastern Asia,OFF-EN-4926,Office Supplies,Envelopes,"Jiffy Peel and Seal, with clear poly window",64.76249999999999,5,0.45,-14.137499999999996
MG-2015-DK289584-42210,2015-07-25 00:00:00,DK-289584,Dana Kaydos,Consumer,Mongolia,Asia Pacific,Eastern Asia,FUR-FU-3027,Furniture,Furnishings,"Advantus Door Stop, Black",45.03,1,0,9.45
US-2015-RS1976555-42210,2015-07-25 00:00:00,RS-1976555,Roland Schwarz,Corporate,Honduras,LATAM,Central America,TEC-CO-3697,Technology,Copiers,"Canon Ink, Laser",175.99139999999997,3,0.402,-74.2086
CA-2015-EM14200140-42211,2015-07-26 00:00:00,EM-142001402,Evan Minnotte,Home Office,United States,USCA,Central US,FUR-TA-5772,Furniture,Tables,Safco Drafting Table,298.116,6,0.3,-4.258800000000036
ES-2015-HZ149508-42192,2015-07-07 00:00:00,HZ-149508,Henia Zydlo,Consumer,Austria,Europe,Western Europe,OFF-PA-6616,Office Supplies,Paper,"Xerox Message Books, Recycled",121.68,6,0,37.62
IN-2015-CK1259527-42196,2015-07-11 00:00:00,CK-1259527,Clytie Kelty,Consumer,China,Asia Pacific,Eastern Asia,FUR-FU-5727,Furniture,Furnishings,"Rubbermaid Frame, Black",219.78000000000003,2,0,59.34
MX-2015-HM1498051-42199,2015-07-14 00:00:00,HM-1498051,Henry MacAllister,Consumer,Guatemala,LATAM,Central America,FUR-CH-4698,Furniture,Chairs,"Hon Steel Folding Chair, Black",105.32000000000001,2,0,25.24
ES-2015-BW1106564-42189,2015-07-04 00:00:00,BW-1106564,Barry Weirich,Consumer,Italy,Europe,Southern Europe,OFF-PA-4464,Office Supplies,Paper,"Green Bar Cards & Envelopes, Recycled",144.9,3,0,15.930000000000001
RO-2015-SE10110107-42192,2015-07-07 00:00:00,SE-10110107,Sanjit Engle,Consumer,Romania,Europe,Eastern Europe,FUR-BO-5953,Furniture,Bookcases,"Sauder Corner Shelving, Mobile",149.82000000000002,1,0,44.94
US-2015-RK1930018-42206,2015-07-21 00:00:00,RK-1930018,Ralph Kennedy,Consumer,Brazil,LATAM,South America,FUR-CH-5449,Furniture,Chairs,"Office Star Rocking Chair, Set of Two",114.52799999999999,3,0.6,-105.97200000000001
CA-2015-FG14260140-42196,2015-07-11 00:00:00,FG-142601402,Frank Gastineau,Home Office,United States,USCA,Central US,OFF-ST-4271,Office Supplies,Storage,"Fellowes Mobile File Cart, Black",298.464,6,0.2,26.115600000000015
IN-2015-RB193307-42187,2015-07-02 00:00:00,RB-193307,Randy Bradley,Consumer,Australia,Asia Pacific,Oceania,TEC-PH-3816,Technology,Phones,"Cisco Speaker Phone, Full Size",139.76999999999998,1,0,29.339999999999996
CA-2015-FG426023-42214,2015-07-29 00:00:00,FG-426023,Frank Gastineau,Home Office,Canada,USCA,Canada,OFF-AR-3537,Office Supplies,Art,"Boston Markers, Blue",26.370000000000005,1,0,10.8
IN-2015-SZ200357-42190,2015-07-05 00:00:00,SZ-200357,Sam Zeldin,Home Office,Australia,Asia Pacific,Oceania,OFF-PA-4470,Office Supplies,Paper,"Green Bar Memo Slips, 8.5 x 11",132.86700000000002,7,0.1,58.946999999999996
CA-2015-FH14275140-42189,2015-07-04 00:00:00,FH-142751402,Frank Hawley,Corporate,United States,USCA,Central US,TEC-MA-4596,Technology,Machines,Hewlett-Packard Deskjet 5550 Printer,597.1320000000001,3,0.4,49.76099999999997
MX-2015-FW1439518-42209,2015-07-24 00:00:00,FW-1439518,Fred Wasserman,Corporate,Brazil,LATAM,South America,OFF-AP-4969,Office Supplies,Appliances,"KitchenAid Toaster, Red",170.64,3,0,73.32000000000001
CA-2015-FH14275140-42189,2015-07-04 00:00:00,FH-142751402,Frank Hawley,Corporate,United States,USCA,Central US,OFF-PA-6441,Office Supplies,Paper,Xerox 1891,273.896,7,0.2,92.43989999999998
MX-2015-JL1513051-42212,2015-07-27 00:00:00,JL-1513051,Jack Lebron,Consumer,Guatemala,LATAM,Central America,TEC-AC-5101,Technology,Accessories,"Logitech Flash Drive, Programmable",149.37999999999997,7,0,13.440000000000001
ES-2015-DK1309064-42187,2015-07-02 00:00:00,DK-1309064,Dave Kipp,Consumer,Italy,Europe,Southern Europe,OFF-SU-2977,Office Supplies,Supplies,"Acme Letter Opener, Easy Grip",222.81,7,0,62.370000000000005
SF-2015-MM8280117-42196,2015-07-11 00:00:00,MM-8280117,Muhammed MacIntyre,Corporate,South Africa,Africa,Southern Africa,OFF-FA-2940,Office Supplies,Fasteners,"Accos Clamps, 12 Pack",112.86000000000001,6,0,18
US-2015-FM14290140-42189,2015-07-04 00:00:00,FM-142901406,Frank Merwin,Home Office,United States,USCA,Eastern US,TEC-AC-6316,Technology,Accessories,"TRENDnet 56K USB 2.0 Phone, Internet and Fax Modem",258.9,10,0,93.204
TU-2015-PS9045134-42190,2015-07-05 00:00:00,PS-9045134,Penelope Sewall,Home Office,Turkey,Asia Pacific,Western Asia,OFF-ST-6046,Office Supplies,Storage,"Smead Lockers, Blue",158.73600000000002,2,0.6,-170.66400000000002
US-2015-FM14290140-42189,2015-07-04 00:00:00,FM-142901406,Frank Merwin,Home Office,United States,USCA,Eastern US,OFF-PA-6430,Office Supplies,Paper,Xerox 1881,24.56,2,0,11.543199999999999
IR-2015-TM1149060-42188,2015-07-03 00:00:00,TM-1149060,Tony Molinari,Consumer,Iran,Asia Pacific,Southern Asia,OFF-AR-3483,Office Supplies,Art,"Binney & Smith Highlighters, Fluorescent",178.49999999999997,10,0,14.1
IN-2015-MS1736578-42189,2015-07-04 00:00:00,MS-1736578,Maribeth Schnelling,Consumer,Malaysia,Asia Pacific,Southeastern Asia,OFF-FA-3044,Office Supplies,Fasteners,"Advantus Paper Clips, Assorted Sizes",34.2,3,0,0.27
CA-2015-FH14365140-42208,2015-07-23 00:00:00,FH-143651406,Fred Hopkins,Corporate,United States,USCA,Eastern US,TEC-PH-6097,Technology,Phones,"Square Credit Card Reader, 4 1/2"" x 4 1/2"" x 1"", White",29.97,3,0,14.085899999999999
ES-2015-VP21730139-42215,2015-07-30 00:00:00,VP-21730139,Victor Preis,Home Office,United Kingdom,Europe,Northern Europe,OFF-AP-3857,Office Supplies,Appliances,"Cuisinart Blender, Red",200.97000000000003,3,0,74.34
IN-2015-GM146957-42196,2015-07-11 00:00:00,GM-146957,Greg Maxwell,Corporate,Australia,Asia Pacific,Oceania,FUR-FU-6268,Furniture,Furnishings,"Tenex Photo Frame, Black",139.96800000000002,3,0.1,43.488
US-2015-FH14365140-42192,2015-07-07 00:00:00,FH-143651406,Fred Hopkins,Corporate,United States,USCA,Eastern US,OFF-PA-6417,Office Supplies,Paper,"Wirebound Message Books, 5-1/2 x 4 Forms, 2 or 4 Forms per Page",16.056,3,0.2,5.8203000000000005
US-2015-FH14365140-42192,2015-07-07 00:00:00,FH-143651406,Fred Hopkins,Corporate,United States,USCA,Eastern US,OFF-BI-5640,Office Supplies,Binders,"Pressboard Covers with Storage Hooks, 9 1/2"" x 11"", Light Blue",2.9460000000000006,2,0.7,-2.2585999999999995
GH-2015-AG27049-42206,2015-07-21 00:00:00,AG-27049,Alejandro Grove,Consumer,Ghana,Africa,Western Africa,OFF-EN-3670,Office Supplies,Envelopes,"Cameo Manila Envelope, Security-Tint",58.800000000000004,2,0,28.799999999999997
ID-2015-NM185207-42199,2015-07-14 00:00:00,NM-185207,Neoma Murray,Consumer,Australia,Asia Pacific,Oceania,OFF-EN-5024,Office Supplies,Envelopes,"Kraft Business Envelopes, Set of 50",95.904,8,0.4,-3.216000000000008
CA-2015-GH14410140-42186,2015-07-01 00:00:00,GH-144101402,Gary Hansen,Home Office,United States,USCA,Central US,TEC-PH-5821,Technology,Phones,Samsung Galaxy S4,1001.5840000000001,2,0.2,125.19799999999992
CA-2015-GH14410140-42186,2015-07-01 00:00:00,GH-144101402,Gary Hansen,Home Office,United States,USCA,Central US,FUR-CH-4405,Furniture,Chairs,Global Enterprise Series Seating High-Back Swivel/Tilt Chairs,569.058,3,0.3,-178.84680000000006
CA-2015-GH14410140-42186,2015-07-01 00:00:00,GH-144101402,Gary Hansen,Home Office,United States,USCA,Central US,FUR-FU-5983,Furniture,Furnishings,"Seth Thomas 13 1/2"" Wall Clock",14.224000000000002,2,0.6,-10.312400000000004
CA-2015-GM14440140-42215,2015-07-30 00:00:00,GM-144401406,Gary McGarr,Consumer,United States,USCA,Eastern US,OFF-AR-5914,Office Supplies,Art,Sanford Liquid Accent Highlighters,60.12,9,0,22.244399999999995
ID-2015-EB1393059-42206,2015-07-21 00:00:00,EB-1393059,Eric Barreto,Consumer,Indonesia,Asia Pacific,Southeastern Asia,OFF-BI-4806,Office Supplies,Binders,"Ibico 3-Hole Punch, Recycled",76.71690000000001,3,0.17,27.6669
IN-2015-CK1259527-42196,2015-07-11 00:00:00,CK-1259527,Clytie Kelty,Consumer,China,Asia Pacific,Eastern Asia,OFF-ST-5688,Office Supplies,Storage,"Rogers Box, Single Width",72,3,0,4.32
LH-2015-JC538575-42188,2015-07-03 00:00:00,JC-538575,Jenna Caffey,Consumer,Lithuania,Europe,Northern Europe,FUR-CH-4530,Furniture,Chairs,"Harbour Creations Executive Leather Armchair, Adjustable",141.354,1,0.7,-98.97599999999994
IN-2015-RD1981027-42199,2015-07-14 00:00:00,RD-1981027,Ross DeVincentis,Home Office,China,Asia Pacific,Eastern Asia,OFF-LA-4526,Office Supplies,Labels,"Harbour Creations Color Coded Labels, 5000 Label Set",93.03,7,0,5.46
ES-2015-HW1493545-42216,2015-07-31 00:00:00,HW-1493545,Helen Wasserman,Corporate,France,Europe,Western Europe,OFF-ST-4250,Office Supplies,Storage,"Fellowes Box, Blue",88.56,5,0.1,5.760000000000002
MX-2015-DL1286582-42194,2015-07-09 00:00:00,DL-1286582,Dan Lawera,Consumer,Mexico,LATAM,Central America,TEC-MA-5002,Technology,Machines,"Konica Card Printer, Durable",818.0199999999999,7,0,302.54
US-2015-CC1268555-42215,2015-07-30 00:00:00,CC-1268555,Craig Carroll,Consumer,Honduras,LATAM,Central America,OFF-AP-4490,Office Supplies,Appliances,"Hamilton Beach Blender, Black",84.564,3,0.4,-26.796000000000003
ES-2015-AM10705120-42213,2015-07-28 00:00:00,AM-10705120,Anne McFarland,Consumer,Spain,Europe,Southern Europe,OFF-EN-3668,Office Supplies,Envelopes,"Cameo Mailers, with clear poly window",83.4,2,0,3.3000000000000003
MO-2015-TM1149086-42199,2015-07-14 00:00:00,TM-1149086,Tony Molinari,Consumer,Morocco,Africa,North Africa,OFF-LA-5405,Office Supplies,Labels,"Novimex Shipping Labels, Laser Printer Compatible",43.919999999999995,4,0,19.32
TU-2015-TB11280134-42204,2015-07-19 00:00:00,TB-11280134,Toby Braunhardt,Consumer,Turkey,Asia Pacific,Western Asia,FUR-BO-5787,Furniture,Bookcases,"Safco Library with Doors, Pine",156.45600000000002,1,0.6,-39.113999999999976
US-2015-GM14500140-42207,2015-07-22 00:00:00,GM-145001402,Gene McClure,Consumer,United States,USCA,Central US,FUR-TA-4624,Furniture,Tables,Hon 61000 Series Interactive Training Tables,124.404,4,0.3,-21.3264
ID-2015-IL1510092-42209,2015-07-24 00:00:00,IL-1510092,Ivan Liston,Consumer,New Zealand,Asia Pacific,Oceania,OFF-ST-4108,Office Supplies,Storage,"Eldon Trays, Wire Frame",56.448,2,0.4,-23.531999999999996
MA-2015-KB660077-42191,2015-07-06 00:00:00,KB-660077,Ken Brennan,Corporate,Madagascar,Africa,Eastern Africa,FUR-FU-3035,Furniture,Furnishings,"Advantus Frame, Erganomic",109.74,1,0,35.099999999999994
ES-2015-EJ1372045-42187,2015-07-02 00:00:00,EJ-1372045,Ed Jacobs,Consumer,France,Europe,Western Europe,OFF-PA-4004,Office Supplies,Paper,"Eaton Note Cards, Premium",79.74,3,0,0
MK-2015-TB1128076-42213,2015-07-28 00:00:00,TB-1128076,Toby Braunhardt,Consumer,Macedonia,Europe,Southern Europe,FUR-CH-5752,Furniture,Chairs,"SAFCO Bag Chairs, Red",98.88,2,0,6.8999999999999995
LY-2015-IL510074-42206,2015-07-21 00:00:00,IL-510074,Ivan Liston,Consumer,Libya,Africa,North Africa,OFF-AR-3525,Office Supplies,Art,"Boston Canvas, Blue",53.64,1,0,13.41
US-2015-GZ14545140-42212,2015-07-27 00:00:00,GZ-145451404,George Zrebassa,Corporate,United States,USCA,Western US,TEC-AC-5153,Technology,Accessories,Logitech Z-906 Speaker sys - home theater - 5.1-CH,1649.95,5,0,659.98
US-2015-GZ14545140-42212,2015-07-27 00:00:00,GZ-145451404,George Zrebassa,Corporate,United States,USCA,Western US,FUR-CH-4393,Furniture,Chairs,"Global Airflow Leather Mesh Back Chair, Black",362.352,3,0.2,45.293999999999954
IN-2015-MH1745511-42190,2015-07-05 00:00:00,MH-1745511,Mark Hamilton,Consumer,Bangladesh,Asia Pacific,Southern Asia,OFF-SU-2977,Office Supplies,Supplies,"Acme Letter Opener, Easy Grip",95.49,3,0,39.15
MX-2015-AM1036018-42196,2015-07-11 00:00:00,AM-1036018,Alice McCarthy,Corporate,Brazil,LATAM,South America,TEC-AC-5101,Technology,Accessories,"Logitech Flash Drive, Programmable",64.02,3,0,5.76
US-2015-JD1579098-42210,2015-07-25 00:00:00,JD-1579098,John Dryer,Consumer,Panama,LATAM,Central America,OFF-EN-3668,Office Supplies,Envelopes,"Cameo Mailers, with clear poly window",116.75999999999999,7,0.4,-44.8
EG-2015-RB970538-42187,2015-07-02 00:00:00,RB-970538,Roger Barcio,Home Office,Egypt,Africa,North Africa,OFF-ST-4078,Office Supplies,Storage,"Eldon Lockers, Blue",197.91,1,0,19.77
US-2015-GW14605140-42215,2015-07-30 00:00:00,GW-146051404,Giulietta Weimer,Consumer,United States,USCA,Western US,TEC-AC-4875,Technology,Accessories,Imation 8GB Mini TravelDrive USB 2.0 Flash Drive,90.57000000000001,3,0,11.774100000000004
ES-2015-AJ1079548-42216,2015-07-31 00:00:00,AJ-1079548,Anthony Johnson,Corporate,Germany,Europe,Western Europe,OFF-AR-3540,Office Supplies,Art,"Boston Markers, Water Color",88.64999999999999,3,0,0
GH-2015-DW348049-42195,2015-07-10 00:00:00,DW-348049,Dianna Wilson,Home Office,Ghana,Africa,Western Africa,OFF-AR-5910,Office Supplies,Art,"Sanford Highlighters, Blue",62.999999999999986,4,0,6.84
IT-2015-Dl1360048-42209,2015-07-24 00:00:00,Dl-1360048,Dorris liebe,Corporate,Germany,Europe,Western Europe,OFF-ST-6031,Office Supplies,Storage,"Smead File Cart, Blue",229.446,2,0.1,-22.974
ES-2015-OT18730120-42216,2015-07-31 00:00:00,OT-18730120,Olvera Toch,Consumer,Spain,Europe,Southern Europe,OFF-AR-3447,Office Supplies,Art,"BIC Canvas, Blue",107.39999999999999,2,0,8.58
MX-2015-AM1036018-42196,2015-07-11 00:00:00,AM-1036018,Alice McCarthy,Corporate,Brazil,LATAM,South America,OFF-AP-3569,Office Supplies,Appliances,"Breville Coffee Grinder, White",80,2,0,16
ID-2015-IL1510092-42209,2015-07-24 00:00:00,IL-1510092,Ivan Liston,Consumer,New Zealand,Asia Pacific,Oceania,OFF-AP-3879,Office Supplies,Appliances,"Cuisinart Toaster, White",61.92000000000001,2,0.4,-29.94000000000001
IR-2015-JD615060-42186,2015-07-01 00:00:00,JD-615060,Justin Deggeller,Corporate,Iran,Asia Pacific,Southern Asia,OFF-ST-5712,Office Supplies,Storage,"Rogers Trays, Wire Frame",121.5,2,0,59.519999999999996
ES-2015-PF1912048-42206,2015-07-21 00:00:00,PF-1912048,Peter Fuller,Consumer,Germany,Europe,Western Europe,OFF-PA-5852,Office Supplies,Paper,"SanDisk Computer Printout Paper, Multicolor",62.400000000000006,2,0,8.100000000000001
SF-2015-SL10155117-42203,2015-07-18 00:00:00,SL-10155117,Sara Luxemburg,Home Office,South Africa,Africa,Southern Africa,OFF-AP-4971,Office Supplies,Appliances,"KitchenAid Toaster, White",83.46000000000001,1,0,33.36
AU-2015-BT16808-42187,2015-07-02 00:00:00,BT-16808,Brian Thompson,Consumer,Austria,Europe,Western Europe,OFF-BI-3255,Office Supplies,Binders,"Avery Binding Machine, Clear",96.60000000000001,2,0,11.58
ES-2015-TR2132548-42199,2015-07-14 00:00:00,TR-2132548,Toby Ritter,Consumer,Germany,Europe,Western Europe,OFF-AR-3478,Office Supplies,Art,"Binney & Smith Canvas, Water Color",109.08,2,0,52.32000000000001
US-2015-RK1930018-42206,2015-07-21 00:00:00,RK-1930018,Ralph Kennedy,Consumer,Brazil,LATAM,South America,TEC-CO-4568,Technology,Copiers,"Hewlett Copy Machine, Color",70.34252000000001,1,0.602,-79.89748
IN-2015-TM214907-42192,2015-07-07 00:00:00,TM-214907,Tony Molinari,Consumer,Australia,Asia Pacific,Oceania,TEC-PH-5353,Technology,Phones,"Nokia Signal Booster, with Caller ID",368.55,3,0.1,4.049999999999997
IT-2015-DA1345091-42209,2015-07-24 00:00:00,DA-1345091,Dianna Arnett,Home Office,Netherlands,Europe,Western Europe,TEC-AC-4158,Technology,Accessories,"Enermax Keyboard, USB",83.67,2,0.5,-28.470000000000006
RS-2015-SU10665108-42196,2015-07-11 00:00:00,SU-10665108,Stephanie Ulpright,Home Office,Russia,Europe,Eastern Europe,TEC-CO-4568,Technology,Copiers,"Hewlett Copy Machine, Color",265.10999999999996,1,0,90.12
MX-2015-EM1414054-42195,2015-07-10 00:00:00,EM-1414054,Eugene Moren,Home Office,Haiti,LATAM,Caribbean,OFF-AR-3552,Office Supplies,Art,"Boston Sketch Pad, Blue",155.52,8,0.4,5.1200000000000045
ID-2015-JS15685102-42195,2015-07-10 00:00:00,JS-15685102,Jim Sink,Corporate,Philippines,Asia Pacific,Southeastern Asia,TEC-AC-4171,Technology,Accessories,"Enermax Mouse, Bluetooth",155.1165,7,0.45,-3.0134999999999934
CA-2015-HE14800140-42194,2015-07-09 00:00:00,HE-148001406,Harold Engle,Corporate,United States,USCA,Eastern US,OFF-AR-4796,Office Supplies,Art,Hunt Boston Vacuum Mount KS Pencil Sharpener,174.95000000000002,5,0,45.487
CA-2015-HE14800140-42194,2015-07-09 00:00:00,HE-148001406,Harold Engle,Corporate,United States,USCA,Eastern US,TEC-AC-5178,Technology,Accessories,Maxell 4.7GB DVD-R,141.9,5,0,58.179
CA-2015-HE14800140-42194,2015-07-09 00:00:00,HE-148001406,Harold Engle,Corporate,United States,USCA,Eastern US,FUR-FU-2864,Furniture,Furnishings,36X48 HARDFLOOR CHAIRMAT,83.92,4,0,5.874399999999994
CA-2015-HE14800140-42194,2015-07-09 00:00:00,HE-148001406,Harold Engle,Corporate,United States,USCA,Eastern US,FUR-FU-6300,Furniture,Furnishings,Tensor Track Tree Floor Lamp,39.98,2,0,9.1954
CA-2015-HE14800140-42194,2015-07-09 00:00:00,HE-148001406,Harold Engle,Corporate,United States,USCA,Eastern US,OFF-AR-5303,Office Supplies,Art,Newell 325,28.91,7,0,8.672999999999998
PL-2015-PA9060103-42192,2015-07-07 00:00:00,PA-9060103,Pete Armstrong,Home Office,Poland,Europe,Eastern Europe,OFF-SU-4328,Office Supplies,Supplies,"Fiskars Trimmer, Steel",41.7,1,0,4.9799999999999995
US-2015-HR14830140-42210,2015-07-25 00:00:00,HR-148301404,Harold Ryan,Corporate,United States,USCA,Western US,TEC-CO-4585,Technology,Copiers,Hewlett Packard LaserJet 3310 Copier,2399.96,5,0.2,839.9860000000001
IT-2015-VG2179045-42197,2015-07-12 00:00:00,VG-2179045,Vivek Gonzalez,Consumer,France,Europe,Western Europe,OFF-SU-4309,Office Supplies,Supplies,"Fiskars Letter Opener, High Speed",109.32,4,0,4.32
US-2015-CS1225054-42216,2015-07-31 00:00:00,CS-1225054,Chris Selesnick,Corporate,Haiti,LATAM,Caribbean,TEC-MA-4999,Technology,Machines,"Konica Calculator, Red",78.04800000000003,8,0.7,-137.952
IN-2015-AA103751-42195,2015-07-10 00:00:00,AA-103751,Allen Armold,Consumer,Afghanistan,Asia Pacific,Southern Asia,FUR-FU-5726,Furniture,Furnishings,"Rubbermaid Door Stop, Erganomic",84.84000000000002,2,0,39.839999999999996
US-2015-MS177705-42194,2015-07-09 00:00:00,MS-177705,Maxwell Schwartz,Consumer,Argentina,LATAM,South America,OFF-ST-6067,Office Supplies,Storage,"Smead Trays, Single Width",77.616,4,0.4,-3.9039999999999964
IT-2015-BO1142591-42195,2015-07-10 00:00:00,BO-1142591,Bobby Odegard,Consumer,Netherlands,Europe,Western Europe,OFF-AR-3545,Office Supplies,Art,"Boston Pencil Sharpener, Water Color",43.83,3,0.5,-32.489999999999995
ID-2015-DM1295527-42209,2015-07-24 00:00:00,DM-1295527,Dario Medina,Corporate,China,Asia Pacific,Eastern Asia,OFF-SU-6165,Office Supplies,Supplies,"Stiletto Letter Opener, Easy Grip",127.71000000000001,9,0.5,-86.94
ES-2015-BW1106564-42189,2015-07-04 00:00:00,BW-1106564,Barry Weirich,Consumer,Italy,Europe,Southern Europe,TEC-AC-5202,Technology,Accessories,"Memorex Keyboard, USB",143.10000000000002,2,0,5.699999999999999
US-2015-CS123555-42211,2015-07-26 00:00:00,CS-123555,Christine Sundaresam,Consumer,Argentina,LATAM,South America,OFF-PA-4000,Office Supplies,Paper,"Eaton Message Books, Premium",41.16,5,0.4,-8.239999999999998
MX-2015-CK1276028-42200,2015-07-15 00:00:00,CK-1276028,Cyma Kinney,Corporate,Colombia,LATAM,South America,OFF-SU-4973,Office Supplies,Supplies,"Kleencut Box Cutter, Easy Grip",72.53999999999998,3,0,19.560000000000002
IN-2015-HW1493559-42212,2015-07-27 00:00:00,HW-1493559,Helen Wasserman,Corporate,Indonesia,Asia Pacific,Southeastern Asia,OFF-AP-4949,Office Supplies,Appliances,"KitchenAid Blender, Black",163.1448,2,0.17,33.364799999999995
IZ-2015-SL1015561-42203,2015-07-18 00:00:00,SL-1015561,Sara Luxemburg,Home Office,Iraq,Asia Pacific,Western Asia,OFF-AR-5902,Office Supplies,Art,"Sanford Canvas, Blue",50.519999999999996,1,0,14.64
CG-2015-DH307533-42210,2015-07-25 00:00:00,DH-307533,Dave Hallsten,Corporate,Democratic Republic of the Congo,Africa,Central Africa,OFF-ST-6060,Office Supplies,Storage,"Smead Shelving, Wire Frame",48,1,0,22.080000000000002
UZ-2015-NM8520142-42211,2015-07-26 00:00:00,NM-8520142,Neoma Murray,Consumer,Uzbekistan,Asia Pacific,Central Asia,OFF-BI-3726,Office Supplies,Binders,"Cardinal Binding Machine, Economy",99.54000000000002,2,0,27.839999999999996
MX-2015-RK1930082-42206,2015-07-21 00:00:00,RK-1930082,Ralph Kennedy,Consumer,Mexico,LATAM,Central America,OFF-PA-4170,Office Supplies,Paper,"Enermax Message Books, Recycled",29.880000000000003,2,0,13.440000000000001
ES-2015-DN13690120-42215,2015-07-30 00:00:00,DN-13690120,Duane Noonan,Consumer,Spain,Europe,Southern Europe,OFF-ST-4079,Office Supplies,Storage,"Eldon Lockers, Industrial",178.551,1,0.1,77.36099999999999
ES-2015-MC1727545-42198,2015-07-13 00:00:00,MC-1727545,Marc Crier,Consumer,France,Europe,Western Europe,OFF-BI-3248,Office Supplies,Binders,"Avery Binder Covers, Economy",22.14,4,0.5,-8.46
US-2015-TC21145101-42194,2015-07-09 00:00:00,TC-21145101,Theresa Coyne,Corporate,Peru,LATAM,South America,TEC-AC-3393,Technology,Accessories,"Belkin Mouse, Erganomic",30.816000000000003,2,0.4,-8.224000000000002
US-2015-CM1216082-42204,2015-07-19 00:00:00,CM-1216082,Charles McCrossin,Consumer,Mexico,LATAM,Central America,FUR-FU-3027,Furniture,Furnishings,"Advantus Door Stop, Black",36.023999999999994,2,0.4,-4.215999999999999
MX-2015-CJ1201082-42187,2015-07-02 00:00:00,CJ-1201082,Caroline Jumper,Consumer,Mexico,LATAM,Central America,OFF-BI-3256,Office Supplies,Binders,"Avery Binding Machine, Durable",100.68,3,0,14.039999999999997
MZ-2015-HG484587-42194,2015-07-09 00:00:00,HG-484587,Harry Greene,Consumer,Mozambique,Africa,Eastern Africa,OFF-AR-5930,Office Supplies,Art,"Sanford Sketch Pad, Blue",90.96000000000001,2,0,2.7
MX-2015-BS1136518-42199,2015-07-14 00:00:00,BS-1136518,Bill Shonely,Corporate,Brazil,LATAM,South America,FUR-CH-5796,Furniture,Chairs,"SAFCO Rocking Chair, Set of Two",274.32,3,0,79.5
ES-2015-DH1307564-42201,2015-07-16 00:00:00,DH-1307564,Dave Hallsten,Corporate,Italy,Europe,Southern Europe,OFF-AR-6107,Office Supplies,Art,"Stanley Canvas, Fluorescent",304.38,6,0,97.38
CA-2015-JF15190140-42195,2015-07-10 00:00:00,JF-151901406,Jamie Frazer,Consumer,United States,USCA,Eastern US,OFF-PA-6466,Office Supplies,Paper,Xerox 1914,274.8,5,0,134.652
CA-2015-JF15190140-42195,2015-07-10 00:00:00,JF-151901406,Jamie Frazer,Consumer,United States,USCA,Eastern US,TEC-PH-3966,Technology,Phones,Digium D40 VoIP phone,257.98,2,0,74.8142
CA-2015-JF15190140-42195,2015-07-10 00:00:00,JF-151901406,Jamie Frazer,Consumer,United States,USCA,Eastern US,OFF-AR-5646,Office Supplies,Art,Prismacolor Color Pencil Set,119.03999999999999,6,0,48.80640000000001
CA-2015-JF15190140-42195,2015-07-10 00:00:00,JF-151901406,Jamie Frazer,Consumer,United States,USCA,Eastern US,OFF-ST-6290,Office Supplies,Storage,Tennsco Industrial Shelving,195.64,4,0,3.9128000000000043
ID-2015-JM1525027-42186,2015-07-01 00:00:00,JM-1525027,Janet Martin,Consumer,China,Asia Pacific,Eastern Asia,TEC-AC-5882,Technology,Accessories,"SanDisk Mouse, Programmable",119.43,3,0,2.34
IN-2015-MG1814527-42204,2015-07-19 00:00:00,MG-1814527,Mike Gockenbach,Consumer,China,Asia Pacific,Eastern Asia,FUR-BO-5953,Furniture,Bookcases,"Sauder Corner Shelving, Mobile",74.91000000000001,1,0.5,-70.44000000000001
IN-2015-OT1873027-42209,2015-07-24 00:00:00,OT-1873027,Olvera Toch,Consumer,China,Asia Pacific,Eastern Asia,OFF-PA-5885,Office Supplies,Paper,"SanDisk Note Cards, Multicolor",67.92,2,0,14.940000000000001
NI-2015-JM586595-42186,2015-07-01 00:00:00,JM-586595,John Murray,Consumer,Nigeria,Africa,Western Africa,TEC-PH-5835,Technology,Phones,"Samsung Signal Booster, Cordless",83.66400000000002,2,0.7,-80.91599999999997
ID-2015-KL166457-42202,2015-07-17 00:00:00,KL-166457,Ken Lonsdale,Consumer,Australia,Asia Pacific,Oceania,TEC-AC-5221,Technology,Accessories,"Memorex Numeric Keypad, Erganomic",56.052,2,0.4,5.591999999999999
CG-2015-DH307533-42210,2015-07-25 00:00:00,DH-307533,Dave Hallsten,Corporate,Democratic Republic of the Congo,Africa,Central Africa,OFF-ST-4296,Office Supplies,Storage,"Fellowes Trays, Wire Frame",112.92,2,0,28.200000000000003
ES-2015-GT14755139-42216,2015-07-31 00:00:00,GT-14755139,Guy Thornton,Consumer,United Kingdom,Europe,Northern Europe,TEC-AC-5102,Technology,Accessories,"Logitech Flash Drive, USB",61.43999999999999,2,0,18.419999999999998
ES-2015-TT2146014-42201,2015-07-16 00:00:00,TT-2146014,Tonja Turnell,Home Office,Belgium,Europe,Western Europe,OFF-AR-5919,Office Supplies,Art,"Sanford Markers, Fluorescent",73.53,3,0,29.339999999999996
IV-2015-DH307529-42208,2015-07-23 00:00:00,DH-307529,Dave Hallsten,Corporate,Cote d'Ivoire,Africa,Western Africa,OFF-SU-6168,Office Supplies,Supplies,"Stiletto Ruler, Easy Grip",99,6,0,40.5
ES-2015-AH106908-42188,2015-07-03 00:00:00,AH-106908,Anna Häberlin,Corporate,Austria,Europe,Western Europe,FUR-CH-5758,Furniture,Chairs,"SAFCO Chairmat, Red",119.64000000000001,2,0,25.08
ES-2015-BW1106564-42189,2015-07-04 00:00:00,BW-1106564,Barry Weirich,Consumer,Italy,Europe,Southern Europe,OFF-AR-3501,Office Supplies,Art,"Binney & Smith Sketch Pad, Fluorescent",95.16,2,0,4.74
IS-2015-SV1036563-42186,2015-07-01 00:00:00,SV-1036563,Seth Vernon,Consumer,Israel,Asia Pacific,Western Asia,TEC-PH-5347,Technology,Phones,"Nokia Office Telephone, Full Size",66.42,1,0,16.59
MX-2015-BF1108018-42211,2015-07-26 00:00:00,BF-1108018,Bart Folk,Consumer,Brazil,LATAM,South America,OFF-SU-2965,Office Supplies,Supplies,"Acme Box Cutter, Easy Grip",78.84,3,0,18.119999999999997
SF-2015-KH6330117-42213,2015-07-28 00:00:00,KH-6330117,Katharine Harms,Corporate,South Africa,Africa,Southern Africa,TEC-AC-3392,Technology,Accessories,"Belkin Mouse, Bluetooth",40.71,1,0,19.53
RO-2015-AF885107-42202,2015-07-17 00:00:00,AF-885107,Art Foster,Consumer,Romania,Europe,Eastern Europe,OFF-PA-5878,Office Supplies,Paper,"SanDisk Message Books, Premium",95.28,4,0,24.72
MX-2015-PS1897051-42195,2015-07-10 00:00:00,PS-1897051,Paul Stevenson,Home Office,Guatemala,LATAM,Central America,OFF-ST-6228,Office Supplies,Storage,"Tenex Box, Blue",44,4,0,4.8
MX-2015-SP2062082-42201,2015-07-16 00:00:00,SP-2062082,Stefania Perrino,Corporate,Mexico,LATAM,Central America,OFF-BI-2897,Office Supplies,Binders,"Acco Binder, Economy",50.5,5,0,15.1
IN-2015-JK1612059-42204,2015-07-19 00:00:00,JK-1612059,Julie Kriz,Home Office,Indonesia,Asia Pacific,Southeastern Asia,TEC-PH-5832,Technology,Phones,"Samsung Office Telephone, with Caller ID",54.1326,1,0.17,-7.8474
IN-2015-CM1271558-42208,2015-07-23 00:00:00,CM-1271558,Craig Molinari,Corporate,India,Asia Pacific,Southern Asia,OFF-SU-6167,Office Supplies,Supplies,"Stiletto Letter Opener, Steel",25.080000000000005,1,0,8.25
CA-2015-JF15355140-42216,2015-07-31 00:00:00,JF-153551406,Jay Fein,Consumer,United States,USCA,Eastern US,TEC-PH-4887,Technology,Phones,invisibleSHIELD by ZAGG Smudge-Free Screen Protector,89.94999999999999,5,0,43.175999999999995
MX-2015-HM1498051-42199,2015-07-14 00:00:00,HM-1498051,Henry MacAllister,Consumer,Guatemala,LATAM,Central America,FUR-FU-5724,Furniture,Furnishings,"Rubbermaid Door Stop, Duo Pack",204.67999999999998,7,0,96.18
CA-2015-JC15385140-42194,2015-07-09 00:00:00,JC-153851404,Jenna Caffey,Consumer,United States,USCA,Western US,OFF-LA-3980,Office Supplies,Labels,"Dot Matrix Printer Tape Reel Labels, White, 5000/Box",786.48,8,0,385.3752
CA-2015-JC15385140-42194,2015-07-09 00:00:00,JC-153851404,Jenna Caffey,Consumer,United States,USCA,Western US,FUR-FU-4384,Furniture,Furnishings,"GE 48"" Fluorescent Tube, Cool White Energy Saver, 34 Watts, 30/Box",198.46,2,0,99.23
CA-2015-JC15385140-42194,2015-07-09 00:00:00,JC-153851404,Jenna Caffey,Consumer,United States,USCA,Western US,TEC-AC-5231,Technology,Accessories,Micro Innovations USB RF Wireless Keyboard with Mouse,50,2,0,10.5
CA-2015-JC15385140-42194,2015-07-09 00:00:00,JC-153851404,Jenna Caffey,Consumer,United States,USCA,Western US,OFF-BI-4377,Office Supplies,Binders,"GBC White Gloss Covers, Plain Front",23.168000000000003,2,0.2,7.8191999999999995
MX-2015-SC2044031-42189,2015-07-04 00:00:00,SC-2044031,Shaun Chance,Corporate,Cuba,LATAM,Caribbean,OFF-FA-3060,Office Supplies,Fasteners,"Advantus Rubber Bands, 12 Pack",42.72,4,0,0.4
TU-2015-JB6000134-42195,2015-07-10 00:00:00,JB-6000134,Joy Bell-,Consumer,Turkey,Asia Pacific,Western Asia,TEC-AC-3403,Technology,Accessories,"Belkin Router, Erganomic",102.62400000000002,1,0.6,-33.36600000000004
ES-2015-CM1271545-42214,2015-07-29 00:00:00,CM-1271545,Craig Molinari,Corporate,France,Europe,Western Europe,TEC-AC-5115,Technology,Accessories,"Logitech Keyboard, Bluetooth",217.35000000000002,3,0,21.69
MO-2015-MG768086-42187,2015-07-02 00:00:00,MG-768086,Maureen Gastineau,Home Office,Morocco,Africa,North Africa,OFF-ST-4063,Office Supplies,Storage,"Eldon Folders, Wire Frame",64.19999999999999,4,0,6.36
MX-2015-DJ1351018-42206,2015-07-21 00:00:00,DJ-1351018,Don Jones,Corporate,Brazil,LATAM,South America,OFF-EN-3100,Office Supplies,Envelopes,"Ames Mailers, Recycled",92.39999999999999,4,0,45.2
MX-2015-HD1478536-42216,2015-07-31 00:00:00,HD-1478536,Harold Dahlen,Home Office,Dominican Republic,LATAM,Caribbean,TEC-AC-5117,Technology,Accessories,"Logitech Keyboard, Programmable",39.44000000000001,1,0.2,12.319999999999999
MX-2015-TG2131082-42208,2015-07-23 00:00:00,TG-2131082,Toby Gnade,Consumer,Mexico,LATAM,Central America,OFF-SU-4990,Office Supplies,Supplies,"Kleencut Shears, High Speed",124.72,4,0,23.68
ES-2015-SV20935120-42195,2015-07-10 00:00:00,SV-20935120,Susan Vittorini,Consumer,Spain,Europe,Southern Europe,OFF-SU-6181,Office Supplies,Supplies,"Stiletto Trimmer, High Speed",85.50000000000001,2,0,18.78
IN-2015-SC2057566-42192,2015-07-07 00:00:00,SC-2057566,Sonia Cooley,Consumer,Japan,Asia Pacific,Eastern Asia,OFF-EN-4440,Office Supplies,Envelopes,"GlobeWeis Interoffice Envelope, Security-Tint",50.22,1,0,3
MX-2015-RH1955536-42213,2015-07-28 00:00:00,RH-1955536,Ritsa Hightower,Consumer,Dominican Republic,LATAM,Caribbean,OFF-FA-3074,Office Supplies,Fasteners,"Advantus Thumb Tacks, Bulk Pack",65.232,9,0.2,18.612
MG-2015-AM36084-42194,2015-07-09 00:00:00,AM-36084,Alice McCarthy,Corporate,Mongolia,Asia Pacific,Eastern Asia,OFF-BI-4811,Office Supplies,Binders,"Ibico Binder, Clear",29.879999999999995,2,0,2.64
IN-2015-SZ200357-42190,2015-07-05 00:00:00,SZ-200357,Sam Zeldin,Home Office,Australia,Asia Pacific,Oceania,FUR-FU-3029,Furniture,Furnishings,"Advantus Door Stop, Durable",113.56200000000001,3,0.1,35.262
IR-2015-TM1149060-42188,2015-07-03 00:00:00,TM-1149060,Tony Molinari,Consumer,Iran,Asia Pacific,Southern Asia,TEC-AC-3390,Technology,Accessories,"Belkin Memory Card, Programmable",116.30999999999999,1,0,34.89
MX-2015-HD1478536-42216,2015-07-31 00:00:00,HD-1478536,Harold Dahlen,Home Office,Dominican Republic,LATAM,Caribbean,FUR-CH-5373,Furniture,Chairs,"Novimex Chairmat, Set of Two",62.496000000000016,2,0.2,20.296
MX-2015-AM1036018-42196,2015-07-11 00:00:00,AM-1036018,Alice McCarthy,Corporate,Brazil,LATAM,South America,OFF-SU-4984,Office Supplies,Supplies,"Kleencut Ruler, Steel",77.76000000000002,9,0,26.28
ES-2015-CD122808-42186,2015-07-01 00:00:00,CD-122808,Christina DeMoss,Consumer,Austria,Europe,Western Europe,TEC-AC-5196,Technology,Accessories,"Memorex Flash Drive, USB",59.22,2,0,5.28
IR-2015-TR1132560-42201,2015-07-16 00:00:00,TR-1132560,Toby Ritter,Consumer,Iran,Asia Pacific,Southern Asia,OFF-AR-5904,Office Supplies,Art,"Sanford Canvas, Fluorescent",103.56,2,0,38.28
ID-2015-HG1502559-42194,2015-07-09 00:00:00,HG-1502559,Hunter Glantz,Consumer,Indonesia,Asia Pacific,Southeastern Asia,FUR-FU-5741,Furniture,Furnishings,"Rubbermaid Stacking Tray, Erganomic",48.55229999999999,3,0.27,-0.047699999999998965
US-2015-JS1568555-42189,2015-07-04 00:00:00,JS-1568555,Jim Sink,Corporate,Honduras,LATAM,Central America,FUR-CH-4520,Furniture,Chairs,"Harbour Creations Bag Chairs, Red",73.94399999999999,3,0.4,-16.056000000000004
ES-2015-CD1279045-42187,2015-07-02 00:00:00,CD-1279045,Cynthia Delaney,Home Office,France,Europe,Western Europe,OFF-PA-4160,Office Supplies,Paper,"Enermax Memo Slips, Multicolor",102.42,6,0,48.06
PL-2015-PA9060103-42192,2015-07-07 00:00:00,PA-9060103,Pete Armstrong,Home Office,Poland,Europe,Eastern Europe,OFF-ST-5692,Office Supplies,Storage,"Rogers File Cart, Industrial",141.60000000000002,1,0,24.06
IT-2015-AF1088591-42207,2015-07-22 00:00:00,AF-1088591,Art Foster,Consumer,Netherlands,Europe,Western Europe,OFF-PA-6605,Office Supplies,Paper,"Xerox Computer Printout Paper, 8.5 x 11",30.48,2,0.5,-25.02
ES-2015-GT14755139-42216,2015-07-31 00:00:00,GT-14755139,Guy Thornton,Consumer,United Kingdom,Europe,Northern Europe,FUR-FU-5723,Furniture,Furnishings,"Rubbermaid Door Stop, Black",61.32,2,0.3,0.8399999999999963
ID-2015-PT19090102-42194,2015-07-09 00:00:00,PT-19090102,Pete Takahito,Consumer,Philippines,Asia Pacific,Southeastern Asia,TEC-AC-5193,Technology,Accessories,"Memorex Flash Drive, Bluetooth",32.34,2,0.45,-10.620000000000001
MX-2015-CM1238537-42216,2015-07-31 00:00:00,CM-1238537,Christopher Martinez,Consumer,Ecuador,LATAM,South America,OFF-EN-4903,Office Supplies,Envelopes,"Jiffy Business Envelopes, Recycled",61.2,5,0,4.2
PL-2015-LB6735103-42214,2015-07-29 00:00:00,LB-6735103,Larry Blacks,Consumer,Poland,Europe,Eastern Europe,OFF-AR-6125,Office Supplies,Art,"Stanley Sketch Pad, Blue",44.43,1,0,14.64
US-2015-JS1568555-42189,2015-07-04 00:00:00,JS-1568555,Jim Sink,Corporate,Honduras,LATAM,Central America,TEC-PH-3132,Technology,Phones,"Apple Headset, Cordless",91.33199999999998,3,0.4,-35.02799999999999
ID-2015-RS194207-42213,2015-07-28 00:00:00,RS-194207,Ricardo Sperren,Corporate,Australia,Asia Pacific,Oceania,OFF-EN-5037,Office Supplies,Envelopes,"Kraft Manila Envelope, Recycled",30.348,2,0.4,-4.571999999999999
ES-2015-JO15550139-42209,2015-07-24 00:00:00,JO-15550139,Jesus Ocampo,Home Office,United Kingdom,Europe,Northern Europe,OFF-ST-6066,Office Supplies,Storage,"Smead Trays, Industrial",48.96,1,0,16.14
ES-2015-TT2146014-42201,2015-07-16 00:00:00,TT-2146014,Tonja Turnell,Home Office,Belgium,Europe,Western Europe,OFF-ST-6068,Office Supplies,Storage,"Smead Trays, Wire Frame",47.55,1,0,6.18
MX-2015-CM1244582-42209,2015-07-24 00:00:00,CM-1244582,Chuck Magee,Consumer,Mexico,LATAM,Central America,OFF-EN-4436,Office Supplies,Envelopes,"GlobeWeis Clasp Envelope, Security-Tint",73.79999999999998,9,0,36
MG-2015-AM36084-42194,2015-07-09 00:00:00,AM-36084,Alice McCarthy,Corporate,Mongolia,Asia Pacific,Eastern Asia,OFF-LA-4542,Office Supplies,Labels,"Harbour Creations Removable Labels, Adjustable",21.48,2,0,8.58
CA-2015-JK15640140-42189,2015-07-04 00:00:00,JK-156401404,Jim Kriz,Home Office,United States,USCA,Western US,TEC-MA-5504,Technology,Machines,Okidata MB491 Multifunction Printer,2395.2000000000003,6,0.2,209.58000000000004
CA-2015-JK15640140-42189,2015-07-04 00:00:00,JK-156401404,Jim Kriz,Home Office,United States,USCA,Western US,TEC-AC-5610,Technology,Accessories,Plantronics Savi W720 Multi-Device Wireless Headset System,1687.8,4,0,742.6320000000001
CA-2015-JK15640140-42189,2015-07-04 00:00:00,JK-156401404,Jim Kriz,Home Office,United States,USCA,Western US,TEC-AC-5094,Technology,Accessories,Logitech 910-002974 M325 Wireless Mouse for Web Scrolling,59.98,2,0,26.391200000000005
CA-2015-JK15640140-42189,2015-07-04 00:00:00,JK-156401404,Jim Kriz,Home Office,United States,USCA,Western US,TEC-PH-6097,Technology,Phones,"Square Credit Card Reader, 4 1/2"" x 4 1/2"" x 1"", White",7.992000000000001,1,0.2,2.6972999999999994
MX-2015-BF1108018-42211,2015-07-26 00:00:00,BF-1108018,Bart Folk,Consumer,Brazil,LATAM,South America,FUR-FU-4077,Furniture,Furnishings,"Eldon Light Bulb, Erganomic",79.4,5,0,21.4
IR-2015-SF1096560-42189,2015-07-04 00:00:00,SF-1096560,Sylvia Foulston,Corporate,Iran,Asia Pacific,Southern Asia,FUR-CH-5409,Furniture,Chairs,"Novimex Steel Folding Chair, Set of Two",84.48,1,0,4.199999999999999
TU-2015-KL6555134-42194,2015-07-09 00:00:00,KL-6555134,Kelly Lampkin,Corporate,Turkey,Asia Pacific,Western Asia,OFF-ST-5693,Office Supplies,Storage,"Rogers File Cart, Single Width",56.652,1,0.6,-48.16799999999999
PL-2015-EA4035103-42204,2015-07-19 00:00:00,EA-4035103,Erin Ashbrook,Corporate,Poland,Europe,Eastern Europe,FUR-FU-3038,Furniture,Furnishings,"Advantus Light Bulb, Durable",34.199999999999996,2,0,8.16
ES-2015-RF19735139-42188,2015-07-03 00:00:00,RF-19735139,Roland Fjeld,Consumer,United Kingdom,Europe,Northern Europe,OFF-ST-4296,Office Supplies,Storage,"Fellowes Trays, Wire Frame",112.92,2,0,28.200000000000003
ID-2015-KL166457-42202,2015-07-17 00:00:00,KL-166457,Ken Lonsdale,Consumer,Australia,Asia Pacific,Oceania,FUR-BO-3895,Furniture,Bookcases,"Dania Corner Shelving, Pine",148.10399999999998,2,0.4,-29.676000000000002
ES-2015-KM1666048-42201,2015-07-16 00:00:00,KM-1666048,Khloe Miller,Consumer,Germany,Europe,Western Europe,OFF-LA-4638,Office Supplies,Labels,"Hon Color Coded Labels, Adjustable",28.916999999999994,3,0.1,1.9170000000000007
IV-2015-BF102029-42210,2015-07-25 00:00:00,BF-102029,Barry Französisch,Corporate,Cote d'Ivoire,Africa,Western Africa,OFF-EN-3668,Office Supplies,Envelopes,"Cameo Mailers, with clear poly window",166.8,4,0,6.6000000000000005
NI-2015-LS697595-42191,2015-07-06 00:00:00,LS-697595,Lindsay Shagiari,Home Office,Nigeria,Africa,Western Africa,OFF-EN-3661,Office Supplies,Envelopes,"Cameo Interoffice Envelope, Recycled",27.738000000000007,2,0.7,-25.902000000000008
IN-2015-CP1234058-42202,2015-07-17 00:00:00,CP-1234058,Christine Phan,Corporate,India,Asia Pacific,Southern Asia,OFF-BI-4828,Office Supplies,Binders,"Ibico Index Tab, Clear",26.73,3,0,0.72
CA-2015-JC15775140-42186,2015-07-01 00:00:00,JC-157751404,John Castell,Consumer,United States,USCA,Western US,FUR-BO-5957,Furniture,Bookcases,"Sauder Facets Collection Library, Sky Alder Finish",435.999,3,0.15,5.1293999999999755
CA-2015-JC15775140-42211,2015-07-26 00:00:00,JC-157751406,John Castell,Consumer,United States,USCA,Eastern US,OFF-ST-4244,Office Supplies,Storage,Fellowes Bankers Box Staxonsteel Drawer File/Stacking System,259.9200000000001,5,0.2,-25.992000000000004
MX-2015-ND1846082-42207,2015-07-22 00:00:00,ND-1846082,Neil Ducich,Corporate,Mexico,LATAM,Central America,OFF-SU-2990,Office Supplies,Supplies,"Acme Scissors, Serrated",103.32000000000001,7,0,0.9799999999999999
ES-2015-EL1373545-42216,2015-07-31 00:00:00,EL-1373545,Ed Ludwig,Home Office,France,Europe,Western Europe,OFF-BI-6382,Office Supplies,Binders,"Wilson Jones Binding Machine, Clear",48.42,1,0,14.52
CA-2015-JC15775140-42211,2015-07-26 00:00:00,JC-157751406,John Castell,Consumer,United States,USCA,Eastern US,FUR-TA-3633,Furniture,Tables,"Bush Cubix Conference Tables, Fully Assembled",138.588,1,0.4,-34.64699999999999
CA-2015-JC15775140-42211,2015-07-26 00:00:00,JC-157751406,John Castell,Consumer,United States,USCA,Eastern US,OFF-SU-2973,Office Supplies,Supplies,Acme Galleria Hot Forged Steel Scissors with Colored Handles,37.752,3,0.2,4.247099999999994
IN-2015-HW1493559-42212,2015-07-27 00:00:00,HW-1493559,Helen Wasserman,Corporate,Indonesia,Asia Pacific,Southeastern Asia,OFF-ST-5711,Office Supplies,Storage,"Rogers Trays, Single Width",102.4386,2,0.17,-2.5014000000000003
CA-2015-JC15775140-42211,2015-07-26 00:00:00,JC-157751406,John Castell,Consumer,United States,USCA,Eastern US,OFF-PA-6579,Office Supplies,Paper,Xerox 216,20.736000000000004,4,0.2,7.2576
CA-2015-JC15775140-42211,2015-07-26 00:00:00,JC-157751406,John Castell,Consumer,United States,USCA,Eastern US,FUR-FU-4017,Furniture,Furnishings,Eldon 200 Class Desk Accessories,20.096000000000004,4,0.2,3.0143999999999984
ES-2015-KB16600120-42186,2015-07-01 00:00:00,KB-16600120,Ken Brennan,Corporate,Spain,Europe,Southern Europe,OFF-PA-4175,Office Supplies,Paper,"Enermax Note Cards, 8.5 x 11",113.64000000000001,4,0,47.64
SF-2015-SC10695117-42195,2015-07-10 00:00:00,SC-10695117,Steve Chapman,Corporate,South Africa,Africa,Southern Africa,FUR-CH-5370,Furniture,Chairs,"Novimex Chairmat, Adjustable",235.32,4,0,89.4
IN-2015-JE161657-42201,2015-07-16 00:00:00,JE-161657,Justin Ellison,Corporate,Australia,Asia Pacific,Oceania,OFF-BI-2900,Office Supplies,Binders,"Acco Binding Machine, Durable",47.331,1,0.1,16.821
ES-2015-CR1258064-42215,2015-07-30 00:00:00,CR-1258064,Clay Rozendal,Home Office,Italy,Europe,Southern Europe,OFF-LA-6053,Office Supplies,Labels,"Smead Round Labels, 5000 Label Set",51.03000000000001,7,0,2.52
CA-2015-JH15820140-42195,2015-07-10 00:00:00,JH-158201402,John Huston,Consumer,United States,USCA,Central US,OFF-ST-5671,Office Supplies,Storage,Recycled Steel Personal File for Hanging File Folders,228.92,5,0.2,14.307499999999997
TU-2015-AG765134-42209,2015-07-24 00:00:00,AG-765134,Anthony Garverick,Home Office,Turkey,Asia Pacific,Western Asia,FUR-BO-5745,Furniture,Bookcases,"Safco 3-Shelf Cabinet, Metal",67.32000000000001,1,0.6,-42.09
US-2015-JL15835140-42200,2015-07-15 00:00:00,JL-158351406,John Lee,Consumer,United States,USCA,Eastern US,TEC-PH-5820,Technology,Phones,Samsung Galaxy S III - 16GB - pebble blue (T-Mobile),1889.946,9,0.4,-377.9892
MX-2015-SV2081582-42214,2015-07-29 00:00:00,SV-2081582,Stuart Van,Corporate,Mexico,LATAM,Central America,OFF-ST-4250,Office Supplies,Storage,"Fellowes Box, Blue",26.24,2,0,9.959999999999999
US-2015-JL15835140-42200,2015-07-15 00:00:00,JL-158351406,John Lee,Consumer,United States,USCA,Eastern US,FUR-FU-4384,Furniture,Furnishings,"GE 48"" Fluorescent Tube, Cool White Energy Saver, 34 Watts, 30/Box",396.9200000000001,5,0.2,148.845
CA-2015-JL15835140-42216,2015-07-31 00:00:00,JL-158351404,John Lee,Consumer,United States,USCA,Western US,OFF-ST-4013,Office Supplies,Storage,Economy Rollaway Files,330.4,2,0,85.904
ID-2015-SP2054559-42195,2015-07-10 00:00:00,SP-2054559,Sibella Parks,Corporate,Indonesia,Asia Pacific,Southeastern Asia,OFF-BI-4828,Office Supplies,Binders,"Ibico Index Tab, Clear",29.5812,4,0.17,-5.098800000000001
IR-2015-SF1096560-42189,2015-07-04 00:00:00,SF-1096560,Sylvia Foulston,Corporate,Iran,Asia Pacific,Southern Asia,OFF-AR-3489,Office Supplies,Art,"Binney & Smith Markers, Easy-Erase",48.72,2,0,19.44
US-2015-JL15835140-42200,2015-07-15 00:00:00,JL-158351406,John Lee,Consumer,United States,USCA,Eastern US,OFF-ST-5789,Office Supplies,Storage,"SAFCO Mobile Desk Side File, Wire Frame",239.456,7,0.2,17.959200000000003
SU-2015-MJ7740122-42210,2015-07-25 00:00:00,MJ-7740122,Max Jones,Consumer,Sudan,Africa,North Africa,FUR-TA-3352,Furniture,Tables,"Barricks Training Table, Adjustable Height",320.48999999999995,1,0,102.53999999999999
US-2015-RA1991536-42196,2015-07-11 00:00:00,RA-1991536,Russell Applegate,Consumer,Dominican Republic,LATAM,Caribbean,TEC-PH-5836,Technology,Phones,"Samsung Signal Booster, Full Size",147.07200000000003,2,0.2,-7.3680000000000065
MX-2015-TS2137093-42197,2015-07-12 00:00:00,TS-2137093,Todd Sumrall,Corporate,Nicaragua,LATAM,Central America,OFF-EN-4432,Office Supplies,Envelopes,"GlobeWeis Business Envelopes, Security-Tint",65.8,5,0,28.2
US-2015-DL1331598-42201,2015-07-16 00:00:00,DL-1331598,Delfina Latchford,Consumer,Panama,LATAM,Central America,TEC-AC-3396,Technology,Accessories,"Belkin Numeric Keypad, Bluetooth",69.55199999999999,3,0.4,3.4320000000000106
US-2015-JL15835140-42200,2015-07-15 00:00:00,JL-158351406,John Lee,Consumer,United States,USCA,Eastern US,OFF-ST-6245,Office Supplies,Storage,"Tenex File Box, Personal Filing Tote with Lid, Black",62.040000000000006,5,0.2,4.653000000000002
US-2015-JL15835140-42200,2015-07-15 00:00:00,JL-158351406,John Lee,Consumer,United States,USCA,Eastern US,OFF-AR-3853,Office Supplies,Art,Crayola Colored Pencils,13.120000000000001,5,0.2,2.131999999999999
CA-2015-JL15835140-42216,2015-07-31 00:00:00,JL-158351404,John Lee,Consumer,United States,USCA,Western US,OFF-LA-3199,Office Supplies,Labels,Avery 480,26.25,7,0,12.599999999999998
US-2015-JL15835140-42200,2015-07-15 00:00:00,JL-158351406,John Lee,Consumer,United States,USCA,Eastern US,OFF-PA-6506,Office Supplies,Paper,Xerox 1950,9.248000000000001,2,0.2,3.3524000000000003
ES-2015-PO18850139-42207,2015-07-22 00:00:00,PO-18850139,Patrick O'Brill,Consumer,United Kingdom,Europe,Northern Europe,OFF-BI-6399,Office Supplies,Binders,"Wilson Jones Hole Reinforcements, Economy",13.590000000000003,3,0,6.75
ID-2015-JE1561097-42193,2015-07-08 00:00:00,JE-1561097,Jim Epp,Corporate,Pakistan,Asia Pacific,Southern Asia,TEC-AC-4179,Technology,Accessories,"Enermax Numeric Keypad, Erganomic",58.83,2,0.5,-5.909999999999997
MX-2015-HD1478536-42216,2015-07-31 00:00:00,HD-1478536,Harold Dahlen,Home Office,Dominican Republic,LATAM,Caribbean,OFF-AR-3457,Office Supplies,Art,"BIC Markers, Easy-Erase",28.48,2,0.2,6.039999999999999
ES-2015-AM10705120-42213,2015-07-28 00:00:00,AM-10705120,Anne McFarland,Consumer,Spain,Europe,Southern Europe,OFF-AR-5918,Office Supplies,Art,"Sanford Markers, Easy-Erase",141.12,6,0,2.6999999999999997
MX-2015-NP1832531-42200,2015-07-15 00:00:00,NP-1832531,Naresj Patel,Consumer,Cuba,LATAM,Caribbean,OFF-SU-2989,Office Supplies,Supplies,"Acme Scissors, High Speed",67.84,4,0,16.96
MX-2015-PS1897051-42195,2015-07-10 00:00:00,PS-1897051,Paul Stevenson,Home Office,Guatemala,LATAM,Central America,OFF-AR-3497,Office Supplies,Art,"Binney & Smith Pens, Fluorescent",35.2,4,0,4.16
IN-2015-DR129407-42207,2015-07-22 00:00:00,DR-129407,Daniel Raglin,Home Office,Australia,Asia Pacific,Oceania,OFF-FA-5465,Office Supplies,Fasteners,"OIC Clamps, Metal",53.703,3,0.1,-1.197
MZ-2015-HG484587-42194,2015-07-09 00:00:00,HG-484587,Harry Greene,Consumer,Mozambique,Africa,Eastern Africa,OFF-AR-3555,Office Supplies,Art,"Boston Sketch Pad, Water Color",51.78,1,0,1.53
CA-2015-JW15955140-42213,2015-07-28 00:00:00,JW-159551408,Joni Wasserman,Consumer,United States,USCA,Southern US,FUR-CH-4427,Furniture,Chairs,"Global Value Mid-Back Manager's Chair, Gray",194.848,4,0.2,12.177999999999983
US-2015-RA1991536-42196,2015-07-11 00:00:00,RA-1991536,Russell Applegate,Consumer,Dominican Republic,LATAM,Caribbean,OFF-AR-5922,Office Supplies,Art,"Sanford Pencil Sharpener, Fluorescent",68.87999999999998,5,0.2,20.580000000000005
ES-2015-GH1442564-42188,2015-07-03 00:00:00,GH-1442564,Gary Hwang,Consumer,Italy,Europe,Southern Europe,OFF-PA-6619,Office Supplies,Paper,"Xerox Note Cards, Premium",79.10999999999999,3,0,15.75
ES-2015-DB13210120-42199,2015-07-14 00:00:00,DB-13210120,Dean Braden,Consumer,Spain,Europe,Southern Europe,OFF-LA-6029,Office Supplies,Labels,"Smead Color Coded Labels, Alphabetical",51.480000000000004,4,0,21.6
PL-2015-LB6735103-42214,2015-07-29 00:00:00,LB-6735103,Larry Blacks,Consumer,Poland,Europe,Eastern Europe,OFF-BI-2881,Office Supplies,Binders,"Acco 3-Hole Punch, Clear",29.580000000000005,1,0,5.01
ES-2015-DR1294064-42201,2015-07-16 00:00:00,DR-1294064,Daniel Raglin,Home Office,Italy,Europe,Southern Europe,OFF-BI-2895,Office Supplies,Binders,"Acco Binder, Clear",43.83,3,0,14.400000000000002
ES-2015-FH1427548-42192,2015-07-07 00:00:00,FH-1427548,Frank Hawley,Corporate,Germany,Europe,Western Europe,FUR-FU-3955,Furniture,Furnishings,"Deflect-O Stacking Tray, Black",50.699999999999996,2,0,22.799999999999997
CA-2015-JD16015140-42197,2015-07-12 00:00:00,JD-160151406,Joy Daniels,Consumer,United States,USCA,Eastern US,TEC-AC-5899,Technology,Accessories,SanDisk Ultra 32 GB MicroSDHC Class 10 Memory Card,132.60000000000002,6,0,17.238000000000007
US-2015-RW1963018-42187,2015-07-02 00:00:00,RW-1963018,Rob Williams,Corporate,Brazil,LATAM,South America,FUR-CH-4700,Furniture,Chairs,"Hon Steel Folding Chair, Set of Two",44.624,2,0.6,-37.93599999999999
IT-2015-DK13150124-42202,2015-07-17 00:00:00,DK-13150124,David Kendrick,Corporate,Sweden,Europe,Northern Europe,TEC-AC-5194,Technology,Accessories,"Memorex Flash Drive, Erganomic",68.025,5,0.5,-54.525000000000006
ES-2015-NP18325120-42196,2015-07-11 00:00:00,NP-18325120,Naresj Patel,Consumer,Spain,Europe,Southern Europe,OFF-FA-5481,Office Supplies,Fasteners,"OIC Staples, Assorted Sizes",26.370000000000005,3,0,9.99
IN-2015-SR20425118-42188,2015-07-03 00:00:00,SR-20425118,Sharelle Roach,Home Office,South Korea,Asia Pacific,Eastern Asia,OFF-FA-6189,Office Supplies,Fasteners,"Stockwell Paper Clips, Assorted Sizes",67.5,10,0.5,-54
MX-2015-PS1897051-42195,2015-07-10 00:00:00,PS-1897051,Paul Stevenson,Home Office,Guatemala,LATAM,Central America,OFF-AR-5921,Office Supplies,Art,"Sanford Pencil Sharpener, Easy-Erase",36.12,2,0,12.640000000000002
ID-2015-BS11380102-42208,2015-07-23 00:00:00,BS-11380102,Bill Stewart,Corporate,Philippines,Asia Pacific,Southeastern Asia,OFF-ST-5687,Office Supplies,Storage,"Rogers Box, Industrial",80.68500000000002,6,0.45,-45.49500000000002
NI-2015-RC996095-42194,2015-07-09 00:00:00,RC-996095,Ryan Crowe,Consumer,Nigeria,Africa,Western Africa,TEC-PH-5837,Technology,Phones,"Samsung Signal Booster, VoIP",82.00800000000001,2,0.7,-98.412
ES-2015-AI1085548-42187,2015-07-02 00:00:00,AI-1085548,Arianne Irving,Consumer,Germany,Europe,Western Europe,OFF-AR-5903,Office Supplies,Art,"Sanford Canvas, Easy-Erase",50.79,1,0,6.6000000000000005
MX-2015-BS1180082-42196,2015-07-11 00:00:00,BS-1180082,Bryan Spruell,Home Office,Mexico,LATAM,Central America,TEC-AC-3381,Technology,Accessories,"Belkin Flash Drive, USB",84.29999999999998,3,0,22.74
IN-2015-PO1886527-42194,2015-07-09 00:00:00,PO-1886527,Patrick O'Donnell,Consumer,China,Asia Pacific,Eastern Asia,OFF-PA-4143,Office Supplies,Paper,"Enermax Cards & Envelopes, 8.5 x 11",153.72000000000003,3,0,73.71000000000001
MO-2015-LC693086-42206,2015-07-21 00:00:00,LC-693086,Linda Cazamias,Corporate,Morocco,Africa,North Africa,OFF-BI-2881,Office Supplies,Binders,"Acco 3-Hole Punch, Clear",59.16000000000001,2,0,10.02
US-2015-SC2044018-42189,2015-07-04 00:00:00,SC-2044018,Shaun Chance,Corporate,Brazil,LATAM,South America,OFF-FA-3060,Office Supplies,Fasteners,"Advantus Rubber Bands, 12 Pack",17.088,4,0.6,-25.232
IN-2015-EB1370592-42196,2015-07-11 00:00:00,EB-1370592,Ed Braxton,Corporate,New Zealand,Asia Pacific,Oceania,OFF-SU-4318,Office Supplies,Supplies,"Fiskars Scissors, Steel",90.24000000000001,4,0,30.599999999999998
ES-2015-AM10705120-42213,2015-07-28 00:00:00,AM-10705120,Anne McFarland,Consumer,Spain,Europe,Southern Europe,OFF-BI-3254,Office Supplies,Binders,"Avery Binder, Recycled",79.56,6,0,36.54
ID-2015-BS11380102-42208,2015-07-23 00:00:00,BS-11380102,Bill Stewart,Corporate,Philippines,Asia Pacific,Southeastern Asia,OFF-BI-2893,Office Supplies,Binders,"Acco Binder Covers, Economy",45.288,4,0.15000000000000002,-0.07200000000000006
ID-2015-NF18385102-42207,2015-07-22 00:00:00,NF-18385102,Natalie Fritzler,Consumer,Philippines,Asia Pacific,Southeastern Asia,OFF-BI-2914,Office Supplies,Binders,"Acco Hole Reinforcements, Economy",33.965999999999994,6,0.15000000000000002,8.765999999999998
CA-2015-KB16240140-42197,2015-07-12 00:00:00,KB-162401404,Karen Bern,Corporate,United States,USCA,Western US,TEC-AC-5150,Technology,Accessories,Logitech P710e Mobile Speakerphone,1287.45,5,0,244.61549999999988
CA-2015-KB16240140-42197,2015-07-12 00:00:00,KB-162401404,Karen Bern,Corporate,United States,USCA,Western US,OFF-AP-4240,Office Supplies,Appliances,Fellowes 8 Outlet Superior Workstation Surge Protector w/o Phone/Fax/Modem Protection,168.1,5,0,43.705999999999996
ES-2015-EM13960139-42196,2015-07-11 00:00:00,EM-13960139,Eric Murdock,Consumer,United Kingdom,Europe,Northern Europe,OFF-SU-4988,Office Supplies,Supplies,"Kleencut Scissors, Steel",108.45,5,0,6.45
TU-2015-JB6000134-42195,2015-07-10 00:00:00,JB-6000134,Joy Bell-,Consumer,Turkey,Asia Pacific,Western Asia,OFF-ST-6033,Office Supplies,Storage,"Smead File Cart, Single Width",102.74399999999999,2,0.6,-151.59599999999995
ES-2015-KH1669045-42193,2015-07-08 00:00:00,KH-1669045,Kristen Hastings,Corporate,France,Europe,Western Europe,OFF-LA-4550,Office Supplies,Labels,"Harbour Creations Round Labels, Alphabetical",39.42,6,0,15.66
ES-2015-DJ1351064-42203,2015-07-18 00:00:00,DJ-1351064,Don Jones,Corporate,Italy,Europe,Southern Europe,TEC-AC-4171,Technology,Accessories,"Enermax Mouse, Bluetooth",80.58,2,0,9.66
US-2015-KF16285140-42187,2015-07-02 00:00:00,KF-162851402,Karen Ferguson,Home Office,United States,USCA,Central US,OFF-BI-4274,Office Supplies,Binders,Fellowes PB200 Plastic Comb Binding Machine,169.99,1,0,78.19539999999999
US-2015-KF16285140-42187,2015-07-02 00:00:00,KF-162851402,Karen Ferguson,Home Office,United States,USCA,Central US,OFF-PA-6590,Office Supplies,Paper,Xerox 226,25.92,4,0,12.441600000000001
US-2015-KF16285140-42187,2015-07-02 00:00:00,KF-162851402,Karen Ferguson,Home Office,United States,USCA,Central US,OFF-ST-3747,Office Supplies,Storage,"Carina Mini System Audio Rack, Model AR050B",443.92,4,0,13.317600000000027
US-2015-JS1568555-42189,2015-07-04 00:00:00,JS-1568555,Jim Sink,Corporate,Honduras,LATAM,Central America,TEC-PH-5264,Technology,Phones,"Motorola Signal Booster, Full Size",115.53599999999999,2,0.4,-57.784000000000006
MX-2015-RD1990036-42194,2015-07-09 00:00:00,RD-1990036,Ruben Dartt,Consumer,Dominican Republic,LATAM,Caribbean,OFF-FA-3073,Office Supplies,Fasteners,"Advantus Thumb Tacks, Assorted Sizes",17.663999999999998,3,0.2,-4.4159999999999995
GH-2015-AG27049-42206,2015-07-21 00:00:00,AG-27049,Alejandro Grove,Consumer,Ghana,Africa,Western Africa,TEC-PH-3128,Technology,Phones,"Apple Audio Dock, Full Size",168.18,1,0,15.120000000000001
ES-2015-RF19735139-42188,2015-07-03 00:00:00,RF-19735139,Roland Fjeld,Consumer,United Kingdom,Europe,Northern Europe,OFF-BI-3721,Office Supplies,Binders,"Cardinal Binder, Durable",61.31999999999999,4,0,3
IT-2015-ED1388545-42211,2015-07-26 00:00:00,ED-1388545,Emily Ducich,Home Office,France,Europe,Western Europe,OFF-FA-6189,Office Supplies,Fasteners,"Stockwell Paper Clips, Assorted Sizes",54.75,5,0,21.299999999999997
ES-2015-SN2056048-42188,2015-07-03 00:00:00,SN-2056048,Skye Norling,Home Office,Germany,Europe,Western Europe,OFF-AR-6122,Office Supplies,Art,"Stanley Pens, Easy-Erase",61.92,6,0,27.18
US-2015-JS1568555-42189,2015-07-04 00:00:00,JS-1568555,Jim Sink,Corporate,Honduras,LATAM,Central America,TEC-PH-5843,Technology,Phones,"Samsung Speaker Phone, Cordless",50.436,1,0.4,-15.144
SL-2015-MH8115112-42213,2015-07-28 00:00:00,MH-8115112,Mick Hernandez,Home Office,Sierra Leone,Africa,Western Africa,OFF-ST-6272,Office Supplies,Storage,"Tenex Shelving, Blue",54.66,1,0,2.73
CG-2015-DH307533-42210,2015-07-25 00:00:00,DH-307533,Dave Hallsten,Corporate,Democratic Republic of the Congo,Africa,Central Africa,OFF-EN-4435,Office Supplies,Envelopes,"GlobeWeis Clasp Envelope, Recycled",34.8,4,0,9
IT-2015-AF1088591-42207,2015-07-22 00:00:00,AF-1088591,Art Foster,Consumer,Netherlands,Europe,Western Europe,OFF-BI-4811,Office Supplies,Binders,"Ibico Binder, Clear",59.75999999999999,8,0.5,-49.19999999999999
MX-2015-RH1951018-42193,2015-07-08 00:00:00,RH-1951018,Rick Huthwaite,Home Office,Brazil,LATAM,South America,OFF-BI-3186,Office Supplies,Binders,"Avery 3-Hole Punch, Clear",54.65999999999999,3,0,3.78
ES-2015-DK1283534-42192,2015-07-07 00:00:00,DK-1283534,Damala Kotsonis,Corporate,Denmark,Europe,Northern Europe,FUR-FU-3933,Furniture,Furnishings,"Deflect-O Door Stop, Duo Pack",70.416,4,0.6,-42.263999999999996
IR-2015-JP613560-42207,2015-07-22 00:00:00,JP-613560,Julie Prescott,Home Office,Iran,Asia Pacific,Southern Asia,OFF-ST-5688,Office Supplies,Storage,"Rogers Box, Single Width",48,2,0,5.76
ES-2015-DP1339048-42216,2015-07-31 00:00:00,DP-1339048,Dennis Pardue,Home Office,Germany,Europe,Western Europe,OFF-PA-4469,Office Supplies,Paper,"Green Bar Computer Printout Paper, Recycled",59.34,2,0,5.34
CA-2015-KN16390140-42197,2015-07-12 00:00:00,KN-163901404,Katherine Nockton,Corporate,United States,USCA,Western US,OFF-LA-3201,Office Supplies,Labels,Avery 482,8.67,3,0,4.0749
ID-2015-CM123857-42208,2015-07-23 00:00:00,CM-123857,Christopher Martinez,Consumer,Australia,Asia Pacific,Oceania,OFF-AR-3498,Office Supplies,Art,"Binney & Smith Pens, Water Color",40.824,3,0.1,13.553999999999995
SA-2015-EB3975110-42208,2015-07-23 00:00:00,EB-3975110,Erica Bern,Corporate,Saudi Arabia,Asia Pacific,Western Asia,TEC-PH-3817,Technology,Phones,"Cisco Speaker Phone, VoIP",138.57,1,0,45.72
ES-2015-NP18325120-42196,2015-07-11 00:00:00,NP-18325120,Naresj Patel,Consumer,Spain,Europe,Southern Europe,OFF-SU-4975,Office Supplies,Supplies,"Kleencut Box Cutter, Serrated",94.05,3,0,20.61
ES-2015-DK12835139-42192,2015-07-07 00:00:00,DK-12835139,Damala Kotsonis,Corporate,United Kingdom,Europe,Northern Europe,TEC-AC-5133,Technology,Accessories,"Logitech Numeric Keypad, USB",41.877,1,0.1,15.327
IR-2015-EJ372060-42213,2015-07-28 00:00:00,EJ-372060,Ed Jacobs,Consumer,Iran,Asia Pacific,Southern Asia,OFF-AR-3525,Office Supplies,Art,"Boston Canvas, Blue",53.64,1,0,13.41
IN-2015-JE161657-42201,2015-07-16 00:00:00,JE-161657,Justin Ellison,Corporate,Australia,Asia Pacific,Oceania,OFF-FA-6198,Office Supplies,Fasteners,"Stockwell Rubber Bands, Assorted Sizes",24.461999999999996,2,0.1,2.1420000000000003
US-2015-CC1268555-42215,2015-07-30 00:00:00,CC-1268555,Craig Carroll,Consumer,Honduras,LATAM,Central America,OFF-BI-3723,Office Supplies,Binders,"Cardinal Binder, Recycled",17.027999999999995,3,0.4,-5.711999999999998
IN-2015-BD1172558-42193,2015-07-08 00:00:00,BD-1172558,Bruce Degenhardt,Consumer,India,Asia Pacific,Southern Asia,FUR-FU-4034,Furniture,Furnishings,"Eldon Clock, Black",113.03999999999999,2,0,38.400000000000006
IT-2015-ED1388545-42211,2015-07-26 00:00:00,ED-1388545,Emily Ducich,Home Office,France,Europe,Western Europe,OFF-LA-4659,Office Supplies,Labels,"Hon File Folder Labels, Alphabetical",25.379999999999995,3,0,9.629999999999999
IN-2015-JW1595527-42190,2015-07-05 00:00:00,JW-1595527,Joni Wasserman,Consumer,China,Asia Pacific,Eastern Asia,FUR-FU-3028,Furniture,Furnishings,"Advantus Door Stop, Duo Pack",90.17999999999999,2,0,26.099999999999998
ID-2015-JW15955102-42202,2015-07-17 00:00:00,JW-15955102,Joni Wasserman,Consumer,Philippines,Asia Pacific,Southeastern Asia,OFF-SU-6172,Office Supplies,Supplies,"Stiletto Scissors, Easy Grip",41.62950000000001,3,0.45,-29.560500000000005
MX-2015-PL1892593-42209,2015-07-24 00:00:00,PL-1892593,Paul Lucas,Home Office,Nicaragua,LATAM,Central America,OFF-FA-5473,Office Supplies,Fasteners,"OIC Push Pins, Bulk Pack",39.760000000000005,4,0,19.44
ID-2015-SW202757-42216,2015-07-31 00:00:00,SW-202757,Scott Williamson,Consumer,Australia,Asia Pacific,Oceania,OFF-PA-4466,Office Supplies,Paper,"Green Bar Computer Printout Paper, 8.5 x 11",81.36000000000001,4,0.4,-19.080000000000005
IN-2015-PB19210130-42194,2015-07-09 00:00:00,PB-19210130,Phillip Breyer,Corporate,Thailand,Asia Pacific,Southeastern Asia,OFF-BI-3253,Office Supplies,Binders,"Avery Binder, Economy",42.827999999999996,4,0.17,12.348
ES-2015-DJ1342064-42215,2015-07-30 00:00:00,DJ-1342064,Denny Joy,Corporate,Italy,Europe,Southern Europe,OFF-AR-6127,Office Supplies,Art,"Stanley Sketch Pad, Fluorescent",137.07,3,0,21.870000000000005
UP-2015-TB11595137-42207,2015-07-22 00:00:00,TB-11595137,Troy Blackwell,Consumer,Ukraine,Europe,Eastern Europe,OFF-SU-4303,Office Supplies,Supplies,"Fiskars Box Cutter, Easy Grip",37.14,1,0,16.71
US-2015-ME1801055-42214,2015-07-29 00:00:00,ME-1801055,Michelle Ellison,Corporate,Honduras,LATAM,Central America,OFF-ST-5693,Office Supplies,Storage,"Rogers File Cart, Single Width",56.652,1,0.4,-17.008000000000003
NI-2015-JM586595-42186,2015-07-01 00:00:00,JM-586595,John Murray,Consumer,Nigeria,Africa,Western Africa,OFF-AR-3555,Office Supplies,Art,"Boston Sketch Pad, Water Color",31.068000000000005,2,0.7,-69.43199999999999
TU-2015-BD1725134-42209,2015-07-24 00:00:00,BD-1725134,Bruce Degenhardt,Consumer,Turkey,Asia Pacific,Western Asia,OFF-BI-3724,Office Supplies,Binders,"Cardinal Binding Machine, Clear",39.384000000000015,2,0.6,-19.716000000000008
IR-2015-TT1126560-42214,2015-07-29 00:00:00,TT-1126560,Tim Taslimi,Corporate,Iran,Asia Pacific,Southern Asia,OFF-AR-5902,Office Supplies,Art,"Sanford Canvas, Blue",50.519999999999996,1,0,14.64
CA-2015-KL16555140-42207,2015-07-22 00:00:00,KL-165551402,Kelly Lampkin,Corporate,United States,USCA,Central US,OFF-BI-3749,Office Supplies,Binders,Catalog Binders with Expanding Posts,94.19199999999998,7,0.8,-164.83600000000007
CA-2015-KL16555140-42207,2015-07-22 00:00:00,KL-165551402,Kelly Lampkin,Corporate,United States,USCA,Central US,OFF-BI-3305,Office Supplies,Binders,Avery Poly Binder Pockets,2.8639999999999994,4,0.8,-4.582400000000002
MX-2015-RD1990036-42194,2015-07-09 00:00:00,RD-1990036,Ruben Dartt,Consumer,Dominican Republic,LATAM,Caribbean,OFF-LA-6054,Office Supplies,Labels,"Smead Round Labels, Adjustable",20.48,8,0.2,2.72
ID-2015-BP1129059-42214,2015-07-29 00:00:00,BP-1129059,Beth Paige,Consumer,Indonesia,Asia Pacific,Southeastern Asia,OFF-SU-4995,Office Supplies,Supplies,"Kleencut Trimmer, Serrated",40.41780000000001,2,0.47000000000000003,-25.942200000000007
MX-2015-ND1846082-42207,2015-07-22 00:00:00,ND-1846082,Neil Ducich,Corporate,Mexico,LATAM,Central America,OFF-SU-4990,Office Supplies,Supplies,"Kleencut Shears, High Speed",62.36,2,0,11.84
TU-2015-VP11730134-42207,2015-07-22 00:00:00,VP-11730134,Victor Preis,Home Office,Turkey,Asia Pacific,Western Asia,OFF-ST-6049,Office Supplies,Storage,"Smead Lockers, Wire Frame",78.99600000000001,1,0.6,-100.73400000000001
UP-2015-JH5910137-42213,2015-07-28 00:00:00,JH-5910137,Jonathan Howell,Consumer,Ukraine,Europe,Eastern Europe,OFF-AR-3457,Office Supplies,Art,"BIC Markers, Easy-Erase",26.700000000000003,1,0,7.470000000000001
IN-2015-HJ1487558-42203,2015-07-18 00:00:00,HJ-1487558,Heather Jas,Home Office,India,Asia Pacific,Southern Asia,FUR-FU-5726,Furniture,Furnishings,"Rubbermaid Door Stop, Erganomic",42.42000000000001,1,0,19.919999999999998
ID-2015-EB1393059-42206,2015-07-21 00:00:00,EB-1393059,Eric Barreto,Consumer,Indonesia,Asia Pacific,Southeastern Asia,OFF-ST-4029,Office Supplies,Storage,"Eldon Box, Industrial",44.570999999999984,5,0.17,12.770999999999999
MX-2015-ND1846082-42207,2015-07-22 00:00:00,ND-1846082,Neil Ducich,Corporate,Mexico,LATAM,Central America,OFF-AR-6125,Office Supplies,Art,"Stanley Sketch Pad, Blue",59.239999999999995,2,0,5.320000000000001
IV-2015-DH307529-42208,2015-07-23 00:00:00,DH-307529,Dave Hallsten,Corporate,Cote d'Ivoire,Africa,Western Africa,TEC-MA-5494,Technology,Machines,"Okidata Calculator, Red",49.44,1,0,14.309999999999999
MX-2015-EB1375051-42188,2015-07-03 00:00:00,EB-1375051,Edward Becker,Corporate,Guatemala,LATAM,Central America,TEC-AC-5888,Technology,Accessories,"SanDisk Numeric Keypad, Erganomic",37.900000000000006,1,0,5.679999999999999
ES-2015-BW1106564-42189,2015-07-04 00:00:00,BW-1106564,Barry Weirich,Consumer,Italy,Europe,Southern Europe,OFF-FA-5487,Office Supplies,Fasteners,"OIC Thumb Tacks, Metal",42.56999999999999,3,0,8.459999999999999
IR-2015-TT1126560-42214,2015-07-29 00:00:00,TT-1126560,Tim Taslimi,Corporate,Iran,Asia Pacific,Southern Asia,OFF-AR-6114,Office Supplies,Art,"Stanley Markers, Blue",22.2,1,0,1.98
MK-2015-TB1128076-42213,2015-07-28 00:00:00,TB-1128076,Toby Braunhardt,Consumer,Macedonia,Europe,Southern Europe,OFF-EN-5031,Office Supplies,Envelopes,"Kraft Interoffice Envelope, Set of 50",46.92,1,0,10.32
MX-2015-SZ2003536-42216,2015-07-31 00:00:00,SZ-2003536,Sam Zeldin,Home Office,Dominican Republic,LATAM,Caribbean,OFF-SU-6175,Office Supplies,Supplies,"Stiletto Scissors, Steel",49.08800000000001,4,0.2,15.327999999999998
SA-2015-EB3975110-42208,2015-07-23 00:00:00,EB-3975110,Erica Bern,Corporate,Saudi Arabia,Asia Pacific,Western Asia,OFF-LA-5402,Office Supplies,Labels,"Novimex Shipping Labels, 5000 Label Set",45.480000000000004,4,0,16.32
IT-2015-BO1142591-42195,2015-07-10 00:00:00,BO-1142591,Bobby Odegard,Consumer,Netherlands,Europe,Western Europe,OFF-SU-4988,Office Supplies,Supplies,"Kleencut Scissors, Steel",32.535000000000004,3,0.5,-28.665000000000003
CA-2015-LA16780140-42215,2015-07-30 00:00:00,LA-167801402,Laura Armstrong,Corporate,United States,USCA,Central US,TEC-PH-3811,Technology,Phones,Cisco SPA301,124.79200000000002,1,0.2,15.598999999999993
CA-2015-LA16780140-42215,2015-07-30 00:00:00,LA-167801402,Laura Armstrong,Corporate,United States,USCA,Central US,OFF-FA-3158,Office Supplies,Fasteners,Assorted Color Push Pins,2.8960000000000004,2,0.2,0.4705999999999998
US-2015-DL1331598-42201,2015-07-16 00:00:00,DL-1331598,Delfina Latchford,Consumer,Panama,LATAM,Central America,OFF-AR-3468,Office Supplies,Art,"BIC Sketch Pad, Blue",38.928,2,0.4,-13.632
ES-2015-HW1493545-42216,2015-07-31 00:00:00,HW-1493545,Helen Wasserman,Corporate,France,Europe,Western Europe,OFF-ST-4283,Office Supplies,Storage,"Fellowes Shelving, Industrial",104.97599999999998,2,0.1,39.636
CG-2015-VS1182033-42206,2015-07-21 00:00:00,VS-1182033,Vivek Sundaresam,Consumer,Democratic Republic of the Congo,Africa,Central Africa,OFF-BI-4807,Office Supplies,Binders,"Ibico Binder Covers, Clear",26.22,2,0,1.7999999999999998
MX-2015-SC2072582-42192,2015-07-07 00:00:00,SC-2072582,Steven Cartwright,Consumer,Mexico,LATAM,Central America,FUR-FU-5737,Furniture,Furnishings,"Rubbermaid Photo Frame, Durable",58.53599999999999,3,0.4,3.875999999999999
ES-2015-BW1106564-42189,2015-07-04 00:00:00,BW-1106564,Barry Weirich,Consumer,Italy,Europe,Southern Europe,TEC-AC-5220,Technology,Accessories,"Memorex Numeric Keypad, Bluetooth",45.42,1,0,17.25
SG-2015-MM7920111-42209,2015-07-24 00:00:00,MM-7920111,Michael Moore,Consumer,Senegal,Africa,Western Africa,OFF-LA-5374,Office Supplies,Labels,"Novimex Color Coded Labels, 5000 Label Set",12.809999999999999,1,0,3.57
GH-2015-DW348049-42195,2015-07-10 00:00:00,DW-348049,Dianna Wilson,Home Office,Ghana,Africa,Western Africa,OFF-LA-5403,Office Supplies,Labels,"Novimex Shipping Labels, Adjustable",17.759999999999998,2,0,3.18
IT-2015-MB17305139-42190,2015-07-05 00:00:00,MB-17305139,Maria Bertelson,Consumer,United Kingdom,Europe,Northern Europe,OFF-ST-4095,Office Supplies,Storage,"Eldon Shelving, Industrial",44.010000000000005,1,0.1,-3.4500000000000006
ES-2015-SA208308-42201,2015-07-16 00:00:00,SA-208308,Sue Ann Reed,Consumer,Austria,Europe,Western Europe,FUR-FU-6242,Furniture,Furnishings,"Tenex Door Stop, Duo Pack",87.9,2,0,39.54
IN-2015-SR20425118-42188,2015-07-03 00:00:00,SR-20425118,Sharelle Roach,Home Office,South Korea,Asia Pacific,Eastern Asia,OFF-SU-4992,Office Supplies,Supplies,"Kleencut Shears, Steel",46.17,2,0.5,-28.650000000000002
LH-2015-JC538575-42188,2015-07-03 00:00:00,JC-538575,Jenna Caffey,Consumer,Lithuania,Europe,Northern Europe,FUR-FU-3029,Furniture,Furnishings,"Advantus Door Stop, Durable",25.236000000000004,2,0.7,-16.823999999999998
US-2015-LH16900140-42209,2015-07-24 00:00:00,LH-169001402,Lena Hernandez,Consumer,United States,USCA,Central US,TEC-AC-5192,Technology,Accessories,"Memorex 25GB 6X Branded Blu-Ray Recordable Disc, 30/Pack",159.75,5,0,11.182499999999997
TU-2015-TS11610134-42194,2015-07-09 00:00:00,TS-11610134,Troy Staebel,Consumer,Turkey,Asia Pacific,Western Asia,OFF-BI-6403,Office Supplies,Binders,"Wilson Jones Index Tab, Durable",19.08,6,0.6,-27.72
US-2015-LH16900140-42209,2015-07-24 00:00:00,LH-169001402,Lena Hernandez,Consumer,United States,USCA,Central US,OFF-AR-5653,Office Supplies,Art,"Quartet Omega Colored Chalk, 12/Pack",11.68,2,0,5.489599999999999
KZ-2015-AC45068-42188,2015-07-03 00:00:00,AC-45068,Amy Cox,Consumer,Kazakhstan,Asia Pacific,Central Asia,TEC-PH-5265,Technology,Phones,"Motorola Signal Booster, VoIP",42.96600000000001,1,0.7,-93.11399999999999
US-2015-LH1690082-42193,2015-07-08 00:00:00,LH-1690082,Lena Hernandez,Consumer,Mexico,LATAM,Central America,FUR-CH-5756,Furniture,Chairs,"SAFCO Chairmat, Adjustable",33.232,1,0.2,-6.247999999999999
MX-2015-DJ1351018-42206,2015-07-21 00:00:00,DJ-1351018,Don Jones,Corporate,Brazil,LATAM,South America,OFF-FA-6193,Office Supplies,Fasteners,"Stockwell Push Pins, 12 Pack",26.820000000000004,3,0,0.24000000000000005
IT-2015-BO1142591-42195,2015-07-10 00:00:00,BO-1142591,Bobby Odegard,Consumer,Netherlands,Europe,Western Europe,OFF-LA-6062,Office Supplies,Labels,"Smead Shipping Labels, Adjustable",9.51,2,0.5,-8.19
US-2015-DJ1351018-42206,2015-07-21 00:00:00,DJ-1351018,Don Jones,Corporate,Brazil,LATAM,South America,OFF-EN-3100,Office Supplies,Envelopes,"Ames Mailers, Recycled",36.959999999999994,4,0.6,-10.239999999999986
CA-2015-LS16945140-42191,2015-07-06 00:00:00,LS-169451402,Linda Southworth,Corporate,United States,USCA,Central US,FUR-FU-3954,Furniture,Furnishings,"Deflect-o RollaMat Studded, Beveled Mat for Medium Pile Carpeting",332.028,9,0.6,-348.62940000000003
UZ-2015-NM8520142-42211,2015-07-26 00:00:00,NM-8520142,Neoma Murray,Consumer,Uzbekistan,Asia Pacific,Central Asia,OFF-AR-6116,Office Supplies,Art,"Stanley Markers, Fluorescent",93.83999999999999,4,0,31.799999999999997
CA-2015-LS16945140-42191,2015-07-06 00:00:00,LS-169451402,Linda Southworth,Corporate,United States,USCA,Central US,OFF-PA-6522,Office Supplies,Paper,Xerox 1966,31.104000000000006,6,0.2,11.2752
CA-2015-LS16945140-42191,2015-07-06 00:00:00,LS-169451402,Linda Southworth,Corporate,United States,USCA,Central US,OFF-PA-6532,Office Supplies,Paper,Xerox 1975,15.552000000000003,3,0.2,5.6376
CA-2015-LS16945140-42191,2015-07-06 00:00:00,LS-169451402,Linda Southworth,Corporate,United States,USCA,Central US,OFF-BI-3732,Office Supplies,Binders,"Cardinal HOLDit! Binder Insert Strips,Extra Strips",11.393999999999998,9,0.8,-17.6607
CA-2015-LS16945140-42191,2015-07-06 00:00:00,LS-169451402,Linda Southworth,Corporate,United States,USCA,Central US,OFF-BI-6322,Office Supplies,Binders,Tuf-Vin Binders,6.315999999999998,1,0.8,-10.421400000000002
US-2015-RP1939055-42202,2015-07-17 00:00:00,RP-1939055,Resi Pölking,Consumer,Honduras,LATAM,Central America,OFF-FA-5487,Office Supplies,Fasteners,"OIC Thumb Tacks, Metal",17.027999999999995,3,0.4,-4.271999999999997
RS-2015-NC8535108-42190,2015-07-05 00:00:00,NC-8535108,Nick Crebassa,Corporate,Russia,Europe,Eastern Europe,OFF-FA-3044,Office Supplies,Fasteners,"Advantus Paper Clips, Assorted Sizes",22.8,2,0,3.42
IT-2015-BP1109548-42192,2015-07-07 00:00:00,BP-1109548,Bart Pistole,Corporate,Germany,Europe,Western Europe,OFF-SU-4116,Office Supplies,Supplies,"Elite Box Cutter, Easy Grip",36.50999999999999,1,0,5.46
ID-2015-JE1561097-42193,2015-07-08 00:00:00,JE-1561097,Jim Epp,Corporate,Pakistan,Asia Pacific,Southern Asia,FUR-FU-3039,Furniture,Furnishings,"Advantus Light Bulb, Erganomic",29.903999999999996,2,0.2,7.0440000000000005
UG-2015-AG675136-42188,2015-07-03 00:00:00,AG-675136,Anna Gayman,Consumer,Uganda,Africa,Eastern Africa,OFF-AR-5927,Office Supplies,Art,"Sanford Pens, Water Color",8.568000000000001,2,0.7,-6.911999999999999
EZ-2015-JC610532-42197,2015-07-12 00:00:00,JC-610532,Julie Creighton,Corporate,Czech Republic,Europe,Eastern Europe,OFF-LA-5401,Office Supplies,Labels,"Novimex Round Labels, Laser Printer Compatible",12.54,2,0,5.88
TU-2015-LF7185134-42192,2015-07-07 00:00:00,LF-7185134,Luke Foster,Consumer,Turkey,Asia Pacific,Western Asia,OFF-PA-4177,Office Supplies,Paper,"Enermax Note Cards, Premium",23.928000000000004,2,0.6,-23.352000000000004
IT-2015-NW18400139-42188,2015-07-03 00:00:00,NW-18400139,Natalie Webber,Consumer,United Kingdom,Europe,Northern Europe,FUR-FU-4102,Furniture,Furnishings,"Eldon Stacking Tray, Duo Pack",22.092,1,0.3,-5.688
CA-2015-LR17035140-42209,2015-07-24 00:00:00,LR-170351406,Lisa Ryan,Corporate,United States,USCA,Eastern US,OFF-LA-3244,Office Supplies,Labels,"Avery Address/Shipping Labels for Typewriters, 4"" x 2""",41.4,4,0,19.872
LH-2015-JC538575-42188,2015-07-03 00:00:00,JC-538575,Jenna Caffey,Consumer,Lithuania,Europe,Northern Europe,OFF-FA-6185,Office Supplies,Fasteners,"Stockwell Clamps, Assorted Sizes",20.016000000000002,4,0.7,-21.383999999999993
IN-2015-PO1886527-42194,2015-07-09 00:00:00,PO-1886527,Patrick O'Donnell,Consumer,China,Asia Pacific,Eastern Asia,OFF-SU-4133,Office Supplies,Supplies,"Elite Shears, Serrated",87.42,2,0,32.339999999999996
MX-2015-TS2137093-42197,2015-07-12 00:00:00,TS-2137093,Todd Sumrall,Corporate,Nicaragua,LATAM,Central America,OFF-SU-4322,Office Supplies,Supplies,"Fiskars Shears, Steel",62.720000000000006,2,0,30.080000000000002
RW-2015-DW3480109-42202,2015-07-17 00:00:00,DW-3480109,Dianna Wilson,Home Office,Rwanda,Africa,Eastern Africa,OFF-SU-2977,Office Supplies,Supplies,"Acme Letter Opener, Easy Grip",31.83,1,0,8.91
ID-2015-DB136607-42200,2015-07-15 00:00:00,DB-136607,Duane Benoit,Consumer,Australia,Asia Pacific,Oceania,OFF-AR-3469,Office Supplies,Art,"BIC Sketch Pad, Easy-Erase",58.71599999999999,2,0.4,-23.543999999999997
ES-2015-SG2060545-42199,2015-07-14 00:00:00,SG-2060545,Speros Goranitis,Consumer,France,Europe,Western Europe,OFF-AR-6124,Office Supplies,Art,"Stanley Pens, Water Color",66.15,5,0,21.15
ZA-2015-GR4560147-42216,2015-07-31 00:00:00,GR-4560147,Georgia Rosenberg,Corporate,Zimbabwe,Africa,Eastern Africa,FUR-BO-4859,Furniture,Bookcases,"Ikea Floating Shelf Set, Traditional",51.10200000000001,1,0.7,-109.038
ID-2015-MN17935102-42201,2015-07-16 00:00:00,MN-17935102,Michael Nguyen,Consumer,Philippines,Asia Pacific,Southeastern Asia,OFF-PA-4473,Office Supplies,Paper,"Green Bar Memo Slips, Recycled",18.546,2,0.45,-4.433999999999999
RO-2015-AF885107-42202,2015-07-17 00:00:00,AF-885107,Art Foster,Consumer,Romania,Europe,Eastern Europe,OFF-EN-3663,Office Supplies,Envelopes,"Cameo Interoffice Envelope, Set of 50",47.43,1,0,17.07
ES-2015-DJ1342064-42215,2015-07-30 00:00:00,DJ-1342064,Denny Joy,Corporate,Italy,Europe,Southern Europe,OFF-BI-6375,Office Supplies,Binders,"Wilson Jones Binder Covers, Durable",50.75999999999999,4,0,23.28
IN-2015-HJ1487558-42203,2015-07-18 00:00:00,HJ-1487558,Heather Jas,Home Office,India,Asia Pacific,Southern Asia,OFF-FA-2942,Office Supplies,Fasteners,"Accos Clamps, Bulk Pack",58.14000000000001,3,0,15.66
IZ-2015-SL1015561-42203,2015-07-18 00:00:00,SL-1015561,Sara Luxemburg,Home Office,Iraq,Asia Pacific,Western Asia,OFF-ST-6024,Office Supplies,Storage,"Smead Box, Industrial",22.5,2,0,1.7999999999999998
US-2015-NS1864055-42203,2015-07-18 00:00:00,NS-1864055,Noel Staavos,Corporate,Honduras,LATAM,Central America,FUR-FU-5723,Furniture,Furnishings,"Rubbermaid Door Stop, Black",35.040000000000006,2,0.4,-2.9200000000000044
MX-2015-DB1336039-42187,2015-07-02 00:00:00,DB-1336039,Dennis Bolton,Home Office,El Salvador,LATAM,Central America,OFF-ST-4063,Office Supplies,Storage,"Eldon Folders, Wire Frame",21.4,2,0,8.12
IN-2015-JH1618059-42196,2015-07-11 00:00:00,JH-1618059,Justin Hirsh,Consumer,Indonesia,Asia Pacific,Southeastern Asia,OFF-FA-6201,Office Supplies,Fasteners,"Stockwell Staples, 12 Pack",15.645600000000002,3,0.47000000000000003,-11.534400000000002
IN-2015-RP19390102-42192,2015-07-07 00:00:00,RP-19390102,Resi Pölking,Consumer,Philippines,Asia Pacific,Southeastern Asia,OFF-FA-5462,Office Supplies,Fasteners,"OIC Clamps, 12 Pack",31.680000000000007,3,0.45,-24.84000000000001
NI-2015-DO364595-42201,2015-07-16 00:00:00,DO-364595,Doug O'Connell,Consumer,Nigeria,Africa,Western Africa,OFF-EN-4448,Office Supplies,Envelopes,"GlobeWeis Manila Envelope, Security-Tint",17.874000000000002,2,0.7,-41.166
TU-2015-SC10260134-42192,2015-07-07 00:00:00,SC-10260134,Scott Cohen,Corporate,Turkey,Asia Pacific,Western Asia,OFF-BI-3726,Office Supplies,Binders,"Cardinal Binding Machine, Economy",19.908000000000005,1,0.6,-15.942000000000007
LH-2015-JC538575-42188,2015-07-03 00:00:00,JC-538575,Jenna Caffey,Consumer,Lithuania,Europe,Northern Europe,OFF-BI-3727,Office Supplies,Binders,"Cardinal Binding Machine, Recycled",15.039000000000003,1,0.7,-24.591
US-2015-KD16615101-42190,2015-07-05 00:00:00,KD-16615101,Ken Dana,Corporate,Peru,LATAM,South America,FUR-FU-6276,Furniture,Furnishings,"Tenex Stacking Tray, Black",30.348000000000003,3,0.4,-9.132
ID-2015-JE16165102-42210,2015-07-25 00:00:00,JE-16165102,Justin Ellison,Corporate,Philippines,Asia Pacific,Southeastern Asia,OFF-ST-4029,Office Supplies,Storage,"Eldon Box, Industrial",23.628,4,0.45,-1.8119999999999976
CA-2015-MM17260140-42201,2015-07-16 00:00:00,MM-172601406,Magdelene Morse,Consumer,United States,USCA,Eastern US,FUR-TA-4615,Furniture,Tables,Hon 2111 Invitation Series Straight Table,310.44300000000004,3,0.3,-48.78390000000003
CA-2015-MM17260140-42201,2015-07-16 00:00:00,MM-172601406,Magdelene Morse,Consumer,United States,USCA,Eastern US,OFF-BI-4365,Office Supplies,Binders,GBC Standard Plastic Binding Systems Combs,26.549999999999997,3,0,13.0095
ES-2015-VP21730139-42215,2015-07-30 00:00:00,VP-21730139,Victor Preis,Home Office,United Kingdom,Europe,Northern Europe,FUR-CH-5751,Furniture,Chairs,"SAFCO Bag Chairs, Black",47.00999999999999,1,0,7.98
IT-2015-AC10660124-42189,2015-07-04 00:00:00,AC-10660124,Anna Chung,Consumer,Sweden,Europe,Northern Europe,OFF-AR-6126,Office Supplies,Art,"Stanley Sketch Pad, Easy-Erase",67.05000000000001,3,0.5,-41.58000000000001
UP-2015-ML7395137-42199,2015-07-14 00:00:00,ML-7395137,Marina Lichtenstein,Corporate,Ukraine,Europe,Eastern Europe,OFF-ST-4094,Office Supplies,Storage,"Eldon Shelving, Blue",48.42,1,0,13.049999999999999
CA-2015-MB17305140-42189,2015-07-04 00:00:00,MB-173051404,Maria Bertelson,Consumer,United States,USCA,Western US,FUR-FU-4753,Furniture,Furnishings,"Howard Miller 11-1/2"" Diameter Brentwood Wall Clock",129.39000000000001,3,0,54.34380000000001
CG-2015-AM70533-42204,2015-07-19 00:00:00,AM-70533,Anne McFarland,Consumer,Democratic Republic of the Congo,Africa,Central Africa,OFF-AR-3454,Office Supplies,Art,"BIC Highlighters, Water Color",22.11,1,0,3.96
NI-2015-JM586595-42186,2015-07-01 00:00:00,JM-586595,John Murray,Consumer,Nigeria,Africa,Western Africa,OFF-SU-4976,Office Supplies,Supplies,"Kleencut Box Cutter, Steel",20.43,2,0.7,-36.809999999999995
KE-2015-BB154569-42213,2015-07-28 00:00:00,BB-154569,Brenda Bowman,Corporate,Kenya,Africa,Eastern Africa,OFF-AR-3448,Office Supplies,Art,"BIC Canvas, Easy-Erase",53.97,1,0,18.330000000000002
IV-2015-DH307529-42208,2015-07-23 00:00:00,DH-307529,Dave Hallsten,Corporate,Cote d'Ivoire,Africa,Western Africa,OFF-BI-3186,Office Supplies,Binders,"Avery 3-Hole Punch, Clear",27.330000000000005,1,0,3.54
US-2015-MY17380140-42209,2015-07-24 00:00:00,MY-173801402,Maribeth Yedwab,Corporate,United States,USCA,Central US,OFF-PA-6460,Office Supplies,Paper,Xerox 1909,63.312,3,0.2,20.576399999999996
EG-2015-HK489038-42199,2015-07-14 00:00:00,HK-489038,Heather Kirkland,Corporate,Egypt,Africa,North Africa,OFF-SU-3003,Office Supplies,Supplies,"Acme Trimmer, Serrated",41.28,1,0,4.949999999999999
US-2015-ML17410140-42204,2015-07-19 00:00:00,ML-174101404,Maris LaWare,Consumer,United States,USCA,Western US,FUR-CH-4602,Furniture,Chairs,High-Back Leather Manager's Chair,311.97600000000006,3,0.2,-42.89670000000001
US-2015-ML17410140-42204,2015-07-19 00:00:00,ML-174101404,Maris LaWare,Consumer,United States,USCA,Western US,FUR-TA-3751,Furniture,Tables,"Chromcraft 48"" x 96"" Racetrack Double Pedestal Table",801.5999999999999,5,0.5,-448.89599999999996
US-2015-ML17410140-42204,2015-07-19 00:00:00,ML-174101404,Maris LaWare,Consumer,United States,USCA,Western US,FUR-CH-4409,Furniture,Chairs,"Global Fabric Manager's Chair, Dark Gray",161.568,2,0.2,10.098000000000006
IN-2015-RB193307-42187,2015-07-02 00:00:00,RB-193307,Randy Bradley,Consumer,Australia,Asia Pacific,Oceania,OFF-FA-6193,Office Supplies,Fasteners,"Stockwell Push Pins, 12 Pack",53.64,4,0,26.759999999999998
EG-2015-RB970538-42187,2015-07-02 00:00:00,RB-970538,Roger Barcio,Home Office,Egypt,Africa,North Africa,OFF-AR-3528,Office Supplies,Art,"Boston Canvas, Water Color",56.82000000000001,1,0,8.52
US-2015-ML17410140-42204,2015-07-19 00:00:00,ML-174101404,Maris LaWare,Consumer,United States,USCA,Western US,OFF-BI-2907,Office Supplies,Binders,Acco Expandable Hanging Binders,7.656000000000001,4,0.7,-6.124799999999999
US-2015-ML17410140-42204,2015-07-19 00:00:00,ML-174101404,Maris LaWare,Consumer,United States,USCA,Western US,OFF-PA-5682,Office Supplies,Paper,Riverleaf Stik-Withit Designer Note Cubes,16.096,2,0.2,5.2312
RO-2015-AF885107-42202,2015-07-17 00:00:00,AF-885107,Art Foster,Consumer,Romania,Europe,Eastern Europe,OFF-AR-3500,Office Supplies,Art,"Binney & Smith Sketch Pad, Easy-Erase",46.589999999999996,1,0,6.959999999999999
MX-2015-JL1513082-42208,2015-07-23 00:00:00,JL-1513082,Jack Lebron,Consumer,Mexico,LATAM,Central America,OFF-AR-3545,Office Supplies,Art,"Boston Pencil Sharpener, Water Color",38.96,2,0,15.16
TZ-2015-JE5610129-42194,2015-07-09 00:00:00,JE-5610129,Jim Epp,Corporate,Tanzania,Africa,Eastern Africa,OFF-LA-6028,Office Supplies,Labels,"Smead Color Coded Labels, Adjustable",43.8,4,0,9.600000000000001
CA-2015-MH17455140-42199,2015-07-14 00:00:00,MH-174551406,Mark Hamilton,Consumer,United States,USCA,Eastern US,FUR-FU-5416,Furniture,Furnishings,Nu-Dell Executive Frame,91.00800000000001,9,0.2,19.339199999999998
CA-2015-MH17455140-42199,2015-07-14 00:00:00,MH-174551406,Mark Hamilton,Consumer,United States,USCA,Eastern US,TEC-PH-3812,Technology,Phones,Cisco SPA508G,39.593999999999994,1,0.4,-7.258900000000004
ID-2015-BM1165092-42213,2015-07-28 00:00:00,BM-1165092,Brian Moss,Corporate,New Zealand,Asia Pacific,Oceania,OFF-LA-5375,Office Supplies,Labels,"Novimex Color Coded Labels, Adjustable",12.383999999999999,2,0.4,-5.375999999999999
PL-2015-LB6735103-42214,2015-07-29 00:00:00,LB-6735103,Larry Blacks,Consumer,Poland,Europe,Eastern Europe,OFF-SU-2990,Office Supplies,Supplies,"Acme Scissors, Serrated",22.14,1,0,1.32
IN-2015-BE11410144-42200,2015-07-15 00:00:00,BE-11410144,Bobby Elias,Consumer,Vietnam,Asia Pacific,Southeastern Asia,OFF-PA-4175,Office Supplies,Paper,"Enermax Note Cards, 8.5 x 11",70.74090000000001,3,0.17,1.6208999999999971
IN-2015-SR20425118-42188,2015-07-03 00:00:00,SR-20425118,Sharelle Roach,Home Office,South Korea,Asia Pacific,Eastern Asia,OFF-FA-2950,Office Supplies,Fasteners,"Accos Push Pins, Metal",21.96,3,0.5,-4.860000000000003
MX-2015-BD1163531-42206,2015-07-21 00:00:00,BD-1163531,Brian Derr,Consumer,Cuba,LATAM,Caribbean,OFF-EN-5041,Office Supplies,Envelopes,"Kraft Peel and Seal, Recycled",25.72,2,0,5.12
MX-2015-CS1184518-42195,2015-07-10 00:00:00,CS-1184518,Cari Sayre,Corporate,Brazil,LATAM,South America,OFF-PA-4007,Office Supplies,Paper,"Eaton Parchment Paper, Premium",26.939999999999998,3,0,8.580000000000002
IN-2015-DO1343527-42208,2015-07-23 00:00:00,DO-1343527,Denny Ordway,Consumer,China,Asia Pacific,Eastern Asia,OFF-BI-6397,Office Supplies,Binders,"Wilson Jones Hole Reinforcements, Clear",11.97,3,0,3.3299999999999996
IN-2015-SR20425118-42188,2015-07-03 00:00:00,SR-20425118,Sharelle Roach,Home Office,South Korea,Asia Pacific,Eastern Asia,OFF-SU-6178,Office Supplies,Supplies,"Stiletto Shears, Serrated",44.790000000000006,2,0.5,-6.330000000000005
MX-2015-JA1597039-42215,2015-07-30 00:00:00,JA-1597039,Joseph Airdo,Consumer,El Salvador,LATAM,Central America,TEC-AC-3392,Technology,Accessories,"Belkin Mouse, Bluetooth",54.279999999999994,2,0,21.16
MX-2015-DB1336039-42187,2015-07-02 00:00:00,DB-1336039,Dennis Bolton,Home Office,El Salvador,LATAM,Central America,FUR-FU-3038,Furniture,Furnishings,"Advantus Light Bulb, Durable",34.199999999999996,3,0,2.3400000000000003
IT-2015-CM1183091-42201,2015-07-16 00:00:00,CM-1183091,Cari MacIntyre,Corporate,Netherlands,Europe,Western Europe,TEC-PH-3141,Technology,Phones,"Apple Office Telephone, VoIP",65.37,2,0.5,-15.690000000000012
CA-2015-MR17545140-42194,2015-07-09 00:00:00,MR-175451404,Mathew Reese,Home Office,United States,USCA,Western US,OFF-FA-6129,Office Supplies,Fasteners,Staples,52.76,2,0,24.269599999999997
UP-2015-JK5640137-42196,2015-07-11 00:00:00,JK-5640137,Jim Kriz,Home Office,Ukraine,Europe,Eastern Europe,TEC-AC-5196,Technology,Accessories,"Memorex Flash Drive, USB",29.61,1,0,2.64
ES-2015-CD122808-42186,2015-07-01 00:00:00,CD-122808,Christina DeMoss,Consumer,Austria,Europe,Western Europe,OFF-EN-3108,Office Supplies,Envelopes,"Ames Peel and Seal, Recycled",122.43,7,0,42.84
IT-2015-SM20320124-42199,2015-07-14 00:00:00,SM-20320124,Sean Miller,Home Office,Sweden,Europe,Northern Europe,OFF-ST-4031,Office Supplies,Storage,"Eldon Box, Wire Frame",32.654999999999994,7,0.5,-11.864999999999995
IN-2015-BD1172558-42193,2015-07-08 00:00:00,BD-1172558,Bruce Degenhardt,Consumer,India,Asia Pacific,Southern Asia,OFF-SU-2986,Office Supplies,Supplies,"Acme Ruler, Serrated",67.05,5,0,18
NI-2015-BW120095-42207,2015-07-22 00:00:00,BW-120095,Ben Wallace,Consumer,Nigeria,Africa,Western Africa,OFF-BI-4804,Office Supplies,Binders,"Ibico 3-Hole Punch, Durable",19.170000000000005,2,0.7,-21.090000000000003
IN-2015-EB1370527-42202,2015-07-17 00:00:00,EB-1370527,Ed Braxton,Corporate,China,Asia Pacific,Eastern Asia,OFF-BI-4810,Office Supplies,Binders,"Ibico Binder Covers, Recycled",28.02,2,0,1.08
ES-2015-BW1106564-42189,2015-07-04 00:00:00,BW-1106564,Barry Weirich,Consumer,Italy,Europe,Southern Europe,OFF-ST-4253,Office Supplies,Storage,"Fellowes Box, Wire Frame",33.75,3,0.4,3.3299999999999983
ID-2015-SP2065059-42197,2015-07-12 00:00:00,SP-2065059,Stephanie Phelps,Corporate,Indonesia,Asia Pacific,Southeastern Asia,OFF-SU-4317,Office Supplies,Supplies,"Fiskars Scissors, Serrated",42.1032,4,0.47000000000000003,-7.216800000000006
CA-2015-MH17620140-42214,2015-07-29 00:00:00,MH-176201404,Matt Hagelstein,Corporate,United States,USCA,Western US,TEC-PH-6365,Technology,Phones,Wilson Electronics DB Pro Signal Booster,1145.6000000000001,4,0.2,100.24000000000007
MX-2015-MC1760582-42215,2015-07-30 00:00:00,MC-1760582,Matt Connell,Corporate,Mexico,LATAM,Central America,OFF-PA-5886,Office Supplies,Paper,"SanDisk Note Cards, Premium",41.64,2,0,14.959999999999999
US-2015-SS208755-42204,2015-07-19 00:00:00,SS-208755,Sung Shariari,Consumer,Argentina,LATAM,South America,OFF-PA-5892,Office Supplies,Paper,"SanDisk Parchment Paper, Premium",20.052,3,0.4,-7.0680000000000005
CA-2015-MH17620140-42214,2015-07-29 00:00:00,MH-176201404,Matt Hagelstein,Corporate,United States,USCA,Western US,OFF-ST-6218,Office Supplies,Storage,Super Decoflex Portable Personal File,14.98,1,0,4.1944
CA-2015-MH17620140-42214,2015-07-29 00:00:00,MH-176201404,Matt Hagelstein,Corporate,United States,USCA,Western US,OFF-BI-6634,Office Supplies,Binders,Zipper Ring Binder Pockets,9.984000000000002,4,0.2,3.6191999999999993
ES-2015-RW19690139-42209,2015-07-24 00:00:00,RW-19690139,Robert Waldorf,Consumer,United Kingdom,Europe,Northern Europe,OFF-ST-6065,Office Supplies,Storage,"Smead Trays, Blue",96.96000000000001,2,0,12.600000000000001
NI-2015-RB979595-42194,2015-07-09 00:00:00,RB-979595,Ross Baird,Home Office,Nigeria,Africa,Western Africa,OFF-ST-5707,Office Supplies,Storage,"Rogers Shelving, Single Width",18.648000000000003,1,0.7,-38.562
IN-2015-SZ200357-42190,2015-07-05 00:00:00,SZ-200357,Sam Zeldin,Home Office,Australia,Asia Pacific,Oceania,OFF-LA-3260,Office Supplies,Labels,"Avery Color Coded Labels, 5000 Label Set",36.936,3,0.1,2.016
UP-2015-DJ3510137-42202,2015-07-17 00:00:00,DJ-3510137,Don Jones,Corporate,Ukraine,Europe,Eastern Europe,OFF-BI-3249,Office Supplies,Binders,"Avery Binder Covers, Recycled",11.43,1,0,4.11
MX-2015-AG1033012-42187,2015-07-02 00:00:00,AG-1033012,Alex Grayson,Consumer,Barbados,LATAM,Caribbean,OFF-AR-6117,Office Supplies,Art,"Stanley Markers, Water Color",50.76,3,0,13.139999999999997
US-2015-KW1643555-42210,2015-07-25 00:00:00,KW-1643555,Katrina Willman,Consumer,Honduras,LATAM,Central America,OFF-FA-6207,Office Supplies,Fasteners,"Stockwell Thumb Tacks, Bulk Pack",26.279999999999994,5,0.4,-7.919999999999999
IN-2015-AG10495102-42202,2015-07-17 00:00:00,AG-10495102,Andrew Gjertsen,Corporate,Philippines,Asia Pacific,Southeastern Asia,OFF-BI-6400,Office Supplies,Binders,"Wilson Jones Hole Reinforcements, Recycled",20.782500000000002,5,0.15000000000000002,4.8825
SA-2015-TB11400110-42215,2015-07-30 00:00:00,TB-11400110,Tom Boeckenhauer,Consumer,Saudi Arabia,Asia Pacific,Western Asia,OFF-ST-5688,Office Supplies,Storage,"Rogers Box, Single Width",24,1,0,2.88
ID-2015-JE1561097-42193,2015-07-08 00:00:00,JE-1561097,Jim Epp,Corporate,Pakistan,Asia Pacific,Southern Asia,OFF-SU-4982,Office Supplies,Supplies,"Kleencut Ruler, High Speed",20.339999999999996,3,0.5,-8.549999999999995
IN-2015-AA103751-42195,2015-07-10 00:00:00,AA-103751,Allen Armold,Consumer,Afghanistan,Asia Pacific,Southern Asia,OFF-PA-3995,Office Supplies,Paper,"Eaton Memo Slips, Multicolor",15.149999999999999,1,0,4.68
MX-2015-RF1934536-42192,2015-07-07 00:00:00,RF-1934536,Randy Ferguson,Corporate,Dominican Republic,LATAM,Caribbean,OFF-ST-4105,Office Supplies,Storage,"Eldon Trays, Blue",51.168000000000006,2,0.2,10.207999999999998
IN-2015-HW1493559-42212,2015-07-27 00:00:00,HW-1493559,Helen Wasserman,Corporate,Indonesia,Asia Pacific,Southeastern Asia,OFF-EN-4447,Office Supplies,Envelopes,"GlobeWeis Manila Envelope, Recycled",41.6421,3,0.47000000000000003,-15.777900000000006
ES-2015-MM1792045-42199,2015-07-14 00:00:00,MM-1792045,Michael Moore,Consumer,France,Europe,Western Europe,OFF-BI-3723,Office Supplies,Binders,"Cardinal Binder, Recycled",21.284999999999997,3,0.5,-12.374999999999996
ES-2015-EM13960139-42196,2015-07-11 00:00:00,EM-13960139,Eric Murdock,Consumer,United Kingdom,Europe,Northern Europe,OFF-BI-4811,Office Supplies,Binders,"Ibico Binder, Clear",29.879999999999995,2,0,2.64
ID-2015-SW202757-42216,2015-07-31 00:00:00,SW-202757,Scott Williamson,Consumer,Australia,Asia Pacific,Oceania,OFF-SU-6165,Office Supplies,Supplies,"Stiletto Letter Opener, Easy Grip",36,2,0.4,0.5999999999999979
ID-2015-IL1510092-42209,2015-07-24 00:00:00,IL-1510092,Ivan Liston,Consumer,New Zealand,Asia Pacific,Oceania,OFF-FA-5481,Office Supplies,Fasteners,"OIC Staples, Assorted Sizes",31.644,6,0.4,-20.196000000000005
ID-2015-CR125807-42187,2015-07-02 00:00:00,CR-125807,Clay Rozendal,Home Office,Australia,Asia Pacific,Oceania,FUR-FU-6278,Furniture,Furnishings,"Tenex Stacking Tray, Erganomic",26.711999999999996,2,0.4,-10.248
MX-2015-TS2116082-42189,2015-07-04 00:00:00,TS-2116082,Theresa Swint,Corporate,Mexico,LATAM,Central America,OFF-BI-4815,Office Supplies,Binders,"Ibico Binding Machine, Clear",67.84,2,0,4.04
MX-2015-CB1253531-42188,2015-07-03 00:00:00,CB-1253531,Claudia Bergmann,Corporate,Cuba,LATAM,Caribbean,OFF-EN-3660,Office Supplies,Envelopes,"Cameo Clasp Envelope, with clear poly window",43.5,5,0,10.800000000000002
MX-2015-BS1136518-42199,2015-07-14 00:00:00,BS-1136518,Bill Shonely,Corporate,Brazil,LATAM,South America,OFF-EN-4905,Office Supplies,Envelopes,"Jiffy Business Envelopes, Set of 50",91,7,0,21.840000000000003
UZ-2015-NM8520142-42211,2015-07-26 00:00:00,NM-8520142,Neoma Murray,Consumer,Uzbekistan,Asia Pacific,Central Asia,OFF-BI-6398,Office Supplies,Binders,"Wilson Jones Hole Reinforcements, Durable",24.120000000000005,4,0,7.4399999999999995
ES-2015-CD122808-42186,2015-07-01 00:00:00,CD-122808,Christina DeMoss,Consumer,Austria,Europe,Western Europe,OFF-AR-3467,Office Supplies,Art,"BIC Pens, Water Color",17.46,1,0,7.14
EG-2015-EB411038-42200,2015-07-15 00:00:00,EB-411038,Eugene Barchas,Consumer,Egypt,Africa,North Africa,OFF-LA-4694,Office Supplies,Labels,"Hon Shipping Labels, Adjustable",18.54,2,0,6.48
US-2015-MO17950140-42189,2015-07-04 00:00:00,MO-179501408,Michael Oakman,Consumer,United States,USCA,Southern US,TEC-AC-4874,Technology,Accessories,Imation 8gb Micro Traveldrive Usb 2.0 Flash Drive,24,2,0.2,-2.6999999999999993
CA-2015-MP17965140-42193,2015-07-08 00:00:00,MP-179651406,Michael Paige,Corporate,United States,USCA,Eastern US,TEC-AC-4799,Technology,Accessories,Hypercom P1300 Pinpad,252,4,0,93.24000000000001
BO-2015-TW1102513-42193,2015-07-08 00:00:00,TW-1102513,Tamara Willingham,Home Office,Belarus,Europe,Eastern Europe,OFF-FA-2942,Office Supplies,Fasteners,"Accos Clamps, Bulk Pack",38.760000000000005,2,0,18.18
ES-2015-BT11305120-42201,2015-07-16 00:00:00,BT-11305120,Beth Thompson,Home Office,Spain,Europe,Southern Europe,OFF-BI-4811,Office Supplies,Binders,"Ibico Binder, Clear",29.879999999999995,2,0,2.64
IN-2015-CP1234058-42202,2015-07-17 00:00:00,CP-1234058,Christine Phan,Corporate,India,Asia Pacific,Southern Asia,OFF-BI-3247,Office Supplies,Binders,"Avery Binder Covers, Durable",25.139999999999997,2,0,0.48
IR-2015-MT781560-42193,2015-07-08 00:00:00,MT-781560,Meg Tillman,Consumer,Iran,Asia Pacific,Southern Asia,OFF-ST-4293,Office Supplies,Storage,"Fellowes Trays, Blue",57.39,1,0,3.99
IT-2015-PR1888048-42192,2015-07-07 00:00:00,PR-1888048,Patrick Ryan,Consumer,Germany,Europe,Western Europe,OFF-ST-4264,Office Supplies,Storage,"Fellowes Folders, Wire Frame",22.922999999999995,1,0.1,4.053000000000001
US-2015-RK1930018-42206,2015-07-21 00:00:00,RK-1930018,Ralph Kennedy,Consumer,Brazil,LATAM,South America,OFF-AR-6128,Office Supplies,Art,"Stanley Sketch Pad, Water Color",25.392,2,0.6,-7.647999999999991
CA-2015-MM18055140-42201,2015-07-16 00:00:00,MM-180551406,Michelle Moray,Consumer,United States,USCA,Eastern US,FUR-CH-4669,Furniture,Chairs,Hon Mobius Operator's Chair,664.146,6,0.1,88.5528
ID-2015-JE1561097-42193,2015-07-08 00:00:00,JE-1561097,Jim Epp,Corporate,Pakistan,Asia Pacific,Southern Asia,OFF-LA-6042,Office Supplies,Labels,"Smead Legal Exhibit Labels, 5000 Label Set",22.98,4,0.5,-21.18
CA-2015-MM18055140-42201,2015-07-16 00:00:00,MM-180551406,Michelle Moray,Consumer,United States,USCA,Eastern US,TEC-AC-6073,Technology,Accessories,Sony 32GB Class 10 Micro SDHC R40 Memory Card,41.9,2,0,8.799
CA-2015-MM18055140-42201,2015-07-16 00:00:00,MM-180551406,Michelle Moray,Consumer,United States,USCA,Eastern US,OFF-PA-6095,Office Supplies,Paper,Spiral Phone Message Books with Labels by Adams,8.96,2,0,4.3904000000000005
CA-2015-MM18055140-42201,2015-07-16 00:00:00,MM-180551406,Michelle Moray,Consumer,United States,USCA,Eastern US,OFF-AR-5329,Office Supplies,Art,Newell 349,6.56,2,0,1.9023999999999992
CA-2015-MM18055140-42201,2015-07-16 00:00:00,MM-180551406,Michelle Moray,Consumer,United States,USCA,Eastern US,OFF-LA-3230,Office Supplies,Labels,Avery 509,7.83,3,0,3.6018
MX-2015-AG1033012-42187,2015-07-02 00:00:00,AG-1033012,Alex Grayson,Consumer,Barbados,LATAM,Caribbean,TEC-AC-5220,Technology,Accessories,"Memorex Numeric Keypad, Bluetooth",30.139999999999997,1,0,10.24
MX-2015-FW1439518-42209,2015-07-24 00:00:00,FW-1439518,Fred Wasserman,Corporate,Brazil,LATAM,South America,OFF-LA-4679,Office Supplies,Labels,"Hon Removable Labels, Adjustable",35.5,5,0,11
TU-2015-SC10260134-42192,2015-07-07 00:00:00,SC-10260134,Scott Cohen,Corporate,Turkey,Asia Pacific,Western Asia,OFF-AR-3460,Office Supplies,Art,"BIC Pencil Sharpener, Blue",11.604,1,0.6,-5.526
US-2015-CS1225054-42216,2015-07-31 00:00:00,CS-1225054,Chris Selesnick,Corporate,Haiti,LATAM,Caribbean,OFF-BI-6404,Office Supplies,Binders,"Wilson Jones Index Tab, Economy",15.48,6,0.4,-5.159999999999999
MO-2015-MG768086-42187,2015-07-02 00:00:00,MG-768086,Maureen Gastineau,Home Office,Morocco,Africa,North Africa,OFF-FA-2946,Office Supplies,Fasteners,"Accos Paper Clips, Metal",26.94,2,0,1.32
CA-2015-MG18145140-42213,2015-07-28 00:00:00,MG-181451408,Mike Gockenbach,Consumer,United States,USCA,Southern US,FUR-FU-4039,Furniture,Furnishings,"Eldon Delta Triangular Chair Mat, 52"" x 58"", Clear",91.03200000000001,3,0.2,-2.275800000000011
RO-2015-ML7755107-42195,2015-07-10 00:00:00,ML-7755107,Max Ludwig,Home Office,Romania,Europe,Eastern Europe,OFF-BI-3737,Office Supplies,Binders,"Cardinal Index Tab, Clear",29.04,4,0,10.08
IN-2015-SR20425118-42188,2015-07-03 00:00:00,SR-20425118,Sharelle Roach,Home Office,South Korea,Asia Pacific,Eastern Asia,OFF-FA-3044,Office Supplies,Fasteners,"Advantus Paper Clips, Assorted Sizes",17.1,3,0.5,-16.830000000000002
ID-2015-JW15955102-42202,2015-07-17 00:00:00,JW-15955102,Joni Wasserman,Consumer,Philippines,Asia Pacific,Southeastern Asia,OFF-LA-5374,Office Supplies,Labels,"Novimex Color Coded Labels, 5000 Label Set",56.364,8,0.45,-22.596
IN-2015-BM111407-42201,2015-07-16 00:00:00,BM-111407,Becky Martin,Consumer,Australia,Asia Pacific,Oceania,OFF-LA-4693,Office Supplies,Labels,"Hon Shipping Labels, 5000 Label Set",23.52,2,0,4.68
LH-2015-JC538575-42188,2015-07-03 00:00:00,JC-538575,Jenna Caffey,Consumer,Lithuania,Europe,Northern Europe,OFF-BI-3246,Office Supplies,Binders,"Avery Binder Covers, Clear",12.636000000000001,4,0.7,-19.883999999999993
UP-2015-DJ3510137-42202,2015-07-17 00:00:00,DJ-3510137,Don Jones,Corporate,Ukraine,Europe,Eastern Europe,OFF-LA-4551,Office Supplies,Labels,"Harbour Creations Round Labels, Laser Printer Compatible",6.75,1,0,0.99
ES-2015-GH144108-42211,2015-07-26 00:00:00,GH-144108,Gary Hansen,Home Office,Austria,Europe,Western Europe,OFF-FA-2944,Office Supplies,Fasteners,"Accos Paper Clips, Assorted Sizes",45.96,4,0,0.36
UP-2015-JH5910137-42213,2015-07-28 00:00:00,JH-5910137,Jonathan Howell,Consumer,Ukraine,Europe,Eastern Europe,OFF-PA-5853,Office Supplies,Paper,"SanDisk Computer Printout Paper, Premium",29.79,1,0,6.540000000000001
IN-2015-MH1745511-42190,2015-07-05 00:00:00,MH-1745511,Mark Hamilton,Consumer,Bangladesh,Asia Pacific,Southern Asia,OFF-LA-4687,Office Supplies,Labels,"Hon Round Labels, Alphabetical",6.48,1,0,3.1500000000000004
MX-2015-CA1226582-42186,2015-07-01 00:00:00,CA-1226582,Christina Anderson,Consumer,Mexico,LATAM,Central America,OFF-LA-6028,Office Supplies,Labels,"Smead Color Coded Labels, Adjustable",21.899999999999995,3,0,5.880000000000001
US-2015-NF18385140-42202,2015-07-17 00:00:00,NF-183851408,Natalie Fritzler,Consumer,United States,USCA,Southern US,FUR-CH-4409,Furniture,Chairs,"Global Fabric Manager's Chair, Dark Gray",242.35200000000003,3,0.2,15.147000000000006
NI-2015-EC405095-42207,2015-07-22 00:00:00,EC-405095,Erin Creighton,Consumer,Nigeria,Africa,Western Africa,OFF-LA-5400,Office Supplies,Labels,"Novimex Round Labels, Alphabetical",3.6540000000000004,2,0.7,-3.306
SF-2015-NF8475117-42204,2015-07-19 00:00:00,NF-8475117,Neil Französisch,Home Office,South Africa,Africa,Southern Africa,OFF-PA-4468,Office Supplies,Paper,"Green Bar Computer Printout Paper, Premium",29.759999999999998,1,0,12.78
CA-2015-NW18400140-42197,2015-07-12 00:00:00,NW-184001402,Natalie Webber,Consumer,United States,USCA,Central US,OFF-FA-6129,Office Supplies,Fasteners,Staples,30.32,4,0,11.8248
ID-2015-TC21475130-42211,2015-07-26 00:00:00,TC-21475130,Tony Chapman,Home Office,Thailand,Asia Pacific,Southeastern Asia,OFF-AR-5922,Office Supplies,Art,"Sanford Pencil Sharpener, Fluorescent",41.0697,3,0.47000000000000003,-10.140299999999996
US-2015-DJ1351018-42206,2015-07-21 00:00:00,DJ-1351018,Don Jones,Corporate,Brazil,LATAM,South America,OFF-FA-6193,Office Supplies,Fasteners,"Stockwell Push Pins, 12 Pack",10.728,3,0.6,-15.851999999999999
CA-2015-NM18445140-42209,2015-07-24 00:00:00,NM-184451406,Nathan Mautz,Home Office,United States,USCA,Eastern US,OFF-BI-6366,Office Supplies,Binders,Wilson Jones “Snap” Scratch Pad Binder Tool for Ring Binders,13.919999999999998,3,0.2,4.3500000000000005
CA-2015-ND18460140-42186,2015-07-01 00:00:00,ND-184601406,Neil Ducich,Corporate,United States,USCA,Eastern US,OFF-ST-3981,Office Supplies,Storage,"Dual Level, Single-Width Filing Carts",1085.42,7,0,282.2092
RS-2015-NC8535108-42190,2015-07-05 00:00:00,NC-8535108,Nick Crebassa,Corporate,Russia,Europe,Eastern Europe,OFF-BI-4828,Office Supplies,Binders,"Ibico Index Tab, Clear",8.91,1,0,1.59
ES-2015-AC10660120-42214,2015-07-29 00:00:00,AC-10660120,Anna Chung,Consumer,Spain,Europe,Southern Europe,OFF-PA-3999,Office Supplies,Paper,"Eaton Message Books, Multicolor",43.98,2,0,20.22
IN-2015-EB137057-42210,2015-07-25 00:00:00,EB-137057,Ed Braxton,Corporate,Australia,Asia Pacific,Oceania,OFF-AR-6121,Office Supplies,Art,"Stanley Pens, Blue",45.22500000000001,5,0.1,17.475
ES-2015-KH16360139-42195,2015-07-10 00:00:00,KH-16360139,Katherine Hughes,Consumer,United Kingdom,Europe,Northern Europe,OFF-BI-3736,Office Supplies,Binders,"Cardinal Hole Reinforcements, Recycled",17.1,3,0,7.11
MX-2015-MO1750082-42210,2015-07-25 00:00:00,MO-1750082,Mary O'Rourke,Consumer,Mexico,LATAM,Central America,OFF-PA-4005,Office Supplies,Paper,"Eaton Parchment Paper, 8.5 x 11",46.95999999999999,4,0,16.880000000000003
LY-2015-MP817574-42201,2015-07-16 00:00:00,MP-817574,Mike Pelletier,Home Office,Libya,Africa,North Africa,OFF-FA-6205,Office Supplies,Fasteners,"Stockwell Thumb Tacks, 12 Pack",12.96,1,0,5.82
IT-2015-SM20320124-42199,2015-07-14 00:00:00,SM-20320124,Sean Miller,Home Office,Sweden,Europe,Northern Europe,OFF-AR-3463,Office Supplies,Art,"BIC Pencil Sharpener, Water Color",32.19,2,0.5,-7.769999999999996
TU-2015-VP11730134-42207,2015-07-22 00:00:00,VP-11730134,Victor Preis,Home Office,Turkey,Asia Pacific,Western Asia,OFF-BI-3249,Office Supplies,Binders,"Avery Binder Covers, Recycled",18.288,4,0.6,-10.991999999999997
CA-2015-NS18640140-42195,2015-07-10 00:00:00,NS-186401402,Noel Staavos,Corporate,United States,USCA,Central US,OFF-AP-3377,Office Supplies,Appliances,Belkin F9S820V06 8 Outlet Surge,58.46399999999998,9,0.8,-146.16000000000003
CA-2015-NS18640140-42195,2015-07-10 00:00:00,NS-186401402,Noel Staavos,Corporate,United States,USCA,Central US,OFF-AR-5652,Office Supplies,Art,"Quartet Alpha White Chalk, 12/Pack",8.84,5,0.2,2.9835000000000003
ES-2015-GT14755139-42216,2015-07-31 00:00:00,GT-14755139,Guy Thornton,Consumer,United Kingdom,Europe,Northern Europe,OFF-AR-3484,Office Supplies,Art,"Binney & Smith Highlighters, Water Color",59.31,3,0,24.839999999999996
NI-2015-CM193595-42194,2015-07-09 00:00:00,CM-193595,Carlos Meador,Consumer,Nigeria,Africa,Western Africa,OFF-AP-3585,Office Supplies,Appliances,"Breville Toaster, White",22.455000000000005,1,0.7,-17.985
IT-2015-RH1951091-42209,2015-07-24 00:00:00,RH-1951091,Rick Huthwaite,Home Office,Netherlands,Europe,Western Europe,OFF-SU-2985,Office Supplies,Supplies,"Acme Ruler, High Speed",16.71,2,0.5,-15.39
ES-2015-TT2146014-42201,2015-07-16 00:00:00,TT-2146014,Tonja Turnell,Home Office,Belgium,Europe,Western Europe,OFF-LA-3315,Office Supplies,Labels,"Avery Round Labels, Adjustable",10.08,2,0,1.6800000000000002
IN-2015-CY1274527-42186,2015-07-01 00:00:00,CY-1274527,Craig Yedwab,Corporate,China,Asia Pacific,Eastern Asia,OFF-BI-2914,Office Supplies,Binders,"Acco Hole Reinforcements, Economy",13.32,2,0,4.92
TU-2015-KL6555134-42194,2015-07-09 00:00:00,KL-6555134,Kelly Lampkin,Corporate,Turkey,Asia Pacific,Western Asia,OFF-AR-3465,Office Supplies,Art,"BIC Pens, Easy-Erase",23.28,4,0.6,-22.199999999999996
SF-2015-CS2490117-42200,2015-07-15 00:00:00,CS-2490117,Cindy Schnelling,Corporate,South Africa,Africa,Southern Africa,OFF-FA-5469,Office Supplies,Fasteners,"OIC Paper Clips, Bulk Pack",14.43,1,0,7.050000000000001
PL-2015-SH10635103-42211,2015-07-26 00:00:00,SH-10635103,Stefanie Holloman,Corporate,Poland,Europe,Eastern Europe,OFF-AR-6115,Office Supplies,Art,"Stanley Markers, Easy-Erase",22.47,1,0,0
MX-2015-JA1597039-42215,2015-07-30 00:00:00,JA-1597039,Joseph Airdo,Consumer,El Salvador,LATAM,Central America,OFF-PA-6603,Office Supplies,Paper,"Xerox Cards & Envelopes, Recycled",29.919999999999998,1,0,13.76
US-2015-PO18850140-42192,2015-07-07 00:00:00,PO-188501404,Patrick O'Brill,Consumer,United States,USCA,Western US,FUR-CH-4425,Furniture,Chairs,"Global Task Chair, Black",122.13600000000001,3,0.2,-13.740299999999994
TU-2015-SC10050134-42216,2015-07-31 00:00:00,SC-10050134,Sample Company A,Home Office,Turkey,Asia Pacific,Western Asia,OFF-EN-5034,Office Supplies,Envelopes,"Kraft Mailers, Security-Tint",16.020000000000003,1,0.6,-22.05
TU-2015-SC10260134-42192,2015-07-07 00:00:00,SC-10260134,Scott Cohen,Corporate,Turkey,Asia Pacific,Western Asia,OFF-AR-3468,Office Supplies,Art,"BIC Sketch Pad, Blue",19.464,1,0.6,-20.465999999999998
MX-2015-DJ1351018-42206,2015-07-21 00:00:00,DJ-1351018,Don Jones,Corporate,Brazil,LATAM,South America,FUR-CH-5378,Furniture,Chairs,"Novimex Executive Leather Armchair, Adjustable",607.3599999999998,2,0,133.6
AU-2015-GB45308-42199,2015-07-14 00:00:00,GB-45308,George Bell,Corporate,Austria,Europe,Western Europe,OFF-AR-3465,Office Supplies,Art,"BIC Pens, Easy-Erase",29.099999999999998,2,0,6.36
TZ-2015-JE5610129-42194,2015-07-09 00:00:00,JE-5610129,Jim Epp,Corporate,Tanzania,Africa,Eastern Africa,OFF-BI-4811,Office Supplies,Binders,"Ibico Binder, Clear",14.939999999999998,1,0,1.32
NI-2015-AG67595-42196,2015-07-11 00:00:00,AG-67595,Anna Gayman,Consumer,Nigeria,Africa,Western Africa,OFF-AR-6117,Office Supplies,Art,"Stanley Markers, Water Color",15.228,2,0.7,-18.791999999999987
KZ-2015-DL292568-42187,2015-07-02 00:00:00,DL-292568,Daniel Lacy,Consumer,Kazakhstan,Asia Pacific,Central Asia,OFF-BI-6370,Office Supplies,Binders,"Wilson Jones 3-Hole Punch, Durable",8.847000000000001,1,0.7,-14.463000000000001
MX-2015-CP1208593-42193,2015-07-08 00:00:00,CP-1208593,Cathy Prescott,Corporate,Nicaragua,LATAM,Central America,OFF-FA-5485,Office Supplies,Fasteners,"OIC Thumb Tacks, Assorted Sizes",23.04,3,0,7.3199999999999985
US-2015-LL168405-42208,2015-07-23 00:00:00,LL-168405,Lauren Leatherbury,Consumer,Argentina,LATAM,South America,OFF-BI-2914,Office Supplies,Binders,"Acco Hole Reinforcements, Economy",5.328000000000001,4,0.7,-9.472
US-2015-CS1225054-42216,2015-07-31 00:00:00,CS-1225054,Chris Selesnick,Corporate,Haiti,LATAM,Caribbean,OFF-PA-4469,Office Supplies,Paper,"Green Bar Computer Printout Paper, Recycled",11.868000000000002,1,0.4,-6.132000000000002
MX-2015-CJ1201082-42187,2015-07-02 00:00:00,CJ-1201082,Caroline Jumper,Consumer,Mexico,LATAM,Central America,OFF-AR-3537,Office Supplies,Art,"Boston Markers, Blue",35.16000000000001,2,0,9.12
US-2015-CC1268555-42215,2015-07-30 00:00:00,CC-1268555,Craig Carroll,Consumer,Honduras,LATAM,Central America,OFF-BI-3735,Office Supplies,Binders,"Cardinal Hole Reinforcements, Economy",6.4079999999999995,3,0.4,-3.9720000000000004
US-2015-DW1354055-42191,2015-07-06 00:00:00,DW-1354055,Don Weiss,Consumer,Honduras,LATAM,Central America,OFF-LA-5402,Office Supplies,Labels,"Novimex Shipping Labels, 5000 Label Set",31.835999999999995,7,0.4,-9.604
US-2015-ME1801055-42214,2015-07-29 00:00:00,ME-1801055,Michelle Ellison,Corporate,Honduras,LATAM,Central America,OFF-EN-4908,Office Supplies,Envelopes,"Jiffy Clasp Envelope, Set of 50",10.223999999999998,3,0.4,-0.03599999999999852
BO-2015-ML741013-42200,2015-07-15 00:00:00,ML-741013,Maris LaWare,Consumer,Belarus,Europe,Eastern Europe,OFF-BI-3254,Office Supplies,Binders,"Avery Binder, Recycled",13.26,1,0,6.09
ES-2015-SW2045545-42206,2015-07-21 00:00:00,SW-2045545,Shaun Weien,Consumer,France,Europe,Western Europe,OFF-BI-6402,Office Supplies,Binders,"Wilson Jones Index Tab, Clear",5.91,1,0,0.51
CA-2015-PT19090140-42207,2015-07-22 00:00:00,PT-190901402,Pete Takahito,Consumer,United States,USCA,Central US,OFF-BI-6367,Office Supplies,Binders,"Wilson Jones 1"" Hanging DublLock Ring Binders",2.1119999999999997,2,0.8,-3.3792
TU-2015-SC10260134-42192,2015-07-07 00:00:00,SC-10260134,Scott Cohen,Corporate,Turkey,Asia Pacific,Western Asia,OFF-ST-5689,Office Supplies,Storage,"Rogers Box, Wire Frame",9.216,1,0.6,-11.064
GV-2015-AA31552-42216,2015-07-31 00:00:00,AA-31552,Alex Avila,Consumer,Guinea,Africa,Western Africa,OFF-LA-4542,Office Supplies,Labels,"Harbour Creations Removable Labels, Adjustable",10.74,1,0,4.29
CA-2015-PO19180140-42209,2015-07-24 00:00:00,PO-191801402,Philisse Overcash,Home Office,United States,USCA,Central US,TEC-AC-5109,Technology,Accessories,Logitech G600 MMO Gaming Mouse,399.95,5,0,143.982
IN-2015-DO1343527-42208,2015-07-23 00:00:00,DO-1343527,Denny Ordway,Consumer,China,Asia Pacific,Eastern Asia,OFF-LA-5400,Office Supplies,Labels,"Novimex Round Labels, Alphabetical",12.18,2,0,1.7999999999999998
IR-2015-TT1126560-42214,2015-07-29 00:00:00,TT-1126560,Tim Taslimi,Corporate,Iran,Asia Pacific,Southern Asia,OFF-BI-3295,Office Supplies,Binders,"Avery Index Tab, Economy",7.83,1,0,3.21
IN-2015-VF217157-42195,2015-07-10 00:00:00,VF-217157,Vicky Freymann,Home Office,Australia,Asia Pacific,Oceania,FUR-FU-4102,Furniture,Furnishings,"Eldon Stacking Tray, Duo Pack",85.212,3,0.1,-1.9079999999999995
MX-2015-AM1036018-42196,2015-07-11 00:00:00,AM-1036018,Alice McCarthy,Corporate,Brazil,LATAM,South America,OFF-LA-5393,Office Supplies,Labels,"Novimex Removable Labels, Laser Printer Compatible",25.839999999999996,4,0,9.76
ES-2015-HZ149508-42192,2015-07-07 00:00:00,HZ-149508,Henia Zydlo,Consumer,Austria,Europe,Western Europe,OFF-BI-3721,Office Supplies,Binders,"Cardinal Binder, Durable",61.31999999999999,4,0,3
NI-2015-JM586595-42186,2015-07-01 00:00:00,JM-586595,John Murray,Consumer,Nigeria,Africa,Western Africa,OFF-SU-4984,Office Supplies,Supplies,"Kleencut Ruler, Steel",7.776000000000002,2,0.7,-9.083999999999998
US-2015-RK1930018-42206,2015-07-21 00:00:00,RK-1930018,Ralph Kennedy,Consumer,Brazil,LATAM,South America,OFF-PA-4170,Office Supplies,Paper,"Enermax Message Books, Recycled",11.952000000000002,2,0.6,-4.4879999999999995
US-2015-TC21145101-42194,2015-07-09 00:00:00,TC-21145101,Theresa Coyne,Corporate,Peru,LATAM,South America,OFF-LA-4662,Office Supplies,Labels,"Hon Legal Exhibit Labels, 5000 Label Set",9,2,0.4,-1.5200000000000002
ES-2015-CD122808-42186,2015-07-01 00:00:00,CD-122808,Christina DeMoss,Consumer,Austria,Europe,Western Europe,OFF-AR-3483,Office Supplies,Art,"Binney & Smith Highlighters, Fluorescent",53.55,3,0,4.2299999999999995
CA-2015-RA19285140-42186,2015-07-01 00:00:00,RA-192851406,Ralph Arnett,Consumer,United States,USCA,Eastern US,OFF-ST-6156,Office Supplies,Storage,Steel Personal Filing/Posting Tote,248.57,7,0,67.11390000000002
ES-2015-JK1520564-42199,2015-07-14 00:00:00,JK-1520564,Jamie Kunitz,Consumer,Italy,Europe,Southern Europe,OFF-LA-4660,Office Supplies,Labels,"Hon File Folder Labels, Laser Printer Compatible",25.92,3,0,3.06
CA-2015-RA19285140-42186,2015-07-01 00:00:00,RA-192851406,Ralph Arnett,Consumer,United States,USCA,Eastern US,FUR-FU-4230,Furniture,Furnishings,"Executive Impressions 14""",22.23,1,0,9.781200000000002
IN-2015-BM111407-42201,2015-07-16 00:00:00,BM-111407,Becky Martin,Consumer,Australia,Asia Pacific,Oceania,OFF-BI-2895,Office Supplies,Binders,"Acco Binder, Clear",29.22,2,0,6.720000000000001
CA-2015-RB19360140-42211,2015-07-26 00:00:00,RB-193601402,Raymond Buch,Consumer,United States,USCA,Central US,OFF-LA-3218,Office Supplies,Labels,Avery 498,20.23,7,0,9.5081
SF-2015-KH6330117-42213,2015-07-28 00:00:00,KH-6330117,Katharine Harms,Corporate,South Africa,Africa,Southern Africa,OFF-LA-5374,Office Supplies,Labels,"Novimex Color Coded Labels, 5000 Label Set",12.809999999999999,1,0,3.57
IR-2015-TT1126560-42214,2015-07-29 00:00:00,TT-1126560,Tim Taslimi,Corporate,Iran,Asia Pacific,Southern Asia,OFF-PA-6605,Office Supplies,Paper,"Xerox Computer Printout Paper, 8.5 x 11",30.48,1,0,2.73
US-2015-RS19420140-42201,2015-07-16 00:00:00,RS-194201408,Ricardo Sperren,Corporate,United States,USCA,Southern US,FUR-TA-4622,Furniture,Tables,Hon 5100 Series Wood Tables,872.94,3,0,157.12919999999997
US-2015-RS19420140-42201,2015-07-16 00:00:00,RS-194201408,Ricardo Sperren,Corporate,United States,USCA,Southern US,OFF-AP-3369,Office Supplies,Appliances,Belkin 8 Outlet SurgeMaster II Gold Surge Protector,179.94,3,0,50.38320000000001
US-2015-RS19420140-42201,2015-07-16 00:00:00,RS-194201408,Ricardo Sperren,Corporate,United States,USCA,Southern US,OFF-PA-6558,Office Supplies,Paper,Xerox 1999,12.96,2,0,6.2208000000000006
MX-2015-ME1772531-42204,2015-07-19 00:00:00,ME-1772531,Max Engle,Consumer,Cuba,LATAM,Caribbean,OFF-BI-6397,Office Supplies,Binders,"Wilson Jones Hole Reinforcements, Clear",10.640000000000002,4,0,3.6
BO-2015-ML741013-42200,2015-07-15 00:00:00,ML-741013,Maris LaWare,Consumer,Belarus,Europe,Eastern Europe,OFF-BI-6403,Office Supplies,Binders,"Wilson Jones Index Tab, Durable",7.949999999999999,1,0,0.15000000000000002
US-2015-RA1991536-42196,2015-07-11 00:00:00,RA-1991536,Russell Applegate,Consumer,Dominican Republic,LATAM,Caribbean,OFF-BI-3720,Office Supplies,Binders,"Cardinal Binder, Clear",14.175999999999997,2,0.2,-1.063999999999999
NI-2015-BT144095-42202,2015-07-17 00:00:00,BT-144095,Bobby Trafton,Consumer,Nigeria,Africa,Western Africa,OFF-BI-3189,Office Supplies,Binders,"Avery 3-Hole Punch, Recycled",16.938000000000006,2,0.7,-39.522000000000006
CA-2015-RR19525140-42199,2015-07-14 00:00:00,RR-195251402,Rick Reed,Corporate,United States,USCA,Central US,OFF-ST-6103,Office Supplies,Storage,Standard Rollaway File with Lock,360.38,2,0,93.6988
CA-2015-RR19525140-42199,2015-07-14 00:00:00,RR-195251402,Rick Reed,Corporate,United States,USCA,Central US,OFF-PA-6214,Office Supplies,Paper,Strathmore Photo Mount Cards,13.56,2,0,6.2376
RO-2015-RH9600107-42196,2015-07-11 00:00:00,RH-9600107,Rob Haberlin,Consumer,Romania,Europe,Eastern Europe,OFF-BI-6378,Office Supplies,Binders,"Wilson Jones Binder, Clear",24.96,2,0,1.98
MX-2015-ND1846082-42207,2015-07-22 00:00:00,ND-1846082,Neil Ducich,Corporate,Mexico,LATAM,Central America,OFF-BI-4829,Office Supplies,Binders,"Ibico Index Tab, Durable",12.359999999999998,2,0,1.6
IT-2015-BO1142591-42195,2015-07-10 00:00:00,BO-1142591,Bobby Odegard,Consumer,Netherlands,Europe,Western Europe,OFF-BI-3294,Office Supplies,Binders,"Avery Index Tab, Durable",6.6899999999999995,2,0.5,-3.2699999999999996
IN-2015-EB1370592-42196,2015-07-11 00:00:00,EB-1370592,Ed Braxton,Corporate,New Zealand,Asia Pacific,Oceania,OFF-BI-2917,Office Supplies,Binders,"Acco Index Tab, Clear",17.16,2,0,2.04
CA-2015-RD19585140-42189,2015-07-04 00:00:00,RD-195851402,Rob Dowd,Consumer,United States,USCA,Central US,TEC-PH-5282,Technology,Phones,netTALK DUO VoIP Telephone Service,167.96800000000002,4,0.2,62.988
CA-2015-RD19585140-42189,2015-07-04 00:00:00,RD-195851404,Rob Dowd,Consumer,United States,USCA,Western US,OFF-ST-5690,Office Supplies,Storage,Rogers Deluxe File Chest,87.92,4,0,0.8791999999999973
MX-2015-DL1286582-42194,2015-07-09 00:00:00,DL-1286582,Dan Lawera,Consumer,Mexico,LATAM,Central America,OFF-PA-4184,Office Supplies,Paper,"Enermax Parchment Paper, Recycled",10.2,1,0,0
TU-2015-FM4215134-42210,2015-07-25 00:00:00,FM-4215134,Filia McAdams,Corporate,Turkey,Asia Pacific,Western Asia,OFF-BI-3723,Office Supplies,Binders,"Cardinal Binder, Recycled",11.351999999999999,2,0.6,-11.087999999999996
US-2015-RL19615140-42193,2015-07-08 00:00:00,RL-196151406,Rob Lucas,Consumer,United States,USCA,Eastern US,TEC-PH-3138,Technology,Phones,Apple iPhone 5S,683.9879999999999,2,0.4,-113.9980000000001
US-2015-RL19615140-42193,2015-07-08 00:00:00,RL-196151406,Rob Lucas,Consumer,United States,USCA,Eastern US,TEC-AC-5605,Technology,Accessories,Plantronics CS510 - Over-the-Head monaural Wireless Headset System,527.92,2,0.2,85.78699999999995
US-2015-RL19615140-42193,2015-07-08 00:00:00,RL-196151406,Rob Lucas,Consumer,United States,USCA,Eastern US,FUR-BO-5521,Furniture,Bookcases,O'Sullivan 3-Shelf Heavy-Duty Bookcases,87.21000000000001,3,0.5,-45.3492
RS-2015-SU10665108-42196,2015-07-11 00:00:00,SU-10665108,Stephanie Ulpright,Home Office,Russia,Europe,Eastern Europe,OFF-BI-4809,Office Supplies,Binders,"Ibico Binder Covers, Economy",13.649999999999999,1,0,1.8900000000000001
US-2015-RL19615140-42193,2015-07-08 00:00:00,RL-196151406,Rob Lucas,Consumer,United States,USCA,Eastern US,OFF-ST-5615,Office Supplies,Storage,Plastic Stacking Crates & Casters,13.392000000000001,3,0.2,1.0044
US-2015-RL19615140-42193,2015-07-08 00:00:00,RL-196151406,Rob Lucas,Consumer,United States,USCA,Eastern US,OFF-PA-6579,Office Supplies,Paper,Xerox 216,15.552000000000003,3,0.2,5.4432
IN-2015-BM111407-42201,2015-07-16 00:00:00,BM-111407,Becky Martin,Consumer,Australia,Asia Pacific,Oceania,OFF-SU-6175,Office Supplies,Supplies,"Stiletto Scissors, Steel",23.009999999999998,1,0,0.44999999999999996
US-2015-RL19615140-42193,2015-07-08 00:00:00,RL-196151406,Rob Lucas,Consumer,United States,USCA,Eastern US,TEC-AC-3086,Technology,Accessories,AmazonBasics 3-Button USB Wired Mouse,16.776000000000003,3,0.2,4.8231
SA-2015-JO5280110-42209,2015-07-24 00:00:00,JO-5280110,Jas O'Carroll,Consumer,Saudi Arabia,Asia Pacific,Western Asia,OFF-LA-6054,Office Supplies,Labels,"Smead Round Labels, Adjustable",9.600000000000001,2,0,2.88
IT-2015-CM1183091-42201,2015-07-16 00:00:00,CM-1183091,Cari MacIntyre,Corporate,Netherlands,Europe,Western Europe,OFF-BI-6380,Office Supplies,Binders,"Wilson Jones Binder, Economy",6.51,1,0.5,-2.4899999999999993
MX-2015-TS2116082-42189,2015-07-04 00:00:00,TS-2116082,Theresa Swint,Corporate,Mexico,LATAM,Central America,OFF-BI-6372,Office Supplies,Binders,"Wilson Jones 3-Hole Punch, Recycled",18.900000000000002,1,0,3.78
KZ-2015-AC45068-42188,2015-07-03 00:00:00,AC-45068,Amy Cox,Consumer,Kazakhstan,Asia Pacific,Central Asia,OFF-FA-3022,Office Supplies,Fasteners,"Advantus Clamps, Metal",5.823000000000002,1,0.7,-4.677000000000001
RO-2015-AF885107-42202,2015-07-17 00:00:00,AF-885107,Art Foster,Consumer,Romania,Europe,Eastern Europe,FUR-FU-3066,Furniture,Furnishings,"Advantus Stacking Tray, Durable",26.370000000000005,1,0,7.11
US-2015-RF19735140-42215,2015-07-30 00:00:00,RF-197351402,Roland Fjeld,Consumer,United States,USCA,Central US,FUR-CH-5444,Furniture,Chairs,Office Star Flex Back Scooter Chair with Aluminum Finish Frame,302.67,3,0,72.6408
US-2015-RF19735140-42215,2015-07-30 00:00:00,RF-197351402,Roland Fjeld,Consumer,United States,USCA,Central US,TEC-PH-5363,Technology,Phones,Nortel Meridian M3904 Professional Digital phone,461.97,3,0,133.97129999999996
US-2015-RF19735140-42215,2015-07-30 00:00:00,RF-197351402,Roland Fjeld,Consumer,United States,USCA,Central US,OFF-AP-4610,Office Supplies,Appliances,"Holmes Replacement Filter for HEPA Air Cleaner, Very Large Room, HEPA Filter",137.62,2,0,60.552800000000005
US-2015-RF19735140-42215,2015-07-30 00:00:00,RF-197351402,Roland Fjeld,Consumer,United States,USCA,Central US,OFF-BI-4354,Office Supplies,Binders,GBC Poly Designer Binding Covers,33.48,2,0,16.405199999999997
IR-2015-TT1126560-42214,2015-07-29 00:00:00,TT-1126560,Tim Taslimi,Corporate,Iran,Asia Pacific,Southern Asia,OFF-BI-3290,Office Supplies,Binders,"Avery Hole Reinforcements, Durable",5.91,1,0,2.0999999999999996
KZ-2015-DL292568-42187,2015-07-02 00:00:00,DL-292568,Daniel Lacy,Consumer,Kazakhstan,Asia Pacific,Central Asia,OFF-BI-4803,Office Supplies,Binders,"Ibico 3-Hole Punch, Clear",8.973000000000003,1,0.7,-8.997000000000002
TU-2015-SC10260134-42192,2015-07-07 00:00:00,SC-10260134,Scott Cohen,Corporate,Turkey,Asia Pacific,Western Asia,TEC-MA-6132,Technology,Machines,"StarTech Calculator, Durable",16.032,1,0.6,-18.048
IN-2015-SJ2050092-42194,2015-07-09 00:00:00,SJ-2050092,Shirley Jackson,Consumer,New Zealand,Asia Pacific,Oceania,OFF-LA-6061,Office Supplies,Labels,"Smead Shipping Labels, 5000 Label Set",24,2,0,10.8
MX-2015-EM1414054-42195,2015-07-10 00:00:00,EM-1414054,Eugene Moren,Home Office,Haiti,LATAM,Caribbean,OFF-PA-3996,Office Supplies,Paper,"Eaton Memo Slips, Premium",10.991999999999999,2,0.4,-6.247999999999999
RO-2015-SE10110107-42192,2015-07-07 00:00:00,SE-10110107,Sanjit Engle,Consumer,Romania,Europe,Eastern Europe,OFF-BI-4829,Office Supplies,Binders,"Ibico Index Tab, Durable",9.27,1,0,4.050000000000001
MX-2015-CB1253531-42188,2015-07-03 00:00:00,CB-1253531,Claudia Bergmann,Corporate,Cuba,LATAM,Caribbean,OFF-FA-6205,Office Supplies,Fasteners,"Stockwell Thumb Tacks, 12 Pack",8.640000000000002,1,0,3.18
ES-2015-EM14065120-42190,2015-07-05 00:00:00,EM-14065120,Erin Mull,Consumer,Spain,Europe,Southern Europe,OFF-FA-2950,Office Supplies,Fasteners,"Accos Push Pins, Metal",14.64,1,0,2.46
MX-2015-BD1163531-42206,2015-07-21 00:00:00,BD-1163531,Brian Derr,Consumer,Cuba,LATAM,Caribbean,OFF-PA-4474,Office Supplies,Paper,"Green Bar Message Books, 8.5 x 11",37.239999999999995,2,0,14.52
MX-2015-DB1336039-42187,2015-07-02 00:00:00,DB-1336039,Dennis Bolton,Home Office,El Salvador,LATAM,Central America,OFF-FA-5474,Office Supplies,Fasteners,"OIC Push Pins, Metal",10.02,1,0,2.8
CA-2015-SZ20035140-42194,2015-07-09 00:00:00,SZ-200351404,Sam Zeldin,Home Office,United States,USCA,Western US,FUR-FU-3958,Furniture,Furnishings,"Deflect-o SuperTray Unbreakable Stackable Tray, Letter, Black",145.9,5,0,62.736999999999995
US-2015-SZ20035140-42189,2015-07-04 00:00:00,SZ-200351406,Sam Zeldin,Home Office,United States,USCA,Eastern US,FUR-TA-3428,Furniture,Tables,"Bevis Round Conference Table Top, X-Base",215.148,2,0.4,-103.98819999999998
IN-2015-CY1274527-42186,2015-07-01 00:00:00,CY-1274527,Craig Yedwab,Corporate,China,Asia Pacific,Eastern Asia,OFF-FA-5485,Office Supplies,Fasteners,"OIC Thumb Tacks, Assorted Sizes",11.52,1,0,3.7800000000000002
US-2015-SZ20035140-42189,2015-07-04 00:00:00,SZ-200351406,Sam Zeldin,Home Office,United States,USCA,Eastern US,OFF-PA-6414,Office Supplies,Paper,"Wirebound Four 2-3/4 x 5 Forms per Page, 400 Sets per Book",30.96,6,0.2,11.223
US-2015-SZ20035140-42189,2015-07-04 00:00:00,SZ-200351406,Sam Zeldin,Home Office,United States,USCA,Eastern US,OFF-PA-5229,Office Supplies,Paper,"Message Book, Wirebound, Four 5 1/2"" X 4"" Forms/Pg., 200 Dupl. Sets/Book",32.896,4,0.2,11.102399999999996
IN-2015-SR20425118-42188,2015-07-03 00:00:00,SR-20425118,Sharelle Roach,Home Office,South Korea,Asia Pacific,Eastern Asia,OFF-SU-4984,Office Supplies,Supplies,"Kleencut Ruler, Steel",12.96,2,0.5,-7.5600000000000005
US-2015-SF20065140-42202,2015-07-17 00:00:00,SF-200651406,Sandra Flanagan,Consumer,United States,USCA,Eastern US,FUR-CH-4403,Furniture,Chairs,"Global Deluxe Stacking Chair, Gray",71.37199999999999,2,0.3,-1.0196000000000005
NI-2015-RC996095-42194,2015-07-09 00:00:00,RC-996095,Ryan Crowe,Consumer,Nigeria,Africa,Western Africa,OFF-PA-4002,Office Supplies,Paper,"Eaton Note Cards, 8.5 x 11",7.947000000000002,1,0.7,-13.802999999999999
IN-2015-GM146957-42196,2015-07-11 00:00:00,GM-146957,Greg Maxwell,Corporate,Australia,Asia Pacific,Oceania,OFF-LA-4695,Office Supplies,Labels,"Hon Shipping Labels, Alphabetical",20.142,2,0.1,7.782
CA-2015-SS1014023-42189,2015-07-04 00:00:00,SS-1014023,Saphhira Shifley,Corporate,Canada,USCA,Canada,OFF-BI-3737,Office Supplies,Binders,"Cardinal Index Tab, Clear",7.26,1,0,2.52
MX-2015-NF1859539-42209,2015-07-24 00:00:00,NF-1859539,Nicole Fjeld,Home Office,El Salvador,LATAM,Central America,OFF-LA-4696,Office Supplies,Labels,"Hon Shipping Labels, Laser Printer Compatible",37.9,5,0,2.6
US-2015-SF20200140-42207,2015-07-22 00:00:00,SF-202001404,Sarah Foster,Consumer,United States,USCA,Western US,TEC-PH-5581,Technology,Phones,PayAnywhere Card Reader,71.92800000000001,9,0.2,6.293699999999998
WA-2015-TB1152089-42190,2015-07-05 00:00:00,TB-1152089,Tracy Blumstein,Consumer,Namibia,Africa,Southern Africa,OFF-FA-2956,Office Supplies,Fasteners,"Accos Staples, Assorted Sizes",8.4,1,0,3.2700000000000005
US-2015-SF20200140-42207,2015-07-22 00:00:00,SF-202001404,Sarah Foster,Consumer,United States,USCA,Western US,OFF-AR-3550,Office Supplies,Art,"BOSTON Ranger #55 Pencil Sharpener, Black",25.99,1,0,7.537099999999999
NI-2015-BW120095-42207,2015-07-22 00:00:00,BW-120095,Ben Wallace,Consumer,Nigeria,Africa,Western Africa,OFF-AR-6122,Office Supplies,Art,"Stanley Pens, Easy-Erase",18.576000000000004,6,0.7,-16.163999999999994
MZ-2015-HG484587-42194,2015-07-09 00:00:00,HG-484587,Harry Greene,Consumer,Mozambique,Africa,Eastern Africa,TEC-AC-5863,Technology,Accessories,"SanDisk Flash Drive, USB",39.74999999999999,1,0,1.59
IN-2015-RP19390102-42192,2015-07-07 00:00:00,RP-19390102,Resi Pölking,Consumer,Philippines,Asia Pacific,Southeastern Asia,OFF-EN-3110,Office Supplies,Envelopes,"Ames Peel and Seal, Set of 50",30.838500000000007,3,0.45,-23.611500000000003
IV-2015-DH307529-42208,2015-07-23 00:00:00,DH-307529,Dave Hallsten,Corporate,Cote d'Ivoire,Africa,Western Africa,OFF-BI-3737,Office Supplies,Binders,"Cardinal Index Tab, Clear",6.719999999999999,1,0,2.82
IN-2015-SZ200357-42190,2015-07-05 00:00:00,SZ-200357,Sam Zeldin,Home Office,Australia,Asia Pacific,Oceania,OFF-BI-3251,Office Supplies,Binders,"Avery Binder, Clear",22.248,2,0.1,9.348
IR-2015-SF1096560-42189,2015-07-04 00:00:00,SF-1096560,Sylvia Foulston,Corporate,Iran,Asia Pacific,Southern Asia,OFF-LA-6034,Office Supplies,Labels,"Smead File Folder Labels, 5000 Label Set",9.27,1,0,4.26
MX-2015-MP1796518-42189,2015-07-04 00:00:00,MP-1796518,Michael Paige,Corporate,Brazil,LATAM,South America,OFF-AR-3547,Office Supplies,Art,"Boston Pens, Easy-Erase",28.979999999999997,3,0,0.8399999999999999
IN-2015-GM146957-42196,2015-07-11 00:00:00,GM-146957,Greg Maxwell,Corporate,Australia,Asia Pacific,Oceania,OFF-LA-5400,Office Supplies,Labels,"Novimex Round Labels, Alphabetical",5.481,1,0.1,0.2909999999999999
CA-2015-SM20320140-42195,2015-07-10 00:00:00,SM-203201402,Sean Miller,Home Office,United States,USCA,Central US,FUR-FU-4026,Furniture,Furnishings,Eldon Antistatic Chair Mats for Low to Medium Pile Carpets,526.45,5,0,31.58699999999996
US-2015-SW20350140-42207,2015-07-22 00:00:00,SW-203501406,Sean Wendt,Home Office,United States,USCA,Eastern US,TEC-PH-3965,Technology,Phones,Dexim XPower Skin Super-Thin Power Case for iPhone 5 - Black,210.56400000000002,6,0.4,-52.64099999999999
US-2015-SW20350140-42207,2015-07-22 00:00:00,SW-203501406,Sean Wendt,Home Office,United States,USCA,Eastern US,OFF-ST-5077,Office Supplies,Storage,Letter Size File,222.32000000000005,7,0.2,25.010999999999967
US-2015-KD16615101-42190,2015-07-05 00:00:00,KD-16615101,Ken Dana,Corporate,Peru,LATAM,South America,OFF-AR-3540,Office Supplies,Art,"Boston Markers, Water Color",11.819999999999999,1,0.4,-1.0000000000000013
US-2015-SW20350140-42207,2015-07-22 00:00:00,SW-203501406,Sean Wendt,Home Office,United States,USCA,Eastern US,OFF-BI-6345,Office Supplies,Binders,Vinyl Sectional Post Binders,33.93000000000001,3,0.7,-22.619999999999997
US-2015-SV20365140-42204,2015-07-19 00:00:00,SV-203651406,Seth Vernon,Consumer,United States,USCA,Eastern US,FUR-CH-6016,Furniture,Chairs,"Situations Contoured Folding Chairs, 4/Set",198.744,4,0.3,-14.195999999999984
US-2015-SV20365140-42204,2015-07-19 00:00:00,SV-203651406,Seth Vernon,Consumer,United States,USCA,Eastern US,TEC-CO-3701,Technology,Copiers,Canon PC-428 Personal Copier,599.97,5,0.4,69.99649999999997
IN-2015-BM11575102-42211,2015-07-26 00:00:00,BM-11575102,Brendan Murry,Corporate,Philippines,Asia Pacific,Southeastern Asia,FUR-FU-5731,Furniture,Furnishings,"Rubbermaid Light Bulb, Black",42.38999999999999,3,0.25,10.709999999999999
US-2015-SV20365140-42204,2015-07-19 00:00:00,SV-203651406,Seth Vernon,Consumer,United States,USCA,Eastern US,OFF-SU-2976,Office Supplies,Supplies,Acme Kleencut Forged Steel Scissors,9.184000000000001,2,0.2,1.1479999999999988
ID-2015-EB1393059-42206,2015-07-21 00:00:00,EB-1393059,Eric Barreto,Consumer,Indonesia,Asia Pacific,Southeastern Asia,OFF-FA-2947,Office Supplies,Fasteners,"Accos Push Pins, 12 Pack",14.787000000000003,2,0.47000000000000003,-0.33300000000000196
GH-2015-JH618049-42215,2015-07-30 00:00:00,JH-618049,Justin Hirsh,Consumer,Ghana,Africa,Western Africa,OFF-PA-3994,Office Supplies,Paper,"Eaton Memo Slips, 8.5 x 11",17.88,1,0,4.800000000000001
TU-2015-PS9045134-42190,2015-07-05 00:00:00,PS-9045134,Penelope Sewall,Home Office,Turkey,Asia Pacific,Western Asia,OFF-BI-3736,Office Supplies,Binders,"Cardinal Hole Reinforcements, Recycled",9.120000000000001,4,0.6,-4.199999999999999
SL-2015-SW10350112-42193,2015-07-08 00:00:00,SW-10350112,Sean Wendt,Home Office,Sierra Leone,Africa,Western Africa,OFF-FA-6203,Office Supplies,Fasteners,"Stockwell Staples, Bulk Pack",10.799999999999999,1,0,1.62
TU-2015-SP10650134-42200,2015-07-15 00:00:00,SP-10650134,Stephanie Phelps,Corporate,Turkey,Asia Pacific,Western Asia,OFF-SU-4126,Office Supplies,Supplies,"Elite Ruler, Steel",21.120000000000005,4,0.6,-17.52
IN-2015-VF217157-42195,2015-07-10 00:00:00,VF-217157,Vicky Freymann,Home Office,Australia,Asia Pacific,Oceania,OFF-AR-3492,Office Supplies,Art,"Binney & Smith Pencil Sharpener, Easy-Erase",50.274,2,0.1,16.194000000000003
CA-2015-SW20455140-42207,2015-07-22 00:00:00,SW-204551404,Shaun Weien,Consumer,United States,USCA,Western US,FUR-CH-4673,Furniture,Chairs,Hon Olson Stacker Stools,225.29600000000002,2,0.2,22.529599999999995
CA-2015-SW20455140-42207,2015-07-22 00:00:00,SW-204551404,Shaun Weien,Consumer,United States,USCA,Western US,OFF-BI-4355,Office Supplies,Binders,GBC Premium Transparent Covers with Diagonal Lined Pattern,50.352000000000004,3,0.2,17.623199999999997
IN-2015-DB13060144-42189,2015-07-04 00:00:00,DB-13060144,Dave Brooks,Consumer,Vietnam,Asia Pacific,Southeastern Asia,OFF-AR-5913,Office Supplies,Art,"Sanford Highlighters, Water Color",47.13569999999999,3,0.17,15.815699999999998
CA-2015-SW20455140-42207,2015-07-22 00:00:00,SW-204551404,Shaun Weien,Consumer,United States,USCA,Western US,OFF-PA-6422,Office Supplies,Paper,"Wirebound Message Forms, Four 2 3/4 x 5 Forms per Page, Pink Paper",16.34,2,0,7.6798
CA-2015-SW20455140-42203,2015-07-18 00:00:00,SW-204551408,Shaun Weien,Consumer,United States,USCA,Southern US,FUR-FU-3830,Furniture,Furnishings,"C-Line Magnetic Cubicle Keepers, Clear Polypropylene",7.904000000000001,2,0.2,2.1736000000000004
US-2015-SG20470140-42186,2015-07-01 00:00:00,SG-204701406,Sheri Gordon,Consumer,United States,USCA,Eastern US,FUR-TA-3560,Furniture,Tables,Bretford CR4500 Series Slim Rectangular Table,1044.6299999999999,5,0.4,-295.97849999999994
SL-2015-MH8115112-42213,2015-07-28 00:00:00,MH-8115112,Mick Hernandez,Home Office,Sierra Leone,Africa,Western Africa,OFF-FA-6199,Office Supplies,Fasteners,"Stockwell Rubber Bands, Bulk Pack",16.53,1,0,7.26
NI-2015-TG1131095-42209,2015-07-24 00:00:00,TG-1131095,Toby Gnade,Consumer,Nigeria,Africa,Western Africa,OFF-BI-2900,Office Supplies,Binders,"Acco Binding Machine, Durable",15.777000000000003,1,0.7,-24.213
GH-2015-DW348049-42195,2015-07-10 00:00:00,DW-348049,Dianna Wilson,Home Office,Ghana,Africa,Western Africa,OFF-LA-4543,Office Supplies,Labels,"Harbour Creations Removable Labels, Laser Printer Compatible",10.17,1,0,4.5600000000000005
TU-2015-SC10050134-42216,2015-07-31 00:00:00,SC-10050134,Sample Company A,Home Office,Turkey,Asia Pacific,Western Asia,OFF-AR-3451,Office Supplies,Art,"BIC Highlighters, Blue",15.144,2,0.6,-7.5959999999999965
ES-2015-DB13210120-42199,2015-07-14 00:00:00,DB-13210120,Dean Braden,Consumer,Spain,Europe,Southern Europe,OFF-BI-3291,Office Supplies,Binders,"Avery Hole Reinforcements, Economy",8.82,2,0,0
IZ-2015-ED388561-42214,2015-07-29 00:00:00,ED-388561,Emily Ducich,Home Office,Iraq,Asia Pacific,Western Asia,OFF-SU-4128,Office Supplies,Supplies,"Elite Scissors, High Speed",22.53,1,0,10.8
MX-2015-JM1526582-42187,2015-07-02 00:00:00,JM-1526582,Janet Molinari,Corporate,Mexico,LATAM,Central America,FUR-FU-5724,Furniture,Furnishings,"Rubbermaid Door Stop, Duo Pack",35.087999999999994,2,0.4,4.088000000000003
NI-2015-EC405095-42207,2015-07-22 00:00:00,EC-405095,Erin Creighton,Consumer,Nigeria,Africa,Western Africa,OFF-ST-4063,Office Supplies,Storage,"Eldon Folders, Wire Frame",4.8149999999999995,1,0.7,-9.644999999999998
IR-2015-JH618060-42196,2015-07-11 00:00:00,JH-618060,Justin Hirsh,Consumer,Iran,Asia Pacific,Southern Asia,OFF-BI-6403,Office Supplies,Binders,"Wilson Jones Index Tab, Durable",15.899999999999999,2,0,0.30000000000000004
IN-2015-JK1612059-42204,2015-07-19 00:00:00,JK-1612059,Julie Kriz,Home Office,Indonesia,Asia Pacific,Southeastern Asia,OFF-LA-3314,Office Supplies,Labels,"Avery Round Labels, 5000 Label Set",7.9818,2,0.47000000000000003,-5.1582
MX-2015-HF1499518-42203,2015-07-18 00:00:00,HF-1499518,Herbert Flentye,Consumer,Brazil,LATAM,South America,OFF-PA-4160,Office Supplies,Paper,"Enermax Memo Slips, Multicolor",22.76,2,0,8.640000000000002
TU-2015-KL6555134-42194,2015-07-09 00:00:00,KL-6555134,Kelly Lampkin,Corporate,Turkey,Asia Pacific,Western Asia,OFF-AR-3492,Office Supplies,Art,"Binney & Smith Pencil Sharpener, Easy-Erase",11.172,1,0.6,-13.697999999999999
ID-2015-KL166457-42202,2015-07-17 00:00:00,KL-166457,Ken Lonsdale,Consumer,Australia,Asia Pacific,Oceania,OFF-ST-4260,Office Supplies,Storage,"Fellowes File Cart, Wire Frame",81.82800000000002,1,0.4,1.3379999999999868
KZ-2015-DL292568-42187,2015-07-02 00:00:00,DL-292568,Daniel Lacy,Consumer,Kazakhstan,Asia Pacific,Central Asia,OFF-AR-3484,Office Supplies,Art,"Binney & Smith Highlighters, Water Color",5.931000000000001,1,0.7,-5.558999999999999
GH-2015-JH618049-42215,2015-07-30 00:00:00,JH-618049,Justin Hirsh,Consumer,Ghana,Africa,Western Africa,OFF-PA-4481,Office Supplies,Paper,"Green Bar Parchment Paper, 8.5 x 11",83.28,4,0,34.08
UP-2015-RB9795137-42188,2015-07-03 00:00:00,RB-9795137,Ross Baird,Home Office,Ukraine,Europe,Eastern Europe,OFF-BI-2912,Office Supplies,Binders,"Acco Hole Reinforcements, Clear",6.12,1,0,0.24
IS-2015-SM1032063-42213,2015-07-28 00:00:00,SM-1032063,Sean Miller,Home Office,Israel,Asia Pacific,Western Asia,OFF-BI-4810,Office Supplies,Binders,"Ibico Binder Covers, Recycled",14.01,1,0,5.16
SL-2015-MH8115112-42213,2015-07-28 00:00:00,MH-8115112,Mick Hernandez,Home Office,Sierra Leone,Africa,Western Africa,OFF-ST-6038,Office Supplies,Storage,"Smead Folders, Blue",69.96000000000001,4,0,8.28
IN-2015-VS218207-42209,2015-07-24 00:00:00,VS-218207,Vivek Sundaresam,Consumer,Australia,Asia Pacific,Oceania,OFF-BI-3290,Office Supplies,Binders,"Avery Hole Reinforcements, Durable",5.319,1,0.1,0.3989999999999999
MX-2015-RB1936082-42196,2015-07-11 00:00:00,RB-1936082,Raymond Buch,Consumer,Mexico,LATAM,Central America,OFF-LA-3323,Office Supplies,Labels,"Avery Shipping Labels, Laser Printer Compatible",31.599999999999994,4,0,15.12
IN-2015-HW1493559-42212,2015-07-27 00:00:00,HW-1493559,Helen Wasserman,Corporate,Indonesia,Asia Pacific,Southeastern Asia,OFF-SU-6182,Office Supplies,Supplies,"Stiletto Trimmer, Serrated",41.81700000000001,2,0.47000000000000003,-12.663000000000004
CA-2015-SM20950140-42206,2015-07-21 00:00:00,SM-209501402,Suzanne McNair,Corporate,United States,USCA,Central US,OFF-BI-4827,Office Supplies,Binders,Ibico Ibimaster 300 Manual Binding System,735.98,2,0,331.191
IN-2015-RP19390102-42192,2015-07-07 00:00:00,RP-19390102,Resi Pölking,Consumer,Philippines,Asia Pacific,Southeastern Asia,OFF-EN-4454,Office Supplies,Envelopes,"GlobeWeis Peel and Seal, with clear poly window",41.1345,3,0.45,1.4444999999999908
CA-2015-TD1099523-42189,2015-07-04 00:00:00,TD-1099523,Tamara Dahlen,Consumer,Canada,USCA,Canada,OFF-LA-6056,Office Supplies,Labels,"Smead Round Labels, Laser Printer Compatible",41.4,6,0,14.76
CA-2015-TD20995140-42194,2015-07-09 00:00:00,TD-209951406,Tamara Dahlen,Consumer,United States,USCA,Eastern US,OFF-FA-6129,Office Supplies,Fasteners,Staples,24.56,2,0,11.543199999999999
CA-2015-TD20995140-42194,2015-07-09 00:00:00,TD-209951406,Tamara Dahlen,Consumer,United States,USCA,Eastern US,OFF-AR-3486,Office Supplies,Art,"Binney & Smith inkTank Erasable Desk Highlighter, Chisel Tip, Yellow, 12/Box",7.5600000000000005,3,0,3.0996000000000006
US-2015-TD20995140-42195,2015-07-10 00:00:00,TD-209951404,Tamara Dahlen,Consumer,United States,USCA,Western US,OFF-BI-6391,Office Supplies,Binders,Wilson Jones Easy Flow II Sheet Lifters,1.0800000000000003,2,0.7,-0.792
CA-2015-TD20995140-42194,2015-07-09 00:00:00,TD-209951406,Tamara Dahlen,Consumer,United States,USCA,Eastern US,OFF-AR-3446,Office Supplies,Art,"BIC Brite Liner Highlighters, Chisel Tip",12.96,2,0,4.1472
IN-2015-BN1147027-42189,2015-07-04 00:00:00,BN-1147027,Brad Norvell,Corporate,China,Asia Pacific,Eastern Asia,OFF-FA-5484,Office Supplies,Fasteners,"OIC Thumb Tacks, 12 Pack",27,2,0,2.7
US-2015-TW21025140-42207,2015-07-22 00:00:00,TW-210251406,Tamara Willingham,Home Office,United States,USCA,Eastern US,OFF-PA-6552,Office Supplies,Paper,Xerox 1993,6.48,1,0,3.1752000000000002
SF-2015-KH6330117-42213,2015-07-28 00:00:00,KH-6330117,Katharine Harms,Corporate,South Africa,Africa,Southern Africa,OFF-BI-6402,Office Supplies,Binders,"Wilson Jones Index Tab, Clear",5.91,1,0,0.51
US-2015-DW1354055-42191,2015-07-06 00:00:00,DW-1354055,Don Weiss,Consumer,Honduras,LATAM,Central America,OFF-FA-6199,Office Supplies,Fasteners,"Stockwell Rubber Bands, Bulk Pack",6.611999999999999,1,0.4,-0.4479999999999997
ID-2015-JL1517559-42200,2015-07-15 00:00:00,JL-1517559,James Lanier,Home Office,Indonesia,Asia Pacific,Southeastern Asia,OFF-FA-6194,Office Supplies,Fasteners,"Stockwell Push Pins, Assorted Sizes",6.264600000000001,1,0.47000000000000003,-5.465400000000001
US-2015-TT21220140-42186,2015-07-01 00:00:00,TT-212201404,Thomas Thornton,Consumer,United States,USCA,Western US,OFF-PA-6471,Office Supplies,Paper,Xerox 1919,204.95000000000002,5,0,100.4255
IZ-2015-CM223561-42213,2015-07-28 00:00:00,CM-223561,Chris McAfee,Consumer,Iraq,Asia Pacific,Western Asia,OFF-BI-2917,Office Supplies,Binders,"Acco Index Tab, Clear",8.58,1,0,1.35
ID-2015-IL1510092-42209,2015-07-24 00:00:00,IL-1510092,Ivan Liston,Consumer,New Zealand,Asia Pacific,Oceania,OFF-AR-3482,Office Supplies,Art,"Binney & Smith Highlighters, Easy-Erase",40.464,4,0.4,4.704000000000001
ES-2015-KD1661548-42186,2015-07-01 00:00:00,KD-1661548,Ken Dana,Corporate,Germany,Europe,Western Europe,OFF-BI-3733,Office Supplies,Binders,"Cardinal Hole Reinforcements, Clear",4.800000000000001,1,0,2.19
NI-2015-DO364595-42201,2015-07-16 00:00:00,DO-364595,Doug O'Connell,Consumer,Nigeria,Africa,Western Africa,OFF-EN-4904,Office Supplies,Envelopes,"Jiffy Business Envelopes, Security-Tint",4.788000000000001,1,0.7,-10.242
CA-2015-TC21295140-42200,2015-07-15 00:00:00,TC-212951404,Toby Carlisle,Consumer,United States,USCA,Western US,TEC-PH-4382,Technology,Phones,GE 30524EE4,470.3760000000001,3,0.2,52.917299999999955
CA-2015-TC21295140-42200,2015-07-15 00:00:00,TC-212951404,Toby Carlisle,Consumer,United States,USCA,Western US,FUR-FU-3954,Furniture,Furnishings,"Deflect-o RollaMat Studded, Beveled Mat for Medium Pile Carpeting",276.69,3,0,49.804199999999994
CA-2015-TC21295140-42200,2015-07-15 00:00:00,TC-212951404,Toby Carlisle,Consumer,United States,USCA,Western US,TEC-AC-6078,Technology,Accessories,Sony Micro Vault Click 8 GB USB 2.0 Flash Drive,140.97,3,0,19.735800000000005
CA-2015-TC21295140-42200,2015-07-15 00:00:00,TC-212951404,Toby Carlisle,Consumer,United States,USCA,Western US,OFF-AR-3542,Office Supplies,Art,"BOSTON Model 1800 Electric Pencil Sharpeners, Putty/Woodgrain",71.92,4,0,20.856799999999993
CA-2015-TC21295140-42200,2015-07-15 00:00:00,TC-212951404,Toby Carlisle,Consumer,United States,USCA,Western US,FUR-FU-4019,Furniture,Furnishings,"Eldon 200 Class Desk Accessories, Burgundy",18.84,3,0,7.912800000000001
CA-2015-TC21295140-42200,2015-07-15 00:00:00,TC-212951404,Toby Carlisle,Consumer,United States,USCA,Western US,OFF-FA-5460,Office Supplies,Fasteners,"OIC Binder Clips, Mini, 1/4"" Capacity, Black",4.96,4,0,2.3312
CA-2015-TC21295140-42200,2015-07-15 00:00:00,TC-212951404,Toby Carlisle,Consumer,United States,USCA,Western US,OFF-BI-2935,Office Supplies,Binders,Acco Suede Grain Vinyl Round Ring Binder,4.4479999999999995,2,0.2,1.4455999999999996
WA-2015-TB1152089-42190,2015-07-05 00:00:00,TB-1152089,Tracy Blumstein,Consumer,Namibia,Africa,Southern Africa,OFF-FA-6193,Office Supplies,Fasteners,"Stockwell Push Pins, 12 Pack",13.41,1,0,1.0499999999999998
ES-2015-AH1058591-42186,2015-07-01 00:00:00,AH-1058591,Angele Hood,Consumer,Netherlands,Europe,Western Europe,OFF-BI-6398,Office Supplies,Binders,"Wilson Jones Hole Reinforcements, Durable",9.045000000000002,3,0.5,-3.4650000000000016
ID-2015-EB1393059-42206,2015-07-21 00:00:00,EB-1393059,Eric Barreto,Consumer,Indonesia,Asia Pacific,Southeastern Asia,OFF-BI-4824,Office Supplies,Binders,"Ibico Hole Reinforcements, Durable",14.093399999999999,2,0.17,0.4733999999999998
ES-2015-GP1474064-42189,2015-07-04 00:00:00,GP-1474064,Guy Phonely,Corporate,Italy,Europe,Southern Europe,OFF-BI-6400,Office Supplies,Binders,"Wilson Jones Hole Reinforcements, Recycled",9.780000000000001,2,0,2.34
CA-2015-TS21430140-42197,2015-07-12 00:00:00,TS-214301404,Tom Stivers,Corporate,United States,USCA,Western US,TEC-PH-3383,Technology,Phones,Belkin iPhone and iPad Lightning Cable,71.952,6,0.2,5.396399999999996
CA-2015-TS21430140-42197,2015-07-12 00:00:00,TS-214301404,Tom Stivers,Corporate,United States,USCA,Western US,OFF-BI-2909,Office Supplies,Binders,"Acco Four Pocket Poly Ring Binder with Label Holder, Smoke, 1""",29.800000000000004,5,0.2,9.312499999999998
AG-2015-RD99303-42208,2015-07-23 00:00:00,RD-99303,Russell D'Ascenzo,Consumer,Algeria,Africa,North Africa,OFF-AR-3537,Office Supplies,Art,"Boston Markers, Blue",26.370000000000005,1,0,10.8
UP-2015-XP11865137-42209,2015-07-24 00:00:00,XP-11865137,Xylona Preis,Consumer,Ukraine,Europe,Eastern Europe,OFF-BI-6397,Office Supplies,Binders,"Wilson Jones Hole Reinforcements, Clear",3.99,1,0,0.42000000000000004
SA-2015-BF1275110-42197,2015-07-12 00:00:00,BF-1275110,Beth Fritzler,Corporate,Saudi Arabia,Asia Pacific,Western Asia,OFF-BI-3737,Office Supplies,Binders,"Cardinal Index Tab, Clear",7.26,1,0,2.52
IN-2015-BM11575102-42211,2015-07-26 00:00:00,BM-11575102,Brendan Murry,Corporate,Philippines,Asia Pacific,Southeastern Asia,OFF-LA-4540,Office Supplies,Labels,"Harbour Creations Legal Exhibit Labels, Laser Printer Compatible",12.045,2,0.45,-3.5549999999999997
CA-2015-TC21475140-42216,2015-07-31 00:00:00,TC-214751406,Tony Chapman,Home Office,United States,USCA,Eastern US,OFF-BI-4360,Office Supplies,Binders,GBC ProClick Punch Binding System,76.77600000000001,4,0.7,-53.74319999999997
CA-2015-TM21490140-42213,2015-07-28 00:00:00,TM-214901406,Tony Molinari,Consumer,United States,USCA,Eastern US,TEC-PH-5365,Technology,Phones,Nortel Networks T7316 E Nt8 B27,543.92,8,0,135.98000000000002
CA-2015-TM21490140-42213,2015-07-28 00:00:00,TM-214901406,Tony Molinari,Consumer,United States,USCA,Eastern US,FUR-FU-6299,Furniture,Furnishings,Tensor Computer Mounted Lamp,14.89,1,0,4.020300000000001
CA-2015-TS21505140-42189,2015-07-04 00:00:00,TS-215051406,Tony Sayre,Consumer,United States,USCA,Eastern US,FUR-FU-5160,Furniture,Furnishings,Luxo Professional Combination Clamp-On Lamps,102.3,1,0,26.598
CA-2015-TB21520140-42209,2015-07-24 00:00:00,TB-215201404,Tracy Blumstein,Consumer,United States,USCA,Western US,OFF-PA-6357,Office Supplies,Paper,Weyerhaeuser First Choice Laser/Copy Paper (20Lb. and 88 Bright),58.32000000000001,9,0,27.9936
CA-2015-TB21520140-42209,2015-07-24 00:00:00,TB-215201404,Tracy Blumstein,Consumer,United States,USCA,Western US,OFF-BI-3732,Office Supplies,Binders,"Cardinal HOLDit! Binder Insert Strips,Extra Strips",15.192,3,0.2,5.507099999999999
US-2015-SS208755-42204,2015-07-19 00:00:00,SS-208755,Sung Shariari,Consumer,Argentina,LATAM,South America,OFF-BI-3289,Office Supplies,Binders,"Avery Hole Reinforcements, Clear",8.514000000000001,11,0.7,-17.445999999999998
ES-2015-RF19735139-42188,2015-07-03 00:00:00,RF-19735139,Roland Fjeld,Consumer,United Kingdom,Europe,Northern Europe,OFF-AR-6113,Office Supplies,Art,"Stanley Highlighters, Water Color",89.39999999999999,5,0,30.300000000000004
ES-2015-DK1283534-42192,2015-07-07 00:00:00,DK-1283534,Damala Kotsonis,Corporate,Denmark,Europe,Northern Europe,OFF-FA-5477,Office Supplies,Fasteners,"OIC Rubber Bands, Bulk Pack",17.07,2,0.5,-3.09
MG-2015-DK289584-42210,2015-07-25 00:00:00,DK-289584,Dana Kaydos,Consumer,Mongolia,Asia Pacific,Eastern Asia,OFF-SU-4982,Office Supplies,Supplies,"Kleencut Ruler, High Speed",27.119999999999997,2,0,5.9399999999999995
ES-2015-SA208308-42201,2015-07-16 00:00:00,SA-208308,Sue Ann Reed,Consumer,Austria,Europe,Western Europe,OFF-BI-6402,Office Supplies,Binders,"Wilson Jones Index Tab, Clear",17.73,3,0,1.53
IN-2015-DR129407-42207,2015-07-22 00:00:00,DR-129407,Daniel Raglin,Home Office,Australia,Asia Pacific,Oceania,OFF-ST-4028,Office Supplies,Storage,"Eldon Box, Blue",18.467999999999996,2,0.1,4.9079999999999995
CA-2015-VM21685140-42202,2015-07-17 00:00:00,VM-216851402,Valerie Mitchum,Home Office,United States,USCA,Central US,OFF-AR-3852,Office Supplies,Art,"Crayola Anti Dust Chalk, 12/Pack",2.9120000000000004,2,0.2,0.9099999999999998
CA-2015-VF21715140-42194,2015-07-09 00:00:00,VF-217151404,Vicky Freymann,Home Office,United States,USCA,Western US,OFF-BI-4375,Office Supplies,Binders,GBC VeloBinder Manual Binding System,86.376,3,0.2,30.231600000000007
TU-2015-BB1545134-42216,2015-07-31 00:00:00,BB-1545134,Brenda Bowman,Corporate,Turkey,Asia Pacific,Western Asia,OFF-BI-3289,Office Supplies,Binders,"Avery Hole Reinforcements, Clear",1.548,1,0.6,-1.9620000000000002
CA-2015-VF21715140-42194,2015-07-09 00:00:00,VF-217151404,Vicky Freymann,Home Office,United States,USCA,Western US,OFF-AR-3853,Office Supplies,Art,Crayola Colored Pencils,13.12,4,0,4.329599999999999
CA-2015-VF21715140-42194,2015-07-09 00:00:00,VF-217151404,Vicky Freymann,Home Office,United States,USCA,Western US,FUR-FU-5170,Furniture,Furnishings,"Master Big Foot Doorstop, Beige",15.84,3,0,4.910399999999999
CA-2015-VF21715140-42194,2015-07-09 00:00:00,VF-217151404,Vicky Freymann,Home Office,United States,USCA,Western US,OFF-AR-6632,Office Supplies,Art,Zebra Zazzle Fluorescent Highlighters,18.240000000000002,3,0,6.201599999999999
CA-2015-VP21730140-42186,2015-07-01 00:00:00,VP-217301404,Victor Preis,Home Office,United States,USCA,Western US,OFF-BI-6322,Office Supplies,Binders,Tuf-Vin Binders,75.792,3,0.2,25.57979999999999
UZ-2015-NM8520142-42211,2015-07-26 00:00:00,NM-8520142,Neoma Murray,Consumer,Uzbekistan,Asia Pacific,Central Asia,OFF-ST-4253,Office Supplies,Storage,"Fellowes Box, Wire Frame",18.75,1,0,8.61
MX-2015-BT1153098-42215,2015-07-30 00:00:00,BT-1153098,Bradley Talbott,Home Office,Panama,LATAM,Central America,OFF-PA-3991,Office Supplies,Paper,"Eaton Computer Printout Paper, Multicolor",11.184000000000001,1,0.4,0.7439999999999983
CA-2015-VG21790140-42194,2015-07-09 00:00:00,VG-217901404,Vivek Gonzalez,Consumer,United States,USCA,Western US,OFF-LA-3204,Office Supplies,Labels,Avery 485,75.17999999999999,6,0,35.334599999999995
US-2015-VG21790140-42215,2015-07-30 00:00:00,VG-217901404,Vivek Gonzalez,Consumer,United States,USCA,Western US,FUR-BO-3652,Furniture,Bookcases,"Bush Westfield Collection Bookcases, Medium Cherry Finish",115.96,2,0,25.511200000000002
CA-2015-YS21880140-42189,2015-07-04 00:00:00,YS-218801408,Yana Sorensen,Corporate,United States,USCA,Southern US,OFF-AR-2874,Office Supplies,Art,4009 Highlighters by Sanford,9.552,3,0.2,1.5521999999999991
MX-2015-SA2083082-42190,2015-07-05 00:00:00,SA-2083082,Sue Ann Reed,Consumer,Mexico,LATAM,Central America,OFF-LA-3316,Office Supplies,Labels,"Avery Round Labels, Alphabetical",18.56,4,0,2.4
ES-2015-HZ149508-42192,2015-07-07 00:00:00,HZ-149508,Henia Zydlo,Consumer,Austria,Europe,Western Europe,OFF-ST-6023,Office Supplies,Storage,"Smead Box, Blue",21.54,2,0,0
ID-2015-JE1561097-42193,2015-07-08 00:00:00,JE-1561097,Jim Epp,Corporate,Pakistan,Asia Pacific,Southern Asia,OFF-PA-4471,Office Supplies,Paper,"Green Bar Memo Slips, Multicolor",18.36,2,0.5,-13.26
