Order ID,Order Date,Customer ID,Customer Name,Segment,Country,Market,Region,Product ID,Category,Sub-Category,Product Name,Sales,Quantity,Discount,Profit
IN-2015-AP1091527-42244,2015-08-28 00:00:00,AP-1091527,Arthur Prichep,Consumer,China,Asia Pacific,Eastern Asia,FUR-CH-5380,Furniture,Chairs,"Novimex Executive Leather Armchair, Red",2761.2,6,0,110.34
IN-2015-MW182207-42221,2015-08-05 00:00:00,MW-182207,Mitch Webber,Consumer,Australia,Asia Pacific,Oceania,OFF-AP-3577,Office Supplies,Appliances,"Breville Refrigerator, White",4191.507,9,0.1,1164.2669999999998
ES-2015-MS1798048-42227,2015-08-11 00:00:00,MS-1798048,Michael Stewart,Corporate,Germany,Europe,Western Europe,TEC-PH-5839,Technology,Phones,"Samsung Smart Phone, Cordless",4473.000000000001,7,0,313.11
IN-2015-LA1678059-42242,2015-08-26 00:00:00,LA-1678059,Laura Armstrong,Corporate,Indonesia,Asia Pacific,Southeastern Asia,FUR-TA-3422,Furniture,Tables,"Bevis Conference Table, with Bottom Storage",3427.1495999999997,7,0.47000000000000003,-452.81039999999985
CA-2015-AS10045140-42218,2015-08-02 00:00:00,AS-100451402,Aaron Smayling,Corporate,United States,USCA,Central US,TEC-MA-3329,Technology,Machines,Bady BDG101FRU Card Printer,1439.982,3,0.4,-263.99670000000026
CA-2015-AS10045140-42218,2015-08-02 00:00:00,AS-100451402,Aaron Smayling,Corporate,United States,USCA,Central US,OFF-PA-6557,Office Supplies,Paper,Xerox 1998,36.28800000000001,7,0.2,12.700800000000001
ES-2015-RA1994545-42218,2015-08-02 00:00:00,RA-1994545,Ryan Akin,Consumer,France,Europe,Western Europe,FUR-BO-3624,Furniture,Bookcases,"Bush Classic Bookcase, Metal",1112.778,3,0.1,296.6580000000001
SA-2015-LC7050110-42236,2015-08-20 00:00:00,LC-7050110,Liz Carlisle,Consumer,Saudi Arabia,Asia Pacific,Western Asia,TEC-PH-3806,Technology,Phones,"Cisco Smart Phone, Full Size",5211.12,8,0,1146.24
ES-2015-EH1412545-42245,2015-08-29 00:00:00,EH-1412545,Eugene Hildebrand,Home Office,France,Europe,Western Europe,TEC-PH-3148,Technology,Phones,"Apple Smart Phone, Full Size",4876.875,9,0.15,745.875
RS-2015-CR2625108-42230,2015-08-14 00:00:00,CR-2625108,Corey Roper,Home Office,Russia,Europe,Eastern Europe,FUR-BO-5950,Furniture,Bookcases,"Sauder Classic Bookcase, Pine",3498.7200000000003,8,0,594.72
MX-2015-CC1210082-42245,2015-08-29 00:00:00,CC-1210082,Chad Cunningham,Home Office,Mexico,LATAM,Central America,TEC-PH-5268,Technology,Phones,"Motorola Smart Phone, Full Size",2142.3,5,0,556.9
IN-2015-CM1193527-42244,2015-08-28 00:00:00,CM-1193527,Carlos Meador,Consumer,China,Asia Pacific,Eastern Asia,OFF-AP-3578,Office Supplies,Appliances,"Breville Stove, Black",1682.91,3,0,487.98
IT-2015-CA1231045-42223,2015-08-07 00:00:00,CA-1231045,Christine Abelman,Corporate,France,Europe,Western Europe,TEC-PH-5355,Technology,Phones,"Nokia Smart Phone, Full Size",1625.2425000000003,3,0.15,-76.5675
IN-2015-AF1088558-42222,2015-08-06 00:00:00,AF-1088558,Art Foster,Consumer,India,Asia Pacific,Southern Asia,TEC-PH-3148,Technology,Phones,"Apple Smart Phone, Full Size",2550,4,0,280.44
HU-2015-SH997557-42239,2015-08-23 00:00:00,SH-997557,Sally Hughsby,Corporate,Hungary,Europe,Eastern Europe,TEC-AC-5226,Technology,Accessories,"Memorex Router, USB",3449.88,14,0,275.94
MW-2015-TS1143085-42220,2015-08-04 00:00:00,TS-1143085,Tom Stivers,Corporate,Montenegro,Europe,Southern Europe,OFF-AP-3874,Office Supplies,Appliances,"Cuisinart Stove, Silver",3234.24,6,0,970.1999999999999
IN-2015-JS1603097-42223,2015-08-07 00:00:00,JS-1603097,Joy Smith,Consumer,Pakistan,Asia Pacific,Southern Asia,FUR-CH-5775,Furniture,Chairs,"SAFCO Executive Leather Armchair, Red",2584.008,7,0.2,290.5980000000002
CA-2015-AB10105140-42220,2015-08-04 00:00:00,AB-101051402,Adrian Barton,Consumer,United States,USCA,Central US,TEC-AC-4936,Technology,Accessories,Kensington K72356US Mouse-in-a-Box USB Desktop Mouse,39.816,3,0.2,7.465499999999999
ES-2015-SK1999045-42222,2015-08-06 00:00:00,SK-1999045,Sally Knutson,Consumer,France,Europe,Western Europe,TEC-AC-5896,Technology,Accessories,"SanDisk Router, Programmable",1547.1,6,0,340.2
CA-2015-AH10120140-42234,2015-08-18 00:00:00,AH-101201408,Adrian Hane,Home Office,United States,USCA,Southern US,TEC-AC-5097,Technology,Accessories,Logitech Desktop MK120 Mouse and keyboard Combo,98.16,6,0,9.815999999999995
CA-2015-AH10120140-42234,2015-08-18 00:00:00,AH-101201408,Adrian Hane,Home Office,United States,USCA,Southern US,OFF-BI-4358,Office Supplies,Binders,GBC Prestige Therm-A-Bind Covers,102.93,3,0,48.377100000000006
ES-2015-ME17320139-42227,2015-08-11 00:00:00,ME-17320139,Maria Etezadi,Home Office,United Kingdom,Europe,Northern Europe,FUR-TA-5055,Furniture,Tables,"Lesro Computer Table, Fully Assembled",856.6800000000001,2,0,274.08
ES-2015-CM12235139-42221,2015-08-05 00:00:00,CM-12235139,Chris McAfee,Consumer,United Kingdom,Europe,Northern Europe,TEC-PH-3800,Technology,Phones,"Cisco Signal Booster, Cordless",1237.44,8,0,74.16
CG-2015-DK337533-42228,2015-08-12 00:00:00,DK-337533,Dennis Kane,Consumer,Democratic Republic of the Congo,Africa,Central Africa,TEC-MA-6149,Technology,Machines,"StarTech Printer, White",1018.3200000000002,4,0,183.24
ES-2015-RW1954096-42222,2015-08-06 00:00:00,RW-1954096,Rick Wilson,Corporate,Norway,Europe,Northern Europe,TEC-CO-3596,Technology,Copiers,"Brother Fax Machine, Digital",1590.9,5,0,508.94999999999993
ID-2015-BE114557-42242,2015-08-26 00:00:00,BE-114557,Brad Eason,Home Office,Australia,Asia Pacific,Oceania,FUR-CH-4656,Furniture,Chairs,"Hon Executive Leather Armchair, Red",1653.8039999999994,6,0.4,-689.2559999999999
MX-2015-SB2018518-42245,2015-08-29 00:00:00,SB-2018518,Sarah Brown,Consumer,Brazil,LATAM,South America,OFF-AP-4966,Office Supplies,Appliances,"KitchenAid Stove, Silver",3044.8,8,0,91.2
ID-2015-HG1496597-42230,2015-08-14 00:00:00,HG-1496597,Henry Goldwyn,Corporate,Pakistan,Asia Pacific,Southern Asia,OFF-AP-4960,Office Supplies,Appliances,"KitchenAid Refrigerator, Black",1582.1100000000001,6,0.5,-886.0500000000001
CG-2015-MH744033-42218,2015-08-02 00:00:00,MH-744033,Mark Haberlin,Corporate,Democratic Republic of the Congo,Africa,Central Africa,FUR-BO-5763,Furniture,Bookcases,"Safco Classic Bookcase, Traditional",1752.6000000000001,4,0,455.64
CA-2015-AH10195140-42241,2015-08-25 00:00:00,AH-101951406,Alan Haines,Corporate,United States,USCA,Eastern US,OFF-BI-3983,Office Supplies,Binders,DXL Angle-View Binders with Locking Rings by Samsill,24.672,4,0.2,7.71
CA-2015-AH10195140-42241,2015-08-25 00:00:00,AH-101951406,Alan Haines,Corporate,United States,USCA,Eastern US,OFF-BI-2936,Office Supplies,Binders,Acco Translucent Poly Ring Binders,3.7439999999999998,1,0.2,1.3104
IN-2015-AP1091527-42244,2015-08-28 00:00:00,AP-1091527,Arthur Prichep,Consumer,China,Asia Pacific,Eastern Asia,TEC-CO-4591,Technology,Copiers,"Hewlett Wireless Fax, Digital",759.66,2,0,311.46
IT-2015-JL1585048-42230,2015-08-14 00:00:00,JL-1585048,John Lucas,Consumer,Germany,Europe,Western Europe,TEC-CO-3710,Technology,Copiers,"Canon Wireless Fax, Laser",757.32,2,0,371.04
MX-2015-JK1562539-42245,2015-08-29 00:00:00,JK-1562539,Jim Karlsson,Consumer,El Salvador,LATAM,Central America,OFF-AP-3872,Office Supplies,Appliances,"Cuisinart Stove, Black",1075.44,3,0,182.82
ES-2015-KA1652548-42231,2015-08-15 00:00:00,KA-1652548,Kelly Andreada,Consumer,Germany,Europe,Western Europe,TEC-PH-3806,Technology,Phones,"Cisco Smart Phone, Full Size",3256.95,5,0,716.4
MO-2015-EM420086-42218,2015-08-02 00:00:00,EM-420086,Evan Minnotte,Home Office,Morocco,Africa,North Africa,FUR-BO-4848,Furniture,Bookcases,"Ikea Classic Bookcase, Metal",822.42,2,0,156.24
MX-2015-DK1298518-42217,2015-08-01 00:00:00,DK-1298518,Darren Koutras,Consumer,Brazil,LATAM,South America,TEC-MA-4206,Technology,Machines,"Epson Printer, Red",865.9,5,0,129.8
IN-2015-GM144551-42217,2015-08-01 00:00:00,GM-144551,Gary Mitchum,Home Office,Afghanistan,Asia Pacific,Southern Asia,FUR-BO-3626,Furniture,Bookcases,"Bush Classic Bookcase, Pine",2070.1499999999996,5,0,848.7
ID-2015-BV1124527-42232,2015-08-16 00:00:00,BV-1124527,Benjamin Venier,Corporate,China,Asia Pacific,Eastern Asia,FUR-CH-4530,Furniture,Chairs,"Harbour Creations Executive Leather Armchair, Adjustable",1904.3999999999999,4,0,418.91999999999996
IN-2015-NR1855027-42239,2015-08-23 00:00:00,NR-1855027,Nick Radford,Consumer,China,Asia Pacific,Eastern Asia,TEC-MA-4199,Technology,Machines,"Epson Inkjet, Wireless",616.44,2,0,265.02
ES-2015-FH14275139-42229,2015-08-13 00:00:00,FH-14275139,Frank Hawley,Corporate,United Kingdom,Europe,Northern Europe,TEC-AC-4165,Technology,Accessories,"Enermax Memory Card, Programmable",811.2299999999999,7,0,153.93
MX-2015-PB1910528-42231,2015-08-15 00:00:00,PB-1910528,Peter Bühler,Consumer,Colombia,LATAM,South America,TEC-AC-5136,Technology,Accessories,"Logitech Router, Programmable",1161.16,7,0,452.75999999999993
ES-2015-RA1991564-42245,2015-08-29 00:00:00,RA-1991564,Russell Applegate,Consumer,Italy,Europe,Southern Europe,FUR-BO-3635,Furniture,Bookcases,"Bush Floating Shelf Set, Mobile",1216.53,7,0,304.08
ID-2015-SG2089059-42217,2015-08-01 00:00:00,SG-2089059,Susan Gilcrest,Corporate,Indonesia,Asia Pacific,Southeastern Asia,TEC-PH-3807,Technology,Phones,"Cisco Smart Phone, with Caller ID",2172.0768,4,0.17,628.0368000000001
IN-2015-HD1478527-42240,2015-08-24 00:00:00,HD-1478527,Harold Dahlen,Home Office,China,Asia Pacific,Eastern Asia,TEC-CO-4568,Technology,Copiers,"Hewlett Copy Machine, Color",785.61,3,0,157.04999999999998
IT-2015-ME1801045-42222,2015-08-06 00:00:00,ME-1801045,Michelle Ellison,Corporate,France,Europe,Western Europe,FUR-TA-3351,Furniture,Tables,"Barricks Round Table, with Bottom Storage",1629.9075000000003,5,0.35,-802.4925000000001
ES-2015-FA14230139-42223,2015-08-07 00:00:00,FA-14230139,Frank Atkinson,Corporate,United Kingdom,Europe,Northern Europe,FUR-BO-5941,Furniture,Bookcases,"Sauder 3-Shelf Cabinet, Mobile",1218.2400000000002,8,0.1,419.52
US-2015-AR10405140-42244,2015-08-28 00:00:00,AR-104051406,Allen Rosenblatt,Corporate,United States,USCA,Eastern US,FUR-TA-5421,Furniture,Tables,"Office Impressions End Table, 20-1/2""H x 24""W x 20""D",1488.4239999999998,7,0.3,-297.6847999999998
ES-2015-LW16825139-42218,2015-08-02 00:00:00,LW-16825139,Laurel Workman,Corporate,United Kingdom,Europe,Northern Europe,TEC-MA-5007,Technology,Machines,"Konica Inkjet, White",1863.5400000000002,6,0,708.1200000000001
IN-2015-HK1489059-42244,2015-08-28 00:00:00,HK-1489059,Heather Kirkland,Corporate,Indonesia,Asia Pacific,Southeastern Asia,TEC-CO-5998,Technology,Copiers,"Sharp Fax Machine, Digital",823.8590999999999,3,0.07,97.37910000000001
ES-2015-LR1691545-42237,2015-08-21 00:00:00,LR-1691545,Lena Radford,Consumer,France,Europe,Western Europe,TEC-CO-4580,Technology,Copiers,"Hewlett Ink, Digital",630.3599999999999,5,0.15,222.36000000000004
MX-2015-AH1046582-42223,2015-08-07 00:00:00,AH-1046582,Amy Hunt,Consumer,Mexico,LATAM,Central America,TEC-CO-3687,Technology,Copiers,"Canon Fax Machine, Digital",1692.7676799999997,8,0.002,166.20768
ES-2015-MC18100120-42246,2015-08-30 00:00:00,MC-18100120,Mick Crebagga,Consumer,Spain,Europe,Southern Europe,FUR-BO-3905,Furniture,Bookcases,"Dania Stackable Bookrack, Mobile",729.5399999999998,6,0,320.93999999999994
ES-2015-GZ1454545-42229,2015-08-13 00:00:00,GZ-1454545,George Zrebassa,Corporate,France,Europe,Western Europe,OFF-AP-4966,Office Supplies,Appliances,"KitchenAid Stove, Silver",1541.4300000000003,3,0.1,445.22999999999996
IT-2015-CM1244545-42235,2015-08-19 00:00:00,CM-1244545,Chuck Magee,Consumer,France,Europe,Western Europe,TEC-PH-5839,Technology,Phones,"Samsung Smart Phone, Cordless",1629.4500000000003,3,0.15,-153.36
US-2015-DK1283582-42223,2015-08-07 00:00:00,DK-1283582,Damala Kotsonis,Corporate,Mexico,LATAM,Central America,FUR-BO-3628,Furniture,Bookcases,"Bush Corner Shelving, Metal",592.5600000000001,9,0.2,-52.02000000000002
MX-2015-BV1124528-42245,2015-08-29 00:00:00,BV-1124528,Benjamin Venier,Corporate,Colombia,LATAM,South America,FUR-TA-3765,Furniture,Tables,"Chromcraft Conference Table, Rectangular",2320.6400000000003,5,0.2,-203.06000000000003
SF-2015-CC2685117-42238,2015-08-22 00:00:00,CC-2685117,Craig Carroll,Consumer,South Africa,Africa,Southern Africa,FUR-TA-3421,Furniture,Tables,"Bevis Conference Table, Rectangular",1842.6599999999999,2,0,884.46
IN-2015-AJ1078058-42245,2015-08-29 00:00:00,AJ-1078058,Anthony Jacobs,Corporate,India,Asia Pacific,Southern Asia,FUR-BO-5951,Furniture,Bookcases,"Sauder Classic Bookcase, Traditional",871.98,2,0,322.62
ES-2015-DV1304545-42221,2015-08-05 00:00:00,DV-1304545,Darrin Van Huff,Corporate,France,Europe,Western Europe,FUR-CH-4684,Furniture,Chairs,"Hon Rocking Chair, Set of Two",1076.247,9,0.1,227.09699999999992
ES-2015-CS12175139-42235,2015-08-19 00:00:00,CS-12175139,Charles Sheldon,Corporate,United Kingdom,Europe,Northern Europe,OFF-AP-4737,Office Supplies,Appliances,"Hoover Refrigerator, Silver",1054.02,2,0,337.26
ES-2015-HJ1487545-42227,2015-08-11 00:00:00,HJ-1487545,Heather Jas,Home Office,France,Europe,Western Europe,OFF-AP-4507,Office Supplies,Appliances,"Hamilton Beach Stove, Silver",1955.1240000000003,4,0.1,608.244
IN-2015-NP1868588-42242,2015-08-26 00:00:00,NP-1868588,Nora Pelletier,Home Office,Myanmar (Burma),Asia Pacific,Southeastern Asia,FUR-CH-4654,Furniture,Chairs,"Hon Executive Leather Armchair, Adjustable",1006.5896999999998,3,0.27,-110.40029999999996
IT-2015-KD1634545-42238,2015-08-22 00:00:00,KD-1634545,Katherine Ducich,Consumer,France,Europe,Western Europe,FUR-FU-5728,Furniture,Furnishings,"Rubbermaid Frame, Duo Pack",879.6000000000001,8,0,96.72
IT-2015-JS15880120-42224,2015-08-08 00:00:00,JS-15880120,John Stevenson,Consumer,Spain,Europe,Southern Europe,FUR-CH-4656,Furniture,Chairs,"Hon Executive Leather Armchair, Red",1102.5359999999998,3,0.2,-275.63399999999996
IZ-2015-DW348061-42238,2015-08-22 00:00:00,DW-348061,Dianna Wilson,Home Office,Iraq,Asia Pacific,Western Asia,FUR-CH-4703,Furniture,Chairs,"Hon Swivel Stool, Red",654.6,4,0,98.16
IN-2015-RB1970527-42236,2015-08-20 00:00:00,RB-1970527,Roger Barcio,Home Office,China,Asia Pacific,Eastern Asia,TEC-PH-5841,Technology,Phones,"Samsung Smart Phone, VoIP",2544.96,4,0,1068.84
ID-2015-BV1124527-42232,2015-08-16 00:00:00,BV-1124527,Benjamin Venier,Corporate,China,Asia Pacific,Eastern Asia,FUR-TA-4642,Furniture,Tables,"Hon Computer Table, Adjustable Height",1028.6009999999999,3,0.3,-220.41899999999995
ES-2015-JL1523545-42239,2015-08-23 00:00:00,JL-1523545,Janet Lee,Consumer,France,Europe,Western Europe,TEC-CO-5993,Technology,Copiers,"Sharp Fax and Copier, Color",578.136,4,0.15,231.216
IT-2015-KD1634545-42238,2015-08-22 00:00:00,KD-1634545,Katherine Ducich,Consumer,France,Europe,Western Europe,TEC-CO-4578,Technology,Copiers,"Hewlett Fax Machine, Laser",815.796,3,0.15,-95.994
ID-2015-FH14365102-42245,2015-08-29 00:00:00,FH-14365102,Fred Hopkins,Corporate,Philippines,Asia Pacific,Southeastern Asia,OFF-AP-3573,Office Supplies,Appliances,"Breville Microwave, White",1274.3625,5,0.15000000000000002,314.81250000000006
ES-2015-SS20590139-42220,2015-08-04 00:00:00,SS-20590139,Sonia Sunley,Consumer,United Kingdom,Europe,Northern Europe,OFF-ST-6262,Office Supplies,Storage,"Tenex Lockers, Industrial",613.89,3,0,171.81
IN-2015-SC2038027-42229,2015-08-13 00:00:00,SC-2038027,Shahid Collister,Consumer,China,Asia Pacific,Eastern Asia,TEC-CO-4766,Technology,Copiers,"HP Copy Machine, High-Speed",1218.45,5,0,268.05
CG-2015-GZ447033-42220,2015-08-04 00:00:00,GZ-447033,Gary Zandusky,Consumer,Democratic Republic of the Congo,Africa,Central Africa,FUR-BO-5962,Furniture,Bookcases,"Sauder Floating Shelf Set, Traditional",1167.48,6,0,431.82
MX-2015-AB1025531-42229,2015-08-13 00:00:00,AB-1025531,Alejandro Ballentine,Home Office,Cuba,LATAM,Caribbean,OFF-AP-3579,Office Supplies,Appliances,"Breville Stove, Red",1497.44,4,0,299.44
MX-2015-SW2075528-42224,2015-08-08 00:00:00,SW-2075528,Steven Ward,Corporate,Colombia,LATAM,South America,FUR-BO-5943,Furniture,Bookcases,"Sauder 3-Shelf Cabinet, Traditional",555.6,5,0,177.7
IT-2015-LW1699064-42238,2015-08-22 00:00:00,LW-1699064,Lindsay Williams,Corporate,Italy,Europe,Southern Europe,TEC-PH-3148,Technology,Phones,"Apple Smart Phone, Full Size",765,2,0.4,-153
ES-2015-MG17875139-42244,2015-08-28 00:00:00,MG-17875139,Michael Grace,Home Office,United Kingdom,Europe,Northern Europe,TEC-PH-3785,Technology,Phones,"Cisco Audio Dock, Full Size",1100.1599999999999,6,0,164.88
ES-2015-PT1909048-42223,2015-08-07 00:00:00,PT-1909048,Pete Takahito,Consumer,Germany,Europe,Western Europe,TEC-PH-5271,Technology,Phones,"Motorola Speaker Phone, Full Size",655.3499999999999,5,0,72
ES-2015-JW1595545-42228,2015-08-12 00:00:00,JW-1595545,Joni Wasserman,Consumer,France,Europe,Western Europe,TEC-AC-3397,Technology,Accessories,"Belkin Numeric Keypad, Erganomic",414.75,7,0,8.19
ES-2015-KA1652564-42236,2015-08-20 00:00:00,KA-1652564,Kelly Andreada,Consumer,Italy,Europe,Southern Europe,FUR-FU-4067,Furniture,Furnishings,"Eldon Frame, Erganomic",689.22,6,0,96.48000000000002
ES-2015-JC15385120-42230,2015-08-14 00:00:00,JC-15385120,Jenna Caffey,Consumer,Spain,Europe,Southern Europe,TEC-CO-6011,Technology,Copiers,"Sharp Wireless Fax, High-Speed",2124.7200000000003,6,0,233.64
IT-2015-VG2179064-42218,2015-08-02 00:00:00,VG-2179064,Vivek Gonzalez,Consumer,Italy,Europe,Southern Europe,TEC-PH-3807,Technology,Phones,"Cisco Smart Phone, with Caller ID",785.088,2,0.4,52.30799999999999
IN-2015-AT1043559-42243,2015-08-27 00:00:00,AT-1043559,Alyssa Tate,Home Office,Indonesia,Asia Pacific,Southeastern Asia,TEC-CO-4791,Technology,Copiers,"HP Wireless Fax, High-Speed",999.9638999999999,3,0.07,268.8039
ID-2015-CC12370118-42225,2015-08-09 00:00:00,CC-12370118,Christopher Conant,Consumer,South Korea,Asia Pacific,Eastern Asia,TEC-PH-5267,Technology,Phones,"Motorola Smart Phone, Cordless",964.17,3,0.5,-887.04
IN-2015-CM1211527-42235,2015-08-19 00:00:00,CM-1211527,Chad McGuire,Consumer,China,Asia Pacific,Eastern Asia,TEC-CO-4766,Technology,Copiers,"HP Copy Machine, High-Speed",487.38,2,0,107.22
ES-2015-IM1507045-42234,2015-08-18 00:00:00,IM-1507045,Irene Maddox,Consumer,France,Europe,Western Europe,OFF-ST-6247,Office Supplies,Storage,"Tenex File Cart, Industrial",362.151,3,0.1,36.17099999999999
IN-2015-SR2042566-42244,2015-08-28 00:00:00,SR-2042566,Sharelle Roach,Home Office,Japan,Asia Pacific,Eastern Asia,TEC-MA-4196,Technology,Machines,"Epson Card Printer, Wireless",849.75,5,0,203.84999999999997
IT-2015-DB1291064-42223,2015-08-07 00:00:00,DB-1291064,Daniel Byrd,Home Office,Italy,Europe,Southern Europe,OFF-AP-4964,Office Supplies,Appliances,"KitchenAid Stove, Black",1708.7400000000002,3,0,563.8499999999999
ES-2015-JK1564045-42218,2015-08-02 00:00:00,JK-1564045,Jim Kriz,Home Office,France,Europe,Western Europe,TEC-CO-5991,Technology,Copiers,"Sharp Copy Machine, High-Speed",610.4699999999999,3,0.15,208.26000000000002
UP-2015-LH7155137-42242,2015-08-26 00:00:00,LH-7155137,Logan Haushalter,Consumer,Ukraine,Europe,Eastern Europe,TEC-PH-5846,Technology,Phones,"Samsung Speaker Phone, with Caller ID",246.48,2,0,14.76
IN-2015-MC1727588-42241,2015-08-25 00:00:00,MC-1727588,Marc Crier,Consumer,Myanmar (Burma),Asia Pacific,Southeastern Asia,TEC-PH-5836,Technology,Phones,"Samsung Signal Booster, Full Size",457.7616,4,0.17,-82.83840000000001
MX-2015-DO1343536-42224,2015-08-08 00:00:00,DO-1343536,Denny Ordway,Consumer,Dominican Republic,LATAM,Caribbean,FUR-BO-5763,Furniture,Bookcases,"Safco Classic Bookcase, Traditional",876.3,5,0.4,14.6
IT-2015-DB1327091-42244,2015-08-28 00:00:00,DB-1327091,Deborah Brumfield,Home Office,Netherlands,Europe,Western Europe,FUR-BO-4867,Furniture,Bookcases,"Ikea Stackable Bookrack, Traditional",490.32,8,0.5,-127.68
MR-2015-CM219081-42217,2015-08-01 00:00:00,CM-219081,Charlotte Melton,Consumer,Mauritania,Africa,Western Africa,OFF-ST-6047,Office Supplies,Storage,"Smead Lockers, Industrial",795.5999999999999,4,0,222.71999999999997
IR-2015-AR57060-42217,2015-08-01 00:00:00,AR-57060,Anemone Ratner,Consumer,Iran,Asia Pacific,Southern Asia,TEC-AC-5894,Technology,Accessories,"SanDisk Router, Bluetooth",512.6999999999999,2,0,199.92000000000002
IN-2015-LH1675092-42218,2015-08-02 00:00:00,LH-1675092,Larry Hughes,Consumer,New Zealand,Asia Pacific,Oceania,TEC-AC-5122,Technology,Accessories,"Logitech Memory Card, Erganomic",242.856,4,0.4,-137.664
IN-2015-JO1528058-42242,2015-08-26 00:00:00,JO-1528058,Jas O'Carroll,Consumer,India,Asia Pacific,Southern Asia,TEC-AC-5122,Technology,Accessories,"Logitech Memory Card, Erganomic",607.14,6,0,36.36
IN-2015-NC1862592-42242,2015-08-26 00:00:00,NC-1862592,Noah Childs,Corporate,New Zealand,Asia Pacific,Oceania,OFF-AR-3475,Office Supplies,Art,"Binney & Smith Canvas, Blue",410.87999999999994,8,0,12.24
US-2015-CS1249082-42238,2015-08-22 00:00:00,CS-1249082,Cindy Schnelling,Corporate,Mexico,LATAM,Central America,FUR-BO-5967,Furniture,Bookcases,"Sauder Library with Doors, Mobile",624.24,3,0.2,31.200000000000024
IN-2015-AT1043559-42243,2015-08-27 00:00:00,AT-1043559,Alyssa Tate,Home Office,Indonesia,Asia Pacific,Southeastern Asia,TEC-CO-4578,Technology,Copiers,"Hewlett Fax Machine, Laser",892.5768,3,0.07,393.4368
IN-2015-CM121607-42221,2015-08-05 00:00:00,CM-121607,Charles McCrossin,Consumer,Australia,Asia Pacific,Oceania,TEC-CO-3695,Technology,Copiers,"Canon Ink, Digital",528.444,4,0.1,88.04399999999998
MO-2015-RB933086-42220,2015-08-04 00:00:00,RB-933086,Randy Bradley,Consumer,Morocco,Africa,North Africa,FUR-TA-3766,Furniture,Tables,"Chromcraft Conference Table, with Bottom Storage",1745.34,2,0,122.16
CA-2015-AT10735140-42218,2015-08-02 00:00:00,AT-107351402,Annie Thurman,Consumer,United States,USCA,Central US,TEC-PH-4900,Technology,Phones,JBL Micro Wireless Portable Bluetooth Speaker,95.98400000000001,2,0.2,5.999000000000002
IT-2015-TT2146064-42230,2015-08-14 00:00:00,TT-2146064,Tonja Turnell,Home Office,Italy,Europe,Southern Europe,TEC-MA-5008,Technology,Machines,"Konica Inkjet, Wireless",1316.4479999999999,7,0.4,-526.722
SF-2015-JL5175117-42245,2015-08-29 00:00:00,JL-5175117,James Lanier,Home Office,South Africa,Africa,Southern Africa,TEC-CO-3596,Technology,Copiers,"Brother Fax Machine, Digital",636.36,2,0,203.57999999999998
ES-2015-AA10315139-42220,2015-08-04 00:00:00,AA-10315139,Alex Avila,Consumer,United Kingdom,Europe,Northern Europe,TEC-PH-5813,Technology,Phones,"Samsung Audio Dock, Full Size",504.36,3,0,65.52
IN-2015-GM1445527-42227,2015-08-11 00:00:00,GM-1445527,Gary Mitchum,Home Office,China,Asia Pacific,Eastern Asia,TEC-PH-5270,Technology,Phones,"Motorola Speaker Phone, Cordless",397.89,3,0,19.89
IT-2015-KD1661562-42237,2015-08-21 00:00:00,KD-1661562,Ken Dana,Corporate,Ireland,Europe,Northern Europe,FUR-CH-5452,Furniture,Chairs,"Office Star Steel Folding Chair, Red",412.69500000000005,9,0.5,-313.87500000000006
ES-2015-RA1928548-42224,2015-08-08 00:00:00,RA-1928548,Ralph Arnett,Consumer,Germany,Europe,Western Europe,TEC-AC-5896,Technology,Accessories,"SanDisk Router, Programmable",773.55,3,0,170.1
IN-2015-AH106907-42224,2015-08-08 00:00:00,AH-106907,Anna Häberlin,Corporate,Australia,Asia Pacific,Oceania,TEC-CO-4581,Technology,Copiers,"Hewlett Ink, High-Speed",264.384,2,0.1,-23.556
ID-2015-DJ13630130-42221,2015-08-05 00:00:00,DJ-13630130,Doug Jacobs,Consumer,Thailand,Asia Pacific,Southeastern Asia,FUR-TA-5062,Furniture,Tables,"Lesro Round Table, Adjustable Height",781.2239999999999,4,0.5700000000000001,-599.6160000000002
HU-2015-SH997557-42239,2015-08-23 00:00:00,SH-997557,Sally Hughsby,Corporate,Hungary,Europe,Eastern Europe,TEC-MA-4198,Technology,Machines,"Epson Inkjet, White",1221.48,4,0,342
IN-2015-MP18175118-42236,2015-08-20 00:00:00,MP-18175118,Mike Pelletier,Home Office,South Korea,Asia Pacific,Eastern Asia,TEC-PH-3148,Technology,Phones,"Apple Smart Phone, Full Size",1272.42,4,0.5,-1094.3400000000001
ES-2015-MF17665139-42238,2015-08-22 00:00:00,MF-17665139,Maureen Fritzler,Corporate,United Kingdom,Europe,Northern Europe,OFF-ST-4268,Office Supplies,Storage,"Fellowes Lockers, Single Width",1244.1599999999999,6,0,211.5
ES-2015-AA10315139-42220,2015-08-04 00:00:00,AA-10315139,Alex Avila,Consumer,United Kingdom,Europe,Northern Europe,TEC-PH-5358,Technology,Phones,"Nokia Speaker Phone, Full Size",622.2,5,0,124.35
ES-2015-SS20590139-42220,2015-08-04 00:00:00,SS-20590139,Sonia Sunley,Consumer,United Kingdom,Europe,Northern Europe,OFF-AP-4733,Office Supplies,Appliances,"Hoover Microwave, White",1533.8999999999999,5,0,414.15
IN-2015-PT1909027-42245,2015-08-29 00:00:00,PT-1909027,Pete Takahito,Consumer,China,Asia Pacific,Eastern Asia,FUR-CH-5448,Furniture,Chairs,"Office Star Rocking Chair, Red",986.37,7,0,108.36
IZ-2015-PF916561-42244,2015-08-28 00:00:00,PF-916561,Philip Fox,Consumer,Iraq,Asia Pacific,Western Asia,TEC-CO-4766,Technology,Copiers,"HP Copy Machine, High-Speed",243.69,1,0,41.400000000000006
IT-2015-KH1669096-42220,2015-08-04 00:00:00,KH-1669096,Kristen Hastings,Corporate,Norway,Europe,Northern Europe,FUR-CH-4704,Furniture,Chairs,"Hon Swivel Stool, Set of Two",1327.2,8,0,318.48
ES-2015-RD1972048-42229,2015-08-13 00:00:00,RD-1972048,Roger Demir,Consumer,Germany,Europe,Western Europe,OFF-ST-4078,Office Supplies,Storage,"Eldon Lockers, Blue",890.595,5,0.1,-0.10500000000000398
US-2015-SC206955-42237,2015-08-21 00:00:00,SC-206955,Steve Chapman,Corporate,Argentina,LATAM,South America,OFF-ST-4079,Office Supplies,Storage,"Eldon Lockers, Industrial",634.848,8,0.4,-74.112
MO-2015-TC1114586-42221,2015-08-05 00:00:00,TC-1114586,Theresa Coyne,Corporate,Morocco,Africa,North Africa,OFF-SU-4135,Office Supplies,Supplies,"Elite Trimmer, Easy Grip",259.74,6,0,122.03999999999999
IN-2015-GM1445527-42227,2015-08-11 00:00:00,GM-1445527,Gary Mitchum,Home Office,China,Asia Pacific,Eastern Asia,TEC-CO-4765,Technology,Copiers,"HP Copy Machine, Color",725.67,3,0,355.5
ES-2015-IM1507048-42234,2015-08-18 00:00:00,IM-1507048,Irene Maddox,Consumer,Germany,Europe,Western Europe,TEC-MA-4193,Technology,Machines,"Epson Card Printer, Durable",1190.4900000000002,7,0,404.67
ES-2015-MR1754548-42218,2015-08-02 00:00:00,MR-1754548,Mathew Reese,Home Office,Germany,Europe,Western Europe,FUR-BO-5954,Furniture,Bookcases,"Sauder Corner Shelving, Pine",668.925,5,0.1,74.32499999999999
ES-2015-AH1021045-42237,2015-08-21 00:00:00,AH-1021045,Alan Hwang,Consumer,France,Europe,Western Europe,OFF-AP-4743,Office Supplies,Appliances,"Hoover Stove, Red",511.62300000000005,1,0.1,227.37299999999996
ES-2015-DG133008-42229,2015-08-13 00:00:00,DG-133008,Deirdre Greer,Corporate,Austria,Europe,Western Europe,TEC-AC-3402,Technology,Accessories,"Belkin Router, Bluetooth",517.5,2,0,20.700000000000003
ES-2015-MR1754548-42218,2015-08-02 00:00:00,MR-1754548,Mathew Reese,Home Office,Germany,Europe,Western Europe,TEC-CO-3683,Technology,Copiers,"Canon Fax and Copier, Digital",1336.86,7,0,147
IT-2015-ND1846096-42223,2015-08-07 00:00:00,ND-1846096,Neil Ducich,Corporate,Norway,Europe,Northern Europe,OFF-ST-4079,Office Supplies,Storage,"Eldon Lockers, Industrial",595.17,3,0,291.59999999999997
US-2015-CS1249082-42238,2015-08-22 00:00:00,CS-1249082,Cindy Schnelling,Corporate,Mexico,LATAM,Central America,FUR-FU-3033,Furniture,Furnishings,"Advantus Frame, Duo Pack",311.30400000000003,7,0.4,-67.53600000000006
MX-2015-ES1402039-42228,2015-08-12 00:00:00,ES-1402039,Erica Smith,Consumer,El Salvador,LATAM,Central America,FUR-TA-3348,Furniture,Tables,"Barricks Round Table, Adjustable Height",537.28,2,0.2,-26.879999999999995
PL-2015-TP11130103-42230,2015-08-14 00:00:00,TP-11130103,Theone Pippenger,Consumer,Poland,Europe,Eastern Europe,OFF-ST-4268,Office Supplies,Storage,"Fellowes Lockers, Single Width",414.7199999999999,2,0,70.5
ID-2015-LC16960102-42229,2015-08-13 00:00:00,LC-16960102,Lindsay Castell,Home Office,Philippines,Asia Pacific,Southeastern Asia,TEC-MA-4212,Technology,Machines,"Epson Receipt Printer, Wireless",789.9525000000001,9,0.25,-10.597500000000025
US-2015-SC206955-42237,2015-08-21 00:00:00,SC-206955,Steve Chapman,Corporate,Argentina,LATAM,South America,FUR-BO-3642,Furniture,Bookcases,"Bush Library with Doors, Traditional",1311.5520000000001,9,0.4,-306.10800000000006
ES-2015-AC1066045-42218,2015-08-02 00:00:00,AC-1066045,Anna Chung,Consumer,France,Europe,Western Europe,TEC-PH-3800,Technology,Phones,"Cisco Signal Booster, Cordless",788.868,6,0.15,-83.59200000000001
IZ-2015-JR567061-42241,2015-08-25 00:00:00,JR-567061,Jim Radford,Consumer,Iraq,Asia Pacific,Western Asia,FUR-BO-5786,Furniture,Bookcases,"Safco Library with Doors, Mobile",392.30999999999995,1,0,19.59
IN-2015-CP1234058-42239,2015-08-23 00:00:00,CP-1234058,Christine Phan,Corporate,India,Asia Pacific,Southern Asia,TEC-MA-5514,Technology,Machines,"Okidata Receipt Printer, Durable",861.2100000000002,7,0,60.269999999999996
IN-2015-SC2002027-42243,2015-08-27 00:00:00,SC-2002027,Sam Craven,Consumer,China,Asia Pacific,Eastern Asia,FUR-FU-3935,Furniture,Furnishings,"Deflect-O Door Stop, Erganomic",255.42000000000004,6,0,119.88
ES-2015-CS1195062-42224,2015-08-08 00:00:00,CS-1195062,Carlos Soltero,Consumer,Ireland,Europe,Northern Europe,OFF-AP-4504,Office Supplies,Appliances,"Hamilton Beach Refrigerator, White",747.4049999999999,3,0.5,-269.1449999999998
ES-2015-FH14275139-42229,2015-08-13 00:00:00,FH-14275139,Frank Hawley,Corporate,United Kingdom,Europe,Northern Europe,TEC-CO-4792,Technology,Copiers,"HP Wireless Fax, Laser",720.4200000000001,2,0,43.2
ES-2015-MH1811545-42237,2015-08-21 00:00:00,MH-1811545,Mick Hernandez,Home Office,France,Europe,Western Europe,OFF-AR-3478,Office Supplies,Art,"Binney & Smith Canvas, Water Color",327.24,6,0,156.96000000000004
ES-2015-JB15400139-42241,2015-08-25 00:00:00,JB-15400139,Jennifer Braxton,Corporate,United Kingdom,Europe,Northern Europe,TEC-CO-4577,Technology,Copiers,"Hewlett Fax Machine, High-Speed",954.36,3,0,95.39999999999999
ES-2015-AR1051045-42234,2015-08-18 00:00:00,AR-1051045,Andrew Roberts,Consumer,France,Europe,Western Europe,FUR-FU-5729,Furniture,Furnishings,"Rubbermaid Frame, Durable",427.68000000000006,4,0,106.92
ES-2015-JG1580548-42235,2015-08-19 00:00:00,JG-1580548,John Grady,Corporate,Germany,Europe,Western Europe,OFF-ST-4267,Office Supplies,Storage,"Fellowes Lockers, Industrial",332.49600000000004,2,0.2,99.69599999999998
IN-2015-EB1417058-42238,2015-08-22 00:00:00,EB-1417058,Evan Bailliet,Consumer,India,Asia Pacific,Southern Asia,FUR-CH-5447,Furniture,Chairs,"Office Star Rocking Chair, Black",553.9200000000001,4,0,199.32
ES-2015-SJ20215120-42238,2015-08-22 00:00:00,SJ-20215120,Sarah Jordon,Consumer,Spain,Europe,Southern Europe,FUR-BO-4848,Furniture,Bookcases,"Ikea Classic Bookcase, Metal",1233.6299999999999,3,0,234.36
ES-2015-EH1412545-42245,2015-08-29 00:00:00,EH-1412545,Eugene Hildebrand,Home Office,France,Europe,Western Europe,TEC-CO-4574,Technology,Copiers,"Hewlett Fax and Copier, Laser",819.6975,5,0.15,38.4975
ES-2015-JD1589514-42227,2015-08-11 00:00:00,JD-1589514,Jonathan Doherty,Corporate,Belgium,Europe,Western Europe,TEC-CO-4780,Technology,Copiers,"HP Ink, Laser",1158.3,9,0,231.66000000000003
IT-2015-HJ14875120-42228,2015-08-12 00:00:00,HJ-14875120,Heather Jas,Home Office,Spain,Europe,Southern Europe,OFF-ST-4267,Office Supplies,Storage,"Fellowes Lockers, Industrial",561.087,3,0.1,211.887
IN-2015-AO1081058-42224,2015-08-08 00:00:00,AO-1081058,Anthony O'Donnell,Corporate,India,Asia Pacific,Southern Asia,TEC-MA-4206,Technology,Machines,"Epson Printer, Red",1039.08,4,0,93.48
IT-2015-MA1756048-42241,2015-08-25 00:00:00,MA-1756048,Matt Abelman,Home Office,Germany,Europe,Western Europe,FUR-BO-4851,Furniture,Bookcases,"Ikea Classic Bookcase, Traditional",370.575,1,0.1,115.27499999999998
MX-2015-GM1468054-42242,2015-08-26 00:00:00,GM-1468054,Greg Matthias,Consumer,Haiti,LATAM,Caribbean,OFF-ST-4268,Office Supplies,Storage,"Fellowes Lockers, Single Width",580.608,7,0.4,-154.952
IN-2015-CC1210058-42237,2015-08-21 00:00:00,CC-1210058,Chad Cunningham,Home Office,India,Asia Pacific,Southern Asia,TEC-PH-5338,Technology,Phones,"Nokia Audio Dock, with Caller ID",833.7,5,0,316.8
ES-2015-RA1991564-42245,2015-08-29 00:00:00,RA-1991564,Russell Applegate,Consumer,Italy,Europe,Southern Europe,TEC-AC-5226,Technology,Accessories,"Memorex Router, USB",985.6800000000001,4,0,78.84
IN-2015-HZ1495092-42223,2015-08-07 00:00:00,HZ-1495092,Henia Zydlo,Consumer,New Zealand,Asia Pacific,Oceania,TEC-CO-3605,Technology,Copiers,"Brother Personal Copier, Digital",342.07200000000006,4,0.4,-57.04800000000006
IN-2015-DN1369027-42242,2015-08-26 00:00:00,DN-1369027,Duane Noonan,Consumer,China,Asia Pacific,Eastern Asia,FUR-BO-5960,Furniture,Bookcases,"Sauder Floating Shelf Set, Mobile",591.3000000000001,3,0,218.70000000000002
ES-2015-SS20590139-42220,2015-08-04 00:00:00,SS-20590139,Sonia Sunley,Consumer,United Kingdom,Europe,Northern Europe,OFF-AR-3552,Office Supplies,Art,"Boston Sketch Pad, Blue",340.19999999999993,7,0,146.16
ES-2015-AY1055548-42220,2015-08-04 00:00:00,AY-1055548,Andy Yotov,Corporate,Germany,Europe,Western Europe,FUR-BO-5799,Furniture,Bookcases,"Safco Stackable Bookrack, Traditional",400.788,3,0.1,26.657999999999994
ES-2015-MK17905120-42222,2015-08-06 00:00:00,MK-17905120,Michael Kennedy,Corporate,Spain,Europe,Southern Europe,TEC-CO-3601,Technology,Copiers,"Brother Ink, High-Speed",727.5,5,0,43.650000000000006
MX-2015-YS2188031-42244,2015-08-28 00:00:00,YS-2188031,Yana Sorensen,Corporate,Cuba,LATAM,Caribbean,TEC-PH-3806,Technology,Phones,"Cisco Smart Phone, Full Size",870.24,2,0,295.88
IN-2015-RK193007-42242,2015-08-26 00:00:00,RK-193007,Ralph Kennedy,Consumer,Australia,Asia Pacific,Oceania,FUR-CH-4682,Furniture,Chairs,"Hon Rocking Chair, Black",346.113,3,0.1,49.922999999999995
AU-2015-MD78608-42243,2015-08-27 00:00:00,MD-78608,Michael Dominguez,Corporate,Austria,Europe,Western Europe,FUR-CH-4546,Furniture,Chairs,"Harbour Creations Rocking Chair, Red",588.3599999999999,4,0,29.400000000000002
IT-2015-CH12070125-42228,2015-08-12 00:00:00,CH-12070125,Cathy Hwang,Home Office,Switzerland,Europe,Western Europe,TEC-MA-5006,Technology,Machines,"Konica Inkjet, Durable",623.7,2,0,37.38
IT-2015-MC1757548-42230,2015-08-14 00:00:00,MC-1757548,Matt Collins,Consumer,Germany,Europe,Western Europe,OFF-ST-4078,Office Supplies,Storage,"Eldon Lockers, Blue",534.357,3,0.1,-0.06300000000000239
MX-2015-SB2018518-42245,2015-08-29 00:00:00,SB-2018518,Sarah Brown,Consumer,Brazil,LATAM,South America,TEC-CO-5994,Technology,Copiers,"Sharp Fax and Copier, Digital",783.5497599999999,7,0.002,312.44976
IN-2015-BO113507-42230,2015-08-14 00:00:00,BO-113507,Bill Overfelt,Corporate,Australia,Asia Pacific,Oceania,FUR-BO-5967,Furniture,Bookcases,"Sauder Library with Doors, Mobile",702.27,2,0.1,179.42999999999998
ID-2015-LC16960102-42229,2015-08-13 00:00:00,LC-16960102,Lindsay Castell,Home Office,Philippines,Asia Pacific,Southeastern Asia,FUR-BO-3631,Furniture,Bookcases,"Bush Corner Shelving, Traditional",725.3415,9,0.35,122.70150000000001
ES-2015-MT1807048-42237,2015-08-21 00:00:00,MT-1807048,Michelle Tran,Home Office,Germany,Europe,Western Europe,FUR-BO-3901,Furniture,Bookcases,"Dania Library with Doors, Metal",977.0220000000002,3,0.1,271.332
MX-2015-BS1166518-42232,2015-08-16 00:00:00,BS-1166518,Brian Stugart,Consumer,Brazil,LATAM,South America,FUR-BO-4860,Furniture,Bookcases,"Ikea Library with Doors, Metal",725.7,3,0,94.32
ES-2015-AA10315139-42220,2015-08-04 00:00:00,AA-10315139,Alex Avila,Consumer,United Kingdom,Europe,Northern Europe,FUR-BO-3634,Furniture,Bookcases,"Bush Floating Shelf Set, Metal",512.1899999999999,3,0,46.08
IN-2015-CS1217511-42238,2015-08-22 00:00:00,CS-1217511,Charles Sheldon,Corporate,Bangladesh,Asia Pacific,Southern Asia,FUR-CH-4545,Furniture,Chairs,"Harbour Creations Rocking Chair, Black",1012.62,7,0,171.99
IT-2015-JL1585048-42230,2015-08-14 00:00:00,JL-1585048,John Lucas,Consumer,Germany,Europe,Western Europe,FUR-BO-3906,Furniture,Bookcases,"Dania Stackable Bookrack, Pine",221.292,2,0.1,-22.188000000000002
ES-2015-AT1073545-42241,2015-08-25 00:00:00,AT-1073545,Annie Thurman,Consumer,France,Europe,Western Europe,OFF-AP-3580,Office Supplies,Appliances,"Breville Stove, Silver",1518.183,3,0.1,252.96300000000002
AO-2015-BE14554-42223,2015-08-07 00:00:00,BE-14554,Brad Eason,Home Office,Angola,Africa,Central Africa,TEC-MA-4194,Technology,Machines,"Epson Card Printer, Red",668.4000000000001,4,0,300.71999999999997
MW-2015-TS1143085-42220,2015-08-04 00:00:00,TS-1143085,Tom Stivers,Corporate,Montenegro,Europe,Southern Europe,OFF-ST-4057,Office Supplies,Storage,"Eldon File Cart, Single Width",513.48,4,0,220.68
ID-2015-BD11620102-42232,2015-08-16 00:00:00,BD-11620102,Brian DeCherney,Consumer,Philippines,Asia Pacific,Southeastern Asia,FUR-TA-3353,Furniture,Tables,"Barricks Training Table, Fully Assembled",719.4824999999998,5,0.55,-143.91750000000002
ID-2015-HM148607-42243,2015-08-27 00:00:00,HM-148607,Harry Marie,Corporate,Australia,Asia Pacific,Oceania,FUR-BO-3640,Furniture,Bookcases,"Bush Library with Doors, Mobile",880.416,4,0.4,44.01599999999996
ES-2015-HA14905120-42245,2015-08-29 00:00:00,HA-14905120,Helen Abelman,Consumer,Spain,Europe,Southern Europe,FUR-BO-4859,Furniture,Bookcases,"Ikea Floating Shelf Set, Traditional",851.7,5,0,51
IN-2015-CK125957-42241,2015-08-25 00:00:00,CK-125957,Clytie Kelty,Consumer,Australia,Asia Pacific,Oceania,FUR-BO-3903,Furniture,Bookcases,"Dania Library with Doors, Pine",982.125,3,0.1,87.25500000000002
IT-2015-CA1231045-42223,2015-08-07 00:00:00,CA-1231045,Christine Abelman,Corporate,France,Europe,Western Europe,FUR-CH-5795,Furniture,Chairs,"SAFCO Rocking Chair, Red",242.838,2,0.1,-13.541999999999998
MX-2015-SD2048582-42242,2015-08-26 00:00:00,SD-2048582,Shirley Daniels,Home Office,Mexico,LATAM,Central America,OFF-AP-4490,Office Supplies,Appliances,"Hamilton Beach Blender, Black",234.9,5,0,49.29999999999999
ID-2015-HJ148757-42229,2015-08-13 00:00:00,HJ-148757,Heather Jas,Home Office,Australia,Asia Pacific,Oceania,FUR-TA-3772,Furniture,Tables,"Chromcraft Round Table, with Bottom Storage",560.5200000000001,3,0.6,-210.24
ID-2015-BV1124527-42232,2015-08-16 00:00:00,BV-1124527,Benjamin Venier,Corporate,China,Asia Pacific,Eastern Asia,FUR-CH-5379,Furniture,Chairs,"Novimex Executive Leather Armchair, Black",457.94999999999993,1,0,13.71
ES-2015-EH14125139-42230,2015-08-14 00:00:00,EH-14125139,Eugene Hildebrand,Home Office,United Kingdom,Europe,Northern Europe,TEC-MA-4212,Technology,Machines,"Epson Receipt Printer, Wireless",351.09000000000003,3,0,84.24
CA-2015-BP11185140-42244,2015-08-28 00:00:00,BP-111851406,Ben Peterman,Corporate,United States,USCA,Eastern US,TEC-AC-5142,Technology,Accessories,Logitech Wireless Headset h800,1119.8880000000001,14,0.2,209.97899999999993
CA-2015-BP11185140-42244,2015-08-28 00:00:00,BP-111851406,Ben Peterman,Corporate,United States,USCA,Eastern US,OFF-PA-6539,Office Supplies,Paper,Xerox 1981,12.672,3,0.2,3.96
IT-2015-ME18010124-42235,2015-08-19 00:00:00,ME-18010124,Michelle Ellison,Corporate,Sweden,Europe,Northern Europe,OFF-ST-6033,Office Supplies,Storage,"Smead File Cart, Single Width",256.85999999999996,4,0.5,-251.81999999999996
ES-2015-HA14920120-42218,2015-08-02 00:00:00,HA-14920120,Helen Andreada,Consumer,Spain,Europe,Southern Europe,OFF-AP-3572,Office Supplies,Appliances,"Breville Microwave, Silver",604.92,2,0,217.74
UP-2015-LH7155137-42242,2015-08-26 00:00:00,LH-7155137,Logan Haushalter,Consumer,Ukraine,Europe,Eastern Europe,OFF-ST-4260,Office Supplies,Storage,"Fellowes File Cart, Wire Frame",272.76000000000005,2,0,57.239999999999995
ID-2015-BE114557-42242,2015-08-26 00:00:00,BE-114557,Brad Eason,Home Office,Australia,Asia Pacific,Oceania,TEC-PH-5247,Technology,Phones,"Motorola Audio Dock, Full Size",209.59199999999998,2,0.4,-55.908
MX-2015-JF1519026-42222,2015-08-06 00:00:00,JF-1519026,Jamie Frazer,Consumer,Chile,LATAM,South America,TEC-PH-5249,Technology,Phones,"Motorola Audio Dock, with Caller ID",577.9,5,0,167.5
IN-2015-RC1996027-42227,2015-08-11 00:00:00,RC-1996027,Ryan Crowe,Consumer,China,Asia Pacific,Eastern Asia,TEC-AC-5895,Technology,Accessories,"SanDisk Router, Erganomic",254.16,1,0,40.650000000000006
IN-2015-LC1688558-42229,2015-08-13 00:00:00,LC-1688558,Lena Creighton,Consumer,India,Asia Pacific,Southern Asia,FUR-CH-4544,Furniture,Chairs,"Harbour Creations Rocking Chair, Adjustable",448.73999999999995,3,0,44.82000000000001
IV-2015-ML804029-42237,2015-08-21 00:00:00,ML-804029,Michelle Lonsdale,Corporate,Cote d'Ivoire,Africa,Western Africa,FUR-BO-5761,Furniture,Bookcases,"Safco Classic Bookcase, Mobile",881.3399999999999,2,0,334.86
ID-2015-RB193307-42228,2015-08-12 00:00:00,RB-193307,Randy Bradley,Consumer,Australia,Asia Pacific,Oceania,FUR-CH-4546,Furniture,Chairs,"Harbour Creations Rocking Chair, Red",397.1429999999999,3,0.1,70.533
ID-2015-LC16960102-42229,2015-08-13 00:00:00,LC-16960102,Lindsay Castell,Home Office,Philippines,Asia Pacific,Southeastern Asia,FUR-CH-5396,Furniture,Chairs,"Novimex Rocking Chair, Red",295.7175,3,0.25,-67.07249999999999
IN-2015-TT2146058-42222,2015-08-06 00:00:00,TT-2146058,Tonja Turnell,Home Office,India,Asia Pacific,Southern Asia,TEC-PH-5831,Technology,Phones,"Samsung Office Telephone, VoIP",326.55,5,0,146.85
ES-2015-BG11740139-42238,2015-08-22 00:00:00,BG-11740139,Bruce Geld,Consumer,United Kingdom,Europe,Northern Europe,TEC-CO-4767,Technology,Copiers,"HP Copy Machine, Laser",1216.6499999999999,5,0,608.25
IN-2015-DB1361558-42224,2015-08-08 00:00:00,DB-1361558,Doug Bickford,Consumer,India,Asia Pacific,Southern Asia,FUR-BO-3886,Furniture,Bookcases,"Dania 3-Shelf Cabinet, Mobile",287.94,2,0,0
MX-2015-SC2068082-42231,2015-08-15 00:00:00,SC-2068082,Steve Carroll,Home Office,Mexico,LATAM,Central America,TEC-PH-3143,Technology,Phones,"Apple Signal Booster, Cordless",465.0000000000001,5,0,27.9
MX-2015-PB1910528-42231,2015-08-15 00:00:00,PB-1910528,Peter Bühler,Consumer,Colombia,LATAM,South America,TEC-AC-3403,Technology,Accessories,"Belkin Router, Erganomic",513.1200000000001,3,0,0
IN-2015-AS1028527-42231,2015-08-15 00:00:00,AS-1028527,Alejandro Savely,Corporate,China,Asia Pacific,Eastern Asia,TEC-PH-3145,Technology,Phones,"Apple Signal Booster, VoIP",957.1800000000001,7,0,191.31
MX-2015-BS1166518-42232,2015-08-16 00:00:00,BS-1166518,Brian Stugart,Consumer,Brazil,LATAM,South America,OFF-AP-3576,Office Supplies,Appliances,"Breville Refrigerator, Silver",1733.5999999999997,5,0,728.1
MX-2015-ST2053018-42236,2015-08-20 00:00:00,ST-2053018,Shui Tom,Consumer,Brazil,LATAM,South America,TEC-CO-5990,Technology,Copiers,"Sharp Copy Machine, Color",790.4159999999999,5,0.002,378.51599999999996
ES-2015-MG17650125-42232,2015-08-16 00:00:00,MG-17650125,Matthew Grinstein,Home Office,Switzerland,Europe,Western Europe,OFF-SU-2994,Office Supplies,Supplies,"Acme Shears, High Speed",299.52,6,0,149.76
MX-2015-DK1283551-42223,2015-08-07 00:00:00,DK-1283551,Damala Kotsonis,Corporate,Guatemala,LATAM,Central America,TEC-AC-4185,Technology,Accessories,"Enermax Router, Bluetooth",1033.3200000000002,6,0,175.56
ES-2015-RD1972048-42229,2015-08-13 00:00:00,RD-1972048,Roger Demir,Consumer,Germany,Europe,Western Europe,FUR-BO-5798,Furniture,Bookcases,"Safco Stackable Bookrack, Pine",1217.673,9,0.1,351.51300000000003
IR-2015-BD172560-42221,2015-08-05 00:00:00,BD-172560,Bruce Degenhardt,Consumer,Iran,Asia Pacific,Southern Asia,TEC-PH-5263,Technology,Phones,"Motorola Signal Booster, Cordless",145.98000000000002,1,0,65.67
HR-2015-LH715530-42238,2015-08-22 00:00:00,LH-715530,Logan Haushalter,Consumer,Croatia,Europe,Southern Europe,FUR-BO-3627,Furniture,Bookcases,"Bush Classic Bookcase, Traditional",825.36,2,0,338.34000000000003
CA-2015-BO11350140-42232,2015-08-16 00:00:00,BO-113501402,Bill Overfelt,Corporate,United States,USCA,Central US,OFF-LA-3215,Office Supplies,Labels,Avery 495,50.4,8,0,23.183999999999997
IN-2015-MR175457-42244,2015-08-28 00:00:00,MR-175457,Mathew Reese,Home Office,Australia,Asia Pacific,Oceania,TEC-CO-4568,Technology,Copiers,"Hewlett Copy Machine, Color",707.0490000000001,3,0.1,78.48899999999998
IN-2015-PN1877558-42228,2015-08-12 00:00:00,PN-1877558,Parhena Norris,Home Office,India,Asia Pacific,Southern Asia,TEC-PH-5264,Technology,Phones,"Motorola Signal Booster, Full Size",288.84000000000003,2,0,37.5
IT-2015-DL1286591-42231,2015-08-15 00:00:00,DL-1286591,Dan Lawera,Consumer,Netherlands,Europe,Western Europe,TEC-MA-5501,Technology,Machines,"Okidata Inkjet, Durable",468.7650000000001,3,0.5,-459.4050000000001
MX-2015-JK1562539-42245,2015-08-29 00:00:00,JK-1562539,Jim Karlsson,Consumer,El Salvador,LATAM,Central America,TEC-PH-3791,Technology,Phones,"Cisco Headset, Full Size",299.1,5,0,107.6
IT-2015-HK1489048-42243,2015-08-27 00:00:00,HK-1489048,Heather Kirkland,Corporate,Germany,Europe,Western Europe,TEC-AC-3388,Technology,Accessories,"Belkin Memory Card, Bluetooth",619.9739999999999,6,0.1,82.494
ES-2015-BT1130548-42220,2015-08-04 00:00:00,BT-1130548,Beth Thompson,Home Office,Germany,Europe,Western Europe,TEC-PH-5812,Technology,Phones,"Samsung Audio Dock, Cordless",848.4000000000001,5,0,152.7
IT-2015-MA1756048-42241,2015-08-25 00:00:00,MA-1756048,Matt Abelman,Home Office,Germany,Europe,Western Europe,FUR-BO-5747,Furniture,Bookcases,"Safco 3-Shelf Cabinet, Pine",459.513,3,0.1,30.572999999999993
ES-2015-HJ1487545-42227,2015-08-11 00:00:00,HJ-1487545,Heather Jas,Home Office,France,Europe,Western Europe,TEC-PH-5350,Technology,Phones,"Nokia Signal Booster, Cordless",829.1325000000002,7,0.15,146.21249999999995
US-2015-RD1958555-42228,2015-08-12 00:00:00,RD-1958555,Rob Dowd,Consumer,Honduras,LATAM,Central America,OFF-ST-5703,Office Supplies,Storage,"Rogers Lockers, Wire Frame",252.82799999999997,3,0.4,-92.71199999999999
ES-2015-ZC2191045-42228,2015-08-12 00:00:00,ZC-2191045,Zuschuss Carroll,Consumer,France,Europe,Western Europe,FUR-BO-5777,Furniture,Bookcases,"Safco Floating Shelf Set, Metal",706.32,4,0.1,156.95999999999998
IN-2015-JK1532558-42235,2015-08-19 00:00:00,JK-1532558,Jason Klamczynski,Corporate,India,Asia Pacific,Southern Asia,OFF-BI-4818,Office Supplies,Binders,"Ibico Binding Machine, Recycled",362.46,7,0,36.120000000000005
SU-2015-BW1200122-42236,2015-08-20 00:00:00,BW-1200122,Ben Wallace,Consumer,Sudan,Africa,North Africa,OFF-AP-4968,Office Supplies,Appliances,"KitchenAid Toaster, Black",339,4,0,101.64000000000001
IN-2015-CS1217511-42238,2015-08-22 00:00:00,CS-1217511,Charles Sheldon,Corporate,Bangladesh,Asia Pacific,Southern Asia,FUR-BO-3624,Furniture,Bookcases,"Bush Classic Bookcase, Metal",1236.42,3,0,531.63
IN-2015-TS2134066-42236,2015-08-20 00:00:00,TS-2134066,Toby Swindell,Consumer,Japan,Asia Pacific,Eastern Asia,TEC-CO-5993,Technology,Copiers,"Sharp Fax and Copier, Color",340.08,2,0,33.96
MX-2015-LB1679539-42244,2015-08-28 00:00:00,LB-1679539,Laurel Beltran,Home Office,El Salvador,LATAM,Central America,FUR-CH-5438,Furniture,Chairs,"Office Star Chairmat, Black",211.3,5,0,105.6
ID-2015-BE114557-42242,2015-08-26 00:00:00,BE-114557,Brad Eason,Home Office,Australia,Asia Pacific,Oceania,FUR-CH-5793,Furniture,Chairs,"SAFCO Rocking Chair, Adjustable",329.76,4,0.4,-126.48000000000003
RS-2015-EM4200108-42218,2015-08-02 00:00:00,EM-4200108,Evan Minnotte,Home Office,Russia,Europe,Eastern Europe,TEC-CO-5995,Technology,Copiers,"Sharp Fax and Copier, High-Speed",333.59999999999997,2,0,40.019999999999996
ES-2015-MG17650125-42232,2015-08-16 00:00:00,MG-17650125,Matthew Grinstein,Home Office,Switzerland,Europe,Western Europe,FUR-BO-3617,Furniture,Bookcases,"Bush 3-Shelf Cabinet, Pine",289.44,2,0,23.1
IN-2015-TT2146058-42222,2015-08-06 00:00:00,TT-2146058,Tonja Turnell,Home Office,India,Asia Pacific,Southern Asia,TEC-CO-3705,Technology,Copiers,"Canon Personal Copier, High-Speed",422.82,3,0,12.599999999999998
US-2015-BB11545140-42229,2015-08-13 00:00:00,BB-115451406,Brenda Bowman,Corporate,United States,USCA,Eastern US,FUR-CH-4620,Furniture,Chairs,Hon 4700 Series Mobuis Mid-Back Task Chairs with Adjustable Arms,1779.9,5,0,373.7789999999998
GH-2015-EG390049-42224,2015-08-08 00:00:00,EG-390049,Emily Grady,Consumer,Ghana,Africa,Western Africa,FUR-CH-5441,Furniture,Chairs,"Office Star Executive Leather Armchair, Adjustable",469.91999999999996,1,0,51.69
US-2015-BB11545140-42229,2015-08-13 00:00:00,BB-115451406,Brenda Bowman,Corporate,United States,USCA,Eastern US,OFF-AR-3515,Office Supplies,Art,Boston 1645 Deluxe Heavier-Duty Electric Pencil Sharpener,219.89999999999998,5,0,59.373000000000005
ID-2015-FW1439592-42232,2015-08-16 00:00:00,FW-1439592,Fred Wasserman,Corporate,New Zealand,Asia Pacific,Oceania,FUR-BO-4845,Furniture,Bookcases,"Ikea 3-Shelf Cabinet, Mobile",695.8080000000001,8,0.4,-301.6320000000001
SF-2015-JF5355117-42237,2015-08-21 00:00:00,JF-5355117,Jay Fein,Consumer,South Africa,Africa,Southern Africa,OFF-ST-4080,Office Supplies,Storage,"Eldon Lockers, Single Width",197.93999999999997,1,0,96.99
US-2015-BB11545140-42229,2015-08-13 00:00:00,BB-115451406,Brenda Bowman,Corporate,United States,USCA,Eastern US,OFF-AR-5289,Office Supplies,Art,Newell 312,17.52,3,0,5.255999999999999
IN-2015-NP1868588-42242,2015-08-26 00:00:00,NP-1868588,Nora Pelletier,Home Office,Myanmar (Burma),Asia Pacific,Southeastern Asia,TEC-PH-3785,Technology,Phones,"Cisco Audio Dock, Full Size",304.3776,2,0.17,-3.7224000000000004
MX-2015-TP2156582-42236,2015-08-20 00:00:00,TP-2156582,Tracy Poddar,Corporate,Mexico,LATAM,Central America,FUR-BO-5763,Furniture,Bookcases,"Safco Classic Bookcase, Traditional",1168.4,5,0.2,306.7
IT-2015-KD1661562-42237,2015-08-21 00:00:00,KD-1661562,Ken Dana,Corporate,Ireland,Europe,Northern Europe,FUR-BO-5799,Furniture,Bookcases,"Safco Stackable Bookrack, Traditional",148.44,2,0.5,-100.97999999999999
UP-2015-ME7320137-42223,2015-08-07 00:00:00,ME-7320137,Maria Etezadi,Home Office,Ukraine,Europe,Eastern Europe,FUR-CH-5753,Furniture,Chairs,"SAFCO Bag Chairs, Set of Two",310.14,6,0,99.18
ES-2015-AR1051045-42234,2015-08-18 00:00:00,AR-1051045,Andrew Roberts,Consumer,France,Europe,Western Europe,FUR-CH-5801,Furniture,Chairs,"SAFCO Steel Folding Chair, Black",224.856,3,0.1,42.425999999999995
MX-2015-MH1729036-42217,2015-08-01 00:00:00,MH-1729036,Marc Harrigan,Home Office,Dominican Republic,LATAM,Caribbean,TEC-AC-5137,Technology,Accessories,"Logitech Router, USB",660.08,5,0.2,131.98
ID-2015-CL1189097-42242,2015-08-26 00:00:00,CL-1189097,Carl Ludwig,Consumer,Pakistan,Asia Pacific,Southern Asia,TEC-CO-4580,Technology,Copiers,"Hewlett Ink, Digital",296.64,4,0.5,-59.39999999999998
ES-2015-IM1507045-42234,2015-08-18 00:00:00,IM-1507045,Irene Maddox,Consumer,France,Europe,Western Europe,OFF-SU-4309,Office Supplies,Supplies,"Fiskars Letter Opener, High Speed",191.31,7,0,7.5600000000000005
ID-2015-TZ214457-42242,2015-08-26 00:00:00,TZ-214457,Tom Zandusky,Corporate,Australia,Asia Pacific,Oceania,FUR-BO-3898,Furniture,Bookcases,"Dania Floating Shelf Set, Mobile",274.992,4,0.6,-158.20799999999997
IN-2015-LH171557-42237,2015-08-21 00:00:00,LH-171557,Logan Haushalter,Consumer,Australia,Asia Pacific,Oceania,TEC-MA-6136,Technology,Machines,"StarTech Card Printer, Durable",736.2900000000001,5,0.1,8.039999999999992
MX-2015-ST2053018-42236,2015-08-20 00:00:00,ST-2053018,Shui Tom,Consumer,Brazil,LATAM,South America,TEC-CO-5992,Technology,Copiers,"Sharp Copy Machine, Laser",795.2063999999998,5,0.002,245.4064
ID-2015-HL15040102-42228,2015-08-12 00:00:00,HL-15040102,Hunter Lopez,Consumer,Philippines,Asia Pacific,Southeastern Asia,TEC-MA-6148,Technology,Machines,"StarTech Printer, Red",569.9700000000001,3,0.25,-159.66000000000003
ES-2015-PB19210139-42222,2015-08-06 00:00:00,PB-19210139,Phillip Breyer,Corporate,United Kingdom,Europe,Northern Europe,TEC-AC-3405,Technology,Accessories,"Belkin Router, USB",517.9200000000001,2,0,243.42000000000002
ES-2015-AA10315139-42220,2015-08-04 00:00:00,AA-10315139,Alex Avila,Consumer,United Kingdom,Europe,Northern Europe,TEC-PH-3153,Technology,Phones,"Apple Speaker Phone, with Caller ID",369.90000000000003,3,0,92.42999999999999
RO-2015-KF6285107-42223,2015-08-07 00:00:00,KF-6285107,Karen Ferguson,Home Office,Romania,Europe,Eastern Europe,OFF-AP-3577,Office Supplies,Appliances,"Breville Refrigerator, White",517.4699999999999,1,0,103.47
AO-2015-JM56554-42247,2015-08-31 00:00:00,JM-56554,Jim Mitchum,Corporate,Angola,Africa,Central Africa,OFF-ST-4258,Office Supplies,Storage,"Fellowes File Cart, Industrial",275.58000000000004,2,0,35.82
GG-2015-SJ1021547-42227,2015-08-11 00:00:00,SJ-1021547,Sarah Jordon,Consumer,Georgia,Asia Pacific,Western Asia,TEC-CO-4579,Technology,Copiers,"Hewlett Ink, Color",600.48,4,0,84
ES-2015-AA10315139-42220,2015-08-04 00:00:00,AA-10315139,Alex Avila,Consumer,United Kingdom,Europe,Northern Europe,OFF-ST-6049,Office Supplies,Storage,"Smead Lockers, Wire Frame",394.98,2,0,35.519999999999996
ID-2015-SR20425118-42235,2015-08-19 00:00:00,SR-20425118,Sharelle Roach,Home Office,South Korea,Asia Pacific,Eastern Asia,FUR-FU-5727,Furniture,Furnishings,"Rubbermaid Frame, Black",263.73600000000005,3,0.2,23.075999999999993
ID-2015-SH2063559-42237,2015-08-21 00:00:00,SH-2063559,Stefanie Holloman,Corporate,Indonesia,Asia Pacific,Southeastern Asia,TEC-MA-4209,Technology,Machines,"Epson Receipt Printer, Durable",486.1725,5,0.17,128.7225
CG-2015-AM70533-42233,2015-08-17 00:00:00,AM-70533,Anne McFarland,Consumer,Democratic Republic of the Congo,Africa,Central Africa,FUR-BO-5961,Furniture,Bookcases,"Sauder Floating Shelf Set, Pine",391.86,2,0,90.12
ID-2015-VD21670130-42238,2015-08-22 00:00:00,VD-21670130,Valerie Dominguez,Consumer,Thailand,Asia Pacific,Southeastern Asia,FUR-FU-5729,Furniture,Furnishings,"Rubbermaid Frame, Durable",546.3612,7,0.27,-104.84880000000003
IN-2015-RR1931558-42225,2015-08-09 00:00:00,RR-1931558,Ralph Ritter,Consumer,India,Asia Pacific,Southern Asia,TEC-PH-5249,Technology,Phones,"Motorola Audio Dock, with Caller ID",520.11,3,0,244.44
IN-2015-EH1412592-42217,2015-08-01 00:00:00,EH-1412592,Eugene Hildebrand,Home Office,New Zealand,Asia Pacific,Oceania,FUR-BO-3640,Furniture,Bookcases,"Bush Library with Doors, Mobile",366.84000000000003,1,0,157.74
IN-2015-CC1268558-42228,2015-08-12 00:00:00,CC-1268558,Craig Carroll,Consumer,India,Asia Pacific,Southern Asia,TEC-CO-3682,Technology,Copiers,"Canon Fax and Copier, Color",578.3399999999999,3,0,277.56
NI-2015-MM828095-42227,2015-08-11 00:00:00,MM-828095,Muhammed MacIntyre,Corporate,Nigeria,Africa,Western Africa,TEC-PH-5272,Technology,Phones,"Motorola Speaker Phone, VoIP",311.68800000000005,8,0.7,-685.752
IN-2015-JA1597021-42246,2015-08-30 00:00:00,JA-1597021,Joseph Airdo,Consumer,Cambodia,Asia Pacific,Southeastern Asia,FUR-CH-5413,Furniture,Chairs,"Novimex Swivel Stool, Red",1151.22,7,0,287.69999999999993
ID-2015-SH2063559-42237,2015-08-21 00:00:00,SH-2063559,Stefanie Holloman,Corporate,Indonesia,Asia Pacific,Southeastern Asia,FUR-BO-5943,Furniture,Bookcases,"Sauder 3-Shelf Cabinet, Traditional",465.0372,3,0.07,19.9872
IN-2015-VW2177559-42246,2015-08-30 00:00:00,VW-2177559,Victoria Wilson,Corporate,Indonesia,Asia Pacific,Southeastern Asia,FUR-CH-5807,Furniture,Chairs,"SAFCO Swivel Stool, Red",612.981,5,0.27,100.731
ID-2015-RB193307-42228,2015-08-12 00:00:00,RB-193307,Randy Bradley,Consumer,Australia,Asia Pacific,Oceania,OFF-BI-3255,Office Supplies,Binders,"Avery Binding Machine, Clear",608.58,14,0.1,0
ES-2015-BP11050139-42235,2015-08-19 00:00:00,BP-11050139,Barry Pond,Corporate,United Kingdom,Europe,Northern Europe,FUR-CH-5796,Furniture,Chairs,"SAFCO Rocking Chair, Set of Two",274.32,2,0,0
TZ-2015-CS1950129-42234,2015-08-18 00:00:00,CS-1950129,Carlos Soltero,Consumer,Tanzania,Africa,Eastern Africa,TEC-AC-3405,Technology,Accessories,"Belkin Router, USB",517.9200000000001,2,0,243.42000000000002
CA-2015-BD11725140-42220,2015-08-04 00:00:00,BD-117251404,Bruce Degenhardt,Consumer,United States,USCA,Western US,FUR-FU-3939,Furniture,Furnishings,"Deflect-o EconoMat Studded, No Bevel Mat for Low Pile Carpeting",123.96000000000001,3,0,11.156400000000005
CA-2015-BD11725140-42220,2015-08-04 00:00:00,BD-117251404,Bruce Degenhardt,Consumer,United States,USCA,Western US,OFF-LA-3191,Office Supplies,Labels,Avery 473,51.75,5,0,24.84
ES-2015-TC2098048-42242,2015-08-26 00:00:00,TC-2098048,Tamara Chand,Corporate,Germany,Europe,Western Europe,TEC-CO-4778,Technology,Copiers,"HP Ink, Digital",513.36,4,0,66.72
IT-2015-ME1801045-42222,2015-08-06 00:00:00,ME-1801045,Michelle Ellison,Corporate,France,Europe,Western Europe,TEC-CO-3587,Technology,Copiers,"Brother Copy Machine, Color",448.341,2,0.15,147.68099999999998
MX-2015-AF1088582-42217,2015-08-01 00:00:00,AF-1088582,Art Foster,Consumer,Mexico,LATAM,Central America,FUR-CH-4655,Furniture,Chairs,"Hon Executive Leather Armchair, Black",487.6159999999999,2,0.2,79.21600000000004
TU-2015-PS8970134-42245,2015-08-29 00:00:00,PS-8970134,Paul Stevenson,Home Office,Turkey,Asia Pacific,Western Asia,FUR-BO-3885,Furniture,Bookcases,"Dania 3-Shelf Cabinet, Metal",450.91200000000003,8,0.6,-451.0079999999999
ES-2015-JG1580548-42235,2015-08-19 00:00:00,JG-1580548,John Grady,Corporate,Germany,Europe,Western Europe,FUR-CH-5411,Furniture,Chairs,"Novimex Swivel Stool, Adjustable",267.12000000000006,2,0.2,-40.08000000000001
ES-2015-EH14125139-42230,2015-08-14 00:00:00,EH-14125139,Eugene Hildebrand,Home Office,United Kingdom,Europe,Northern Europe,TEC-PH-5835,Technology,Phones,"Samsung Signal Booster, Cordless",278.88,2,0,114.30000000000001
ES-2015-NM1852045-42221,2015-08-05 00:00:00,NM-1852045,Neoma Murray,Consumer,France,Europe,Western Europe,OFF-ST-6261,Office Supplies,Storage,"Tenex Lockers, Blue",734.9399999999999,4,0.1,130.62000000000003
ID-2015-JP1552059-42223,2015-08-07 00:00:00,JP-1552059,Jeremy Pistek,Consumer,Indonesia,Asia Pacific,Southeastern Asia,OFF-ST-6275,Office Supplies,Storage,"Tenex Shelving, Wire Frame",222.9795,5,0.17,-0.07050000000000267
IT-2015-DB1291064-42223,2015-08-07 00:00:00,DB-1291064,Daniel Byrd,Home Office,Italy,Europe,Southern Europe,FUR-BO-5972,Furniture,Bookcases,"Sauder Stackable Bookrack, Pine",592.6800000000001,4,0,213.36
ES-2015-MR1754548-42218,2015-08-02 00:00:00,MR-1754548,Mathew Reese,Home Office,Germany,Europe,Western Europe,FUR-BO-5798,Furniture,Bookcases,"Safco Stackable Bookrack, Pine",676.485,5,0.1,195.28500000000005
CA-2015-CM11815140-42238,2015-08-22 00:00:00,CM-118151404,Candace McMahon,Corporate,United States,USCA,Western US,OFF-ST-4288,Office Supplies,Storage,Fellowes Stor/Drawer Steel Plus Storage Drawers,572.58,6,0,34.354799999999955
CA-2015-CM11815140-42238,2015-08-22 00:00:00,CM-118151404,Candace McMahon,Corporate,United States,USCA,Western US,FUR-CH-5536,Furniture,Chairs,"Padded Folding Chairs, Black, 4/Carton",388.70400000000006,6,0.2,38.87040000000002
CA-2015-CM11815140-42238,2015-08-22 00:00:00,CM-118151404,Candace McMahon,Corporate,United States,USCA,Western US,TEC-AC-4936,Technology,Accessories,Kensington K72356US Mouse-in-a-Box USB Desktop Mouse,33.18,2,0,11.613
ES-2015-CS1249045-42224,2015-08-08 00:00:00,CS-1249045,Cindy Schnelling,Corporate,France,Europe,Western Europe,FUR-CH-4702,Furniture,Chairs,"Hon Swivel Stool, Black",290.1960000000001,2,0.1,57.99599999999999
IT-2015-KN1639045-42220,2015-08-04 00:00:00,KN-1639045,Katherine Nockton,Corporate,France,Europe,Western Europe,FUR-TA-3432,Furniture,Tables,"Bevis Round Table, with Bottom Storage",673.6469999999999,2,0.35,-186.57299999999995
ID-2015-VG217907-42219,2015-08-03 00:00:00,VG-217907,Vivek Gonzalez,Consumer,Australia,Asia Pacific,Oceania,TEC-PH-5246,Technology,Phones,"Motorola Audio Dock, Cordless",211.464,2,0.4,-66.996
ID-2015-VD21670130-42238,2015-08-22 00:00:00,VD-21670130,Valerie Dominguez,Consumer,Thailand,Asia Pacific,Southeastern Asia,TEC-CO-3611,Technology,Copiers,"Brother Wireless Fax, Laser",477.3006000000001,2,0.37,45.42059999999998
ES-2015-NS1864064-42235,2015-08-19 00:00:00,NS-1864064,Noel Staavos,Corporate,Italy,Europe,Southern Europe,FUR-BO-5972,Furniture,Bookcases,"Sauder Stackable Bookrack, Pine",740.8500000000001,5,0,266.70000000000005
IN-2015-BO114257-42222,2015-08-06 00:00:00,BO-114257,Bobby Odegard,Consumer,Australia,Asia Pacific,Oceania,TEC-PH-5335,Technology,Phones,"Nokia Audio Dock, Cordless",457.89300000000003,3,0.1,111.84299999999998
IN-2015-MT1781511-42222,2015-08-06 00:00:00,MT-1781511,Meg Tillman,Consumer,Bangladesh,Asia Pacific,Southern Asia,FUR-BO-3646,Furniture,Bookcases,"Bush Stackable Bookrack, Mobile",988.0799999999999,8,0,276.48
IT-2015-BD1156048-42224,2015-08-08 00:00:00,BD-1156048,Brendan Dodson,Home Office,Germany,Europe,Western Europe,OFF-ST-4267,Office Supplies,Storage,"Fellowes Lockers, Industrial",561.087,3,0.1,211.887
MX-2015-TP2156582-42236,2015-08-20 00:00:00,TP-2156582,Tracy Poddar,Corporate,Mexico,LATAM,Central America,FUR-CH-4682,Furniture,Chairs,"Hon Rocking Chair, Black",273.47200000000004,4,0.2,95.71200000000002
MX-2015-BS1136518-42231,2015-08-15 00:00:00,BS-1136518,Bill Shonely,Corporate,Brazil,LATAM,South America,TEC-AC-5896,Technology,Accessories,"SanDisk Router, Programmable",859.4999999999998,5,0,266.4
ES-2015-SH2039545-42239,2015-08-23 00:00:00,SH-2039545,Shahid Hopkins,Consumer,France,Europe,Western Europe,TEC-AC-5124,Technology,Accessories,"Logitech Memory Card, USB",207.18,2,0,33.12
ES-2015-CC1261048-42232,2015-08-16 00:00:00,CC-1261048,Corey Catlett,Corporate,Germany,Europe,Western Europe,OFF-AR-3528,Office Supplies,Art,"Boston Canvas, Water Color",284.1,5,0,42.599999999999994
IT-2015-SB2018564-42234,2015-08-18 00:00:00,SB-2018564,Sarah Brown,Consumer,Italy,Europe,Southern Europe,OFF-ST-5700,Office Supplies,Storage,"Rogers Lockers, Blue",634.86,5,0.4,-349.2900000000001
IN-2015-AW1084027-42228,2015-08-12 00:00:00,AW-1084027,Anthony Witt,Consumer,China,Asia Pacific,Eastern Asia,TEC-AC-5872,Technology,Accessories,"SanDisk Memory Card, Bluetooth",449.64,4,0,13.440000000000001
IT-2015-AG1049564-42241,2015-08-25 00:00:00,AG-1049564,Andrew Gjertsen,Corporate,Italy,Europe,Southern Europe,OFF-SU-4995,Office Supplies,Supplies,"Kleencut Trimmer, Serrated",190.65,5,0,51.45
IN-2015-KE1642059-42220,2015-08-04 00:00:00,KE-1642059,Katrina Edelman,Corporate,Indonesia,Asia Pacific,Southeastern Asia,TEC-CO-4580,Technology,Copiers,"Hewlett Ink, Digital",551.7503999999999,4,0.07,195.7104
MO-2015-TT1126586-42230,2015-08-14 00:00:00,TT-1126586,Tim Taslimi,Corporate,Morocco,Africa,North Africa,TEC-CO-4579,Technology,Copiers,"Hewlett Ink, Color",600.48,4,0,84
SU-2015-BW1200122-42236,2015-08-20 00:00:00,BW-1200122,Ben Wallace,Consumer,Sudan,Africa,North Africa,FUR-BO-5951,Furniture,Bookcases,"Sauder Classic Bookcase, Traditional",435.99,1,0,178.74
ES-2015-RW1954096-42222,2015-08-06 00:00:00,RW-1954096,Rick Wilson,Corporate,Norway,Europe,Northern Europe,OFF-EN-3099,Office Supplies,Envelopes,"Ames Interoffice Envelope, with clear poly window",194.64,4,0,62.28
ES-2015-HA14905120-42245,2015-08-29 00:00:00,HA-14905120,Helen Abelman,Consumer,Spain,Europe,Southern Europe,TEC-AC-5223,Technology,Accessories,"Memorex Router, Bluetooth",492.41999999999996,2,0,187.07999999999998
SU-2015-BW1200122-42236,2015-08-20 00:00:00,BW-1200122,Ben Wallace,Consumer,Sudan,Africa,North Africa,TEC-MA-5502,Technology,Machines,"Okidata Inkjet, White",311.25000000000006,1,0,40.44
IZ-2015-JR567061-42241,2015-08-25 00:00:00,JR-567061,Jim Radford,Consumer,Iraq,Asia Pacific,Western Asia,OFF-ST-5702,Office Supplies,Storage,"Rogers Lockers, Single Width",211.64999999999998,1,0,93.12
IT-2015-CH12070125-42228,2015-08-12 00:00:00,CH-12070125,Cathy Hwang,Home Office,Switzerland,Europe,Western Europe,OFF-ST-6264,Office Supplies,Storage,"Tenex Lockers, Wire Frame",406.43999999999994,2,0,125.94
IN-2015-DB1361558-42224,2015-08-08 00:00:00,DB-1361558,Doug Bickford,Consumer,India,Asia Pacific,Southern Asia,FUR-FU-6256,Furniture,Furnishings,"Tenex Frame, Erganomic",217.2,2,0,32.58
IT-2015-TH2110045-42218,2015-08-02 00:00:00,TH-2110045,Thea Hendricks,Consumer,France,Europe,Western Europe,FUR-BO-5797,Furniture,Bookcases,"Safco Stackable Bookrack, Mobile",670.41,5,0.1,14.760000000000005
BU-2015-BD162019-42225,2015-08-09 00:00:00,BD-162019,Brian DeCherney,Consumer,Bulgaria,Europe,Eastern Europe,OFF-ST-5712,Office Supplies,Storage,"Rogers Trays, Wire Frame",364.5,6,0,178.56
BU-2015-BD162019-42225,2015-08-09 00:00:00,BD-162019,Brian DeCherney,Consumer,Bulgaria,Europe,Eastern Europe,OFF-SU-6183,Office Supplies,Supplies,"Stiletto Trimmer, Steel",168.60000000000002,4,0,57.239999999999995
MX-2015-TB2162539-42221,2015-08-05 00:00:00,TB-2162539,Trudy Brown,Consumer,El Salvador,LATAM,Central America,OFF-ST-6248,Office Supplies,Storage,"Tenex File Cart, Single Width",268.32,3,0,88.5
MX-2015-YS2188031-42244,2015-08-28 00:00:00,YS-2188031,Yana Sorensen,Corporate,Cuba,LATAM,Caribbean,TEC-AC-5873,Technology,Accessories,"SanDisk Memory Card, Erganomic",220.43999999999997,3,0,17.580000000000002
SF-2015-LO7170117-42228,2015-08-12 00:00:00,LO-7170117,Lori Olson,Corporate,South Africa,Africa,Southern Africa,FUR-CH-4561,Furniture,Chairs,"Harbour Creations Swivel Stool, Adjustable",182.61,1,0,51.12
CG-2015-MH744033-42218,2015-08-02 00:00:00,MH-744033,Mark Haberlin,Corporate,Democratic Republic of the Congo,Africa,Central Africa,TEC-PH-3792,Technology,Phones,"Cisco Headset, VoIP",354.12,4,0,14.16
IN-2015-DW1319558-42236,2015-08-20 00:00:00,DW-1319558,David Wiener,Corporate,India,Asia Pacific,Southern Asia,FUR-FU-6269,Furniture,Furnishings,"Tenex Photo Frame, Duo Pack",311.40000000000003,6,0,111.96000000000001
GH-2015-KT648049-42222,2015-08-06 00:00:00,KT-648049,Kean Thornton,Consumer,Ghana,Africa,Western Africa,OFF-AP-4962,Office Supplies,Appliances,"KitchenAid Refrigerator, Silver",528.6899999999999,1,0,206.16
CM-2015-LB673522-42232,2015-08-16 00:00:00,LB-673522,Larry Blacks,Consumer,Cameroon,Africa,Central Africa,OFF-ST-6049,Office Supplies,Storage,"Smead Lockers, Wire Frame",197.49,1,0,17.759999999999998
MX-2015-AF1088582-42217,2015-08-01 00:00:00,AF-1088582,Art Foster,Consumer,Mexico,LATAM,Central America,OFF-ST-6032,Office Supplies,Storage,"Smead File Cart, Industrial",513.6,6,0,61.55999999999999
US-2015-PB1921055-42218,2015-08-02 00:00:00,PB-1921055,Phillip Breyer,Corporate,Honduras,LATAM,Central America,OFF-SU-4989,Office Supplies,Supplies,"Kleencut Shears, Easy Grip",154.848,8,0.4,-20.672000000000015
ES-2015-KN16450120-42243,2015-08-27 00:00:00,KN-16450120,Kean Nguyen,Corporate,Spain,Europe,Southern Europe,OFF-ST-6046,Office Supplies,Storage,"Smead Lockers, Blue",357.15600000000006,2,0.1,27.755999999999993
IT-2015-LF1718545-42246,2015-08-30 00:00:00,LF-1718545,Luke Foster,Consumer,France,Europe,Western Europe,FUR-TA-5054,Furniture,Tables,"Lesro Computer Table, Adjustable Height",1661.049,6,0.35,-255.5909999999999
CA-2015-CP12085140-42246,2015-08-30 00:00:00,CP-120851402,Cathy Prescott,Corporate,United States,USCA,Central US,OFF-LA-3226,Office Supplies,Labels,Avery 505,47.36000000000001,4,0.2,17.759999999999998
ES-2015-SC20050139-42238,2015-08-22 00:00:00,SC-20050139,Sample Company A,Home Office,United Kingdom,Europe,Northern Europe,FUR-CH-5449,Furniture,Chairs,"Office Star Rocking Chair, Set of Two",429.48,3,0,17.099999999999998
RS-2015-PB9150108-42227,2015-08-11 00:00:00,PB-9150108,Philip Brown,Consumer,Russia,Europe,Eastern Europe,OFF-ST-5709,Office Supplies,Storage,"Rogers Trays, Blue",246.71999999999997,4,0,73.92
UP-2015-CM2655137-42222,2015-08-06 00:00:00,CM-2655137,Corinna Mitchell,Home Office,Ukraine,Europe,Eastern Europe,FUR-BO-5948,Furniture,Bookcases,"Sauder Classic Bookcase, Metal",435.45000000000005,1,0,65.31
AG-2015-CD27903-42236,2015-08-20 00:00:00,CD-27903,Cynthia Delaney,Home Office,Algeria,Africa,North Africa,TEC-AC-5123,Technology,Accessories,"Logitech Memory Card, Programmable",209.76,2,0,85.98
IN-2015-LF1718558-42234,2015-08-18 00:00:00,LF-1718558,Luke Foster,Consumer,India,Asia Pacific,Southern Asia,OFF-SU-6173,Office Supplies,Supplies,"Stiletto Scissors, High Speed",94.44,4,0,1.7999999999999998
CA-2015-CP12085140-42246,2015-08-30 00:00:00,CP-120851402,Cathy Prescott,Corporate,United States,USCA,Central US,OFF-ST-3059,Office Supplies,Storage,Advantus Rolling Storage Box,27.439999999999998,2,0.2,2.401
CA-2015-CP12085140-42246,2015-08-30 00:00:00,CP-120851402,Cathy Prescott,Corporate,United States,USCA,Central US,OFF-BI-6391,Office Supplies,Binders,Wilson Jones Easy Flow II Sheet Lifters,3.2399999999999993,9,0.8,-5.184000000000001
ID-2015-CS1195059-42246,2015-08-30 00:00:00,CS-1195059,Carlos Soltero,Consumer,Indonesia,Asia Pacific,Southeastern Asia,TEC-CO-3591,Technology,Copiers,"Brother Fax and Copier, Color",358.8498,2,0.07,57.8298
ES-2015-MP1796564-42245,2015-08-29 00:00:00,MP-1796564,Michael Paige,Corporate,Italy,Europe,Southern Europe,OFF-AR-3554,Office Supplies,Art,"Boston Sketch Pad, Fluorescent",249.3,5,0,0
ES-2015-FH14275139-42229,2015-08-13 00:00:00,FH-14275139,Frank Hawley,Corporate,United Kingdom,Europe,Northern Europe,OFF-ST-4264,Office Supplies,Storage,"Fellowes Folders, Wire Frame",229.22999999999996,9,0,59.400000000000006
IN-2015-CK125957-42241,2015-08-25 00:00:00,CK-125957,Clytie Kelty,Consumer,Australia,Asia Pacific,Oceania,OFF-AP-4747,Office Supplies,Appliances,"Hoover Toaster, Red",602.2080000000001,8,0.1,213.88799999999992
ES-2015-AY1055548-42220,2015-08-04 00:00:00,AY-1055548,Andy Yotov,Corporate,Germany,Europe,Western Europe,OFF-FA-2942,Office Supplies,Fasteners,"Accos Clamps, Bulk Pack",271.32000000000005,14,0,127.25999999999999
ES-2015-CA1196545-42227,2015-08-11 00:00:00,CA-1196545,Carol Adams,Corporate,France,Europe,Western Europe,TEC-PH-3149,Technology,Phones,"Apple Smart Phone, with Caller ID",543.201,1,0.15,25.550999999999988
CA-2015-CM12160140-42235,2015-08-19 00:00:00,CM-121601406,Charles McCrossin,Consumer,United States,USCA,Eastern US,TEC-AC-6340,Technology,Accessories,"Verbatim 25 GB 6x Blu-ray Single Layer Recordable Disc, 10/Pack",23.18,2,0,7.649399999999998
CA-2015-CM12190140-42220,2015-08-04 00:00:00,CM-121901402,Charlotte Melton,Consumer,United States,USCA,Central US,FUR-BO-5526,Furniture,Bookcases,"O'Sullivan Elevations Bookcase, Cherry Finish",183.37199999999999,2,0.3,-36.67439999999999
CA-2015-CK12205140-42224,2015-08-08 00:00:00,CK-122051402,Chloris Kastensmidt,Consumer,United States,USCA,Central US,OFF-ST-5782,Office Supplies,Storage,Safco Industrial Shelving,118.16,2,0.2,-25.108999999999988
CA-2015-CK12205140-42224,2015-08-08 00:00:00,CK-122051402,Chloris Kastensmidt,Consumer,United States,USCA,Central US,TEC-AC-5113,Technology,Accessories,Logitech K350 2.4Ghz Wireless Keyboard,119.44800000000001,3,0.2,-13.437900000000006
TU-2015-BT1485134-42235,2015-08-19 00:00:00,BT-1485134,Brad Thomas,Home Office,Turkey,Asia Pacific,Western Asia,FUR-BO-3894,Furniture,Bookcases,"Dania Corner Shelving, Mobile",199.34400000000002,4,0.6,-154.53600000000003
MO-2015-DM301586-42244,2015-08-28 00:00:00,DM-301586,Darrin Martin,Consumer,Morocco,Africa,North Africa,TEC-MA-5021,Technology,Machines,"Konica Receipt Printer, Wireless",244.5,2,0,48.900000000000006
IR-2015-NS864060-42236,2015-08-20 00:00:00,NS-864060,Noel Staavos,Corporate,Iran,Asia Pacific,Southern Asia,OFF-AP-4959,Office Supplies,Appliances,"KitchenAid Microwave, White",616.92,2,0,203.57999999999998
ES-2015-CM1193548-42244,2015-08-28 00:00:00,CM-1193548,Carlos Meador,Consumer,Germany,Europe,Western Europe,OFF-EN-3102,Office Supplies,Envelopes,"Ames Mailers, Set of 50",179.24999999999997,5,0,25.049999999999997
IN-2015-MM1828058-42222,2015-08-06 00:00:00,MM-1828058,Muhammed MacIntyre,Corporate,India,Asia Pacific,Southern Asia,FUR-BO-3898,Furniture,Bookcases,"Dania Floating Shelf Set, Mobile",171.87,1,0,63.57000000000001
CA-2015-CK12205140-42235,2015-08-19 00:00:00,CK-122051406,Chloris Kastensmidt,Consumer,United States,USCA,Eastern US,OFF-BI-4351,Office Supplies,Binders,GBC Personal VeloBind Strips,10.782000000000002,3,0.7,-7.906799999999997
IN-2015-AS1013558-42229,2015-08-13 00:00:00,AS-1013558,Adrian Shami,Home Office,India,Asia Pacific,Southern Asia,TEC-AC-4165,Technology,Accessories,"Enermax Memory Card, Programmable",579.4499999999999,5,0,225.9
IN-2015-NL1831078-42224,2015-08-08 00:00:00,NL-1831078,Nancy Lomonaco,Home Office,Malaysia,Asia Pacific,Southeastern Asia,FUR-FU-6236,Furniture,Furnishings,"Tenex Clock, Black",251.25,5,0,42.599999999999994
MX-2015-RB1946518-42242,2015-08-26 00:00:00,RB-1946518,Rick Bensley,Home Office,Brazil,LATAM,South America,TEC-PH-5813,Technology,Phones,"Samsung Audio Dock, Full Size",336.23999999999995,3,0,100.85999999999999
NI-2015-AG30095-42224,2015-08-08 00:00:00,AG-30095,Aleksandra Gannaway,Corporate,Nigeria,Africa,Western Africa,FUR-BO-3629,Furniture,Bookcases,"Bush Corner Shelving, Mobile",455.43600000000015,12,0.7,-425.1239999999999
ES-2015-MR1754548-42218,2015-08-02 00:00:00,MR-1754548,Mathew Reese,Home Office,Germany,Europe,Western Europe,TEC-AC-5135,Technology,Accessories,"Logitech Router, Erganomic",490.26000000000005,2,0,88.19999999999999
IT-2015-VG2179064-42218,2015-08-02 00:00:00,VG-2179064,Vivek Gonzalez,Consumer,Italy,Europe,Southern Europe,TEC-PH-3784,Technology,Phones,"Cisco Audio Dock, Cordless",443.80800000000005,4,0.4,-199.752
CG-2015-JR621033-42223,2015-08-07 00:00:00,JR-621033,Justin Ritter,Corporate,Democratic Republic of the Congo,Africa,Central Africa,TEC-AC-3396,Technology,Accessories,"Belkin Numeric Keypad, Bluetooth",115.92,2,0,35.88
ID-2015-TB2119059-42227,2015-08-11 00:00:00,TB-2119059,Thomas Brumley,Home Office,Indonesia,Asia Pacific,Southeastern Asia,FUR-BO-3639,Furniture,Bookcases,"Bush Library with Doors, Metal",338.3154,1,0.07,3.6353999999999935
IN-2015-LH1715511-42229,2015-08-13 00:00:00,LH-1715511,Logan Haushalter,Consumer,Bangladesh,Asia Pacific,Southern Asia,OFF-LA-6029,Office Supplies,Labels,"Smead Color Coded Labels, Alphabetical",154.44,12,0,43.199999999999996
IT-2015-CS1195091-42239,2015-08-23 00:00:00,CS-1195091,Carlos Soltero,Consumer,Netherlands,Europe,Western Europe,FUR-FU-5728,Furniture,Furnishings,"Rubbermaid Frame, Duo Pack",263.88000000000005,3,0.2,-29.700000000000017
IN-2015-LC1688558-42229,2015-08-13 00:00:00,LC-1688558,Lena Creighton,Consumer,India,Asia Pacific,Southern Asia,FUR-TA-3755,Furniture,Tables,"Chromcraft Coffee Table, Adjustable Height",807.8399999999999,3,0,250.38000000000002
ES-2015-BF11275139-42246,2015-08-30 00:00:00,BF-11275139,Beth Fritzler,Corporate,United Kingdom,Europe,Northern Europe,OFF-SU-4322,Office Supplies,Supplies,"Fiskars Shears, Steel",329.28,7,0,95.34
IN-2015-BT1148527-42225,2015-08-09 00:00:00,BT-1148527,Brad Thomas,Home Office,China,Asia Pacific,Eastern Asia,OFF-BI-4805,Office Supplies,Binders,"Ibico 3-Hole Punch, Economy",152.25,5,0,74.55
UP-2015-DW3480137-42234,2015-08-18 00:00:00,DW-3480137,Dianna Wilson,Home Office,Ukraine,Europe,Eastern Europe,FUR-CH-5757,Furniture,Chairs,"SAFCO Chairmat, Black",229.56,4,0,11.399999999999999
ES-2015-MG17875139-42244,2015-08-28 00:00:00,MG-17875139,Michael Grace,Home Office,United Kingdom,Europe,Northern Europe,FUR-CH-4631,Furniture,Chairs,"Hon Chairmat, Black",212.39999999999998,4,0,8.399999999999999
ES-2015-SC20440139-42244,2015-08-28 00:00:00,SC-20440139,Shaun Chance,Corporate,United Kingdom,Europe,Northern Europe,TEC-PH-3817,Technology,Phones,"Cisco Speaker Phone, VoIP",249.426,2,0.1,63.726
TU-2015-BS1665134-42217,2015-08-01 00:00:00,BS-1665134,Brian Stugart,Consumer,Turkey,Asia Pacific,Western Asia,OFF-ST-6047,Office Supplies,Storage,"Smead Lockers, Industrial",159.12,2,0.6,-127.31999999999996
ID-2015-TP21130130-42221,2015-08-05 00:00:00,TP-21130130,Theone Pippenger,Consumer,Thailand,Asia Pacific,Southeastern Asia,FUR-BO-5747,Furniture,Bookcases,"Safco 3-Shelf Cabinet, Pine",321.6591,3,0.37,-132.7509
MX-2015-DK1298518-42217,2015-08-01 00:00:00,DK-1298518,Darren Koutras,Consumer,Brazil,LATAM,South America,OFF-PA-3992,Office Supplies,Paper,"Eaton Computer Printout Paper, Premium",123.9,7,0,18.479999999999997
MO-2015-JK537086-42225,2015-08-09 00:00:00,JK-537086,Jay Kimmel,Consumer,Morocco,Africa,North Africa,OFF-AP-3871,Office Supplies,Appliances,"Cuisinart Refrigerator, White",494.2199999999999,1,0,113.67
ES-2015-JW1607545-42224,2015-08-08 00:00:00,JW-1607545,Julia West,Consumer,France,Europe,Western Europe,TEC-AC-5202,Technology,Accessories,"Memorex Keyboard, USB",143.10000000000002,2,0,5.699999999999999
ES-2015-JW1595545-42228,2015-08-12 00:00:00,JW-1595545,Joni Wasserman,Consumer,France,Europe,Western Europe,OFF-BI-6372,Office Supplies,Binders,"Wilson Jones 3-Hole Punch, Recycled",226.8,8,0,67.92
IN-2015-HD1478558-42229,2015-08-13 00:00:00,HD-1478558,Harold Dahlen,Home Office,India,Asia Pacific,Southern Asia,TEC-CO-4771,Technology,Copiers,"HP Fax and Copier, High-Speed",342.17999999999995,2,0,82.08
ES-2015-FH14275139-42229,2015-08-13 00:00:00,FH-14275139,Frank Hawley,Corporate,United Kingdom,Europe,Northern Europe,FUR-FU-6244,Furniture,Furnishings,"Tenex Door Stop, Erganomic",119.028,4,0.3,-23.89200000000001
RO-2015-KF6285107-42223,2015-08-07 00:00:00,KF-6285107,Karen Ferguson,Home Office,Romania,Europe,Eastern Europe,FUR-CH-5411,Furniture,Chairs,"Novimex Swivel Stool, Adjustable",333.90000000000003,2,0,26.700000000000003
IR-2015-KL664560-42223,2015-08-07 00:00:00,KL-664560,Ken Lonsdale,Consumer,Iran,Asia Pacific,Southern Asia,OFF-ST-4257,Office Supplies,Storage,"Fellowes File Cart, Blue",137.31,1,0,54.900000000000006
ID-2015-BD115607-42239,2015-08-23 00:00:00,BD-115607,Brendan Dodson,Home Office,Australia,Asia Pacific,Oceania,TEC-CO-6006,Technology,Copiers,"Sharp Personal Copier, Digital",323.028,3,0.1,-25.18200000000001
ES-2015-KD1661545-42244,2015-08-28 00:00:00,KD-1661545,Ken Dana,Corporate,France,Europe,Western Europe,TEC-CO-3593,Technology,Copiers,"Brother Fax and Copier, High-Speed",483.70950000000005,3,0.15,28.399500000000003
IN-2015-TS2134066-42236,2015-08-20 00:00:00,TS-2134066,Toby Swindell,Consumer,Japan,Asia Pacific,Eastern Asia,OFF-PA-4464,Office Supplies,Paper,"Green Bar Cards & Envelopes, Recycled",144.9,3,0,70.92
SU-2015-BW1200122-42236,2015-08-20 00:00:00,BW-1200122,Ben Wallace,Consumer,Sudan,Africa,North Africa,TEC-CO-4765,Technology,Copiers,"HP Copy Machine, Color",245.13,1,0,83.34
TU-2015-RM9675134-42228,2015-08-12 00:00:00,RM-9675134,Robert Marley,Home Office,Turkey,Asia Pacific,Western Asia,OFF-AP-4747,Office Supplies,Appliances,"Hoover Toaster, Red",200.73600000000005,6,0.6,-260.96400000000006
SF-2015-BT1305117-42228,2015-08-12 00:00:00,BT-1305117,Beth Thompson,Home Office,South Africa,Africa,Southern Africa,OFF-ST-4296,Office Supplies,Storage,"Fellowes Trays, Wire Frame",225.84,4,0,56.400000000000006
IN-2015-JO1514558-42223,2015-08-07 00:00:00,JO-1514558,Jack O'Briant,Corporate,India,Asia Pacific,Southern Asia,FUR-CH-4545,Furniture,Chairs,"Harbour Creations Rocking Chair, Black",289.32,2,0,49.14
ES-2015-JG1580548-42235,2015-08-19 00:00:00,JG-1580548,John Grady,Corporate,Germany,Europe,Western Europe,TEC-AC-5219,Technology,Accessories,"Memorex Mouse, USB",102.16799999999999,4,0.1,10.128000000000002
ID-2015-SR20425118-42235,2015-08-19 00:00:00,SR-20425118,Sharelle Roach,Home Office,South Korea,Asia Pacific,Eastern Asia,TEC-PH-3793,Technology,Phones,"Cisco Headset, with Caller ID",176.88,4,0.5,-28.319999999999993
AU-2015-CA19658-42242,2015-08-26 00:00:00,CA-19658,Carol Adams,Corporate,Austria,Europe,Western Europe,OFF-AR-5933,Office Supplies,Art,"Sanford Sketch Pad, Water Color",291.96,6,0,137.16
IN-2015-CC1222066-42224,2015-08-08 00:00:00,CC-1222066,Chris Cortes,Consumer,Japan,Asia Pacific,Eastern Asia,OFF-BI-2884,Office Supplies,Binders,"Acco 3-Hole Punch, Recycled",152.40000000000003,5,0,42.599999999999994
ES-2015-JD1589514-42227,2015-08-11 00:00:00,JD-1589514,Jonathan Doherty,Corporate,Belgium,Europe,Western Europe,FUR-BO-5942,Furniture,Bookcases,"Sauder 3-Shelf Cabinet, Pine",504.0900000000001,3,0,115.92
ES-2015-SF20200139-42229,2015-08-13 00:00:00,SF-20200139,Sarah Foster,Consumer,United Kingdom,Europe,Northern Europe,OFF-AR-6117,Office Supplies,Art,"Stanley Markers, Water Color",126.89999999999998,5,0,41.85000000000001
IN-2015-SH2039527-42234,2015-08-18 00:00:00,SH-2039527,Shahid Hopkins,Consumer,China,Asia Pacific,Eastern Asia,TEC-CO-6002,Technology,Copiers,"Sharp Ink, Digital",496.20000000000005,4,0,64.44
MX-2015-SH1997582-42225,2015-08-09 00:00:00,SH-1997582,Sally Hughsby,Corporate,Mexico,LATAM,Central America,TEC-AC-4156,Technology,Accessories,"Enermax Keyboard, Erganomic",325.08,6,0,32.4
MO-2015-DK289586-42223,2015-08-07 00:00:00,DK-289586,Dana Kaydos,Consumer,Morocco,Africa,North Africa,OFF-EN-4444,Office Supplies,Envelopes,"GlobeWeis Mailers, Security-Tint",81.89999999999999,2,0,31.92
ID-2015-VB2174559-42230,2015-08-14 00:00:00,VB-2174559,Victoria Brennan,Corporate,Indonesia,Asia Pacific,Southeastern Asia,FUR-FU-6269,Furniture,Furnishings,"Tenex Photo Frame, Duo Pack",189.435,5,0.27,23.234999999999985
ES-2015-BE11410120-42225,2015-08-09 00:00:00,BE-11410120,Bobby Elias,Consumer,Spain,Europe,Southern Europe,TEC-PH-5826,Technology,Phones,"Samsung Headset, VoIP",527.688,8,0.1,187.608
ES-2015-EN1378045-42225,2015-08-09 00:00:00,EN-1378045,Edward Nazzal,Consumer,France,Europe,Western Europe,TEC-PH-3818,Technology,Phones,"Cisco Speaker Phone, with Caller ID",353.12399999999997,3,0.15,-45.75599999999999
IN-2015-CR125807-42237,2015-08-21 00:00:00,CR-125807,Clay Rozendal,Home Office,Australia,Asia Pacific,Oceania,OFF-AR-3447,Office Supplies,Art,"BIC Canvas, Blue",241.64999999999998,5,0.1,-21.6
ES-2015-VM2183545-42225,2015-08-09 00:00:00,VM-2183545,Vivian Mathis,Consumer,France,Europe,Western Europe,OFF-FA-6200,Office Supplies,Fasteners,"Stockwell Rubber Bands, Metal",81.29999999999998,5,0,40.64999999999999
IZ-2015-JR567061-42241,2015-08-25 00:00:00,JR-567061,Jim Radford,Consumer,Iraq,Asia Pacific,Western Asia,FUR-CH-5407,Furniture,Chairs,"Novimex Steel Folding Chair, Black",79.8,1,0,13.559999999999999
ID-2015-JP1552059-42223,2015-08-07 00:00:00,JP-1552059,Jeremy Pistek,Consumer,Indonesia,Asia Pacific,Southeastern Asia,TEC-MA-5510,Technology,Machines,"Okidata Printer, Durable",668.8638,3,0.17,-32.23620000000001
CG-2015-CM183033-42221,2015-08-05 00:00:00,CM-183033,Cari MacIntyre,Corporate,Democratic Republic of the Congo,Africa,Central Africa,OFF-ST-6048,Office Supplies,Storage,"Smead Lockers, Single Width",198.45,1,0,89.28
ES-2015-JB1600064-42232,2015-08-16 00:00:00,JB-1600064,Joy Bell-,Consumer,Italy,Europe,Southern Europe,OFF-ST-4267,Office Supplies,Storage,"Fellowes Lockers, Industrial",498.74399999999997,4,0.4,33.14399999999995
ES-2015-LW16825139-42218,2015-08-02 00:00:00,LW-16825139,Laurel Workman,Corporate,United Kingdom,Europe,Northern Europe,TEC-AC-5202,Technology,Accessories,"Memorex Keyboard, USB",286.20000000000005,4,0,11.399999999999999
ES-2015-SC2038064-42219,2015-08-03 00:00:00,SC-2038064,Shahid Collister,Consumer,Italy,Europe,Southern Europe,TEC-MA-5515,Technology,Machines,"Okidata Receipt Printer, Red",216.108,3,0.4,-82.87200000000001
CA-2015-CC12475140-42224,2015-08-08 00:00:00,CC-124751402,Cindy Chapman,Consumer,United States,USCA,Central US,TEC-AC-5207,Technology,Accessories,Memorex Micro Travel Drive 16 GB,63.96,4,0,19.827599999999997
MX-2015-MC1727582-42227,2015-08-11 00:00:00,MC-1727582,Marc Crier,Consumer,Mexico,LATAM,Central America,OFF-AP-3565,Office Supplies,Appliances,"Breville Blender, White",121.32000000000001,2,0,16.96
CG-2015-GH442533-42242,2015-08-26 00:00:00,GH-442533,Gary Hwang,Consumer,Democratic Republic of the Congo,Africa,Central Africa,TEC-PH-3806,Technology,Phones,"Cisco Smart Phone, Full Size",652.6800000000001,1,0,169.68
ES-2015-BE1141048-42224,2015-08-08 00:00:00,BE-1141048,Bobby Elias,Consumer,Germany,Europe,Western Europe,OFF-ST-6068,Office Supplies,Storage,"Smead Trays, Wire Frame",128.385,3,0.1,4.274999999999999
ID-2015-JP1552059-42223,2015-08-07 00:00:00,JP-1552059,Jeremy Pistek,Consumer,Indonesia,Asia Pacific,Southeastern Asia,OFF-ST-5703,Office Supplies,Storage,"Rogers Lockers, Wire Frame",874.3634999999999,5,0.17,-10.636500000000012
IS-2015-RF973563-42220,2015-08-04 00:00:00,RF-973563,Roland Fjeld,Consumer,Israel,Asia Pacific,Western Asia,OFF-BI-2899,Office Supplies,Binders,"Acco Binding Machine, Clear",202.20000000000002,4,0,22.200000000000003
IT-2015-JO15550139-42237,2015-08-21 00:00:00,JO-15550139,Jesus Ocampo,Home Office,United Kingdom,Europe,Northern Europe,FUR-FU-3932,Furniture,Furnishings,"Deflect-O Door Stop, Black",131.85,5,0.4,-79.2
IT-2015-TS21340139-42228,2015-08-12 00:00:00,TS-21340139,Toby Swindell,Consumer,United Kingdom,Europe,Northern Europe,OFF-AP-4749,Office Supplies,Appliances,"Hoover Toaster, White",327.12,4,0,114.47999999999999
AU-2015-CA19658-42242,2015-08-26 00:00:00,CA-19658,Carol Adams,Corporate,Austria,Europe,Western Europe,TEC-MA-5013,Technology,Machines,"Konica Phone, Wireless",344.76,4,0,68.88
MX-2015-BS1136518-42231,2015-08-15 00:00:00,BS-1136518,Bill Shonely,Corporate,Brazil,LATAM,South America,FUR-BO-3894,Furniture,Bookcases,"Dania Corner Shelving, Mobile",415.3,5,0,112.1
IT-2015-DL1286591-42231,2015-08-15 00:00:00,DL-1286591,Dan Lawera,Consumer,Netherlands,Europe,Western Europe,OFF-ST-5691,Office Supplies,Storage,"Rogers File Cart, Blue",351.67500000000007,5,0.5,-344.7750000000001
IN-2015-RR1931558-42225,2015-08-09 00:00:00,RR-1931558,Ralph Ritter,Consumer,India,Asia Pacific,Southern Asia,FUR-CH-5794,Furniture,Chairs,"SAFCO Rocking Chair, Black",397.44000000000005,3,0,15.84
ID-2015-AA103157-42241,2015-08-25 00:00:00,AA-103157,Alex Avila,Consumer,Australia,Asia Pacific,Oceania,OFF-AP-4509,Office Supplies,Appliances,"Hamilton Beach Toaster, Black",256.23,5,0.1,-17.22
RO-2015-LR7035107-42224,2015-08-08 00:00:00,LR-7035107,Lisa Ryan,Corporate,Romania,Europe,Eastern Europe,OFF-ST-6261,Office Supplies,Storage,"Tenex Lockers, Blue",204.14999999999998,1,0,53.07000000000001
IN-2015-LF1718558-42234,2015-08-18 00:00:00,LF-1718558,Luke Foster,Consumer,India,Asia Pacific,Southern Asia,OFF-LA-4639,Office Supplies,Labels,"Hon Color Coded Labels, Alphabetical",88.41,7,0,0
UZ-2015-MS7770142-42230,2015-08-14 00:00:00,MS-7770142,Maxwell Schwartz,Consumer,Uzbekistan,Asia Pacific,Central Asia,OFF-PA-4177,Office Supplies,Paper,"Enermax Note Cards, Premium",239.28000000000003,8,0,50.16
ES-2015-PB19150139-42221,2015-08-05 00:00:00,PB-19150139,Philip Brown,Consumer,United Kingdom,Europe,Northern Europe,OFF-AR-5905,Office Supplies,Art,"Sanford Canvas, Water Color",214.8,4,0,0
MX-2015-PB1910528-42231,2015-08-15 00:00:00,PB-1910528,Peter Bühler,Consumer,Colombia,LATAM,South America,FUR-FU-3934,Furniture,Furnishings,"Deflect-O Door Stop, Durable",136.6,5,0,61.4
IN-2015-RC1996027-42227,2015-08-11 00:00:00,RC-1996027,Ryan Crowe,Consumer,China,Asia Pacific,Eastern Asia,OFF-ST-6264,Office Supplies,Storage,"Tenex Lockers, Wire Frame",812.8799999999999,4,0,357.6
IN-2015-AG1052511-42235,2015-08-19 00:00:00,AG-1052511,Andy Gerbode,Corporate,Bangladesh,Asia Pacific,Southern Asia,FUR-FU-4040,Furniture,Furnishings,"Eldon Door Stop, Black",200.64000000000004,4,0,38.04
IN-2015-AF1088558-42222,2015-08-06 00:00:00,AF-1088558,Art Foster,Consumer,India,Asia Pacific,Southern Asia,OFF-ST-6273,Office Supplies,Storage,"Tenex Shelving, Industrial",220.56,4,0,68.28
ES-2015-LH1690064-42231,2015-08-15 00:00:00,LH-1690064,Lena Hernandez,Consumer,Italy,Europe,Southern Europe,OFF-SU-2990,Office Supplies,Supplies,"Acme Scissors, Serrated",110.7,5,0,6.6000000000000005
ES-2015-EL13735120-42224,2015-08-08 00:00:00,EL-13735120,Ed Ludwig,Home Office,Spain,Europe,Southern Europe,OFF-AP-4725,Office Supplies,Appliances,"Hoover Coffee Grinder, White",267.72,4,0,7.92
IN-2015-CH1207027-42238,2015-08-22 00:00:00,CH-1207027,Cathy Hwang,Home Office,China,Asia Pacific,Eastern Asia,OFF-PA-4146,Office Supplies,Paper,"Enermax Cards & Envelopes, Recycled",235.05,5,0,61.050000000000004
MX-2015-CK1232536-42235,2015-08-19 00:00:00,CK-1232536,Christine Kargatis,Home Office,Dominican Republic,LATAM,Caribbean,FUR-CH-4547,Furniture,Chairs,"Harbour Creations Rocking Chair, Set of Two",159.296,2,0.2,3.975999999999999
ES-2015-PT19090139-42223,2015-08-07 00:00:00,PT-19090139,Pete Takahito,Consumer,United Kingdom,Europe,Northern Europe,OFF-BI-2900,Office Supplies,Binders,"Acco Binding Machine, Durable",283.986,6,0.1,44.04600000000001
ES-2015-CM1193548-42244,2015-08-28 00:00:00,CM-1193548,Carlos Meador,Consumer,Germany,Europe,Western Europe,OFF-ST-5710,Office Supplies,Storage,"Rogers Trays, Industrial",167.832,3,0.1,55.871999999999986
IR-2015-BD172560-42221,2015-08-05 00:00:00,BD-172560,Bruce Degenhardt,Consumer,Iran,Asia Pacific,Southern Asia,OFF-ST-4263,Office Supplies,Storage,"Fellowes Folders, Single Width",105.71999999999998,4,0,43.32
MX-2015-SH2063582-42234,2015-08-18 00:00:00,SH-2063582,Stefanie Holloman,Corporate,Mexico,LATAM,Central America,TEC-AC-3386,Technology,Accessories,"Belkin Keyboard, Programmable",512.28,9,0,86.94
US-2015-EM138255-42232,2015-08-16 00:00:00,EM-138255,Elizabeth Moffitt,Corporate,Argentina,LATAM,South America,OFF-ST-4056,Office Supplies,Storage,"Eldon File Cart, Industrial",204.624,4,0.4,-23.936000000000014
ES-2015-AH1021045-42237,2015-08-21 00:00:00,AH-1021045,Alan Hwang,Consumer,France,Europe,Western Europe,OFF-AR-3553,Office Supplies,Art,"Boston Sketch Pad, Easy-Erase",244.35,5,0,70.8
AG-2015-MO78003-42217,2015-08-01 00:00:00,MO-78003,Meg O'Connel,Home Office,Algeria,Africa,North Africa,OFF-AP-3575,Office Supplies,Appliances,"Breville Refrigerator, Red",519.3299999999999,1,0,98.67
IN-2015-CM119357-42217,2015-08-01 00:00:00,CM-119357,Carlos Meador,Consumer,Australia,Asia Pacific,Oceania,OFF-AP-4956,Office Supplies,Appliances,"KitchenAid Microwave, Black",371.7,2,0.4,43.31999999999999
ES-2015-MG17875139-42244,2015-08-28 00:00:00,MG-17875139,Michael Grace,Home Office,United Kingdom,Europe,Northern Europe,OFF-ST-4096,Office Supplies,Storage,"Eldon Shelving, Single Width",242.24999999999997,5,0,0
ES-2015-TC21295139-42228,2015-08-12 00:00:00,TC-21295139,Toby Carlisle,Consumer,United Kingdom,Europe,Northern Europe,TEC-MA-6145,Technology,Machines,"StarTech Phone, White",364.65,5,0,149.4
IT-2015-VG2179064-42218,2015-08-02 00:00:00,VG-2179064,Vivek Gonzalez,Consumer,Italy,Europe,Southern Europe,TEC-CO-3697,Technology,Copiers,"Canon Ink, Laser",294.29999999999995,2,0,138.3
IN-2015-HD1478558-42229,2015-08-13 00:00:00,HD-1478558,Harold Dahlen,Home Office,India,Asia Pacific,Southern Asia,OFF-PA-4144,Office Supplies,Paper,"Enermax Cards & Envelopes, Multicolor",291.06000000000006,6,0,72.72
RO-2015-KF6285107-42223,2015-08-07 00:00:00,KF-6285107,Karen Ferguson,Home Office,Romania,Europe,Eastern Europe,FUR-BO-4859,Furniture,Bookcases,"Ikea Floating Shelf Set, Traditional",340.68,2,0,20.4
ES-2015-BE11410120-42225,2015-08-09 00:00:00,BE-11410120,Bobby Elias,Consumer,Spain,Europe,Southern Europe,TEC-PH-3790,Technology,Phones,"Cisco Headset, Cordless",164.322,2,0.1,-1.8780000000000001
BK-2015-ME732017-42236,2015-08-20 00:00:00,ME-732017,Maria Etezadi,Home Office,Bosnia and Herzegovina,Europe,Southern Europe,OFF-AR-3545,Office Supplies,Art,"Boston Pencil Sharpener, Water Color",233.76,8,0,30.240000000000002
IT-2015-DP1300062-42223,2015-08-07 00:00:00,DP-1300062,Darren Powers,Consumer,Ireland,Europe,Northern Europe,OFF-ST-6275,Office Supplies,Storage,"Tenex Shelving, Wire Frame",295.51500000000004,11,0.5,-224.89500000000004
IT-2015-AG1049545-42229,2015-08-13 00:00:00,AG-1049545,Andrew Gjertsen,Corporate,France,Europe,Western Europe,TEC-MA-5499,Technology,Machines,"Okidata Card Printer, White",304.92,5,0.65,-270.18000000000006
HU-2015-AP72057-42242,2015-08-26 00:00:00,AP-72057,Anne Pryor,Home Office,Hungary,Europe,Eastern Europe,TEC-PH-5340,Technology,Phones,"Nokia Headset, Full Size",446.4,6,0,8.82
ES-2015-MR1754548-42218,2015-08-02 00:00:00,MR-1754548,Mathew Reese,Home Office,Germany,Europe,Western Europe,OFF-ST-5701,Office Supplies,Storage,"Rogers Lockers, Industrial",381.78000000000003,2,0.1,118.73999999999998
RO-2015-HW4935107-42245,2015-08-29 00:00:00,HW-4935107,Helen Wasserman,Corporate,Romania,Europe,Eastern Europe,FUR-FU-3942,Furniture,Furnishings,"Deflect-O Frame, Durable",214.14000000000004,2,0,87.78
IN-2015-AG1027027-42224,2015-08-08 00:00:00,AG-1027027,Alejandro Grove,Consumer,China,Asia Pacific,Eastern Asia,OFF-AR-5933,Office Supplies,Art,"Sanford Sketch Pad, Water Color",340.62,7,0,74.75999999999999
MX-2015-MH1729036-42217,2015-08-01 00:00:00,MH-1729036,Marc Harrigan,Home Office,Dominican Republic,LATAM,Caribbean,TEC-PH-5837,Technology,Phones,"Samsung Signal Booster, VoIP",364.4800000000001,5,0.2,-36.52000000000002
RO-2015-KF6285107-42223,2015-08-07 00:00:00,KF-6285107,Karen Ferguson,Home Office,Romania,Europe,Eastern Europe,FUR-BO-3634,Furniture,Bookcases,"Bush Floating Shelf Set, Metal",341.46,2,0,30.72
ES-2015-SJ20215120-42238,2015-08-22 00:00:00,SJ-20215120,Sarah Jordon,Consumer,Spain,Europe,Southern Europe,OFF-SU-4132,Office Supplies,Supplies,"Elite Shears, High Speed",329.07,7,0,62.370000000000005
IT-2015-SS2014064-42238,2015-08-22 00:00:00,SS-2014064,Saphhira Shifley,Corporate,Italy,Europe,Southern Europe,TEC-PH-5349,Technology,Phones,"Nokia Office Telephone, with Caller ID",195.39,5,0.4,-117.35999999999999
ES-2015-BP11095120-42231,2015-08-15 00:00:00,BP-11095120,Bart Pistole,Corporate,Spain,Europe,Southern Europe,OFF-PA-5848,Office Supplies,Paper,"SanDisk Cards & Envelopes, Multicolor",99.66,2,0,6.959999999999999
IN-2015-IL1510058-42223,2015-08-07 00:00:00,IL-1510058,Ivan Liston,Consumer,India,Asia Pacific,Southern Asia,FUR-BO-3615,Furniture,Bookcases,"Bush 3-Shelf Cabinet, Metal",571.3199999999999,4,0,251.28000000000003
ES-2015-DW1319548-42236,2015-08-20 00:00:00,DW-1319548,David Wiener,Corporate,Germany,Europe,Western Europe,TEC-PH-5340,Technology,Phones,"Nokia Headset, Full Size",223.2,3,0,4.41
IN-2015-XP218657-42239,2015-08-23 00:00:00,XP-218657,Xylona Preis,Consumer,Australia,Asia Pacific,Oceania,FUR-CH-5411,Furniture,Chairs,"Novimex Swivel Stool, Adjustable",300.51000000000005,2,0.1,50.07
MX-2015-MW1823565-42234,2015-08-18 00:00:00,MW-1823565,Mitch Willingham,Corporate,Jamaica,LATAM,Caribbean,TEC-PH-5825,Technology,Phones,"Samsung Headset, Full Size",248.3,5,0,124.1
IT-2015-ON18715139-42236,2015-08-20 00:00:00,ON-18715139,Odella Nelson,Corporate,United Kingdom,Europe,Northern Europe,OFF-AP-3868,Office Supplies,Appliances,"Cuisinart Refrigerator, Black",495.51,2,0.5,-79.28999999999996
SG-2015-GM4500111-42236,2015-08-20 00:00:00,GM-4500111,Gene McClure,Consumer,Senegal,Africa,Western Africa,OFF-PA-6619,Office Supplies,Paper,"Xerox Note Cards, Premium",105.47999999999999,4,0,21
ES-2015-CS1240045-42228,2015-08-12 00:00:00,CS-1240045,Christopher Schild,Home Office,France,Europe,Western Europe,OFF-AR-3476,Office Supplies,Art,"Binney & Smith Canvas, Easy-Erase",154.89,3,0,26.28
ES-2015-MH17620120-42245,2015-08-29 00:00:00,MH-17620120,Matt Hagelstein,Corporate,Spain,Europe,Southern Europe,OFF-ST-6273,Office Supplies,Storage,"Tenex Shelving, Industrial",148.87800000000001,3,0.1,14.868000000000002
ID-2015-BV1124527-42232,2015-08-16 00:00:00,BV-1124527,Benjamin Venier,Corporate,China,Asia Pacific,Eastern Asia,TEC-AC-4173,Technology,Accessories,"Enermax Mouse, Programmable",208.95,5,0,91.8
MX-2015-YS2188031-42244,2015-08-28 00:00:00,YS-2188031,Yana Sorensen,Corporate,Cuba,LATAM,Caribbean,FUR-BO-5787,Furniture,Bookcases,"Safco Library with Doors, Pine",260.76,1,0,104.3
ES-2015-TM21490139-42223,2015-08-07 00:00:00,TM-21490139,Tony Molinari,Consumer,United Kingdom,Europe,Northern Europe,OFF-AR-6115,Office Supplies,Art,"Stanley Markers, Easy-Erase",179.76,8,0,0
IN-2015-RR1931558-42225,2015-08-09 00:00:00,RR-1931558,Ralph Ritter,Consumer,India,Asia Pacific,Southern Asia,OFF-AP-3874,Office Supplies,Appliances,"Cuisinart Stove, Silver",539.04,1,0,183.27
CA-2015-DC12850140-42230,2015-08-14 00:00:00,DC-128501408,Dan Campbell,Consumer,United States,USCA,Southern US,OFF-BI-4343,Office Supplies,Binders,GBC DocuBind TL300 Electric Binding System,1614.5820000000003,6,0.7,-1237.8461999999995
MX-2015-AS1024082-42231,2015-08-15 00:00:00,AS-1024082,Alan Shonely,Consumer,Mexico,LATAM,Central America,FUR-CH-5439,Furniture,Chairs,"Office Star Chairmat, Red",175.52,5,0.2,-15.38
IT-2015-HJ14875120-42228,2015-08-12 00:00:00,HJ-14875120,Heather Jas,Home Office,Spain,Europe,Southern Europe,OFF-ST-5696,Office Supplies,Storage,"Rogers Folders, Single Width",138.23999999999998,5,0.1,-3.2099999999999973
CA-2015-DC12850140-42230,2015-08-14 00:00:00,DC-128501408,Dan Campbell,Consumer,United States,USCA,Southern US,FUR-CH-4672,Furniture,Chairs,Hon Olson Stacker Chairs,423.64799999999997,2,0.2,47.66039999999997
IN-2015-AH106907-42224,2015-08-08 00:00:00,AH-106907,Anna Häberlin,Corporate,Australia,Asia Pacific,Oceania,OFF-PA-4471,Office Supplies,Paper,"Green Bar Memo Slips, Multicolor",66.096,4,0.1,2.855999999999999
ES-2015-BT1130548-42220,2015-08-04 00:00:00,BT-1130548,Beth Thompson,Home Office,Germany,Europe,Western Europe,TEC-MA-5019,Technology,Machines,"Konica Receipt Printer, Red",358.20000000000005,3,0,110.97
CA-2015-DC12850140-42230,2015-08-14 00:00:00,DC-128501408,Dan Campbell,Consumer,United States,USCA,Southern US,OFF-AP-3400,Office Supplies,Appliances,Belkin Premiere Surge Master II 8-outlet surge protector,272.048,7,0.2,30.605399999999946
CG-2015-GZ447033-42220,2015-08-04 00:00:00,GZ-447033,Gary Zandusky,Consumer,Democratic Republic of the Congo,Africa,Central Africa,OFF-AP-3870,Office Supplies,Appliances,"Cuisinart Refrigerator, Silver",993.6599999999999,2,0,168.89999999999998
CA-2015-DC12850140-42230,2015-08-14 00:00:00,DC-128501408,Dan Campbell,Consumer,United States,USCA,Southern US,FUR-FU-4090,Furniture,Furnishings,Eldon Radial Chair Mat for Low to Medium Pile Carpets,31.983999999999998,1,0.2,0
CA-2015-DC12850140-42230,2015-08-14 00:00:00,DC-128501408,Dan Campbell,Consumer,United States,USCA,Southern US,OFF-EN-3834,Office Supplies,Envelopes,Colored Envelopes,14.76,5,0.2,4.796999999999999
CA-2015-DC12850140-42230,2015-08-14 00:00:00,DC-128501408,Dan Campbell,Consumer,United States,USCA,Southern US,OFF-FA-6129,Office Supplies,Fasteners,Staples,24.320000000000004,5,0.2,9.119999999999997
CA-2015-DC12850140-42230,2015-08-14 00:00:00,DC-128501408,Dan Campbell,Consumer,United States,USCA,Southern US,TEC-AC-5179,Technology,Accessories,Maxell 4.7GB DVD-R 5/Pack,1.584,2,0.2,0.4752000000000002
MX-2015-TS2134082-42232,2015-08-16 00:00:00,TS-2134082,Toby Swindell,Consumer,Mexico,LATAM,Central America,OFF-AP-3858,Office Supplies,Appliances,"Cuisinart Blender, Silver",135.48000000000002,3,0,17.580000000000002
CA-2015-DR12880140-42244,2015-08-28 00:00:00,DR-128801404,Dan Reichenbach,Corporate,United States,USCA,Western US,TEC-CO-5988,Technology,Copiers,Sharp 1540cs Digital Laser Copier,879.984,2,0.2,329.994
SU-2015-BW1200122-42236,2015-08-20 00:00:00,BW-1200122,Ben Wallace,Consumer,Sudan,Africa,North Africa,TEC-AC-5200,Technology,Accessories,"Memorex Keyboard, Erganomic",414.90000000000003,6,0,8.280000000000001
CA-2015-DR12880140-42244,2015-08-28 00:00:00,DR-128801404,Dan Reichenbach,Corporate,United States,USCA,Western US,FUR-CH-3433,Furniture,Chairs,Bevis Steel Folding Chairs,230.28000000000003,3,0.2,23.02799999999999
CA-2015-DR12880140-42244,2015-08-28 00:00:00,DR-128801404,Dan Reichenbach,Corporate,United States,USCA,Western US,OFF-ST-5980,Office Supplies,Storage,Sensible Storage WireTech Storage Systems,354.90000000000003,5,0,17.744999999999962
CA-2015-DR12880140-42244,2015-08-28 00:00:00,DR-128801404,Dan Reichenbach,Corporate,United States,USCA,Western US,OFF-BI-4338,Office Supplies,Binders,GBC DocuBind 300 Electric Binding Machine,841.5680000000001,2,0.2,294.5487999999999
ES-2015-JD1589514-42227,2015-08-11 00:00:00,JD-1589514,Jonathan Doherty,Corporate,Belgium,Europe,Western Europe,TEC-MA-6146,Technology,Machines,"StarTech Phone, Wireless",372.59999999999997,5,0,29.699999999999996
CA-2015-DR12880140-42244,2015-08-28 00:00:00,DR-128801404,Dan Reichenbach,Corporate,United States,USCA,Western US,FUR-FU-4384,Furniture,Furnishings,"GE 48"" Fluorescent Tube, Cool White Energy Saver, 34 Watts, 30/Box",198.46,2,0,99.23
CA-2015-DR12880140-42244,2015-08-28 00:00:00,DR-128801404,Dan Reichenbach,Corporate,United States,USCA,Western US,OFF-AP-3126,Office Supplies,Appliances,APC 7 Outlet Network SurgeArrest Surge Protector,321.92,4,0,96.576
CA-2015-DR12880140-42244,2015-08-28 00:00:00,DR-128801404,Dan Reichenbach,Corporate,United States,USCA,Western US,OFF-PA-6360,Office Supplies,Paper,White Computer Printout Paper by Universal,116.28,3,0,56.977199999999996
CA-2015-DR12880140-42244,2015-08-28 00:00:00,DR-128801404,Dan Reichenbach,Corporate,United States,USCA,Western US,OFF-SU-2982,Office Supplies,Supplies,Acme Preferred Stainless Steel Scissors,28.4,5,0,8.235999999999999
IN-2015-SL2015558-42222,2015-08-06 00:00:00,SL-2015558,Sara Luxemburg,Home Office,India,Asia Pacific,Southern Asia,OFF-ST-4080,Office Supplies,Storage,"Eldon Lockers, Single Width",197.93999999999997,2,0.5,-126.71999999999997
ID-2015-CM12160118-42242,2015-08-26 00:00:00,CM-12160118,Charles McCrossin,Consumer,South Korea,Asia Pacific,Eastern Asia,TEC-PH-3793,Technology,Phones,"Cisco Headset, with Caller ID",309.53999999999996,7,0.5,-49.559999999999945
IN-2015-MV1819058-42236,2015-08-20 00:00:00,MV-1819058,Mike Vittorini,Consumer,India,Asia Pacific,Southern Asia,OFF-ST-5695,Office Supplies,Storage,"Rogers Folders, Industrial",155.84999999999997,5,0,4.6499999999999995
MX-2015-TP2156582-42236,2015-08-20 00:00:00,TP-2156582,Tracy Poddar,Corporate,Mexico,LATAM,Central America,TEC-PH-5337,Technology,Phones,"Nokia Audio Dock, VoIP",111.22,1,0,1.1
CA-2015-DK12895140-42229,2015-08-13 00:00:00,DK-128951404,Dana Kaydos,Consumer,United States,USCA,Western US,OFF-PA-6491,Office Supplies,Paper,Xerox 1937,192.16,4,0,92.23679999999999
CA-2015-DK12895140-42229,2015-08-13 00:00:00,DK-128951404,Dana Kaydos,Consumer,United States,USCA,Western US,TEC-CO-4583,Technology,Copiers,Hewlett Packard 310 Color Digital Copier,299.99,1,0,89.99699999999999
CA-2015-DK12895140-42229,2015-08-13 00:00:00,DK-128951404,Dana Kaydos,Consumer,United States,USCA,Western US,TEC-AC-5589,Technology,Accessories,"Perixx PERIBOARD-512B, Ergonomic Split Keyboard",174.95000000000002,5,0,12.246500000000005
CA-2015-DK12895140-42229,2015-08-13 00:00:00,DK-128951404,Dana Kaydos,Consumer,United States,USCA,Western US,TEC-PH-4458,Technology,Phones,Grandstream GXP1160 VoIP phone,242.624,8,0.2,27.295199999999973
CA-2015-DK12895140-42229,2015-08-13 00:00:00,DK-128951404,Dana Kaydos,Consumer,United States,USCA,Western US,OFF-ST-5594,Office Supplies,Storage,Personal File Boxes with Fold-Down Carry Handle,46.74,3,0,11.684999999999999
CA-2015-DK12895140-42229,2015-08-13 00:00:00,DK-128951404,Dana Kaydos,Consumer,United States,USCA,Western US,OFF-BI-3296,Office Supplies,Binders,Avery Legal 4-Ring Binder,100.70400000000001,6,0.2,37.763999999999996
CA-2015-DK12895140-42244,2015-08-28 00:00:00,DK-128951408,Dana Kaydos,Consumer,United States,USCA,Southern US,OFF-PA-6580,Office Supplies,Paper,Xerox 217,5.184000000000001,1,0.2,1.8144
ES-2015-DV1304545-42221,2015-08-05 00:00:00,DV-1304545,Darrin Van Huff,Corporate,France,Europe,Western Europe,TEC-MA-5020,Technology,Machines,"Konica Receipt Printer, White",307.68300000000005,3,0.15,68.73299999999999
ID-2015-TB2152059-42234,2015-08-18 00:00:00,TB-2152059,Tracy Blumstein,Consumer,Indonesia,Asia Pacific,Southeastern Asia,OFF-AR-3555,Office Supplies,Art,"Boston Sketch Pad, Water Color",264.5958,7,0.27,-58.17420000000001
MX-2015-JF1556582-42243,2015-08-27 00:00:00,JF-1556582,Jill Fjeld,Consumer,Mexico,LATAM,Central America,TEC-CO-4586,Technology,Copiers,"Hewlett Personal Copier, Color",290.83716,3,0.002,31.45716
IN-2015-LH1675092-42218,2015-08-02 00:00:00,LH-1675092,Larry Hughes,Consumer,New Zealand,Asia Pacific,Oceania,OFF-LA-4695,Office Supplies,Labels,"Hon Shipping Labels, Alphabetical",67.14,10,0.4,5.339999999999996
IN-2015-FP14320130-42225,2015-08-09 00:00:00,FP-14320130,Frank Preis,Consumer,Thailand,Asia Pacific,Southeastern Asia,FUR-BO-4858,Furniture,Bookcases,"Ikea Floating Shelf Set, Pine",216.3294,2,0.37,-113.3706
US-2015-CS1249082-42238,2015-08-22 00:00:00,CS-1249082,Cindy Schnelling,Corporate,Mexico,LATAM,Central America,FUR-BO-5940,Furniture,Bookcases,"Sauder 3-Shelf Cabinet, Metal",88.60799999999999,1,0.2,-21.052
CA-2015-DR12940140-42228,2015-08-12 00:00:00,DR-129401408,Daniel Raglin,Home Office,United States,USCA,Southern US,OFF-BI-5939,Office Supplies,Binders,Satellite Sectional Post Binders,477.51,11,0,219.6546
IN-2015-CC1210058-42237,2015-08-21 00:00:00,CC-1210058,Chad Cunningham,Home Office,India,Asia Pacific,Southern Asia,TEC-AC-5867,Technology,Accessories,"SanDisk Keyboard, USB",163.38000000000002,2,0,45.72
MX-2015-BD1150082-42235,2015-08-19 00:00:00,BD-1150082,Bradley Drucker,Consumer,Mexico,LATAM,Central America,OFF-PA-4175,Office Supplies,Paper,"Enermax Note Cards, 8.5 x 11",170.46,9,0,73.26
IT-2015-SC2084548-42222,2015-08-06 00:00:00,SC-2084548,Sung Chung,Consumer,Germany,Europe,Western Europe,OFF-AP-3866,Office Supplies,Appliances,"Cuisinart Microwave, Silver",502.578,2,0.1,-55.842
ES-2015-BE11410120-42225,2015-08-09 00:00:00,BE-11410120,Bobby Elias,Consumer,Spain,Europe,Southern Europe,OFF-AP-4733,Office Supplies,Appliances,"Hoover Microwave, White",306.78,1,0,82.83
ID-2015-CC1243059-42236,2015-08-20 00:00:00,CC-1243059,Chuck Clark,Home Office,Indonesia,Asia Pacific,Southeastern Asia,TEC-PH-5813,Technology,Phones,"Samsung Audio Dock, Full Size",418.6188,3,0.17,105.86879999999996
ES-2015-DL13315120-42235,2015-08-19 00:00:00,DL-13315120,Delfina Latchford,Consumer,Spain,Europe,Southern Europe,OFF-BI-6385,Office Supplies,Binders,"Wilson Jones Binding Machine, Recycled",345.24000000000007,7,0,37.800000000000004
US-2015-LR1691582-42220,2015-08-04 00:00:00,LR-1691582,Lena Radford,Consumer,Mexico,LATAM,Central America,FUR-CH-5457,Furniture,Chairs,"Office Star Swivel Stool, Set of Two",187.93599999999998,2,0.2,-18.823999999999995
ES-2015-CC1261048-42232,2015-08-16 00:00:00,CC-1261048,Corey Catlett,Corporate,Germany,Europe,Western Europe,TEC-PH-3806,Technology,Phones,"Cisco Smart Phone, Full Size",1954.17,3,0,429.84000000000003
IN-2015-LA1678027-42225,2015-08-09 00:00:00,LA-1678027,Laura Armstrong,Corporate,China,Asia Pacific,Eastern Asia,OFF-ST-4294,Office Supplies,Storage,"Fellowes Trays, Industrial",289.34999999999997,5,0,54.900000000000006
MX-2015-AS1024082-42225,2015-08-09 00:00:00,AS-1024082,Alan Shonely,Consumer,Mexico,LATAM,Central America,OFF-ST-6281,Office Supplies,Storage,"Tenex Trays, Blue",180.69999999999996,5,0,16.2
IN-2015-ON1871558-42244,2015-08-28 00:00:00,ON-1871558,Odella Nelson,Corporate,India,Asia Pacific,Southern Asia,TEC-PH-3146,Technology,Phones,"Apple Signal Booster, with Caller ID",409.95000000000005,3,0,102.42
CA-2015-DP13000140-42243,2015-08-27 00:00:00,DP-130001402,Darren Powers,Consumer,United States,USCA,Central US,FUR-FU-5986,Furniture,Furnishings,"Seth Thomas 16"" Steel Case Clock",64.96,5,0.6,-43.847999999999985
MX-2015-RB1946518-42242,2015-08-26 00:00:00,RB-1946518,Rick Bensley,Home Office,Brazil,LATAM,South America,FUR-BO-3629,Furniture,Bookcases,"Bush Corner Shelving, Mobile",168.68,2,0,74.2
IN-2015-AT1043559-42243,2015-08-27 00:00:00,AT-1043559,Alyssa Tate,Home Office,Indonesia,Asia Pacific,Southeastern Asia,OFF-AR-3528,Office Supplies,Art,"Boston Canvas, Water Color",290.35020000000003,7,0.27,-107.38980000000002
IN-2015-MS1777058-42218,2015-08-02 00:00:00,MS-1777058,Maxwell Schwartz,Consumer,India,Asia Pacific,Southern Asia,TEC-PH-3128,Technology,Phones,"Apple Audio Dock, Full Size",336.36,2,0,117.72
ID-2015-FW1439592-42232,2015-08-16 00:00:00,FW-1439592,Fred Wasserman,Corporate,New Zealand,Asia Pacific,Oceania,FUR-CH-4545,Furniture,Chairs,"Harbour Creations Rocking Chair, Black",520.776,6,0.4,-199.764
MX-2015-RB1946518-42242,2015-08-26 00:00:00,RB-1946518,Rick Bensley,Home Office,Brazil,LATAM,South America,TEC-CO-5996,Technology,Copiers,"Sharp Fax and Copier, Laser",224.35039999999995,2,0.002,1.7904
CA-2015-DM13015140-42241,2015-08-25 00:00:00,DM-130151406,Darrin Martin,Consumer,United States,USCA,Eastern US,OFF-AP-3178,Office Supplies,Appliances,Avanti 1.7 Cu. Ft. Refrigerator,646.272,8,0.2,64.62719999999999
ES-2015-TC21295139-42238,2015-08-22 00:00:00,TC-21295139,Toby Carlisle,Consumer,United Kingdom,Europe,Northern Europe,OFF-AR-3459,Office Supplies,Art,"BIC Markers, Water Color",118.44,4,0,41.400000000000006
PL-2015-AR345103-42228,2015-08-12 00:00:00,AR-345103,Alex Russell,Corporate,Poland,Europe,Eastern Europe,TEC-MA-6143,Technology,Machines,"StarTech Phone, Durable",149.28,2,0,11.94
MX-2015-LT1676582-42235,2015-08-19 00:00:00,LT-1676582,Larry Tron,Consumer,Mexico,LATAM,Central America,TEC-CO-4777,Technology,Copiers,"HP Ink, Color",259.75944,3,0.002,72.31944000000001
MX-2015-CT1199518-42234,2015-08-18 00:00:00,CT-1199518,Carol Triggs,Consumer,Brazil,LATAM,South America,OFF-ST-4258,Office Supplies,Storage,"Fellowes File Cart, Industrial",459.3,5,0,188.3
IN-2015-SH2039527-42234,2015-08-18 00:00:00,SH-2039527,Shahid Hopkins,Consumer,China,Asia Pacific,Eastern Asia,TEC-CO-3706,Technology,Copiers,"Canon Personal Copier, Laser",428.22,3,0,111.33
CA-2015-DM13015140-42241,2015-08-25 00:00:00,DM-130151406,Darrin Martin,Consumer,United States,USCA,Eastern US,OFF-PA-6522,Office Supplies,Paper,Xerox 1966,10.368000000000002,2,0.2,3.7584
MX-2015-GM1468054-42242,2015-08-26 00:00:00,GM-1468054,Greg Matthias,Consumer,Haiti,LATAM,Caribbean,FUR-BO-4854,Furniture,Bookcases,"Ikea Corner Shelving, Pine",199.056,4,0.4,26.49599999999998
ID-2015-BE114557-42242,2015-08-26 00:00:00,BE-114557,Brad Eason,Home Office,Australia,Asia Pacific,Oceania,TEC-MA-5577,Technology,Machines,"Panasonic Receipt Printer, White",143.172,2,0.4,-64.42800000000001
MX-2015-YS2188031-42244,2015-08-28 00:00:00,YS-2188031,Yana Sorensen,Corporate,Cuba,LATAM,Caribbean,OFF-PA-6619,Office Supplies,Paper,"Xerox Note Cards, Premium",123.06000000000002,7,0,50.4
ES-2015-CM1193548-42244,2015-08-28 00:00:00,CM-1193548,Carlos Meador,Consumer,Germany,Europe,Western Europe,OFF-AR-6117,Office Supplies,Art,"Stanley Markers, Water Color",152.27999999999997,6,0,50.220000000000006
IT-2015-HK1489048-42243,2015-08-27 00:00:00,HK-1489048,Heather Kirkland,Corporate,Germany,Europe,Western Europe,OFF-AP-4491,Office Supplies,Appliances,"Hamilton Beach Blender, Silver",340.9920000000001,6,0.2,-85.24800000000002
ID-2015-BE114557-42242,2015-08-26 00:00:00,BE-114557,Brad Eason,Home Office,Australia,Asia Pacific,Oceania,OFF-EN-5032,Office Supplies,Envelopes,"Kraft Interoffice Envelope, with clear poly window",60.552,2,0.4,-5.088000000000001
MX-2015-CL1256526-42245,2015-08-29 00:00:00,CL-1256526,Clay Ludtke,Consumer,Chile,LATAM,South America,OFF-PA-6601,Office Supplies,Paper,"Xerox Cards & Envelopes, Multicolor",92.75999999999999,3,0,12
ES-2015-PB1915045-42218,2015-08-02 00:00:00,PB-1915045,Philip Brown,Consumer,France,Europe,Western Europe,OFF-AR-5931,Office Supplies,Art,"Sanford Sketch Pad, Easy-Erase",137.25,3,0,63.09
GH-2015-GZ447049-42222,2015-08-06 00:00:00,GZ-447049,Gary Zandusky,Consumer,Ghana,Africa,Western Africa,TEC-CO-6010,Technology,Copiers,"Sharp Wireless Fax, Digital",355.56,1,0,14.22
ID-2015-BE114557-42242,2015-08-26 00:00:00,BE-114557,Brad Eason,Home Office,Australia,Asia Pacific,Oceania,OFF-SU-4328,Office Supplies,Supplies,"Fiskars Trimmer, Steel",100.08,4,0.4,-51.72000000000001
ES-2015-TP2156564-42224,2015-08-08 00:00:00,TP-2156564,Tracy Poddar,Corporate,Italy,Europe,Southern Europe,TEC-AC-4154,Technology,Accessories,"Enermax Flash Drive, USB",292.10999999999996,7,0,113.82
IR-2015-BV124560-42241,2015-08-25 00:00:00,BV-124560,Benjamin Venier,Corporate,Iran,Asia Pacific,Southern Asia,OFF-AR-5913,Office Supplies,Art,"Sanford Highlighters, Water Color",75.72,4,0,27.240000000000002
IT-2015-JL1585048-42230,2015-08-14 00:00:00,JL-1585048,John Lucas,Consumer,Germany,Europe,Western Europe,OFF-SU-6165,Office Supplies,Supplies,"Stiletto Letter Opener, Easy Grip",150,5,0,28.499999999999996
SU-2015-BW1200122-42236,2015-08-20 00:00:00,BW-1200122,Ben Wallace,Consumer,Sudan,Africa,North Africa,TEC-AC-5880,Technology,Accessories,"SanDisk Mouse, Bluetooth",153.24,4,0,16.799999999999997
ES-2015-KM1637591-42236,2015-08-20 00:00:00,KM-1637591,Katherine Murray,Home Office,Netherlands,Europe,Western Europe,OFF-ST-4259,Office Supplies,Storage,"Fellowes File Cart, Single Width",412.02,6,0.5,-412.02
MX-2015-JK1562518-42246,2015-08-30 00:00:00,JK-1562518,Jim Karlsson,Consumer,Brazil,LATAM,South America,TEC-AC-5199,Technology,Accessories,"Memorex Keyboard, Bluetooth",142.68,3,0,32.760000000000005
SY-2015-SC10725126-42231,2015-08-15 00:00:00,SC-10725126,Steven Cartwright,Consumer,Syria,Asia Pacific,Western Asia,OFF-ST-6046,Office Supplies,Storage,"Smead Lockers, Blue",119.052,1,0.4,-45.64800000000001
IN-2015-CS1217511-42238,2015-08-22 00:00:00,CS-1217511,Charles Sheldon,Corporate,Bangladesh,Asia Pacific,Southern Asia,OFF-BI-4812,Office Supplies,Binders,"Ibico Binder, Durable",135.83999999999997,8,0,28.32
PL-2015-GA4515103-42242,2015-08-26 00:00:00,GA-4515103,George Ashbrook,Consumer,Poland,Europe,Eastern Europe,FUR-BO-5769,Furniture,Bookcases,"Safco Corner Shelving, Mobile",151.98000000000002,1,0,66.87
SU-2015-CA2265122-42236,2015-08-20 00:00:00,CA-2265122,Christina Anderson,Consumer,Sudan,Africa,North Africa,TEC-MA-6137,Technology,Machines,"StarTech Card Printer, Red",321.3,2,0,35.339999999999996
ID-2015-RO1978059-42230,2015-08-14 00:00:00,RO-1978059,Rose O'Brian,Consumer,Indonesia,Asia Pacific,Southeastern Asia,TEC-AC-3391,Technology,Accessories,"Belkin Memory Card, USB",243.84239999999997,4,0.47000000000000003,-202.43759999999997
MX-2015-JF1519026-42222,2015-08-06 00:00:00,JF-1519026,Jamie Frazer,Consumer,Chile,LATAM,South America,TEC-PH-3791,Technology,Phones,"Cisco Headset, Full Size",239.28000000000003,4,0,86.08
ID-2015-ME17725113-42247,2015-08-31 00:00:00,ME-17725113,Max Engle,Consumer,Singapore,Asia Pacific,Southeastern Asia,OFF-SU-4120,Office Supplies,Supplies,"Elite Letter Opener, Easy Grip",86.75999999999999,3,0,22.5
ES-2015-EN1378045-42225,2015-08-09 00:00:00,EN-1378045,Edward Nazzal,Consumer,France,Europe,Western Europe,FUR-CH-5436,Furniture,Chairs,"Office Star Bag Chairs, Set of Two",259.605,5,0.1,-14.445
IN-2015-TW21025144-42224,2015-08-08 00:00:00,TW-21025144,Tamara Willingham,Home Office,Vietnam,Asia Pacific,Southeastern Asia,TEC-MA-4194,Technology,Machines,"Epson Card Printer, Red",138.693,1,0.17,31.743
IZ-2015-DW348061-42238,2015-08-22 00:00:00,DW-348061,Dianna Wilson,Home Office,Iraq,Asia Pacific,Western Asia,OFF-BI-3257,Office Supplies,Binders,"Avery Binding Machine, Economy",97.68,2,0,11.7
AG-2015-HR48303-42221,2015-08-05 00:00:00,HR-48303,Harold Ryan,Corporate,Algeria,Africa,North Africa,TEC-MA-5503,Technology,Machines,"Okidata Inkjet, Wireless",314.22,1,0,3.12
ID-2015-SH2063559-42237,2015-08-21 00:00:00,SH-2063559,Stefanie Holloman,Corporate,Indonesia,Asia Pacific,Southeastern Asia,OFF-AR-3454,Office Supplies,Art,"BIC Highlighters, Water Color",129.1224,8,0.27,-47.757600000000004
ID-2015-JH1598559-42243,2015-08-27 00:00:00,JH-1598559,Joseph Holt,Consumer,Indonesia,Asia Pacific,Southeastern Asia,OFF-EN-4918,Office Supplies,Envelopes,"Jiffy Manila Envelope, Recycled",184.0902,14,0.47000000000000003,-159.88979999999998
IN-2015-SJ2012578-42230,2015-08-14 00:00:00,SJ-2012578,Sanjit Jacobs,Home Office,Malaysia,Asia Pacific,Southeastern Asia,OFF-PA-4481,Office Supplies,Paper,"Green Bar Parchment Paper, 8.5 x 11",124.92,6,0,48.60000000000001
IT-2015-HK1489048-42243,2015-08-27 00:00:00,HK-1489048,Heather Kirkland,Corporate,Germany,Europe,Western Europe,OFF-PA-6613,Office Supplies,Paper,"Xerox Message Books, 8.5 x 11",154.41299999999998,7,0.1,22.113000000000003
ID-2015-VB2174559-42230,2015-08-14 00:00:00,VB-2174559,Victoria Brennan,Corporate,Indonesia,Asia Pacific,Southeastern Asia,FUR-CH-4627,Furniture,Chairs,"Hon Bag Chairs, Black",124.74239999999999,4,0.27,-44.4576
MX-2015-DO1343536-42224,2015-08-08 00:00:00,DO-1343536,Denny Ordway,Consumer,Dominican Republic,LATAM,Caribbean,FUR-CH-5806,Furniture,Chairs,"SAFCO Swivel Stool, Black",264.8160000000001,3,0.2,-66.20400000000002
RO-2015-HW4935107-42245,2015-08-29 00:00:00,HW-4935107,Helen Wasserman,Corporate,Romania,Europe,Eastern Europe,OFF-BI-2902,Office Supplies,Binders,"Acco Binding Machine, Recycled",102.89999999999999,2,0,25.68
MW-2015-TS1143085-42220,2015-08-04 00:00:00,TS-1143085,Tom Stivers,Corporate,Montenegro,Europe,Southern Europe,FUR-BO-4855,Furniture,Bookcases,"Ikea Corner Shelving, Traditional",246.12,2,0,93.48
ES-2015-JE1574548-42244,2015-08-28 00:00:00,JE-1574548,Joel Eaton,Consumer,Germany,Europe,Western Europe,TEC-PH-5341,Technology,Phones,"Nokia Headset, VoIP",73.19999999999999,1,0,30.72
US-2015-Dp13240140-42239,2015-08-23 00:00:00,Dp-132401406,Dean percer,Home Office,United States,USCA,Eastern US,FUR-TA-3412,Furniture,Tables,Bevis Boat-Shaped Conference Table,314.532,2,0.4,-83.87520000000004
ID-2015-BF109757-42243,2015-08-27 00:00:00,BF-109757,Barbara Fisher,Corporate,Australia,Asia Pacific,Oceania,OFF-SU-4984,Office Supplies,Supplies,"Kleencut Ruler, Steel",58.32000000000001,5,0.1,7.019999999999999
IT-2015-JB1540091-42245,2015-08-29 00:00:00,JB-1540091,Jennifer Braxton,Corporate,Netherlands,Europe,Western Europe,TEC-AC-5220,Technology,Accessories,"Memorex Numeric Keypad, Bluetooth",67.815,3,0.5,-27.135000000000005
MX-2015-YS2188031-42244,2015-08-28 00:00:00,YS-2188031,Yana Sorensen,Corporate,Cuba,LATAM,Caribbean,OFF-AP-4971,Office Supplies,Appliances,"KitchenAid Toaster, White",166.92,3,0,70.08
ID-2015-DW135857-42230,2015-08-14 00:00:00,DW-135857,Dorothy Wardle,Corporate,Australia,Asia Pacific,Oceania,TEC-CO-4589,Technology,Copiers,"Hewlett Personal Copier, Laser",346.24799999999993,4,0.4,-207.792
IN-2015-FH143507-42222,2015-08-06 00:00:00,FH-143507,Fred Harton,Consumer,Australia,Asia Pacific,Oceania,OFF-SU-4985,Office Supplies,Supplies,"Kleencut Scissors, Easy Grip",107.59500000000003,5,0.1,3.4949999999999974
ES-2015-TC20980120-42220,2015-08-04 00:00:00,TC-20980120,Tamara Chand,Corporate,Spain,Europe,Southern Europe,OFF-AP-4968,Office Supplies,Appliances,"KitchenAid Toaster, Black",169.5,2,0,50.82000000000001
MX-2015-BF1117036-42237,2015-08-21 00:00:00,BF-1117036,Ben Ferrer,Home Office,Dominican Republic,LATAM,Caribbean,OFF-ST-4284,Office Supplies,Storage,"Fellowes Shelving, Single Width",92.592,3,0.2,28.931999999999995
ES-2015-KA1652548-42231,2015-08-15 00:00:00,KA-1652548,Kelly Andreada,Consumer,Germany,Europe,Western Europe,OFF-AP-4723,Office Supplies,Appliances,"Hoover Coffee Grinder, Red",309.55500000000006,5,0.1,-24.19500000000001
IN-2015-SH2039527-42234,2015-08-18 00:00:00,SH-2039527,Shahid Hopkins,Consumer,China,Asia Pacific,Eastern Asia,FUR-CH-4699,Furniture,Chairs,"Hon Steel Folding Chair, Red",325.68,4,0,123.72
US-2015-PB1921055-42218,2015-08-02 00:00:00,PB-1921055,Phillip Breyer,Corporate,Honduras,LATAM,Central America,OFF-BI-3253,Office Supplies,Binders,"Avery Binder, Economy",61.92,12,0.4,-34.08
MX-2015-TC2129539-42228,2015-08-12 00:00:00,TC-2129539,Toby Carlisle,Consumer,El Salvador,LATAM,Central America,OFF-EN-5035,Office Supplies,Envelopes,"Kraft Mailers, Set of 50",125.5,5,0,36.3
IN-2015-AS1013558-42229,2015-08-13 00:00:00,AS-1013558,Adrian Shami,Home Office,India,Asia Pacific,Southern Asia,OFF-SU-2966,Office Supplies,Supplies,"Acme Box Cutter, High Speed",189,5,0,58.5
MX-2015-BD1150036-42244,2015-08-28 00:00:00,BD-1150036,Bradley Drucker,Consumer,Dominican Republic,LATAM,Caribbean,FUR-CH-5412,Furniture,Chairs,"Novimex Swivel Stool, Black",259.24800000000005,3,0.2,-32.41200000000001
IN-2015-EB1370578-42217,2015-08-01 00:00:00,EB-1370578,Ed Braxton,Corporate,Malaysia,Asia Pacific,Southeastern Asia,FUR-FU-3039,Furniture,Furnishings,"Advantus Light Bulb, Erganomic",168.20999999999998,9,0,65.34
RO-2015-CS2355107-42233,2015-08-17 00:00:00,CS-2355107,Christine Sundaresam,Consumer,Romania,Europe,Eastern Europe,FUR-BO-3887,Furniture,Bookcases,"Dania 3-Shelf Cabinet, Pine",142.8,1,0,12.84
ZA-2015-LR7035146-42228,2015-08-12 00:00:00,LR-7035146,Lisa Ryan,Corporate,Zambia,Africa,Eastern Africa,TEC-PH-3792,Technology,Phones,"Cisco Headset, VoIP",88.53,1,0,3.54
ES-2015-BD1150045-42222,2015-08-06 00:00:00,BD-1150045,Bradley Drucker,Consumer,France,Europe,Western Europe,OFF-ST-6246,Office Supplies,Storage,"Tenex File Cart, Blue",359.6400000000001,3,0.1,31.94999999999999
IZ-2015-JR567061-42241,2015-08-25 00:00:00,JR-567061,Jim Radford,Consumer,Iraq,Asia Pacific,Western Asia,OFF-ST-4295,Office Supplies,Storage,"Fellowes Trays, Single Width",114.84,2,0,57.42
ES-2015-CC1261048-42232,2015-08-16 00:00:00,CC-1261048,Corey Catlett,Corporate,Germany,Europe,Western Europe,FUR-FU-5724,Furniture,Furnishings,"Rubbermaid Door Stop, Duo Pack",175.44,4,0,12.24
ID-2015-TP2156597-42242,2015-08-26 00:00:00,TP-2156597,Tracy Poddar,Corporate,Pakistan,Asia Pacific,Southern Asia,OFF-EN-4921,Office Supplies,Envelopes,"Jiffy Manila Envelope, with clear poly window",103.42499999999998,7,0.5,-2.204999999999984
MX-2015-DK1298518-42217,2015-08-01 00:00:00,DK-1298518,Darren Koutras,Consumer,Brazil,LATAM,South America,OFF-BI-3717,Office Supplies,Binders,"Cardinal Binder Covers, Durable",72,8,0,12.959999999999999
IT-2015-JW1522091-42234,2015-08-18 00:00:00,JW-1522091,Jane Waco,Corporate,Netherlands,Europe,Western Europe,OFF-ST-4258,Office Supplies,Storage,"Fellowes File Cart, Industrial",206.68500000000003,3,0.5,-152.95500000000004
US-2015-SC2068018-42231,2015-08-15 00:00:00,SC-2068018,Steve Carroll,Home Office,Brazil,LATAM,South America,TEC-PH-3143,Technology,Phones,"Apple Signal Booster, Cordless",186.00000000000003,5,0.6,-251.1
IN-2015-MC1727588-42241,2015-08-25 00:00:00,MC-1727588,Marc Crier,Consumer,Myanmar (Burma),Asia Pacific,Southeastern Asia,OFF-AR-3501,Office Supplies,Art,"Binney & Smith Sketch Pad, Fluorescent",78.9828,2,0.17,10.462800000000001
IT-2015-AP1091545-42238,2015-08-22 00:00:00,AP-1091545,Arthur Prichep,Consumer,France,Europe,Western Europe,TEC-MA-4209,Technology,Machines,"Epson Receipt Printer, Durable",298.7325,3,0.15,-28.1475
IT-2015-MY1829591-42232,2015-08-16 00:00:00,MY-1829591,Muhammed Yedwab,Corporate,Netherlands,Europe,Western Europe,OFF-ST-4094,Office Supplies,Storage,"Eldon Shelving, Blue",48.42,2,0.5,-22.320000000000004
IN-2015-TM2101066-42230,2015-08-14 00:00:00,TM-2101066,Tamara Manning,Consumer,Japan,Asia Pacific,Eastern Asia,OFF-ST-6272,Office Supplies,Storage,"Tenex Shelving, Blue",163.98,3,0,0
ES-2015-MA17995139-42247,2015-08-31 00:00:00,MA-17995139,Michelle Arnett,Home Office,United Kingdom,Europe,Northern Europe,OFF-BI-4824,Office Supplies,Binders,"Ibico Hole Reinforcements, Durable",50.94,6,0,14.22
IT-2015-JW15955124-42227,2015-08-11 00:00:00,JW-15955124,Joni Wasserman,Consumer,Sweden,Europe,Northern Europe,OFF-BI-4817,Office Supplies,Binders,"Ibico Binding Machine, Economy",231.39000000000001,9,0.5,-189.81
IN-2015-CM1211527-42235,2015-08-19 00:00:00,CM-1211527,Chad McGuire,Consumer,China,Asia Pacific,Eastern Asia,OFF-PA-4177,Office Supplies,Paper,"Enermax Note Cards, Premium",85.5,3,0,34.199999999999996
IN-2015-HK1489092-42237,2015-08-21 00:00:00,HK-1489092,Heather Kirkland,Corporate,New Zealand,Asia Pacific,Oceania,OFF-ST-5705,Office Supplies,Storage,"Rogers Shelving, Blue",248.51999999999998,4,0,104.28
IN-2015-SJ2012578-42230,2015-08-14 00:00:00,SJ-2012578,Sanjit Jacobs,Home Office,Malaysia,Asia Pacific,Southeastern Asia,OFF-ST-6229,Office Supplies,Storage,"Tenex Box, Industrial",84.9,5,0,12.6
IN-2015-SV207857-42235,2015-08-19 00:00:00,SV-207857,Stewart Visinsky,Consumer,Australia,Asia Pacific,Oceania,OFF-ST-4106,Office Supplies,Storage,"Eldon Trays, Industrial",218.02499999999998,5,0.1,-24.224999999999998
MX-2015-GM1468054-42242,2015-08-26 00:00:00,GM-1468054,Greg Matthias,Consumer,Haiti,LATAM,Caribbean,TEC-AC-5193,Technology,Accessories,"Memorex Flash Drive, Bluetooth",117.6,10,0.4,-37.400000000000006
ES-2015-MS1777064-42237,2015-08-21 00:00:00,MS-1777064,Maxwell Schwartz,Consumer,Italy,Europe,Southern Europe,OFF-AR-3457,Office Supplies,Art,"BIC Markers, Easy-Erase",80.10000000000001,3,0,22.410000000000004
ES-2015-RA1991564-42245,2015-08-29 00:00:00,RA-1991564,Russell Applegate,Consumer,Italy,Europe,Southern Europe,FUR-FU-4043,Furniture,Furnishings,"Eldon Door Stop, Erganomic",146.34,3,0,18.990000000000002
RS-2015-EM4200108-42218,2015-08-02 00:00:00,EM-4200108,Evan Minnotte,Home Office,Russia,Europe,Eastern Europe,FUR-FU-5725,Furniture,Furnishings,"Rubbermaid Door Stop, Durable",163.32000000000002,4,0,21.12
US-2015-DO13435140-42236,2015-08-20 00:00:00,DO-134351404,Denny Ordway,Consumer,United States,USCA,Western US,OFF-BI-6392,Office Supplies,Binders,"Wilson Jones Elliptical Ring 3 1/2"" Capacity Binders, 800 sheets",102.72,3,0.2,37.236
ES-2015-CM127158-42227,2015-08-11 00:00:00,CM-127158,Craig Molinari,Corporate,Austria,Europe,Western Europe,OFF-AR-3468,Office Supplies,Art,"BIC Sketch Pad, Blue",97.32,2,0,17.46
MX-2015-CK1232536-42235,2015-08-19 00:00:00,CK-1232536,Christine Kargatis,Home Office,Dominican Republic,LATAM,Caribbean,OFF-SU-4978,Office Supplies,Supplies,"Kleencut Letter Opener, Easy Grip",86.592,6,0.2,20.472000000000005
IN-2015-AJ109457-42234,2015-08-18 00:00:00,AJ-109457,Ashley Jarboe,Consumer,Australia,Asia Pacific,Oceania,OFF-EN-4910,Office Supplies,Envelopes,"Jiffy Interoffice Envelope, Recycled",162.864,4,0.1,68.664
MX-2015-MC1759051-42223,2015-08-07 00:00:00,MC-1759051,Matt Collister,Corporate,Guatemala,LATAM,Central America,TEC-CO-3703,Technology,Copiers,"Canon Personal Copier, Color",287.78328,3,0.002,111.86327999999999
ID-2015-RB193307-42228,2015-08-12 00:00:00,RB-193307,Randy Bradley,Consumer,Australia,Asia Pacific,Oceania,OFF-ST-4078,Office Supplies,Storage,"Eldon Lockers, Blue",178.119,1,0.1,-15.861
ES-2015-SR20425139-42229,2015-08-13 00:00:00,SR-20425139,Sharelle Roach,Home Office,United Kingdom,Europe,Northern Europe,OFF-BI-4815,Office Supplies,Binders,"Ibico Binding Machine, Clear",203.52,4,0,93.6
TU-2015-HG4845134-42228,2015-08-12 00:00:00,HG-4845134,Harry Greene,Consumer,Turkey,Asia Pacific,Western Asia,FUR-CH-4562,Furniture,Chairs,"Harbour Creations Swivel Stool, Black",71.07600000000001,1,0.6,-47.99399999999999
US-2015-DL13495140-42232,2015-08-16 00:00:00,DL-134951406,Dionis Lloyd,Corporate,United States,USCA,Eastern US,OFF-ST-6294,Office Supplies,Storage,Tennsco Single-Tier Lockers,1801.632,6,0.2,-337.80600000000004
IT-2015-MG18205139-42242,2015-08-26 00:00:00,MG-18205139,Mitch Gastineau,Corporate,United Kingdom,Europe,Northern Europe,FUR-FU-3066,Furniture,Furnishings,"Advantus Stacking Tray, Durable",258.42600000000004,14,0.3,-11.214000000000013
ES-2015-RL19615139-42245,2015-08-29 00:00:00,RL-19615139,Rob Lucas,Consumer,United Kingdom,Europe,Northern Europe,OFF-EN-5030,Office Supplies,Envelopes,"Kraft Interoffice Envelope, Security-Tint",197.28000000000003,4,0,19.68
ID-2015-RB193307-42228,2015-08-12 00:00:00,RB-193307,Randy Bradley,Consumer,Australia,Asia Pacific,Oceania,FUR-FU-3940,Furniture,Furnishings,"Deflect-O Frame, Black",99.036,1,0.1,29.706000000000003
IT-2015-LT1676591-42231,2015-08-15 00:00:00,LT-1676591,Larry Tron,Consumer,Netherlands,Europe,Western Europe,OFF-AR-3539,Office Supplies,Art,"Boston Markers, Fluorescent",55.260000000000005,4,0.5,-38.7
CA-2015-DL13495140-42238,2015-08-22 00:00:00,DL-134951404,Dionis Lloyd,Corporate,United States,USCA,Western US,OFF-PA-6496,Office Supplies,Paper,Xerox 1941,83.88,1,0.2,29.357999999999997
ES-2015-YC21895120-42238,2015-08-22 00:00:00,YC-21895120,Yoseph Carroll,Corporate,Spain,Europe,Southern Europe,FUR-FU-3957,Furniture,Furnishings,"Deflect-O Stacking Tray, Erganomic",191.28,8,0,53.519999999999996
MX-2015-PB1910528-42231,2015-08-15 00:00:00,PB-1910528,Peter Bühler,Consumer,Colombia,LATAM,South America,OFF-EN-3107,Office Supplies,Envelopes,"Ames Manila Envelope, with clear poly window",112.91999999999999,6,0,9
ES-2015-MR1754548-42218,2015-08-02 00:00:00,MR-1754548,Mathew Reese,Home Office,Germany,Europe,Western Europe,TEC-MA-5515,Technology,Machines,"Okidata Receipt Printer, Red",600.3,5,0,102
KZ-2015-RM975068-42228,2015-08-12 00:00:00,RM-975068,Roland Murray,Consumer,Kazakhstan,Asia Pacific,Central Asia,OFF-AR-3501,Office Supplies,Art,"Binney & Smith Sketch Pad, Fluorescent",114.19200000000001,8,0.7,-247.48799999999997
ES-2015-MR1754548-42218,2015-08-02 00:00:00,MR-1754548,Mathew Reese,Home Office,Germany,Europe,Western Europe,OFF-AR-3526,Office Supplies,Art,"Boston Canvas, Easy-Erase",215.64,4,0,49.56
CA-2015-DW13540140-42242,2015-08-26 00:00:00,DW-135401408,Don Weiss,Consumer,United States,USCA,Southern US,OFF-PA-6548,Office Supplies,Paper,Xerox 199,3.4240000000000004,1,0.2,1.0699999999999996
CA-2015-DW13540140-42242,2015-08-26 00:00:00,DW-135401408,Don Weiss,Consumer,United States,USCA,Southern US,OFF-AR-6632,Office Supplies,Art,Zebra Zazzle Fluorescent Highlighters,9.728000000000002,2,0.2,1.702399999999999
IT-2015-JS1603045-42229,2015-08-13 00:00:00,JS-1603045,Joy Smith,Consumer,France,Europe,Western Europe,OFF-AR-3498,Office Supplies,Art,"Binney & Smith Pens, Water Color",60.480000000000004,4,0,21.72
ES-2015-JF1556545-42241,2015-08-25 00:00:00,JF-1556545,Jill Fjeld,Consumer,France,Europe,Western Europe,OFF-AR-3538,Office Supplies,Art,"Boston Markers, Easy-Erase",133.2,5,0,11.850000000000001
MX-2015-JW1595539-42237,2015-08-21 00:00:00,JW-1595539,Joni Wasserman,Consumer,El Salvador,LATAM,Central America,FUR-CH-5800,Furniture,Chairs,"SAFCO Steel Folding Chair, Adjustable",117.6,2,0,47.04
MX-2015-SR2074093-42246,2015-08-30 00:00:00,SR-2074093,Steven Roelle,Home Office,Nicaragua,LATAM,Central America,OFF-ST-6249,Office Supplies,Storage,"Tenex Folders, Blue",123.84,8,0,49.43999999999999
ID-2015-LC16960102-42229,2015-08-13 00:00:00,LC-16960102,Lindsay Castell,Home Office,Philippines,Asia Pacific,Southeastern Asia,OFF-EN-5031,Office Supplies,Envelopes,"Kraft Interoffice Envelope, Set of 50",103.22400000000002,4,0.45,-47.016000000000005
IN-2015-SS2059059-42236,2015-08-20 00:00:00,SS-2059059,Sonia Sunley,Consumer,Indonesia,Asia Pacific,Southeastern Asia,FUR-FU-6276,Furniture,Furnishings,"Tenex Stacking Tray, Black",110.7702,6,0.27,4.390199999999993
ID-2015-CC12370118-42225,2015-08-09 00:00:00,CC-12370118,Christopher Conant,Consumer,South Korea,Asia Pacific,Eastern Asia,FUR-CH-5802,Furniture,Chairs,"SAFCO Steel Folding Chair, Red",137.13600000000002,2,0.2,-0.024000000000008015
ES-2015-FM14215120-42220,2015-08-04 00:00:00,FM-14215120,Filia McAdams,Corporate,Spain,Europe,Southern Europe,FUR-BO-3647,Furniture,Bookcases,"Bush Stackable Bookrack, Pine",124.85999999999999,1,0,48.69
MA-2015-JF519077-42220,2015-08-04 00:00:00,JF-519077,Jamie Frazer,Consumer,Madagascar,Africa,Eastern Africa,FUR-FU-3933,Furniture,Furnishings,"Deflect-O Door Stop, Duo Pack",88.02,2,0,31.68
MX-2015-BN1147093-42222,2015-08-06 00:00:00,BN-1147093,Brad Norvell,Corporate,Nicaragua,LATAM,Central America,TEC-CO-6005,Technology,Copiers,"Sharp Personal Copier, Color",161.59616,2,0.002,30.43616
CA-2015-DW358523-42222,2015-08-06 00:00:00,DW-358523,Dorothy Wardle,Corporate,Canada,USCA,Canada,OFF-BI-3254,Office Supplies,Binders,"Avery Binder, Recycled",26.52,2,0,12.18
SF-2015-RS9765117-42224,2015-08-08 00:00:00,RS-9765117,Roland Schwarz,Corporate,South Africa,Africa,Southern Africa,TEC-AC-5225,Technology,Accessories,"Memorex Router, Programmable",247.70999999999998,1,0,116.39999999999999
IN-2015-SH2039527-42234,2015-08-18 00:00:00,SH-2039527,Shahid Hopkins,Consumer,China,Asia Pacific,Eastern Asia,FUR-CH-5756,Furniture,Chairs,"SAFCO Chairmat, Adjustable",186.93,3,0,29.879999999999995
CA-2015-DO364523-42241,2015-08-25 00:00:00,DO-364523,Doug O'Connell,Consumer,Canada,USCA,Canada,OFF-ST-4266,Office Supplies,Storage,"Fellowes Lockers, Blue",829.3199999999999,4,0,215.52
CA-2015-DO364523-42241,2015-08-25 00:00:00,DO-364523,Doug O'Connell,Consumer,Canada,USCA,Canada,OFF-AR-5904,Office Supplies,Art,"Sanford Canvas, Fluorescent",103.56,2,0,38.28
ES-2015-AG107658-42244,2015-08-28 00:00:00,AG-107658,Anthony Garverick,Home Office,Austria,Europe,Western Europe,OFF-SU-6165,Office Supplies,Supplies,"Stiletto Letter Opener, Easy Grip",150,5,0,28.499999999999996
CA-2015-DO364523-42241,2015-08-25 00:00:00,DO-364523,Doug O'Connell,Consumer,Canada,USCA,Canada,TEC-AC-5889,Technology,Accessories,"SanDisk Numeric Keypad, USB",106.32000000000002,2,0,34.019999999999996
ES-2015-IM1507048-42234,2015-08-18 00:00:00,IM-1507048,Irene Maddox,Consumer,Germany,Europe,Western Europe,OFF-AR-3538,Office Supplies,Art,"Boston Markers, Easy-Erase",186.48000000000002,7,0,16.59
RO-2015-KF6285107-42223,2015-08-07 00:00:00,KF-6285107,Karen Ferguson,Home Office,Romania,Europe,Eastern Europe,OFF-EN-5034,Office Supplies,Envelopes,"Kraft Mailers, Security-Tint",160.20000000000002,4,0,7.92
TU-2015-BT1485134-42235,2015-08-19 00:00:00,BT-1485134,Brad Thomas,Home Office,Turkey,Asia Pacific,Western Asia,FUR-BO-4844,Furniture,Bookcases,"Ikea 3-Shelf Cabinet, Metal",227.04000000000002,4,0.6,-249.84
CA-2015-DO364523-42241,2015-08-25 00:00:00,DO-364523,Doug O'Connell,Consumer,Canada,USCA,Canada,TEC-PH-5260,Technology,Phones,"Motorola Office Telephone, Full Size",73.05,1,0,23.37
CA-2015-DO13645140-42236,2015-08-20 00:00:00,DO-136451406,Doug O'Connell,Consumer,United States,USCA,Eastern US,OFF-PA-6561,Office Supplies,Paper,Xerox 200,19.44,3,0,9.3312
ES-2015-SJ20215120-42238,2015-08-22 00:00:00,SJ-20215120,Sarah Jordon,Consumer,Spain,Europe,Southern Europe,OFF-BI-6371,Office Supplies,Binders,"Wilson Jones 3-Hole Punch, Economy",83.97,3,0,27.629999999999995
US-2015-DP1316536-42238,2015-08-22 00:00:00,DP-1316536,David Philippe,Consumer,Dominican Republic,LATAM,Caribbean,TEC-PH-5337,Technology,Phones,"Nokia Audio Dock, VoIP",177.95200000000003,2,0.2,-42.288000000000004
IN-2015-MV1748559-42238,2015-08-22 00:00:00,MV-1748559,Mark Van Huff,Consumer,Indonesia,Asia Pacific,Southeastern Asia,OFF-AP-4953,Office Supplies,Appliances,"KitchenAid Coffee Grinder, Red",175.4703,3,0.17,46.500299999999996
ES-2015-SV20785120-42245,2015-08-29 00:00:00,SV-20785120,Stewart Visinsky,Consumer,Spain,Europe,Southern Europe,OFF-ST-6248,Office Supplies,Storage,"Tenex File Cart, Single Width",484.59600000000006,4,0.1,199.11599999999999
MX-2015-JF1556582-42243,2015-08-27 00:00:00,JF-1556582,Jill Fjeld,Consumer,Mexico,LATAM,Central America,TEC-PH-5825,Technology,Phones,"Samsung Headset, Full Size",198.64000000000001,4,0,99.28
ES-2015-JF15295139-42217,2015-08-01 00:00:00,JF-15295139,Jason Fortune-,Consumer,United Kingdom,Europe,Northern Europe,FUR-FU-3048,Furniture,Furnishings,"Advantus Photo Frame, Duo Pack",148.512,4,0.3,16.872
ES-2015-CD1279048-42229,2015-08-13 00:00:00,CD-1279048,Cynthia Delaney,Home Office,Germany,Europe,Western Europe,OFF-ST-4107,Office Supplies,Storage,"Eldon Trays, Single Width",86.4,2,0.1,22.08
ID-2015-AA103157-42241,2015-08-25 00:00:00,AA-103157,Alex Avila,Consumer,Australia,Asia Pacific,Oceania,FUR-FU-3941,Furniture,Furnishings,"Deflect-O Frame, Duo Pack",99.09,1,0.1,-9.930000000000001
ID-2015-BE114557-42242,2015-08-26 00:00:00,BE-114557,Brad Eason,Home Office,Australia,Asia Pacific,Oceania,TEC-MA-5509,Technology,Machines,"Okidata Phone, Wireless",104.21999999999998,2,0.4,-12.18
ES-2015-AG1033045-42220,2015-08-04 00:00:00,AG-1033045,Alex Grayson,Consumer,France,Europe,Western Europe,OFF-AR-3552,Office Supplies,Art,"Boston Sketch Pad, Blue",194.39999999999998,4,0,83.52
ES-2015-TC2098048-42242,2015-08-26 00:00:00,TC-2098048,Tamara Chand,Corporate,Germany,Europe,Western Europe,FUR-FU-3029,Furniture,Furnishings,"Advantus Door Stop, Durable",126.18,3,0,63.09
UP-2015-AZ750137-42221,2015-08-05 00:00:00,AZ-750137,Annie Zypern,Consumer,Ukraine,Europe,Eastern Europe,OFF-PA-5886,Office Supplies,Paper,"SanDisk Note Cards, Premium",62.46,2,0,25.56
IN-2015-LH1675092-42218,2015-08-02 00:00:00,LH-1675092,Larry Hughes,Consumer,New Zealand,Asia Pacific,Oceania,OFF-EN-4924,Office Supplies,Envelopes,"Jiffy Peel and Seal, Security-Tint",53.784,4,0.4,-0.9359999999999999
SF-2015-JD6060117-42229,2015-08-13 00:00:00,JD-6060117,Julia Dunbar,Consumer,South Africa,Africa,Southern Africa,FUR-BO-3894,Furniture,Bookcases,"Dania Corner Shelving, Mobile",249.18,2,0,72.24
ES-2015-MC18100120-42246,2015-08-30 00:00:00,MC-18100120,Mick Crebagga,Consumer,Spain,Europe,Southern Europe,OFF-AR-3477,Office Supplies,Art,"Binney & Smith Canvas, Fluorescent",105.24,2,0,19.98
ES-2015-GZ1454545-42229,2015-08-13 00:00:00,GZ-1454545,George Zrebassa,Corporate,France,Europe,Western Europe,OFF-BI-3715,Office Supplies,Binders,"Cardinal 3-Hole Punch, Recycled",233.28000000000003,8,0,67.44
IR-2015-PF916560-42234,2015-08-18 00:00:00,PF-916560,Philip Fox,Consumer,Iran,Asia Pacific,Southern Asia,TEC-AC-5865,Technology,Accessories,"SanDisk Keyboard, Erganomic",158.58,2,0,20.580000000000002
MX-2015-SW2075528-42224,2015-08-08 00:00:00,SW-2075528,Steven Ward,Corporate,Colombia,LATAM,South America,OFF-AR-3469,Office Supplies,Art,"BIC Sketch Pad, Easy-Erase",65.24,2,0,22.16
US-2015-EH13765140-42234,2015-08-18 00:00:00,EH-137651406,Edward Hooks,Corporate,United States,USCA,Eastern US,OFF-BI-4342,Office Supplies,Binders,GBC DocuBind TL200 Manual Binding Machine,895.92,5,0.2,302.37299999999993
IN-2015-IL1510058-42223,2015-08-07 00:00:00,IL-1510058,Ivan Liston,Consumer,India,Asia Pacific,Southern Asia,OFF-BI-3724,Office Supplies,Binders,"Cardinal Binding Machine, Clear",196.92000000000004,4,0,90.48
US-2015-EH13765140-42234,2015-08-18 00:00:00,EH-137651406,Edward Hooks,Corporate,United States,USCA,Eastern US,FUR-CH-4399,Furniture,Chairs,Global Commerce Series Low-Back Swivel/Tilt Chairs,462.564,2,0.1,97.65239999999994
ID-2015-BV1124527-42232,2015-08-16 00:00:00,BV-1124527,Benjamin Venier,Corporate,China,Asia Pacific,Eastern Asia,OFF-SU-2966,Office Supplies,Supplies,"Acme Box Cutter, High Speed",113.39999999999999,3,0,35.099999999999994
MX-2015-TP2156582-42236,2015-08-20 00:00:00,TP-2156582,Tracy Poddar,Corporate,Mexico,LATAM,Central America,OFF-SU-4116,Office Supplies,Supplies,"Elite Box Cutter, Easy Grip",73.02,3,0,14.580000000000002
IZ-2015-BF127561-42241,2015-08-25 00:00:00,BF-127561,Beth Fritzler,Corporate,Iraq,Asia Pacific,Western Asia,TEC-AC-3405,Technology,Accessories,"Belkin Router, USB",258.96000000000004,1,0,121.71000000000001
ES-2015-CS1240045-42228,2015-08-12 00:00:00,CS-1240045,Christopher Schild,Home Office,France,Europe,Western Europe,FUR-BO-3907,Furniture,Bookcases,"Dania Stackable Bookrack, Traditional",217.89,2,0.1,77.43000000000002
ES-2015-ZC2191045-42228,2015-08-12 00:00:00,ZC-2191045,Zuschuss Carroll,Consumer,France,Europe,Western Europe,OFF-ST-5709,Office Supplies,Storage,"Rogers Trays, Blue",277.55999999999995,5,0.1,61.56000000000001
MO-2015-BN151586-42245,2015-08-29 00:00:00,BN-151586,Bradley Nguyen,Consumer,Morocco,Africa,North Africa,OFF-ST-4056,Office Supplies,Storage,"Eldon File Cart, Industrial",255.78000000000003,2,0,30.660000000000004
IT-2015-JB1540091-42245,2015-08-29 00:00:00,JB-1540091,Jennifer Braxton,Corporate,Netherlands,Europe,Western Europe,OFF-ST-6066,Office Supplies,Storage,"Smead Trays, Industrial",73.44,3,0.5,-25.019999999999996
ES-2015-AH101208-42230,2015-08-14 00:00:00,AH-101208,Adrian Hane,Home Office,Austria,Europe,Western Europe,OFF-ST-4057,Office Supplies,Storage,"Eldon File Cart, Single Width",256.74,2,0,110.34
CA-2015-EM13810140-42237,2015-08-21 00:00:00,EM-138101406,Eleni McCrary,Corporate,United States,USCA,Eastern US,OFF-ST-5277,Office Supplies,Storage,"Neat Ideas Personal Hanging Folder Files, Black",40.29,3,0,10.475399999999999
UP-2015-CC2220137-42235,2015-08-19 00:00:00,CC-2220137,Chris Cortes,Consumer,Ukraine,Europe,Eastern Europe,OFF-AR-3552,Office Supplies,Art,"Boston Sketch Pad, Blue",194.39999999999998,4,0,83.52
ES-2015-MV1748564-42220,2015-08-04 00:00:00,MV-1748564,Mark Van Huff,Consumer,Italy,Europe,Southern Europe,OFF-SU-4306,Office Supplies,Supplies,"Fiskars Box Cutter, Steel",139.68,4,0,44.64
IT-2015-KD1634545-42238,2015-08-22 00:00:00,KD-1634545,Katherine Ducich,Consumer,France,Europe,Western Europe,OFF-BI-2902,Office Supplies,Binders,"Acco Binding Machine, Recycled",154.35,3,0,38.519999999999996
IN-2015-CK125957-42241,2015-08-25 00:00:00,CK-125957,Clytie Kelty,Consumer,Australia,Asia Pacific,Oceania,OFF-BI-3257,Office Supplies,Binders,"Avery Binding Machine, Economy",219.78000000000003,5,0.1,9.630000000000003
IT-2015-AG1049564-42241,2015-08-25 00:00:00,AG-1049564,Andrew Gjertsen,Corporate,Italy,Europe,Southern Europe,TEC-PH-5844,Technology,Phones,"Samsung Speaker Phone, Full Size",149.436,2,0.4,-39.864000000000004
ES-2015-BS1180045-42235,2015-08-19 00:00:00,BS-1180045,Bryan Spruell,Home Office,France,Europe,Western Europe,OFF-SU-6167,Office Supplies,Supplies,"Stiletto Letter Opener, Steel",75.24000000000001,3,0,9
IN-2015-SS2059059-42236,2015-08-20 00:00:00,SS-2059059,Sonia Sunley,Consumer,Indonesia,Asia Pacific,Southeastern Asia,OFF-EN-4444,Office Supplies,Envelopes,"GlobeWeis Mailers, Security-Tint",130.221,6,0.47000000000000003,-14.85899999999998
HR-2015-PB910530-42229,2015-08-13 00:00:00,PB-910530,Peter Bühler,Consumer,Croatia,Europe,Southern Europe,TEC-MA-5018,Technology,Machines,"Konica Receipt Printer, Durable",244.74000000000004,2,0,70.92
NI-2015-AG30095-42224,2015-08-08 00:00:00,AG-30095,Aleksandra Gannaway,Corporate,Nigeria,Africa,Western Africa,TEC-MA-5503,Technology,Machines,"Okidata Inkjet, Wireless",188.53200000000004,2,0.7,-433.668
CA-2015-ED13885140-42234,2015-08-18 00:00:00,ED-138851402,Emily Ducich,Home Office,United States,USCA,Central US,OFF-AP-3400,Office Supplies,Appliances,Belkin Premiere Surge Master II 8-outlet surge protector,38.86399999999999,4,0.8,-99.10320000000004
ES-2015-CM1193548-42244,2015-08-28 00:00:00,CM-1193548,Carlos Meador,Consumer,Germany,Europe,Western Europe,OFF-AR-6118,Office Supplies,Art,"Stanley Pencil Sharpener, Easy-Erase",78.12,3,0,26.550000000000004
CA-2015-ED13885140-42234,2015-08-18 00:00:00,ED-138851402,Emily Ducich,Home Office,United States,USCA,Central US,FUR-CH-5790,Furniture,Chairs,SAFCO Optional Arm Kit for Workspace Cribbage Stacking Chair,74.592,4,0.3,-2.1312000000000033
AG-2015-CD27903-42236,2015-08-20 00:00:00,CD-27903,Cynthia Delaney,Home Office,Algeria,Africa,North Africa,TEC-PH-5346,Technology,Phones,"Nokia Office Telephone, Cordless",67.98,1,0,6.09
IN-2015-LA1678027-42225,2015-08-09 00:00:00,LA-1678027,Laura Armstrong,Corporate,China,Asia Pacific,Eastern Asia,OFF-AR-3460,Office Supplies,Art,"BIC Pencil Sharpener, Blue",145.04999999999998,5,0,26.099999999999998
CA-2015-ED13885140-42234,2015-08-18 00:00:00,ED-138851402,Emily Ducich,Home Office,United States,USCA,Central US,OFF-SU-2931,Office Supplies,Supplies,Acco Side-Punched Conventional Columnar Pads,5.5520000000000005,2,0.2,-1.0410000000000006
CA-2015-ED13885140-42234,2015-08-18 00:00:00,ED-138851402,Emily Ducich,Home Office,United States,USCA,Central US,FUR-FU-2864,Furniture,Furnishings,36X48 HARDFLOOR CHAIRMAT,16.784000000000002,2,0.6,-22.2388
CA-2015-ED13885140-42234,2015-08-18 00:00:00,ED-138851402,Emily Ducich,Home Office,United States,USCA,Central US,OFF-AR-3276,Office Supplies,Art,Avery Fluorescent Highlighter Four-Color Set,8.016,3,0.2,1.0019999999999993
MX-2015-TB2119082-42221,2015-08-05 00:00:00,TB-2119082,Thomas Brumley,Home Office,Mexico,LATAM,Central America,TEC-PH-5261,Technology,Phones,"Motorola Office Telephone, VoIP",191.6,4,0,13.36
IT-2015-LF1718545-42246,2015-08-30 00:00:00,LF-1718545,Luke Foster,Consumer,France,Europe,Western Europe,OFF-AR-3496,Office Supplies,Art,"Binney & Smith Pens, Easy-Erase",48.84,4,0,0
RS-2015-EM4200108-42218,2015-08-02 00:00:00,EM-4200108,Evan Minnotte,Home Office,Russia,Europe,Eastern Europe,OFF-SU-4325,Office Supplies,Supplies,"Fiskars Trimmer, Easy Grip",87.84,2,0,32.46
IN-2015-BO113507-42230,2015-08-14 00:00:00,BO-113507,Bill Overfelt,Corporate,Australia,Asia Pacific,Oceania,OFF-BI-2899,Office Supplies,Binders,"Acco Binding Machine, Clear",136.485,3,0.1,37.844999999999985
ID-2015-RB19645102-42219,2015-08-03 00:00:00,RB-19645102,Robert Barroso,Corporate,Philippines,Asia Pacific,Southeastern Asia,TEC-CO-4591,Technology,Copiers,"Hewlett Wireless Fax, Digital",740.6685,3,0.35,68.36849999999998
ES-2015-RB19435139-42239,2015-08-23 00:00:00,RB-19435139,Richard Bierner,Consumer,United Kingdom,Europe,Northern Europe,OFF-LA-3298,Office Supplies,Labels,"Avery Legal Exhibit Labels, Adjustable",46.2,5,0,14.249999999999998
ES-2015-JL15235139-42242,2015-08-26 00:00:00,JL-15235139,Janet Lee,Consumer,United Kingdom,Europe,Northern Europe,OFF-SU-2980,Office Supplies,Supplies,"Acme Letter Opener, Steel",133.24500000000003,5,0.1,45.79500000000001
IT-2015-HG1484591-42242,2015-08-26 00:00:00,HG-1484591,Harry Greene,Consumer,Netherlands,Europe,Western Europe,TEC-AC-3380,Technology,Accessories,"Belkin Flash Drive, Programmable",65.16,3,0.5,-52.199999999999996
IT-2015-LW1699064-42238,2015-08-22 00:00:00,LW-1699064,Lindsay Williams,Corporate,Italy,Europe,Southern Europe,OFF-PA-4477,Office Supplies,Paper,"Green Bar Message Books, Recycled",118.5,5,0,42.599999999999994
IN-2015-CK125957-42241,2015-08-25 00:00:00,CK-125957,Clytie Kelty,Consumer,Australia,Asia Pacific,Oceania,OFF-PA-4480,Office Supplies,Paper,"Green Bar Note Cards, Premium",241.299,9,0.1,2.6190000000000033
IT-2015-CK1220564-42243,2015-08-27 00:00:00,CK-1220564,Chloris Kastensmidt,Consumer,Italy,Europe,Southern Europe,FUR-FU-5736,Furniture,Furnishings,"Rubbermaid Photo Frame, Duo Pack",155.43,3,0,55.89
ES-2015-BT1130548-42220,2015-08-04 00:00:00,BT-1130548,Beth Thompson,Home Office,Germany,Europe,Western Europe,OFF-AR-5904,Office Supplies,Art,"Sanford Canvas, Fluorescent",155.34,3,0,57.42
IN-2015-MC1727588-42241,2015-08-25 00:00:00,MC-1727588,Marc Crier,Consumer,Myanmar (Burma),Asia Pacific,Southeastern Asia,OFF-EN-3667,Office Supplies,Envelopes,"Cameo Mailers, Set of 50",63.345600000000005,2,0.17,16.785599999999995
IN-2015-MV1819058-42236,2015-08-20 00:00:00,MV-1819058,Mike Vittorini,Consumer,India,Asia Pacific,Southern Asia,OFF-AP-4743,Office Supplies,Appliances,"Hoover Stove, Red",3410.82,6,0,136.26
ES-2015-JD1589514-42227,2015-08-11 00:00:00,JD-1589514,Jonathan Doherty,Corporate,Belgium,Europe,Western Europe,OFF-AR-3447,Office Supplies,Art,"BIC Canvas, Blue",107.39999999999999,2,0,8.58
IN-2015-BS1136566-42243,2015-08-27 00:00:00,BS-1136566,Bill Shonely,Corporate,Japan,Asia Pacific,Eastern Asia,FUR-BO-3634,Furniture,Bookcases,"Bush Floating Shelf Set, Metal",170.73,1,0,44.37
CA-2015-EM13960140-42218,2015-08-02 00:00:00,EM-139601404,Eric Murdock,Consumer,United States,USCA,Western US,OFF-ST-4271,Office Supplies,Storage,"Fellowes Mobile File Cart, Black",186.54,3,0,50.36580000000001
IN-2015-DS1303058-42234,2015-08-18 00:00:00,DS-1303058,Darrin Sayre,Home Office,India,Asia Pacific,Southern Asia,OFF-AP-3857,Office Supplies,Appliances,"Cuisinart Blender, Red",267.96000000000004,4,0,48.12
IN-2015-SK1999059-42231,2015-08-15 00:00:00,SK-1999059,Sally Knutson,Consumer,Indonesia,Asia Pacific,Southeastern Asia,FUR-FU-3928,Furniture,Furnishings,"Deflect-O Clock, Black",146.9052,4,0.27,-40.29480000000001
ES-2015-RS1942045-42242,2015-08-26 00:00:00,RS-1942045,Ricardo Sperren,Corporate,France,Europe,Western Europe,FUR-CH-5758,Furniture,Chairs,"SAFCO Chairmat, Red",161.514,3,0.1,19.673999999999992
ES-2015-PC1900045-42227,2015-08-11 00:00:00,PC-1900045,Pauline Chand,Home Office,France,Europe,Western Europe,OFF-AR-3467,Office Supplies,Art,"BIC Pens, Water Color",122.22,7,0,49.98
IN-2015-CK125957-42241,2015-08-25 00:00:00,CK-125957,Clytie Kelty,Consumer,Australia,Asia Pacific,Oceania,TEC-CO-4785,Technology,Copiers,"HP Personal Copier, Digital",334.611,3,0.1,3.6809999999999974
IZ-2015-JM525061-42235,2015-08-19 00:00:00,JM-525061,Janet Martin,Consumer,Iraq,Asia Pacific,Western Asia,TEC-AC-5220,Technology,Accessories,"Memorex Numeric Keypad, Bluetooth",180.84,4,0,54.239999999999995
IN-2015-EB1417066-42220,2015-08-04 00:00:00,EB-1417066,Evan Bailliet,Consumer,Japan,Asia Pacific,Eastern Asia,OFF-PA-4481,Office Supplies,Paper,"Green Bar Parchment Paper, 8.5 x 11",62.46,3,0,24.300000000000004
MX-2015-MK1790551-42231,2015-08-15 00:00:00,MK-1790551,Michael Kennedy,Corporate,Guatemala,LATAM,Central America,TEC-PH-3792,Technology,Phones,"Cisco Headset, VoIP",295.1,5,0,17.7
IN-2015-JK1609058-42238,2015-08-22 00:00:00,JK-1609058,Juliana Krohn,Consumer,India,Asia Pacific,Southern Asia,FUR-CH-5406,Furniture,Chairs,"Novimex Steel Folding Chair, Adjustable",169.44,2,0,33.839999999999996
RO-2015-NH8610107-42227,2015-08-11 00:00:00,NH-8610107,Nicole Hansen,Corporate,Romania,Europe,Eastern Europe,OFF-PA-4463,Office Supplies,Paper,"Green Bar Cards & Envelopes, Premium",96.78000000000002,2,0,30
IN-2015-SC2038027-42229,2015-08-13 00:00:00,SC-2038027,Shahid Collister,Consumer,China,Asia Pacific,Eastern Asia,OFF-SU-4319,Office Supplies,Supplies,"Fiskars Shears, Easy Grip",344.82000000000005,7,0,72.24000000000001
CA-2015-EA14035140-42217,2015-08-01 00:00:00,EA-140351406,Erin Ashbrook,Corporate,United States,USCA,Eastern US,OFF-PA-6550,Office Supplies,Paper,Xerox 1991,54.816,3,0.2,17.815199999999997
IN-2015-TC2098058-42237,2015-08-21 00:00:00,TC-2098058,Tamara Chand,Corporate,India,Asia Pacific,Southern Asia,FUR-FU-4077,Furniture,Furnishings,"Eldon Light Bulb, Erganomic",47.64,2,0,19.5
CA-2015-EC14050140-42217,2015-08-01 00:00:00,EC-140501404,Erin Creighton,Consumer,United States,USCA,Western US,OFF-ST-4088,Office Supplies,Storage,Eldon Portable Mobile Manager,56.56,2,0,15.2712
CA-2015-EC14050140-42217,2015-08-01 00:00:00,EC-140501404,Erin Creighton,Consumer,United States,USCA,Western US,FUR-FU-5170,Furniture,Furnishings,"Master Big Foot Doorstop, Beige",36.96,7,0,11.457599999999998
HR-2015-PO885030-42242,2015-08-26 00:00:00,PO-885030,Patrick O'Brill,Consumer,Croatia,Europe,Southern Europe,OFF-AR-6128,Office Supplies,Art,"Stanley Sketch Pad, Water Color",47.61,1,0,9.03
ID-2015-BF11215144-42236,2015-08-20 00:00:00,BF-11215144,Benjamin Farhat,Home Office,Vietnam,Asia Pacific,Southeastern Asia,OFF-SU-4992,Office Supplies,Supplies,"Kleencut Shears, Steel",153.2844,4,0.17,3.6443999999999974
ES-2015-EG1390045-42228,2015-08-12 00:00:00,EG-1390045,Emily Grady,Consumer,France,Europe,Western Europe,TEC-MA-6134,Technology,Machines,"StarTech Calculator, White",130.458,4,0.15,-20.022
PL-2015-BP1185103-42220,2015-08-04 00:00:00,BP-1185103,Ben Peterman,Corporate,Poland,Europe,Eastern Europe,TEC-CO-6000,Technology,Copiers,"Sharp Fax Machine, Laser",295.65,1,0,26.58
ID-2015-FW1439592-42232,2015-08-16 00:00:00,FW-1439592,Fred Wasserman,Corporate,New Zealand,Asia Pacific,Oceania,OFF-ST-6033,Office Supplies,Storage,"Smead File Cart, Single Width",154.11599999999996,2,0.4,5.13600000000001
IN-2015-DN1369027-42242,2015-08-26 00:00:00,DN-1369027,Duane Noonan,Consumer,China,Asia Pacific,Eastern Asia,TEC-MA-5567,Technology,Machines,"Panasonic Phone, Durable",254.88000000000002,3,0,40.769999999999996
IN-2015-BT1148527-42225,2015-08-09 00:00:00,BT-1148527,Brad Thomas,Home Office,China,Asia Pacific,Eastern Asia,OFF-ST-6272,Office Supplies,Storage,"Tenex Shelving, Blue",218.64,4,0,0
IZ-2015-EJ415561-42229,2015-08-13 00:00:00,EJ-415561,Eva Jacobs,Consumer,Iraq,Asia Pacific,Western Asia,FUR-BO-5973,Furniture,Bookcases,"Sauder Stackable Bookrack, Traditional",146.28,1,0,21.93
ES-2015-CM1223548-42217,2015-08-01 00:00:00,CM-1223548,Chris McAfee,Consumer,Germany,Europe,Western Europe,OFF-PA-4176,Office Supplies,Paper,"Enermax Note Cards, Multicolor",130.56,4,0,27.36
MX-2015-LW1682518-42237,2015-08-21 00:00:00,LW-1682518,Laurel Workman,Corporate,Brazil,LATAM,South America,OFF-ST-5701,Office Supplies,Storage,"Rogers Lockers, Industrial",141.4,1,0,45.239999999999995
TU-2015-MS7830134-42238,2015-08-22 00:00:00,MS-7830134,Melanie Seite,Consumer,Turkey,Asia Pacific,Western Asia,TEC-AC-5121,Technology,Accessories,"Logitech Memory Card, Bluetooth",165.40800000000002,4,0.6,-190.27199999999996
IN-2015-JO1514558-42223,2015-08-07 00:00:00,JO-1514558,Jack O'Briant,Corporate,India,Asia Pacific,Southern Asia,OFF-AR-5932,Office Supplies,Art,"Sanford Sketch Pad, Fluorescent",140.22,3,0,42.03
CA-2015-EH14125140-42217,2015-08-01 00:00:00,EH-141251408,Eugene Hildebrand,Home Office,United States,USCA,Southern US,TEC-AC-6316,Technology,Accessories,"TRENDnet 56K USB 2.0 Phone, Internet and Fax Modem",41.42400000000001,2,0.2,8.284799999999997
ES-2015-IM1507048-42234,2015-08-18 00:00:00,IM-1507048,Irene Maddox,Consumer,Germany,Europe,Western Europe,OFF-AR-5921,Office Supplies,Art,"Sanford Pencil Sharpener, Easy-Erase",243.80999999999997,9,0,121.77
ES-2015-SC2038064-42219,2015-08-03 00:00:00,SC-2038064,Shahid Collister,Consumer,Italy,Europe,Southern Europe,OFF-BI-6371,Office Supplies,Binders,"Wilson Jones 3-Hole Punch, Economy",55.980000000000004,2,0,18.419999999999998
ES-2015-CM1193548-42244,2015-08-28 00:00:00,CM-1193548,Carlos Meador,Consumer,Germany,Europe,Western Europe,TEC-AC-5881,Technology,Accessories,"SanDisk Mouse, Erganomic",108.35999999999999,3,0,21.599999999999998
SF-2015-MH8115117-42230,2015-08-14 00:00:00,MH-8115117,Mick Hernandez,Home Office,South Africa,Africa,Southern Africa,TEC-PH-5835,Technology,Phones,"Samsung Signal Booster, Cordless",139.44,1,0,57.150000000000006
ES-2015-PB1915045-42218,2015-08-02 00:00:00,PB-1915045,Philip Brown,Consumer,France,Europe,Western Europe,OFF-PA-4482,Office Supplies,Paper,"Green Bar Parchment Paper, Multicolor",108.53999999999998,6,0,34.56
IN-2015-PS190457-42244,2015-08-28 00:00:00,PS-190457,Penelope Sewall,Home Office,Australia,Asia Pacific,Oceania,OFF-AR-3494,Office Supplies,Art,"Binney & Smith Pencil Sharpener, Water Color",48.492000000000004,2,0.1,17.232
IN-2015-XP218657-42239,2015-08-23 00:00:00,XP-218657,Xylona Preis,Consumer,Australia,Asia Pacific,Oceania,TEC-PH-3150,Technology,Phones,"Apple Speaker Phone, Cordless",227.07000000000002,2,0.1,37.83
MX-2015-ES1402039-42228,2015-08-12 00:00:00,ES-1402039,Erica Smith,Consumer,El Salvador,LATAM,Central America,TEC-CO-4573,Technology,Copiers,"Hewlett Fax and Copier, High-Speed",127.12523999999999,1,0.002,53.22524
ID-2015-VD21670130-42238,2015-08-22 00:00:00,VD-21670130,Valerie Dominguez,Consumer,Thailand,Asia Pacific,Southeastern Asia,OFF-PA-4466,Office Supplies,Paper,"Green Bar Computer Printout Paper, 8.5 x 11",197.63700000000003,11,0.47000000000000003,-78.57300000000002
SF-2015-CP2085117-42227,2015-08-11 00:00:00,CP-2085117,Cathy Prescott,Corporate,South Africa,Africa,Southern Africa,TEC-CO-5995,Technology,Copiers,"Sharp Fax and Copier, High-Speed",333.59999999999997,2,0,40.019999999999996
ES-2015-CS1240045-42228,2015-08-12 00:00:00,CS-1240045,Christopher Schild,Home Office,France,Europe,Western Europe,OFF-SU-4118,Office Supplies,Supplies,"Elite Box Cutter, Serrated",157.95,5,0,31.500000000000004
IN-2015-JK1609058-42238,2015-08-22 00:00:00,JK-1609058,Juliana Krohn,Consumer,India,Asia Pacific,Southern Asia,FUR-CH-4518,Furniture,Chairs,"Harbour Creations Bag Chairs, Adjustable",128.22,2,0,48.72
IT-2015-DB1291064-42223,2015-08-07 00:00:00,DB-1291064,Daniel Byrd,Home Office,Italy,Europe,Southern Europe,FUR-CH-5807,Furniture,Chairs,"SAFCO Swivel Stool, Red",134.352,2,0.6,-33.587999999999994
MX-2015-MC1727536-42221,2015-08-05 00:00:00,MC-1727536,Marc Crier,Consumer,Dominican Republic,LATAM,Caribbean,TEC-PH-5341,Technology,Phones,"Nokia Headset, VoIP",78.08000000000001,2,0.2,2.919999999999999
AO-2015-BE14554-42223,2015-08-07 00:00:00,BE-14554,Brad Eason,Home Office,Angola,Africa,Central Africa,TEC-AC-5206,Technology,Accessories,"Memorex Memory Card, USB",102.47999999999999,1,0,24.57
ES-2015-BS11665120-42231,2015-08-15 00:00:00,BS-11665120,Brian Stugart,Consumer,Spain,Europe,Southern Europe,FUR-CH-5408,Furniture,Chairs,"Novimex Steel Folding Chair, Red",197.35200000000003,3,0.2,56.681999999999974
IN-2015-AJ109457-42234,2015-08-18 00:00:00,AJ-109457,Ashley Jarboe,Consumer,Australia,Asia Pacific,Oceania,TEC-PH-3133,Technology,Phones,"Apple Headset, Full Size",201.285,3,0.1,64.845
ES-2015-RD1972048-42229,2015-08-13 00:00:00,RD-1972048,Roger Demir,Consumer,Germany,Europe,Western Europe,TEC-PH-5263,Technology,Phones,"Motorola Signal Booster, Cordless",145.98000000000002,1,0,65.67
ID-2015-BV1124527-42232,2015-08-16 00:00:00,BV-1124527,Benjamin Venier,Corporate,China,Asia Pacific,Eastern Asia,OFF-BI-3715,Office Supplies,Binders,"Cardinal 3-Hole Punch, Recycled",116.64000000000001,4,0,33.72
IT-2015-CY1274591-42232,2015-08-16 00:00:00,CY-1274591,Craig Yedwab,Corporate,Netherlands,Europe,Western Europe,OFF-EN-5029,Office Supplies,Envelopes,"Kraft Interoffice Envelope, Recycled",114.3,5,0.5,-39
ES-2015-KM1637591-42236,2015-08-20 00:00:00,KM-1637591,Katherine Murray,Home Office,Netherlands,Europe,Western Europe,OFF-ST-4266,Office Supplies,Storage,"Fellowes Lockers, Blue",207.32999999999998,2,0.5,-99.56999999999998
CG-2015-MH811533-42225,2015-08-09 00:00:00,MH-811533,Mick Hernandez,Home Office,Democratic Republic of the Congo,Africa,Central Africa,FUR-BO-5747,Furniture,Bookcases,"Safco 3-Shelf Cabinet, Pine",170.19,1,0,27.21
MX-2015-TB2162551-42234,2015-08-18 00:00:00,TB-2162551,Trudy Brown,Consumer,Guatemala,LATAM,Central America,FUR-FU-4043,Furniture,Furnishings,"Eldon Door Stop, Erganomic",162.60000000000002,5,0,60.1
NI-2015-SF1020095-42228,2015-08-12 00:00:00,SF-1020095,Sarah Foster,Consumer,Nigeria,Africa,Western Africa,TEC-MA-5006,Technology,Machines,"Konica Inkjet, Durable",93.55500000000002,1,0.7,-199.60500000000002
ID-2015-PF192257-42242,2015-08-26 00:00:00,PF-192257,Phillip Flathmann,Consumer,Australia,Asia Pacific,Oceania,OFF-AR-6120,Office Supplies,Art,"Stanley Pencil Sharpener, Water Color",75.492,3,0.1,9.161999999999995
MX-2015-YS2188031-42244,2015-08-28 00:00:00,YS-2188031,Yana Sorensen,Corporate,Cuba,LATAM,Caribbean,OFF-BI-3258,Office Supplies,Binders,"Avery Binding Machine, Recycled",98.40000000000002,3,0,21.6
ID-2015-CS1195059-42246,2015-08-30 00:00:00,CS-1195059,Carlos Soltero,Consumer,Indonesia,Asia Pacific,Southeastern Asia,FUR-FU-5729,Furniture,Furnishings,"Rubbermaid Frame, Durable",156.10320000000002,2,0.27,-29.95680000000001
IN-2015-BK1126088-42238,2015-08-22 00:00:00,BK-1126088,Berenike Kampe,Consumer,Myanmar (Burma),Asia Pacific,Southeastern Asia,OFF-EN-4911,Office Supplies,Envelopes,"Jiffy Interoffice Envelope, Security-Tint",121.6116,3,0.17,16.041599999999992
ES-2015-MC1784548-42234,2015-08-18 00:00:00,MC-1784548,Michael Chen,Consumer,Germany,Europe,Western Europe,OFF-ST-4107,Office Supplies,Storage,"Eldon Trays, Single Width",86.4,2,0.1,22.08
ID-2015-IG150857-42222,2015-08-06 00:00:00,IG-150857,Ivan Gibson,Consumer,Australia,Asia Pacific,Oceania,TEC-MA-5547,Technology,Machines,"Panasonic Inkjet, Red",1113.2640000000001,6,0.4,-705.096
MX-2015-AB1025531-42229,2015-08-13 00:00:00,AB-1025531,Alejandro Ballentine,Home Office,Cuba,LATAM,Caribbean,TEC-AC-4154,Technology,Accessories,"Enermax Flash Drive, USB",166.92,6,0,19.92
IS-2015-RF973563-42220,2015-08-04 00:00:00,RF-973563,Roland Fjeld,Consumer,Israel,Asia Pacific,Western Asia,OFF-AR-6107,Office Supplies,Art,"Stanley Canvas, Fluorescent",101.46000000000001,2,0,32.46
ES-2015-SM2032045-42222,2015-08-06 00:00:00,SM-2032045,Sean Miller,Home Office,France,Europe,Western Europe,OFF-PA-4475,Office Supplies,Paper,"Green Bar Message Books, Multicolor",176.40000000000003,7,0,84.63
MX-2015-BG1103598-42234,2015-08-18 00:00:00,BG-1103598,Barry Gonzalez,Consumer,Panama,LATAM,Central America,TEC-AC-5195,Technology,Accessories,"Memorex Flash Drive, Programmable",74.16,6,0.4,4.9199999999999875
MX-2015-BS1136518-42231,2015-08-15 00:00:00,BS-1136518,Bill Shonely,Corporate,Brazil,LATAM,South America,TEC-CO-3594,Technology,Copiers,"Brother Fax and Copier, Laser",382.21403999999995,3,0.002,41.354040000000005
IT-2015-MC1757548-42230,2015-08-14 00:00:00,MC-1757548,Matt Collins,Consumer,Germany,Europe,Western Europe,OFF-LA-3298,Office Supplies,Labels,"Avery Legal Exhibit Labels, Adjustable",73.92,8,0,22.799999999999997
IT-2015-HJ14875120-42228,2015-08-12 00:00:00,HJ-14875120,Heather Jas,Home Office,Spain,Europe,Southern Europe,OFF-SU-6165,Office Supplies,Supplies,"Stiletto Letter Opener, Easy Grip",90,3,0,17.099999999999998
IN-2015-LC1688558-42229,2015-08-13 00:00:00,LC-1688558,Lena Creighton,Consumer,India,Asia Pacific,Southern Asia,OFF-EN-3661,Office Supplies,Envelopes,"Cameo Interoffice Envelope, Recycled",138.69,3,0,51.300000000000004
ES-2015-ML1775545-42225,2015-08-09 00:00:00,ML-1775545,Max Ludwig,Home Office,France,Europe,Western Europe,OFF-BI-2882,Office Supplies,Binders,"Acco 3-Hole Punch, Durable",126.48000000000002,4,0,51.84
CA-2015-FM14380140-42224,2015-08-08 00:00:00,FM-143801408,Fred McMath,Consumer,United States,USCA,Southern US,TEC-AC-5111,Technology,Accessories,Logitech G700s Rechargeable Gaming Mouse,79.992,1,0.2,21.9978
IT-2015-BS11665124-42221,2015-08-05 00:00:00,BS-11665124,Brian Stugart,Consumer,Sweden,Europe,Northern Europe,TEC-PH-5346,Technology,Phones,"Nokia Office Telephone, Cordless",67.98,2,0.5,-55.800000000000004
IT-2015-JO15550139-42237,2015-08-21 00:00:00,JO-15550139,Jesus Ocampo,Home Office,United Kingdom,Europe,Northern Europe,OFF-ST-4094,Office Supplies,Storage,"Eldon Shelving, Blue",87.156,2,0.1,16.415999999999997
US-2015-KM1637555-42219,2015-08-03 00:00:00,KM-1637555,Katherine Murray,Home Office,Honduras,LATAM,Central America,OFF-PA-3989,Office Supplies,Paper,"Eaton Cards & Envelopes, Recycled",108.21600000000001,6,0.4,-27.144000000000005
ID-2015-TP2156597-42242,2015-08-26 00:00:00,TP-2156597,Tracy Poddar,Corporate,Pakistan,Asia Pacific,Southern Asia,OFF-AR-6121,Office Supplies,Art,"Stanley Pens, Blue",35.175000000000004,7,0.5,-3.6750000000000043
MA-2015-NG843077-42217,2015-08-01 00:00:00,NG-843077,Nathan Gelder,Consumer,Madagascar,Africa,Eastern Africa,OFF-AR-3527,Office Supplies,Art,"Boston Canvas, Fluorescent",109.80000000000001,2,0,19.740000000000002
ES-2015-AY1055548-42220,2015-08-04 00:00:00,AY-1055548,Andy Yotov,Corporate,Germany,Europe,Western Europe,OFF-BI-3254,Office Supplies,Binders,"Avery Binder, Recycled",106.08,8,0,48.72
MX-2015-AF1088582-42217,2015-08-01 00:00:00,AF-1088582,Art Foster,Consumer,Mexico,LATAM,Central America,OFF-PA-3986,Office Supplies,Paper,"Eaton Cards & Envelopes, 8.5 x 11",98.64000000000001,3,0,9.84
MX-2015-TB2119082-42221,2015-08-05 00:00:00,TB-2119082,Thomas Brumley,Home Office,Mexico,LATAM,Central America,OFF-SU-4979,Office Supplies,Supplies,"Kleencut Letter Opener, High Speed",158.76000000000002,9,0,10.98
IN-2015-KE1642059-42220,2015-08-04 00:00:00,KE-1642059,Katrina Edelman,Corporate,Indonesia,Asia Pacific,Southeastern Asia,TEC-AC-3392,Technology,Accessories,"Belkin Mouse, Bluetooth",194.1867,9,0.47000000000000003,-121.17330000000001
EG-2015-CL270038-42228,2015-08-12 00:00:00,CL-270038,Craig Leslie,Home Office,Egypt,Africa,North Africa,TEC-CO-4779,Technology,Copiers,"HP Ink, High-Speed",126.89999999999999,1,0,7.59
ES-2015-JG1580548-42235,2015-08-19 00:00:00,JG-1580548,John Grady,Corporate,Germany,Europe,Western Europe,OFF-BI-3253,Office Supplies,Binders,"Avery Binder, Economy",34.83,3,0.1,11.16
ES-2015-AR1051045-42234,2015-08-18 00:00:00,AR-1051045,Andrew Roberts,Consumer,France,Europe,Western Europe,OFF-BI-3189,Office Supplies,Binders,"Avery 3-Hole Punch, Recycled",84.69000000000001,3,0,0
IN-2015-GW1460558-42234,2015-08-18 00:00:00,GW-1460558,Giulietta Weimer,Consumer,India,Asia Pacific,Southern Asia,OFF-EN-3673,Office Supplies,Envelopes,"Cameo Peel and Seal, Recycled",178.2,9,0,21.330000000000002
IN-2015-KH1651092-42225,2015-08-09 00:00:00,KH-1651092,Keith Herrera,Consumer,New Zealand,Asia Pacific,Oceania,OFF-SU-3004,Office Supplies,Supplies,"Acme Trimmer, Steel",87.96000000000001,2,0,7.02
CA-2015-GM14455140-42223,2015-08-07 00:00:00,GM-144551406,Gary Mitchum,Home Office,United States,USCA,Eastern US,TEC-PH-3171,Technology,Phones,"Ativa D5772 2-Line 5.8GHz Digital Expandable Corded/Cordless Phone System with Answering & Caller ID/Call Waiting, Black/Silver",824.95,5,0,247.48499999999993
CA-2015-GM14455140-42223,2015-08-07 00:00:00,GM-144551406,Gary Mitchum,Home Office,United States,USCA,Eastern US,OFF-AR-4798,Office Supplies,Art,"Hunt PowerHouse Electric Pencil Sharpener, Blue",227.88,6,0,68.36399999999998
IT-2015-HJ14875120-42228,2015-08-12 00:00:00,HJ-14875120,Heather Jas,Home Office,Spain,Europe,Southern Europe,OFF-ST-4063,Office Supplies,Storage,"Eldon Folders, Wire Frame",57.779999999999994,4,0.1,-0.05999999999999872
CA-2015-GM14455140-42223,2015-08-07 00:00:00,GM-144551406,Gary Mitchum,Home Office,United States,USCA,Eastern US,OFF-LA-3200,Office Supplies,Labels,Avery 481,24.64,8,0,11.8272
IN-2015-CK125957-42241,2015-08-25 00:00:00,CK-125957,Clytie Kelty,Consumer,Australia,Asia Pacific,Oceania,OFF-BI-2901,Office Supplies,Binders,"Acco Binding Machine, Economy",91.962,2,0.1,1.001999999999999
ID-2015-FW1439592-42232,2015-08-16 00:00:00,FW-1439592,Fred Wasserman,Corporate,New Zealand,Asia Pacific,Oceania,TEC-CO-4785,Technology,Copiers,"HP Personal Copier, Digital",297.432,4,0.4,-143.808
ES-2015-JW1607545-42224,2015-08-08 00:00:00,JW-1607545,Julia West,Consumer,France,Europe,Western Europe,OFF-FA-5478,Office Supplies,Fasteners,"OIC Rubber Bands, Metal",103.14000000000001,6,0,39.06
MX-2015-DH1307593-42244,2015-08-28 00:00:00,DH-1307593,Dave Hallsten,Corporate,Nicaragua,LATAM,Central America,OFF-BI-3255,Office Supplies,Binders,"Avery Binding Machine, Clear",128.8,4,0,1.28
ES-2015-RE19405139-42241,2015-08-25 00:00:00,RE-19405139,Ricardo Emerson,Consumer,United Kingdom,Europe,Northern Europe,OFF-LA-6045,Office Supplies,Labels,"Smead Legal Exhibit Labels, Laser Printer Compatible",77.7,7,0,4.62
US-2015-GM14500140-42237,2015-08-21 00:00:00,GM-145001404,Gene McClure,Consumer,United States,USCA,Western US,OFF-BI-4363,Office Supplies,Binders,GBC Recycled Regency Composition Covers,239.12000000000003,5,0.2,77.71399999999997
LH-2015-GP474075-42218,2015-08-02 00:00:00,GP-474075,Guy Phonely,Corporate,Lithuania,Europe,Northern Europe,TEC-CO-5999,Technology,Copiers,"Sharp Fax Machine, High-Speed",88.155,1,0.7,-144.015
ID-2015-CL1189097-42242,2015-08-26 00:00:00,CL-1189097,Carl Ludwig,Consumer,Pakistan,Asia Pacific,Southern Asia,OFF-SU-6176,Office Supplies,Supplies,"Stiletto Shears, Easy Grip",74.565,3,0.5,-26.865000000000002
US-2015-GA14515140-42220,2015-08-04 00:00:00,GA-145151404,George Ashbrook,Consumer,United States,USCA,Western US,OFF-ST-4246,Office Supplies,Storage,Fellowes Bases and Tops For Staxonsteel/High-Stak Systems,99.87,3,0,23.968799999999998
ES-2015-CC1261048-42232,2015-08-16 00:00:00,CC-1261048,Corey Catlett,Corporate,Germany,Europe,Western Europe,OFF-BI-3187,Office Supplies,Binders,"Avery 3-Hole Punch, Durable",88.11000000000001,3,0,30.78
TU-2015-SS10410134-42238,2015-08-22 00:00:00,SS-10410134,Shahid Shariari,Consumer,Turkey,Asia Pacific,Western Asia,TEC-AC-5896,Technology,Accessories,"SanDisk Router, Programmable",103.13999999999999,1,0.6,-98.00999999999999
IN-2015-CC1267027-42224,2015-08-08 00:00:00,CC-1267027,Craig Carreira,Consumer,China,Asia Pacific,Eastern Asia,OFF-SU-4133,Office Supplies,Supplies,"Elite Shears, Serrated",87.42,2,0,32.339999999999996
ID-2015-FW1439592-42232,2015-08-16 00:00:00,FW-1439592,Fred Wasserman,Corporate,New Zealand,Asia Pacific,Oceania,OFF-SU-3004,Office Supplies,Supplies,"Acme Trimmer, Steel",105.552,4,0.4,-56.32800000000001
ES-2015-CS1240045-42228,2015-08-12 00:00:00,CS-1240045,Christopher Schild,Home Office,France,Europe,Western Europe,OFF-AR-3526,Office Supplies,Art,"Boston Canvas, Easy-Erase",107.82,2,0,24.78
SA-2015-EG3900110-42227,2015-08-11 00:00:00,EG-3900110,Emily Grady,Consumer,Saudi Arabia,Asia Pacific,Western Asia,OFF-BI-3295,Office Supplies,Binders,"Avery Index Tab, Economy",46.980000000000004,6,0,19.259999999999998
IN-2015-JH159857-42221,2015-08-05 00:00:00,JH-159857,Joseph Holt,Consumer,Australia,Asia Pacific,Oceania,OFF-EN-4926,Office Supplies,Envelopes,"Jiffy Peel and Seal, with clear poly window",127.16999999999999,6,0.1,32.489999999999995
IN-2015-EB1370578-42217,2015-08-01 00:00:00,EB-1370578,Ed Braxton,Corporate,Malaysia,Asia Pacific,Southeastern Asia,TEC-AC-5126,Technology,Accessories,"Logitech Mouse, Bluetooth",87.84000000000002,3,0,12.24
ES-2015-CS12355139-42242,2015-08-26 00:00:00,CS-12355139,Christine Sundaresam,Consumer,United Kingdom,Europe,Northern Europe,TEC-AC-4178,Technology,Accessories,"Enermax Numeric Keypad, Bluetooth",114.66,2,0,46.980000000000004
MX-2015-JG1516098-42232,2015-08-16 00:00:00,JG-1516098,James Galang,Consumer,Panama,LATAM,Central America,OFF-ST-5693,Office Supplies,Storage,"Rogers File Cart, Single Width",113.304,2,0.4,-34.016000000000005
ID-2015-VD21670130-42238,2015-08-22 00:00:00,VD-21670130,Valerie Dominguez,Consumer,Thailand,Asia Pacific,Southeastern Asia,FUR-CH-4546,Furniture,Chairs,"Harbour Creations Rocking Chair, Red",322.1270999999999,3,0.27,-4.482899999999987
IN-2015-LH1715511-42229,2015-08-13 00:00:00,LH-1715511,Logan Haushalter,Consumer,Bangladesh,Asia Pacific,Southern Asia,OFF-SU-2989,Office Supplies,Supplies,"Acme Scissors, High Speed",76.32000000000001,3,0,23.580000000000002
RW-2015-LW7215109-42237,2015-08-21 00:00:00,LW-7215109,Luke Weiss,Consumer,Rwanda,Africa,Eastern Africa,TEC-MA-5516,Technology,Machines,"Okidata Receipt Printer, White",121.32000000000002,1,0,7.26
ES-2015-CM127158-42227,2015-08-11 00:00:00,CM-127158,Craig Molinari,Corporate,Austria,Europe,Western Europe,OFF-AR-3502,Office Supplies,Art,"Binney & Smith Sketch Pad, Water Color",49.5,1,0,16.32
ES-2015-BS1180045-42235,2015-08-19 00:00:00,BS-1180045,Bryan Spruell,Home Office,France,Europe,Western Europe,OFF-AR-6117,Office Supplies,Art,"Stanley Markers, Water Color",76.13999999999999,3,0,25.110000000000003
CA-2015-GM14680140-42217,2015-08-01 00:00:00,GM-146801406,Greg Matthias,Consumer,United States,USCA,Eastern US,TEC-PH-5623,Technology,Phones,Polycom SoundPoint Pro SE-225 Corded phone,285.57599999999996,4,0.4,-57.115200000000016
ES-2015-HJ1487545-42227,2015-08-11 00:00:00,HJ-1487545,Heather Jas,Home Office,France,Europe,Western Europe,OFF-ST-4283,Office Supplies,Storage,"Fellowes Shelving, Industrial",157.46399999999997,3,0.1,59.45400000000001
ES-2015-JH1591048-42234,2015-08-18 00:00:00,JH-1591048,Jonathan Howell,Consumer,Germany,Europe,Western Europe,OFF-AR-3526,Office Supplies,Art,"Boston Canvas, Easy-Erase",53.91,1,0,12.39
ES-2015-KC16540125-42229,2015-08-13 00:00:00,KC-16540125,Kelly Collister,Consumer,Switzerland,Europe,Western Europe,OFF-BI-3716,Office Supplies,Binders,"Cardinal Binder Covers, Clear",34.379999999999995,3,0,8.91
KZ-2015-IM507068-42243,2015-08-27 00:00:00,IM-507068,Irene Maddox,Consumer,Kazakhstan,Asia Pacific,Central Asia,TEC-MA-5575,Technology,Machines,"Panasonic Receipt Printer, Durable",363.0600000000001,10,0.7,-314.93999999999994
SF-2015-ES4080117-42224,2015-08-08 00:00:00,ES-4080117,Erin Smith,Corporate,South Africa,Africa,Southern Africa,OFF-ST-4108,Office Supplies,Storage,"Eldon Trays, Wire Frame",47.04,1,0,18.330000000000002
MO-2015-DM301586-42244,2015-08-28 00:00:00,DM-301586,Darrin Martin,Consumer,Morocco,Africa,North Africa,OFF-ST-5707,Office Supplies,Storage,"Rogers Shelving, Single Width",62.16,1,0,4.949999999999999
IN-2015-CR1273058-42243,2015-08-27 00:00:00,CR-1273058,Craig Reiter,Consumer,India,Asia Pacific,Southern Asia,TEC-PH-3803,Technology,Phones,"Cisco Signal Booster, with Caller ID",455.48999999999995,3,0,86.49
IN-2015-JL1550527-42238,2015-08-22 00:00:00,JL-1550527,Jeremy Lonsdale,Consumer,China,Asia Pacific,Eastern Asia,OFF-SU-3002,Office Supplies,Supplies,"Acme Trimmer, High Speed",89.16000000000001,2,0,32.94
CA-2015-GT14710140-42238,2015-08-22 00:00:00,GT-147101402,Greg Tran,Consumer,United States,USCA,Central US,OFF-SU-2972,Office Supplies,Supplies,Acme Forged Steel Scissors with Black Enamel Handles,37.24,4,0,10.799599999999998
CA-2015-GT14710140-42238,2015-08-22 00:00:00,GT-147101402,Greg Tran,Consumer,United States,USCA,Central US,OFF-EN-5974,Office Supplies,Envelopes,Security-Tint Envelopes,15.28,2,0,7.4872
CA-2015-GT14710140-42238,2015-08-22 00:00:00,GT-147101402,Greg Tran,Consumer,United States,USCA,Central US,OFF-FA-3051,Office Supplies,Fasteners,Advantus Plastic Paper Clips,35,7,0,16.8
CG-2015-JS568533-42227,2015-08-11 00:00:00,JS-568533,Jim Sink,Corporate,Democratic Republic of the Congo,Africa,Central Africa,OFF-AR-3450,Office Supplies,Art,"BIC Canvas, Water Color",113.76,2,0,1.08
CA-2015-GA14725140-42242,2015-08-26 00:00:00,GA-147251408,Guy Armstrong,Consumer,United States,USCA,Southern US,OFF-PA-6462,Office Supplies,Paper,Xerox 1910,192.16000000000003,5,0.2,67.25599999999999
IN-2015-PT1909027-42245,2015-08-29 00:00:00,PT-1909027,Pete Takahito,Consumer,China,Asia Pacific,Eastern Asia,TEC-PH-5829,Technology,Phones,"Samsung Office Telephone, Cordless",136.14,2,0,13.559999999999999
ES-2015-MO1780045-42234,2015-08-18 00:00:00,MO-1780045,Meg O'Connel,Home Office,France,Europe,Western Europe,OFF-EN-3669,Office Supplies,Envelopes,"Cameo Manila Envelope, Recycled",77.39999999999999,3,0,33.21
EG-2015-SM1095038-42244,2015-08-28 00:00:00,SM-1095038,Suzanne McNair,Corporate,Egypt,Africa,North Africa,FUR-FU-4035,Furniture,Furnishings,"Eldon Clock, Duo Pack",56.58,1,0,24.869999999999997
PL-2015-JF5415103-42229,2015-08-13 00:00:00,JF-5415103,Jennifer Ferguson,Consumer,Poland,Europe,Eastern Europe,OFF-SU-2993,Office Supplies,Supplies,"Acme Shears, Easy Grip",51.54,1,0,10.8
ID-2015-TP21130130-42221,2015-08-05 00:00:00,TP-21130130,Theone Pippenger,Consumer,Thailand,Asia Pacific,Southeastern Asia,TEC-PH-5259,Technology,Phones,"Motorola Office Telephone, Cordless",123.85259999999997,2,0.17,7.452600000000004
IN-2015-CC1222066-42224,2015-08-08 00:00:00,CC-1222066,Chris Cortes,Consumer,Japan,Asia Pacific,Eastern Asia,OFF-EN-4434,Office Supplies,Envelopes,"GlobeWeis Business Envelopes, with clear poly window",62.64,3,0,19.349999999999998
ES-2015-SF20965139-42222,2015-08-06 00:00:00,SF-20965139,Sylvia Foulston,Corporate,United Kingdom,Europe,Northern Europe,FUR-FU-4040,Furniture,Furnishings,"Eldon Door Stop, Black",175.56,5,0.3,-27.690000000000012
IN-2015-EB1417058-42238,2015-08-22 00:00:00,EB-1417058,Evan Bailliet,Consumer,India,Asia Pacific,Southern Asia,OFF-AR-5925,Office Supplies,Art,"Sanford Pens, Easy-Erase",56.85000000000001,5,0,10.8
ES-2015-MC1784548-42234,2015-08-18 00:00:00,MC-1784548,Michael Chen,Consumer,Germany,Europe,Western Europe,OFF-AR-3545,Office Supplies,Art,"Boston Pencil Sharpener, Water Color",146.1,5,0,18.900000000000002
ID-2015-BF109757-42243,2015-08-27 00:00:00,BF-109757,Barbara Fisher,Corporate,Australia,Asia Pacific,Oceania,OFF-EN-3655,Office Supplies,Envelopes,"Cameo Business Envelopes, Security-Tint",30.510000000000005,2,0.1,-0.6900000000000004
ES-2015-HM1498064-42245,2015-08-29 00:00:00,HM-1498064,Henry MacAllister,Consumer,Italy,Europe,Southern Europe,OFF-AR-5902,Office Supplies,Art,"Sanford Canvas, Blue",101.03999999999999,2,0,29.28
ES-2015-SL20155139-42243,2015-08-27 00:00:00,SL-20155139,Sara Luxemburg,Home Office,United Kingdom,Europe,Northern Europe,OFF-SU-6173,Office Supplies,Supplies,"Stiletto Scissors, High Speed",141.66,6,0,2.6999999999999997
IN-2015-JS1603097-42223,2015-08-07 00:00:00,JS-1603097,Joy Smith,Consumer,Pakistan,Asia Pacific,Southern Asia,OFF-ST-5691,Office Supplies,Storage,"Rogers File Cart, Blue",140.67000000000002,2,0.5,-36.630000000000024
ES-2015-KL1664596-42241,2015-08-25 00:00:00,KL-1664596,Ken Lonsdale,Consumer,Norway,Europe,Northern Europe,OFF-AR-3488,Office Supplies,Art,"Binney & Smith Markers, Blue",168.62999999999997,7,0,31.92
RS-2015-LH6750108-42244,2015-08-28 00:00:00,LH-6750108,Larry Hughes,Consumer,Russia,Europe,Eastern Europe,OFF-ST-6065,Office Supplies,Storage,"Smead Trays, Blue",96.96000000000001,2,0,12.600000000000001
MX-2015-SH2063582-42234,2015-08-18 00:00:00,SH-2063582,Stefanie Holloman,Corporate,Mexico,LATAM,Central America,OFF-ST-4056,Office Supplies,Storage,"Eldon File Cart, Industrial",85.26,1,0,28.119999999999997
IN-2015-EB1370578-42217,2015-08-01 00:00:00,EB-1370578,Ed Braxton,Corporate,Malaysia,Asia Pacific,Southeastern Asia,TEC-AC-5195,Technology,Accessories,"Memorex Flash Drive, Programmable",92.7,3,0,22.23
ES-2015-CM12235139-42221,2015-08-05 00:00:00,CM-12235139,Chris McAfee,Consumer,United Kingdom,Europe,Northern Europe,OFF-SU-4987,Office Supplies,Supplies,"Kleencut Scissors, Serrated",56.970000000000006,3,0,4.5
CA-2015-HM14860140-42221,2015-08-05 00:00:00,HM-148601404,Harry Marie,Corporate,United States,USCA,Western US,OFF-PA-4514,Office Supplies,Paper,Hammermill CopyPlus Copy Paper (20Lb. and 84 Bright),7.968000000000001,2,0.2,2.8884000000000007
CA-2015-HM14860140-42221,2015-08-05 00:00:00,HM-148601402,Harry Marie,Corporate,United States,USCA,Central US,OFF-BI-3266,Office Supplies,Binders,Avery Durable Poly Binders,3.3179999999999996,3,0.8,-5.640600000000002
CA-2015-HM14860140-42221,2015-08-05 00:00:00,HM-148601404,Harry Marie,Corporate,United States,USCA,Western US,OFF-EN-5167,Office Supplies,Envelopes,"Manila Recycled Extra-Heavyweight Clasp Envelopes, 6"" x 9""",8.784,1,0.2,3.1842
CA-2015-HJ14875140-42243,2015-08-27 00:00:00,HJ-148751402,Heather Jas,Home Office,United States,USCA,Central US,OFF-ST-5277,Office Supplies,Storage,"Neat Ideas Personal Hanging Folder Files, Black",53.72,4,0,13.967199999999998
IT-2015-MC17575139-42230,2015-08-14 00:00:00,MC-17575139,Matt Collins,Consumer,United Kingdom,Europe,Northern Europe,OFF-EN-4917,Office Supplies,Envelopes,"Jiffy Mailers, with clear poly window",81.42,2,0,40.68
ES-2015-CC1222045-42244,2015-08-28 00:00:00,CC-1222045,Chris Cortes,Consumer,France,Europe,Western Europe,OFF-ST-5695,Office Supplies,Storage,"Rogers Folders, Industrial",84.15899999999999,3,0.1,3.699
MX-2015-RB1946518-42242,2015-08-26 00:00:00,RB-1946518,Rick Bensley,Home Office,Brazil,LATAM,South America,OFF-ST-6067,Office Supplies,Storage,"Smead Trays, Single Width",64.67999999999999,2,0,23.919999999999998
CA-2015-HK14890140-42218,2015-08-02 00:00:00,HK-148901404,Heather Kirkland,Corporate,United States,USCA,Western US,OFF-BI-4358,Office Supplies,Binders,GBC Prestige Therm-A-Bind Covers,54.89600000000001,2,0.2,18.5274
EG-2015-KW643538-42222,2015-08-06 00:00:00,KW-643538,Katrina Willman,Consumer,Egypt,Africa,North Africa,OFF-AR-6127,Office Supplies,Art,"Stanley Sketch Pad, Fluorescent",45.69,1,0,7.290000000000001
CG-2015-PV898533-42225,2015-08-09 00:00:00,PV-898533,Paul Van Hugh,Home Office,Democratic Republic of the Congo,Africa,Central Africa,OFF-ST-6049,Office Supplies,Storage,"Smead Lockers, Wire Frame",197.49,1,0,17.759999999999998
ES-2015-JL15235139-42242,2015-08-26 00:00:00,JL-15235139,Janet Lee,Consumer,United Kingdom,Europe,Northern Europe,OFF-AR-6107,Office Supplies,Art,"Stanley Canvas, Fluorescent",91.31400000000001,2,0.1,22.314
EG-2015-DK309038-42238,2015-08-22 00:00:00,DK-309038,Dave Kipp,Consumer,Egypt,Africa,North Africa,OFF-AR-5902,Office Supplies,Art,"Sanford Canvas, Blue",50.519999999999996,1,0,14.64
IN-2015-CH1207027-42238,2015-08-22 00:00:00,CH-1207027,Cathy Hwang,Home Office,China,Asia Pacific,Eastern Asia,OFF-AR-6119,Office Supplies,Art,"Stanley Pencil Sharpener, Fluorescent",99.12,4,0,27.72
CA-2015-HW14935140-42235,2015-08-19 00:00:00,HW-149351404,Helen Wasserman,Corporate,United States,USCA,Western US,TEC-AC-4870,Technology,Accessories,Imation Bio 8GB USB Flash Drive Imation Corp,1496.16,9,0,224.42400000000006
IN-2015-SV207857-42235,2015-08-19 00:00:00,SV-207857,Stewart Visinsky,Consumer,Australia,Asia Pacific,Oceania,OFF-ST-6275,Office Supplies,Storage,"Tenex Shelving, Wire Frame",386.85600000000005,8,0.1,29.976
CA-2015-HW14935140-42235,2015-08-19 00:00:00,HW-149351404,Helen Wasserman,Corporate,United States,USCA,Western US,TEC-AC-5610,Technology,Accessories,Plantronics Savi W720 Multi-Device Wireless Headset System,843.9,2,0,371.31600000000003
ES-2015-MV1748564-42220,2015-08-04 00:00:00,MV-1748564,Mark Van Huff,Consumer,Italy,Europe,Southern Europe,TEC-PH-5360,Technology,Phones,"Nokia Speaker Phone, with Caller ID",295.55999999999995,4,0.4,-157.68
MX-2015-TS2134082-42232,2015-08-16 00:00:00,TS-2134082,Toby Swindell,Consumer,Mexico,LATAM,Central America,OFF-SU-4119,Office Supplies,Supplies,"Elite Box Cutter, Steel",45.72,2,0,7.76
US-2015-GT1475536-42243,2015-08-27 00:00:00,GT-1475536,Guy Thornton,Consumer,Dominican Republic,LATAM,Caribbean,OFF-ST-6058,Office Supplies,Storage,"Smead Shelving, Industrial",52.70399999999999,2,0.2,-8.575999999999999
MX-2015-TC2129539-42228,2015-08-12 00:00:00,TC-2129539,Toby Carlisle,Consumer,El Salvador,LATAM,Central America,OFF-BI-6385,Office Supplies,Binders,"Wilson Jones Binding Machine, Recycled",131.52,4,0,9.2
TO-2015-RA9915131-42230,2015-08-14 00:00:00,RA-9915131,Russell Applegate,Consumer,Togo,Africa,Western Africa,FUR-FU-4041,Furniture,Furnishings,"Eldon Door Stop, Duo Pack",200.88000000000002,4,0,62.16
ID-2015-BF11215144-42236,2015-08-20 00:00:00,BF-11215144,Benjamin Farhat,Home Office,Vietnam,Asia Pacific,Southeastern Asia,OFF-PA-4475,Office Supplies,Paper,"Green Bar Message Books, Multicolor",146.412,7,0.17,-19.488000000000007
ES-2015-MF17665139-42238,2015-08-22 00:00:00,MF-17665139,Maureen Fritzler,Corporate,United Kingdom,Europe,Northern Europe,FUR-FU-6253,Furniture,Furnishings,"Tenex Frame, Black",153.97199999999998,2,0.3,-55.00799999999998
IV-2015-MS777029-42241,2015-08-25 00:00:00,MS-777029,Maxwell Schwartz,Consumer,Cote d'Ivoire,Africa,Western Africa,TEC-AC-5123,Technology,Accessories,"Logitech Memory Card, Programmable",104.88,1,0,42.99
IT-2015-JW15955124-42227,2015-08-11 00:00:00,JW-15955124,Joni Wasserman,Consumer,Sweden,Europe,Northern Europe,OFF-SU-3003,Office Supplies,Supplies,"Acme Trimmer, Serrated",185.76,9,0.5,-141.20999999999998
ES-2015-DG1330048-42242,2015-08-26 00:00:00,DG-1330048,Deirdre Greer,Corporate,Germany,Europe,Western Europe,FUR-FU-5736,Furniture,Furnishings,"Rubbermaid Photo Frame, Duo Pack",103.62,2,0,37.26
IN-2015-PS190457-42244,2015-08-28 00:00:00,PS-190457,Penelope Sewall,Home Office,Australia,Asia Pacific,Oceania,OFF-SU-6169,Office Supplies,Supplies,"Stiletto Ruler, High Speed",40.176,3,0.1,6.245999999999999
IT-2015-SB2018564-42234,2015-08-18 00:00:00,SB-2018564,Sarah Brown,Consumer,Italy,Europe,Southern Europe,OFF-BI-6382,Office Supplies,Binders,"Wilson Jones Binding Machine, Clear",96.84,2,0,29.04
IN-2015-SS2059059-42236,2015-08-20 00:00:00,SS-2059059,Sonia Sunley,Consumer,Indonesia,Asia Pacific,Southeastern Asia,OFF-SU-6179,Office Supplies,Supplies,"Stiletto Shears, Steel",125.84850000000003,5,0.47000000000000003,-87.90150000000003
ID-2015-AC10660130-42236,2015-08-20 00:00:00,AC-10660130,Anna Chung,Consumer,Thailand,Asia Pacific,Southeastern Asia,OFF-AR-3450,Office Supplies,Art,"BIC Canvas, Water Color",60.29280000000001,2,0.47000000000000003,-38.70720000000001
MX-2015-BS1136518-42231,2015-08-15 00:00:00,BS-1136518,Bill Shonely,Corporate,Brazil,LATAM,South America,OFF-ST-6246,Office Supplies,Storage,"Tenex File Cart, Blue",177.60000000000002,2,0,46.160000000000004
ID-2015-TP21130130-42221,2015-08-05 00:00:00,TP-21130130,Theone Pippenger,Consumer,Thailand,Asia Pacific,Southeastern Asia,OFF-AR-3449,Office Supplies,Art,"BIC Canvas, Fluorescent",174.77280000000002,6,0.47000000000000003,-46.26720000000003
US-2015-DE13255143-42239,2015-08-23 00:00:00,DE-13255143,Deanra Eno,Home Office,Venezuela,LATAM,South America,FUR-CH-4547,Furniture,Chairs,"Harbour Creations Rocking Chair, Set of Two",119.47199999999998,2,0.4,-35.848
ES-2015-TC2098048-42242,2015-08-26 00:00:00,TC-2098048,Tamara Chand,Corporate,Germany,Europe,Western Europe,OFF-LA-5389,Office Supplies,Labels,"Novimex Legal Exhibit Labels, Alphabetical",51.449999999999996,5,0,10.2
UP-2015-CC2220137-42235,2015-08-19 00:00:00,CC-2220137,Chris Cortes,Consumer,Ukraine,Europe,Eastern Europe,TEC-CO-4769,Technology,Copiers,"HP Fax and Copier, Color",174.32999999999998,1,0,71.46000000000001
IT-2015-JW15955124-42227,2015-08-11 00:00:00,JW-15955124,Joni Wasserman,Consumer,Sweden,Europe,Northern Europe,OFF-ST-4094,Office Supplies,Storage,"Eldon Shelving, Blue",96.84,4,0.5,-44.64000000000001
SA-2015-JH5985110-42217,2015-08-01 00:00:00,JH-5985110,Joseph Holt,Consumer,Saudi Arabia,Asia Pacific,Western Asia,OFF-FA-3062,Office Supplies,Fasteners,"Advantus Rubber Bands, Bulk Pack",33.18,2,0,10.92
IN-2015-SL2015558-42222,2015-08-06 00:00:00,SL-2015558,Sara Luxemburg,Home Office,India,Asia Pacific,Southern Asia,FUR-BO-5972,Furniture,Bookcases,"Sauder Stackable Bookrack, Pine",148.17000000000002,2,0.5,-5.970000000000027
ES-2015-KM1637591-42236,2015-08-20 00:00:00,KM-1637591,Katherine Murray,Home Office,Netherlands,Europe,Western Europe,OFF-AR-3526,Office Supplies,Art,"Boston Canvas, Easy-Erase",80.865,3,0.5,-43.69499999999999
RS-2015-MS7770108-42243,2015-08-27 00:00:00,MS-7770108,Maxwell Schwartz,Consumer,Russia,Europe,Eastern Europe,OFF-EN-3105,Office Supplies,Envelopes,"Ames Manila Envelope, Security-Tint",54.18000000000001,2,0,21.66
ES-2015-BS1180045-42235,2015-08-19 00:00:00,BS-1180045,Bryan Spruell,Home Office,France,Europe,Western Europe,OFF-LA-6044,Office Supplies,Labels,"Smead Legal Exhibit Labels, Alphabetical",76.43999999999998,7,0,8.400000000000002
CA-2015-IL15100140-42227,2015-08-11 00:00:00,IL-151001402,Ivan Liston,Consumer,United States,USCA,Central US,TEC-PH-2878,Technology,Phones,Aastra 57i VoIP phone,1454.4900000000002,9,0,378.16740000000004
CA-2015-IL15100140-42227,2015-08-11 00:00:00,IL-151001402,Ivan Liston,Consumer,United States,USCA,Central US,FUR-FU-6280,Furniture,Furnishings,"Tenex Traditional Chairmats for Medium Pile Carpet, Standard Lip, 36"" x 48""",121.3,2,0,25.473
CA-2015-IL15100140-42227,2015-08-11 00:00:00,IL-151001402,Ivan Liston,Consumer,United States,USCA,Central US,OFF-FA-6129,Office Supplies,Fasteners,Staples,70.08,6,0,35.04
IN-2015-AS1013558-42229,2015-08-13 00:00:00,AS-1013558,Adrian Shami,Home Office,India,Asia Pacific,Southern Asia,OFF-SU-2990,Office Supplies,Supplies,"Acme Scissors, Serrated",132.84,6,0,37.08
IN-2015-MT1781511-42222,2015-08-06 00:00:00,MT-1781511,Meg Tillman,Consumer,Bangladesh,Asia Pacific,Southern Asia,OFF-BI-4812,Office Supplies,Binders,"Ibico Binder, Durable",67.91999999999999,4,0,14.16
MX-2015-BS1136518-42231,2015-08-15 00:00:00,BS-1136518,Bill Shonely,Corporate,Brazil,LATAM,South America,OFF-SU-4134,Office Supplies,Supplies,"Elite Shears, Steel",92.82,3,0,0
IT-2015-JW15955124-42227,2015-08-11 00:00:00,JW-15955124,Joni Wasserman,Consumer,Sweden,Europe,Northern Europe,TEC-PH-3139,Technology,Phones,"Apple Office Telephone, Cordless",102.195,3,0.5,-0.045000000000001705
ES-2015-SD20485139-42228,2015-08-12 00:00:00,SD-20485139,Shirley Daniels,Home Office,United Kingdom,Europe,Northern Europe,OFF-SU-2978,Office Supplies,Supplies,"Acme Letter Opener, High Speed",90.63,3,0,6.299999999999999
ES-2015-SU2066545-42243,2015-08-27 00:00:00,SU-2066545,Stephanie Ulpright,Home Office,France,Europe,Western Europe,OFF-BI-3721,Office Supplies,Binders,"Cardinal Binder, Durable",91.97999999999999,6,0,4.5
ES-2015-SH2039545-42239,2015-08-23 00:00:00,SH-2039545,Shahid Hopkins,Consumer,France,Europe,Western Europe,OFF-BI-3255,Office Supplies,Binders,"Avery Binding Machine, Clear",289.8,6,0,34.74
IZ-2015-JM525061-42235,2015-08-19 00:00:00,JM-525061,Janet Martin,Consumer,Iraq,Asia Pacific,Western Asia,FUR-CH-5802,Furniture,Chairs,"SAFCO Steel Folding Chair, Red",171.42000000000002,2,0,80.52
ES-2015-MC1727548-42244,2015-08-28 00:00:00,MC-1727548,Marc Crier,Consumer,Germany,Europe,Western Europe,OFF-FA-2955,Office Supplies,Fasteners,"Accos Staples, 12 Pack",51.89999999999999,5,0,10.8
CA-2015-JG15160140-42232,2015-08-16 00:00:00,JG-151601406,James Galang,Consumer,United States,USCA,Eastern US,OFF-AP-4279,Office Supplies,Appliances,"Fellowes Premier Superior Surge Suppressor, 10-Outlet, With Phone and Remote",97.84,2,0,25.4384
IT-2015-BD1156048-42224,2015-08-08 00:00:00,BD-1156048,Brendan Dodson,Home Office,Germany,Europe,Western Europe,OFF-ST-6041,Office Supplies,Storage,"Smead Folders, Wire Frame",119.232,8,0.1,-5.327999999999999
UG-2015-JC5340136-42227,2015-08-11 00:00:00,JC-5340136,Jasper Cacioppo,Consumer,Uganda,Africa,Eastern Africa,TEC-PH-5813,Technology,Phones,"Samsung Audio Dock, Full Size",50.43600000000001,1,0.7,-95.844
TU-2015-NC8535134-42231,2015-08-15 00:00:00,NC-8535134,Nick Crebassa,Corporate,Turkey,Asia Pacific,Western Asia,FUR-FU-3047,Furniture,Furnishings,"Advantus Photo Frame, Black",84.76800000000001,4,0.6,-125.112
ID-2015-CL1189097-42242,2015-08-26 00:00:00,CL-1189097,Carl Ludwig,Consumer,Pakistan,Asia Pacific,Southern Asia,OFF-AP-4723,Office Supplies,Appliances,"Hoover Coffee Grinder, Red",68.79,2,0.5,-39.93000000000001
IN-2015-LH171557-42237,2015-08-21 00:00:00,LH-171557,Logan Haushalter,Consumer,Australia,Asia Pacific,Oceania,OFF-EN-4453,Office Supplies,Envelopes,"GlobeWeis Peel and Seal, Set of 50",57.753,3,0.1,10.863
IN-2015-FP14320130-42225,2015-08-09 00:00:00,FP-14320130,Frank Preis,Consumer,Thailand,Asia Pacific,Southeastern Asia,OFF-BI-3189,Office Supplies,Binders,"Avery 3-Hole Punch, Recycled",117.15450000000001,5,0.17,43.654499999999985
IV-2015-ML804029-42237,2015-08-21 00:00:00,ML-804029,Michelle Lonsdale,Corporate,Cote d'Ivoire,Africa,Western Africa,TEC-PH-5341,Technology,Phones,"Nokia Headset, VoIP",146.39999999999998,2,0,61.44
MX-2015-JK1562539-42245,2015-08-29 00:00:00,JK-1562539,Jim Karlsson,Consumer,El Salvador,LATAM,Central America,OFF-LA-3260,Office Supplies,Labels,"Avery Color Coded Labels, 5000 Label Set",45.599999999999994,5,0,16.8
MX-2015-CM121905-42236,2015-08-20 00:00:00,CM-121905,Charlotte Melton,Consumer,Argentina,LATAM,South America,OFF-EN-4444,Office Supplies,Envelopes,"GlobeWeis Mailers, Security-Tint",81.89999999999998,5,0.4,0
AG-2015-LD68553-42230,2015-08-14 00:00:00,LD-68553,Lela Donovan,Corporate,Algeria,Africa,North Africa,OFF-AR-5925,Office Supplies,Art,"Sanford Pens, Easy-Erase",90.96000000000001,8,0,20.88
UP-2015-ME7320137-42223,2015-08-07 00:00:00,ME-7320137,Maria Etezadi,Home Office,Ukraine,Europe,Eastern Europe,OFF-AR-5917,Office Supplies,Art,"Sanford Markers, Blue",92.99999999999999,4,0,17.64
IN-2015-NP183257-42217,2015-08-01 00:00:00,NP-183257,Naresj Patel,Consumer,Australia,Asia Pacific,Oceania,OFF-LA-4540,Office Supplies,Labels,"Harbour Creations Legal Exhibit Labels, Laser Printer Compatible",19.71,2,0.1,4.110000000000001
ES-2015-GT14635139-42219,2015-08-03 00:00:00,GT-14635139,Grant Thornton,Corporate,United Kingdom,Europe,Northern Europe,OFF-ST-6040,Office Supplies,Storage,"Smead Folders, Single Width",105.12,6,0,32.58
IN-2015-TD209957-42234,2015-08-18 00:00:00,TD-209957,Tamara Dahlen,Consumer,Australia,Asia Pacific,Oceania,TEC-MA-5544,Technology,Machines,"Panasonic Card Printer, White",155.00700000000003,1,0.1,34.437
ES-2015-AH101208-42230,2015-08-14 00:00:00,AH-101208,Adrian Hane,Home Office,Austria,Europe,Western Europe,OFF-PA-4461,Office Supplies,Paper,"Green Bar Cards & Envelopes, 8.5 x 11",52.53,1,0,9.45
CA-2015-JM15250140-42231,2015-08-15 00:00:00,JM-152501404,Janet Martin,Consumer,United States,USCA,Western US,FUR-TA-3768,Furniture,Tables,Chromcraft Round Conference Tables,418.29599999999994,3,0.2,5.2287000000000035
IN-2015-SS2059059-42236,2015-08-20 00:00:00,SS-2059059,Sonia Sunley,Consumer,Indonesia,Asia Pacific,Southeastern Asia,OFF-PA-4176,Office Supplies,Paper,"Enermax Note Cards, Multicolor",86.49600000000001,5,0.47000000000000003,-66.95400000000001
ES-2015-BT1130548-42220,2015-08-04 00:00:00,BT-1130548,Beth Thompson,Home Office,Germany,Europe,Western Europe,OFF-SU-4987,Office Supplies,Supplies,"Kleencut Scissors, Serrated",75.96000000000001,4,0,6
IZ-2015-JM525061-42235,2015-08-19 00:00:00,JM-525061,Janet Martin,Consumer,Iraq,Asia Pacific,Western Asia,FUR-CH-4697,Furniture,Chairs,"Hon Steel Folding Chair, Adjustable",83.91,1,0,15.09
ES-2015-ML18040120-42223,2015-08-07 00:00:00,ML-18040120,Michelle Lonsdale,Corporate,Spain,Europe,Southern Europe,TEC-AC-5867,Technology,Accessories,"SanDisk Keyboard, USB",163.38000000000002,2,0,13.02
IN-2015-HZ1495092-42223,2015-08-07 00:00:00,HZ-1495092,Henia Zydlo,Consumer,New Zealand,Asia Pacific,Oceania,FUR-CH-5758,Furniture,Chairs,"SAFCO Chairmat, Red",35.892,1,0.4,-0.6180000000000057
MX-2015-RB1979582-42242,2015-08-26 00:00:00,RB-1979582,Ross Baird,Home Office,Mexico,LATAM,Central America,OFF-AR-6117,Office Supplies,Art,"Stanley Markers, Water Color",84.6,5,0,21.9
IT-2015-AG1049545-42229,2015-08-13 00:00:00,AG-1049545,Andrew Gjertsen,Corporate,France,Europe,Western Europe,OFF-AR-3499,Office Supplies,Art,"Binney & Smith Sketch Pad, Blue",115.8,5,0.5,-55.65
MX-2015-BS1166518-42232,2015-08-16 00:00:00,BS-1166518,Brian Stugart,Consumer,Brazil,LATAM,South America,OFF-PA-4177,Office Supplies,Paper,"Enermax Note Cards, Premium",171,9,0,46.08
ID-2015-AW1093059-42221,2015-08-05 00:00:00,AW-1093059,Arthur Wiediger,Home Office,Indonesia,Asia Pacific,Southeastern Asia,OFF-PA-4466,Office Supplies,Paper,"Green Bar Computer Printout Paper, 8.5 x 11",53.90100000000001,3,0.47000000000000003,-21.429000000000002
IN-2015-HZ1495092-42223,2015-08-07 00:00:00,HZ-1495092,Henia Zydlo,Consumer,New Zealand,Asia Pacific,Oceania,OFF-FA-3055,Office Supplies,Fasteners,"Advantus Push Pins, Assorted Sizes",28.512,4,0.4,0.4319999999999986
TU-2015-EM4065134-42229,2015-08-13 00:00:00,EM-4065134,Erin Mull,Consumer,Turkey,Asia Pacific,Western Asia,FUR-FU-3943,Furniture,Furnishings,"Deflect-O Frame, Erganomic",86.928,2,0.6,-126.072
IN-2015-PT1909027-42245,2015-08-29 00:00:00,PT-1909027,Pete Takahito,Consumer,China,Asia Pacific,Eastern Asia,OFF-ST-6031,Office Supplies,Storage,"Smead File Cart, Blue",127.47,1,0,36.96
IN-2015-HG1484558-42242,2015-08-26 00:00:00,HG-1484558,Harry Greene,Consumer,India,Asia Pacific,Southern Asia,OFF-LA-4637,Office Supplies,Labels,"Hon Color Coded Labels, 5000 Label Set",39.599999999999994,3,0,12.599999999999998
MX-2015-AS1024082-42231,2015-08-15 00:00:00,AS-1024082,Alan Shonely,Consumer,Mexico,LATAM,Central America,OFF-BI-2884,Office Supplies,Binders,"Acco 3-Hole Punch, Recycled",162.56000000000006,8,0,17.76
IT-2015-DS1318064-42230,2015-08-14 00:00:00,DS-1318064,David Smith,Corporate,Italy,Europe,Southern Europe,OFF-SU-4327,Office Supplies,Supplies,"Fiskars Trimmer, Serrated",117.00000000000003,3,0,14.04
ES-2015-DW1319545-42237,2015-08-21 00:00:00,DW-1319545,David Wiener,Corporate,France,Europe,Western Europe,OFF-BI-6379,Office Supplies,Binders,"Wilson Jones Binder, Durable",72.6,5,0,2.8500000000000005
MX-2015-DK1283551-42223,2015-08-07 00:00:00,DK-1283551,Damala Kotsonis,Corporate,Guatemala,LATAM,Central America,OFF-EN-5034,Office Supplies,Envelopes,"Kraft Mailers, Security-Tint",80.10000000000002,3,0,37.620000000000005
NI-2015-CR258095-42224,2015-08-08 00:00:00,CR-258095,Clay Rozendal,Home Office,Nigeria,Africa,Western Africa,FUR-FU-4043,Furniture,Furnishings,"Eldon Door Stop, Erganomic",29.268000000000004,2,0.7,-55.632000000000005
ES-2015-HJ1487545-42227,2015-08-11 00:00:00,HJ-1487545,Heather Jas,Home Office,France,Europe,Western Europe,TEC-AC-3390,Technology,Accessories,"Belkin Memory Card, Programmable",116.30999999999999,1,0,34.89
MO-2015-GT463586-42243,2015-08-27 00:00:00,GT-463586,Grant Thornton,Corporate,Morocco,Africa,North Africa,OFF-PA-4461,Office Supplies,Paper,"Green Bar Cards & Envelopes, 8.5 x 11",105.06,2,0,18.9
ES-2015-BT1130548-42220,2015-08-04 00:00:00,BT-1130548,Beth Thompson,Home Office,Germany,Europe,Western Europe,OFF-ST-6282,Office Supplies,Storage,"Tenex Trays, Industrial",98.44199999999998,2,0.1,-0.017999999999998906
US-2015-JK15370140-42224,2015-08-08 00:00:00,JK-153701404,Jay Kimmel,Consumer,United States,USCA,Western US,TEC-PH-4385,Technology,Phones,GE DSL Phone Line Filter,159.96000000000004,5,0.2,17.99549999999998
US-2015-JK15370140-42230,2015-08-14 00:00:00,JK-153701404,Jay Kimmel,Consumer,United States,USCA,Western US,OFF-AR-5325,Office Supplies,Art,Newell 345,59.519999999999996,3,0,15.475200000000001
US-2015-JK15370140-42230,2015-08-14 00:00:00,JK-153701404,Jay Kimmel,Consumer,United States,USCA,Western US,OFF-FA-6129,Office Supplies,Fasteners,Staples,83.79,7,0,22.623299999999997
US-2015-JK15370140-42230,2015-08-14 00:00:00,JK-153701404,Jay Kimmel,Consumer,United States,USCA,Western US,OFF-ST-6157,Office Supplies,Storage,Sterilite Officeware Hinged File Box,31.44,3,0,8.488800000000001
US-2015-JK15370140-42230,2015-08-14 00:00:00,JK-153701404,Jay Kimmel,Consumer,United States,USCA,Western US,OFF-FA-6129,Office Supplies,Fasteners,Staples,31.92,4,0,9.256799999999998
US-2015-JK15370140-42224,2015-08-08 00:00:00,JK-153701404,Jay Kimmel,Consumer,United States,USCA,Western US,OFF-BI-3307,Office Supplies,Binders,Avery Printable Repositionable Plastic Tabs,13.76,2,0.2,4.644
SA-2015-GM4440110-42237,2015-08-21 00:00:00,GM-4440110,Gary McGarr,Consumer,Saudi Arabia,Asia Pacific,Western Asia,TEC-AC-4157,Technology,Accessories,"Enermax Keyboard, Programmable",84.96000000000001,1,0,36.51
CA-2015-JB15400140-42236,2015-08-20 00:00:00,JB-154001406,Jennifer Braxton,Corporate,United States,USCA,Eastern US,OFF-BI-4275,Office Supplies,Binders,Fellowes PB300 Plastic Comb Binding Machine,387.99,1,0,182.3553
MO-2015-EM420086-42218,2015-08-02 00:00:00,EM-420086,Evan Minnotte,Home Office,Morocco,Africa,North Africa,OFF-AR-3481,Office Supplies,Art,"Binney & Smith Highlighters, Blue",33.17999999999999,2,0,4.92
MX-2015-RB1946518-42242,2015-08-26 00:00:00,RB-1946518,Rick Bensley,Home Office,Brazil,LATAM,South America,OFF-SU-4974,Office Supplies,Supplies,"Kleencut Box Cutter, High Speed",69.29999999999998,3,0,30.479999999999997
AO-2015-JM56554-42247,2015-08-31 00:00:00,JM-56554,Jim Mitchum,Corporate,Angola,Africa,Central Africa,OFF-ST-6057,Office Supplies,Storage,"Smead Shelving, Blue",48.92999999999999,1,0,14.669999999999998
IT-2015-EB1397564-42227,2015-08-11 00:00:00,EB-1397564,Erica Bern,Corporate,Italy,Europe,Southern Europe,FUR-CH-5801,Furniture,Chairs,"SAFCO Steel Folding Chair, Black",33.312000000000005,1,0.6,-27.497999999999998
IN-2015-AH106907-42224,2015-08-08 00:00:00,AH-106907,Anna Häberlin,Corporate,Australia,Asia Pacific,Oceania,OFF-AR-6110,Office Supplies,Art,"Stanley Highlighters, Blue",26.46,2,0.1,5.880000000000001
IT-2015-CK12595139-42240,2015-08-24 00:00:00,CK-12595139,Clytie Kelty,Consumer,United Kingdom,Europe,Northern Europe,OFF-ST-5686,Office Supplies,Storage,"Rogers Box, Blue",119.85,5,0,2.25
UP-2015-ME7320137-42223,2015-08-07 00:00:00,ME-7320137,Maria Etezadi,Home Office,Ukraine,Europe,Eastern Europe,OFF-AR-3549,Office Supplies,Art,"Boston Pens, Water Color",34.800000000000004,2,0,3.12
IN-2015-SH2039527-42234,2015-08-18 00:00:00,SH-2039527,Shahid Hopkins,Consumer,China,Asia Pacific,Eastern Asia,OFF-AR-3538,Office Supplies,Art,"Boston Markers, Easy-Erase",79.92,3,0,5.58
TU-2015-HA4920134-42236,2015-08-20 00:00:00,HA-4920134,Helen Andreada,Consumer,Turkey,Asia Pacific,Western Asia,FUR-BO-4865,Furniture,Bookcases,"Ikea Stackable Bookrack, Mobile",50.040000000000006,1,0.6,-15.030000000000001
ES-2015-ME17320139-42227,2015-08-11 00:00:00,ME-17320139,Maria Etezadi,Home Office,United Kingdom,Europe,Northern Europe,OFF-FA-3070,Office Supplies,Fasteners,"Advantus Staples, Bulk Pack",21.72,2,0,8.64
ES-2015-JS1559548-42228,2015-08-12 00:00:00,JS-1559548,Jill Stevenson,Corporate,Germany,Europe,Western Europe,OFF-BI-2900,Office Supplies,Binders,"Acco Binding Machine, Durable",473.31000000000006,9,0,113.4
CA-2015-JL15505140-42224,2015-08-08 00:00:00,JL-155051404,Jeremy Lonsdale,Consumer,United States,USCA,Western US,OFF-AP-2863,Office Supplies,Appliances,3.6 Cubic Foot Counter Height Office Refrigerator,1473.1,5,0,412.4680000000001
GH-2015-EG390049-42224,2015-08-08 00:00:00,EG-390049,Emily Grady,Consumer,Ghana,Africa,Western Africa,OFF-AR-3553,Office Supplies,Art,"Boston Sketch Pad, Easy-Erase",48.87,1,0,14.16
CA-2015-JL15505140-42224,2015-08-08 00:00:00,JL-155051404,Jeremy Lonsdale,Consumer,United States,USCA,Western US,TEC-PH-5625,Technology,Phones,Polycom VoiceStation 500 Conference phone,707.88,3,0.2,44.242500000000035
CA-2015-JL15505140-42224,2015-08-08 00:00:00,JL-155051404,Jeremy Lonsdale,Consumer,United States,USCA,Western US,FUR-CH-4406,Furniture,Chairs,Global Enterprise Series Seating Low-Back Swivel/Tilt Chairs,207.18400000000003,1,0.2,25.897999999999982
CA-2015-JL15505140-42224,2015-08-08 00:00:00,JL-155051404,Jeremy Lonsdale,Consumer,United States,USCA,Western US,TEC-AC-6077,Technology,Accessories,Sony Micro Vault Click 4 GB USB 2.0 Flash Drive,55.76,4,0,7.806400000000004
CA-2015-JL15505140-42224,2015-08-08 00:00:00,JL-155051404,Jeremy Lonsdale,Consumer,United States,USCA,Western US,FUR-FU-4761,Furniture,Furnishings,"Howard Miller 13-3/4"" Diameter Brushed Chrome Round Wall Clock",51.75,1,0,15.524999999999999
CA-2015-JL15505140-42224,2015-08-08 00:00:00,JL-155051404,Jeremy Lonsdale,Consumer,United States,USCA,Western US,OFF-BI-5188,Office Supplies,Binders,"Mead 1st Gear 2"" Zipper Binder, Asst. Colors",31.128000000000004,3,0.2,11.673000000000002
CA-2015-JL15505140-42224,2015-08-08 00:00:00,JL-155051404,Jeremy Lonsdale,Consumer,United States,USCA,Western US,OFF-PA-6430,Office Supplies,Paper,Xerox 1881,24.56,2,0,11.543199999999999
CA-2015-JL15505140-42224,2015-08-08 00:00:00,JL-155051404,Jeremy Lonsdale,Consumer,United States,USCA,Western US,OFF-BI-3729,Office Supplies,Binders,Cardinal Holdit Business Card Pockets,11.952000000000002,3,0.2,4.1832
ES-2015-KM1637591-42236,2015-08-20 00:00:00,KM-1637591,Katherine Murray,Home Office,Netherlands,Europe,Western Europe,FUR-FU-3957,Furniture,Furnishings,"Deflect-O Stacking Tray, Erganomic",71.424,4,0.2,-14.376000000000001
IN-2015-CM1219027-42227,2015-08-11 00:00:00,CM-1219027,Charlotte Melton,Consumer,China,Asia Pacific,Eastern Asia,OFF-AR-3475,Office Supplies,Art,"Binney & Smith Canvas, Blue",102.71999999999998,2,0,3.06
IT-2015-TP2156545-42231,2015-08-15 00:00:00,TP-2156545,Tracy Poddar,Corporate,France,Europe,Western Europe,OFF-EN-4903,Office Supplies,Envelopes,"Jiffy Business Envelopes, Recycled",91.8,5,0,16.5
IT-2015-AS1024045-42229,2015-08-13 00:00:00,AS-1024045,Alan Shonely,Consumer,France,Europe,Western Europe,OFF-LA-4638,Office Supplies,Labels,"Hon Color Coded Labels, Adjustable",53.54999999999998,5,0,8.55
MX-2015-YS2188031-42244,2015-08-28 00:00:00,YS-2188031,Yana Sorensen,Corporate,Cuba,LATAM,Caribbean,TEC-AC-5130,Technology,Accessories,"Logitech Numeric Keypad, Bluetooth",61.760000000000005,2,0,22.84
MX-2015-MB1808582-42220,2015-08-04 00:00:00,MB-1808582,Mick Brown,Consumer,Mexico,LATAM,Central America,OFF-ST-4106,Office Supplies,Storage,"Eldon Trays, Industrial",96.89999999999998,3,0,41.64
IN-2015-SU2066527-42242,2015-08-26 00:00:00,SU-2066527,Stephanie Ulpright,Home Office,China,Asia Pacific,Eastern Asia,OFF-LA-3322,Office Supplies,Labels,"Avery Shipping Labels, Alphabetical",70.01999999999998,6,0,27.900000000000002
SA-2015-JH5985110-42217,2015-08-01 00:00:00,JH-5985110,Joseph Holt,Consumer,Saudi Arabia,Asia Pacific,Western Asia,FUR-FU-6278,Furniture,Furnishings,"Tenex Stacking Tray, Erganomic",22.259999999999998,1,0,9.99
IT-2015-HK1489048-42243,2015-08-27 00:00:00,HK-1489048,Heather Kirkland,Corporate,Germany,Europe,Western Europe,OFF-PA-4477,Office Supplies,Paper,"Green Bar Message Books, Recycled",106.64999999999999,5,0.1,30.749999999999993
TU-2015-KN6705134-42246,2015-08-30 00:00:00,KN-6705134,Kristina Nunn,Home Office,Turkey,Asia Pacific,Western Asia,TEC-PH-3799,Technology,Phones,"Cisco Office Telephone, with Caller ID",128.73600000000002,4,0.6,-151.34400000000002
ES-2015-RA1991564-42245,2015-08-29 00:00:00,RA-1991564,Russell Applegate,Consumer,Italy,Europe,Southern Europe,FUR-CH-5757,Furniture,Chairs,"SAFCO Chairmat, Black",114.78000000000002,5,0.6,-157.92
IN-2015-PP1895559-42224,2015-08-08 00:00:00,PP-1895559,Paul Prost,Home Office,Indonesia,Asia Pacific,Southeastern Asia,OFF-BI-2897,Office Supplies,Binders,"Acco Binder, Economy",88.02149999999999,7,0.17,14.731499999999997
MX-2015-MB1808582-42220,2015-08-04 00:00:00,MB-1808582,Mick Brown,Consumer,Mexico,LATAM,Central America,FUR-FU-4066,Furniture,Furnishings,"Eldon Frame, Durable",90.62400000000001,2,0.4,-18.136000000000017
IZ-2015-DW348061-42238,2015-08-22 00:00:00,DW-348061,Dianna Wilson,Home Office,Iraq,Asia Pacific,Western Asia,OFF-EN-3655,Office Supplies,Envelopes,"Cameo Business Envelopes, Security-Tint",33.900000000000006,2,0,12.18
IN-2015-IL1510058-42223,2015-08-07 00:00:00,IL-1510058,Ivan Liston,Consumer,India,Asia Pacific,Southern Asia,OFF-EN-4445,Office Supplies,Envelopes,"GlobeWeis Mailers, Set of 50",77.1,2,0,33.12
NI-2015-ML739595-42237,2015-08-21 00:00:00,ML-739595,Marina Lichtenstein,Corporate,Nigeria,Africa,Western Africa,OFF-ST-5701,Office Supplies,Storage,"Rogers Lockers, Industrial",127.26000000000003,2,0.7,-135.78
IN-2015-JL1550527-42235,2015-08-19 00:00:00,JL-1550527,Jeremy Lonsdale,Consumer,China,Asia Pacific,Eastern Asia,OFF-PA-5891,Office Supplies,Paper,"SanDisk Parchment Paper, Multicolor",54.35999999999999,3,0,20.07
ES-2015-MS1798048-42227,2015-08-11 00:00:00,MS-1798048,Michael Stewart,Corporate,Germany,Europe,Western Europe,TEC-AC-4152,Technology,Accessories,"Enermax Flash Drive, Erganomic",117.99,3,0,51.84
SF-2015-CM2160117-42245,2015-08-29 00:00:00,CM-2160117,Charles McCrossin,Consumer,South Africa,Africa,Southern Africa,OFF-ST-5709,Office Supplies,Storage,"Rogers Trays, Blue",61.67999999999999,1,0,18.48
ES-2015-MO17500120-42222,2015-08-06 00:00:00,MO-17500120,Mary O'Rourke,Consumer,Spain,Europe,Southern Europe,TEC-MA-4206,Technology,Machines,"Epson Printer, Red",467.58599999999996,2,0.1,57.126
ES-2015-MH17620120-42245,2015-08-29 00:00:00,MH-17620120,Matt Hagelstein,Corporate,Spain,Europe,Southern Europe,OFF-AR-3495,Office Supplies,Art,"Binney & Smith Pens, Blue",47.760000000000005,4,0,20.04
SF-2015-EH4125117-42244,2015-08-28 00:00:00,EH-4125117,Eugene Hildebrand,Home Office,South Africa,Africa,Southern Africa,TEC-AC-5880,Technology,Accessories,"SanDisk Mouse, Bluetooth",38.31,1,0,4.199999999999999
ES-2015-KW1657048-42245,2015-08-29 00:00:00,KW-1657048,Kelly Williams,Consumer,Germany,Europe,Western Europe,OFF-SU-4994,Office Supplies,Supplies,"Kleencut Trimmer, High Speed",207.15,5,0,55.8
HU-2015-AP72057-42242,2015-08-26 00:00:00,AP-72057,Anne Pryor,Home Office,Hungary,Europe,Eastern Europe,OFF-PA-4001,Office Supplies,Paper,"Eaton Message Books, Recycled",81.96,4,0,11.399999999999999
US-2015-JE15715140-42242,2015-08-26 00:00:00,JE-157151406,Joe Elijah,Consumer,United States,USCA,Eastern US,OFF-ST-5079,Office Supplies,Storage,"Letter/Legal File Tote with Clear Snap-On Lid, Black Granite",25.695999999999998,2,0.2,1.9271999999999991
MX-2015-TC2129539-42228,2015-08-12 00:00:00,TC-2129539,Toby Carlisle,Consumer,El Salvador,LATAM,Central America,OFF-SU-6167,Office Supplies,Supplies,"Stiletto Letter Opener, Steel",50.160000000000004,3,0,21.54
MX-2015-BD1150036-42244,2015-08-28 00:00:00,BD-1150036,Bradley Drucker,Consumer,Dominican Republic,LATAM,Caribbean,FUR-CH-5793,Furniture,Chairs,"SAFCO Rocking Chair, Adjustable",73.28000000000002,1,0.2,19.21999999999999
IN-2015-AF1088558-42222,2015-08-06 00:00:00,AF-1088558,Art Foster,Consumer,India,Asia Pacific,Southern Asia,OFF-EN-5022,Office Supplies,Envelopes,"Kraft Business Envelopes, Recycled",45.72,3,0,6.39
IN-2015-PP1895559-42224,2015-08-08 00:00:00,PP-1895559,Paul Prost,Home Office,Indonesia,Asia Pacific,Southeastern Asia,TEC-PH-5337,Technology,Phones,"Nokia Audio Dock, VoIP",138.4689,1,0.17,23.328899999999997
ID-2015-PF192257-42242,2015-08-26 00:00:00,PF-192257,Phillip Flathmann,Consumer,Australia,Asia Pacific,Oceania,OFF-FA-6186,Office Supplies,Fasteners,"Stockwell Clamps, Bulk Pack",51.92100000000001,3,0.1,-0.6390000000000002
IN-2015-HH1501027-42221,2015-08-05 00:00:00,HH-1501027,Hilary Holden,Corporate,China,Asia Pacific,Eastern Asia,OFF-ST-4251,Office Supplies,Storage,"Fellowes Box, Industrial",60.48000000000001,3,0,16.29
ES-2015-MH1811545-42237,2015-08-21 00:00:00,MH-1811545,Mick Hernandez,Home Office,France,Europe,Western Europe,TEC-AC-5881,Technology,Accessories,"SanDisk Mouse, Erganomic",36.12,1,0,7.199999999999999
ES-2015-RA1991564-42245,2015-08-29 00:00:00,RA-1991564,Russell Applegate,Consumer,Italy,Europe,Southern Europe,OFF-AR-3496,Office Supplies,Art,"Binney & Smith Pens, Easy-Erase",48.84,4,0,0
IN-2015-SC2068027-42235,2015-08-19 00:00:00,SC-2068027,Steve Carroll,Home Office,China,Asia Pacific,Eastern Asia,OFF-LA-3323,Office Supplies,Labels,"Avery Shipping Labels, Laser Printer Compatible",59.25,5,0,27.750000000000004
GG-2015-SJ1021547-42227,2015-08-11 00:00:00,SJ-1021547,Sarah Jordon,Consumer,Georgia,Asia Pacific,Western Asia,OFF-BI-3246,Office Supplies,Binders,"Avery Binder Covers, Clear",63.17999999999999,6,0,14.400000000000002
IN-2015-JD1615027-42245,2015-08-29 00:00:00,JD-1615027,Justin Deggeller,Corporate,China,Asia Pacific,Eastern Asia,OFF-PA-6623,Office Supplies,Paper,"Xerox Parchment Paper, Premium",66.3,5,0,13.8
IZ-2015-RW969061-42243,2015-08-27 00:00:00,RW-969061,Robert Waldorf,Consumer,Iraq,Asia Pacific,Western Asia,TEC-PH-3134,Technology,Phones,"Apple Headset, VoIP",73.35,1,0,10.26
ES-2015-DD13570120-42225,2015-08-09 00:00:00,DD-13570120,Dorothy Dickinson,Consumer,Spain,Europe,Southern Europe,TEC-MA-5567,Technology,Machines,"Panasonic Phone, Durable",152.92800000000003,2,0.1,61.128
ES-2015-BF1102045-42235,2015-08-19 00:00:00,BF-1102045,Barry Französisch,Corporate,France,Europe,Western Europe,OFF-EN-3097,Office Supplies,Envelopes,"Ames Interoffice Envelope, Security-Tint",95.03999999999999,2,0,46.56
SU-2015-BW1200122-42236,2015-08-20 00:00:00,BW-1200122,Ben Wallace,Consumer,Sudan,Africa,North Africa,OFF-ST-4105,Office Supplies,Storage,"Eldon Trays, Blue",47.97,1,0,8.61
ES-2015-CC1210096-42222,2015-08-06 00:00:00,CC-1210096,Chad Cunningham,Home Office,Norway,Europe,Northern Europe,OFF-AR-5903,Office Supplies,Art,"Sanford Canvas, Easy-Erase",101.58,2,0,13.200000000000001
UP-2015-ST10530137-42243,2015-08-27 00:00:00,ST-10530137,Shui Tom,Consumer,Ukraine,Europe,Eastern Europe,OFF-BI-3722,Office Supplies,Binders,"Cardinal Binder, Economy",55.31999999999999,4,0,20.4
IN-2015-CC1222066-42224,2015-08-08 00:00:00,CC-1222066,Chris Cortes,Consumer,Japan,Asia Pacific,Eastern Asia,OFF-PA-4162,Office Supplies,Paper,"Enermax Memo Slips, Recycled",46.71,3,0,19.53
ES-2015-DL13315120-42235,2015-08-19 00:00:00,DL-13315120,Delfina Latchford,Consumer,Spain,Europe,Southern Europe,OFF-ST-5697,Office Supplies,Storage,"Rogers Folders, Wire Frame",53.56799999999999,2,0.1,0.5880000000000019
MX-2015-TB2162551-42234,2015-08-18 00:00:00,TB-2162551,Trudy Brown,Consumer,Guatemala,LATAM,Central America,TEC-AC-4171,Technology,Accessories,"Enermax Mouse, Bluetooth",80.58000000000001,3,0,36.239999999999995
TU-2015-HA4920134-42236,2015-08-20 00:00:00,HA-4920134,Helen Andreada,Consumer,Turkey,Asia Pacific,Western Asia,OFF-SU-4316,Office Supplies,Supplies,"Fiskars Scissors, High Speed",55.584,6,0.6,-16.77600000000001
IT-2015-SW20755124-42221,2015-08-05 00:00:00,SW-20755124,Steven Ward,Corporate,Sweden,Europe,Northern Europe,OFF-BI-4803,Office Supplies,Binders,"Ibico 3-Hole Punch, Clear",59.82000000000001,4,0.5,-12.06000000000001
SF-2015-EH4125117-42244,2015-08-28 00:00:00,EH-4125117,Eugene Hildebrand,Home Office,South Africa,Africa,Southern Africa,TEC-AC-5218,Technology,Accessories,"Memorex Mouse, Programmable",29.67,1,0,2.07
AG-2015-MO78003-42217,2015-08-01 00:00:00,MO-78003,Meg O'Connel,Home Office,Algeria,Africa,North Africa,OFF-AR-3554,Office Supplies,Art,"Boston Sketch Pad, Fluorescent",49.86,1,0,0
IT-2015-LW1699064-42238,2015-08-22 00:00:00,LW-1699064,Lindsay Williams,Corporate,Italy,Europe,Southern Europe,FUR-CH-5369,Furniture,Chairs,"Novimex Bag Chairs, Set of Two",57.852000000000004,3,0.6,-52.127999999999986
IN-2015-XP218657-42239,2015-08-23 00:00:00,XP-218657,Xylona Preis,Consumer,Australia,Asia Pacific,Oceania,TEC-AC-5216,Technology,Accessories,"Memorex Mouse, Bluetooth",76.059,3,0.1,1.6290000000000013
ES-2015-SC2057545-42235,2015-08-19 00:00:00,SC-2057545,Sonia Cooley,Consumer,France,Europe,Western Europe,OFF-AR-5933,Office Supplies,Art,"Sanford Sketch Pad, Water Color",145.98,3,0,68.58
IN-2015-NH186107-42239,2015-08-23 00:00:00,NH-186107,Nicole Hansen,Corporate,Australia,Asia Pacific,Oceania,OFF-PA-5871,Office Supplies,Paper,"SanDisk Memo Slips, Recycled",60.804,4,0.1,7.404
MX-2015-JW1522031-42244,2015-08-28 00:00:00,JW-1522031,Jane Waco,Corporate,Cuba,LATAM,Caribbean,OFF-SU-2986,Office Supplies,Supplies,"Acme Ruler, Serrated",17.880000000000003,2,0,0.32
CM-2015-LW682522-42238,2015-08-22 00:00:00,LW-682522,Laurel Workman,Corporate,Cameroon,Africa,Central Africa,OFF-ST-4283,Office Supplies,Storage,"Fellowes Shelving, Industrial",58.31999999999999,1,0,25.650000000000002
ES-2015-MH17620120-42245,2015-08-29 00:00:00,MH-17620120,Matt Hagelstein,Corporate,Spain,Europe,Southern Europe,OFF-BI-6404,Office Supplies,Binders,"Wilson Jones Index Tab, Economy",25.799999999999997,4,0,6.6000000000000005
MX-2015-CC1255039-42223,2015-08-07 00:00:00,CC-1255039,Clay Cheatham,Consumer,El Salvador,LATAM,Central America,OFF-ST-4294,Office Supplies,Storage,"Fellowes Trays, Industrial",38.58,1,0,8.1
ES-2015-JW1595545-42245,2015-08-29 00:00:00,JW-1595545,Joni Wasserman,Consumer,France,Europe,Western Europe,OFF-PA-4170,Office Supplies,Paper,"Enermax Message Books, Recycled",89.64,4,0,39.36
IT-2015-CS1195091-42239,2015-08-23 00:00:00,CS-1195091,Carlos Soltero,Consumer,Netherlands,Europe,Western Europe,OFF-SU-4128,Office Supplies,Supplies,"Elite Scissors, High Speed",45.06,4,0.5,-1.8599999999999994
IT-2015-JW15955124-42227,2015-08-11 00:00:00,JW-15955124,Joni Wasserman,Consumer,Sweden,Europe,Northern Europe,TEC-AC-3384,Technology,Accessories,"Belkin Keyboard, Bluetooth",125.82,3,0.5,-62.91
ES-2015-KM1637591-42236,2015-08-20 00:00:00,KM-1637591,Katherine Murray,Home Office,Netherlands,Europe,Western Europe,FUR-CH-5366,Furniture,Chairs,"Novimex Bag Chairs, Adjustable",72.67500000000001,3,0.5,-36.405000000000015
SU-2015-BW1200122-42236,2015-08-20 00:00:00,BW-1200122,Ben Wallace,Consumer,Sudan,Africa,North Africa,OFF-AR-3447,Office Supplies,Art,"BIC Canvas, Blue",53.699999999999996,1,0,4.29
IT-2015-SB2018564-42234,2015-08-18 00:00:00,SB-2018564,Sarah Brown,Consumer,Italy,Europe,Southern Europe,OFF-AR-3477,Office Supplies,Art,"Binney & Smith Canvas, Fluorescent",105.24,2,0,19.98
CA-2015-JW15955140-42224,2015-08-08 00:00:00,JW-159551406,Joni Wasserman,Consumer,United States,USCA,Eastern US,OFF-FA-6129,Office Supplies,Fasteners,Staples,104.80000000000001,10,0,26.200000000000003
US-2015-SC206955-42237,2015-08-21 00:00:00,SC-206955,Steve Chapman,Corporate,Argentina,LATAM,South America,TEC-AC-4158,Technology,Accessories,"Enermax Keyboard, USB",66.93599999999999,2,0.4,6.655999999999994
CA-2015-JW15955140-42224,2015-08-08 00:00:00,JW-159551406,Joni Wasserman,Consumer,United States,USCA,Eastern US,OFF-AR-5653,Office Supplies,Art,"Quartet Omega Colored Chalk, 12/Pack",11.68,2,0,5.489599999999999
ID-2015-TP21130130-42221,2015-08-05 00:00:00,TP-21130130,Theone Pippenger,Consumer,Thailand,Asia Pacific,Southeastern Asia,FUR-CH-5759,Furniture,Chairs,"SAFCO Chairmat, Set of Two",90.6222,2,0.27,9.92219999999999
ES-2015-LF17185104-42241,2015-08-25 00:00:00,LF-17185104,Luke Foster,Consumer,Portugal,Europe,Southern Europe,OFF-ST-6284,Office Supplies,Storage,"Tenex Trays, Wire Frame",79.91999999999999,3,0.5,0
MX-2015-ER1385531-42236,2015-08-20 00:00:00,ER-1385531,Elpida Rittenbach,Corporate,Cuba,LATAM,Caribbean,OFF-EN-4923,Office Supplies,Envelopes,"Jiffy Peel and Seal, Recycled",37.620000000000005,3,0,7.139999999999999
ES-2015-JS1559548-42228,2015-08-12 00:00:00,JS-1559548,Jill Stevenson,Corporate,Germany,Europe,Western Europe,FUR-FU-6258,Furniture,Furnishings,"Tenex Light Bulb, Duo Pack",56.970000000000006,3,0,6.75
ID-2015-PC1900092-42231,2015-08-15 00:00:00,PC-1900092,Pauline Chand,Home Office,New Zealand,Asia Pacific,Oceania,OFF-EN-4903,Office Supplies,Envelopes,"Jiffy Business Envelopes, Recycled",17.712,2,0.4,-7.728
ES-2015-MC1784545-42220,2015-08-04 00:00:00,MC-1784545,Michael Chen,Consumer,France,Europe,Western Europe,OFF-BI-4828,Office Supplies,Binders,"Ibico Index Tab, Clear",75.33000000000001,9,0,27.81
MX-2015-JF1556582-42243,2015-08-27 00:00:00,JF-1556582,Jill Fjeld,Consumer,Mexico,LATAM,Central America,OFF-BI-3253,Office Supplies,Binders,"Avery Binder, Economy",60.2,7,0,4.2
AG-2015-CD27903-42236,2015-08-20 00:00:00,CD-27903,Cynthia Delaney,Home Office,Algeria,Africa,North Africa,TEC-AC-5219,Technology,Accessories,"Memorex Mouse, USB",56.75999999999999,2,0,10.74
ID-2015-TP21130130-42221,2015-08-05 00:00:00,TP-21130130,Theone Pippenger,Consumer,Thailand,Asia Pacific,Southeastern Asia,TEC-AC-4157,Technology,Accessories,"Enermax Keyboard, Programmable",90.05760000000001,2,0.47000000000000003,-28.92240000000001
ES-2015-CC1261048-42232,2015-08-16 00:00:00,CC-1261048,Corey Catlett,Corporate,Germany,Europe,Western Europe,TEC-AC-5102,Technology,Accessories,"Logitech Flash Drive, USB",61.43999999999999,2,0,18.419999999999998
IN-2015-KL1655559-42232,2015-08-16 00:00:00,KL-1655559,Kelly Lampkin,Corporate,Indonesia,Asia Pacific,Southeastern Asia,OFF-ST-6251,Office Supplies,Storage,"Tenex Folders, Single Width",57.8925,3,0.17,2.092500000000001
RS-2015-CR2625108-42230,2015-08-14 00:00:00,CR-2625108,Corey Roper,Home Office,Russia,Europe,Eastern Europe,OFF-ST-5712,Office Supplies,Storage,"Rogers Trays, Wire Frame",60.75,1,0,29.759999999999998
MX-2015-BS1136518-42231,2015-08-15 00:00:00,BS-1136518,Bill Shonely,Corporate,Brazil,LATAM,South America,OFF-SU-6174,Office Supplies,Supplies,"Stiletto Scissors, Serrated",67.7,5,0,6
MO-2015-EM420086-42218,2015-08-02 00:00:00,EM-420086,Evan Minnotte,Home Office,Morocco,Africa,North Africa,OFF-AR-3489,Office Supplies,Art,"Binney & Smith Markers, Easy-Erase",24.36,1,0,9.72
ES-2015-BS1180045-42235,2015-08-19 00:00:00,BS-1180045,Bryan Spruell,Home Office,France,Europe,Western Europe,OFF-FA-2940,Office Supplies,Fasteners,"Accos Clamps, 12 Pack",56.43000000000001,3,0,9
MX-2015-JB1540093-42222,2015-08-06 00:00:00,JB-1540093,Jennifer Braxton,Corporate,Nicaragua,LATAM,Central America,OFF-SU-4135,Office Supplies,Supplies,"Elite Trimmer, Easy Grip",57.720000000000006,2,0,14.4
ES-2015-JW1595545-42228,2015-08-12 00:00:00,JW-1595545,Joni Wasserman,Consumer,France,Europe,Western Europe,OFF-AR-3545,Office Supplies,Art,"Boston Pencil Sharpener, Water Color",64.25999999999999,2,0,32.099999999999994
TU-2015-NW8400134-42225,2015-08-09 00:00:00,NW-8400134,Natalie Webber,Consumer,Turkey,Asia Pacific,Western Asia,OFF-BI-3726,Office Supplies,Binders,"Cardinal Binding Machine, Economy",19.908000000000005,1,0.6,-15.942000000000007
ES-2015-AA10315139-42220,2015-08-04 00:00:00,AA-10315139,Alex Avila,Consumer,United Kingdom,Europe,Northern Europe,OFF-BI-3717,Office Supplies,Binders,"Cardinal Binder Covers, Durable",94.5,7,0,30.240000000000002
MX-2015-JO1555031-42231,2015-08-15 00:00:00,JO-1555031,Jesus Ocampo,Home Office,Cuba,LATAM,Caribbean,OFF-SU-6160,Office Supplies,Supplies,"Stiletto Box Cutter, Easy Grip",50.12,2,0,23.04
IV-2015-JC577529-42221,2015-08-05 00:00:00,JC-577529,John Castell,Consumer,Cote d'Ivoire,Africa,Western Africa,OFF-BI-3717,Office Supplies,Binders,"Cardinal Binder Covers, Durable",54,4,0,17.28
ES-2015-TC2129545-42236,2015-08-20 00:00:00,TC-2129545,Toby Carlisle,Consumer,France,Europe,Western Europe,OFF-BI-4818,Office Supplies,Binders,"Ibico Binding Machine, Recycled",103.55999999999999,2,0,18.6
ES-2015-DL13315120-42235,2015-08-19 00:00:00,DL-13315120,Delfina Latchford,Consumer,Spain,Europe,Southern Europe,OFF-BI-6405,Office Supplies,Binders,"Wilson Jones Index Tab, Recycled",40.86,6,0,11.34
ES-2015-ML1775545-42225,2015-08-09 00:00:00,ML-1775545,Max Ludwig,Home Office,France,Europe,Western Europe,OFF-BI-4818,Office Supplies,Binders,"Ibico Binding Machine, Recycled",258.9,5,0,46.5
TZ-2015-JS5940129-42235,2015-08-19 00:00:00,JS-5940129,Joni Sundaresam,Home Office,Tanzania,Africa,Eastern Africa,OFF-FA-3074,Office Supplies,Fasteners,"Advantus Thumb Tacks, Bulk Pack",81.53999999999999,6,0,0
IN-2015-HG1484558-42242,2015-08-26 00:00:00,HG-1484558,Harry Greene,Consumer,India,Asia Pacific,Southern Asia,OFF-ST-6230,Office Supplies,Storage,"Tenex Box, Single Width",33.06,2,0,11.52
ES-2015-BP11230120-42220,2015-08-04 00:00:00,BP-11230120,Benjamin Patterson,Consumer,Spain,Europe,Southern Europe,FUR-CH-5753,Furniture,Chairs,"SAFCO Bag Chairs, Set of Two",82.70400000000001,2,0.2,12.384
IT-2015-SZ2003545-42244,2015-08-28 00:00:00,SZ-2003545,Sam Zeldin,Home Office,France,Europe,Western Europe,OFF-FA-6186,Office Supplies,Fasteners,"Stockwell Clamps, Bulk Pack",56.519999999999996,6,0.5,-47.519999999999996
CA-2015-JK612023-42229,2015-08-13 00:00:00,JK-612023,Julie Kriz,Home Office,Canada,USCA,Canada,TEC-PH-3802,Technology,Phones,"Cisco Signal Booster, VoIP",607.6800000000001,4,0,36.36
CA-2015-JK612023-42229,2015-08-13 00:00:00,JK-612023,Julie Kriz,Home Office,Canada,USCA,Canada,OFF-BI-2900,Office Supplies,Binders,"Acco Binding Machine, Durable",52.59,1,0,12.600000000000001
ES-2015-AA10315139-42220,2015-08-04 00:00:00,AA-10315139,Alex Avila,Consumer,United Kingdom,Europe,Northern Europe,OFF-AR-3494,Office Supplies,Art,"Binney & Smith Pencil Sharpener, Water Color",53.88,2,0,24.78
CA-2015-JK612023-42229,2015-08-13 00:00:00,JK-612023,Julie Kriz,Home Office,Canada,USCA,Canada,TEC-PH-3128,Technology,Phones,"Apple Audio Dock, Full Size",168.18,1,0,15.120000000000001
CA-2015-JK612023-42229,2015-08-13 00:00:00,JK-612023,Julie Kriz,Home Office,Canada,USCA,Canada,OFF-AR-3499,Office Supplies,Art,"Binney & Smith Sketch Pad, Blue",46.32,1,0,12.03
ES-2015-JS1559548-42228,2015-08-12 00:00:00,JS-1559548,Jill Stevenson,Corporate,Germany,Europe,Western Europe,OFF-SU-6165,Office Supplies,Supplies,"Stiletto Letter Opener, Easy Grip",56.760000000000005,2,0,26.64
IT-2015-ND1846096-42223,2015-08-07 00:00:00,ND-1846096,Neil Ducich,Corporate,Norway,Europe,Northern Europe,OFF-BI-4807,Office Supplies,Binders,"Ibico Binder Covers, Clear",26.22,2,0,1.7999999999999998
IN-2015-DA1345027-42246,2015-08-30 00:00:00,DA-1345027,Dianna Arnett,Home Office,China,Asia Pacific,Eastern Asia,OFF-LA-4688,Office Supplies,Labels,"Hon Round Labels, Laser Printer Compatible",46.62,7,0,8.19
IV-2015-JC577529-42221,2015-08-05 00:00:00,JC-577529,John Castell,Consumer,Cote d'Ivoire,Africa,Western Africa,OFF-BI-3712,Office Supplies,Binders,"Cardinal 3-Hole Punch, Clear",113.03999999999999,4,0,23.64
IT-2015-ME1801045-42222,2015-08-06 00:00:00,ME-1801045,Michelle Ellison,Corporate,France,Europe,Western Europe,OFF-ST-5703,Office Supplies,Storage,"Rogers Lockers, Wire Frame",379.242,2,0.1,63.162000000000006
IN-2015-JK1609058-42238,2015-08-22 00:00:00,JK-1609058,Juliana Krohn,Consumer,India,Asia Pacific,Southern Asia,OFF-SU-4987,Office Supplies,Supplies,"Kleencut Scissors, Serrated",56.970000000000006,3,0,11.34
MX-2015-JG1516098-42232,2015-08-16 00:00:00,JG-1516098,James Galang,Consumer,Panama,LATAM,Central America,OFF-AR-3449,Office Supplies,Art,"BIC Canvas, Fluorescent",65.952,3,0.4,3.2520000000000038
ES-2015-BS1180045-42235,2015-08-19 00:00:00,BS-1180045,Bryan Spruell,Home Office,France,Europe,Western Europe,OFF-PA-4148,Office Supplies,Paper,"Enermax Computer Printout Paper, Multicolor",29.880000000000003,1,0,0.8699999999999999
CA-2015-JM16195140-42229,2015-08-13 00:00:00,JM-161951404,Justin MacKendrick,Consumer,United States,USCA,Western US,OFF-AP-3179,Office Supplies,Appliances,Avanti 4.4 Cu. Ft. Refrigerator,542.9399999999999,3,0,152.02319999999997
ES-2015-SF20965139-42222,2015-08-06 00:00:00,SF-20965139,Sylvia Foulston,Corporate,United Kingdom,Europe,Northern Europe,OFF-AR-3499,Office Supplies,Art,"Binney & Smith Sketch Pad, Blue",185.28,4,0,48.12
IN-2015-CK1220527-42245,2015-08-29 00:00:00,CK-1220527,Chloris Kastensmidt,Consumer,China,Asia Pacific,Eastern Asia,OFF-PA-5848,Office Supplies,Paper,"SanDisk Cards & Envelopes, Multicolor",49.83,1,0,3.4799999999999995
SF-2015-JL5175117-42245,2015-08-29 00:00:00,JL-5175117,James Lanier,Home Office,South Africa,Africa,Southern Africa,OFF-ST-6274,Office Supplies,Storage,"Tenex Shelving, Single Width",54.69,1,0,13.649999999999999
CA-2015-JM16195140-42229,2015-08-13 00:00:00,JM-161951404,Justin MacKendrick,Consumer,United States,USCA,Western US,FUR-FU-3924,Furniture,Furnishings,DAX Wood Document Frame,54.92,4,0,19.7712
ES-2015-CM12235139-42221,2015-08-05 00:00:00,CM-12235139,Chris McAfee,Consumer,United Kingdom,Europe,Northern Europe,OFF-LA-6064,Office Supplies,Labels,"Smead Shipping Labels, Laser Printer Compatible",58.05,5,0,4.050000000000001
NI-2015-FM429095-42218,2015-08-02 00:00:00,FM-429095,Frank Merwin,Home Office,Nigeria,Africa,Western Africa,OFF-AR-5933,Office Supplies,Art,"Sanford Sketch Pad, Water Color",29.196,2,0.7,-22.403999999999996
US-2015-SC206955-42237,2015-08-21 00:00:00,SC-206955,Steve Chapman,Corporate,Argentina,LATAM,South America,OFF-ST-6024,Office Supplies,Storage,"Smead Box, Industrial",40.5,9,0.4,-21.6
UP-2015-DW3480137-42234,2015-08-18 00:00:00,DW-3480137,Dianna Wilson,Home Office,Ukraine,Europe,Eastern Europe,OFF-FA-2960,Office Supplies,Fasteners,"Accos Thumb Tacks, Assorted Sizes",89.03999999999999,8,0,6
QA-2015-CS1860105-42232,2015-08-16 00:00:00,CS-1860105,Cari Schnelling,Consumer,Qatar,Asia Pacific,Western Asia,OFF-SU-4317,Office Supplies,Supplies,"Fiskars Scissors, Serrated",19.86,1,0,8.91
PL-2015-BD1725103-42217,2015-08-01 00:00:00,BD-1725103,Bruce Degenhardt,Consumer,Poland,Europe,Eastern Europe,OFF-BI-3735,Office Supplies,Binders,"Cardinal Hole Reinforcements, Economy",74.76,14,0,30.240000000000002
ES-2015-JM1558045-42237,2015-08-21 00:00:00,JM-1558045,Jill Matthias,Consumer,France,Europe,Western Europe,OFF-BI-6378,Office Supplies,Binders,"Wilson Jones Binder, Clear",24.96,2,0,1.98
CG-2015-MH744033-42218,2015-08-02 00:00:00,MH-744033,Mark Haberlin,Corporate,Democratic Republic of the Congo,Africa,Central Africa,OFF-SU-4996,Office Supplies,Supplies,"Kleencut Trimmer, Steel",40.83,1,0,6.51
SU-2015-BW1200122-42236,2015-08-20 00:00:00,BW-1200122,Ben Wallace,Consumer,Sudan,Africa,North Africa,OFF-AR-6105,Office Supplies,Art,"Stanley Canvas, Blue",49.47,1,0,7.89
ES-2015-SF20965139-42222,2015-08-06 00:00:00,SF-20965139,Sylvia Foulston,Corporate,United Kingdom,Europe,Northern Europe,OFF-BI-4807,Office Supplies,Binders,"Ibico Binder Covers, Clear",78.66,6,0,5.3999999999999995
ES-2015-BG11740139-42238,2015-08-22 00:00:00,BG-11740139,Bruce Geld,Consumer,United Kingdom,Europe,Northern Europe,OFF-ST-4061,Office Supplies,Storage,"Eldon Folders, Industrial",104.76,6,0,3.06
ES-2015-HJ1487545-42236,2015-08-20 00:00:00,HJ-1487545,Heather Jas,Home Office,France,Europe,Western Europe,OFF-BI-3251,Office Supplies,Binders,"Avery Binder, Clear",61.8,5,0,6.15
CG-2015-DK337533-42228,2015-08-12 00:00:00,DK-337533,Dennis Kane,Consumer,Democratic Republic of the Congo,Africa,Central Africa,OFF-AR-3532,Office Supplies,Art,"Boston Highlighters, Easy-Erase",19.139999999999997,1,0,4.199999999999999
TU-2015-MS7830134-42238,2015-08-22 00:00:00,MS-7830134,Melanie Seite,Consumer,Turkey,Asia Pacific,Western Asia,TEC-CO-3591,Technology,Copiers,"Brother Fax and Copier, Color",77.17200000000001,1,0.6,-69.46799999999999
TU-2015-BT1485134-42235,2015-08-19 00:00:00,BT-1485134,Brad Thomas,Home Office,Turkey,Asia Pacific,Western Asia,OFF-BI-3723,Office Supplies,Binders,"Cardinal Binder, Recycled",34.056,6,0.6,-33.26399999999999
ID-2015-NP18685102-42224,2015-08-08 00:00:00,NP-18685102,Nora Pelletier,Home Office,Philippines,Asia Pacific,Southeastern Asia,OFF-AP-3859,Office Supplies,Appliances,"Cuisinart Blender, White",55.360499999999995,1,0.15000000000000002,-7.189500000000001
IN-2015-MT1781511-42222,2015-08-06 00:00:00,MT-1781511,Meg Tillman,Consumer,Bangladesh,Asia Pacific,Southern Asia,FUR-FU-3048,Furniture,Furnishings,"Advantus Photo Frame, Duo Pack",159.12,3,0,60.39
MX-2015-JK1562539-42245,2015-08-29 00:00:00,JK-1562539,Jim Karlsson,Consumer,El Salvador,LATAM,Central America,OFF-PA-6616,Office Supplies,Paper,"Xerox Message Books, Recycled",27.04,2,0,10.24
ES-2015-RD1972048-42229,2015-08-13 00:00:00,RD-1972048,Roger Demir,Consumer,Germany,Europe,Western Europe,OFF-AR-3467,Office Supplies,Art,"BIC Pens, Water Color",87.30000000000001,5,0,35.699999999999996
IN-2015-DG1330027-42230,2015-08-14 00:00:00,DG-1330027,Deirdre Greer,Corporate,China,Asia Pacific,Eastern Asia,OFF-LA-6035,Office Supplies,Labels,"Smead File Folder Labels, Adjustable",27.119999999999997,4,0,13.200000000000001
IN-2015-SV207857-42235,2015-08-19 00:00:00,SV-207857,Stewart Visinsky,Consumer,Australia,Asia Pacific,Oceania,TEC-AC-5889,Technology,Accessories,"SanDisk Numeric Keypad, USB",47.84400000000001,1,0.1,10.073999999999998
ES-2015-TC21295139-42238,2015-08-22 00:00:00,TC-21295139,Toby Carlisle,Consumer,United Kingdom,Europe,Northern Europe,OFF-FA-5481,Office Supplies,Fasteners,"OIC Staples, Assorted Sizes",17.580000000000002,2,0,6.66
ES-2015-MG17650125-42232,2015-08-16 00:00:00,MG-17650125,Matthew Grinstein,Home Office,Switzerland,Europe,Western Europe,OFF-PA-5871,Office Supplies,Paper,"SanDisk Memo Slips, Recycled",33.78,2,0,13.799999999999999
MO-2015-BS138086-42238,2015-08-22 00:00:00,BS-138086,Bill Stewart,Corporate,Morocco,Africa,North Africa,OFF-AR-3450,Office Supplies,Art,"BIC Canvas, Water Color",56.88,1,0,0.54
ID-2015-DW135857-42230,2015-08-14 00:00:00,DW-135857,Dorothy Wardle,Corporate,Australia,Asia Pacific,Oceania,OFF-SU-6170,Office Supplies,Supplies,"Stiletto Ruler, Serrated",69.47999999999999,10,0.4,-38.220000000000006
MX-2015-BS1136518-42231,2015-08-15 00:00:00,BS-1136518,Bill Shonely,Corporate,Brazil,LATAM,South America,OFF-AR-3488,Office Supplies,Art,"Binney & Smith Markers, Blue",48.17999999999999,3,0,23.58
IT-2015-CL1270045-42225,2015-08-09 00:00:00,CL-1270045,Craig Leslie,Home Office,France,Europe,Western Europe,OFF-BI-2894,Office Supplies,Binders,"Acco Binder Covers, Recycled",68.4,5,0,20.4
RO-2015-KF6285107-42223,2015-08-07 00:00:00,KF-6285107,Karen Ferguson,Home Office,Romania,Europe,Eastern Europe,OFF-PA-5869,Office Supplies,Paper,"SanDisk Memo Slips, Multicolor",110.34,6,0,5.3999999999999995
CA-2015-KW16435140-42217,2015-08-01 00:00:00,KW-164351402,Katrina Willman,Consumer,United States,USCA,Central US,TEC-PH-5257,Technology,Phones,Motorola L804,36.792,1,0.2,4.139099999999999
IN-2015-CR125807-42237,2015-08-21 00:00:00,CR-125807,Clay Rozendal,Home Office,Australia,Asia Pacific,Oceania,OFF-PA-4177,Office Supplies,Paper,"Enermax Note Cards, Premium",53.83800000000001,2,0.1,17.897999999999996
ES-2015-KT1648048-42235,2015-08-19 00:00:00,KT-1648048,Kean Thornton,Consumer,Germany,Europe,Western Europe,OFF-LA-5391,Office Supplies,Labels,"Novimex Removable Labels, 5000 Label Set",49.35000000000001,5,0,20.1
MX-2015-TB2119082-42221,2015-08-05 00:00:00,TB-2119082,Thomas Brumley,Home Office,Mexico,LATAM,Central America,FUR-FU-3952,Furniture,Furnishings,"Deflect-O Photo Frame, Durable",58.715999999999994,3,0.4,-19.583999999999993
ES-2015-CM1193548-42244,2015-08-28 00:00:00,CM-1193548,Carlos Meador,Consumer,Germany,Europe,Western Europe,OFF-BI-3290,Office Supplies,Binders,"Avery Hole Reinforcements, Durable",29.55,5,0,10.499999999999998
IN-2015-SC2068027-42235,2015-08-19 00:00:00,SC-2068027,Steve Carroll,Home Office,China,Asia Pacific,Eastern Asia,FUR-FU-5720,Furniture,Furnishings,"Rubbermaid Clock, Durable",47.19,1,0,16.5
ES-2015-CC12670125-42243,2015-08-27 00:00:00,CC-12670125,Craig Carreira,Consumer,Switzerland,Europe,Western Europe,OFF-ST-4031,Office Supplies,Storage,"Eldon Box, Wire Frame",46.64999999999999,5,0,14.849999999999998
MX-2015-DO1343536-42224,2015-08-08 00:00:00,DO-1343536,Denny Ordway,Consumer,Dominican Republic,LATAM,Caribbean,TEC-PH-5251,Technology,Phones,"Motorola Headset, Cordless",44.048,1,0.2,-7.172
CA-2015-KT16480140-42237,2015-08-21 00:00:00,KT-164801404,Kean Thornton,Consumer,United States,USCA,Western US,OFF-PA-6565,Office Supplies,Paper,Xerox 203,25.92,4,0,12.441600000000001
MX-2015-DO1343536-42224,2015-08-08 00:00:00,DO-1343536,Denny Ordway,Consumer,Dominican Republic,LATAM,Caribbean,OFF-ST-6058,Office Supplies,Storage,"Smead Shelving, Industrial",105.40799999999999,4,0.2,-17.151999999999997
IN-2015-HH1501027-42221,2015-08-05 00:00:00,HH-1501027,Hilary Holden,Corporate,China,Asia Pacific,Eastern Asia,OFF-ST-5709,Office Supplies,Storage,"Rogers Trays, Blue",123.35999999999999,2,0,32.04
CA-2015-KD16495140-42230,2015-08-14 00:00:00,KD-164951406,Keith Dawkins,Corporate,United States,USCA,Eastern US,OFF-LA-3205,Office Supplies,Labels,Avery 486,17.544,3,0.2,5.921099999999998
MX-2015-TB2162551-42234,2015-08-18 00:00:00,TB-2162551,Trudy Brown,Consumer,Guatemala,LATAM,Central America,FUR-FU-6237,Furniture,Furnishings,"Tenex Clock, Duo Pack",67.08,2,0,25.48
HR-2015-SG1047030-42241,2015-08-25 00:00:00,SG-1047030,Sheri Gordon,Consumer,Croatia,Europe,Southern Europe,OFF-ST-5711,Office Supplies,Storage,"Rogers Trays, Single Width",61.71,1,0,4.29
IS-2015-RF973563-42220,2015-08-04 00:00:00,RF-973563,Roland Fjeld,Consumer,Israel,Asia Pacific,Western Asia,OFF-ST-6249,Office Supplies,Storage,"Tenex Folders, Blue",23.22,1,0,7.6499999999999995
ES-2015-AM1036045-42217,2015-08-01 00:00:00,AM-1036045,Alice McCarthy,Corporate,France,Europe,Western Europe,OFF-AR-3548,Office Supplies,Art,"Boston Pens, Fluorescent",46.44,3,0,7.83
IN-2015-DB1361558-42224,2015-08-08 00:00:00,DB-1361558,Doug Bickford,Consumer,India,Asia Pacific,Southern Asia,OFF-PA-4482,Office Supplies,Paper,"Green Bar Parchment Paper, Multicolor",54.26999999999999,3,0,17.28
AG-2015-CD27903-42236,2015-08-20 00:00:00,CD-27903,Cynthia Delaney,Home Office,Algeria,Africa,North Africa,OFF-PA-4467,Office Supplies,Paper,"Green Bar Computer Printout Paper, Multicolor",31.17,1,0,7.14
IN-2015-LC1688558-42229,2015-08-13 00:00:00,LC-1688558,Lena Creighton,Consumer,India,Asia Pacific,Southern Asia,OFF-BI-3719,Office Supplies,Binders,"Cardinal Binder Covers, Recycled",61.8,5,0,26.550000000000004
IT-2015-SB2018564-42234,2015-08-18 00:00:00,SB-2018564,Sarah Brown,Consumer,Italy,Europe,Southern Europe,OFF-FA-5464,Office Supplies,Fasteners,"OIC Clamps, Bulk Pack",59.31000000000001,3,0,29.610000000000003
ES-2015-MR1754548-42218,2015-08-02 00:00:00,MR-1754548,Mathew Reese,Home Office,Germany,Europe,Western Europe,OFF-AR-3457,Office Supplies,Art,"BIC Markers, Easy-Erase",80.10000000000001,3,0,22.410000000000004
IN-2015-SK1999059-42231,2015-08-15 00:00:00,SK-1999059,Sally Knutson,Consumer,Indonesia,Asia Pacific,Southeastern Asia,OFF-AR-3484,Office Supplies,Art,"Binney & Smith Highlighters, Water Color",72.1605,5,0.27,15.7605
ES-2015-AA10315139-42220,2015-08-04 00:00:00,AA-10315139,Alex Avila,Consumer,United Kingdom,Europe,Northern Europe,OFF-ST-6249,Office Supplies,Storage,"Tenex Folders, Blue",23.22,1,0,7.6499999999999995
IN-2015-JD1615027-42245,2015-08-29 00:00:00,JD-1615027,Justin Deggeller,Corporate,China,Asia Pacific,Eastern Asia,OFF-AP-4494,Office Supplies,Appliances,"Hamilton Beach Coffee Grinder, Red",85.32,2,0,12.78
ES-2015-PB19210139-42222,2015-08-06 00:00:00,PB-19210139,Phillip Breyer,Corporate,United Kingdom,Europe,Northern Europe,TEC-AC-4152,Technology,Accessories,"Enermax Flash Drive, Erganomic",39.33,1,0,17.28
SF-2015-BT1305117-42228,2015-08-12 00:00:00,BT-1305117,Beth Thompson,Home Office,South Africa,Africa,Southern Africa,OFF-FA-6200,Office Supplies,Fasteners,"Stockwell Rubber Bands, Metal",16.259999999999998,1,0,8.129999999999999
ID-2015-PC1900092-42231,2015-08-15 00:00:00,PC-1900092,Pauline Chand,Home Office,New Zealand,Asia Pacific,Oceania,OFF-AR-5918,Office Supplies,Art,"Sanford Markers, Easy-Erase",28.224,2,0.4,-1.4160000000000004
IT-2015-TP2156545-42231,2015-08-15 00:00:00,TP-2156545,Tracy Poddar,Corporate,France,Europe,Western Europe,OFF-LA-6030,Office Supplies,Labels,"Smead Color Coded Labels, Laser Printer Compatible",78.3,6,0,36
EG-2015-CL270038-42228,2015-08-12 00:00:00,CL-270038,Craig Leslie,Home Office,Egypt,Africa,North Africa,OFF-ST-4095,Office Supplies,Storage,"Eldon Shelving, Industrial",97.80000000000001,2,0,2.88
MX-2015-MH1729036-42217,2015-08-01 00:00:00,MH-1729036,Marc Harrigan,Home Office,Dominican Republic,LATAM,Caribbean,OFF-PA-5876,Office Supplies,Paper,"SanDisk Message Books, 8.5 x 11",44.736000000000004,3,0.2,12.815999999999999
ES-2015-GZ1454545-42229,2015-08-13 00:00:00,GZ-1454545,George Zrebassa,Corporate,France,Europe,Western Europe,OFF-FA-3055,Office Supplies,Fasteners,"Advantus Push Pins, Assorted Sizes",35.64,3,0,7.11
ID-2015-SW202457-42221,2015-08-05 00:00:00,SW-202457,Scot Wooten,Consumer,Australia,Asia Pacific,Oceania,TEC-MA-5541,Technology,Machines,"Panasonic Calculator, Wireless",60.336,2,0.4,-26.184000000000005
MX-2015-KL1664536-42243,2015-08-27 00:00:00,KL-1664536,Ken Lonsdale,Consumer,Dominican Republic,LATAM,Caribbean,OFF-FA-3045,Office Supplies,Fasteners,"Advantus Paper Clips, Bulk Pack",22.512,3,0.2,6.132000000000001
ES-2015-AC1066045-42218,2015-08-02 00:00:00,AC-1066045,Anna Chung,Consumer,France,Europe,Western Europe,OFF-ST-6252,Office Supplies,Storage,"Tenex Folders, Wire Frame",60.183,3,0.1,25.352999999999998
ES-2015-SF20965139-42222,2015-08-06 00:00:00,SF-20965139,Sylvia Foulston,Corporate,United Kingdom,Europe,Northern Europe,OFF-AR-3495,Office Supplies,Art,"Binney & Smith Pens, Blue",35.82000000000001,3,0,15.03
ES-2015-NP1870034-42234,2015-08-18 00:00:00,NP-1870034,Nora Preis,Consumer,Denmark,Europe,Northern Europe,TEC-AC-5219,Technology,Accessories,"Memorex Mouse, USB",70.94999999999999,5,0.5,-44.09999999999999
ID-2015-RB19645102-42219,2015-08-03 00:00:00,RB-19645102,Robert Barroso,Corporate,Philippines,Asia Pacific,Southeastern Asia,OFF-SU-2993,Office Supplies,Supplies,"Acme Shears, Easy Grip",85.041,3,0.45,-54.18900000000001
SF-2015-MS7830117-42230,2015-08-14 00:00:00,MS-7830117,Melanie Seite,Consumer,South Africa,Africa,Southern Africa,OFF-AR-3552,Office Supplies,Art,"Boston Sketch Pad, Blue",48.599999999999994,1,0,20.88
IN-2015-IG1508566-42228,2015-08-12 00:00:00,IG-1508566,Ivan Gibson,Consumer,Japan,Asia Pacific,Eastern Asia,OFF-SU-4306,Office Supplies,Supplies,"Fiskars Box Cutter, Steel",69.84,2,0,27.900000000000002
ID-2015-TC2129559-42223,2015-08-07 00:00:00,TC-2129559,Toby Carlisle,Consumer,Indonesia,Asia Pacific,Southeastern Asia,OFF-BI-2898,Office Supplies,Binders,"Acco Binder, Recycled",64.36649999999999,5,0.17,-10.183500000000002
IN-2015-CC1222066-42224,2015-08-08 00:00:00,CC-1222066,Chris Cortes,Consumer,Japan,Asia Pacific,Eastern Asia,OFF-FA-5484,Office Supplies,Fasteners,"OIC Thumb Tacks, 12 Pack",40.5,3,0,4.050000000000001
KZ-2015-RM975068-42228,2015-08-12 00:00:00,RM-975068,Roland Murray,Consumer,Kazakhstan,Asia Pacific,Central Asia,TEC-PH-5260,Technology,Phones,"Motorola Office Telephone, Full Size",21.915000000000003,1,0.7,-27.764999999999997
MX-2015-MG1765039-42218,2015-08-02 00:00:00,MG-1765039,Matthew Grinstein,Home Office,El Salvador,LATAM,Central America,OFF-LA-3317,Office Supplies,Labels,"Avery Round Labels, Laser Printer Compatible",19.04,4,0,8.72
LY-2015-BK126074-42245,2015-08-29 00:00:00,BK-126074,Berenike Kampe,Consumer,Libya,Africa,North Africa,FUR-BO-3630,Furniture,Bookcases,"Bush Corner Shelving, Pine",125.34,1,0,60.150000000000006
PL-2015-DB3615103-42244,2015-08-28 00:00:00,DB-3615103,Doug Bickford,Consumer,Poland,Europe,Eastern Europe,OFF-AP-4970,Office Supplies,Appliances,"KitchenAid Toaster, Silver",86.07000000000001,1,0,36.99
MX-2015-LT1676582-42235,2015-08-19 00:00:00,LT-1676582,Larry Tron,Consumer,Mexico,LATAM,Central America,FUR-CH-5372,Furniture,Chairs,"Novimex Chairmat, Red",60.09600000000002,2,0.2,-4.544000000000002
ES-2015-ML18040120-42223,2015-08-07 00:00:00,ML-18040120,Michelle Lonsdale,Corporate,Spain,Europe,Southern Europe,OFF-AR-3459,Office Supplies,Art,"BIC Markers, Water Color",59.22,2,0,20.700000000000003
TS-2015-EM4065133-42220,2015-08-04 00:00:00,EM-4065133,Erin Mull,Consumer,Tunisia,Africa,North Africa,FUR-FU-3956,Furniture,Furnishings,"Deflect-O Stacking Tray, Durable",50.58,2,0,2.52
CA-2015-KN16705140-42245,2015-08-29 00:00:00,KN-167051404,Kristina Nunn,Home Office,United States,USCA,Western US,FUR-TA-4675,Furniture,Tables,"Hon Practical Foundations 30 x 60 Training Table, Light Gray/Charcoal",1137.75,5,0,250.30500000000004
IT-2015-MC17575139-42230,2015-08-14 00:00:00,MC-17575139,Matt Collins,Consumer,United Kingdom,Europe,Northern Europe,OFF-EN-5038,Office Supplies,Envelopes,"Kraft Manila Envelope, Security-Tint",144.45,5,0,11.55
CA-2015-KN16705140-42245,2015-08-29 00:00:00,KN-167051404,Kristina Nunn,Home Office,United States,USCA,Western US,OFF-BI-4368,Office Supplies,Binders,GBC Standard Therm-A-Bind Covers,99.68000000000002,5,0.2,32.396
CA-2015-KN16705140-42245,2015-08-29 00:00:00,KN-167051404,Kristina Nunn,Home Office,United States,USCA,Western US,TEC-PH-3120,Technology,Phones,Anker 24W Portable Micro USB Car Charger,35.168,4,0.2,11.429599999999999
CA-2015-KN16705140-42245,2015-08-29 00:00:00,KN-167051404,Kristina Nunn,Home Office,United States,USCA,Western US,OFF-AR-5324,Office Supplies,Art,Newell 344,5.56,2,0,1.4455999999999998
ID-2015-CL1189097-42242,2015-08-26 00:00:00,CL-1189097,Carl Ludwig,Consumer,Pakistan,Asia Pacific,Southern Asia,OFF-BI-4830,Office Supplies,Binders,"Ibico Index Tab, Economy",36.435,7,0.5,-3.0450000000000017
ID-2015-SM200057-42222,2015-08-06 00:00:00,SM-200057,Sally Matthias,Consumer,Australia,Asia Pacific,Oceania,OFF-ST-6060,Office Supplies,Storage,"Smead Shelving, Wire Frame",43.2,1,0.1,-4.32
ZA-2015-SM10005146-42241,2015-08-25 00:00:00,SM-10005146,Sally Matthias,Consumer,Zambia,Africa,Eastern Africa,OFF-FA-3071,Office Supplies,Fasteners,"Advantus Staples, Metal",43.92,4,0,18
ID-2015-SW202457-42221,2015-08-05 00:00:00,SW-202457,Scot Wooten,Consumer,Australia,Asia Pacific,Oceania,OFF-ST-6039,Office Supplies,Storage,"Smead Folders, Industrial",43.12799999999999,4,0.4,4.248000000000001
CA-2015-LH16750140-42218,2015-08-02 00:00:00,LH-167501408,Larry Hughes,Consumer,United States,USCA,Southern US,TEC-PH-5365,Technology,Phones,Nortel Networks T7316 E Nt8 B27,271.96,5,0.2,16.997500000000016
TU-2015-BC1125134-42238,2015-08-22 00:00:00,BC-1125134,Becky Castell,Home Office,Turkey,Asia Pacific,Western Asia,TEC-MA-5541,Technology,Machines,"Panasonic Calculator, Wireless",20.112000000000002,1,0.6,-29.178
IT-2015-TP2156545-42231,2015-08-15 00:00:00,TP-2156545,Tracy Poddar,Corporate,France,Europe,Western Europe,OFF-SU-4982,Office Supplies,Supplies,"Kleencut Ruler, High Speed",40.67999999999999,3,0,8.91
MX-2015-MC1759051-42223,2015-08-07 00:00:00,MC-1759051,Matt Collister,Corporate,Guatemala,LATAM,Central America,OFF-LA-5377,Office Supplies,Labels,"Novimex Color Coded Labels, Laser Printer Compatible",41.4,5,0,15.3
ID-2015-DJ13630130-42221,2015-08-05 00:00:00,DJ-13630130,Doug Jacobs,Consumer,Thailand,Asia Pacific,Southeastern Asia,OFF-PA-5890,Office Supplies,Paper,"SanDisk Parchment Paper, 8.5 x 11",33.1515,3,0.47000000000000003,-23.188499999999998
ES-2015-HA14920120-42218,2015-08-02 00:00:00,HA-14920120,Helen Andreada,Consumer,Spain,Europe,Southern Europe,OFF-FA-2958,Office Supplies,Fasteners,"Accos Staples, Metal",66.42,6,0,13.14
CG-2015-GZ447033-42220,2015-08-04 00:00:00,GZ-447033,Gary Zandusky,Consumer,Democratic Republic of the Congo,Africa,Central Africa,TEC-AC-5863,Technology,Accessories,"SanDisk Flash Drive, USB",39.74999999999999,1,0,1.59
IN-2015-LS172307-42243,2015-08-27 00:00:00,LS-172307,Lycoris Saunders,Consumer,Australia,Asia Pacific,Oceania,OFF-BI-4806,Office Supplies,Binders,"Ibico 3-Hole Punch, Recycled",55.458000000000006,2,0.1,22.758000000000003
CA-2015-LB16795140-42217,2015-08-01 00:00:00,LB-167951406,Laurel Beltran,Home Office,United States,USCA,Eastern US,OFF-BI-4274,Office Supplies,Binders,Fellowes PB200 Plastic Comb Binding Machine,849.95,5,0,390.977
IT-2015-CK1220564-42243,2015-08-27 00:00:00,CK-1220564,Chloris Kastensmidt,Consumer,Italy,Europe,Southern Europe,OFF-ST-5686,Office Supplies,Storage,"Rogers Box, Blue",86.292,6,0.4,-54.82799999999999
IT-2015-JW15955124-42227,2015-08-11 00:00:00,JW-15955124,Joni Wasserman,Consumer,Sweden,Europe,Northern Europe,OFF-ST-6251,Office Supplies,Storage,"Tenex Folders, Single Width",46.5,4,0.5,-27.06
IN-2015-SV2036566-42221,2015-08-05 00:00:00,SV-2036566,Seth Vernon,Consumer,Japan,Asia Pacific,Eastern Asia,OFF-LA-4539,Office Supplies,Labels,"Harbour Creations Legal Exhibit Labels, Alphabetical",21.54,2,0,8.399999999999999
IN-2015-SC2038027-42229,2015-08-13 00:00:00,SC-2038027,Shahid Collister,Consumer,China,Asia Pacific,Eastern Asia,OFF-LA-6061,Office Supplies,Labels,"Smead Shipping Labels, 5000 Label Set",84,7,0,37.800000000000004
IN-2015-CC1268558-42228,2015-08-12 00:00:00,CC-1268558,Craig Carroll,Consumer,India,Asia Pacific,Southern Asia,OFF-ST-4251,Office Supplies,Storage,"Fellowes Box, Industrial",100.80000000000001,5,0,27.15
US-2015-GT1475536-42243,2015-08-27 00:00:00,GT-1475536,Guy Thornton,Consumer,Dominican Republic,LATAM,Caribbean,TEC-AC-5127,Technology,Accessories,"Logitech Mouse, Erganomic",28.896000000000004,2,0.2,-0.38400000000000034
CA-2015-LB16795140-42217,2015-08-01 00:00:00,LB-167951406,Laurel Beltran,Home Office,United States,USCA,Eastern US,OFF-PA-3304,Office Supplies,Paper,Avery Personal Creations Heavyweight Cards,11.54,1,0,5.539199999999999
CA-2015-LB16795140-42217,2015-08-01 00:00:00,LB-167951406,Laurel Beltran,Home Office,United States,USCA,Eastern US,OFF-BI-3506,Office Supplies,Binders,"Black Avery Memo-Size 3-Ring Binder, 5 1/2"" x 8 1/2""",11.01,3,0,5.3949
ES-2015-SF20965139-42222,2015-08-06 00:00:00,SF-20965139,Sylvia Foulston,Corporate,United Kingdom,Europe,Northern Europe,OFF-LA-5391,Office Supplies,Labels,"Novimex Removable Labels, 5000 Label Set",29.610000000000003,3,0,12.060000000000002
ID-2015-DB1291059-42239,2015-08-23 00:00:00,DB-1291059,Daniel Byrd,Home Office,Indonesia,Asia Pacific,Southeastern Asia,OFF-AR-3463,Office Supplies,Art,"BIC Pencil Sharpener, Water Color",23.4987,1,0.27,-7.1013
MX-2015-AM1070582-42231,2015-08-15 00:00:00,AM-1070582,Anne McFarland,Consumer,Mexico,LATAM,Central America,OFF-BI-3719,Office Supplies,Binders,"Cardinal Binder Covers, Recycled",41.2,5,0,5.699999999999999
ES-2015-CS1240045-42228,2015-08-12 00:00:00,CS-1240045,Christopher Schild,Home Office,France,Europe,Western Europe,OFF-BI-2895,Office Supplies,Binders,"Acco Binder, Clear",43.83,3,0,14.400000000000002
ES-2015-NM18445139-42218,2015-08-02 00:00:00,NM-18445139,Nathan Mautz,Home Office,United Kingdom,Europe,Northern Europe,OFF-LA-4640,Office Supplies,Labels,"Hon Color Coded Labels, Laser Printer Compatible",25.619999999999997,2,0,8.94
MX-2015-AB1025531-42229,2015-08-13 00:00:00,AB-1025531,Alejandro Ballentine,Home Office,Cuba,LATAM,Caribbean,OFF-EN-4431,Office Supplies,Envelopes,"GlobeWeis Business Envelopes, Recycled",43.04,4,0,10.32
IT-2015-JW15955124-42227,2015-08-11 00:00:00,JW-15955124,Joni Wasserman,Consumer,Sweden,Europe,Northern Europe,FUR-FU-3048,Furniture,Furnishings,"Advantus Photo Frame, Duo Pack",42.432,2,0.6,-23.387999999999998
ID-2015-BF11215144-42236,2015-08-20 00:00:00,BF-11215144,Benjamin Farhat,Home Office,Vietnam,Asia Pacific,Southeastern Asia,OFF-SU-6175,Office Supplies,Supplies,"Stiletto Scissors, Steel",38.1966,2,0.17,-6.923399999999999
ES-2015-SF20965139-42222,2015-08-06 00:00:00,SF-20965139,Sylvia Foulston,Corporate,United Kingdom,Europe,Northern Europe,OFF-BI-3719,Office Supplies,Binders,"Cardinal Binder Covers, Recycled",61.8,5,0,27.750000000000004
ID-2015-CC1243059-42236,2015-08-20 00:00:00,CC-1243059,Chuck Clark,Home Office,Indonesia,Asia Pacific,Southeastern Asia,TEC-AC-3393,Technology,Accessories,"Belkin Mouse, Erganomic",40.831199999999995,2,0.47000000000000003,-19.2888
MO-2015-BS138086-42238,2015-08-22 00:00:00,BS-138086,Bill Stewart,Corporate,Morocco,Africa,North Africa,OFF-BI-6372,Office Supplies,Binders,"Wilson Jones 3-Hole Punch, Recycled",28.35,1,0,8.49
MX-2015-MC1727536-42221,2015-08-05 00:00:00,MC-1727536,Marc Crier,Consumer,Dominican Republic,LATAM,Caribbean,OFF-ST-6060,Office Supplies,Storage,"Smead Shelving, Wire Frame",25.6,1,0.2,-4.8
IN-2015-JO155507-42241,2015-08-25 00:00:00,JO-155507,Jesus Ocampo,Home Office,Australia,Asia Pacific,Oceania,TEC-AC-5126,Technology,Accessories,"Logitech Mouse, Bluetooth",26.352000000000004,1,0.1,1.1519999999999992
EG-2015-EH418538-42241,2015-08-25 00:00:00,EH-418538,Evan Henry,Consumer,Egypt,Africa,North Africa,OFF-BI-3714,Office Supplies,Binders,"Cardinal 3-Hole Punch, Economy",57.599999999999994,2,0,25.92
IN-2015-AS1028527-42231,2015-08-15 00:00:00,AS-1028527,Alejandro Savely,Corporate,China,Asia Pacific,Eastern Asia,OFF-SU-4128,Office Supplies,Supplies,"Elite Scissors, High Speed",45.06,2,0,5.4
ES-2015-GZ1454545-42229,2015-08-13 00:00:00,GZ-1454545,George Zrebassa,Corporate,France,Europe,Western Europe,FUR-FU-4075,Furniture,Furnishings,"Eldon Light Bulb, Duo Pack",50.519999999999996,2,0,20.16
ES-2015-RS1942045-42242,2015-08-26 00:00:00,RS-1942045,Ricardo Sperren,Corporate,France,Europe,Western Europe,OFF-BI-3727,Office Supplies,Binders,"Cardinal Binding Machine, Recycled",150.39000000000001,3,0,31.5
ID-2015-JS15880130-42224,2015-08-08 00:00:00,JS-15880130,John Stevenson,Consumer,Thailand,Asia Pacific,Southeastern Asia,OFF-BI-3722,Office Supplies,Binders,"Cardinal Binder, Economy",34.436699999999995,3,0.17,2.846700000000001
ES-2015-KW1657048-42245,2015-08-29 00:00:00,KW-1657048,Kelly Williams,Consumer,Germany,Europe,Western Europe,OFF-BI-4812,Office Supplies,Binders,"Ibico Binder, Durable",33.959999999999994,2,0,0.96
ID-2015-CC12370118-42225,2015-08-09 00:00:00,CC-12370118,Christopher Conant,Consumer,South Korea,Asia Pacific,Eastern Asia,OFF-PA-4003,Office Supplies,Paper,"Eaton Note Cards, Multicolor",30.72,2,0.5,-15.36
SA-2015-RM9750110-42239,2015-08-23 00:00:00,RM-9750110,Roland Murray,Consumer,Saudi Arabia,Asia Pacific,Western Asia,OFF-AR-5921,Office Supplies,Art,"Sanford Pencil Sharpener, Easy-Erase",54.17999999999999,2,0,27.06
GG-2015-SJ1021547-42227,2015-08-11 00:00:00,SJ-1021547,Sarah Jordon,Consumer,Georgia,Asia Pacific,Western Asia,FUR-CH-4522,Furniture,Chairs,"Harbour Creations Chairmat, Adjustable",74.49000000000001,1,0,28.29
MX-2015-YS2188031-42244,2015-08-28 00:00:00,YS-2188031,Yana Sorensen,Corporate,Cuba,LATAM,Caribbean,OFF-SU-2995,Office Supplies,Supplies,"Acme Shears, Serrated",31.080000000000002,1,0,11.48
QA-2015-CS1860105-42232,2015-08-16 00:00:00,CS-1860105,Cari Schnelling,Consumer,Qatar,Asia Pacific,Western Asia,OFF-BI-3715,Office Supplies,Binders,"Cardinal 3-Hole Punch, Recycled",58.32000000000001,2,0,16.86
NI-2015-JG516095-42235,2015-08-19 00:00:00,JG-516095,James Galang,Consumer,Nigeria,Africa,Western Africa,OFF-BI-3258,Office Supplies,Binders,"Avery Binding Machine, Recycled",29.520000000000007,2,0.7,-26.58
NI-2015-HD478595-42241,2015-08-25 00:00:00,HD-478595,Harold Dahlen,Home Office,Nigeria,Africa,Western Africa,OFF-AR-3494,Office Supplies,Art,"Binney & Smith Pencil Sharpener, Water Color",32.328,4,0.7,-25.872
ES-2015-JF1529564-42242,2015-08-26 00:00:00,JF-1529564,Jason Fortune-,Consumer,Italy,Europe,Southern Europe,OFF-PA-6619,Office Supplies,Paper,"Xerox Note Cards, Premium",131.85,5,0,26.25
ES-2015-SC2072548-42224,2015-08-08 00:00:00,SC-2072548,Steven Cartwright,Consumer,Germany,Europe,Western Europe,OFF-AR-6121,Office Supplies,Art,"Stanley Pens, Blue",50.25,5,0,24.6
ES-2015-TS2116045-42229,2015-08-13 00:00:00,TS-2116045,Theresa Swint,Corporate,France,Europe,Western Europe,OFF-AR-5919,Office Supplies,Art,"Sanford Markers, Fluorescent",122.54999999999998,5,0,48.9
ES-2015-CA12055120-42243,2015-08-27 00:00:00,CA-12055120,Cathy Armstrong,Home Office,Spain,Europe,Southern Europe,OFF-SU-2986,Office Supplies,Supplies,"Acme Ruler, Serrated",53.64,4,0,15
ES-2015-KL1664596-42241,2015-08-25 00:00:00,KL-1664596,Ken Lonsdale,Consumer,Norway,Europe,Northern Europe,TEC-AC-5882,Technology,Accessories,"SanDisk Mouse, Programmable",119.43,3,0,46.53
GG-2015-LC714047-42227,2015-08-11 00:00:00,LC-714047,Logan Currie,Consumer,Georgia,Asia Pacific,Western Asia,FUR-FU-6257,Furniture,Furnishings,"Tenex Light Bulb, Black",37.86,2,0,11.34
SO-2015-SM10905116-42237,2015-08-21 00:00:00,SM-10905116,Susan MacKendrick,Consumer,Somalia,Africa,Eastern Africa,FUR-FU-3047,Furniture,Furnishings,"Advantus Photo Frame, Black",52.980000000000004,1,0,0.51
IT-2015-CH12070125-42228,2015-08-12 00:00:00,CH-12070125,Cathy Hwang,Home Office,Switzerland,Europe,Western Europe,OFF-BI-6371,Office Supplies,Binders,"Wilson Jones 3-Hole Punch, Economy",55.980000000000004,2,0,18.419999999999998
RO-2015-LR7035107-42224,2015-08-08 00:00:00,LR-7035107,Lisa Ryan,Corporate,Romania,Europe,Eastern Europe,OFF-BI-3253,Office Supplies,Binders,"Avery Binder, Economy",25.799999999999997,2,0,10.02
ES-2015-NP1870034-42234,2015-08-18 00:00:00,NP-1870034,Nora Preis,Consumer,Denmark,Europe,Northern Europe,TEC-AC-3384,Technology,Accessories,"Belkin Keyboard, Bluetooth",83.88,2,0.5,-41.94
IT-2015-ME1801045-42222,2015-08-06 00:00:00,ME-1801045,Michelle Ellison,Corporate,France,Europe,Western Europe,OFF-BI-2898,Office Supplies,Binders,"Acco Binder, Recycled",31.02,2,0,0.8999999999999999
ID-2015-SH2063559-42237,2015-08-21 00:00:00,SH-2063559,Stefanie Holloman,Corporate,Indonesia,Asia Pacific,Southeastern Asia,OFF-PA-5891,Office Supplies,Paper,"SanDisk Parchment Paper, Multicolor",28.810799999999993,3,0.47000000000000003,-5.479199999999999
CA-2015-LR17035140-42237,2015-08-21 00:00:00,LR-170351404,Lisa Ryan,Corporate,United States,USCA,Western US,TEC-PH-5606,Technology,Phones,Plantronics Encore H101 Dual Earpieces Headset,107.88,3,0.2,10.787999999999997
CA-2015-LR17035140-42237,2015-08-21 00:00:00,LR-170351404,Lisa Ryan,Corporate,United States,USCA,Western US,OFF-ST-3840,Office Supplies,Storage,"Companion Letter/Legal File, Black",226.56,6,0,63.436800000000005
CA-2015-LR17035140-42237,2015-08-21 00:00:00,LR-170351404,Lisa Ryan,Corporate,United States,USCA,Western US,OFF-SU-2976,Office Supplies,Supplies,Acme Kleencut Forged Steel Scissors,17.22,3,0,5.165999999999999
ES-2015-JS1559548-42228,2015-08-12 00:00:00,JS-1559548,Jill Stevenson,Corporate,Germany,Europe,Western Europe,OFF-BI-6370,Office Supplies,Binders,"Wilson Jones 3-Hole Punch, Durable",117.96000000000001,4,0,24.72
ES-2015-JF1541545-42222,2015-08-06 00:00:00,JF-1541545,Jennifer Ferguson,Consumer,France,Europe,Western Europe,OFF-AR-3461,Office Supplies,Art,"BIC Pencil Sharpener, Easy-Erase",58.56,2,0,2.88
ES-2015-TM21490139-42223,2015-08-07 00:00:00,TM-21490139,Tony Molinari,Consumer,United Kingdom,Europe,Northern Europe,OFF-EN-4437,Office Supplies,Envelopes,"GlobeWeis Clasp Envelope, Set of 50",59.39999999999999,6,0,23.759999999999998
ES-2015-IM1507048-42234,2015-08-18 00:00:00,IM-1507048,Irene Maddox,Consumer,Germany,Europe,Western Europe,OFF-ST-6057,Office Supplies,Storage,"Smead Shelving, Blue",44.03699999999999,1,0.1,9.776999999999997
AO-2015-AZ7504-42241,2015-08-25 00:00:00,AZ-7504,Annie Zypern,Consumer,Angola,Africa,Central Africa,FUR-FU-5734,Furniture,Furnishings,"Rubbermaid Light Bulb, Erganomic",34.919999999999995,2,0,16.740000000000002
IN-2015-CR125807-42237,2015-08-21 00:00:00,CR-125807,Clay Rozendal,Home Office,Australia,Asia Pacific,Oceania,OFF-FA-3056,Office Supplies,Fasteners,"Advantus Push Pins, Bulk Pack",38.961000000000006,3,0.1,12.050999999999998
IT-2015-JW15955124-42227,2015-08-11 00:00:00,JW-15955124,Joni Wasserman,Consumer,Sweden,Europe,Northern Europe,OFF-BI-2891,Office Supplies,Binders,"Acco Binder Covers, Clear",31.95,5,0.5,-4.4999999999999964
CG-2015-GZ447033-42220,2015-08-04 00:00:00,GZ-447033,Gary Zandusky,Consumer,Democratic Republic of the Congo,Africa,Central Africa,OFF-PA-4177,Office Supplies,Paper,"Enermax Note Cards, Premium",29.910000000000004,1,0,6.27
ES-2015-SC20050139-42238,2015-08-22 00:00:00,SC-20050139,Sample Company A,Home Office,United Kingdom,Europe,Northern Europe,TEC-AC-5133,Technology,Accessories,"Logitech Numeric Keypad, USB",46.53,1,0,19.98
IN-2015-AP1091527-42244,2015-08-28 00:00:00,AP-1091527,Arthur Prichep,Consumer,China,Asia Pacific,Eastern Asia,OFF-LA-3320,Office Supplies,Labels,"Avery Shipping Labels, 5000 Label Set",24.48,2,0,8.76
ES-2015-LW1712545-42236,2015-08-20 00:00:00,LW-1712545,Liz Willingham,Consumer,France,Europe,Western Europe,OFF-ST-6060,Office Supplies,Storage,"Smead Shelving, Wire Frame",43.2,1,0.1,17.28
ES-2015-DW1319548-42236,2015-08-20 00:00:00,DW-1319548,David Wiener,Corporate,Germany,Europe,Western Europe,OFF-BI-6402,Office Supplies,Binders,"Wilson Jones Index Tab, Clear",17.73,3,0,1.53
LY-2015-BK126074-42245,2015-08-29 00:00:00,BK-126074,Berenike Kampe,Consumer,Libya,Africa,North Africa,FUR-FU-6278,Furniture,Furnishings,"Tenex Stacking Tray, Erganomic",89.03999999999999,4,0,39.96
ES-2015-KF1628548-42244,2015-08-28 00:00:00,KF-1628548,Karen Ferguson,Home Office,Germany,Europe,Western Europe,OFF-FA-6193,Office Supplies,Fasteners,"Stockwell Push Pins, 12 Pack",27.6,2,0,2.7600000000000002
US-2015-CS1249082-42238,2015-08-22 00:00:00,CS-1249082,Cindy Schnelling,Corporate,Mexico,LATAM,Central America,FUR-FU-6241,Furniture,Furnishings,"Tenex Door Stop, Black",17.556,1,0.4,-9.664000000000001
TU-2015-BC1125134-42238,2015-08-22 00:00:00,BC-1125134,Becky Castell,Home Office,Turkey,Asia Pacific,Western Asia,OFF-AR-3481,Office Supplies,Art,"Binney & Smith Highlighters, Blue",26.543999999999997,4,0.6,-29.97599999999999
ES-2015-CD1279048-42227,2015-08-11 00:00:00,CD-1279048,Cynthia Delaney,Home Office,Germany,Europe,Western Europe,OFF-LA-5403,Office Supplies,Labels,"Novimex Shipping Labels, Adjustable",55.943999999999996,7,0.1,4.9140000000000015
ES-2015-MR1754548-42218,2015-08-02 00:00:00,MR-1754548,Mathew Reese,Home Office,Germany,Europe,Western Europe,OFF-BI-4824,Office Supplies,Binders,"Ibico Hole Reinforcements, Durable",84.9,10,0,23.700000000000003
IN-2015-AS102857-42217,2015-08-01 00:00:00,AS-102857,Alejandro Savely,Corporate,Australia,Asia Pacific,Oceania,OFF-PA-5868,Office Supplies,Paper,"SanDisk Memo Slips, 8.5 x 11",76.03200000000001,4,0.1,33.792
IN-2015-HA14905102-42230,2015-08-14 00:00:00,HA-14905102,Helen Abelman,Consumer,Philippines,Asia Pacific,Southeastern Asia,OFF-BI-3722,Office Supplies,Binders,"Cardinal Binder, Economy",35.26649999999999,3,0.15000000000000002,3.6765000000000008
ID-2015-IG150857-42222,2015-08-06 00:00:00,IG-150857,Ivan Gibson,Consumer,Australia,Asia Pacific,Oceania,FUR-FU-4102,Furniture,Furnishings,"Eldon Stacking Tray, Duo Pack",37.872,2,0.4,-20.208000000000002
SF-2015-MM7260117-42238,2015-08-22 00:00:00,MM-7260117,Magdelene Morse,Consumer,South Africa,Africa,Southern Africa,FUR-FU-3946,Furniture,Furnishings,"Deflect-O Light Bulb, Black",18.99,1,0,6.8100000000000005
BO-2015-VG1179013-42222,2015-08-06 00:00:00,VG-1179013,Vivek Gonzalez,Consumer,Belarus,Europe,Eastern Europe,OFF-ST-6060,Office Supplies,Storage,"Smead Shelving, Wire Frame",48,1,0,22.080000000000002
US-2015-LS17200140-42217,2015-08-01 00:00:00,LS-172001402,Luke Schmidt,Corporate,United States,USCA,Central US,OFF-AP-2868,Office Supplies,Appliances,3M Office Air Cleaner,155.88,6,0,54.558
IN-2015-LH1675092-42218,2015-08-02 00:00:00,LH-1675092,Larry Hughes,Consumer,New Zealand,Asia Pacific,Oceania,OFF-AR-3546,Office Supplies,Art,"Boston Pens, Blue",8.532,1,0.4,-5.688000000000001
US-2015-LS17200140-42217,2015-08-01 00:00:00,LS-172001402,Luke Schmidt,Corporate,United States,USCA,Central US,OFF-BI-2880,Office Supplies,Binders,Acco 3-Hole Punch,17.52,4,0,8.4096
BO-2015-TW1102513-42224,2015-08-08 00:00:00,TW-1102513,Tamara Willingham,Home Office,Belarus,Europe,Eastern Europe,OFF-AR-6122,Office Supplies,Art,"Stanley Pens, Easy-Erase",10.32,1,0,4.53
ID-2015-CC12370118-42225,2015-08-09 00:00:00,CC-12370118,Christopher Conant,Consumer,South Korea,Asia Pacific,Eastern Asia,OFF-LA-4679,Office Supplies,Labels,"Hon Removable Labels, Adjustable",31.949999999999996,6,0.5,-16.65
TO-2015-DM3345131-42224,2015-08-08 00:00:00,DM-3345131,Denise Monton,Corporate,Togo,Africa,Western Africa,OFF-SU-2993,Office Supplies,Supplies,"Acme Shears, Easy Grip",51.54,1,0,10.8
AO-2015-AZ7504-42241,2015-08-25 00:00:00,AZ-7504,Annie Zypern,Consumer,Angola,Africa,Central Africa,OFF-AR-5923,Office Supplies,Art,"Sanford Pencil Sharpener, Water Color",26.099999999999998,1,0,6.779999999999999
ES-2015-MC1727548-42244,2015-08-28 00:00:00,MC-1727548,Marc Crier,Consumer,Germany,Europe,Western Europe,OFF-FA-6193,Office Supplies,Fasteners,"Stockwell Push Pins, 12 Pack",26.82,2,0,2.0999999999999996
ES-2015-AC1066045-42218,2015-08-02 00:00:00,AC-1066045,Anna Chung,Consumer,France,Europe,Western Europe,OFF-BI-6380,Office Supplies,Binders,"Wilson Jones Binder, Economy",39.06,3,0,12.060000000000002
AO-2015-AJ9454-42231,2015-08-15 00:00:00,AJ-9454,Ashley Jarboe,Consumer,Angola,Africa,Central Africa,OFF-EN-5041,Office Supplies,Envelopes,"Kraft Peel and Seal, Recycled",38.58,2,0,2.2800000000000002
US-2015-TH2155055-42229,2015-08-13 00:00:00,TH-2155055,Tracy Hopkins,Home Office,Honduras,LATAM,Central America,OFF-BI-2898,Office Supplies,Binders,"Acco Binder, Recycled",31.02,5,0.4,-6.780000000000004
AG-2015-CD27903-42236,2015-08-20 00:00:00,CD-27903,Cynthia Delaney,Home Office,Algeria,Africa,North Africa,OFF-ST-4250,Office Supplies,Storage,"Fellowes Box, Blue",19.68,1,0,3.12
MX-2015-DK1283551-42223,2015-08-07 00:00:00,DK-1283551,Damala Kotsonis,Corporate,Guatemala,LATAM,Central America,OFF-AR-3538,Office Supplies,Art,"Boston Markers, Easy-Erase",35.52,2,0,4.96
ES-2015-MT1807064-42242,2015-08-26 00:00:00,MT-1807064,Michelle Tran,Home Office,Italy,Europe,Southern Europe,OFF-LA-6056,Office Supplies,Labels,"Smead Round Labels, Laser Printer Compatible",34.5,5,0,12.3
MX-2015-CK1232536-42235,2015-08-19 00:00:00,CK-1232536,Christine Kargatis,Home Office,Dominican Republic,LATAM,Caribbean,OFF-ST-4061,Office Supplies,Storage,"Eldon Folders, Industrial",27.936000000000007,3,0.2,0.6959999999999994
MX-2015-AB1025531-42229,2015-08-13 00:00:00,AB-1025531,Alejandro Ballentine,Home Office,Cuba,LATAM,Caribbean,TEC-PH-5845,Technology,Phones,"Samsung Speaker Phone, VoIP",82.22,1,0,18.080000000000002
ES-2015-SC20050139-42238,2015-08-22 00:00:00,SC-20050139,Sample Company A,Home Office,United Kingdom,Europe,Northern Europe,OFF-LA-4679,Office Supplies,Labels,"Hon Removable Labels, Adjustable",21.299999999999997,2,0,1.02
PL-2015-AR345103-42228,2015-08-12 00:00:00,AR-345103,Alex Russell,Corporate,Poland,Europe,Eastern Europe,OFF-SU-6183,Office Supplies,Supplies,"Stiletto Trimmer, Steel",42.150000000000006,1,0,14.309999999999999
ES-2015-PB19150139-42221,2015-08-05 00:00:00,PB-19150139,Philip Brown,Consumer,United Kingdom,Europe,Northern Europe,OFF-ST-4263,Office Supplies,Storage,"Fellowes Folders, Single Width",52.85999999999999,2,0,21.66
IN-2015-CC1222066-42224,2015-08-08 00:00:00,CC-1222066,Chris Cortes,Consumer,Japan,Asia Pacific,Eastern Asia,OFF-LA-4659,Office Supplies,Labels,"Hon File Folder Labels, Alphabetical",33.839999999999996,4,0,15.48
SF-2015-RD9900117-42218,2015-08-02 00:00:00,RD-9900117,Ruben Dartt,Consumer,South Africa,Africa,Southern Africa,TEC-AC-5860,Technology,Accessories,"SanDisk Flash Drive, Bluetooth",39.54,1,0,18.18
CG-2015-BT130533-42242,2015-08-26 00:00:00,BT-130533,Beth Thompson,Home Office,Democratic Republic of the Congo,Africa,Central Africa,OFF-LA-3316,Office Supplies,Labels,"Avery Round Labels, Alphabetical",41.75999999999999,6,0,9.18
ES-2015-KF16285139-42227,2015-08-11 00:00:00,KF-16285139,Karen Ferguson,Home Office,United Kingdom,Europe,Northern Europe,OFF-BI-3722,Office Supplies,Binders,"Cardinal Binder, Economy",110.63999999999999,8,0,40.8
IN-2015-BM111407-42227,2015-08-11 00:00:00,BM-111407,Becky Martin,Consumer,Australia,Asia Pacific,Oceania,OFF-LA-4554,Office Supplies,Labels,"Harbour Creations Shipping Labels, Alphabetical",30.455999999999996,3,0.1,12.456
IN-2015-TM2101066-42230,2015-08-14 00:00:00,TM-2101066,Tamara Manning,Consumer,Japan,Asia Pacific,Eastern Asia,OFF-ST-6252,Office Supplies,Storage,"Tenex Folders, Wire Frame",22.29,1,0,3.99
ID-2015-TP21130130-42221,2015-08-05 00:00:00,TP-21130130,Theone Pippenger,Consumer,Thailand,Asia Pacific,Southeastern Asia,TEC-CO-4771,Technology,Copiers,"HP Fax and Copier, High-Speed",323.36009999999993,3,0.37,-66.78989999999999
IN-2015-SH2039527-42234,2015-08-18 00:00:00,SH-2039527,Shahid Hopkins,Consumer,China,Asia Pacific,Eastern Asia,FUR-CH-4523,Furniture,Chairs,"Harbour Creations Chairmat, Black",69.57000000000001,1,0,7.6499999999999995
ES-2015-MY1829548-42228,2015-08-12 00:00:00,MY-1829548,Muhammed Yedwab,Corporate,Germany,Europe,Western Europe,OFF-BI-6377,Office Supplies,Binders,"Wilson Jones Binder Covers, Recycled",23.099999999999998,2,0,5.5200000000000005
ES-2015-SC20440139-42244,2015-08-28 00:00:00,SC-20440139,Shaun Chance,Corporate,United Kingdom,Europe,Northern Europe,OFF-LA-4529,Office Supplies,Labels,"Harbour Creations Color Coded Labels, Laser Printer Compatible",34.83,3,0.1,4.230000000000001
MX-2015-JF1556582-42243,2015-08-27 00:00:00,JF-1556582,Jill Fjeld,Consumer,Mexico,LATAM,Central America,TEC-AC-5887,Technology,Accessories,"SanDisk Numeric Keypad, Bluetooth",73.80000000000001,2,0,30.96
IT-2015-BT1130591-42245,2015-08-29 00:00:00,BT-1130591,Beth Thompson,Home Office,Netherlands,Europe,Western Europe,OFF-FA-6195,Office Supplies,Fasteners,"Stockwell Push Pins, Bulk Pack",20.97,3,0.5,-5.9399999999999995
ES-2015-MM1805564-42239,2015-08-23 00:00:00,MM-1805564,Michelle Moray,Consumer,Italy,Europe,Southern Europe,OFF-FA-3055,Office Supplies,Fasteners,"Advantus Push Pins, Assorted Sizes",35.64,3,0,7.11
ES-2015-AH1003045-42220,2015-08-04 00:00:00,AH-1003045,Aaron Hawkins,Corporate,France,Europe,Western Europe,OFF-LA-6044,Office Supplies,Labels,"Smead Legal Exhibit Labels, Alphabetical",10.919999999999998,1,0,1.2000000000000002
US-2015-MG1820554-42224,2015-08-08 00:00:00,MG-1820554,Mitch Gastineau,Corporate,Haiti,LATAM,Caribbean,OFF-BI-3255,Office Supplies,Binders,"Avery Binding Machine, Clear",38.64,2,0.4,-25.120000000000008
ES-2015-BF1127545-42230,2015-08-14 00:00:00,BF-1127545,Beth Fritzler,Corporate,France,Europe,Western Europe,OFF-BI-2915,Office Supplies,Binders,"Acco Hole Reinforcements, Recycled",14.04,2,0,7.02
IT-2015-CS1249064-42242,2015-08-26 00:00:00,CS-1249064,Cindy Schnelling,Corporate,Italy,Europe,Southern Europe,FUR-CH-4525,Furniture,Chairs,"Harbour Creations Chairmat, Set of Two",29.700000000000006,1,0.6,-34.92
ES-2015-JF1541545-42222,2015-08-06 00:00:00,JF-1541545,Jennifer Ferguson,Consumer,France,Europe,Western Europe,OFF-ST-4080,Office Supplies,Storage,"Eldon Lockers, Single Width",178.146,1,0.1,77.196
IT-2015-MF18250125-42228,2015-08-12 00:00:00,MF-18250125,Monica Federle,Corporate,Switzerland,Europe,Western Europe,OFF-FA-6205,Office Supplies,Fasteners,"Stockwell Thumb Tacks, 12 Pack",50.279999999999994,4,0,15.48
IN-2015-DW1354021-42232,2015-08-16 00:00:00,DW-1354021,Don Weiss,Consumer,Cambodia,Asia Pacific,Southeastern Asia,OFF-FA-5483,Office Supplies,Fasteners,"OIC Staples, Metal",22.92,2,0,10.98
IT-2015-DB1291064-42223,2015-08-07 00:00:00,DB-1291064,Daniel Byrd,Home Office,Italy,Europe,Southern Europe,OFF-ST-6252,Office Supplies,Storage,"Tenex Folders, Wire Frame",26.747999999999998,2,0.4,3.5279999999999987
IN-2015-BM111407-42227,2015-08-11 00:00:00,BM-111407,Becky Martin,Consumer,Australia,Asia Pacific,Oceania,OFF-BI-4830,Office Supplies,Binders,"Ibico Index Tab, Economy",37.476,4,0.1,14.916
IT-2015-CK1220564-42243,2015-08-27 00:00:00,CK-1220564,Chloris Kastensmidt,Consumer,Italy,Europe,Southern Europe,OFF-AR-3459,Office Supplies,Art,"BIC Markers, Water Color",148.05,5,0,51.75000000000001
MX-2015-SB2018518-42245,2015-08-29 00:00:00,SB-2018518,Sarah Brown,Consumer,Brazil,LATAM,South America,OFF-FA-2949,Office Supplies,Fasteners,"Accos Push Pins, Bulk Pack",48.4,5,0,6.7
MX-2015-AR1040593-42225,2015-08-09 00:00:00,AR-1040593,Allen Rosenblatt,Corporate,Nicaragua,LATAM,Central America,OFF-FA-6189,Office Supplies,Fasteners,"Stockwell Paper Clips, Assorted Sizes",27.779999999999994,3,0,7.5
IN-2015-GM144551-42217,2015-08-01 00:00:00,GM-144551,Gary Mitchum,Home Office,Afghanistan,Asia Pacific,Southern Asia,OFF-FA-5482,Office Supplies,Fasteners,"OIC Staples, Bulk Pack",45.36,4,0,2.16
ID-2015-BD11620102-42232,2015-08-16 00:00:00,BD-11620102,Brian DeCherney,Consumer,Philippines,Asia Pacific,Southeastern Asia,OFF-FA-5486,Office Supplies,Fasteners,"OIC Thumb Tacks, Bulk Pack",38.6925,5,0.45,-12.757499999999993
MX-2015-TC2098018-42227,2015-08-11 00:00:00,TC-2098018,Tamara Chand,Corporate,Brazil,LATAM,South America,OFF-EN-4921,Office Supplies,Envelopes,"Jiffy Manila Envelope, with clear poly window",39.4,2,0,19.68
IN-2015-SV207857-42235,2015-08-19 00:00:00,SV-207857,Stewart Visinsky,Consumer,Australia,Asia Pacific,Oceania,OFF-SU-4978,Office Supplies,Supplies,"Kleencut Letter Opener, Easy Grip",51.624,2,0.1,14.904
AG-2015-CD27903-42236,2015-08-20 00:00:00,CD-27903,Cynthia Delaney,Home Office,Algeria,Africa,North Africa,TEC-AC-5219,Technology,Accessories,"Memorex Mouse, USB",56.75999999999999,2,0,10.74
IT-2015-MA1756048-42241,2015-08-25 00:00:00,MA-1756048,Matt Abelman,Home Office,Germany,Europe,Western Europe,OFF-AR-3547,Office Supplies,Art,"Boston Pens, Easy-Erase",28.98,2,0,9.540000000000001
ID-2015-CL1189097-42242,2015-08-26 00:00:00,CL-1189097,Carl Ludwig,Consumer,Pakistan,Asia Pacific,Southern Asia,OFF-FA-2956,Office Supplies,Fasteners,"Accos Staples, Assorted Sizes",12.600000000000001,3,0.5,-7.110000000000001
ES-2015-HA14920120-42218,2015-08-02 00:00:00,HA-14920120,Helen Andreada,Consumer,Spain,Europe,Southern Europe,OFF-ST-4253,Office Supplies,Storage,"Fellowes Box, Wire Frame",67.5,4,0.1,26.939999999999998
US-2015-MR17545140-42244,2015-08-28 00:00:00,MR-175451406,Mathew Reese,Home Office,United States,USCA,Eastern US,TEC-PH-4381,Technology,Phones,GE 30522EE2,347.96999999999997,3,0,100.91129999999997
US-2015-MR17545140-42244,2015-08-28 00:00:00,MR-175451406,Mathew Reese,Home Office,United States,USCA,Eastern US,OFF-ST-4891,Office Supplies,Storage,Iris Project Case,63.84,8,0,16.598399999999998
US-2015-MR17545140-42244,2015-08-28 00:00:00,MR-175451406,Mathew Reese,Home Office,United States,USCA,Eastern US,OFF-BI-3983,Office Supplies,Binders,DXL Angle-View Binders with Locking Rings by Samsill,37.008,6,0.2,11.565
EG-2015-SM1095038-42244,2015-08-28 00:00:00,SM-1095038,Suzanne McNair,Corporate,Egypt,Africa,North Africa,OFF-SU-4126,Office Supplies,Supplies,"Elite Ruler, Steel",52.800000000000004,4,0,14.16
ES-2015-NP1832564-42246,2015-08-30 00:00:00,NP-1832564,Naresj Patel,Consumer,Italy,Europe,Southern Europe,OFF-FA-5472,Office Supplies,Fasteners,"OIC Push Pins, Assorted Sizes",37.08,3,0,7.38
RO-2015-KF6285107-42223,2015-08-07 00:00:00,KF-6285107,Karen Ferguson,Home Office,Romania,Europe,Eastern Europe,OFF-PA-4476,Office Supplies,Paper,"Green Bar Message Books, Premium",47.58,2,0,4.74
RO-2015-LR7035107-42224,2015-08-08 00:00:00,LR-7035107,Lisa Ryan,Corporate,Romania,Europe,Eastern Europe,OFF-BI-3715,Office Supplies,Binders,"Cardinal 3-Hole Punch, Recycled",29.160000000000004,1,0,8.43
CA-2015-MC17575140-42224,2015-08-08 00:00:00,MC-175751404,Matt Collins,Consumer,United States,USCA,Western US,OFF-PA-6441,Office Supplies,Paper,Xerox 1891,244.54999999999998,5,0,114.93849999999998
IN-2015-MA17995121-42230,2015-08-14 00:00:00,MA-17995121,Michelle Arnett,Home Office,Sri Lanka,Asia Pacific,Southern Asia,OFF-LA-4534,Office Supplies,Labels,"Harbour Creations File Folder Labels, Adjustable",53.04,8,0,4.5600000000000005
MX-2015-DS1303036-42217,2015-08-01 00:00:00,DS-1303036,Darrin Sayre,Home Office,Dominican Republic,LATAM,Caribbean,OFF-BI-3722,Office Supplies,Binders,"Cardinal Binder, Economy",14.751999999999999,2,0.2,5.312
TZ-2015-JS5940129-42235,2015-08-19 00:00:00,JS-5940129,Joni Sundaresam,Home Office,Tanzania,Africa,Eastern Africa,OFF-SU-4979,Office Supplies,Supplies,"Kleencut Letter Opener, High Speed",52.92,2,0,18.48
ID-2015-AA10480102-42244,2015-08-28 00:00:00,AA-10480102,Andrew Allen,Consumer,Philippines,Asia Pacific,Southeastern Asia,OFF-EN-5037,Office Supplies,Envelopes,"Kraft Manila Envelope, Recycled",27.819000000000003,2,0.45,-7.100999999999999
ID-2015-CS1195059-42246,2015-08-30 00:00:00,CS-1195059,Carlos Soltero,Consumer,Indonesia,Asia Pacific,Southeastern Asia,OFF-LA-3310,Office Supplies,Labels,"Avery Removable Labels, 5000 Label Set",41.2923,7,0.47000000000000003,-8.6877
ES-2015-MH17455139-42230,2015-08-14 00:00:00,MH-17455139,Mark Hamilton,Consumer,United Kingdom,Europe,Northern Europe,OFF-AR-3531,Office Supplies,Art,"Boston Highlighters, Blue",37.739999999999995,2,0,9.42
IN-2015-NH186107-42239,2015-08-23 00:00:00,NH-186107,Nicole Hansen,Corporate,Australia,Asia Pacific,Oceania,OFF-FA-5481,Office Supplies,Fasteners,"OIC Staples, Assorted Sizes",31.644000000000005,4,0.1,-2.9160000000000004
HU-2015-SC1026057-42228,2015-08-12 00:00:00,SC-1026057,Scott Cohen,Corporate,Hungary,Europe,Eastern Europe,OFF-ST-6038,Office Supplies,Storage,"Smead Folders, Blue",34.980000000000004,2,0,4.14
US-2015-SB202905-42229,2015-08-13 00:00:00,SB-202905,Sean Braxton,Corporate,Argentina,LATAM,South America,OFF-LA-4555,Office Supplies,Labels,"Harbour Creations Shipping Labels, Laser Printer Compatible",27.504,6,0.4,-5.136000000000001
ID-2015-HM148607-42243,2015-08-27 00:00:00,HM-148607,Harry Marie,Corporate,Australia,Asia Pacific,Oceania,OFF-PA-6616,Office Supplies,Paper,"Xerox Message Books, Recycled",48.672000000000004,4,0.4,-26.808
US-2015-MG17650140-42245,2015-08-29 00:00:00,MG-176501402,Matthew Grinstein,Home Office,United States,USCA,Central US,OFF-AP-2886,Office Supplies,Appliances,Acco 6 Outlet Guardian Premium Plus Surge Suppressor,91.6,5,0,26.563999999999997
US-2015-MG17650140-42245,2015-08-29 00:00:00,MG-176501402,Matthew Grinstein,Home Office,United States,USCA,Central US,OFF-SU-2998,Office Supplies,Supplies,Acme Stainless Steel Office Snips,21.81,3,0,5.888700000000001
US-2015-MH1744055-42223,2015-08-07 00:00:00,MH-1744055,Mark Haberlin,Corporate,Honduras,LATAM,Central America,FUR-CH-4557,Furniture,Chairs,"Harbour Creations Steel Folding Chair, Adjustable",40.152,1,0.4,-24.108
IN-2015-TB2105566-42230,2015-08-14 00:00:00,TB-2105566,Ted Butterfield,Consumer,Japan,Asia Pacific,Eastern Asia,OFF-FA-5475,Office Supplies,Fasteners,"OIC Rubber Bands, 12 Pack",16.5,1,0,0.48
IT-2015-HG1484591-42242,2015-08-26 00:00:00,HG-1484591,Harry Greene,Consumer,Netherlands,Europe,Western Europe,OFF-BI-3186,Office Supplies,Binders,"Avery 3-Hole Punch, Clear",27.330000000000005,2,0.5,-20.250000000000007
UP-2015-DW3480137-42234,2015-08-18 00:00:00,DW-3480137,Dianna Wilson,Home Office,Ukraine,Europe,Eastern Europe,OFF-FA-5485,Office Supplies,Fasteners,"OIC Thumb Tacks, Assorted Sizes",23.04,2,0,9.18
NI-2015-MM828095-42227,2015-08-11 00:00:00,MM-828095,Muhammed MacIntyre,Corporate,Nigeria,Africa,Western Africa,OFF-FA-3044,Office Supplies,Fasteners,"Advantus Paper Clips, Assorted Sizes",8.370000000000001,2,0.7,-6.750000000000002
TU-2015-NC8535134-42231,2015-08-15 00:00:00,NC-8535134,Nick Crebassa,Corporate,Turkey,Asia Pacific,Western Asia,TEC-PH-5835,Technology,Phones,"Samsung Signal Booster, Cordless",55.776,1,0.6,-26.513999999999996
ZA-2015-SM10005146-42241,2015-08-25 00:00:00,SM-10005146,Sally Matthias,Consumer,Zambia,Africa,Eastern Africa,OFF-SU-4138,Office Supplies,Supplies,"Elite Trimmer, Steel",82.14000000000001,2,0,40.2
ES-2015-PC1900045-42227,2015-08-11 00:00:00,PC-1900045,Pauline Chand,Home Office,France,Europe,Western Europe,OFF-LA-4694,Office Supplies,Labels,"Hon Shipping Labels, Adjustable",27.81,3,0,9.72
MX-2015-MC1759051-42223,2015-08-07 00:00:00,MC-1759051,Matt Collister,Corporate,Guatemala,LATAM,Central America,OFF-AR-6121,Office Supplies,Art,"Stanley Pens, Blue",46.90000000000001,7,0,9.379999999999999
UZ-2015-MS7770142-42230,2015-08-14 00:00:00,MS-7770142,Maxwell Schwartz,Consumer,Uzbekistan,Asia Pacific,Central Asia,OFF-SU-6171,Office Supplies,Supplies,"Stiletto Ruler, Steel",28.56,2,0,14.28
ID-2015-VG217907-42219,2015-08-03 00:00:00,VG-217907,Vivek Gonzalez,Consumer,Australia,Asia Pacific,Oceania,OFF-AR-5918,Office Supplies,Art,"Sanford Markers, Easy-Erase",14.112,1,0.4,-0.7080000000000002
IN-2015-CK125957-42241,2015-08-25 00:00:00,CK-125957,Clytie Kelty,Consumer,Australia,Asia Pacific,Oceania,OFF-ST-6059,Office Supplies,Storage,"Smead Shelving, Single Width",44.064,1,0.1,-2.9460000000000006
US-2015-IG1508555-42245,2015-08-29 00:00:00,IG-1508555,Ivan Gibson,Consumer,Honduras,LATAM,Central America,OFF-EN-3098,Office Supplies,Envelopes,"Ames Interoffice Envelope, Set of 50",36.096,2,0.4,-4.224000000000001
IN-2015-TM2101066-42230,2015-08-14 00:00:00,TM-2101066,Tamara Manning,Consumer,Japan,Asia Pacific,Eastern Asia,OFF-EN-5037,Office Supplies,Envelopes,"Kraft Manila Envelope, Recycled",75.87,3,0,23.490000000000002
ID-2015-SR20425118-42235,2015-08-19 00:00:00,SR-20425118,Sharelle Roach,Home Office,South Korea,Asia Pacific,Eastern Asia,OFF-LA-4693,Office Supplies,Labels,"Hon Shipping Labels, 5000 Label Set",17.64,3,0.5,-10.620000000000001
UP-2015-RS9765137-42246,2015-08-30 00:00:00,RS-9765137,Roland Schwarz,Corporate,Ukraine,Europe,Eastern Europe,OFF-LA-4693,Office Supplies,Labels,"Hon Shipping Labels, 5000 Label Set",23.52,2,0,11.28
CA-2015-MD17860140-42246,2015-08-30 00:00:00,MD-178601406,Michael Dominguez,Corporate,United States,USCA,Eastern US,OFF-AR-5301,Office Supplies,Art,Newell 323,9.408000000000001,7,0.2,0.7056000000000004
ES-2015-CB1253545-42229,2015-08-13 00:00:00,CB-1253545,Claudia Bergmann,Corporate,France,Europe,Western Europe,OFF-ST-6231,Office Supplies,Storage,"Tenex Box, Wire Frame",42.038999999999994,3,0.1,16.749
ES-2015-JW1607545-42224,2015-08-08 00:00:00,JW-1607545,Julia West,Consumer,France,Europe,Western Europe,TEC-AC-4188,Technology,Accessories,"Enermax Router, USB",1809.7800000000002,7,0,325.71000000000004
CA-2015-MK17905140-42230,2015-08-14 00:00:00,MK-179051404,Michael Kennedy,Corporate,United States,USCA,Western US,OFF-BI-4357,Office Supplies,Binders,"GBC Prepunched Paper, 19-Hole, for Binding Systems, 24-lb",36.024,3,0.2,11.707799999999995
ES-2015-BM1178545-42230,2015-08-14 00:00:00,BM-1178545,Bryan Mills,Consumer,France,Europe,Western Europe,OFF-PA-4007,Office Supplies,Paper,"Eaton Parchment Paper, Premium",26.939999999999998,2,0,4.5600000000000005
MX-2015-DK1283551-42223,2015-08-07 00:00:00,DK-1283551,Damala Kotsonis,Corporate,Guatemala,LATAM,Central America,FUR-FU-6278,Furniture,Furnishings,"Tenex Stacking Tray, Erganomic",31.8,2,0,0.6
IN-2015-JO155507-42241,2015-08-25 00:00:00,JO-155507,Jesus Ocampo,Home Office,Australia,Asia Pacific,Oceania,OFF-EN-4438,Office Supplies,Envelopes,"GlobeWeis Clasp Envelope, with clear poly window",24.191999999999997,2,0.1,6.132000000000001
MX-2015-HM1486082-42228,2015-08-12 00:00:00,HM-1486082,Harry Marie,Corporate,Mexico,LATAM,Central America,OFF-EN-5026,Office Supplies,Envelopes,"Kraft Clasp Envelope, Security-Tint",15.2,2,0,1.9600000000000002
ES-2015-DV1304545-42221,2015-08-05 00:00:00,DV-1304545,Darrin Van Huff,Corporate,France,Europe,Western Europe,OFF-EN-3093,Office Supplies,Envelopes,"Ames Clasp Envelope, Set of 50",21.599999999999998,3,0,9.72
GH-2015-KT648049-42222,2015-08-06 00:00:00,KT-648049,Kean Thornton,Consumer,Ghana,Africa,Western Africa,OFF-PA-4001,Office Supplies,Paper,"Eaton Message Books, Recycled",40.98,2,0,5.699999999999999
IN-2015-RB1970527-42236,2015-08-20 00:00:00,RB-1970527,Roger Barcio,Home Office,China,Asia Pacific,Eastern Asia,OFF-FA-6203,Office Supplies,Fasteners,"Stockwell Staples, Bulk Pack",32.4,3,0,11.97
IN-2015-ON1871558-42244,2015-08-28 00:00:00,ON-1871558,Odella Nelson,Corporate,India,Asia Pacific,Southern Asia,OFF-LA-5385,Office Supplies,Labels,"Novimex File Folder Labels, Laser Printer Compatible",41.25,5,0,0.3
ES-2015-GG1465048-42245,2015-08-29 00:00:00,GG-1465048,Greg Guthrie,Corporate,Germany,Europe,Western Europe,OFF-BI-3290,Office Supplies,Binders,"Avery Hole Reinforcements, Durable",17.73,3,0,6.299999999999999
CA-2015-MA799523-42231,2015-08-15 00:00:00,MA-799523,Michelle Arnett,Home Office,Canada,USCA,Canada,TEC-PH-5832,Technology,Phones,"Samsung Office Telephone, with Caller ID",130.44,2,0,30
ZA-2015-EH3765146-42241,2015-08-25 00:00:00,EH-3765146,Edward Hooks,Corporate,Zambia,Africa,Eastern Africa,OFF-LA-5384,Office Supplies,Labels,"Novimex File Folder Labels, Alphabetical",48.42,6,0,6.659999999999999
ES-2015-GZ14470120-42232,2015-08-16 00:00:00,GZ-14470120,Gary Zandusky,Consumer,Spain,Europe,Southern Europe,OFF-BI-3294,Office Supplies,Binders,"Avery Index Tab, Durable",33.449999999999996,5,0,8.55
ID-2015-VD21670130-42238,2015-08-22 00:00:00,VD-21670130,Valerie Dominguez,Consumer,Thailand,Asia Pacific,Southeastern Asia,OFF-AR-3449,Office Supplies,Art,"BIC Canvas, Fluorescent",116.51520000000001,4,0.47000000000000003,-30.844800000000006
MX-2015-BV1124528-42245,2015-08-29 00:00:00,BV-1124528,Benjamin Venier,Corporate,Colombia,LATAM,South America,OFF-SU-3001,Office Supplies,Supplies,"Acme Trimmer, Easy Grip",92.4,3,0,34.14
TU-2015-NW8400134-42225,2015-08-09 00:00:00,NW-8400134,Natalie Webber,Consumer,Turkey,Asia Pacific,Western Asia,OFF-BI-3252,Office Supplies,Binders,"Avery Binder, Durable",11.52,2,0.6,-15.839999999999998
MX-2015-MD1735082-42221,2015-08-05 00:00:00,MD-1735082,Maribeth Dona,Consumer,Mexico,LATAM,Central America,OFF-BI-2898,Office Supplies,Binders,"Acco Binder, Recycled",41.36,4,0,11.12
CG-2015-GZ447033-42220,2015-08-04 00:00:00,GZ-447033,Gary Zandusky,Consumer,Democratic Republic of the Congo,Africa,Central Africa,OFF-AR-5921,Office Supplies,Art,"Sanford Pencil Sharpener, Easy-Erase",27.089999999999996,1,0,13.53
MX-2015-DK1283551-42223,2015-08-07 00:00:00,DK-1283551,Damala Kotsonis,Corporate,Guatemala,LATAM,Central America,OFF-PA-4181,Office Supplies,Paper,"Enermax Parchment Paper, 8.5 x 11",26.04,2,0,7.279999999999999
ES-2015-JW1595545-42228,2015-08-12 00:00:00,JW-1595545,Joni Wasserman,Consumer,France,Europe,Western Europe,OFF-FA-5464,Office Supplies,Fasteners,"OIC Clamps, Bulk Pack",59.31000000000001,3,0,29.610000000000003
PL-2015-BD1725103-42217,2015-08-01 00:00:00,BD-1725103,Bruce Degenhardt,Consumer,Poland,Europe,Eastern Europe,OFF-AR-3451,Office Supplies,Art,"BIC Highlighters, Blue",18.93,1,0,7.5600000000000005
IN-2015-KH1669027-42236,2015-08-20 00:00:00,KH-1669027,Kristen Hastings,Corporate,China,Asia Pacific,Eastern Asia,OFF-FA-3062,Office Supplies,Fasteners,"Advantus Rubber Bands, Bulk Pack",41.475,5,0.5,-8.325000000000003
LH-2015-DD357075-42229,2015-08-13 00:00:00,DD-357075,Dorothy Dickinson,Consumer,Lithuania,Europe,Northern Europe,TEC-MA-4211,Technology,Machines,"Epson Receipt Printer, White",69.26400000000002,2,0.7,-62.37600000000002
ID-2015-HM14980102-42234,2015-08-18 00:00:00,HM-14980102,Henry MacAllister,Consumer,Philippines,Asia Pacific,Southeastern Asia,OFF-PA-5884,Office Supplies,Paper,"SanDisk Note Cards, 8.5 x 11",81.75750000000001,5,0.45,-56.5425
TU-2015-CC2100134-42224,2015-08-08 00:00:00,CC-2100134,Chad Cunningham,Home Office,Turkey,Asia Pacific,Western Asia,OFF-BI-3251,Office Supplies,Binders,"Avery Binder, Clear",9.888,2,0.6,-12.372
AJ-2015-GG46509-42246,2015-08-30 00:00:00,GG-46509,Greg Guthrie,Corporate,Azerbaijan,Asia Pacific,Western Asia,FUR-CH-4629,Furniture,Chairs,"Hon Bag Chairs, Set of Two",47.4,1,0,5.67
IT-2015-SB2018564-42234,2015-08-18 00:00:00,SB-2018564,Sarah Brown,Consumer,Italy,Europe,Southern Europe,OFF-BI-3739,Office Supplies,Binders,"Cardinal Index Tab, Economy",26.28,3,0,12.060000000000002
MX-2015-MB1808582-42220,2015-08-04 00:00:00,MB-1808582,Mick Brown,Consumer,Mexico,LATAM,Central America,OFF-LA-3263,Office Supplies,Labels,"Avery Color Coded Labels, Laser Printer Compatible",35.43999999999999,4,0,0
IN-2015-SL2015558-42222,2015-08-06 00:00:00,SL-2015558,Sara Luxemburg,Home Office,India,Asia Pacific,Southern Asia,OFF-BI-2893,Office Supplies,Binders,"Acco Binder Covers, Economy",19.979999999999997,3,0.5,-14.039999999999997
CA-2015-MK816023-42230,2015-08-14 00:00:00,MK-816023,Mike Kennedy,Consumer,Canada,USCA,Canada,OFF-FA-6196,Office Supplies,Fasteners,"Stockwell Push Pins, Metal",28.98,2,0,0.24
CA-2015-MK816023-42230,2015-08-14 00:00:00,MK-816023,Mike Kennedy,Consumer,Canada,USCA,Canada,OFF-AR-3475,Office Supplies,Art,"Binney & Smith Canvas, Blue",51.35999999999999,1,0,9.75
ES-2015-NP1868534-42230,2015-08-14 00:00:00,NP-1868534,Nora Pelletier,Home Office,Denmark,Europe,Northern Europe,OFF-AR-3470,Office Supplies,Art,"BIC Sketch Pad, Fluorescent",24.96,1,0.5,-8.490000000000002
MX-2015-CD1228055-42243,2015-08-27 00:00:00,CD-1228055,Christina DeMoss,Consumer,Honduras,LATAM,Central America,FUR-CH-5753,Furniture,Chairs,"SAFCO Bag Chairs, Set of Two",62.028000000000006,3,0.4,9.288000000000006
IN-2015-KL1655559-42232,2015-08-16 00:00:00,KL-1655559,Kelly Lampkin,Corporate,Indonesia,Asia Pacific,Southeastern Asia,OFF-LA-4640,Office Supplies,Labels,"Hon Color Coded Labels, Laser Printer Compatible",47.5251,7,0.47000000000000003,-12.744900000000005
RO-2015-NH8610107-42227,2015-08-11 00:00:00,NH-8610107,Nicole Hansen,Corporate,Romania,Europe,Eastern Europe,OFF-BI-3712,Office Supplies,Binders,"Cardinal 3-Hole Punch, Clear",113.03999999999999,4,0,23.64
ID-2015-SG2089059-42217,2015-08-01 00:00:00,SG-2089059,Susan Gilcrest,Corporate,Indonesia,Asia Pacific,Southeastern Asia,TEC-AC-5195,Technology,Accessories,"Memorex Flash Drive, Programmable",32.754000000000005,2,0.47000000000000003,-14.226000000000003
ES-2015-AH1021045-42237,2015-08-21 00:00:00,AH-1021045,Alan Hwang,Consumer,France,Europe,Western Europe,OFF-LA-6044,Office Supplies,Labels,"Smead Legal Exhibit Labels, Alphabetical",21.839999999999996,2,0,2.4000000000000004
ID-2015-MC1784558-42228,2015-08-12 00:00:00,MC-1784558,Michael Chen,Consumer,India,Asia Pacific,Southern Asia,FUR-CH-4698,Furniture,Chairs,"Hon Steel Folding Chair, Black",39.495,1,0.5,-28.455
IT-2015-TN2104091-42242,2015-08-26 00:00:00,TN-2104091,Tanja Norvell,Home Office,Netherlands,Europe,Western Europe,OFF-BI-3251,Office Supplies,Binders,"Avery Binder, Clear",18.54,3,0.5,-14.85
AG-2015-CD27903-42236,2015-08-20 00:00:00,CD-27903,Cynthia Delaney,Home Office,Algeria,Africa,North Africa,OFF-BI-3254,Office Supplies,Binders,"Avery Binder, Recycled",13.26,1,0,6.09
TU-2015-RM9675134-42228,2015-08-12 00:00:00,RM-9675134,Robert Marley,Home Office,Turkey,Asia Pacific,Western Asia,OFF-FA-5462,Office Supplies,Fasteners,"OIC Clamps, 12 Pack",15.360000000000003,2,0.6,-3.84
ES-2015-CB1253545-42229,2015-08-13 00:00:00,CB-1253545,Claudia Bergmann,Corporate,France,Europe,Western Europe,OFF-FA-6201,Office Supplies,Fasteners,"Stockwell Staples, 12 Pack",19.68,2,0,7.26
ES-2015-MO1780045-42234,2015-08-18 00:00:00,MO-1780045,Meg O'Connel,Home Office,France,Europe,Western Europe,OFF-BI-2915,Office Supplies,Binders,"Acco Hole Reinforcements, Recycled",42.12,6,0,21.06
TU-2015-NC8535134-42231,2015-08-15 00:00:00,NC-8535134,Nick Crebassa,Corporate,Turkey,Asia Pacific,Western Asia,OFF-AR-3453,Office Supplies,Art,"BIC Highlighters, Fluorescent",16.151999999999997,2,0.6,-10.907999999999998
HU-2015-SC1026057-42228,2015-08-12 00:00:00,SC-1026057,Scott Cohen,Corporate,Hungary,Europe,Eastern Europe,OFF-FA-3046,Office Supplies,Fasteners,"Advantus Paper Clips, Metal",13.379999999999999,1,0,3.21
US-2015-AA103755-42243,2015-08-27 00:00:00,AA-103755,Allen Armold,Consumer,Argentina,LATAM,South America,FUR-FU-5731,Furniture,Furnishings,"Rubbermaid Light Bulb, Black",7.535999999999999,1,0.4,-4.403999999999999
MX-2015-DH1307593-42244,2015-08-28 00:00:00,DH-1307593,Dave Hallsten,Corporate,Nicaragua,LATAM,Central America,OFF-AR-3464,Office Supplies,Art,"BIC Pens, Blue",38.08,4,0,0.32
ID-2015-JS15880130-42224,2015-08-08 00:00:00,JS-15880130,John Stevenson,Consumer,Thailand,Asia Pacific,Southeastern Asia,OFF-FA-5467,Office Supplies,Fasteners,"OIC Paper Clips, 12 Pack",22.037399999999998,3,0.47000000000000003,-12.5226
ES-2015-KL1664596-42241,2015-08-25 00:00:00,KL-1664596,Ken Lonsdale,Consumer,Norway,Europe,Northern Europe,OFF-BI-4814,Office Supplies,Binders,"Ibico Binder, Recycled",31.679999999999996,2,0,2.52
UP-2015-ME7320137-42223,2015-08-07 00:00:00,ME-7320137,Maria Etezadi,Home Office,Ukraine,Europe,Eastern Europe,OFF-BI-4824,Office Supplies,Binders,"Ibico Hole Reinforcements, Durable",8.49,1,0,2.37
GG-2015-SJ1021547-42227,2015-08-11 00:00:00,SJ-1021547,Sarah Jordon,Consumer,Georgia,Asia Pacific,Western Asia,OFF-LA-4548,Office Supplies,Labels,"Harbour Creations Round Labels, 5000 Label Set",28.56,4,0,11.040000000000001
HR-2015-SG1047030-42241,2015-08-25 00:00:00,SG-1047030,Sheri Gordon,Consumer,Croatia,Europe,Southern Europe,OFF-BI-3291,Office Supplies,Binders,"Avery Hole Reinforcements, Economy",8.82,2,0,0
CA-2015-NG18355140-42235,2015-08-19 00:00:00,NG-183551406,Nat Gilpin,Corporate,United States,USCA,Eastern US,OFF-BI-5665,Office Supplies,Binders,Recycled Easel Ring Binders,107.424,9,0.2,33.569999999999986
CA-2015-NG18355140-42235,2015-08-19 00:00:00,NG-183551406,Nat Gilpin,Corporate,United States,USCA,Eastern US,FUR-FU-5985,Furniture,Furnishings,"Seth Thomas 14"" Putty-Colored Wall Clock",88.02,3,0,27.286199999999994
CA-2015-NG18355140-42235,2015-08-19 00:00:00,NG-183551406,Nat Gilpin,Corporate,United States,USCA,Eastern US,TEC-PH-4458,Technology,Phones,Grandstream GXP1160 VoIP phone,37.91,1,0,10.993899999999996
CA-2015-NG18355140-42235,2015-08-19 00:00:00,NG-183551406,Nat Gilpin,Corporate,United States,USCA,Eastern US,FUR-FU-3918,Furniture,Furnishings,"DAX Metal Frame, Desktop, Stepped-Edge",40.48,2,0,15.787199999999999
UP-2015-LH7155137-42242,2015-08-26 00:00:00,LH-7155137,Logan Haushalter,Consumer,Ukraine,Europe,Eastern Europe,OFF-LA-4694,Office Supplies,Labels,"Hon Shipping Labels, Adjustable",9.27,1,0,3.24
CA-2015-NG18355140-42235,2015-08-19 00:00:00,NG-183551406,Nat Gilpin,Corporate,United States,USCA,Eastern US,FUR-FU-3923,Furniture,Furnishings,"DAX Value U-Channel Document Frames, Easel Back",9.94,2,0,3.0813999999999995
BO-2015-VG1179013-42222,2015-08-06 00:00:00,VG-1179013,Vivek Gonzalez,Consumer,Belarus,Europe,Eastern Europe,OFF-EN-3088,Office Supplies,Envelopes,"Ames Business Envelopes, Recycled",34.080000000000005,2,0,8.52
MX-2015-TP2156582-42236,2015-08-20 00:00:00,TP-2156582,Tracy Poddar,Corporate,Mexico,LATAM,Central America,FUR-FU-6278,Furniture,Furnishings,"Tenex Stacking Tray, Erganomic",19.08,2,0.4,-12.120000000000001
TS-2015-EM4065133-42220,2015-08-04 00:00:00,EM-4065133,Erin Mull,Consumer,Tunisia,Africa,North Africa,OFF-FA-2949,Office Supplies,Fasteners,"Accos Push Pins, Bulk Pack",14.52,1,0,4.199999999999999
CA-2015-NF18385140-42238,2015-08-22 00:00:00,NF-183851408,Natalie Fritzler,Consumer,United States,USCA,Southern US,FUR-CH-4670,Furniture,Chairs,Hon Multipurpose Stacking Arm Chairs,866.4,4,0,225.264
KZ-2015-KC625568-42217,2015-08-01 00:00:00,KC-625568,Karen Carlisle,Corporate,Kazakhstan,Asia Pacific,Central Asia,TEC-AC-4163,Technology,Accessories,"Enermax Memory Card, Bluetooth",34.317,1,0.7,-61.77299999999998
IT-2015-KN1639045-42220,2015-08-04 00:00:00,KN-1639045,Katherine Nockton,Corporate,France,Europe,Western Europe,OFF-SU-4125,Office Supplies,Supplies,"Elite Ruler, Serrated",31.5,3,0,5.67
MX-2015-MH1729036-42217,2015-08-01 00:00:00,MH-1729036,Marc Harrigan,Home Office,Dominican Republic,LATAM,Caribbean,OFF-LA-4540,Office Supplies,Labels,"Harbour Creations Legal Exhibit Labels, Laser Printer Compatible",29.2,5,0.2,6.5
ES-2015-EG1390045-42228,2015-08-12 00:00:00,EG-1390045,Emily Grady,Consumer,France,Europe,Western Europe,OFF-LA-6030,Office Supplies,Labels,"Smead Color Coded Labels, Laser Printer Compatible",39.15,3,0,18
IN-2015-PS190457-42244,2015-08-28 00:00:00,PS-190457,Penelope Sewall,Home Office,Australia,Asia Pacific,Oceania,OFF-FA-6196,Office Supplies,Fasteners,"Stockwell Push Pins, Metal",12.690000000000001,1,0.1,4.35
RS-2015-EM4095108-42238,2015-08-22 00:00:00,EM-4095108,Eudokia Martin,Corporate,Russia,Europe,Eastern Europe,OFF-BI-2919,Office Supplies,Binders,"Acco Index Tab, Economy",10.08,1,0,4.62
IT-2015-JW1522091-42234,2015-08-18 00:00:00,JW-1522091,Jane Waco,Corporate,Netherlands,Europe,Western Europe,OFF-BI-6381,Office Supplies,Binders,"Wilson Jones Binder, Recycled",26.759999999999998,4,0.5,-6.479999999999997
IN-2015-MP179657-42244,2015-08-28 00:00:00,MP-179657,Michael Paige,Corporate,Australia,Asia Pacific,Oceania,OFF-LA-6035,Office Supplies,Labels,"Smead File Folder Labels, Adjustable",18.305999999999997,3,0.1,7.8660000000000005
IT-2015-SN2071048-42243,2015-08-27 00:00:00,SN-2071048,Steve Nguyen,Home Office,Germany,Europe,Western Europe,OFF-AR-3532,Office Supplies,Art,"Boston Highlighters, Easy-Erase",38.279999999999994,2,0,8.399999999999999
ES-2015-BG11740139-42238,2015-08-22 00:00:00,BG-11740139,Bruce Geld,Consumer,United Kingdom,Europe,Northern Europe,OFF-BI-4828,Office Supplies,Binders,"Ibico Index Tab, Clear",17.82,2,0,3.18
CA-2015-NZ18565140-42222,2015-08-06 00:00:00,NZ-185651402,Nick Zandusky,Home Office,United States,USCA,Central US,OFF-ST-6292,Office Supplies,Storage,"Tennsco Lockers, Sand",151.056,9,0.2,7.552799999999998
MX-2015-DO1343536-42224,2015-08-08 00:00:00,DO-1343536,Denny Ordway,Consumer,Dominican Republic,LATAM,Caribbean,OFF-LA-3323,Office Supplies,Labels,"Avery Shipping Labels, Laser Printer Compatible",12.639999999999997,2,0.2,4.4
TU-2015-BC1125134-42238,2015-08-22 00:00:00,BC-1125134,Becky Castell,Home Office,Turkey,Asia Pacific,Western Asia,OFF-BI-6381,Office Supplies,Binders,"Wilson Jones Binder, Recycled",5.352,1,0.6,-2.9579999999999984
AO-2015-BE14554-42223,2015-08-07 00:00:00,BE-14554,Brad Eason,Home Office,Angola,Africa,Central Africa,TEC-PH-3130,Technology,Phones,"Apple Audio Dock, with Caller ID",166.89000000000001,1,0,25.02
CA-2015-NF18595140-42235,2015-08-19 00:00:00,NF-185951404,Nicole Fjeld,Home Office,United States,USCA,Western US,OFF-ST-4291,Office Supplies,Storage,Fellowes Super Stor/Drawer Files,323.1,2,0,61.38900000000001
IV-2015-JC577529-42221,2015-08-05 00:00:00,JC-577529,John Castell,Consumer,Cote d'Ivoire,Africa,Western Africa,OFF-ST-4263,Office Supplies,Storage,"Fellowes Folders, Single Width",26.429999999999996,1,0,10.83
ES-2015-MY1829548-42228,2015-08-12 00:00:00,MY-1829548,Muhammed Yedwab,Corporate,Germany,Europe,Western Europe,OFF-LA-6036,Office Supplies,Labels,"Smead File Folder Labels, Alphabetical",8.7,1,0,3.99
IS-2015-RF973563-42220,2015-08-04 00:00:00,RF-973563,Roland Fjeld,Consumer,Israel,Asia Pacific,Western Asia,OFF-BI-2891,Office Supplies,Binders,"Acco Binder Covers, Clear",12.78,1,0,5.49
ID-2015-TB2119059-42227,2015-08-11 00:00:00,TB-2119059,Thomas Brumley,Home Office,Indonesia,Asia Pacific,Southeastern Asia,OFF-SU-4122,Office Supplies,Supplies,"Elite Letter Opener, Steel",12.719999999999999,1,0.47000000000000003,-1.4399999999999995
MX-2015-JB1540093-42222,2015-08-06 00:00:00,JB-1540093,Jennifer Braxton,Corporate,Nicaragua,LATAM,Central America,OFF-PA-4168,Office Supplies,Paper,"Enermax Message Books, Multicolor",31.880000000000003,2,0,7.959999999999999
ES-2015-PB19150139-42236,2015-08-20 00:00:00,PB-19150139,Philip Brown,Consumer,United Kingdom,Europe,Northern Europe,OFF-BI-2913,Office Supplies,Binders,"Acco Hole Reinforcements, Durable",14.688,2,0.1,5.9879999999999995
NI-2015-VT1170095-42244,2015-08-28 00:00:00,VT-1170095,Valerie Takahito,Home Office,Nigeria,Africa,Western Africa,OFF-EN-4926,Office Supplies,Envelopes,"Jiffy Peel and Seal, with clear poly window",7.065,1,0.7,-12.014999999999997
ES-2015-PB19150139-42221,2015-08-05 00:00:00,PB-19150139,Philip Brown,Consumer,United Kingdom,Europe,Northern Europe,OFF-BI-6400,Office Supplies,Binders,"Wilson Jones Hole Reinforcements, Recycled",9.780000000000001,2,0,2.34
ES-2015-DW1319545-42237,2015-08-21 00:00:00,DW-1319545,David Wiener,Corporate,France,Europe,Western Europe,OFF-BI-3251,Office Supplies,Binders,"Avery Binder, Clear",24.72,2,0,2.46
ID-2015-KB1631559-42241,2015-08-25 00:00:00,KB-1631559,Karl Braun,Consumer,Indonesia,Asia Pacific,Southeastern Asia,OFF-EN-3110,Office Supplies,Envelopes,"Ames Peel and Seal, Set of 50",9.905700000000001,1,0.47000000000000003,-8.244300000000003
CA-2015-NP18700140-42231,2015-08-15 00:00:00,NP-187001404,Nora Preis,Consumer,United States,USCA,Western US,OFF-AR-5295,Office Supplies,Art,Newell 318,16.68,6,0,4.336799999999999
CA-2015-NP18700140-42231,2015-08-15 00:00:00,NP-187001404,Nora Preis,Consumer,United States,USCA,Western US,OFF-LA-3270,Office Supplies,Labels,Avery File Folder Labels,5.76,2,0,2.8224
IT-2015-JW15955124-42227,2015-08-11 00:00:00,JW-15955124,Joni Wasserman,Consumer,Sweden,Europe,Northern Europe,OFF-EN-4907,Office Supplies,Envelopes,"Jiffy Clasp Envelope, Security-Tint",21.839999999999996,4,0.5,-14.879999999999997
IN-2015-KH1669027-42236,2015-08-20 00:00:00,KH-1669027,Kristen Hastings,Corporate,China,Asia Pacific,Eastern Asia,OFF-EN-5028,Office Supplies,Envelopes,"Kraft Clasp Envelope, with clear poly window",18.81,3,0.5,-12.87
TU-2015-MS7830134-42238,2015-08-22 00:00:00,MS-7830134,Melanie Seite,Consumer,Turkey,Asia Pacific,Western Asia,OFF-SU-4304,Office Supplies,Supplies,"Fiskars Box Cutter, High Speed",14.207999999999998,1,0.6,-8.892
MO-2015-DM301586-42244,2015-08-28 00:00:00,DM-301586,Darrin Martin,Consumer,Morocco,Africa,North Africa,OFF-AR-6110,Office Supplies,Art,"Stanley Highlighters, Blue",14.7,1,0,2.94
TO-2015-DM3345131-42224,2015-08-08 00:00:00,DM-3345131,Denise Monton,Corporate,Togo,Africa,Western Africa,OFF-SU-4981,Office Supplies,Supplies,"Kleencut Ruler, Easy Grip",15.18,1,0,0.30000000000000004
ES-2015-JF15295139-42217,2015-08-01 00:00:00,JF-15295139,Jason Fortune-,Consumer,United Kingdom,Europe,Northern Europe,OFF-LA-5399,Office Supplies,Labels,"Novimex Round Labels, Adjustable",8.34,2,0,2.2800000000000002
EG-2015-VG1180538-42234,2015-08-18 00:00:00,VG-1180538,Vivek Grady,Corporate,Egypt,Africa,North Africa,OFF-FA-5484,Office Supplies,Fasteners,"OIC Thumb Tacks, 12 Pack",13.5,1,0,5.4
MX-2015-GM1468054-42242,2015-08-26 00:00:00,GM-1468054,Greg Matthias,Consumer,Haiti,LATAM,Caribbean,OFF-LA-5383,Office Supplies,Labels,"Novimex File Folder Labels, Adjustable",7.379999999999998,3,0.4,0
IT-2015-AC10615124-42224,2015-08-08 00:00:00,AC-10615124,Ann Chong,Corporate,Sweden,Europe,Northern Europe,OFF-ST-5697,Office Supplies,Storage,"Rogers Folders, Wire Frame",29.759999999999994,2,0.5,-23.21999999999999
IT-2015-JR1570062-42239,2015-08-23 00:00:00,JR-1570062,Jocasta Rupert,Consumer,Ireland,Europe,Northern Europe,TEC-AC-4152,Technology,Accessories,"Enermax Flash Drive, Erganomic",19.665,1,0.5,-2.384999999999998
HU-2015-SH997557-42239,2015-08-23 00:00:00,SH-997557,Sally Hughsby,Corporate,Hungary,Europe,Eastern Europe,OFF-LA-4542,Office Supplies,Labels,"Harbour Creations Removable Labels, Adjustable",21.48,2,0,8.58
IN-2015-BO114257-42222,2015-08-06 00:00:00,BO-114257,Bobby Odegard,Consumer,Australia,Asia Pacific,Oceania,OFF-LA-4659,Office Supplies,Labels,"Hon File Folder Labels, Alphabetical",45.684,6,0.1,18.144
CA-2015-PO18850140-42240,2015-08-24 00:00:00,PO-188501408,Patrick O'Brill,Consumer,United States,USCA,Southern US,TEC-PH-5817,Technology,Phones,Samsung Galaxy Mega 6.3,4367.896000000001,13,0.2,327.59220000000005
IR-2015-JF541560-42238,2015-08-22 00:00:00,JF-541560,Jennifer Ferguson,Consumer,Iran,Asia Pacific,Southern Asia,OFF-LA-6062,Office Supplies,Labels,"Smead Shipping Labels, Adjustable",9.51,1,0,0.66
CA-2015-PO18850140-42240,2015-08-24 00:00:00,PO-188501408,Patrick O'Brill,Consumer,United States,USCA,Southern US,OFF-AP-4240,Office Supplies,Appliances,Fellowes 8 Outlet Superior Workstation Surge Protector w/o Phone/Fax/Modem Protection,161.376,6,0.2,12.103199999999994
ES-2015-MG17650125-42232,2015-08-16 00:00:00,MG-17650125,Matthew Grinstein,Home Office,Switzerland,Europe,Western Europe,OFF-BI-3289,Office Supplies,Binders,"Avery Hole Reinforcements, Clear",11.61,3,0,1.08
CA-2015-PO18850140-42240,2015-08-24 00:00:00,PO-188501408,Patrick O'Brill,Consumer,United States,USCA,Southern US,OFF-PA-4838,Office Supplies,Paper,"IBM Multi-Purpose Copy Paper, 8 1/2 x 11"", Case",49.568000000000005,2,0.2,15.489999999999997
CA-2015-PO18850140-42240,2015-08-24 00:00:00,PO-188501408,Patrick O'Brill,Consumer,United States,USCA,Southern US,OFF-PA-3113,Office Supplies,Paper,"Ampad Evidence Wirebond Steno Books, 6"" x 9""",8.72,5,0.2,2.942999999999999
MX-2015-DO1343536-42224,2015-08-08 00:00:00,DO-1343536,Denny Ordway,Consumer,Dominican Republic,LATAM,Caribbean,OFF-FA-6197,Office Supplies,Fasteners,"Stockwell Rubber Bands, 12 Pack",25.536,3,0.2,8.616
IN-2015-AF1088558-42222,2015-08-06 00:00:00,AF-1088558,Art Foster,Consumer,India,Asia Pacific,Southern Asia,OFF-AR-6121,Office Supplies,Art,"Stanley Pens, Blue",30.150000000000002,3,0,13.5
CA-2015-PO18850140-42240,2015-08-24 00:00:00,PO-188501408,Patrick O'Brill,Consumer,United States,USCA,Southern US,FUR-FU-4092,Furniture,Furnishings,"Eldon Regeneration Recycled Desk Accessories, Smoke",2.7840000000000003,2,0.2,0.41759999999999986
CA-2015-PO18865140-42222,2015-08-06 00:00:00,PO-188651402,Patrick O'Donnell,Consumer,United States,USCA,Central US,OFF-LA-3193,Office Supplies,Labels,Avery 475,133.20000000000002,9,0,66.60000000000001
CA-2015-PO18865140-42222,2015-08-06 00:00:00,PO-188651402,Patrick O'Donnell,Consumer,United States,USCA,Central US,OFF-BI-5637,Office Supplies,Binders,Premium Transparent Presentation Covers by GBC,125.88,6,0,60.422399999999996
CA-2015-PO18865140-42222,2015-08-06 00:00:00,PO-188651402,Patrick O'Donnell,Consumer,United States,USCA,Central US,TEC-AC-5149,Technology,Accessories,Logitech MX Performance Wireless Mouse,79.78,2,0,29.5186
US-2015-PR18880140-42238,2015-08-22 00:00:00,PR-188801404,Patrick Ryan,Consumer,United States,USCA,Western US,FUR-TA-3767,Furniture,Tables,Chromcraft Rectangular Conference Tables,568.7280000000001,3,0.2,28.436399999999935
US-2015-PR18880140-42238,2015-08-22 00:00:00,PR-188801404,Patrick Ryan,Consumer,United States,USCA,Western US,TEC-PH-3782,Technology,Phones,Cisco 8x8 Inc. 6753i IP Business Phone System,431.9680000000001,4,0.2,37.797199999999975
SF-2015-RD9900117-42218,2015-08-02 00:00:00,RD-9900117,Ruben Dartt,Consumer,South Africa,Africa,Southern Africa,OFF-BI-6369,Office Supplies,Binders,"Wilson Jones 3-Hole Punch, Clear",27.450000000000003,1,0,7.68
US-2015-PR18880140-42238,2015-08-22 00:00:00,PR-188801404,Patrick Ryan,Consumer,United States,USCA,Western US,FUR-FU-6235,Furniture,Furnishings,Tenex Chairmats For Use with Hard Floors,129.92,4,0,10.393599999999992
US-2015-PR18880140-42238,2015-08-22 00:00:00,PR-188801404,Patrick Ryan,Consumer,United States,USCA,Western US,OFF-AP-4254,Office Supplies,Appliances,Fellowes Command Center 5-outlet power strip,203.52,3,0,54.9504
US-2015-PR18880140-42238,2015-08-22 00:00:00,PR-188801404,Patrick Ryan,Consumer,United States,USCA,Western US,OFF-LA-3244,Office Supplies,Labels,"Avery Address/Shipping Labels for Typewriters, 4"" x 2""",51.75,5,0,24.84
US-2015-PR18880140-42238,2015-08-22 00:00:00,PR-188801404,Patrick Ryan,Consumer,United States,USCA,Western US,OFF-BI-2908,Office Supplies,Binders,"Acco Flexible ACCOHIDE Square Ring Data Binder, Dark Blue, 11 1/2"" X 14"" 7/8""",117.144,9,0.2,42.46469999999999
US-2015-PR18880140-42238,2015-08-22 00:00:00,PR-188801404,Patrick Ryan,Consumer,United States,USCA,Western US,OFF-AR-5315,Office Supplies,Art,Newell 336,17.12,4,0,4.9647999999999985
JO-2015-JL517567-42242,2015-08-26 00:00:00,JL-517567,James Lanier,Home Office,Jordan,Asia Pacific,Western Asia,OFF-LA-6034,Office Supplies,Labels,"Smead File Folder Labels, 5000 Label Set",18.54,2,0,8.52
ES-2015-TM2101048-42220,2015-08-04 00:00:00,TM-2101048,Tamara Manning,Consumer,Germany,Europe,Western Europe,OFF-SU-4313,Office Supplies,Supplies,"Fiskars Ruler, Serrated",30.051,3,0.1,8.991000000000001
ES-2015-TP2156564-42224,2015-08-08 00:00:00,TP-2156564,Tracy Poddar,Corporate,Italy,Europe,Southern Europe,OFF-AR-3496,Office Supplies,Art,"Binney & Smith Pens, Easy-Erase",36.63,3,0,0
TU-2015-BS1665134-42217,2015-08-01 00:00:00,BS-1665134,Brian Stugart,Consumer,Turkey,Asia Pacific,Western Asia,OFF-LA-3272,Office Supplies,Labels,"Avery File Folder Labels, Adjustable",2.808,1,0.6,-1.6919999999999997
GG-2015-SJ1021547-42227,2015-08-11 00:00:00,SJ-1021547,Sarah Jordon,Consumer,Georgia,Asia Pacific,Western Asia,OFF-BI-6375,Office Supplies,Binders,"Wilson Jones Binder Covers, Durable",12.689999999999998,1,0,5.82
SA-2015-AO810110-42244,2015-08-28 00:00:00,AO-810110,Anthony O'Donnell,Corporate,Saudi Arabia,Asia Pacific,Western Asia,OFF-LA-5392,Office Supplies,Labels,"Novimex Removable Labels, Adjustable",15.54,2,0,0
TU-2015-PS8970134-42245,2015-08-29 00:00:00,PS-8970134,Paul Stevenson,Home Office,Turkey,Asia Pacific,Western Asia,OFF-AR-3532,Office Supplies,Art,"Boston Highlighters, Easy-Erase",7.655999999999999,1,0.6,-7.283999999999999
JO-2015-RB933067-42230,2015-08-14 00:00:00,RB-933067,Randy Bradley,Consumer,Jordan,Asia Pacific,Western Asia,OFF-EN-3092,Office Supplies,Envelopes,"Ames Clasp Envelope, Security-Tint",19.200000000000003,2,0,0.36
HU-2015-SC1026057-42228,2015-08-12 00:00:00,SC-1026057,Scott Cohen,Corporate,Hungary,Europe,Eastern Europe,OFF-PA-3998,Office Supplies,Paper,"Eaton Message Books, 8.5 x 11",24.72,1,0,10.86
CA-2015-PJ19015140-42235,2015-08-19 00:00:00,PJ-190151406,Pauline Johnson,Consumer,United States,USCA,Eastern US,OFF-AR-5303,Office Supplies,Art,Newell 325,9.912,3,0.2,1.2389999999999994
SA-2015-LC7050110-42236,2015-08-20 00:00:00,LC-7050110,Liz Carlisle,Consumer,Saudi Arabia,Asia Pacific,Western Asia,OFF-AR-3528,Office Supplies,Art,"Boston Canvas, Water Color",56.82000000000001,1,0,8.52
CA-2015-PW19030140-42222,2015-08-06 00:00:00,PW-190301408,Pauline Webber,Corporate,United States,USCA,Southern US,OFF-PA-3008,Office Supplies,Paper,"Adams Phone Message Book, 200 Message Capacity, 8 1/16” x 11”",13.76,2,0,6.329599999999999
NI-2015-MM828095-42227,2015-08-11 00:00:00,MM-828095,Muhammed MacIntyre,Corporate,Nigeria,Africa,Western Africa,OFF-EN-5041,Office Supplies,Envelopes,"Kraft Peel and Seal, Recycled",5.787000000000001,1,0.7,-12.362999999999998
ID-2015-SH2063559-42237,2015-08-21 00:00:00,SH-2063559,Stefanie Holloman,Corporate,Indonesia,Asia Pacific,Southeastern Asia,OFF-LA-5398,Office Supplies,Labels,"Novimex Round Labels, 5000 Label Set",10.5894,3,0.47000000000000003,-3.270599999999999
US-2015-PK19075140-42238,2015-08-22 00:00:00,PK-190751406,Pete Kriz,Consumer,United States,USCA,Eastern US,OFF-BI-4343,Office Supplies,Binders,GBC DocuBind TL300 Electric Binding System,4305.552000000001,6,0.2,1453.1237999999996
PL-2015-BD1725103-42217,2015-08-01 00:00:00,BD-1725103,Bruce Degenhardt,Consumer,Poland,Europe,Eastern Europe,OFF-AR-5912,Office Supplies,Art,"Sanford Highlighters, Fluorescent",17.009999999999998,1,0,7.14
TU-2015-FH4275134-42235,2015-08-19 00:00:00,FH-4275134,Frank Hawley,Corporate,Turkey,Asia Pacific,Western Asia,OFF-LA-6064,Office Supplies,Labels,"Smead Shipping Labels, Laser Printer Compatible",9.288,2,0.6,-12.311999999999998
ID-2015-HM14980102-42234,2015-08-18 00:00:00,HM-14980102,Henry MacAllister,Consumer,Philippines,Asia Pacific,Southeastern Asia,OFF-BI-3737,Office Supplies,Binders,"Cardinal Index Tab, Clear",30.854999999999997,5,0.15000000000000002,1.004999999999999
ES-2015-JB1600064-42232,2015-08-16 00:00:00,JB-1600064,Joy Bell-,Consumer,Italy,Europe,Southern Europe,OFF-FA-3070,Office Supplies,Fasteners,"Advantus Staples, Bulk Pack",32.58,3,0,12.96
US-2015-PK19075140-42238,2015-08-22 00:00:00,PK-190751406,Pete Kriz,Consumer,United States,USCA,Eastern US,OFF-BI-3301,Office Supplies,Binders,Avery Metallic Poly Binders,32.088,7,0.2,11.2308
AG-2015-LD68553-42230,2015-08-14 00:00:00,LD-68553,Lela Donovan,Corporate,Algeria,Africa,North Africa,OFF-BI-3292,Office Supplies,Binders,"Avery Hole Reinforcements, Recycled",19.080000000000002,4,0,8.16
US-2015-DE13255143-42239,2015-08-23 00:00:00,DE-13255143,Deanra Eno,Home Office,Venezuela,LATAM,South America,OFF-BI-3713,Office Supplies,Binders,"Cardinal 3-Hole Punch, Durable",12.12,1,0.4,-3.4400000000000013
IT-2015-DL1286591-42231,2015-08-15 00:00:00,DL-1286591,Dan Lawera,Consumer,Netherlands,Europe,Western Europe,OFF-EN-3093,Office Supplies,Envelopes,"Ames Clasp Envelope, Set of 50",14.399999999999999,4,0.5,-1.4399999999999977
IV-2015-JC577529-42221,2015-08-05 00:00:00,JC-577529,John Castell,Consumer,Cote d'Ivoire,Africa,Western Africa,OFF-LA-3313,Office Supplies,Labels,"Avery Removable Labels, Laser Printer Compatible",10.74,1,0,2.13
ES-2015-EP1391564-42223,2015-08-07 00:00:00,EP-1391564,Emily Phan,Consumer,Italy,Europe,Southern Europe,OFF-ST-4263,Office Supplies,Storage,"Fellowes Folders, Single Width",15.857999999999997,1,0.4,0.2580000000000009
MX-2015-BS1136518-42231,2015-08-15 00:00:00,BS-1136518,Bill Shonely,Corporate,Brazil,LATAM,South America,OFF-SU-6175,Office Supplies,Supplies,"Stiletto Scissors, Steel",30.68,2,0,13.8
PL-2015-DB3615103-42244,2015-08-28 00:00:00,DB-3615103,Doug Bickford,Consumer,Poland,Europe,Eastern Europe,OFF-BI-3725,Office Supplies,Binders,"Cardinal Binding Machine, Durable",51.27000000000001,1,0,17.94
IT-2015-KN1639045-42220,2015-08-04 00:00:00,KN-1639045,Katherine Nockton,Corporate,France,Europe,Western Europe,OFF-SU-4317,Office Supplies,Supplies,"Fiskars Scissors, Serrated",79.44,4,0,35.64
NI-2015-SF1020095-42228,2015-08-12 00:00:00,SF-1020095,Sarah Foster,Consumer,Nigeria,Africa,Western Africa,OFF-AR-3459,Office Supplies,Art,"BIC Markers, Water Color",8.883000000000001,1,0.7,-10.376999999999995
ES-2015-TM21490139-42223,2015-08-07 00:00:00,TM-21490139,Tony Molinari,Consumer,United Kingdom,Europe,Northern Europe,OFF-BI-3736,Office Supplies,Binders,"Cardinal Hole Reinforcements, Recycled",11.4,2,0,4.74
ES-2015-DW1319545-42237,2015-08-21 00:00:00,DW-1319545,David Wiener,Corporate,France,Europe,Western Europe,OFF-BI-3247,Office Supplies,Binders,"Avery Binder Covers, Durable",25.139999999999997,2,0,3.24
MX-2015-MW1823565-42234,2015-08-18 00:00:00,MW-1823565,Mitch Willingham,Corporate,Jamaica,LATAM,Caribbean,OFF-FA-6189,Office Supplies,Fasteners,"Stockwell Paper Clips, Assorted Sizes",18,2,0,6.12
IT-2015-CJ12010124-42217,2015-08-01 00:00:00,CJ-12010124,Caroline Jumper,Consumer,Sweden,Europe,Northern Europe,OFF-LA-5385,Office Supplies,Labels,"Novimex File Folder Labels, Laser Printer Compatible",28.875,7,0.5,-17.955
AU-2015-MD78608-42243,2015-08-27 00:00:00,MD-78608,Michael Dominguez,Corporate,Austria,Europe,Western Europe,OFF-LA-4551,Office Supplies,Labels,"Harbour Creations Round Labels, Laser Printer Compatible",6.75,1,0,0.99
ES-2015-PS1904545-42231,2015-08-15 00:00:00,PS-1904545,Penelope Sewall,Home Office,France,Europe,Western Europe,OFF-BI-3723,Office Supplies,Binders,"Cardinal Binder, Recycled",28.379999999999995,2,0,5.9399999999999995
CA-2015-RH19495140-42229,2015-08-13 00:00:00,RH-194951408,Rick Hansen,Consumer,United States,USCA,Southern US,OFF-PA-6562,Office Supplies,Paper,Xerox 2000,20.736000000000004,4,0.2,7.2576
KZ-2015-KC625568-42217,2015-08-01 00:00:00,KC-625568,Karen Carlisle,Corporate,Kazakhstan,Asia Pacific,Central Asia,OFF-AR-6120,Office Supplies,Art,"Stanley Pencil Sharpener, Water Color",7.515000000000001,1,0.7,-16.034999999999997
ES-2015-KA1652548-42231,2015-08-15 00:00:00,KA-1652548,Kelly Andreada,Consumer,Germany,Europe,Western Europe,OFF-BI-2915,Office Supplies,Binders,"Acco Hole Reinforcements, Recycled",14.04,2,0,7.02
CA-2015-RW19540140-42234,2015-08-18 00:00:00,RW-195401404,Rick Wilson,Corporate,United States,USCA,Western US,OFF-AP-5937,Office Supplies,Appliances,Sanyo 2.5 Cubic Foot Mid-Size Office Refrigerators,2518.29,9,0,654.7553999999999
CA-2015-RW19540140-42234,2015-08-18 00:00:00,RW-195401404,Rick Wilson,Corporate,United States,USCA,Western US,OFF-ST-6103,Office Supplies,Storage,Standard Rollaway File with Lock,540.5699999999999,3,0,140.5482
ID-2015-VD21670130-42238,2015-08-22 00:00:00,VD-21670130,Valerie Dominguez,Consumer,Thailand,Asia Pacific,Southeastern Asia,OFF-BI-3736,Office Supplies,Binders,"Cardinal Hole Reinforcements, Recycled",42.579,9,0.17,3.9689999999999994
CA-2015-RW19540140-42234,2015-08-18 00:00:00,RW-195401404,Rick Wilson,Corporate,United States,USCA,Western US,OFF-BI-4362,Office Supplies,Binders,GBC Recycled Grain Textured Covers,221.056,8,0.2,77.36959999999999
CA-2015-RW19540140-42246,2015-08-30 00:00:00,RW-195401404,Rick Wilson,Corporate,United States,USCA,Western US,FUR-FU-4112,Furniture,Furnishings,Electrix Fluorescent Magnifier Lamps & Weighted Base,148.02,3,0,41.44560000000001
CA-2015-RW19540140-42234,2015-08-18 00:00:00,RW-195401404,Rick Wilson,Corporate,United States,USCA,Western US,TEC-PH-5535,Technology,Phones,OtterBox Defender Series Case - Samsung Galaxy S4,71.976,3,0.2,8.99699999999999
CA-2015-RW19540140-42234,2015-08-18 00:00:00,RW-195401404,Rick Wilson,Corporate,United States,USCA,Western US,OFF-FA-6129,Office Supplies,Fasteners,Staples,23.36,2,0,11.68
CA-2015-RW19540140-42234,2015-08-18 00:00:00,RW-195401404,Rick Wilson,Corporate,United States,USCA,Western US,OFF-BI-6387,Office Supplies,Binders,"Wilson Jones Clip & Carry Folder Binder Tool for Ring Binders, Clear",13.919999999999998,3,0.2,4.872000000000001
CA-2015-RW19540140-42234,2015-08-18 00:00:00,RW-195401404,Rick Wilson,Corporate,United States,USCA,Western US,OFF-PA-6518,Office Supplies,Paper,Xerox 1962,8.56,2,0,3.8519999999999994
ES-2015-KT1648048-42235,2015-08-19 00:00:00,KT-1648048,Kean Thornton,Consumer,Germany,Europe,Western Europe,OFF-FA-6197,Office Supplies,Fasteners,"Stockwell Rubber Bands, 12 Pack",15.959999999999997,1,0,1.59
IN-2015-SL2015558-42222,2015-08-06 00:00:00,SL-2015558,Sara Luxemburg,Home Office,India,Asia Pacific,Southern Asia,OFF-BI-6381,Office Supplies,Binders,"Wilson Jones Binder, Recycled",13.379999999999999,2,0.5,-1.6199999999999992
IN-2015-JH1582027-42218,2015-08-02 00:00:00,JH-1582027,John Huston,Consumer,China,Asia Pacific,Eastern Asia,OFF-BI-6400,Office Supplies,Binders,"Wilson Jones Hole Reinforcements, Recycled",9.780000000000001,2,0,3.42
IN-2015-JH1582027-42218,2015-08-02 00:00:00,JH-1582027,John Huston,Consumer,China,Asia Pacific,Eastern Asia,OFF-BI-3737,Office Supplies,Binders,"Cardinal Index Tab, Clear",13.439999999999998,2,0,6
IT-2015-AG1049545-42229,2015-08-13 00:00:00,AG-1049545,Andrew Gjertsen,Corporate,France,Europe,Western Europe,OFF-BI-2892,Office Supplies,Binders,"Acco Binder Covers, Durable",22.229999999999997,3,0.5,-2.2499999999999964
CA-2015-RB970523-42220,2015-08-04 00:00:00,RB-970523,Roger Barcio,Home Office,Canada,USCA,Canada,OFF-AR-6120,Office Supplies,Art,"Stanley Pencil Sharpener, Water Color",111.84,4,0,4.4399999999999995
CA-2015-RB970523-42220,2015-08-04 00:00:00,RB-970523,Roger Barcio,Home Office,Canada,USCA,Canada,FUR-BO-5973,Furniture,Bookcases,"Sauder Stackable Bookrack, Traditional",146.28,1,0,21.93
CA-2015-RB970523-42220,2015-08-04 00:00:00,RB-970523,Roger Barcio,Home Office,Canada,USCA,Canada,OFF-LA-5398,Office Supplies,Labels,"Novimex Round Labels, 5000 Label Set",26.639999999999997,4,0,12.48
IT-2015-SB2018564-42234,2015-08-18 00:00:00,SB-2018564,Sarah Brown,Consumer,Italy,Europe,Southern Europe,TEC-PH-3132,Technology,Phones,"Apple Headset, Cordless",45.66599999999999,1,0.4,-14.483999999999995
MX-2015-NC1853555-42217,2015-08-01 00:00:00,NC-1853555,Nick Crebassa,Corporate,Honduras,LATAM,Central America,TEC-AC-5880,Technology,Accessories,"SanDisk Mouse, Bluetooth",15.323999999999998,1,0.4,-3.075999999999999
ES-2015-DP1310564-42237,2015-08-21 00:00:00,DP-1310564,Dave Poirier,Corporate,Italy,Europe,Southern Europe,OFF-BI-4826,Office Supplies,Binders,"Ibico Hole Reinforcements, Recycled",22.05,3,0,6.75
TU-2015-MS7830134-42238,2015-08-22 00:00:00,MS-7830134,Melanie Seite,Consumer,Turkey,Asia Pacific,Western Asia,OFF-AR-6119,Office Supplies,Art,"Stanley Pencil Sharpener, Fluorescent",9.912,1,0.6,-6.948
TU-2015-RA9885134-42244,2015-08-28 00:00:00,RA-9885134,Ruben Ausman,Corporate,Turkey,Asia Pacific,Western Asia,OFF-BI-2912,Office Supplies,Binders,"Acco Hole Reinforcements, Clear",19.584000000000003,8,0.6,-27.455999999999996
MX-2015-BS1166518-42232,2015-08-16 00:00:00,BS-1166518,Brian Stugart,Consumer,Brazil,LATAM,South America,OFF-LA-4555,Office Supplies,Labels,"Harbour Creations Shipping Labels, Laser Printer Compatible",22.92,3,0,6.6
CA-2015-RA19915140-42235,2015-08-19 00:00:00,RA-199151402,Russell Applegate,Consumer,United States,USCA,Central US,OFF-ST-5804,Office Supplies,Storage,Safco Steel Mobile File Cart,200.06400000000002,3,0.2,12.504000000000005
IN-2015-FH143507-42222,2015-08-06 00:00:00,FH-143507,Fred Harton,Consumer,Australia,Asia Pacific,Oceania,OFF-LA-5389,Office Supplies,Labels,"Novimex Legal Exhibit Labels, Alphabetical",18.522,2,0.1,6.7620000000000005
CA-2015-RA19915140-42235,2015-08-19 00:00:00,RA-199151402,Russell Applegate,Consumer,United States,USCA,Central US,OFF-BI-2905,Office Supplies,Binders,Acco D-Ring Binder w/DublLock,21.379999999999995,5,0.8,-33.139
CA-2015-RA19915140-42235,2015-08-19 00:00:00,RA-199151402,Russell Applegate,Consumer,United States,USCA,Central US,OFF-BI-4832,Office Supplies,Binders,Ibico Plastic and Wire Spiral Binding Combs,6.743999999999998,4,0.8,-11.4648
ES-2015-TT21460120-42241,2015-08-25 00:00:00,TT-21460120,Tonja Turnell,Home Office,Spain,Europe,Southern Europe,OFF-AR-6121,Office Supplies,Art,"Stanley Pens, Blue",10.05,1,0,4.92
IN-2015-AT1043559-42243,2015-08-27 00:00:00,AT-1043559,Alyssa Tate,Home Office,Indonesia,Asia Pacific,Southeastern Asia,OFF-ST-4028,Office Supplies,Storage,"Eldon Box, Blue",8.515799999999999,1,0.17,1.7357999999999998
ID-2015-CM12160118-42242,2015-08-26 00:00:00,CM-12160118,Charles McCrossin,Consumer,South Korea,Asia Pacific,Eastern Asia,OFF-FA-5474,Office Supplies,Fasteners,"OIC Push Pins, Metal",22.544999999999998,3,0.5,-1.394999999999996
MX-2015-DO1343536-42224,2015-08-08 00:00:00,DO-1343536,Denny Ordway,Consumer,Dominican Republic,LATAM,Caribbean,OFF-EN-5024,Office Supplies,Envelopes,"Kraft Business Envelopes, Set of 50",21.312,2,0.2,6.632
ES-2015-HJ1487545-42227,2015-08-11 00:00:00,HJ-1487545,Heather Jas,Home Office,France,Europe,Western Europe,OFF-SU-2990,Office Supplies,Supplies,"Acme Scissors, Serrated",22.14,1,0,1.32
ID-2015-RA19915102-42227,2015-08-11 00:00:00,RA-19915102,Russell Applegate,Consumer,Philippines,Asia Pacific,Southeastern Asia,TEC-AC-5100,Technology,Accessories,"Logitech Flash Drive, Erganomic",31.152000000000005,2,0.45,-0.5879999999999974
NI-2015-SF1020095-42228,2015-08-12 00:00:00,SF-1020095,Sarah Foster,Consumer,Nigeria,Africa,Western Africa,OFF-ST-4263,Office Supplies,Storage,"Fellowes Folders, Single Width",15.858,2,0.7,-15.341999999999995
IT-2015-ND1846096-42223,2015-08-07 00:00:00,ND-1846096,Neil Ducich,Corporate,Norway,Europe,Northern Europe,OFF-BI-4813,Office Supplies,Binders,"Ibico Binder, Economy",15.479999999999997,1,0,4.32
IN-2015-SC2038027-42229,2015-08-13 00:00:00,SC-2038027,Shahid Collister,Consumer,China,Asia Pacific,Eastern Asia,OFF-LA-3263,Office Supplies,Labels,"Avery Color Coded Labels, Laser Printer Compatible",39.87,3,0,8.73
MA-2015-NG843077-42217,2015-08-01 00:00:00,NG-843077,Nathan Gelder,Consumer,Madagascar,Africa,Eastern Africa,OFF-EN-3091,Office Supplies,Envelopes,"Ames Clasp Envelope, Recycled",6,1,0,1.26
ES-2015-AT1073545-42241,2015-08-25 00:00:00,AT-1073545,Annie Thurman,Consumer,France,Europe,Western Europe,OFF-FA-6204,Office Supplies,Fasteners,"Stockwell Staples, Metal",21.06,2,0,5.64
IN-2015-GZ1447058-42221,2015-08-05 00:00:00,GZ-1447058,Gary Zandusky,Consumer,India,Asia Pacific,Southern Asia,OFF-AR-3466,Office Supplies,Art,"BIC Pens, Fluorescent",15.54,1,0,4.5
IT-2015-MC17575139-42230,2015-08-14 00:00:00,MC-17575139,Matt Collins,Consumer,United Kingdom,Europe,Northern Europe,OFF-BI-4810,Office Supplies,Binders,"Ibico Binder Covers, Recycled",14.01,1,0,5.16
CA-2015-SE20110140-42244,2015-08-28 00:00:00,SE-201101402,Sanjit Engle,Consumer,United States,USCA,Central US,OFF-AR-4010,Office Supplies,Art,"Eberhard Faber 3 1/2"" Golf Pencils",5.952000000000001,1,0.2,0.3720000000000001
IT-2015-JW15955124-42227,2015-08-11 00:00:00,JW-15955124,Joni Wasserman,Consumer,Sweden,Europe,Northern Europe,OFF-AR-5912,Office Supplies,Art,"Sanford Highlighters, Fluorescent",17.009999999999998,2,0.5,-2.7299999999999986
IN-2015-LA1678059-42242,2015-08-26 00:00:00,LA-1678059,Laura Armstrong,Corporate,Indonesia,Asia Pacific,Southeastern Asia,OFF-FA-6198,Office Supplies,Fasteners,"Stockwell Rubber Bands, Assorted Sizes",7.409400000000001,1,0.47000000000000003,0.41939999999999955
TU-2015-NW8400134-42225,2015-08-09 00:00:00,NW-8400134,Natalie Webber,Consumer,Turkey,Asia Pacific,Western Asia,FUR-CH-5372,Furniture,Chairs,"Novimex Chairmat, Red",45.072,2,0.6,-33.828
CA-2015-SJ20125140-42228,2015-08-12 00:00:00,SJ-201251406,Sanjit Jacobs,Home Office,United States,USCA,Eastern US,OFF-PA-6590,Office Supplies,Paper,Xerox 226,25.92,4,0,12.441600000000001
MX-2015-LC1714082-42235,2015-08-19 00:00:00,LC-1714082,Logan Currie,Consumer,Mexico,LATAM,Central America,OFF-BI-3187,Office Supplies,Binders,"Avery 3-Hole Punch, Durable",39.16000000000001,2,0,10.959999999999999
TU-2015-HA4920134-42236,2015-08-20 00:00:00,HA-4920134,Helen Andreada,Consumer,Turkey,Asia Pacific,Western Asia,OFF-EN-4436,Office Supplies,Envelopes,"GlobeWeis Clasp Envelope, Security-Tint",9.84,2,0.6,-5.459999999999997
IT-2015-IM15070139-42234,2015-08-18 00:00:00,IM-15070139,Irene Maddox,Consumer,United Kingdom,Europe,Northern Europe,OFF-LA-6035,Office Supplies,Labels,"Smead File Folder Labels, Adjustable",24.407999999999998,4,0.1,-1.1519999999999997
ID-2015-TB2119059-42227,2015-08-11 00:00:00,TB-2119059,Thomas Brumley,Home Office,Indonesia,Asia Pacific,Southeastern Asia,TEC-AC-4188,Technology,Accessories,"Enermax Router, USB",685.1310000000001,5,0.47000000000000003,-232.71900000000005
MX-2015-JL1585036-42234,2015-08-18 00:00:00,JL-1585036,John Lucas,Consumer,Dominican Republic,LATAM,Caribbean,OFF-FA-3069,Office Supplies,Fasteners,"Advantus Staples, Assorted Sizes",13.296000000000001,3,0.2,4.1160000000000005
CA-2015-SF20200140-42244,2015-08-28 00:00:00,SF-202001404,Sarah Foster,Consumer,United States,USCA,Western US,FUR-FU-4329,Furniture,Furnishings,Flat Face Poster Frame,120.57600000000001,8,0.2,33.1584
IV-2015-JC577529-42221,2015-08-05 00:00:00,JC-577529,John Castell,Consumer,Cote d'Ivoire,Africa,Western Africa,OFF-BI-6372,Office Supplies,Binders,"Wilson Jones 3-Hole Punch, Recycled",28.35,1,0,8.49
ES-2015-JD1589514-42227,2015-08-11 00:00:00,JD-1589514,Jonathan Doherty,Corporate,Belgium,Europe,Western Europe,OFF-BI-6400,Office Supplies,Binders,"Wilson Jones Hole Reinforcements, Recycled",4.890000000000001,1,0,1.17
CA-2015-SJ20215140-42233,2015-08-17 00:00:00,SJ-202151408,Sarah Jordon,Consumer,United States,USCA,Southern US,OFF-ST-2921,Office Supplies,Storage,Acco Perma 3000 Stacking Storage Drawers,67.13600000000001,4,0.2,-0.8392000000000017
CA-2015-SJ20215140-42233,2015-08-17 00:00:00,SJ-202151408,Sarah Jordon,Consumer,United States,USCA,Southern US,OFF-BI-5665,Office Supplies,Binders,Recycled Easel Ring Binders,13.428000000000003,3,0.7,-11.190000000000001
CA-2015-SC20230140-42220,2015-08-04 00:00:00,SC-202301404,Scot Coram,Corporate,United States,USCA,Western US,OFF-ST-5079,Office Supplies,Storage,"Letter/Legal File Tote with Clear Snap-On Lid, Black Granite",16.06,1,0,4.175599999999999
CA-2015-SC1026023-42224,2015-08-08 00:00:00,SC-1026023,Scott Cohen,Corporate,Canada,USCA,Canada,TEC-AC-3402,Technology,Accessories,"Belkin Router, Bluetooth",258.75,1,0,10.350000000000001
CA-2015-SC1026023-42224,2015-08-08 00:00:00,SC-1026023,Scott Cohen,Corporate,Canada,USCA,Canada,OFF-PA-5852,Office Supplies,Paper,"SanDisk Computer Printout Paper, Multicolor",374.40000000000003,12,0,48.60000000000001
ID-2015-TP21130130-42221,2015-08-05 00:00:00,TP-21130130,Theone Pippenger,Consumer,Thailand,Asia Pacific,Southeastern Asia,OFF-FA-6205,Office Supplies,Fasteners,"Stockwell Thumb Tacks, 12 Pack",20.606400000000004,3,0.47000000000000003,-5.853600000000004
CA-2015-SC20305140-42245,2015-08-29 00:00:00,SC-203051402,Sean Christensen,Consumer,United States,USCA,Central US,OFF-PA-6598,Office Supplies,Paper,Xerox 4200 Series MultiUse Premium Copy Paper (20Lb. and 84 Bright),25.344,6,0.2,7.92
CA-2015-SC20305140-42245,2015-08-29 00:00:00,SC-203051402,Sean Christensen,Consumer,United States,USCA,Central US,OFF-PA-4781,Office Supplies,Paper,HP Office Paper (20Lb. and 87 Bright),26.720000000000002,5,0.2,9.352
MX-2015-SH1997582-42225,2015-08-09 00:00:00,SH-1997582,Sally Hughsby,Corporate,Mexico,LATAM,Central America,OFF-LA-4551,Office Supplies,Labels,"Harbour Creations Round Labels, Laser Printer Compatible",18,4,0,8.640000000000002
IN-2015-ON1871558-42244,2015-08-28 00:00:00,ON-1871558,Odella Nelson,Corporate,India,Asia Pacific,Southern Asia,OFF-BI-6400,Office Supplies,Binders,"Wilson Jones Hole Reinforcements, Recycled",4.890000000000001,1,0,1.71
CA-2015-SV20365140-42242,2015-08-26 00:00:00,SV-203651406,Seth Vernon,Consumer,United States,USCA,Eastern US,FUR-BO-3645,Furniture,Bookcases,Bush Somerset Collection Bookcase,130.98,2,0.5,-89.06639999999999
TU-2015-NC8535134-42231,2015-08-15 00:00:00,NC-8535134,Nick Crebassa,Corporate,Turkey,Asia Pacific,Western Asia,OFF-BI-4811,Office Supplies,Binders,"Ibico Binder, Clear",5.975999999999999,1,0.6,-7.643999999999998
CA-2015-SV20365140-42223,2015-08-07 00:00:00,SV-203651408,Seth Vernon,Consumer,United States,USCA,Southern US,FUR-BO-5520,Furniture,Bookcases,O'Sullivan 2-Shelf Heavy-Duty Bookcases,145.74,3,0,23.31840000000001
UP-2015-ST10530137-42243,2015-08-27 00:00:00,ST-10530137,Shui Tom,Consumer,Ukraine,Europe,Eastern Europe,OFF-FA-2958,Office Supplies,Fasteners,"Accos Staples, Metal",11.07,1,0,2.19
CA-2015-SV20365140-42223,2015-08-07 00:00:00,SV-203651408,Seth Vernon,Consumer,United States,USCA,Southern US,FUR-FU-5154,Furniture,Furnishings,Longer-Life Soft White Bulbs,15.4,5,0,7.3919999999999995
MX-2015-BN1147093-42222,2015-08-06 00:00:00,BN-1147093,Brad Norvell,Corporate,Nicaragua,LATAM,Central America,OFF-EN-5033,Office Supplies,Envelopes,"Kraft Mailers, Recycled",24.3,1,0,12.140000000000002
CA-2015-SH20395140-42223,2015-08-07 00:00:00,SH-203951406,Shahid Hopkins,Consumer,United States,USCA,Eastern US,OFF-SU-2963,Office Supplies,Supplies,"Acme 10"" Easy Grip Assistive Scissors",70.12,4,0,21.035999999999994
GG-2015-CC267047-42223,2015-08-07 00:00:00,CC-267047,Craig Carreira,Consumer,Georgia,Asia Pacific,Western Asia,OFF-AR-3494,Office Supplies,Art,"Binney & Smith Pencil Sharpener, Water Color",26.94,1,0,12.39
IN-2015-SV207857-42235,2015-08-19 00:00:00,SV-207857,Stewart Visinsky,Consumer,Australia,Asia Pacific,Oceania,OFF-BI-2915,Office Supplies,Binders,"Acco Hole Reinforcements, Recycled",18.954,3,0.1,-1.746
MX-2015-SU2066536-42236,2015-08-20 00:00:00,SU-2066536,Stephanie Ulpright,Home Office,Dominican Republic,LATAM,Caribbean,OFF-FA-6189,Office Supplies,Fasteners,"Stockwell Paper Clips, Assorted Sizes",22.224,3,0.2,1.9439999999999997
ES-2015-IM1507048-42234,2015-08-18 00:00:00,IM-1507048,Irene Maddox,Consumer,Germany,Europe,Western Europe,OFF-BI-2912,Office Supplies,Binders,"Acco Hole Reinforcements, Clear",18.36,3,0,0.72
IZ-2015-JM525061-42235,2015-08-19 00:00:00,JM-525061,Janet Martin,Consumer,Iraq,Asia Pacific,Western Asia,FUR-FU-5733,Furniture,Furnishings,"Rubbermaid Light Bulb, Durable",15.869999999999997,1,0,6.33
ID-2015-CM12160118-42242,2015-08-26 00:00:00,CM-12160118,Charles McCrossin,Consumer,South Korea,Asia Pacific,Eastern Asia,OFF-PA-6607,Office Supplies,Paper,"Xerox Computer Printout Paper, Premium",26.339999999999996,2,0.5,-1.6199999999999974
UP-2015-CC2220137-42235,2015-08-19 00:00:00,CC-2220137,Chris Cortes,Consumer,Ukraine,Europe,Eastern Europe,OFF-ST-6038,Office Supplies,Storage,"Smead Folders, Blue",17.490000000000002,1,0,2.07
CA-2015-ST20530140-42244,2015-08-28 00:00:00,ST-205301408,Shui Tom,Consumer,United States,USCA,Southern US,OFF-AP-4734,Office Supplies,Appliances,Hoover Portapower Portable Vacuum,14.336000000000002,4,0.2,0.8959999999999999
ES-2015-PB1915045-42218,2015-08-02 00:00:00,PB-1915045,Philip Brown,Consumer,France,Europe,Western Europe,OFF-BI-4828,Office Supplies,Binders,"Ibico Index Tab, Clear",17.82,2,0,3.18
ID-2015-SS2059059-42217,2015-08-01 00:00:00,SS-2059059,Sonia Sunley,Consumer,Indonesia,Asia Pacific,Southeastern Asia,OFF-PA-5878,Office Supplies,Paper,"SanDisk Message Books, Premium",12.624600000000001,1,0.47000000000000003,-11.195400000000001
IT-2015-AG1049545-42229,2015-08-13 00:00:00,AG-1049545,Andrew Gjertsen,Corporate,France,Europe,Western Europe,OFF-BI-4829,Office Supplies,Binders,"Ibico Index Tab, Durable",13.905,3,0.5,-1.7549999999999972
CA-2015-SC20575140-42236,2015-08-20 00:00:00,SC-205751402,Sonia Cooley,Consumer,United States,USCA,Central US,OFF-BI-3473,Office Supplies,Binders,Binder Posts,2.2959999999999994,2,0.8,-3.903200000000001
US-2015-SP20620140-42244,2015-08-28 00:00:00,SP-206201408,Stefania Perrino,Corporate,United States,USCA,Southern US,OFF-EN-3850,Office Supplies,Envelopes,Convenience Packs of Business Envelopes,2.8960000000000004,1,0.2,0.9773999999999999
UP-2015-DW3480137-42234,2015-08-18 00:00:00,DW-3480137,Dianna Wilson,Home Office,Ukraine,Europe,Eastern Europe,OFF-BI-3716,Office Supplies,Binders,"Cardinal Binder Covers, Clear",11.459999999999999,1,0,2.9699999999999998
ES-2015-AG1033045-42220,2015-08-04 00:00:00,AG-1033045,Alex Grayson,Consumer,France,Europe,Western Europe,OFF-LA-5383,Office Supplies,Labels,"Novimex File Folder Labels, Adjustable",18.45,3,0,3.69
ES-2015-DL1286548-42238,2015-08-22 00:00:00,DL-1286548,Dan Lawera,Consumer,Germany,Europe,Western Europe,OFF-BI-6402,Office Supplies,Binders,"Wilson Jones Index Tab, Clear",17.73,3,0,1.53
SF-2015-EH4125117-42244,2015-08-28 00:00:00,EH-4125117,Eugene Hildebrand,Home Office,South Africa,Africa,Southern Africa,OFF-LA-3311,Office Supplies,Labels,"Avery Removable Labels, Adjustable",17.28,2,0,7.92
CA-2015-SC20680140-42243,2015-08-27 00:00:00,SC-206801408,Steve Carroll,Home Office,United States,USCA,Southern US,TEC-AC-6074,Technology,Accessories,Sony 64GB Class 10 Micro SDHC R40 Memory Card,71.98,2,0,15.1158
CA-2015-SC20695140-42227,2015-08-11 00:00:00,SC-206951402,Steve Chapman,Corporate,United States,USCA,Central US,OFF-PA-6457,Office Supplies,Paper,Xerox 1906,177.2,5,0,83.28399999999999
ES-2015-KW1657048-42236,2015-08-20 00:00:00,KW-1657048,Kelly Williams,Consumer,Germany,Europe,Western Europe,OFF-ST-6023,Office Supplies,Storage,"Smead Box, Blue",19.386,2,0.1,-2.154
ES-2015-HM1498064-42245,2015-08-29 00:00:00,HM-1498064,Henry MacAllister,Consumer,Italy,Europe,Southern Europe,OFF-BI-2891,Office Supplies,Binders,"Acco Binder Covers, Clear",25.56,2,0,10.98
TU-2015-CD2790134-42238,2015-08-22 00:00:00,CD-2790134,Cynthia Delaney,Home Office,Turkey,Asia Pacific,Western Asia,OFF-FA-6199,Office Supplies,Fasteners,"Stockwell Rubber Bands, Bulk Pack",6.456,1,0.6,-6.953999999999999
ID-2015-FC1433559-42222,2015-08-06 00:00:00,FC-1433559,Fred Chung,Corporate,Indonesia,Asia Pacific,Southeastern Asia,OFF-PA-6619,Office Supplies,Paper,"Xerox Note Cards, Premium",13.976099999999999,1,0.47000000000000003,-4.503900000000001
ID-2015-IG150857-42222,2015-08-06 00:00:00,IG-150857,Ivan Gibson,Consumer,Australia,Asia Pacific,Oceania,OFF-ST-6249,Office Supplies,Storage,"Tenex Folders, Blue",13.931999999999999,1,0.4,1.3919999999999995
MX-2015-MC1759031-42239,2015-08-23 00:00:00,MC-1759031,Matt Collister,Corporate,Cuba,LATAM,Caribbean,OFF-PA-4471,Office Supplies,Paper,"Green Bar Memo Slips, Multicolor",24.48,2,0,6.840000000000001
IN-2015-EJ141557-42230,2015-08-14 00:00:00,EJ-141557,Eva Jacobs,Consumer,Australia,Asia Pacific,Oceania,OFF-LA-5392,Office Supplies,Labels,"Novimex Removable Labels, Adjustable",6.992999999999999,1,0.1,0.8430000000000001
CA-2015-SC20845140-42238,2015-08-22 00:00:00,SC-208451404,Sung Chung,Consumer,United States,USCA,Western US,OFF-ST-5663,Office Supplies,Storage,"Recycled Data-Pak for Archival Bound Computer Printouts, 12-1/2 x 12-1/2 x 16",237.09600000000003,3,0.2,20.745899999999985
CA-2015-SC20845140-42238,2015-08-22 00:00:00,SC-208451404,Sung Chung,Consumer,United States,USCA,Western US,FUR-FU-3910,Furniture,Furnishings,"DAX Charcoal/Nickel-Tone Document Frame, 5 x 7",22.752000000000002,3,0.2,7.109999999999999
CA-2015-SC20845140-42238,2015-08-22 00:00:00,SC-208451404,Sung Chung,Consumer,United States,USCA,Western US,OFF-PA-6082,Office Supplies,Paper,Southworth 25% Cotton Antique Laid Paper & Envelopes,6.672000000000001,1,0.2,2.084999999999999
MW-2015-RF984085-42231,2015-08-15 00:00:00,RF-984085,Roy Französisch,Consumer,Montenegro,Europe,Southern Europe,OFF-BI-3246,Office Supplies,Binders,"Avery Binder Covers, Clear",10.53,1,0,2.4000000000000004
UG-2015-JC5340136-42227,2015-08-11 00:00:00,JC-5340136,Jasper Cacioppo,Consumer,Uganda,Africa,Eastern Africa,OFF-BI-3249,Office Supplies,Binders,"Avery Binder Covers, Recycled",3.4290000000000003,1,0.7,-3.890999999999999
ID-2015-IG150857-42222,2015-08-06 00:00:00,IG-150857,Ivan Gibson,Consumer,Australia,Asia Pacific,Oceania,OFF-BI-6397,Office Supplies,Binders,"Wilson Jones Hole Reinforcements, Clear",4.788,2,0.4,-0.9720000000000004
ID-2015-JC1534059-42225,2015-08-09 00:00:00,JC-1534059,Jasper Cacioppo,Consumer,Indonesia,Asia Pacific,Southeastern Asia,OFF-LA-3315,Office Supplies,Labels,"Avery Round Labels, Adjustable",8.0136,3,0.47000000000000003,-6.386400000000001
IN-2015-KH1669027-42236,2015-08-20 00:00:00,KH-1669027,Kristen Hastings,Corporate,China,Asia Pacific,Eastern Asia,OFF-PA-4467,Office Supplies,Paper,"Green Bar Computer Printout Paper, Multicolor",31.17,2,0.5,-17.490000000000002
IN-2015-RD198107-42224,2015-08-08 00:00:00,RD-198107,Ross DeVincentis,Home Office,Australia,Asia Pacific,Oceania,OFF-BI-3739,Office Supplies,Binders,"Cardinal Index Tab, Economy",31.536,4,0.1,9.096000000000002
TU-2015-BC1125134-42238,2015-08-22 00:00:00,BC-1125134,Becky Castell,Home Office,Turkey,Asia Pacific,Western Asia,OFF-BI-6377,Office Supplies,Binders,"Wilson Jones Binder Covers, Recycled",4.62,1,0.6,-4.169999999999998
AG-2015-HR48303-42221,2015-08-05 00:00:00,HR-48303,Harold Ryan,Corporate,Algeria,Africa,North Africa,OFF-ST-6230,Office Supplies,Storage,"Tenex Box, Single Width",16.53,1,0,7.41
TU-2015-HG4845134-42228,2015-08-12 00:00:00,HG-4845134,Harry Greene,Consumer,Turkey,Asia Pacific,Western Asia,OFF-AR-6117,Office Supplies,Art,"Stanley Markers, Water Color",10.152,1,0.6,-6.857999999999995
SA-2015-LC7050110-42236,2015-08-20 00:00:00,LC-7050110,Liz Carlisle,Consumer,Saudi Arabia,Asia Pacific,Western Asia,OFF-BI-6400,Office Supplies,Binders,"Wilson Jones Hole Reinforcements, Recycled",4.890000000000001,1,0,1.17
CA-2015-SF20965140-42228,2015-08-12 00:00:00,SF-209651402,Sylvia Foulston,Corporate,United States,USCA,Central US,TEC-PH-5649,Technology,Phones,Pyle PMP37LED,153.584,2,0.2,13.438599999999994
CA-2015-SF20965140-42228,2015-08-12 00:00:00,SF-209651402,Sylvia Foulston,Corporate,United States,USCA,Central US,OFF-PA-6420,Office Supplies,Paper,"Wirebound Message Books, Four 2 3/4"" x 5"" Forms per Page, 600 Sets per Book",29.664,4,0.2,10.011599999999998
CA-2015-SF20965140-42228,2015-08-12 00:00:00,SF-209651402,Sylvia Foulston,Corporate,United States,USCA,Central US,OFF-BI-4297,Office Supplies,Binders,"Fellowes Twister Kit, Gray/Clear, 3/pkg",12.863999999999995,8,0.8,-22.512
CA-2015-SF20965140-42228,2015-08-12 00:00:00,SF-209651402,Sylvia Foulston,Corporate,United States,USCA,Central US,OFF-AR-3443,Office Supplies,Art,BIC Brite Liner Grip Highlighters,9.184000000000001,7,0.2,2.869999999999999
IT-2015-ZC21910104-42243,2015-08-27 00:00:00,ZC-21910104,Zuschuss Carroll,Consumer,Portugal,Europe,Southern Europe,OFF-PA-3996,Office Supplies,Paper,"Eaton Memo Slips, Premium",34.35,5,0.5,-11.100000000000001
US-2015-LR1691582-42220,2015-08-04 00:00:00,LR-1691582,Lena Radford,Consumer,Mexico,LATAM,Central America,OFF-AR-3548,Office Supplies,Art,"Boston Pens, Fluorescent",30.96,3,0,11.760000000000002
MX-2015-VS2182082-42231,2015-08-15 00:00:00,VS-2182082,Vivek Sundaresam,Consumer,Mexico,LATAM,Central America,OFF-FA-3020,Office Supplies,Fasteners,"Advantus Clamps, Assorted Sizes",22.32,2,0,1.7600000000000002
ES-2015-CS1195062-42224,2015-08-08 00:00:00,CS-1195062,Carlos Soltero,Consumer,Ireland,Europe,Northern Europe,OFF-FA-6194,Office Supplies,Fasteners,"Stockwell Push Pins, Assorted Sizes",28.575,5,0.5,-4.125
AU-2015-MK79058-42220,2015-08-04 00:00:00,MK-79058,Michael Kennedy,Corporate,Austria,Europe,Western Europe,OFF-FA-5487,Office Supplies,Fasteners,"OIC Thumb Tacks, Metal",28.379999999999995,2,0,5.64
GG-2015-SJ1021547-42227,2015-08-11 00:00:00,SJ-1021547,Sarah Jordon,Consumer,Georgia,Asia Pacific,Western Asia,OFF-PA-4161,Office Supplies,Paper,"Enermax Memo Slips, Premium",15.660000000000002,1,0,0.30000000000000004
RS-2015-CR2625108-42230,2015-08-14 00:00:00,CR-2625108,Corey Roper,Home Office,Russia,Europe,Eastern Europe,OFF-SU-4306,Office Supplies,Supplies,"Fiskars Box Cutter, Steel",34.92,1,0,11.16
CA-2015-TB21055140-42220,2015-08-04 00:00:00,TB-210551406,Ted Butterfield,Consumer,United States,USCA,Eastern US,OFF-LA-3194,Office Supplies,Labels,Avery 476,16.520000000000003,5,0.2,5.368999999999998
IN-2015-EJ141557-42230,2015-08-14 00:00:00,EJ-141557,Eva Jacobs,Consumer,Australia,Asia Pacific,Oceania,OFF-PA-5870,Office Supplies,Paper,"SanDisk Memo Slips, Premium",61.128,4,0.1,16.247999999999998
TU-2015-JG5805134-42236,2015-08-20 00:00:00,JG-5805134,John Grady,Corporate,Turkey,Asia Pacific,Western Asia,OFF-FA-6204,Office Supplies,Fasteners,"Stockwell Staples, Metal",4.212,1,0.6,-3.4979999999999998
ZA-2015-LO7170147-42245,2015-08-29 00:00:00,LO-7170147,Lori Olson,Corporate,Zimbabwe,Africa,Eastern Africa,OFF-BI-2895,Office Supplies,Binders,"Acco Binder, Clear",4.383000000000001,1,0.7,-5.426999999999998
ID-2015-TP21130130-42221,2015-08-05 00:00:00,TP-21130130,Theone Pippenger,Consumer,Thailand,Asia Pacific,Southeastern Asia,OFF-FA-6208,Office Supplies,Fasteners,"Stockwell Thumb Tacks, Metal",21.7035,3,0.47000000000000003,-5.7464999999999975
US-2015-TS2150536-42218,2015-08-02 00:00:00,TS-2150536,Tony Sayre,Consumer,Dominican Republic,LATAM,Caribbean,OFF-ST-6251,Office Supplies,Storage,"Tenex Folders, Single Width",12.4,1,0.2,-2.34
IT-2015-AS1024045-42229,2015-08-13 00:00:00,AS-1024045,Alan Shonely,Consumer,France,Europe,Western Europe,OFF-LA-3315,Office Supplies,Labels,"Avery Round Labels, Adjustable",15.120000000000001,3,0,2.5200000000000005
AU-2015-MD78608-42243,2015-08-27 00:00:00,MD-78608,Michael Dominguez,Corporate,Austria,Europe,Western Europe,OFF-BI-3247,Office Supplies,Binders,"Avery Binder Covers, Durable",12.569999999999999,1,0,1.62
IN-2015-SS2059059-42236,2015-08-20 00:00:00,SS-2059059,Sonia Sunley,Consumer,Indonesia,Asia Pacific,Southeastern Asia,OFF-FA-3053,Office Supplies,Fasteners,"Advantus Push Pins, 12 Pack",22.037399999999998,3,0.47000000000000003,1.247399999999999
ES-2015-TC21295139-42228,2015-08-12 00:00:00,TC-21295139,Toby Carlisle,Consumer,United Kingdom,Europe,Northern Europe,OFF-LA-4686,Office Supplies,Labels,"Hon Round Labels, Adjustable",18.240000000000002,4,0,6.48
MX-2015-GM1468054-42242,2015-08-26 00:00:00,GM-1468054,Greg Matthias,Consumer,Haiti,LATAM,Caribbean,OFF-LA-4693,Office Supplies,Labels,"Hon Shipping Labels, 5000 Label Set",9.408,2,0.4,0.2879999999999988
ID-2015-BD11620102-42232,2015-08-16 00:00:00,BD-11620102,Brian DeCherney,Consumer,Philippines,Asia Pacific,Southeastern Asia,OFF-PA-3997,Office Supplies,Paper,"Eaton Memo Slips, Recycled",22.522499999999997,3,0.45,2.0025000000000013
IT-2015-DP1300062-42223,2015-08-07 00:00:00,DP-1300062,Darren Powers,Consumer,Ireland,Europe,Northern Europe,OFF-AR-3460,Office Supplies,Art,"BIC Pencil Sharpener, Blue",43.515,3,0.5,-7.875
IN-2015-EJ141557-42230,2015-08-14 00:00:00,EJ-141557,Eva Jacobs,Consumer,Australia,Asia Pacific,Oceania,OFF-BI-6404,Office Supplies,Binders,"Wilson Jones Index Tab, Economy",23.22,4,0.1,6.9
ES-2015-LW16825139-42218,2015-08-02 00:00:00,LW-16825139,Laurel Workman,Corporate,United Kingdom,Europe,Northern Europe,OFF-BI-4830,Office Supplies,Binders,"Ibico Index Tab, Economy",20.82,2,0,7.02
LH-2015-QJ925575-42243,2015-08-27 00:00:00,QJ-925575,Quincy Jones,Corporate,Lithuania,Europe,Northern Europe,OFF-ST-6023,Office Supplies,Storage,"Smead Box, Blue",3.2310000000000003,1,0.7,-7.538999999999999
NI-2015-TB1152095-42223,2015-08-07 00:00:00,TB-1152095,Tracy Blumstein,Consumer,Nigeria,Africa,Western Africa,OFF-SU-4121,Office Supplies,Supplies,"Elite Letter Opener, High Speed",16.02,2,0.7,-14.99999999999999
MX-2015-YS2188031-42244,2015-08-28 00:00:00,YS-2188031,Yana Sorensen,Corporate,Cuba,LATAM,Caribbean,OFF-BI-2895,Office Supplies,Binders,"Acco Binder, Clear",9.74,1,0,3.5
ID-2015-FH14365102-42245,2015-08-29 00:00:00,FH-14365102,Fred Hopkins,Corporate,Philippines,Asia Pacific,Southeastern Asia,OFF-LA-5376,Office Supplies,Labels,"Novimex Color Coded Labels, Alphabetical",20.196000000000005,3,0.45,-9.954
ID-2015-HL15040102-42228,2015-08-12 00:00:00,HL-15040102,Hunter Lopez,Consumer,Philippines,Asia Pacific,Southeastern Asia,OFF-BI-3293,Office Supplies,Binders,"Avery Index Tab, Clear",16.1415,3,0.15000000000000002,6.241499999999999
TZ-2015-JS5940129-42235,2015-08-19 00:00:00,JS-5940129,Joni Sundaresam,Home Office,Tanzania,Africa,Eastern Africa,OFF-ST-4262,Office Supplies,Storage,"Fellowes Folders, Industrial",24.191999999999997,1,0.1,3.492
MX-2015-NC1853555-42217,2015-08-01 00:00:00,NC-1853555,Nick Crebassa,Corporate,Honduras,LATAM,Central America,OFF-EN-5040,Office Supplies,Envelopes,"Kraft Manila Envelope, with clear poly window",12.011999999999999,1,0.4,1.592
CA-2015-TB21355140-42223,2015-08-07 00:00:00,TB-213551402,Todd Boyes,Corporate,United States,USCA,Central US,OFF-PA-2859,Office Supplies,Paper,14-7/8 x 11 Blue Bar Computer Printout Paper,115.296,3,0.2,40.353599999999986
MX-2015-AH1046582-42223,2015-08-07 00:00:00,AH-1046582,Amy Hunt,Consumer,Mexico,LATAM,Central America,OFF-LA-4678,Office Supplies,Labels,"Hon Removable Labels, 5000 Label Set",13.680000000000001,2,0,1.8800000000000001
ES-2015-CC1222045-42244,2015-08-28 00:00:00,CC-1222045,Chris Cortes,Consumer,France,Europe,Western Europe,OFF-AR-5912,Office Supplies,Art,"Sanford Highlighters, Fluorescent",34.019999999999996,2,0,14.28
NI-2015-FM429095-42218,2015-08-02 00:00:00,FM-429095,Frank Merwin,Home Office,Nigeria,Africa,Western Africa,OFF-AR-3484,Office Supplies,Art,"Binney & Smith Highlighters, Water Color",5.931000000000001,1,0.7,-5.558999999999999
ZA-2015-LO7170147-42245,2015-08-29 00:00:00,LO-7170147,Lori Olson,Corporate,Zimbabwe,Africa,Eastern Africa,OFF-BI-4824,Office Supplies,Binders,"Ibico Hole Reinforcements, Durable",2.5470000000000006,1,0.7,-3.5729999999999995
CA-2015-TP21415140-42234,2015-08-18 00:00:00,TP-214151406,Tom Prescott,Consumer,United States,USCA,Eastern US,FUR-CH-4623,Furniture,Chairs,HON 5400 Series Task Chairs for Big and Tall,4416.174,9,0.3,-630.8820000000001
TU-2015-IM5055134-42237,2015-08-21 00:00:00,IM-5055134,Ionia McGrath,Consumer,Turkey,Asia Pacific,Western Asia,OFF-AR-3490,Office Supplies,Art,"Binney & Smith Markers, Fluorescent",10.14,1,0.6,-8.369999999999997
US-2015-TT21460140-42237,2015-08-21 00:00:00,TT-214601408,Tonja Turnell,Home Office,United States,USCA,Southern US,TEC-PH-5606,Technology,Phones,Plantronics Encore H101 Dual Earpieces Headset,35.96,1,0.2,3.5959999999999983
MX-2015-DO1343536-42224,2015-08-08 00:00:00,DO-1343536,Denny Ordway,Consumer,Dominican Republic,LATAM,Caribbean,FUR-FU-3949,Furniture,Furnishings,"Deflect-O Light Bulb, Erganomic",17.609999999999992,3,0.5,-12.029999999999992
TU-2015-BC1125134-42238,2015-08-22 00:00:00,BC-1125134,Becky Castell,Home Office,Turkey,Asia Pacific,Western Asia,OFF-BI-3290,Office Supplies,Binders,"Avery Hole Reinforcements, Durable",2.3640000000000003,1,0.6,-1.4460000000000002
ES-2015-EH14125139-42230,2015-08-14 00:00:00,EH-14125139,Eugene Hildebrand,Home Office,United Kingdom,Europe,Northern Europe,OFF-ST-6024,Office Supplies,Storage,"Smead Box, Industrial",11.25,1,0,0.8999999999999999
CA-2015-TM21490140-42239,2015-08-23 00:00:00,TM-214901404,Tony Molinari,Consumer,United States,USCA,Western US,FUR-TA-4676,Furniture,Tables,Hon Racetrack Conference Tables,210.008,1,0.2,2.625099999999982
ES-2015-TM21490139-42223,2015-08-07 00:00:00,TM-21490139,Tony Molinari,Consumer,United Kingdom,Europe,Northern Europe,OFF-EN-4435,Office Supplies,Envelopes,"GlobeWeis Clasp Envelope, Recycled",26.099999999999998,3,0,6.75
ES-2015-CB1253545-42229,2015-08-13 00:00:00,CB-1253545,Claudia Bergmann,Corporate,France,Europe,Western Europe,OFF-BI-2912,Office Supplies,Binders,"Acco Hole Reinforcements, Clear",18.36,3,0,0.72
ID-2015-VG217907-42219,2015-08-03 00:00:00,VG-217907,Vivek Gonzalez,Consumer,Australia,Asia Pacific,Oceania,OFF-EN-3665,Office Supplies,Envelopes,"Cameo Mailers, Recycled",44.352,2,0.4,-0.04800000000000182
CA-2015-TH21550140-42238,2015-08-22 00:00:00,TH-215501406,Tracy Hopkins,Home Office,United States,USCA,Eastern US,OFF-PA-6437,Office Supplies,Paper,Xerox 1888,277.4,5,0,133.152
CA-2015-TH21550140-42238,2015-08-22 00:00:00,TH-215501406,Tracy Hopkins,Home Office,United States,USCA,Eastern US,FUR-FU-5982,Furniture,Furnishings,"Seth Thomas 12"" Clock w/ Goldtone Case",91.92,4,0,31.2528
CA-2015-TH21550140-42238,2015-08-22 00:00:00,TH-215501406,Tracy Hopkins,Home Office,United States,USCA,Eastern US,FUR-FU-3917,Furniture,Furnishings,"DAX Executive Solid Wood Document Frame, Desktop or Hang, Mahogany, 5 x 7",25.16,2,0,8.554399999999998
ES-2015-FM14215120-42220,2015-08-04 00:00:00,FM-14215120,Filia McAdams,Corporate,Spain,Europe,Southern Europe,OFF-FA-6194,Office Supplies,Fasteners,"Stockwell Push Pins, Assorted Sizes",11.43,1,0,4.89
CG-2015-GZ447033-42220,2015-08-04 00:00:00,GZ-447033,Gary Zandusky,Consumer,Democratic Republic of the Congo,Africa,Central Africa,OFF-LA-4686,Office Supplies,Labels,"Hon Round Labels, Adjustable",4.5600000000000005,1,0,1.62
KZ-2015-KC625568-42217,2015-08-01 00:00:00,KC-625568,Karen Carlisle,Corporate,Kazakhstan,Asia Pacific,Central Asia,OFF-BI-3188,Office Supplies,Binders,"Avery 3-Hole Punch, Economy",8.361000000000002,1,0.7,-5.589000000000002
ES-2015-LW16825139-42218,2015-08-02 00:00:00,LW-16825139,Laurel Workman,Corporate,United Kingdom,Europe,Northern Europe,OFF-LA-3298,Office Supplies,Labels,"Avery Legal Exhibit Labels, Adjustable",27.72,3,0,8.549999999999999
ES-2015-MC1727548-42244,2015-08-28 00:00:00,MC-1727548,Marc Crier,Consumer,Germany,Europe,Western Europe,OFF-AR-3466,Office Supplies,Art,"BIC Pens, Fluorescent",15.54,1,0,5.1
TU-2015-AB10060134-42236,2015-08-20 00:00:00,AB-10060134,Adam Bellavance,Home Office,Turkey,Asia Pacific,Western Asia,OFF-PA-4176,Office Supplies,Paper,"Enermax Note Cards, Multicolor",13.056000000000001,1,0.6,-12.744
ID-2015-TP21130130-42221,2015-08-05 00:00:00,TP-21130130,Theone Pippenger,Consumer,Thailand,Asia Pacific,Southeastern Asia,OFF-ST-4250,Office Supplies,Storage,"Fellowes Box, Blue",41.7216,4,0.47000000000000003,1.5215999999999923
MX-2015-PB1910528-42231,2015-08-15 00:00:00,PB-1910528,Peter Bühler,Consumer,Colombia,LATAM,South America,OFF-LA-4542,Office Supplies,Labels,"Harbour Creations Removable Labels, Adjustable",11,2,0,3.72
NI-2015-SP1062095-42230,2015-08-14 00:00:00,SP-1062095,Stefania Perrino,Corporate,Nigeria,Africa,Western Africa,OFF-AR-3459,Office Supplies,Art,"BIC Markers, Water Color",8.883000000000001,1,0.7,-10.376999999999995
MX-2015-TC2129539-42228,2015-08-12 00:00:00,TC-2129539,Toby Carlisle,Consumer,El Salvador,LATAM,Central America,OFF-PA-4468,Office Supplies,Paper,"Green Bar Computer Printout Paper, Premium",59.52,3,0,0.5399999999999999
TU-2015-AR345134-42228,2015-08-12 00:00:00,AR-345134,Alex Russell,Corporate,Turkey,Asia Pacific,Western Asia,OFF-AR-5920,Office Supplies,Art,"Sanford Markers, Water Color",10.572,1,0.6,-13.487999999999996
IT-2015-CL1270045-42225,2015-08-09 00:00:00,CL-1270045,Craig Leslie,Home Office,France,Europe,Western Europe,OFF-BI-4824,Office Supplies,Binders,"Ibico Hole Reinforcements, Durable",42.45,5,0,11.850000000000001
ID-2015-DP1339059-42236,2015-08-20 00:00:00,DP-1339059,Dennis Pardue,Home Office,Indonesia,Asia Pacific,Southeastern Asia,OFF-BI-4823,Office Supplies,Binders,"Ibico Hole Reinforcements, Clear",10.706999999999999,2,0.17,-0.813
ZA-2015-LR7035146-42228,2015-08-12 00:00:00,LR-7035146,Lisa Ryan,Corporate,Zambia,Africa,Eastern Africa,OFF-PA-3986,Office Supplies,Paper,"Eaton Cards & Envelopes, 8.5 x 11",49.32000000000001,1,0,11.82
CA-2015-YS21880140-42235,2015-08-19 00:00:00,YS-218801404,Yana Sorensen,Corporate,United States,USCA,Western US,OFF-BI-4275,Office Supplies,Binders,Fellowes PB300 Plastic Comb Binding Machine,2793.5280000000002,9,0.2,942.8156999999999
CA-2015-YS21880140-42235,2015-08-19 00:00:00,YS-218801404,Yana Sorensen,Corporate,United States,USCA,Western US,OFF-ST-5076,Office Supplies,Storage,Letter Size Cart,1000.0200000000001,7,0,290.0057999999999
CA-2015-YS21880140-42235,2015-08-19 00:00:00,YS-218801404,Yana Sorensen,Corporate,United States,USCA,Western US,FUR-FU-3849,Furniture,Furnishings,"Contract Clock, 14"", Brown",65.94,3,0,22.419600000000003
ES-2015-NM1852045-42221,2015-08-05 00:00:00,NM-1852045,Neoma Murray,Consumer,France,Europe,Western Europe,OFF-LA-3273,Office Supplies,Labels,"Avery File Folder Labels, Alphabetical",17.88,2,0,5.88
IN-2015-DB132707-42221,2015-08-05 00:00:00,DB-132707,Deborah Brumfield,Home Office,Australia,Asia Pacific,Oceania,OFF-BI-3253,Office Supplies,Binders,"Avery Binder, Economy",58.05,5,0.1,19.950000000000003
