Order ID,Order Date,Customer ID,Customer Name,Segment,Country,Market,Region,Product ID,Category,Sub-Category,Product Name,Sales,Quantity,Discount,Profit
ES-2015-PJ1883564-42255,2015-09-08 00:00:00,PJ-1883564,Patrick Jones,Corporate,Italy,Europe,Southern Europe,OFF-AP-4743,Office Supplies,Appliances,"Hoover Stove, Red",7958.58,14,0,3979.0799999999995
MX-2015-VD2167039-42252,2015-09-05 00:00:00,VD-2167039,Valerie Dominguez,Consumer,El Salvador,LATAM,Central America,FUR-TA-4643,Furniture,Tables,"Hon Computer Table, Fully Assembled",2106.496,8,0.2,526.4960000000001
IN-2015-VG2180558-42273,2015-09-26 00:00:00,VG-2180558,Vivek Grady,Corporate,India,Asia Pacific,Southern Asia,FUR-BO-5951,Furniture,Bookcases,"Sauder Classic Bookcase, Traditional",5667.87,13,0,2097.03
IR-2015-TG1164060-42265,2015-09-18 00:00:00,TG-1164060,Trudy Glocke,Consumer,Iran,Asia Pacific,Southern Asia,TEC-CO-3678,Technology,Copiers,"Canon Copy Machine, Color",2108.64,8,0,527.04
US-2015-AS10045140-42252,2015-09-05 00:00:00,AS-100451404,Aaron Smayling,Corporate,United States,USCA,Western US,OFF-BI-3324,Office Supplies,Binders,"Avery Trapezoid Extra Heavy Duty 4"" Binders",88.07400000000001,7,0.7,-58.71599999999998
MX-2015-GM1444037-42265,2015-09-18 00:00:00,GM-1444037,Gary McGarr,Consumer,Ecuador,LATAM,South America,TEC-CO-3587,Technology,Copiers,"Brother Copy Machine, Color",1213.18876,7,0.002,508.00876000000005
SO-2015-SM10005116-42265,2015-09-18 00:00:00,SM-10005116,Sally Matthias,Consumer,Somalia,Africa,Eastern Africa,TEC-PH-5839,Technology,Phones,"Samsung Smart Phone, Cordless",3834.000000000001,6,0,268.38
CA-2015-AB10060140-42264,2015-09-17 00:00:00,AB-100601406,Adam Bellavance,Home Office,United States,USCA,Eastern US,OFF-PA-6596,Office Supplies,Paper,Xerox 231,20.736000000000004,4,0.2,7.2576
ES-2015-NF1847548-42248,2015-09-01 00:00:00,NF-1847548,Neil Französisch,Home Office,Germany,Europe,Western Europe,OFF-AP-3581,Office Supplies,Appliances,"Breville Stove, White",1007.4240000000001,2,0.1,134.30399999999997
CA-2015-AH10075140-42273,2015-09-26 00:00:00,AH-100751406,Adam Hart,Corporate,United States,USCA,Eastern US,OFF-SU-3839,Office Supplies,Supplies,Compact Automatic Electric Letter Opener,190.89600000000002,2,0.2,-42.9516
ES-2015-MS17770139-42275,2015-09-28 00:00:00,MS-17770139,Maxwell Schwartz,Consumer,United Kingdom,Europe,Northern Europe,FUR-BO-3626,Furniture,Bookcases,"Bush Classic Bookcase, Pine",2898.21,7,0,1420.02
IN-2015-GB145307-42260,2015-09-13 00:00:00,GB-145307,George Bell,Corporate,Australia,Asia Pacific,Oceania,TEC-CO-4593,Technology,Copiers,"Hewlett Wireless Fax, Laser",4448.223,13,0.1,444.4830000000002
CA-2015-AH10075140-42273,2015-09-26 00:00:00,AH-100751406,Adam Hart,Corporate,United States,USCA,Eastern US,OFF-BI-3301,Office Supplies,Binders,Avery Metallic Poly Binders,8.595000000000002,5,0.7,-6.303000000000001
MX-2015-CS1246093-42259,2015-09-12 00:00:00,CS-1246093,Chuck Sachs,Consumer,Nicaragua,LATAM,Central America,TEC-PH-5354,Technology,Phones,"Nokia Smart Phone, Cordless",2120.5,5,0,106
CA-2015-AS10090140-42264,2015-09-17 00:00:00,AS-100901406,Adam Shillingsburg,Consumer,United States,USCA,Eastern US,OFF-BI-4343,Office Supplies,Binders,GBC DocuBind TL300 Electric Binding System,538.1940000000001,2,0.7,-412.6153999999999
MX-2015-RB1979518-42258,2015-09-11 00:00:00,RB-1979518,Ross Baird,Home Office,Brazil,LATAM,South America,FUR-TA-3763,Furniture,Tables,"Chromcraft Conference Table, Adjustable Height",2332.96,5,0.2,349.86
CA-2015-AS10090140-42264,2015-09-17 00:00:00,AS-100901406,Adam Shillingsburg,Consumer,United States,USCA,Eastern US,TEC-AC-5138,Technology,Accessories,Logitech Trackman Marble Mouse,71.976,3,0.2,19.793400000000005
CA-2015-AS10090140-42264,2015-09-17 00:00:00,AS-100901406,Adam Shillingsburg,Consumer,United States,USCA,Eastern US,TEC-AC-5094,Technology,Accessories,Logitech 910-002974 M325 Wireless Mouse for Web Scrolling,47.984,2,0.2,14.395200000000004
IN-2015-NL1831092-42266,2015-09-19 00:00:00,NL-1831092,Nancy Lomonaco,Home Office,New Zealand,Asia Pacific,Oceania,OFF-ST-6046,Office Supplies,Storage,"Smead Lockers, Blue",1190.52,6,0,178.56
ES-2015-NF1847548-42248,2015-09-01 00:00:00,NF-1847548,Neil Französisch,Home Office,Germany,Europe,Western Europe,TEC-CO-3595,Technology,Copiers,"Brother Fax Machine, Color",1599.9,5,0,719.85
MX-2015-CS1246093-42259,2015-09-12 00:00:00,CS-1246093,Chuck Sachs,Consumer,Nicaragua,LATAM,Central America,TEC-PH-5841,Technology,Phones,"Samsung Smart Phone, VoIP",848.32,2,0,110.28
CA-2015-AS10090140-42264,2015-09-17 00:00:00,AS-100901406,Adam Shillingsburg,Consumer,United States,USCA,Eastern US,FUR-FU-4050,Furniture,Furnishings,"Eldon Expressions Punched Metal & Wood Desk Accessories, Black & Cherry",22.512000000000004,3,0.2,2.2512
IN-2015-BP11290113-42269,2015-09-22 00:00:00,BP-11290113,Beth Paige,Consumer,Singapore,Asia Pacific,Southeastern Asia,TEC-CO-4588,Technology,Copiers,"Hewlett Personal Copier, High-Speed",1282.2299999999998,9,0,12.69
CA-2015-AS10090140-42264,2015-09-17 00:00:00,AS-100901406,Adam Shillingsburg,Consumer,United States,USCA,Eastern US,OFF-BI-3473,Office Supplies,Binders,Binder Posts,3.444000000000001,2,0.7,-2.7551999999999994
ES-2015-LD1685545-42265,2015-09-18 00:00:00,LD-1685545,Lela Donovan,Corporate,France,Europe,Western Europe,FUR-BO-3639,Furniture,Bookcases,"Bush Library with Doors, Metal",1637.0100000000002,5,0.1,90.80999999999995
ID-2015-KM16720102-42255,2015-09-08 00:00:00,KM-16720102,Kunst Miller,Consumer,Philippines,Asia Pacific,Southeastern Asia,FUR-BO-3626,Furniture,Bookcases,"Bush Classic Bookcase, Pine",2152.956,8,0.35,198.6360000000002
IN-2015-CS121307-42266,2015-09-19 00:00:00,CS-121307,Chad Sievert,Consumer,Australia,Asia Pacific,Oceania,FUR-BO-5761,Furniture,Bookcases,"Safco Classic Bookcase, Mobile",1586.4119999999998,4,0.1,17.531999999999982
CA-2015-AB10105140-42267,2015-09-20 00:00:00,AB-101051404,Adrian Barton,Consumer,United States,USCA,Western US,TEC-PH-5625,Technology,Phones,Polycom VoiceStation 500 Conference phone,471.92,2,0.2,29.49500000000002
CA-2015-AB10105140-42267,2015-09-20 00:00:00,AB-101051404,Adrian Barton,Consumer,United States,USCA,Western US,TEC-AC-6076,Technology,Accessories,Sony Micro Vault Click 16 GB USB 2.0 Flash Drive,89.584,2,0.2,4.479200000000006
MX-2015-JB1540051-42263,2015-09-16 00:00:00,JB-1540051,Jennifer Braxton,Corporate,Guatemala,LATAM,Central America,TEC-CO-4592,Technology,Copiers,"Hewlett Wireless Fax, High-Speed",1258.7774,5,0.002,375.77739999999994
MX-2015-SF2020039-42255,2015-09-08 00:00:00,SF-2020039,Sarah Foster,Consumer,El Salvador,LATAM,Central America,TEC-PH-5355,Technology,Phones,"Nokia Smart Phone, Full Size",1274.7000000000003,3,0,293.16
CA-2015-AB10105140-42267,2015-09-20 00:00:00,AB-101051404,Adrian Barton,Consumer,United States,USCA,Western US,OFF-BI-5614,Office Supplies,Binders,Plastic Binding Combs,18.180000000000003,4,0.7,-13.938000000000002
MX-2015-CS1246093-42259,2015-09-12 00:00:00,CS-1246093,Chuck Sachs,Consumer,Nicaragua,LATAM,Central America,FUR-BO-5940,Furniture,Bookcases,"Sauder 3-Shelf Cabinet, Metal",664.56,6,0,6.6
CA-2015-AB10105140-42267,2015-09-20 00:00:00,AB-101051404,Adrian Barton,Consumer,United States,USCA,Western US,OFF-ST-3078,Office Supplies,Storage,Akro Stacking Bins,12.624,2,0.2,-2.524800000000002
IN-2015-NL1831092-42266,2015-09-19 00:00:00,NL-1831092,Nancy Lomonaco,Home Office,New Zealand,Asia Pacific,Oceania,TEC-CO-3706,Technology,Copiers,"Canon Personal Copier, Laser",856.44,6,0,222.66
ES-2015-NF1847548-42248,2015-09-01 00:00:00,NF-1847548,Neil Französisch,Home Office,Germany,Europe,Western Europe,TEC-CO-4574,Technology,Copiers,"Hewlett Fax and Copier, Laser",1350.0900000000001,7,0,256.41
CA-2015-AB10150140-42252,2015-09-05 00:00:00,AB-101501406,Aimee Bixby,Consumer,United States,USCA,Eastern US,TEC-AC-6341,Technology,Accessories,"Verbatim 25 GB 6x Blu-ray Single Layer Recordable Disc, 25/Pack",91.96,4,0,39.5428
IN-2015-HR14770102-42270,2015-09-23 00:00:00,HR-14770102,Hallie Redmond,Home Office,Philippines,Asia Pacific,Southeastern Asia,FUR-CH-4531,Furniture,Chairs,"Harbour Creations Executive Leather Armchair, Black",2841.6599999999994,8,0.25,189.42000000000007
IN-2015-PB192107-42248,2015-09-01 00:00:00,PB-192107,Phillip Breyer,Corporate,Australia,Asia Pacific,Oceania,OFF-AP-4738,Office Supplies,Appliances,"Hoover Refrigerator, White",1887.84,4,0.1,0
IN-2015-MR175457-42263,2015-09-16 00:00:00,MR-175457,Mathew Reese,Home Office,Australia,Asia Pacific,Oceania,FUR-CH-4656,Furniture,Chairs,"Hon Executive Leather Armchair, Red",1837.5599999999995,4,0,275.52
CA-2015-AB10165140-42263,2015-09-16 00:00:00,AB-101651408,Alan Barnes,Consumer,United States,USCA,Southern US,OFF-PA-6443,Office Supplies,Paper,Xerox 1893,163.96,5,0.2,59.4355
ES-2015-HD1478548-42271,2015-09-24 00:00:00,HD-1478548,Harold Dahlen,Home Office,Germany,Europe,Western Europe,FUR-BO-3903,Furniture,Bookcases,"Dania Library with Doors, Pine",1964.25,6,0.1,21.689999999999998
ES-2015-ME1732064-42253,2015-09-06 00:00:00,ME-1732064,Maria Etezadi,Home Office,Italy,Europe,Southern Europe,FUR-BO-5951,Furniture,Bookcases,"Sauder Classic Bookcase, Traditional",1307.97,3,0,536.22
IT-2015-SW2027564-42277,2015-09-30 00:00:00,SW-2027564,Scott Williamson,Consumer,Italy,Europe,Southern Europe,TEC-PH-5841,Technology,Phones,"Samsung Smart Phone, VoIP",1145.232,3,0.4,-706.248
IN-2015-VG2180558-42273,2015-09-26 00:00:00,VG-2180558,Vivek Grady,Corporate,India,Asia Pacific,Southern Asia,FUR-BO-3889,Furniture,Bookcases,"Dania Classic Bookcase, Metal",2871.54,7,0,57.33
ES-2015-BG1103564-42251,2015-09-04 00:00:00,BG-1103564,Barry Gonzalez,Consumer,Italy,Europe,Southern Europe,FUR-BO-4861,Furniture,Bookcases,"Ikea Library with Doors, Mobile",2927.2799999999997,8,0,146.16
IT-2015-MC1784545-42249,2015-09-02 00:00:00,MC-1784545,Michael Chen,Consumer,France,Europe,Western Europe,OFF-ST-4078,Office Supplies,Storage,"Eldon Lockers, Blue",1068.714,6,0.1,-0.12600000000000477
EZ-2015-AG27032-42249,2015-09-02 00:00:00,AG-27032,Alejandro Grove,Consumer,Czech Republic,Europe,Eastern Europe,FUR-CH-4655,Furniture,Chairs,"Hon Executive Leather Armchair, Black",457.1399999999999,1,0,169.14000000000001
IT-2015-FM1421545-42271,2015-09-24 00:00:00,FM-1421545,Filia McAdams,Corporate,France,Europe,Western Europe,OFF-AP-3570,Office Supplies,Appliances,"Breville Microwave, Black",1355.13,5,0.1,-60.269999999999996
CA-2015-AH10210140-42250,2015-09-03 00:00:00,AH-102101408,Alan Hwang,Consumer,United States,USCA,Southern US,OFF-BI-4338,Office Supplies,Binders,GBC DocuBind 300 Electric Binding Machine,1577.94,3,0,757.4112
ES-2015-LW1682545-42258,2015-09-11 00:00:00,LW-1682545,Laurel Workman,Corporate,France,Europe,Western Europe,FUR-TA-3350,Furniture,Tables,"Barricks Round Table, Rectangular",1622.0100000000002,5,0.35,-623.94
MO-2015-PO919586-42264,2015-09-17 00:00:00,PO-919586,Phillina Ober,Home Office,Morocco,Africa,North Africa,TEC-CO-3707,Technology,Copiers,"Canon Wireless Fax, Color",2280.6000000000004,6,0,136.79999999999998
ES-2015-KB1658548-42276,2015-09-29 00:00:00,KB-1658548,Ken Black,Corporate,Germany,Europe,Western Europe,TEC-MA-4207,Technology,Machines,"Epson Printer, White",2088.2400000000002,8,0,83.52
CA-2015-AS10225140-42265,2015-09-18 00:00:00,AS-102251404,Alan Schoenberger,Corporate,United States,USCA,Western US,FUR-BO-4391,Furniture,Bookcases,"Global Adaptabilites Bookcase, Cherry/Storm Gray Finish",1292.94,3,0,77.57639999999992
MX-2015-JE1574531-42255,2015-09-08 00:00:00,JE-1574531,Joel Eaton,Consumer,Cuba,LATAM,Caribbean,FUR-TA-3357,Furniture,Tables,"Barricks Wood Table, Fully Assembled",2419.2,7,0,411.18
CA-2015-AS10225140-42265,2015-09-18 00:00:00,AS-102251404,Alan Schoenberger,Corporate,United States,USCA,Western US,OFF-PA-4465,Office Supplies,Paper,Green Bar Computer Printout Paper,164.88,3,0,80.7912
CA-2015-AS10225140-42265,2015-09-18 00:00:00,AS-102251404,Alan Schoenberger,Corporate,United States,USCA,Western US,OFF-ST-5239,Office Supplies,Storage,"Mini 13-1/2 Capacity Data Binder Rack, Pearl",261.74,2,0,65.435
CA-2015-AS10225140-42265,2015-09-18 00:00:00,AS-102251404,Alan Schoenberger,Corporate,United States,USCA,Western US,OFF-BI-4356,Office Supplies,Binders,"GBC Pre-Punched Binding Paper, Plastic, White, 8-1/2"" x 11""",25.584000000000003,2,0.2,8.9544
MX-2015-CM1193531-42264,2015-09-17 00:00:00,CM-1193531,Carlos Meador,Consumer,Cuba,LATAM,Caribbean,OFF-AP-4505,Office Supplies,Appliances,"Hamilton Beach Stove, Black",722.36,2,0,50.56000000000001
CA-2015-AS10225140-42265,2015-09-18 00:00:00,AS-102251404,Alan Schoenberger,Corporate,United States,USCA,Western US,OFF-BI-2925,Office Supplies,Binders,"Acco Pressboard Covers with Storage Hooks, 14 7/8"" x 11"", Light Blue",11.784,3,0.2,4.271699999999999
CA-2015-AS10225140-42265,2015-09-18 00:00:00,AS-102251404,Alan Schoenberger,Corporate,United States,USCA,Western US,OFF-BI-3302,Office Supplies,Binders,Avery Non-Stick Binders,10.776000000000002,3,0.2,3.502199999999999
CA-2015-AS10225140-42265,2015-09-18 00:00:00,AS-102251404,Alan Schoenberger,Corporate,United States,USCA,Western US,OFF-LA-3236,Office Supplies,Labels,Avery 514,14.399999999999999,5,0,7.056
ES-2015-AW10930139-42251,2015-09-04 00:00:00,AW-10930139,Arthur Wiediger,Home Office,United Kingdom,Europe,Northern Europe,FUR-BO-5745,Furniture,Bookcases,"Safco 3-Shelf Cabinet, Metal",2019.6000000000001,12,0,706.6800000000001
IN-2015-JD161507-42251,2015-09-04 00:00:00,JD-161507,Justin Deggeller,Corporate,Australia,Asia Pacific,Oceania,FUR-CH-4532,Furniture,Chairs,"Harbour Creations Executive Leather Armchair, Red",1284.822,3,0.1,199.78200000000004
MX-2015-KE1642031-42252,2015-09-05 00:00:00,KE-1642031,Katrina Edelman,Corporate,Cuba,LATAM,Caribbean,TEC-CO-4586,Technology,Copiers,"Hewlett Personal Copier, Color",775.56576,8,0.002,83.88575999999999
ES-2015-SJ202158-42269,2015-09-22 00:00:00,SJ-202158,Sarah Jordon,Consumer,Austria,Europe,Western Europe,OFF-AR-3449,Office Supplies,Art,"BIC Canvas, Fluorescent",439.68,8,0,153.84
ES-2015-JH1582045-42256,2015-09-09 00:00:00,JH-1582045,John Huston,Consumer,France,Europe,Western Europe,TEC-CO-4568,Technology,Copiers,"Hewlett Copy Machine, Color",676.0304999999998,3,0.15,151.06050000000005
MX-2015-NC1862531-42262,2015-09-15 00:00:00,NC-1862531,Noah Childs,Corporate,Cuba,LATAM,Caribbean,TEC-PH-5268,Technology,Phones,"Motorola Smart Phone, Full Size",858.64,2,0,171.72
ES-2015-KM1637548-42259,2015-09-12 00:00:00,KM-1637548,Katherine Murray,Home Office,Germany,Europe,Western Europe,TEC-MA-5547,Technology,Machines,"Panasonic Inkjet, Red",927.72,3,0,259.74
IT-2015-KB1640562-42274,2015-09-27 00:00:00,KB-1640562,Katrina Bavinger,Home Office,Ireland,Europe,Northern Europe,OFF-AP-4733,Office Supplies,Appliances,"Hoover Microwave, White",766.9499999999999,5,0.5,-352.79999999999995
IN-2015-EM14200102-42250,2015-09-03 00:00:00,EM-14200102,Evan Minnotte,Home Office,Philippines,Asia Pacific,Southeastern Asia,FUR-CH-5442,Furniture,Chairs,"Office Star Executive Leather Armchair, Black",2804.58,8,0.25,822.6600000000001
IN-2015-BE1133527-42276,2015-09-29 00:00:00,BE-1133527,Bill Eplett,Home Office,China,Asia Pacific,Eastern Asia,TEC-CO-4770,Technology,Copiers,"HP Fax and Copier, Digital",2415.42,14,0,1134.8400000000001
IR-2015-JF529560-42260,2015-09-13 00:00:00,JF-529560,Jason Fortune-,Consumer,Iran,Asia Pacific,Southern Asia,TEC-CO-6008,Technology,Copiers,"Sharp Personal Copier, Laser",960,8,0,57.599999999999994
MO-2015-PO919586-42264,2015-09-17 00:00:00,PO-919586,Phillina Ober,Home Office,Morocco,Africa,North Africa,FUR-TA-5060,Furniture,Tables,"Lesro Conference Table, with Bottom Storage",1715.1599999999999,2,0,377.28000000000003
CA-2015-AG10300140-42251,2015-09-04 00:00:00,AG-103001404,Aleksandra Gannaway,Corporate,United States,USCA,Western US,OFF-AR-5639,Office Supplies,Art,"Premium Writing Pencils, Soft, #2 by Central Association for the Blind",5.96,2,0,1.6688
TZ-2015-TT11220129-42252,2015-09-05 00:00:00,TT-11220129,Thomas Thornton,Consumer,Tanzania,Africa,Eastern Africa,OFF-AP-4960,Office Supplies,Appliances,"KitchenAid Refrigerator, Black",1054.74,2,0,379.68
MX-2015-GM1444037-42265,2015-09-18 00:00:00,GM-1444037,Gary McGarr,Consumer,Ecuador,LATAM,South America,TEC-CO-3588,Technology,Copiers,"Brother Copy Machine, High-Speed",698.04112,4,0.002,131.48111999999998
CA-2015-AR10345140-42256,2015-09-09 00:00:00,AR-103451402,Alex Russell,Corporate,United States,USCA,Central US,TEC-AC-5198,Technology,Accessories,Memorex Froggy Flash Drive 8 GB,85.2,6,0.2,20.234999999999996
CA-2015-AR10345140-42258,2015-09-11 00:00:00,AR-103451406,Alex Russell,Corporate,United States,USCA,Eastern US,OFF-AR-4010,Office Supplies,Art,"Eberhard Faber 3 1/2"" Golf Pencils",14.88,2,0,3.7200000000000006
ES-2015-MF1825045-42249,2015-09-02 00:00:00,MF-1825045,Monica Federle,Corporate,France,Europe,Western Europe,FUR-BO-5785,Furniture,Bookcases,"Safco Library with Doors, Metal",2452.275,7,0.1,190.57500000000005
MX-2015-MA1756037-42266,2015-09-19 00:00:00,MA-1756037,Matt Abelman,Home Office,Ecuador,LATAM,South America,TEC-CO-4766,Technology,Copiers,"HP Copy Machine, High-Speed",972.8104799999999,6,0.002,36.930479999999996
IN-2015-RF1984058-42273,2015-09-26 00:00:00,RF-1984058,Roy Französisch,Consumer,India,Asia Pacific,Southern Asia,FUR-CH-5413,Furniture,Chairs,"Novimex Swivel Stool, Red",1315.68,8,0,328.79999999999995
ES-2015-CV12805139-42251,2015-09-04 00:00:00,CV-12805139,Cynthia Voltz,Corporate,United Kingdom,Europe,Northern Europe,TEC-PH-5340,Technology,Phones,"Nokia Headset, Full Size",520.8,7,0,10.29
IT-2015-KC16675139-42263,2015-09-16 00:00:00,KC-16675139,Kimberly Carter,Corporate,United Kingdom,Europe,Northern Europe,OFF-ST-4079,Office Supplies,Storage,"Eldon Lockers, Industrial",1388.73,7,0,680.3999999999999
US-2015-AA10375140-42255,2015-09-08 00:00:00,AA-103751406,Allen Armold,Consumer,United States,USCA,Eastern US,OFF-PA-6461,Office Supplies,Paper,Xerox 191,39.96,2,0,18.7812
US-2015-AA10375140-42255,2015-09-08 00:00:00,AA-103751406,Allen Armold,Consumer,United States,USCA,Eastern US,OFF-PA-3328,Office Supplies,Paper,Avoid Verbal Orders Carbonless Minifold Book,16.9,5,0,7.773999999999999
SI-2015-SM10005115-42252,2015-09-05 00:00:00,SM-10005115,Sally Matthias,Consumer,Slovenia,Europe,Southern Europe,FUR-BO-5780,Furniture,Bookcases,"Safco Floating Shelf Set, Traditional",1180.44,6,0,519.3000000000001
CA-2015-AG10390140-42255,2015-09-08 00:00:00,AG-103901404,Allen Goldenen,Consumer,United States,USCA,Western US,FUR-FU-3830,Furniture,Furnishings,"C-Line Magnetic Cubicle Keepers, Clear Polypropylene",19.76,4,0,8.2992
IT-2015-KB1640562-42274,2015-09-27 00:00:00,KB-1640562,Katrina Bavinger,Home Office,Ireland,Europe,Northern Europe,TEC-CO-5995,Technology,Copiers,"Sharp Fax and Copier, High-Speed",583.8,7,0.5,-443.72999999999996
MX-2015-TB2135518-42270,2015-09-23 00:00:00,TB-2135518,Todd Boyes,Corporate,Brazil,LATAM,South America,FUR-BO-5798,Furniture,Bookcases,"Safco Stackable Bookrack, Pine",601.32,6,0,246.47999999999996
IN-2015-SD2048527-42259,2015-09-12 00:00:00,SD-2048527,Shirley Daniels,Home Office,China,Asia Pacific,Eastern Asia,OFF-ST-5702,Office Supplies,Storage,"Rogers Lockers, Single Width",634.9499999999999,3,0,279.36
IN-2015-SD2048527-42259,2015-09-12 00:00:00,SD-2048527,Shirley Daniels,Home Office,China,Asia Pacific,Eastern Asia,TEC-PH-3133,Technology,Phones,"Apple Headset, Full Size",447.29999999999995,6,0,174.42000000000002
IN-2015-BE1133527-42276,2015-09-29 00:00:00,BE-1133527,Bill Eplett,Home Office,China,Asia Pacific,Eastern Asia,TEC-MA-5018,Technology,Machines,"Konica Receipt Printer, Durable",1468.4400000000003,12,0,381.59999999999997
MX-2015-CS1225093-42269,2015-09-22 00:00:00,CS-1225093,Chris Selesnick,Corporate,Nicaragua,LATAM,Central America,OFF-ST-6047,Office Supplies,Storage,"Smead Lockers, Industrial",928.2,7,0,222.74
ES-2015-MW18220139-42253,2015-09-06 00:00:00,MW-18220139,Mitch Webber,Consumer,United Kingdom,Europe,Northern Europe,TEC-MA-5016,Technology,Machines,"Konica Printer, White",798.7500000000002,3,0,239.57999999999998
ES-2015-HA1490564-42264,2015-09-17 00:00:00,HA-1490564,Helen Abelman,Consumer,Italy,Europe,Southern Europe,TEC-AC-4166,Technology,Accessories,"Enermax Memory Card, USB",802.1999999999999,7,0,120.33000000000001
IN-2015-PS1904558-42272,2015-09-25 00:00:00,PS-1904558,Penelope Sewall,Home Office,India,Asia Pacific,Southern Asia,OFF-ST-6047,Office Supplies,Storage,"Smead Lockers, Industrial",596.6999999999999,3,0,83.51999999999998
IN-2015-LM1706527-42265,2015-09-18 00:00:00,LM-1706527,Liz MacKendrick,Consumer,China,Asia Pacific,Eastern Asia,TEC-CO-4775,Technology,Copiers,"HP Fax Machine, High-Speed",2086.98,7,0,145.95000000000002
ES-2015-JH1582048-42259,2015-09-12 00:00:00,JH-1582048,John Huston,Consumer,Germany,Europe,Western Europe,FUR-BO-5951,Furniture,Bookcases,"Sauder Classic Bookcase, Traditional",1177.173,3,0.1,405.423
SG-2015-AJ945111-42265,2015-09-18 00:00:00,AJ-945111,Ashley Jarboe,Consumer,Burkina Faso,Africa,Western Africa,TEC-CO-5990,Technology,Copiers,"Sharp Copy Machine, Color",1926.7199999999998,8,0,712.8
ES-2015-LO1717048-42255,2015-09-08 00:00:00,LO-1717048,Lori Olson,Corporate,Germany,Europe,Western Europe,TEC-CO-4592,Technology,Copiers,"Hewlett Wireless Fax, High-Speed",1513.56,4,0,741.5999999999999
IN-2015-MC1763566-42264,2015-09-17 00:00:00,MC-1763566,Matthew Clasen,Corporate,Japan,Asia Pacific,Eastern Asia,TEC-CO-3602,Technology,Copiers,"Brother Ink, Laser",1031.1000000000001,7,0,133.98000000000002
ID-2015-MC181007-42252,2015-09-05 00:00:00,MC-181007,Mick Crebagga,Consumer,Australia,Asia Pacific,Oceania,TEC-MA-5572,Technology,Machines,"Panasonic Printer, Red",949.1040000000002,4,0.1,-105.45600000000002
IN-2015-MC1784527-42249,2015-09-02 00:00:00,MC-1784527,Michael Chen,Consumer,China,Asia Pacific,Eastern Asia,TEC-PH-5267,Technology,Phones,"Motorola Smart Phone, Cordless",1285.56,2,0,51.42
ES-2015-CV12805139-42251,2015-09-04 00:00:00,CV-12805139,Cynthia Voltz,Corporate,United Kingdom,Europe,Northern Europe,OFF-ST-4081,Office Supplies,Storage,"Eldon Lockers, Wire Frame",590.9399999999999,3,0,118.17
ES-2015-RA1994548-42249,2015-09-02 00:00:00,RA-1994548,Ryan Akin,Consumer,Germany,Europe,Western Europe,FUR-TA-5057,Furniture,Tables,"Lesro Conference Table, Adjustable Height",1117.701,2,0.35,206.30100000000004
EG-2015-CR273038-42266,2015-09-19 00:00:00,CR-273038,Craig Reiter,Consumer,Egypt,Africa,North Africa,TEC-AC-5205,Technology,Accessories,"Memorex Memory Card, Programmable",415.0799999999999,4,0,58.08
IT-2015-SR2042548-42264,2015-09-17 00:00:00,SR-2042548,Sharelle Roach,Home Office,Germany,Europe,Western Europe,FUR-BO-3891,Furniture,Bookcases,"Dania Classic Bookcase, Pine",1854.495,5,0.1,432.64499999999987
MX-2015-VG2180518-42265,2015-09-18 00:00:00,VG-2180518,Vivek Grady,Corporate,Brazil,LATAM,South America,TEC-PH-5358,Technology,Phones,"Nokia Speaker Phone, Full Size",580.7199999999999,7,0,40.6
IN-2015-GM1445558-42273,2015-09-26 00:00:00,GM-1445558,Gary Mitchum,Home Office,India,Asia Pacific,Southern Asia,FUR-BO-3630,Furniture,Bookcases,"Bush Corner Shelving, Pine",877.38,7,0,394.80000000000007
CA-2015-AC10615140-42250,2015-09-03 00:00:00,AC-106151406,Ann Chong,Corporate,United States,USCA,Eastern US,FUR-CH-4398,Furniture,Chairs,Global Commerce Series High-Back Swivel/Tilt Chairs,1282.41,5,0.1,213.735
CA-2015-AC10615140-42250,2015-09-03 00:00:00,AC-106151406,Ann Chong,Corporate,United States,USCA,Eastern US,FUR-TA-3619,Furniture,Tables,Bush Advantage Collection Racetrack Conference Table,254.52599999999998,1,0.4,-93.3262
CA-2015-AC10615140-42250,2015-09-03 00:00:00,AC-106151406,Ann Chong,Corporate,United States,USCA,Eastern US,TEC-AC-6352,Technology,Accessories,WD My Passport Ultra 2TB Portable External Hard Drive,238,2,0,38.08000000000001
CA-2015-AC10615140-42250,2015-09-03 00:00:00,AC-106151406,Ann Chong,Corporate,United States,USCA,Eastern US,TEC-AC-6076,Technology,Accessories,Sony Micro Vault Click 16 GB USB 2.0 Flash Drive,167.97,3,0,40.31280000000001
IN-2015-SR207407-42276,2015-09-29 00:00:00,SR-207407,Steven Roelle,Home Office,Australia,Asia Pacific,Oceania,TEC-MA-5503,Technology,Machines,"Okidata Inkjet, Wireless",848.0700000000002,3,0.1,310.95
CA-2015-AC10615140-42250,2015-09-03 00:00:00,AC-106151406,Ann Chong,Corporate,United States,USCA,Eastern US,TEC-PH-3812,Technology,Phones,Cisco SPA508G,197.96999999999997,3,0,57.41129999999999
IN-2015-JH1618058-42277,2015-09-30 00:00:00,JH-1618058,Justin Hirsh,Consumer,India,Asia Pacific,Southern Asia,TEC-CO-4792,Technology,Copiers,"HP Wireless Fax, Laser",720.4200000000001,2,0,201.66
CA-2015-AC10615140-42250,2015-09-03 00:00:00,AC-106151406,Ann Chong,Corporate,United States,USCA,Eastern US,OFF-AR-5302,Office Supplies,Art,Newell 324,23.1,2,0,6.468
CA-2015-AC10615140-42250,2015-09-03 00:00:00,AC-106151406,Ann Chong,Corporate,United States,USCA,Eastern US,OFF-BI-2937,Office Supplies,Binders,"ACCOHIDE 3-Ring Binder, Blue, 1""",26.432000000000002,8,0.2,8.9208
CA-2015-AC10615140-42250,2015-09-03 00:00:00,AC-106151406,Ann Chong,Corporate,United States,USCA,Eastern US,OFF-PA-6518,Office Supplies,Paper,Xerox 1962,17.12,4,0,7.703999999999999
CA-2015-AC10615140-42250,2015-09-03 00:00:00,AC-106151406,Ann Chong,Corporate,United States,USCA,Eastern US,OFF-AR-3443,Office Supplies,Art,BIC Brite Liner Grip Highlighters,4.92,3,0,2.2139999999999995
CA-2015-AC10615140-42250,2015-09-03 00:00:00,AC-106151406,Ann Chong,Corporate,United States,USCA,Eastern US,FUR-FU-3915,Furniture,Furnishings,DAX Cubicle Frames - 8x10,11.54,2,0,3.4619999999999997
CA-2015-AC10615140-42250,2015-09-03 00:00:00,AC-106151406,Ann Chong,Corporate,United States,USCA,Eastern US,OFF-LA-3240,Office Supplies,Labels,Avery 518,18.9,6,0,9.072
MX-2015-MH1729082-42272,2015-09-25 00:00:00,MH-1729082,Marc Harrigan,Home Office,Mexico,LATAM,Central America,FUR-CH-4654,Furniture,Chairs,"Hon Executive Leather Armchair, Adjustable",735.4079999999999,3,0.2,82.72800000000004
CA-2015-AC10615140-42250,2015-09-03 00:00:00,AC-106151406,Ann Chong,Corporate,United States,USCA,Eastern US,OFF-AP-4247,Office Supplies,Appliances,Fellowes Basic Home/Office Series Surge Protectors,12.98,1,0,3.764199999999999
IN-2015-AP1091558-42258,2015-09-11 00:00:00,AP-1091558,Arthur Prichep,Consumer,India,Asia Pacific,Southern Asia,FUR-CH-5441,Furniture,Chairs,"Office Star Executive Leather Armchair, Adjustable",929.9999999999998,2,0,158.10000000000002
IR-2015-JC538560-42266,2015-09-19 00:00:00,JC-538560,Jenna Caffey,Consumer,Iran,Asia Pacific,Southern Asia,FUR-CH-4656,Furniture,Chairs,"Hon Executive Leather Armchair, Red",918.7799999999997,2,0,0
CA-2015-AS10630140-42277,2015-09-30 00:00:00,AS-106301402,Ann Steele,Home Office,United States,USCA,Central US,TEC-MA-6349,Technology,Machines,Wasp CCD Handheld Bar Code Reader,336.51,3,0.4,44.86799999999997
ZA-2015-DB3615146-42262,2015-09-15 00:00:00,DB-3615146,Doug Bickford,Consumer,Zambia,Africa,Eastern Africa,FUR-BO-4863,Furniture,Bookcases,"Ikea Library with Doors, Traditional",2180.34,6,0,959.22
CA-2015-AS10630140-42277,2015-09-30 00:00:00,AS-106301402,Ann Steele,Home Office,United States,USCA,Central US,OFF-EN-2848,Office Supplies,Envelopes,"#10- 4 1/8"" x 9 1/2"" Recycled Envelopes",27.968000000000004,4,0.2,9.4392
ES-2015-JE15745120-42249,2015-09-02 00:00:00,JE-15745120,Joel Eaton,Consumer,Spain,Europe,Southern Europe,TEC-CO-3703,Technology,Copiers,"Canon Personal Copier, Color",1297.6200000000001,9,0,64.8
CA-2015-AS10630140-42277,2015-09-30 00:00:00,AS-106301402,Ann Steele,Home Office,United States,USCA,Central US,OFF-LA-3219,Office Supplies,Labels,Avery 499,7.968000000000001,2,0.2,2.5896
IN-2015-BS1166558-42250,2015-09-03 00:00:00,BS-1166558,Brian Stugart,Consumer,India,Asia Pacific,Southern Asia,TEC-MA-4203,Technology,Machines,"Epson Phone, White",476.28,6,0,204.66
MX-2015-TA2138582-42272,2015-09-25 00:00:00,TA-2138582,Tom Ashbrook,Home Office,Mexico,LATAM,Central America,TEC-CO-4592,Technology,Copiers,"Hewlett Wireless Fax, High-Speed",1258.7774,5,0.002,375.77739999999994
IN-2015-JP154607-42253,2015-09-06 00:00:00,JP-154607,Jennifer Patt,Corporate,Australia,Asia Pacific,Oceania,TEC-AC-4186,Technology,Accessories,"Enermax Router, Erganomic",461.0520000000001,2,0.1,61.452
SU-2015-BD1725122-42253,2015-09-06 00:00:00,BD-1725122,Bruce Degenhardt,Consumer,Sudan,Africa,North Africa,FUR-TA-3765,Furniture,Tables,"Chromcraft Conference Table, Rectangular",870.24,1,0,304.56
ES-2015-JB16000139-42273,2015-09-26 00:00:00,JB-16000139,Joy Bell-,Consumer,United Kingdom,Europe,Northern Europe,TEC-AC-5897,Technology,Accessories,"SanDisk Router, USB",769.6800000000001,3,0,323.18999999999994
IN-2015-SR207407-42276,2015-09-29 00:00:00,SR-207407,Steven Roelle,Home Office,Australia,Asia Pacific,Oceania,FUR-BO-5786,Furniture,Bookcases,"Safco Library with Doors, Mobile",1059.2369999999999,3,0.1,235.377
ES-2015-GW1460545-42262,2015-09-15 00:00:00,GW-1460545,Giulietta Weimer,Consumer,France,Europe,Western Europe,OFF-ST-4266,Office Supplies,Storage,"Fellowes Lockers, Blue",1119.5819999999999,6,0.1,198.88200000000003
ES-2015-AP10720139-42263,2015-09-16 00:00:00,AP-10720139,Anne Pryor,Home Office,United Kingdom,Europe,Northern Europe,TEC-AC-5135,Technology,Accessories,"Logitech Router, Erganomic",1715.91,7,0,308.69999999999993
NI-2015-SV1081595-42252,2015-09-05 00:00:00,SV-1081595,Stuart Van,Corporate,Nigeria,Africa,Western Africa,FUR-TA-3436,Furniture,Tables,"Bevis Training Table, Fully Assembled",605.6100000000001,6,0.7,-1150.83
MX-2015-LB1673518-42273,2015-09-26 00:00:00,LB-1673518,Larry Blacks,Consumer,Brazil,LATAM,South America,TEC-PH-3806,Technology,Phones,"Cisco Smart Phone, Full Size",2171.3,5,0,390.79999999999995
CA-2015-AG10675140-42272,2015-09-25 00:00:00,AG-106751408,Anna Gayman,Consumer,United States,USCA,Southern US,OFF-ST-4255,Office Supplies,Storage,Fellowes Desktop Hanging File Manager,40.29,3,0,10.0725
CA-2015-AG10675140-42272,2015-09-25 00:00:00,AG-106751408,Anna Gayman,Consumer,United States,USCA,Southern US,OFF-BI-3266,Office Supplies,Binders,Avery Durable Poly Binders,38.71,7,0,17.8066
US-2015-AG10675140-42255,2015-09-08 00:00:00,AG-106751402,Anna Gayman,Consumer,United States,USCA,Central US,TEC-AC-5713,Technology,Accessories,Rosewill 107 Normal Keys USB Wired Standard Keyboard,13.48,1,0,1.8872
IN-2015-PF1912092-42276,2015-09-29 00:00:00,PF-1912092,Peter Fuller,Consumer,New Zealand,Asia Pacific,Oceania,TEC-MA-5007,Technology,Machines,"Konica Inkjet, White",1242.3600000000001,4,0,285.71999999999997
IZ-2015-Dl360061-42258,2015-09-11 00:00:00,Dl-360061,Dorris liebe,Corporate,Iraq,Asia Pacific,Western Asia,TEC-PH-5842,Technology,Phones,"Samsung Smart Phone, with Caller ID",636.1500000000001,1,0,311.70000000000005
IN-2015-LS1723078-42251,2015-09-04 00:00:00,LS-1723078,Lycoris Saunders,Consumer,Malaysia,Asia Pacific,Southeastern Asia,OFF-ST-6262,Office Supplies,Storage,"Tenex Lockers, Industrial",613.89,3,0,153.45000000000002
IN-2015-DP131057-42271,2015-09-24 00:00:00,DP-131057,Dave Poirier,Corporate,Australia,Asia Pacific,Oceania,FUR-FU-4067,Furniture,Furnishings,"Eldon Frame, Erganomic",620.298,6,0.1,20.537999999999997
ES-2015-AR1082545-42270,2015-09-23 00:00:00,AR-1082545,Anthony Rawles,Corporate,France,Europe,Western Europe,FUR-FU-3942,Furniture,Furnishings,"Deflect-O Frame, Durable",749.4900000000001,7,0,307.23
IN-2015-SC2005027-42270,2015-09-23 00:00:00,SC-2005027,Sample Company A,Home Office,China,Asia Pacific,Eastern Asia,FUR-TA-3772,Furniture,Tables,"Chromcraft Round Table, with Bottom Storage",980.9099999999999,3,0.3,210.14999999999998
MX-2015-PK1891093-42256,2015-09-09 00:00:00,PK-1891093,Paul Knutson,Home Office,Nicaragua,LATAM,Central America,FUR-BO-5746,Furniture,Bookcases,"Safco 3-Shelf Cabinet, Mobile",685.44,6,0,280.91999999999996
MX-2015-CG1252031-42269,2015-09-22 00:00:00,CG-1252031,Claire Gute,Consumer,Cuba,LATAM,Caribbean,TEC-PH-3130,Technology,Phones,"Apple Audio Dock, with Caller ID",333.78,3,0,83.4
IT-2015-TP2113091-42255,2015-09-08 00:00:00,TP-2113091,Theone Pippenger,Consumer,Netherlands,Europe,Western Europe,FUR-BO-5962,Furniture,Bookcases,"Sauder Floating Shelf Set, Traditional",875.6099999999999,9,0.5,-227.87999999999988
ES-2015-FH1435048-42273,2015-09-26 00:00:00,FH-1435048,Fred Harton,Consumer,Germany,Europe,Western Europe,FUR-CH-4684,Furniture,Chairs,"Hon Rocking Chair, Set of Two",956.6640000000001,8,0.1,201.86399999999998
IN-2015-MA1799527-42250,2015-09-03 00:00:00,MA-1799527,Michelle Arnett,Home Office,China,Asia Pacific,Eastern Asia,FUR-BO-5787,Furniture,Bookcases,"Safco Library with Doors, Pine",1173.42,3,0,129.06
ES-2015-FH1427545-42266,2015-09-19 00:00:00,FH-1427545,Frank Hawley,Corporate,France,Europe,Western Europe,OFF-ST-6264,Office Supplies,Storage,"Tenex Lockers, Wire Frame",548.694,3,0.1,127.944
ES-2015-LD1685545-42265,2015-09-18 00:00:00,LD-1685545,Lela Donovan,Corporate,France,Europe,Western Europe,OFF-AP-4959,Office Supplies,Appliances,"KitchenAid Microwave, White",555.228,2,0.1,141.88799999999998
MX-2015-EL1373582-42264,2015-09-17 00:00:00,EL-1373582,Ed Ludwig,Home Office,Mexico,LATAM,Central America,OFF-ST-6261,Office Supplies,Storage,"Tenex Lockers, Blue",408.3,3,0,44.879999999999995
MX-2015-HG1484539-42260,2015-09-13 00:00:00,HG-1484539,Harry Greene,Consumer,El Salvador,LATAM,Central America,FUR-CH-4702,Furniture,Chairs,"Hon Swivel Stool, Black",1074.8000000000002,10,0,290
IN-2015-DB135557-42249,2015-09-02 00:00:00,DB-135557,Dorothy Badders,Corporate,Australia,Asia Pacific,Oceania,FUR-CH-4531,Furniture,Chairs,"Harbour Creations Executive Leather Armchair, Black",852.4979999999998,2,0.1,189.438
SG-2015-AJ945111-42265,2015-09-18 00:00:00,AJ-945111,Ashley Jarboe,Consumer,Burkina Faso,Africa,Western Africa,FUR-TA-3420,Furniture,Tables,"Bevis Conference Table, Fully Assembled",925.2299999999999,1,0,305.31
ID-2015-MC18100102-42265,2015-09-18 00:00:00,MC-18100102,Mick Crebagga,Consumer,Philippines,Asia Pacific,Southeastern Asia,TEC-MA-4206,Technology,Machines,"Epson Printer, Red",389.655,2,0.25,-83.14499999999998
IN-2015-SV2081527-42258,2015-09-11 00:00:00,SV-2081527,Stuart Van,Corporate,China,Asia Pacific,Eastern Asia,OFF-ST-4078,Office Supplies,Storage,"Eldon Lockers, Blue",1781.19,9,0,35.370000000000005
IN-2015-JL1583527-42258,2015-09-11 00:00:00,JL-1583527,John Lee,Consumer,China,Asia Pacific,Eastern Asia,FUR-CH-5794,Furniture,Chairs,"SAFCO Rocking Chair, Black",397.44000000000005,3,0,15.84
MX-2015-MD1735082-42276,2015-09-29 00:00:00,MD-1735082,Maribeth Dona,Consumer,Mexico,LATAM,Central America,TEC-PH-5355,Technology,Phones,"Nokia Smart Phone, Full Size",1274.7000000000003,3,0,293.16
IT-2015-MG17890139-42252,2015-09-05 00:00:00,MG-17890139,Michael Granlund,Home Office,United Kingdom,Europe,Northern Europe,TEC-PH-3807,Technology,Phones,"Cisco Smart Phone, with Caller ID",327.12,1,0.5,-39.26999999999998
ES-2015-MW18220139-42253,2015-09-06 00:00:00,MW-18220139,Mitch Webber,Consumer,United Kingdom,Europe,Northern Europe,FUR-BO-3890,Furniture,Bookcases,"Dania Classic Bookcase, Mobile",1239.84,3,0,223.11
ES-2015-KB1658548-42276,2015-09-29 00:00:00,KB-1658548,Ken Black,Corporate,Germany,Europe,Western Europe,TEC-CO-5999,Technology,Copiers,"Sharp Fax Machine, High-Speed",881.55,3,0,185.03999999999996
IN-2015-DL1333066-42258,2015-09-11 00:00:00,DL-1333066,Denise Leinenbach,Consumer,Japan,Asia Pacific,Eastern Asia,FUR-BO-4862,Furniture,Bookcases,"Ikea Library with Doors, Pine",1094.22,3,0,328.23
ES-2015-MG1787545-42258,2015-09-11 00:00:00,MG-1787545,Michael Grace,Home Office,France,Europe,Western Europe,TEC-CO-5991,Technology,Copiers,"Sharp Copy Machine, High-Speed",406.97999999999996,2,0.15,138.84
IN-2015-AW1084027-42251,2015-09-04 00:00:00,AW-1084027,Anthony Witt,Consumer,China,Asia Pacific,Eastern Asia,TEC-MA-5003,Technology,Machines,"Konica Card Printer, Red",1378.5600000000002,8,0,441.12
US-2015-BF1127598-42274,2015-09-27 00:00:00,BF-1127598,Beth Fritzler,Corporate,Panama,LATAM,Central America,FUR-BO-3890,Furniture,Bookcases,"Dania Classic Bookcase, Mobile",826.5599999999998,5,0.4,-303.1399999999999
ES-2015-BF1117064-42263,2015-09-16 00:00:00,BF-1117064,Ben Ferrer,Home Office,Italy,Europe,Southern Europe,TEC-CO-4765,Technology,Copiers,"HP Copy Machine, Color",1209.4499999999998,5,0,241.8
RO-2015-NM8445107-42258,2015-09-11 00:00:00,NM-8445107,Nathan Mautz,Home Office,Romania,Europe,Eastern Europe,OFF-ST-4266,Office Supplies,Storage,"Fellowes Lockers, Blue",829.3199999999999,4,0,215.52
MX-2015-MY1738082-42252,2015-09-05 00:00:00,MY-1738082,Maribeth Yedwab,Corporate,Mexico,LATAM,Central America,TEC-CO-4790,Technology,Copiers,"HP Wireless Fax, Digital",478.84039999999993,2,0.002,195.7204
IR-2015-JF535560-42273,2015-09-26 00:00:00,JF-535560,Jay Fein,Consumer,Iran,Asia Pacific,Southern Asia,OFF-AP-3571,Office Supplies,Appliances,"Breville Microwave, Red",603.42,2,0,54.300000000000004
EG-2015-AC66038-42250,2015-09-03 00:00:00,AC-66038,Anna Chung,Consumer,Egypt,Africa,North Africa,TEC-PH-5268,Technology,Phones,"Motorola Smart Phone, Full Size",642.6899999999999,1,0,244.20000000000002
ES-2015-SW20275139-42249,2015-09-02 00:00:00,SW-20275139,Scott Williamson,Consumer,United Kingdom,Europe,Northern Europe,TEC-AC-3404,Technology,Accessories,"Belkin Router, Programmable",780.75,3,0,343.53000000000003
CA-2015-AW10840140-42250,2015-09-03 00:00:00,AW-108401404,Anthony Witt,Consumer,United States,USCA,Western US,TEC-PH-5518,Technology,Phones,Ooma Telo VoIP Home Phone System,201.584,2,0.2,12.599000000000004
CA-2015-AW10840140-42250,2015-09-03 00:00:00,AW-108401404,Anthony Witt,Consumer,United States,USCA,Western US,OFF-LA-3226,Office Supplies,Labels,Avery 505,74,5,0,37
CA-2015-AW10840140-42250,2015-09-03 00:00:00,AW-108401404,Anthony Witt,Consumer,United States,USCA,Western US,OFF-AR-5458,Office Supplies,Art,"OIC #2 Pencils, Medium Soft",9.399999999999999,5,0,2.7259999999999995
ES-2015-MW18220139-42253,2015-09-06 00:00:00,MW-18220139,Mitch Webber,Consumer,United Kingdom,Europe,Northern Europe,TEC-CO-4767,Technology,Copiers,"HP Copy Machine, Laser",729.99,3,0,364.95
IN-2015-JF154907-42259,2015-09-12 00:00:00,JF-154907,Jeremy Farry,Consumer,Australia,Asia Pacific,Oceania,TEC-CO-4776,Technology,Copiers,"HP Fax Machine, Laser",1079.784,4,0.1,275.904
MX-2015-TA2138526-42272,2015-09-25 00:00:00,TA-2138526,Tom Ashbrook,Home Office,Chile,LATAM,South America,FUR-CH-5807,Furniture,Chairs,"SAFCO Swivel Stool, Red",783.7199999999999,7,0,31.22
CA-2015-AI10855140-42257,2015-09-10 00:00:00,AI-108551404,Arianne Irving,Consumer,United States,USCA,Western US,OFF-PA-6336,Office Supplies,Paper,Unpadded Memo Slips,6.368,2,0.2,2.388
MX-2015-RD1981093-42248,2015-09-01 00:00:00,RD-1981093,Ross DeVincentis,Home Office,Nicaragua,LATAM,Central America,TEC-AC-3390,Technology,Accessories,"Belkin Memory Card, Programmable",465.23999999999995,6,0,213.96000000000004
ES-2015-GW1460545-42262,2015-09-15 00:00:00,GW-1460545,Giulietta Weimer,Consumer,France,Europe,Western Europe,TEC-CO-3592,Technology,Copiers,"Brother Fax and Copier, Digital",1137.2235,7,0.15,-13.576499999999982
MX-2015-BS1166582-42270,2015-09-23 00:00:00,BS-1166582,Brian Stugart,Consumer,Mexico,LATAM,Central America,FUR-BO-3903,Furniture,Bookcases,"Dania Library with Doors, Pine",776,4,0.2,290.96000000000004
IN-2015-DP131057-42271,2015-09-24 00:00:00,DP-131057,Dave Poirier,Corporate,Australia,Asia Pacific,Oceania,TEC-CO-6011,Technology,Copiers,"Sharp Wireless Fax, High-Speed",637.416,2,0.1,127.47599999999998
ES-2015-KD1649545-42255,2015-09-08 00:00:00,KD-1649545,Keith Dawkins,Corporate,France,Europe,Western Europe,TEC-AC-3405,Technology,Accessories,"Belkin Router, USB",776.8800000000001,3,0,365.13
ES-2015-GH14485120-42266,2015-09-19 00:00:00,GH-14485120,Gene Hale,Corporate,Spain,Europe,Southern Europe,TEC-CO-4574,Technology,Copiers,"Hewlett Fax and Copier, Laser",1157.22,6,0,219.78000000000003
ES-2015-MH1762048-42257,2015-09-10 00:00:00,MH-1762048,Matt Hagelstein,Corporate,Germany,Europe,Western Europe,TEC-AC-5224,Technology,Accessories,"Memorex Router, Erganomic",732.0600000000001,3,0,219.59999999999997
IN-2015-LS1723078-42251,2015-09-04 00:00:00,LS-1723078,Lycoris Saunders,Consumer,Malaysia,Asia Pacific,Southeastern Asia,TEC-CO-3606,Technology,Copiers,"Brother Personal Copier, High-Speed",564.36,4,0,242.64
CA-2015-AG10900140-42273,2015-09-26 00:00:00,AG-109001408,Arthur Gainer,Consumer,United States,USCA,Southern US,OFF-ST-6156,Office Supplies,Storage,Steel Personal Filing/Posting Tote,177.54999999999998,5,0,47.938500000000005
CA-2015-AG10900140-42251,2015-09-04 00:00:00,AG-109001402,Arthur Gainer,Consumer,United States,USCA,Central US,FUR-FU-4025,Furniture,Furnishings,Eldon Advantage Foldable Chair Mats for Low Pile Carpets,108.40000000000002,5,0.6,-105.69000000000003
ES-2015-LW1682545-42258,2015-09-11 00:00:00,LW-1682545,Laurel Workman,Corporate,France,Europe,Western Europe,OFF-BI-4818,Office Supplies,Binders,"Ibico Binding Machine, Recycled",258.9,5,0,46.5
IN-2015-SD2048527-42259,2015-09-12 00:00:00,SD-2048527,Shirley Daniels,Home Office,China,Asia Pacific,Eastern Asia,TEC-CO-4791,Technology,Copiers,"HP Wireless Fax, High-Speed",358.40999999999997,1,0,114.69
US-2015-AP10915140-42271,2015-09-24 00:00:00,AP-109151404,Arthur Prichep,Consumer,United States,USCA,Western US,FUR-BO-3177,Furniture,Bookcases,"Atlantic Metals Mobile 5-Shelf Bookcases, Custom Colors",180.58800000000005,2,0.7,-240.78400000000005
US-2015-AP10915140-42271,2015-09-24 00:00:00,AP-109151404,Arthur Prichep,Consumer,United States,USCA,Western US,TEC-AC-3373,Technology,Accessories,Belkin F8E887 USB Wired Ergonomic Keyboard,47.984,2,0.2,0.5997999999999966
CA-2015-AP10915140-42251,2015-09-04 00:00:00,AP-109151408,Arthur Prichep,Consumer,United States,USCA,Southern US,OFF-EN-2849,Office Supplies,Envelopes,"#10- 4 1/8"" x 9 1/2"" Security-Tint Envelopes",24.448,4,0.2,8.8624
US-2015-TZ2144518-42259,2015-09-12 00:00:00,TZ-2144518,Tom Zandusky,Corporate,Brazil,LATAM,South America,FUR-TA-3765,Furniture,Tables,"Chromcraft Conference Table, Rectangular",928.2560000000001,2,0.2,-81.22400000000002
IR-2015-SR1074060-42266,2015-09-19 00:00:00,SR-1074060,Steven Roelle,Home Office,Iran,Asia Pacific,Southern Asia,FUR-TA-3351,Furniture,Tables,"Barricks Round Table, with Bottom Storage",1003.0200000000001,2,0,30.06
ES-2015-EB141108-42267,2015-09-20 00:00:00,EB-141108,Eugene Barchas,Consumer,Austria,Europe,Western Europe,FUR-CH-5808,Furniture,Chairs,"SAFCO Swivel Stool, Set of Two",680.76,4,0,258.6
CA-2015-AW10930140-42248,2015-09-01 00:00:00,AW-109301404,Arthur Wiediger,Home Office,United States,USCA,Western US,TEC-PH-2879,Technology,Phones,Aastra 6757i CT Wireless VoIP phone,689.408,4,0.2,77.55839999999998
CA-2015-AW10930140-42248,2015-09-01 00:00:00,AW-109301404,Arthur Wiediger,Home Office,United States,USCA,Western US,OFF-BI-2935,Office Supplies,Binders,Acco Suede Grain Vinyl Round Ring Binder,6.671999999999999,3,0.2,2.1683999999999997
CA-2015-AJ10945140-42248,2015-09-01 00:00:00,AJ-109451402,Ashley Jarboe,Consumer,United States,USCA,Central US,OFF-AP-6319,Office Supplies,Appliances,Tripp Lite Isotel 8 Ultra 8 Outlet Metal Surge,638.73,9,0,166.0698
IN-2015-LL168407-42252,2015-09-05 00:00:00,LL-168407,Lauren Leatherbury,Consumer,Australia,Asia Pacific,Oceania,FUR-BO-5761,Furniture,Bookcases,"Safco Classic Bookcase, Mobile",793.2059999999999,2,0.1,8.765999999999991
MX-2015-CA1205582-42276,2015-09-29 00:00:00,CA-1205582,Cathy Armstrong,Home Office,Mexico,LATAM,Central America,FUR-CH-4654,Furniture,Chairs,"Hon Executive Leather Armchair, Adjustable",735.4079999999999,3,0.2,82.72800000000004
MX-2015-BM1157518-42258,2015-09-11 00:00:00,BM-1157518,Brendan Murry,Corporate,Brazil,LATAM,South America,FUR-BO-5951,Furniture,Bookcases,"Sauder Classic Bookcase, Traditional",1162.64,4,0,255.76
IN-2015-SW202457-42251,2015-09-04 00:00:00,SW-202457,Scot Wooten,Consumer,Australia,Asia Pacific,Oceania,FUR-BO-3628,Furniture,Bookcases,"Bush Corner Shelving, Metal",444.41999999999996,4,0.1,153.06
PL-2015-MH7455103-42277,2015-09-30 00:00:00,MH-7455103,Mark Hamilton,Consumer,Poland,Europe,Eastern Europe,FUR-TA-3422,Furniture,Tables,"Bevis Conference Table, with Bottom Storage",923.7599999999999,1,0,249.39
ES-2015-PV1898545-42270,2015-09-23 00:00:00,PV-1898545,Paul Van Hugh,Home Office,France,Europe,Western Europe,FUR-BO-3624,Furniture,Bookcases,"Bush Classic Bookcase, Metal",741.852,2,0.1,197.77200000000005
IT-2015-CJ1201045-42266,2015-09-19 00:00:00,CJ-1201045,Caroline Jumper,Consumer,France,Europe,Western Europe,TEC-PH-5815,Technology,Phones,"Samsung Audio Dock, with Caller ID",709.0274999999999,5,0.15,-100.22249999999997
UP-2015-MF8250137-42277,2015-09-30 00:00:00,MF-8250137,Monica Federle,Corporate,Ukraine,Europe,Eastern Europe,OFF-AP-3867,Office Supplies,Appliances,"Cuisinart Microwave, White",276.59999999999997,1,0,30.42
CA-2015-BB10990140-42264,2015-09-17 00:00:00,BB-109901404,Barry Blumstein,Corporate,United States,USCA,Western US,OFF-AR-5309,Office Supplies,Art,Newell 330,5.98,1,0,1.5548000000000002
CA-2015-BB10990140-42264,2015-09-17 00:00:00,BB-109901404,Barry Blumstein,Corporate,United States,USCA,Western US,OFF-PA-3114,Office Supplies,Paper,"Ampad Gold Fibre Wirebound Steno Books, 6"" x 9"", Gregg Ruled",8.82,2,0,4.0572
RS-2015-TS11370108-42253,2015-09-06 00:00:00,TS-11370108,Todd Sumrall,Corporate,Russia,Europe,Eastern Europe,FUR-BO-5960,Furniture,Bookcases,"Sauder Floating Shelf Set, Mobile",788.4000000000001,4,0,291.6
ES-2015-MS17770139-42275,2015-09-28 00:00:00,MS-17770139,Maxwell Schwartz,Consumer,United Kingdom,Europe,Northern Europe,OFF-AR-6105,Office Supplies,Art,"Stanley Canvas, Blue",692.5799999999999,14,0,110.46
ES-2015-AR1082545-42270,2015-09-23 00:00:00,AR-1082545,Anthony Rawles,Corporate,France,Europe,Western Europe,TEC-CO-3683,Technology,Copiers,"Canon Fax and Copier, Digital",486.999,3,0.15,-22.941000000000003
MX-2015-DJ1351018-42250,2015-09-03 00:00:00,DJ-1351018,Don Jones,Corporate,Brazil,LATAM,South America,TEC-CO-3688,Technology,Copiers,"Canon Fax Machine, High-Speed",421.27576,2,0.002,58.23575999999999
US-2015-BF11020140-42256,2015-09-09 00:00:00,BF-110201402,Barry Französisch,Corporate,United States,USCA,Central US,TEC-CO-3701,Technology,Copiers,Canon PC-428 Personal Copier,319.98400000000004,2,0.2,107.99459999999999
US-2015-BF11020140-42256,2015-09-09 00:00:00,BF-110201402,Barry Französisch,Corporate,United States,USCA,Central US,FUR-CH-4394,Furniture,Chairs,"Global Armless Task Chair, Royal Blue",213.42999999999995,5,0.3,-39.63699999999999
MX-2015-EM1381031-42266,2015-09-19 00:00:00,EM-1381031,Eleni McCrary,Corporate,Cuba,LATAM,Caribbean,TEC-CO-3589,Technology,Copiers,"Brother Copy Machine, Laser",697.08304,4,0.002,333.80304
US-2015-BF11020140-42256,2015-09-09 00:00:00,BF-110201402,Barry Französisch,Corporate,United States,USCA,Central US,OFF-BI-5636,Office Supplies,Binders,"Premier Elliptical Ring Binder, Black",42.61599999999999,7,0.8,-68.18560000000002
US-2015-BF11020140-42256,2015-09-09 00:00:00,BF-110201402,Barry Französisch,Corporate,United States,USCA,Central US,OFF-FA-6344,Office Supplies,Fasteners,"Vinyl Coated Wire Paper Clips in Organizer Box, 800/Box",45.92,5,0.2,15.498000000000001
US-2015-BF11020140-42256,2015-09-09 00:00:00,BF-110201402,Barry Französisch,Corporate,United States,USCA,Central US,FUR-FU-3909,Furniture,Furnishings,DAX Black Cherry Wood-Tone Poster Frame,21.184,2,0.6,-11.6512
US-2015-BF11020140-42256,2015-09-09 00:00:00,BF-110201402,Barry Französisch,Corporate,United States,USCA,Central US,OFF-PA-6567,Office Supplies,Paper,Xerox 205,20.736000000000004,4,0.2,7.2576
CA-2015-BF11020140-42266,2015-09-19 00:00:00,BF-110201402,Barry Französisch,Corporate,United States,USCA,Central US,OFF-PA-3010,Office Supplies,Paper,"Adams Telephone Message Book W/Dividers/Space For Phone Numbers, 5 1/4""X8 1/2"", 200/Messages",22.72,4,0,10.223999999999998
ES-2015-MS17770139-42275,2015-09-28 00:00:00,MS-17770139,Maxwell Schwartz,Consumer,United Kingdom,Europe,Northern Europe,FUR-BO-4845,Furniture,Bookcases,"Ikea 3-Shelf Cabinet, Mobile",869.7600000000002,6,0,208.61999999999998
IN-2015-CC1243078-42269,2015-09-22 00:00:00,CC-1243078,Chuck Clark,Home Office,Malaysia,Asia Pacific,Southeastern Asia,OFF-ST-4259,Office Supplies,Storage,"Fellowes File Cart, Single Width",686.7,5,0,343.35
CA-2015-BG11035140-42248,2015-09-01 00:00:00,BG-110351408,Barry Gonzalez,Consumer,United States,USCA,Southern US,TEC-AC-5605,Technology,Accessories,Plantronics CS510 - Over-the-Head monaural Wireless Headset System,659.9,2,0,217.76699999999994
MO-2015-JF549086-42270,2015-09-23 00:00:00,JF-549086,Jeremy Farry,Consumer,Morocco,Africa,North Africa,OFF-ST-5691,Office Supplies,Storage,"Rogers File Cart, Blue",562.6800000000001,4,0,5.5200000000000005
AU-2015-AG7658-42255,2015-09-08 00:00:00,AG-7658,Anthony Garverick,Home Office,Austria,Europe,Western Europe,TEC-MA-5503,Technology,Machines,"Okidata Inkjet, Wireless",628.2,2,0,263.82
IT-2015-JW1522048-42256,2015-09-09 00:00:00,JW-1522048,Jane Waco,Corporate,Germany,Europe,Western Europe,OFF-ST-4260,Office Supplies,Storage,"Fellowes File Cart, Wire Frame",368.22600000000006,3,0.1,44.94599999999998
CA-2015-BF11080140-42260,2015-09-13 00:00:00,BF-110801406,Bart Folk,Consumer,United States,USCA,Eastern US,OFF-AP-4247,Office Supplies,Appliances,Fellowes Basic Home/Office Series Surge Protectors,90.86,7,0,26.349399999999992
CA-2015-BF11080140-42260,2015-09-13 00:00:00,BF-110801406,Bart Folk,Consumer,United States,USCA,Eastern US,OFF-PA-3012,Office Supplies,Paper,"Adams Telephone Message Book w/Frequently-Called Numbers Space, 400 Messages per Book",39.900000000000006,5,0,19.950000000000003
CA-2015-BF11080140-42260,2015-09-13 00:00:00,BF-110801406,Bart Folk,Consumer,United States,USCA,Eastern US,OFF-PA-6493,Office Supplies,Paper,Xerox 1939,94.85,5,0,45.52799999999999
ES-2015-KM1637548-42259,2015-09-12 00:00:00,KM-1637548,Katherine Murray,Home Office,Germany,Europe,Western Europe,FUR-CH-5439,Furniture,Chairs,"Office Star Chairmat, Red",236.95200000000003,4,0.1,78.91199999999999
CA-2015-BP11095140-42272,2015-09-25 00:00:00,BP-110951406,Bart Pistole,Corporate,United States,USCA,Eastern US,TEC-PH-5564,Technology,Phones,Panasonic KX-TG9471B,391.98,2,0,109.75440000000003
CA-2015-BP11095140-42272,2015-09-25 00:00:00,BP-110951406,Bart Pistole,Corporate,United States,USCA,Eastern US,TEC-PH-6364,Technology,Phones,Wi-Ex zBoost YX540 Cellular Phone Signal Booster,437.84999999999997,3,0,131.35499999999996
IN-2015-NH1861058-42259,2015-09-12 00:00:00,NH-1861058,Nicole Hansen,Corporate,India,Asia Pacific,Southern Asia,FUR-CH-5413,Furniture,Chairs,"Novimex Swivel Stool, Red",822.3000000000001,5,0,205.49999999999997
ES-2015-RR1952548-42277,2015-09-30 00:00:00,RR-1952548,Rick Reed,Corporate,Germany,Europe,Western Europe,TEC-PH-5338,Technology,Phones,"Nokia Audio Dock, with Caller ID",333.48,2,0,49.980000000000004
ES-2015-IG15085120-42263,2015-09-16 00:00:00,IG-15085120,Ivan Gibson,Consumer,Spain,Europe,Southern Europe,TEC-CO-3598,Technology,Copiers,"Brother Fax Machine, Laser",637.08,2,0,261.18
ES-2015-CA1277545-42276,2015-09-29 00:00:00,CA-1277545,Cynthia Arntzen,Consumer,France,Europe,Western Europe,OFF-ST-4108,Office Supplies,Storage,"Eldon Trays, Wire Frame",338.688,8,0.1,109.00800000000001
IN-2015-SS2059090-42277,2015-09-30 00:00:00,SS-2059090,Sonia Sunley,Consumer,Nepal,Asia Pacific,Southern Asia,TEC-PH-5829,Technology,Phones,"Samsung Office Telephone, Cordless",476.48999999999995,7,0,47.459999999999994
CA-2015-BW11110140-42248,2015-09-01 00:00:00,BW-111101404,Bart Watters,Corporate,United States,USCA,Western US,FUR-CH-4620,Furniture,Chairs,Hon 4700 Series Mobuis Mid-Back Task Chairs with Adjustable Arms,569.5680000000001,2,0.2,7.119599999999906
CA-2015-BW11110140-42248,2015-09-01 00:00:00,BW-111101404,Bart Watters,Corporate,United States,USCA,Western US,OFF-ST-6079,Office Supplies,Storage,"Sortfiler Multipurpose Personal File Organizer, Black",149.73000000000002,7,0,43.421699999999994
IN-2015-BE113357-42273,2015-09-26 00:00:00,BE-113357,Bill Eplett,Home Office,Australia,Asia Pacific,Oceania,FUR-CH-4683,Furniture,Chairs,"Hon Rocking Chair, Red",587.7900000000001,5,0.1,189.39
IN-2015-NH1861058-42259,2015-09-12 00:00:00,NH-1861058,Nicole Hansen,Corporate,India,Asia Pacific,Southern Asia,FUR-CH-4524,Furniture,Chairs,"Harbour Creations Chairmat, Red",576.0000000000001,8,0,270.71999999999997
ES-2015-DH1307548-42258,2015-09-11 00:00:00,DH-1307548,Dave Hallsten,Corporate,Germany,Europe,Western Europe,TEC-AC-5897,Technology,Accessories,"SanDisk Router, USB",513.12,2,0,215.45999999999998
MX-2015-DK129855-42272,2015-09-25 00:00:00,DK-129855,Darren Koutras,Consumer,Argentina,LATAM,South America,TEC-CO-5990,Technology,Copiers,"Sharp Copy Machine, Color",473.6159999999999,5,0.402,61.71600000000003
MX-2015-MV1748518-42258,2015-09-11 00:00:00,MV-1748518,Mark Van Huff,Consumer,Brazil,LATAM,South America,TEC-PH-3806,Technology,Phones,"Cisco Smart Phone, Full Size",870.24,2,0,295.88
ES-2015-SC2009548-42272,2015-09-25 00:00:00,SC-2009548,Sanjit Chand,Consumer,Germany,Europe,Western Europe,TEC-CO-3598,Technology,Copiers,"Brother Fax Machine, Laser",955.6200000000001,3,0,391.77
ES-2015-KN1645045-42269,2015-09-22 00:00:00,KN-1645045,Kean Nguyen,Corporate,France,Europe,Western Europe,OFF-AP-4731,Office Supplies,Appliances,"Hoover Microwave, Red",833.328,3,0.1,92.538
ES-2015-BF109758-42250,2015-09-03 00:00:00,BF-109758,Barbara Fisher,Corporate,Austria,Europe,Western Europe,TEC-PH-5272,Technology,Phones,"Motorola Speaker Phone, VoIP",779.22,6,0,31.139999999999997
IN-2015-TP2141521-42269,2015-09-22 00:00:00,TP-2141521,Tom Prescott,Consumer,Cambodia,Asia Pacific,Southeastern Asia,TEC-MA-5543,Technology,Machines,"Panasonic Card Printer, Red",512.91,3,0,0
ID-2015-RF19345102-42249,2015-09-02 00:00:00,RF-19345102,Randy Ferguson,Corporate,Philippines,Asia Pacific,Southeastern Asia,FUR-CH-5773,Furniture,Chairs,"SAFCO Executive Leather Armchair, Adjustable",695.8799999999999,2,0.25,-167.03999999999996
IN-2015-RS1942027-42270,2015-09-23 00:00:00,RS-1942027,Ricardo Sperren,Corporate,China,Asia Pacific,Eastern Asia,FUR-CH-5773,Furniture,Chairs,"SAFCO Executive Leather Armchair, Adjustable",927.8399999999999,2,0,64.92
ES-2015-AH10210120-42267,2015-09-20 00:00:00,AH-10210120,Alan Hwang,Consumer,Spain,Europe,Southern Europe,FUR-CH-5774,Furniture,Chairs,"SAFCO Executive Leather Armchair, Black",734.3999999999999,2,0.2,247.86
ES-2015-ME1732064-42253,2015-09-06 00:00:00,ME-1732064,Maria Etezadi,Home Office,Italy,Europe,Southern Europe,TEC-MA-4212,Technology,Machines,"Epson Receipt Printer, Wireless",351.09000000000003,5,0.4,-93.66000000000005
MX-2015-SK1999018-42252,2015-09-05 00:00:00,SK-1999018,Sally Knutson,Consumer,Brazil,LATAM,South America,TEC-CO-4588,Technology,Copiers,"Hewlett Personal Copier, High-Speed",284.37011999999993,3,0.002,22.170119999999997
MD-2015-AP91583-42277,2015-09-30 00:00:00,AP-91583,Arthur Prichep,Consumer,Moldova,Europe,Eastern Europe,OFF-BI-2899,Office Supplies,Binders,"Acco Binding Machine, Clear",303.3,6,0,33.300000000000004
IT-2015-PO1886548-42252,2015-09-05 00:00:00,PO-1886548,Patrick O'Donnell,Consumer,Germany,Europe,Western Europe,OFF-ST-6046,Office Supplies,Storage,"Smead Lockers, Blue",714.3120000000001,4,0.1,55.511999999999986
HU-2015-JP552057-42249,2015-09-02 00:00:00,JP-552057,Jeremy Pistek,Consumer,Hungary,Europe,Eastern Europe,TEC-CO-4792,Technology,Copiers,"HP Wireless Fax, Laser",720.4200000000001,2,0,43.2
US-2015-SJ2021554-42255,2015-09-08 00:00:00,SJ-2021554,Sarah Jordon,Consumer,Haiti,LATAM,Caribbean,FUR-TA-5068,Furniture,Tables,"Lesro Training Table, Fully Assembled",216.21600000000004,4,0.7,-245.064
MX-2015-VG2180518-42265,2015-09-18 00:00:00,VG-2180518,Vivek Grady,Corporate,Brazil,LATAM,South America,OFF-BI-3727,Office Supplies,Binders,"Cardinal Binding Machine, Recycled",434.4599999999999,13,0,182.26
CA-2015-BK11260140-42270,2015-09-23 00:00:00,BK-112601404,Berenike Kampe,Consumer,United States,USCA,Western US,OFF-SU-4323,Office Supplies,Supplies,Fiskars Softgrip Scissors,21.96,2,0,6.148800000000001
IN-2015-HJ1487558-42271,2015-09-24 00:00:00,HJ-1487558,Heather Jas,Home Office,India,Asia Pacific,Southern Asia,FUR-FU-4043,Furniture,Furnishings,"Eldon Door Stop, Erganomic",439.02,9,0,105.3
US-2015-MS1798055-42277,2015-09-30 00:00:00,MS-1798055,Michael Stewart,Corporate,Honduras,LATAM,Central America,FUR-TA-5055,Furniture,Tables,"Lesro Computer Table, Fully Assembled",257.004,3,0.7,-599.6759999999999
IR-2015-LP709560-42253,2015-09-06 00:00:00,LP-709560,Liz Preis,Consumer,Iran,Asia Pacific,Southern Asia,OFF-ST-4259,Office Supplies,Storage,"Fellowes File Cart, Single Width",549.36,4,0,0
IN-2015-JD158957-42271,2015-09-24 00:00:00,JD-158957,Jonathan Doherty,Corporate,Australia,Asia Pacific,Oceania,FUR-CH-5373,Furniture,Chairs,"Novimex Chairmat, Set of Two",351.54,6,0,129.96
CG-2015-RW954033-42269,2015-09-22 00:00:00,RW-954033,Rick Wilson,Corporate,Democratic Republic of the Congo,Africa,Central Africa,TEC-MA-5544,Technology,Machines,"Panasonic Card Printer, White",688.9200000000001,4,0,261.71999999999997
IN-2015-CA11965102-42256,2015-09-09 00:00:00,CA-11965102,Carol Adams,Corporate,Philippines,Asia Pacific,Southeastern Asia,TEC-MA-4194,Technology,Machines,"Epson Card Printer, Red",626.6250000000001,5,0.25,91.87499999999997
ES-2015-AH10210120-42267,2015-09-20 00:00:00,AH-10210120,Alan Hwang,Consumer,Spain,Europe,Southern Europe,TEC-PH-3143,Technology,Phones,"Apple Signal Booster, Cordless",502.2000000000001,4,0.1,83.63999999999999
MX-2015-LH1702039-42248,2015-09-01 00:00:00,LH-1702039,Lisa Hazard,Consumer,El Salvador,LATAM,Central America,FUR-CH-5408,Furniture,Chairs,"Novimex Steel Folding Chair, Red",219.28000000000003,4,0,0
ID-2015-DH13675102-42277,2015-09-30 00:00:00,DH-13675102,Duane Huffman,Home Office,Philippines,Asia Pacific,Southeastern Asia,TEC-MA-5497,Technology,Machines,"Okidata Card Printer, Durable",395.88750000000005,3,0.25,-110.9025
CA-2015-BD11320140-42271,2015-09-24 00:00:00,BD-113201402,Bill Donatelli,Consumer,United States,USCA,Central US,TEC-AC-4878,Technology,Accessories,Imation Secure+ Hardware Encrypted USB 2.0 Flash Drive; 16GB,291.96,4,0,102.18599999999998
MX-2015-GZ1454582-42264,2015-09-17 00:00:00,GZ-1454582,George Zrebassa,Corporate,Mexico,LATAM,Central America,TEC-CO-5994,Technology,Copiers,"Sharp Fax and Copier, Digital",447.7427199999999,4,0.002,178.54272
CA-2015-BE11335140-42250,2015-09-03 00:00:00,BE-113351402,Bill Eplett,Home Office,United States,USCA,Central US,TEC-PH-5621,Technology,Phones,Polycom CX600 IP Phone VoIP phone,1199.8,4,0,323.946
CA-2015-BE11335140-42250,2015-09-03 00:00:00,BE-113351402,Bill Eplett,Home Office,United States,USCA,Central US,TEC-AC-5186,Technology,Accessories,Maxell iVDR EX 500GB Cartridge,1928.7800000000002,7,0,829.3754000000002
CA-2015-BE11335140-42250,2015-09-03 00:00:00,BE-113351402,Bill Eplett,Home Office,United States,USCA,Central US,OFF-ST-4265,Office Supplies,Storage,Fellowes High-Stak Drawer Files,352.38,2,0,81.04739999999998
IN-2015-RF1984058-42273,2015-09-26 00:00:00,RF-1984058,Roy Französisch,Consumer,India,Asia Pacific,Southern Asia,FUR-CH-4684,Furniture,Chairs,"Hon Rocking Chair, Set of Two",531.48,4,0,21.240000000000002
IR-2015-NG835560-42266,2015-09-19 00:00:00,NG-835560,Nat Gilpin,Corporate,Iran,Asia Pacific,Southern Asia,FUR-BO-5949,Furniture,Bookcases,"Sauder Classic Bookcase, Mobile",438.51,1,0,197.31
MX-2015-BG1174039-42251,2015-09-04 00:00:00,BG-1174039,Bruce Geld,Consumer,El Salvador,LATAM,Central America,FUR-BO-5745,Furniture,Bookcases,"Safco 3-Shelf Cabinet, Metal",224.4,2,0,17.919999999999998
ES-2015-AH10690139-42270,2015-09-23 00:00:00,AH-10690139,Anna Häberlin,Corporate,United Kingdom,Europe,Northern Europe,OFF-ST-5712,Office Supplies,Storage,"Rogers Trays, Wire Frame",425.25,7,0,208.32
IN-2015-MR17545113-42272,2015-09-25 00:00:00,MR-17545113,Mathew Reese,Home Office,Singapore,Asia Pacific,Southeastern Asia,TEC-PH-5335,Technology,Phones,"Nokia Audio Dock, Cordless",339.18,2,0,108.47999999999999
IT-2015-KC16675139-42263,2015-09-16 00:00:00,KC-16675139,Kimberly Carter,Corporate,United Kingdom,Europe,Northern Europe,TEC-CO-4777,Technology,Copiers,"HP Ink, Color",650.7,5,0,169.05
CA-2015-BE11410140-42271,2015-09-24 00:00:00,BE-114101408,Bobby Elias,Consumer,United States,USCA,Southern US,OFF-PA-6496,Office Supplies,Paper,Xerox 1941,251.64,3,0.2,88.07399999999998
MX-2015-CG1252031-42269,2015-09-22 00:00:00,CG-1252031,Claire Gute,Consumer,Cuba,LATAM,Caribbean,OFF-AR-3468,Office Supplies,Art,"BIC Sketch Pad, Blue",227.07999999999998,7,0,43.12
ES-2015-MW18220139-42253,2015-09-06 00:00:00,MW-18220139,Mitch Webber,Consumer,United Kingdom,Europe,Northern Europe,OFF-ST-4284,Office Supplies,Storage,"Fellowes Shelving, Single Width",405.09,7,0,105.21
RO-2015-BH1710107-42250,2015-09-03 00:00:00,BH-1710107,Brosina Hoffman,Consumer,Romania,Europe,Eastern Europe,TEC-CO-3708,Technology,Copiers,"Canon Wireless Fax, Digital",756.6,2,0,332.88
US-2015-DH1307536-42277,2015-09-30 00:00:00,DH-1307536,Dave Hallsten,Corporate,Dominican Republic,LATAM,Caribbean,FUR-BO-3891,Furniture,Bookcases,"Dania Classic Bookcase, Pine",494.532,3,0.4,-24.76800000000003
MX-2015-GZ1454582-42264,2015-09-17 00:00:00,GZ-1454582,George Zrebassa,Corporate,Mexico,LATAM,Central America,FUR-BO-3617,Furniture,Bookcases,"Bush 3-Shelf Cabinet, Pine",463.104,6,0.2,92.54399999999998
SA-2015-JL5235110-42271,2015-09-24 00:00:00,JL-5235110,Janet Lee,Consumer,Saudi Arabia,Asia Pacific,Western Asia,FUR-BO-3904,Furniture,Bookcases,"Dania Library with Doors, Traditional",362.4,1,0,39.839999999999996
MX-2015-BW1106518-42252,2015-09-05 00:00:00,BW-1106518,Barry Weirich,Consumer,Brazil,LATAM,South America,FUR-CH-5394,Furniture,Chairs,"Novimex Rocking Chair, Adjustable",446.4,5,0,44.6
UP-2015-MF8250137-42277,2015-09-30 00:00:00,MF-8250137,Monica Federle,Corporate,Ukraine,Europe,Eastern Europe,TEC-CO-4575,Technology,Copiers,"Hewlett Fax Machine, Color",321.35999999999996,1,0,112.47
CA-2015-BN11515140-42249,2015-09-02 00:00:00,BN-115151406,Bradley Nguyen,Consumer,United States,USCA,Eastern US,FUR-FU-5982,Furniture,Furnishings,"Seth Thomas 12"" Clock w/ Goldtone Case",114.9,5,0,39.066
US-2015-TZ2144518-42259,2015-09-12 00:00:00,TZ-2144518,Tom Zandusky,Corporate,Brazil,LATAM,South America,FUR-TA-3765,Furniture,Tables,"Chromcraft Conference Table, Rectangular",464.128,2,0.6,-545.3519999999999
IZ-2015-TB1119061-42255,2015-09-08 00:00:00,TB-1119061,Thomas Brumley,Home Office,Iraq,Asia Pacific,Western Asia,OFF-AP-4745,Office Supplies,Appliances,"Hoover Stove, White",566.61,1,0,28.32
ES-2015-RR1952548-42277,2015-09-30 00:00:00,RR-1952548,Rick Reed,Corporate,Germany,Europe,Western Europe,FUR-FU-6256,Furniture,Furnishings,"Tenex Frame, Erganomic",217.2,2,0,71.64
MX-2015-SK1999018-42252,2015-09-05 00:00:00,SK-1999018,Sally Knutson,Consumer,Brazil,LATAM,South America,OFF-AR-6127,Office Supplies,Art,"Stanley Sketch Pad, Fluorescent",274.14,9,0,106.73999999999998
MX-2015-TH2111512-42270,2015-09-23 00:00:00,TH-2111512,Thea Hudgings,Corporate,Barbados,LATAM,Caribbean,TEC-CO-6011,Technology,Copiers,"Sharp Wireless Fax, High-Speed",471.2156800000001,2,0.002,79.29567999999999
CA-2015-BB11545140-42263,2015-09-16 00:00:00,BB-115451402,Brenda Bowman,Corporate,United States,USCA,Central US,OFF-PA-6447,Office Supplies,Paper,Xerox 1897,31.872000000000003,8,0.2,11.553600000000003
BO-2015-JF549013-42255,2015-09-08 00:00:00,JF-549013,Jeremy Farry,Consumer,Belarus,Europe,Eastern Europe,TEC-CO-4773,Technology,Copiers,"HP Fax Machine, Color",301.38,1,0,0
US-2015-SM2095082-42274,2015-09-27 00:00:00,SM-2095082,Suzanne McNair,Corporate,Mexico,LATAM,Central America,FUR-BO-5973,Furniture,Bookcases,"Sauder Stackable Bookrack, Traditional",390.08000000000004,5,0.2,-92.72
IT-2015-SG2047091-42263,2015-09-16 00:00:00,SG-2047091,Sheri Gordon,Consumer,Netherlands,Europe,Western Europe,TEC-AC-3391,Technology,Accessories,"Belkin Memory Card, USB",632.6099999999999,11,0.5,-632.6099999999999
ES-2015-RR1952548-42258,2015-09-11 00:00:00,RR-1952548,Rick Reed,Corporate,Germany,Europe,Western Europe,FUR-CH-4681,Furniture,Chairs,"Hon Rocking Chair, Adjustable",718.7940000000001,6,0.1,303.3539999999999
CA-2015-BM11575140-42269,2015-09-22 00:00:00,BM-115751404,Brendan Murry,Corporate,United States,USCA,Western US,OFF-ST-6265,Office Supplies,Storage,"Tenex Personal Filing Tote With Secure Closure Lid, Black/Frost",15.51,1,0,3.8774999999999995
EG-2015-AC66038-42250,2015-09-03 00:00:00,AC-66038,Anna Chung,Consumer,Egypt,Africa,North Africa,TEC-PH-5338,Technology,Phones,"Nokia Audio Dock, with Caller ID",333.48,2,0,49.980000000000004
US-2015-BS1136598-42255,2015-09-08 00:00:00,BS-1136598,Bill Shonely,Corporate,Panama,LATAM,Central America,FUR-CH-4701,Furniture,Chairs,"Hon Swivel Stool, Adjustable",332.28000000000003,5,0.4,-60.92000000000003
CA-2015-BD11605140-42272,2015-09-25 00:00:00,BD-116051408,Brian Dahlen,Consumer,United States,USCA,Southern US,OFF-LA-3980,Office Supplies,Labels,"Dot Matrix Printer Tape Reel Labels, White, 5000/Box",235.94400000000002,3,0.2,85.5297
MX-2015-TM2101018-42274,2015-09-27 00:00:00,TM-2101018,Tamara Manning,Consumer,Brazil,LATAM,South America,FUR-BO-5948,Furniture,Bookcases,"Sauder Classic Bookcase, Metal",1451.5,5,0,595.1
CA-2015-BD11605140-42272,2015-09-25 00:00:00,BD-116051408,Brian Dahlen,Consumer,United States,USCA,Southern US,TEC-AC-6339,Technology,Accessories,"Verbatim 25 GB 6x Blu-ray Single Layer Recordable Disc, 1/Pack",17.880000000000003,3,0.2,2.458499999999999
MO-2015-LC705086-42249,2015-09-02 00:00:00,LC-705086,Liz Carlisle,Consumer,Morocco,Africa,North Africa,FUR-FU-5721,Furniture,Furnishings,"Rubbermaid Clock, Erganomic",390.24,8,0,195.12
ID-2015-SC2030559-42256,2015-09-09 00:00:00,SC-2030559,Sean Christensen,Consumer,Indonesia,Asia Pacific,Southeastern Asia,TEC-CO-4785,Technology,Copiers,"HP Personal Copier, Digital",230.50979999999998,2,0.07,9.889800000000001
IN-2015-JE1561027-42273,2015-09-26 00:00:00,JE-1561027,Jim Epp,Corporate,China,Asia Pacific,Eastern Asia,FUR-CH-5456,Furniture,Chairs,"Office Star Swivel Stool, Red",521.8199999999999,3,0,114.75
ES-2015-CS12175120-42253,2015-09-06 00:00:00,CS-12175120,Charles Sheldon,Corporate,Spain,Europe,Southern Europe,TEC-CO-4579,Technology,Copiers,"Hewlett Ink, Color",300.24,2,0,42
ES-2015-RP19390139-42258,2015-09-11 00:00:00,RP-19390139,Resi Pölking,Consumer,United Kingdom,Europe,Northern Europe,OFF-ST-5691,Office Supplies,Storage,"Rogers File Cart, Blue",844.0200000000001,6,0,8.280000000000001
MX-2015-EN1378028-42276,2015-09-29 00:00:00,EN-1378028,Edward Nazzal,Consumer,Colombia,LATAM,South America,TEC-PH-5844,Technology,Phones,"Samsung Speaker Phone, Full Size",166.04000000000002,2,0,79.67999999999999
CA-2015-BG11695140-42271,2015-09-24 00:00:00,BG-116951404,Brooke Gillingham,Corporate,United States,USCA,Western US,FUR-FU-3084,Furniture,Furnishings,Aluminum Document Frame,29.328000000000003,3,0.2,3.665999999999995
ES-2015-SC2009548-42272,2015-09-25 00:00:00,SC-2009548,Sanjit Chand,Consumer,Germany,Europe,Western Europe,OFF-ST-4079,Office Supplies,Storage,"Eldon Lockers, Industrial",892.7549999999999,5,0.1,386.80499999999995
IN-2015-RB1979527-42256,2015-09-09 00:00:00,RB-1979527,Ross Baird,Home Office,China,Asia Pacific,Eastern Asia,TEC-CO-3681,Technology,Copiers,"Canon Copy Machine, Laser",1310.7000000000003,5,0,327.59999999999997
IN-2015-GH1442578-42269,2015-09-22 00:00:00,GH-1442578,Gary Hwang,Consumer,Malaysia,Asia Pacific,Southeastern Asia,FUR-BO-3885,Furniture,Bookcases,"Dania 3-Shelf Cabinet, Metal",845.46,6,0,295.74
MX-2015-EM1414051-42264,2015-09-17 00:00:00,EM-1414051,Eugene Moren,Home Office,Guatemala,LATAM,Central America,FUR-BO-3906,Furniture,Bookcases,"Dania Stackable Bookrack, Pine",409.8,5,0,73.7
CG-2015-JR570033-42272,2015-09-25 00:00:00,JR-570033,Jocasta Rupert,Consumer,Democratic Republic of the Congo,Africa,Central Africa,OFF-AR-3449,Office Supplies,Art,"BIC Canvas, Fluorescent",769.44,14,0,269.22
MX-2015-SC2068082-42277,2015-09-30 00:00:00,SC-2068082,Steve Carroll,Home Office,Mexico,LATAM,Central America,FUR-CH-5443,Furniture,Chairs,"Office Star Executive Leather Armchair, Red",500.9919999999999,2,0.2,-75.16799999999998
CA-2015-BD11725140-42276,2015-09-29 00:00:00,BD-117251404,Bruce Degenhardt,Consumer,United States,USCA,Western US,FUR-FU-5154,Furniture,Furnishings,Longer-Life Soft White Bulbs,9.24,3,0,4.4352
IN-2015-NH1861088-42262,2015-09-15 00:00:00,NH-1861088,Nicole Hansen,Corporate,Myanmar (Burma),Asia Pacific,Southeastern Asia,FUR-CH-5436,Furniture,Chairs,"Office Star Bag Chairs, Set of Two",210.56849999999997,5,0.27,54.71849999999999
CA-2015-BS11755140-42271,2015-09-24 00:00:00,BS-117551404,Bruce Stewart,Consumer,United States,USCA,Western US,OFF-AP-3126,Office Supplies,Appliances,APC 7 Outlet Network SurgeArrest Surge Protector,160.96,2,0,48.288
CA-2015-BS11755140-42271,2015-09-24 00:00:00,BS-117551404,Bruce Stewart,Consumer,United States,USCA,Western US,OFF-BI-2929,Office Supplies,Binders,"Acco PRESSTEX Data Binder with Storage Hooks, Light Blue, 9 1/2"" X 11""",25.824,6,0.2,9.0384
EG-2015-DH367538-42250,2015-09-03 00:00:00,DH-367538,Duane Huffman,Home Office,Egypt,Africa,North Africa,FUR-CH-5397,Furniture,Chairs,"Novimex Rocking Chair, Set of Two",534.7199999999999,4,0,58.800000000000004
MX-2015-JF1529518-42265,2015-09-18 00:00:00,JF-1529518,Jason Fortune-,Consumer,Brazil,LATAM,South America,TEC-CO-5999,Technology,Copiers,"Sharp Fax Machine, High-Speed",586.5246,3,0.002,169.2246
IN-2015-BE113357-42273,2015-09-26 00:00:00,BE-113357,Bill Eplett,Home Office,Australia,Asia Pacific,Oceania,OFF-SU-4992,Office Supplies,Supplies,"Kleencut Shears, Steel",540.1890000000001,13,0.1,53.858999999999995
ES-2015-MW18220139-42253,2015-09-06 00:00:00,MW-18220139,Mitch Webber,Consumer,United Kingdom,Europe,Northern Europe,TEC-MA-5497,Technology,Machines,"Okidata Card Printer, Durable",703.8000000000001,4,0,56.28
US-2015-GH1442555-42259,2015-09-12 00:00:00,GH-1442555,Gary Hwang,Consumer,Honduras,LATAM,Central America,OFF-AP-3859,Office Supplies,Appliances,"Cuisinart Blender, White",260.52000000000004,10,0.4,-113.08000000000004
ES-2015-JB16000139-42273,2015-09-26 00:00:00,JB-16000139,Joy Bell-,Consumer,United Kingdom,Europe,Northern Europe,OFF-SU-2977,Office Supplies,Supplies,"Acme Letter Opener, Easy Grip",222.81,7,0,62.370000000000005
ES-2015-SC2077064-42266,2015-09-19 00:00:00,SC-2077064,Stewart Carmichael,Corporate,Italy,Europe,Southern Europe,TEC-CO-4785,Technology,Copiers,"HP Personal Copier, Digital",371.79,3,0,59.39999999999999
IN-2015-HG1484558-42264,2015-09-17 00:00:00,HG-1484558,Harry Greene,Consumer,India,Asia Pacific,Southern Asia,OFF-BI-3257,Office Supplies,Binders,"Avery Binding Machine, Economy",244.20000000000002,5,0,34.050000000000004
IN-2015-ND1837058-42262,2015-09-15 00:00:00,ND-1837058,Natalie DeCherney,Consumer,India,Asia Pacific,Southern Asia,OFF-ST-4284,Office Supplies,Storage,"Fellowes Shelving, Single Width",231.48,4,0,30
ID-2015-NM1852097-42263,2015-09-16 00:00:00,NM-1852097,Neoma Murray,Consumer,Pakistan,Asia Pacific,Southern Asia,FUR-CH-4524,Furniture,Chairs,"Harbour Creations Chairmat, Red",576.0000000000001,10,0.2,194.39999999999995
IT-2015-SR2042548-42264,2015-09-17 00:00:00,SR-2042548,Sharelle Roach,Home Office,Germany,Europe,Western Europe,FUR-TA-3414,Furniture,Tables,"Bevis Coffee Table, Fully Assembled",623.3174999999999,3,0.35,-191.81249999999994
ES-2015-BS1136548-42250,2015-09-03 00:00:00,BS-1136548,Bill Shonely,Corporate,Germany,Europe,Western Europe,TEC-CO-3587,Technology,Copiers,"Brother Copy Machine, Color",527.46,2,0,226.79999999999998
ES-2015-AF1087064-42264,2015-09-17 00:00:00,AF-1087064,Art Ferguson,Consumer,Italy,Europe,Southern Europe,FUR-FU-5728,Furniture,Furnishings,"Rubbermaid Frame, Duo Pack",659.7,6,0,72.53999999999999
MX-2015-DB1361536-42252,2015-09-05 00:00:00,DB-1361536,Doug Bickford,Consumer,Dominican Republic,LATAM,Caribbean,TEC-CO-4784,Technology,Copiers,"HP Personal Copier, Color",334.44180000000006,5,0.202,-17.658200000000022
IN-2015-HG1484558-42264,2015-09-17 00:00:00,HG-1484558,Harry Greene,Consumer,India,Asia Pacific,Southern Asia,FUR-CH-5759,Furniture,Chairs,"SAFCO Chairmat, Set of Two",310.35,5,0,108.6
IT-2015-JJ15760124-42259,2015-09-12 00:00:00,JJ-15760124,Joel Jenkins,Home Office,Sweden,Europe,Northern Europe,FUR-CH-5451,Furniture,Chairs,"Office Star Steel Folding Chair, Black",312.48,7,0.5,-312.48
MX-2015-JK1612036-42259,2015-09-12 00:00:00,JK-1612036,Julie Kriz,Home Office,Dominican Republic,LATAM,Caribbean,TEC-CO-4572,Technology,Copiers,"Hewlett Fax and Copier, Digital",204.83064000000005,2,0.202,40.55064
CA-2015-CL11890140-42263,2015-09-16 00:00:00,CL-118901406,Carl Ludwig,Consumer,United States,USCA,Eastern US,FUR-BO-3175,Furniture,Bookcases,"Atlantic Metals Mobile 3-Shelf Bookcases, Custom Colors",782.94,3,0,203.56440000000003
CA-2015-CL11890140-42263,2015-09-16 00:00:00,CL-118901406,Carl Ludwig,Consumer,United States,USCA,Eastern US,OFF-BI-6396,Office Supplies,Binders,Wilson Jones Heavy-Duty Casebound Ring Binders with Metal Hinges,242.48000000000002,7,0,116.39039999999999
CA-2015-CL11890140-42263,2015-09-16 00:00:00,CL-118901406,Carl Ludwig,Consumer,United States,USCA,Eastern US,TEC-PH-4385,Technology,Phones,GE DSL Phone Line Filter,39.99,1,0,11.597099999999998
IN-2015-EK1379558-42256,2015-09-09 00:00:00,EK-1379558,Eileen Kiefer,Home Office,India,Asia Pacific,Southern Asia,OFF-ST-6263,Office Supplies,Storage,"Tenex Lockers, Single Width",408.3599999999999,2,0,57.12
CA-2015-CL11890140-42263,2015-09-16 00:00:00,CL-118901406,Carl Ludwig,Consumer,United States,USCA,Eastern US,OFF-AR-3283,Office Supplies,Art,"Avery Hi-Liter EverBold Pen Style Fluorescent Highlighters, 4/Pack",16.28,2,0,6.5120000000000005
IN-2015-TT212207-42266,2015-09-19 00:00:00,TT-212207,Thomas Thornton,Consumer,Australia,Asia Pacific,Oceania,OFF-ST-4282,Office Supplies,Storage,"Fellowes Shelving, Blue",312.33599999999996,6,0.1,62.31599999999999
RS-2015-SP10920108-42262,2015-09-15 00:00:00,SP-10920108,Susan Pistek,Consumer,Russia,Europe,Eastern Europe,TEC-CO-5997,Technology,Copiers,"Sharp Fax Machine, Color",594.18,2,0,47.519999999999996
IN-2015-MC1784588-42269,2015-09-22 00:00:00,MC-1784588,Michael Chen,Consumer,Myanmar (Burma),Asia Pacific,Southeastern Asia,FUR-CH-4654,Furniture,Chairs,"Hon Executive Leather Armchair, Adjustable",671.0597999999999,2,0.27,-73.60019999999997
ES-2015-DR1294045-42271,2015-09-24 00:00:00,DR-1294045,Daniel Raglin,Home Office,France,Europe,Western Europe,TEC-PH-5271,Technology,Phones,"Motorola Speaker Phone, Full Size",557.0475,5,0.15,-26.302499999999995
ES-2015-TB2105562-42266,2015-09-19 00:00:00,TB-2105562,Ted Butterfield,Consumer,Ireland,Europe,Northern Europe,TEC-MA-5548,Technology,Machines,"Panasonic Inkjet, White",776.2500000000001,5,0.5,-326.10000000000014
EG-2015-LR703538-42263,2015-09-16 00:00:00,LR-703538,Lisa Ryan,Corporate,Egypt,Africa,North Africa,TEC-CO-4775,Technology,Copiers,"HP Fax Machine, High-Speed",298.14,1,0,14.879999999999999
ES-2015-AB1015045-42266,2015-09-19 00:00:00,AB-1015045,Aimee Bixby,Consumer,France,Europe,Western Europe,OFF-PA-5885,Office Supplies,Paper,"SanDisk Note Cards, Multicolor",135.84,4,0,57
IT-2015-SP2086091-42273,2015-09-26 00:00:00,SP-2086091,Sung Pak,Corporate,Netherlands,Europe,Western Europe,OFF-ST-6033,Office Supplies,Storage,"Smead File Cart, Single Width",321.07499999999993,5,0.5,-314.7749999999999
IR-2015-RF973560-42251,2015-09-04 00:00:00,RF-973560,Roland Fjeld,Consumer,Iran,Asia Pacific,Southern Asia,TEC-CO-3710,Technology,Copiers,"Canon Wireless Fax, Laser",378.66,1,0,185.52
CM-2015-MZ751522-42250,2015-09-03 00:00:00,MZ-751522,Mary Zewe,Corporate,Cameroon,Africa,Central Africa,FUR-TA-3342,Furniture,Tables,"Barricks Computer Table, with Bottom Storage",480.03,1,0,19.200000000000003
IN-2015-KW1657027-42253,2015-09-06 00:00:00,KW-1657027,Kelly Williams,Consumer,China,Asia Pacific,Eastern Asia,OFF-AP-3563,Office Supplies,Appliances,"Breville Blender, Black",358.68,4,0,14.28
ES-2015-RS1942048-42265,2015-09-18 00:00:00,RS-1942048,Ricardo Sperren,Corporate,Germany,Europe,Western Europe,FUR-BO-5761,Furniture,Bookcases,"Safco Classic Bookcase, Mobile",1983.0149999999999,5,0.1,616.815
ID-2015-DD13570102-42259,2015-09-12 00:00:00,DD-13570102,Dorothy Dickinson,Consumer,Philippines,Asia Pacific,Southeastern Asia,FUR-CH-4697,Furniture,Chairs,"Hon Steel Folding Chair, Adjustable",440.5275,7,0.25,140.85749999999993
IN-2015-DS1318027-42251,2015-09-04 00:00:00,DS-1318027,David Smith,Corporate,China,Asia Pacific,Eastern Asia,OFF-ST-5691,Office Supplies,Storage,"Rogers File Cart, Blue",281.34000000000003,2,0,104.03999999999999
CA-2015-CA11965140-42273,2015-09-26 00:00:00,CA-119651406,Carol Adams,Corporate,United States,USCA,Eastern US,OFF-EN-5974,Office Supplies,Envelopes,Security-Tint Envelopes,24.448,4,0.2,8.8624
PL-2015-MH7455103-42277,2015-09-30 00:00:00,MH-7455103,Mark Hamilton,Consumer,Poland,Europe,Eastern Europe,FUR-BO-5971,Furniture,Bookcases,"Sauder Stackable Bookrack, Mobile",146.82,1,0,42.57
MX-2015-HP1481518-42267,2015-09-20 00:00:00,HP-1481518,Harold Pawlan,Home Office,Brazil,LATAM,South America,FUR-TA-4636,Furniture,Tables,"Hon Coffee Table, with Bottom Storage",168.48000000000005,1,0.2,-29.50000000000001
IR-2015-SR1074060-42266,2015-09-19 00:00:00,SR-1074060,Steven Roelle,Home Office,Iran,Asia Pacific,Southern Asia,FUR-BO-4851,Furniture,Bookcases,"Ikea Classic Bookcase, Traditional",411.75,1,0,156.45
MX-2015-TH2155018-42248,2015-09-01 00:00:00,TH-2155018,Tracy Hopkins,Home Office,Brazil,LATAM,South America,TEC-MA-5542,Technology,Machines,"Panasonic Card Printer, Durable",811.7199999999999,7,0,284.05999999999995
CA-2015-CT11995140-42273,2015-09-26 00:00:00,CT-119951402,Carol Triggs,Consumer,United States,USCA,Central US,FUR-CH-4418,Furniture,Chairs,"Global Leather Task Chair, Black",269.96999999999997,3,0,51.294299999999964
CG-2015-DJ342033-42255,2015-09-08 00:00:00,DJ-342033,Denny Joy,Corporate,Democratic Republic of the Congo,Africa,Central Africa,OFF-ST-4267,Office Supplies,Storage,"Fellowes Lockers, Industrial",207.81,1,0,91.41
MX-2015-DJ1351018-42250,2015-09-03 00:00:00,DJ-1351018,Don Jones,Corporate,Brazil,LATAM,South America,TEC-CO-4787,Technology,Copiers,"HP Personal Copier, Laser",496.16568000000007,6,0.002,217.64567999999994
MX-2015-TS2120537-42250,2015-09-03 00:00:00,TS-2120537,Thomas Seio,Corporate,Ecuador,LATAM,South America,FUR-CH-4562,Furniture,Chairs,"Harbour Creations Swivel Stool, Black",355.38,3,0,21.3
IT-2015-VM2183548-42258,2015-09-11 00:00:00,VM-2183548,Vivian Mathis,Consumer,Germany,Europe,Western Europe,OFF-ST-4055,Office Supplies,Storage,"Eldon File Cart, Blue",342.7920000000001,3,0.1,-30.528000000000006
CA-2015-CT11995140-42273,2015-09-26 00:00:00,CT-119951402,Carol Triggs,Consumer,United States,USCA,Central US,OFF-BI-2938,Office Supplies,Binders,ACCOHIDE Binder by Acco,8.26,2,0,3.8822
ES-2015-MS17770139-42275,2015-09-28 00:00:00,MS-17770139,Maxwell Schwartz,Consumer,United Kingdom,Europe,Northern Europe,OFF-EN-4912,Office Supplies,Envelopes,"Jiffy Interoffice Envelope, Set of 50",325.08,7,0,32.34
MX-2015-RB1957026-42271,2015-09-24 00:00:00,RB-1957026,Rob Beeghly,Consumer,Chile,LATAM,South America,OFF-SU-4137,Office Supplies,Supplies,"Elite Trimmer, Serrated",127.90000000000002,5,0,47.3
AO-2015-GM45004-42265,2015-09-18 00:00:00,GM-45004,Gene McClure,Consumer,Angola,Africa,Central Africa,OFF-ST-6274,Office Supplies,Storage,"Tenex Shelving, Single Width",328.14,6,0,81.89999999999999
IN-2015-NH1861088-42262,2015-09-15 00:00:00,NH-1861088,Nicole Hansen,Corporate,Myanmar (Burma),Asia Pacific,Southeastern Asia,FUR-TA-5063,Furniture,Tables,"Lesro Round Table, Fully Assembled",389.9928,2,0.5700000000000001,-72.60720000000015
PL-2015-AJ795103-42248,2015-09-01 00:00:00,AJ-795103,Anthony Johnson,Corporate,Poland,Europe,Eastern Europe,TEC-AC-5136,Technology,Accessories,"Logitech Router, Programmable",995.28,4,0,358.20000000000005
MX-2015-MB1730582-42264,2015-09-17 00:00:00,MB-1730582,Maria Bertelson,Consumer,Mexico,LATAM,Central America,FUR-BO-3895,Furniture,Bookcases,"Dania Corner Shelving, Pine",131.648,2,0.2,1.608000000000004
CA-2015-CB12025140-42259,2015-09-12 00:00:00,CB-120251404,Cassandra Brandow,Consumer,United States,USCA,Western US,OFF-AP-4928,Office Supplies,Appliances,Kensington 4 Outlet MasterPiece Compact Power Control Center,406.59999999999997,5,0,113.84799999999998
IN-2015-MZ1751566-42261,2015-09-14 00:00:00,MZ-1751566,Mary Zewe,Corporate,Japan,Asia Pacific,Eastern Asia,FUR-CH-5803,Furniture,Chairs,"SAFCO Steel Folding Chair, Set of Two",351.84000000000003,4,0,147.72
IN-2015-TG2164058-42272,2015-09-25 00:00:00,TG-2164058,Trudy Glocke,Consumer,India,Asia Pacific,Southern Asia,OFF-AR-6105,Office Supplies,Art,"Stanley Canvas, Blue",247.35,5,0,56.85000000000001
MX-2015-MB1808582-42272,2015-09-25 00:00:00,MB-1808582,Mick Brown,Consumer,Mexico,LATAM,Central America,TEC-CO-6009,Technology,Copiers,"Sharp Wireless Fax, Color",713.29056,3,0.002,327.31055999999995
US-2015-CB12025140-42259,2015-09-12 00:00:00,CB-120251408,Cassandra Brandow,Consumer,United States,USCA,Southern US,OFF-AP-4729,Office Supplies,Appliances,Hoover Commercial SteamVac,67.9,5,0,20.369999999999997
CA-2015-CB12025140-42255,2015-09-08 00:00:00,CB-120251406,Cassandra Brandow,Consumer,United States,USCA,Eastern US,OFF-LA-3241,Office Supplies,Labels,Avery 519,29.24,5,0.2,9.868500000000001
CA-2015-CB12025140-42259,2015-09-12 00:00:00,CB-120251404,Cassandra Brandow,Consumer,United States,USCA,Western US,FUR-FU-2876,Furniture,Furnishings,"6"" Cubicle Wall Clock, Black",32.36,4,0,11.6496
CA-2015-CB12025140-42255,2015-09-08 00:00:00,CB-120251406,Cassandra Brandow,Consumer,United States,USCA,Eastern US,OFF-EN-5619,Office Supplies,Envelopes,Poly String Tie Envelopes,4.896000000000001,3,0.2,1.6523999999999992
CA-2015-CB12025140-42255,2015-09-08 00:00:00,CB-120251406,Cassandra Brandow,Consumer,United States,USCA,Eastern US,OFF-PA-4217,Office Supplies,Paper,"Eureka Recycled Copy Paper 8 1/2"" x 11"", Ream",15.552000000000003,3,0.2,5.4432
US-2015-HR1477098-42270,2015-09-23 00:00:00,HR-1477098,Hallie Redmond,Home Office,Panama,LATAM,Central America,FUR-CH-4562,Furniture,Chairs,"Harbour Creations Swivel Stool, Black",568.608,8,0.4,-322.272
ES-2015-JW16075120-42253,2015-09-06 00:00:00,JW-16075120,Julia West,Consumer,Spain,Europe,Southern Europe,OFF-ST-4057,Office Supplies,Storage,"Eldon File Cart, Single Width",577.665,5,0.1,211.66500000000002
ES-2015-MG17875139-42258,2015-09-11 00:00:00,MG-17875139,Michael Grace,Home Office,United Kingdom,Europe,Northern Europe,OFF-AR-3553,Office Supplies,Art,"Boston Sketch Pad, Easy-Erase",244.35,5,0,70.8
ID-2015-KD1627059-42273,2015-09-26 00:00:00,KD-1627059,Karen Daniels,Consumer,Indonesia,Asia Pacific,Southeastern Asia,FUR-BO-4848,Furniture,Bookcases,"Ikea Classic Bookcase, Metal",382.42529999999994,1,0.07,32.89529999999999
IN-2015-SS2059090-42277,2015-09-30 00:00:00,SS-2059090,Sonia Sunley,Consumer,Nepal,Asia Pacific,Southern Asia,TEC-PH-3817,Technology,Phones,"Cisco Speaker Phone, VoIP",554.28,4,0,77.52
MX-2015-TB2117582-42271,2015-09-24 00:00:00,TB-2117582,Thomas Boland,Corporate,Mexico,LATAM,Central America,OFF-AP-4503,Office Supplies,Appliances,"Hamilton Beach Refrigerator, Silver",667.8399999999999,2,0,287.16
IN-2015-DP131057-42271,2015-09-24 00:00:00,DP-131057,Dave Poirier,Corporate,Australia,Asia Pacific,Oceania,TEC-AC-5132,Technology,Accessories,"Logitech Numeric Keypad, Programmable",215.19000000000005,5,0.1,18.989999999999995
IT-2015-HM14860139-42259,2015-09-12 00:00:00,HM-14860139,Harry Marie,Corporate,United Kingdom,Europe,Northern Europe,OFF-AR-3484,Office Supplies,Art,"Binney & Smith Highlighters, Water Color",118.62,6,0,49.67999999999999
ID-2015-MG176957-42264,2015-09-17 00:00:00,MG-176957,Maureen Gnade,Consumer,Australia,Asia Pacific,Oceania,TEC-CO-3599,Technology,Copiers,"Brother Ink, Color",267.73199999999997,3,0.4,-156.25800000000004
IN-2015-BE1133527-42276,2015-09-29 00:00:00,BE-1133527,Bill Eplett,Home Office,China,Asia Pacific,Eastern Asia,OFF-ST-6032,Office Supplies,Storage,"Smead File Cart, Industrial",385.19999999999993,3,0,107.82
IR-2015-CA226560-42264,2015-09-17 00:00:00,CA-226560,Christina Anderson,Consumer,Iran,Asia Pacific,Southern Asia,OFF-SU-4993,Office Supplies,Supplies,"Kleencut Trimmer, Easy Grip",172.2,4,0,41.28
ID-2015-LC1705059-42262,2015-09-15 00:00:00,LC-1705059,Liz Carlisle,Consumer,Indonesia,Asia Pacific,Southeastern Asia,FUR-CH-4546,Furniture,Chairs,"Harbour Creations Rocking Chair, Red",214.75139999999996,2,0.27,-2.988599999999991
CA-2015-CC12145140-42263,2015-09-16 00:00:00,CC-121451402,Charles Crestani,Consumer,United States,USCA,Central US,OFF-AR-5646,Office Supplies,Art,Prismacolor Color Pencil Set,31.744,2,0.2,8.332800000000002
MX-2015-VG2180518-42265,2015-09-18 00:00:00,VG-2180518,Vivek Grady,Corporate,Brazil,LATAM,South America,FUR-CH-5805,Furniture,Chairs,"SAFCO Swivel Stool, Adjustable",227.24,2,0,6.8
US-2015-CM12160140-42276,2015-09-29 00:00:00,CM-121601402,Charles McCrossin,Consumer,United States,USCA,Central US,OFF-FA-6129,Office Supplies,Fasteners,Staples,1.7440000000000002,1,0.2,-0.34880000000000033
IN-2015-NL1831092-42266,2015-09-19 00:00:00,NL-1831092,Nancy Lomonaco,Home Office,New Zealand,Asia Pacific,Oceania,OFF-EN-3106,Office Supplies,Envelopes,"Ames Manila Envelope, Set of 50",148.14000000000001,6,0,20.7
SF-2015-PW9240117-42250,2015-09-03 00:00:00,PW-9240117,Pierre Wener,Consumer,South Africa,Africa,Southern Africa,FUR-BO-5961,Furniture,Bookcases,"Sauder Floating Shelf Set, Pine",195.93,1,0,45.06
IR-2015-KS630060-42263,2015-09-16 00:00:00,KS-630060,Karen Seio,Corporate,Iran,Asia Pacific,Southern Asia,OFF-ST-6272,Office Supplies,Storage,"Tenex Shelving, Blue",109.32,2,0,5.46
AO-2015-GM45004-42265,2015-09-18 00:00:00,GM-45004,Gene McClure,Consumer,Angola,Africa,Central Africa,OFF-ST-4259,Office Supplies,Storage,"Fellowes File Cart, Single Width",274.68,2,0,0
ES-2015-SM20950139-42248,2015-09-01 00:00:00,SM-20950139,Suzanne McNair,Corporate,United Kingdom,Europe,Northern Europe,TEC-PH-3815,Technology,Phones,"Cisco Speaker Phone, Cordless",565.3199999999999,4,0,56.519999999999996
ES-2015-LC1693014-42267,2015-09-20 00:00:00,LC-1693014,Linda Cazamias,Corporate,Belgium,Europe,Western Europe,OFF-SU-2988,Office Supplies,Supplies,"Acme Scissors, Easy Grip",108.24,4,0,25.92
MX-2015-MJ1774018-42275,2015-09-28 00:00:00,MJ-1774018,Max Jones,Consumer,Brazil,LATAM,South America,TEC-CO-5997,Technology,Copiers,"Sharp Fax Machine, Color",592.99164,3,0.002,76.03164
MX-2015-RH1955582-42249,2015-09-02 00:00:00,RH-1955582,Ritsa Hightower,Consumer,Mexico,LATAM,Central America,OFF-ST-6049,Office Supplies,Storage,"Smead Lockers, Wire Frame",394.97999999999996,3,0,15.779999999999998
IN-2015-SW203507-42250,2015-09-03 00:00:00,SW-203507,Sean Wendt,Home Office,Australia,Asia Pacific,Oceania,FUR-BO-5771,Furniture,Bookcases,"Safco Corner Shelving, Traditional",269.028,2,0.1,83.68799999999999
ES-2015-JF15565139-42264,2015-09-17 00:00:00,JF-15565139,Jill Fjeld,Consumer,United Kingdom,Europe,Northern Europe,FUR-BO-5948,Furniture,Bookcases,"Sauder Classic Bookcase, Metal",870.9000000000001,2,0,130.62
ES-2015-MP17470139-42272,2015-09-25 00:00:00,MP-17470139,Mark Packer,Home Office,United Kingdom,Europe,Northern Europe,TEC-CO-3596,Technology,Copiers,"Brother Fax Machine, Digital",636.36,2,0,203.57999999999998
ID-2015-FH1436559-42270,2015-09-23 00:00:00,FH-1436559,Fred Hopkins,Corporate,Indonesia,Asia Pacific,Southeastern Asia,FUR-BO-5777,Furniture,Bookcases,"Safco Floating Shelf Set, Metal",364.932,2,0.07,51.012
TU-2015-MZ7335134-42257,2015-09-10 00:00:00,MZ-7335134,Maria Zettner,Home Office,Turkey,Asia Pacific,Western Asia,FUR-CH-5443,Furniture,Chairs,"Office Star Executive Leather Armchair, Red",375.74399999999997,2,0.6,-197.31599999999992
ID-2015-BS1138092-42255,2015-09-08 00:00:00,BS-1138092,Bill Stewart,Corporate,New Zealand,Asia Pacific,Oceania,FUR-TA-3442,Furniture,Tables,"Bevis Wood Table, with Bottom Storage",320.16599999999994,1,0.4,-170.78399999999996
MX-2015-EL1373582-42264,2015-09-17 00:00:00,EL-1373582,Ed Ludwig,Home Office,Mexico,LATAM,Central America,TEC-PH-5824,Technology,Phones,"Samsung Headset, Cordless",152.09999999999997,3,0,42.540000000000006
TU-2015-BF1020134-42273,2015-09-26 00:00:00,BF-1020134,Barry Französisch,Corporate,Turkey,Asia Pacific,Western Asia,FUR-BO-3624,Furniture,Bookcases,"Bush Classic Bookcase, Metal",659.424,4,0.6,-428.7359999999999
ID-2015-CS11950102-42248,2015-09-01 00:00:00,CS-11950102,Carlos Soltero,Consumer,Philippines,Asia Pacific,Southeastern Asia,OFF-ST-4081,Office Supplies,Storage,"Eldon Lockers, Wire Frame",650.034,6,0.45,-23.706000000000017
US-2015-PV1898598-42276,2015-09-29 00:00:00,PV-1898598,Paul Van Hugh,Home Office,Panama,LATAM,Central America,FUR-BO-3625,Furniture,Bookcases,"Bush Classic Bookcase, Mobile",332.15999999999997,2,0.4,-11.079999999999973
CA-2015-CA12265140-42270,2015-09-23 00:00:00,CA-122651406,Christina Anderson,Consumer,United States,USCA,Eastern US,TEC-PH-4382,Technology,Phones,GE 30524EE4,391.98,2,0,113.67419999999998
MX-2015-AO1081082-42248,2015-09-01 00:00:00,AO-1081082,Anthony O'Donnell,Corporate,Mexico,LATAM,Central America,OFF-AR-3471,Office Supplies,Art,"BIC Sketch Pad, Water Color",276.4800000000001,8,0,11.040000000000001
ES-2015-NG1835545-42259,2015-09-12 00:00:00,NG-1835545,Nat Gilpin,Corporate,France,Europe,Western Europe,FUR-FU-3032,Furniture,Furnishings,"Advantus Frame, Black",222.24,2,0,44.400000000000006
IN-2015-VP21760113-42270,2015-09-23 00:00:00,VP-21760113,Victoria Pisteka,Corporate,Singapore,Asia Pacific,Southeastern Asia,FUR-BO-3642,Furniture,Bookcases,"Bush Library with Doors, Traditional",364.32,1,0,131.13
RS-2015-KH6360108-42269,2015-09-22 00:00:00,KH-6360108,Katherine Hughes,Consumer,Russia,Europe,Eastern Europe,TEC-AC-4186,Technology,Accessories,"Enermax Router, Erganomic",256.14000000000004,1,0,102.44999999999999
ES-2015-CL1270048-42268,2015-09-21 00:00:00,CL-1270048,Craig Leslie,Home Office,Germany,Europe,Western Europe,TEC-CO-4785,Technology,Copiers,"HP Personal Copier, Digital",743.58,6,0,118.79999999999998
ES-2015-ME1732064-42253,2015-09-06 00:00:00,ME-1732064,Maria Etezadi,Home Office,Italy,Europe,Southern Europe,FUR-CH-4563,Furniture,Chairs,"Harbour Creations Swivel Stool, Red",216.144,3,0.6,-135.126
ES-2015-JH1582045-42256,2015-09-09 00:00:00,JH-1582045,John Huston,Consumer,France,Europe,Western Europe,FUR-FU-5730,Furniture,Furnishings,"Rubbermaid Frame, Erganomic",108.51,1,0,40.14
IT-2015-CS1184545-42250,2015-09-03 00:00:00,CS-1184545,Cari Sayre,Corporate,France,Europe,Western Europe,FUR-CH-4631,Furniture,Chairs,"Hon Chairmat, Black",334.53,7,0.1,-22.47
EG-2015-DK283538-42262,2015-09-15 00:00:00,DK-283538,Damala Kotsonis,Corporate,Egypt,Africa,North Africa,TEC-AC-5200,Technology,Accessories,"Memorex Keyboard, Erganomic",138.3,2,0,2.7600000000000002
IT-2015-EK13795139-42277,2015-09-30 00:00:00,EK-13795139,Eileen Kiefer,Home Office,United Kingdom,Europe,Northern Europe,FUR-FU-3049,Furniture,Furnishings,"Advantus Photo Frame, Durable",385.0769999999999,11,0.3,-77.25299999999996
TU-2015-SC10440134-42277,2015-09-30 00:00:00,SC-10440134,Shaun Chance,Corporate,Turkey,Asia Pacific,Western Asia,FUR-BO-3905,Furniture,Bookcases,"Dania Stackable Bookrack, Mobile",194.54399999999998,4,0.6,-77.85599999999994
IN-2015-BG1103558-42253,2015-09-06 00:00:00,BG-1103558,Barry Gonzalez,Consumer,India,Asia Pacific,Southern Asia,TEC-PH-3798,Technology,Phones,"Cisco Office Telephone, VoIP",402.75000000000006,5,0,36.150000000000006
ID-2015-LC1693097-42264,2015-09-17 00:00:00,LC-1693097,Linda Cazamias,Corporate,Pakistan,Asia Pacific,Southern Asia,FUR-CH-5412,Furniture,Chairs,"Novimex Swivel Stool, Black",518.4960000000001,4,0.2,12.935999999999979
US-2015-CK12325140-42249,2015-09-02 00:00:00,CK-123251404,Christine Kargatis,Home Office,United States,USCA,Western US,OFF-FA-6129,Office Supplies,Fasteners,Staples,7.58,1,0,2.9562
MX-2015-EM1414051-42264,2015-09-17 00:00:00,EM-1414051,Eugene Moren,Home Office,Guatemala,LATAM,Central America,OFF-AP-4971,Office Supplies,Appliances,"KitchenAid Toaster, White",222.56,4,0,93.44
IN-2015-JK1562558-42249,2015-09-02 00:00:00,JK-1562558,Jim Karlsson,Consumer,India,Asia Pacific,Southern Asia,TEC-PH-3142,Technology,Phones,"Apple Office Telephone, with Caller ID",130.56,2,0,50.88
IT-2015-SU2066562-42270,2015-09-23 00:00:00,SU-2066562,Stephanie Ulpright,Home Office,Ireland,Europe,Northern Europe,OFF-ST-5708,Office Supplies,Storage,"Rogers Shelving, Wire Frame",122.39999999999999,4,0.5,-46.55999999999999
ES-2015-ME1732064-42253,2015-09-06 00:00:00,ME-1732064,Maria Etezadi,Home Office,Italy,Europe,Southern Europe,FUR-CH-4682,Furniture,Chairs,"Hon Rocking Chair, Black",153.828,3,0.6,-84.67200000000003
MX-2015-SP2065082-42257,2015-09-10 00:00:00,SP-2065082,Stephanie Phelps,Corporate,Mexico,LATAM,Central America,TEC-AC-4188,Technology,Accessories,"Enermax Router, USB",517.0799999999999,3,0,180.96
IN-2015-MC1784588-42269,2015-09-22 00:00:00,MC-1784588,Michael Chen,Consumer,Myanmar (Burma),Asia Pacific,Southeastern Asia,FUR-BO-3625,Furniture,Bookcases,"Bush Classic Bookcase, Mobile",784.7279999999998,3,0.37,62.20800000000003
IN-2015-GM1469558-42259,2015-09-12 00:00:00,GM-1469558,Greg Maxwell,Corporate,India,Asia Pacific,Southern Asia,TEC-PH-3796,Technology,Phones,"Cisco Office Telephone, Cordless",249.93,3,0,59.94
IT-2015-MB1730545-42273,2015-09-26 00:00:00,MB-1730545,Maria Bertelson,Consumer,France,Europe,Western Europe,FUR-BO-3887,Furniture,Bookcases,"Dania 3-Shelf Cabinet, Pine",257.04,2,0.1,-2.8800000000000026
SA-2015-MB8085110-42277,2015-09-30 00:00:00,MB-8085110,Mick Brown,Consumer,Saudi Arabia,Asia Pacific,Western Asia,TEC-CO-4777,Technology,Copiers,"HP Ink, Color",130.14000000000001,1,0,33.81
ES-2015-KM1666045-42256,2015-09-09 00:00:00,KM-1666045,Khloe Miller,Consumer,France,Europe,Western Europe,TEC-PH-5832,Technology,Phones,"Samsung Office Telephone, with Caller ID",277.185,5,0.15,26.085
ID-2015-KM16720102-42255,2015-09-08 00:00:00,KM-16720102,Kunst Miller,Consumer,Philippines,Asia Pacific,Southeastern Asia,OFF-BI-2892,Office Supplies,Binders,"Acco Binder Covers, Durable",151.164,12,0.15000000000000002,15.804000000000002
CA-2015-CS12400140-42263,2015-09-16 00:00:00,CS-124001404,Christopher Schild,Home Office,United States,USCA,Western US,FUR-TA-3562,Furniture,Tables,Bretford Rectangular Conference Table Tops,300.904,1,0.2,11.283900000000017
CA-2015-CS12400140-42253,2015-09-06 00:00:00,CS-124001404,Christopher Schild,Home Office,United States,USCA,Western US,OFF-AR-5312,Office Supplies,Art,Newell 333,2.78,1,0,0.7227999999999999
ES-2015-RM1937548-42252,2015-09-05 00:00:00,RM-1937548,Raymond Messe,Consumer,Germany,Europe,Western Europe,OFF-ST-5708,Office Supplies,Storage,"Rogers Shelving, Wire Frame",385.56,7,0.1,89.88
IR-2015-MC810060-42265,2015-09-18 00:00:00,MC-810060,Mick Crebagga,Consumer,Iran,Asia Pacific,Southern Asia,TEC-MA-6139,Technology,Machines,"StarTech Card Printer, Wireless",327,2,0,88.26
MX-2015-SS2051536-42264,2015-09-17 00:00:00,SS-2051536,Shirley Schmidt,Home Office,Dominican Republic,LATAM,Caribbean,FUR-BO-5746,Furniture,Bookcases,"Safco 3-Shelf Cabinet, Mobile",274.17600000000004,4,0.4,4.495999999999981
ES-2015-RB1946548-42256,2015-09-09 00:00:00,RB-1946548,Rick Bensley,Home Office,Germany,Europe,Western Europe,OFF-AR-3501,Office Supplies,Art,"Binney & Smith Sketch Pad, Fluorescent",95.16,2,0,4.74
US-2015-BP1123055-42256,2015-09-09 00:00:00,BP-1123055,Benjamin Patterson,Consumer,Honduras,LATAM,Central America,FUR-TA-5055,Furniture,Tables,"Lesro Computer Table, Fully Assembled",599.676,7,0.7,-1399.244
ES-2015-AH10210120-42267,2015-09-20 00:00:00,AH-10210120,Alan Hwang,Consumer,Spain,Europe,Southern Europe,FUR-BO-5960,Furniture,Bookcases,"Sauder Floating Shelf Set, Mobile",394.20000000000005,2,0,145.8
ES-2015-AG1067545-42263,2015-09-16 00:00:00,AG-1067545,Anna Gayman,Consumer,France,Europe,Western Europe,TEC-MA-6136,Technology,Machines,"StarTech Card Printer, Durable",417.231,3,0.15,49.04100000000001
MX-2015-NP1868593-42257,2015-09-10 00:00:00,NP-1868593,Nora Pelletier,Home Office,Nicaragua,LATAM,Central America,TEC-AC-5867,Technology,Accessories,"SanDisk Keyboard, USB",217.84,4,0,54.4
SI-2015-SM10005115-42252,2015-09-05 00:00:00,SM-10005115,Sally Matthias,Consumer,Slovenia,Europe,Southern Europe,OFF-LA-3300,Office Supplies,Labels,"Avery Legal Exhibit Labels, Laser Printer Compatible",136.07999999999998,12,0,20.160000000000004
IN-2015-BW110657-42250,2015-09-03 00:00:00,BW-110657,Barry Weirich,Consumer,Australia,Asia Pacific,Oceania,TEC-PH-5350,Technology,Phones,"Nokia Signal Booster, Cordless",501.6600000000001,4,0.1,50.099999999999994
MX-2015-MJ1774018-42275,2015-09-28 00:00:00,MJ-1774018,Max Jones,Consumer,Brazil,LATAM,South America,TEC-MA-4203,Technology,Machines,"Epson Phone, White",317.52000000000004,6,0,149.16
US-2015-CC12475140-42259,2015-09-12 00:00:00,CC-124751402,Cindy Chapman,Consumer,United States,USCA,Central US,FUR-TA-3427,Furniture,Tables,Bevis Round Conference Table Top & Single Column Base,512.19,5,0.3,-65.85300000000001
IN-2015-JF154907-42259,2015-09-12 00:00:00,JF-154907,Jeremy Farry,Consumer,Australia,Asia Pacific,Oceania,TEC-CO-3588,Technology,Copiers,"Brother Copy Machine, High-Speed",472.12200000000007,2,0.1,162.58200000000002
ES-2015-CS12460139-42248,2015-09-01 00:00:00,CS-12460139,Chuck Sachs,Consumer,United Kingdom,Europe,Northern Europe,TEC-MA-5018,Technology,Machines,"Konica Receipt Printer, Durable",734.2200000000001,6,0,212.76
IN-2015-SW202457-42251,2015-09-04 00:00:00,SW-202457,Scot Wooten,Consumer,Australia,Asia Pacific,Oceania,OFF-SU-4136,Office Supplies,Supplies,"Elite Trimmer, High Speed",112.509,3,0.1,17.468999999999998
US-2015-CC12475140-42259,2015-09-12 00:00:00,CC-124751402,Cindy Chapman,Consumer,United States,USCA,Central US,OFF-PA-6509,Office Supplies,Paper,Xerox 1953,10.272000000000002,3,0.2,3.209999999999998
US-2015-CC12475140-42259,2015-09-12 00:00:00,CC-124751402,Cindy Chapman,Consumer,United States,USCA,Central US,OFF-AP-3838,Office Supplies,Appliances,"Commercial WindTunnel Clean Air Upright Vacuum, Replacement Belts, Filtration Bags",1.5559999999999996,2,0.8,-4.2012
TU-2015-GA4725134-42250,2015-09-03 00:00:00,GA-4725134,Guy Armstrong,Consumer,Turkey,Asia Pacific,Western Asia,OFF-AP-3577,Office Supplies,Appliances,"Breville Refrigerator, White",206.98799999999997,1,0.6,-207.01199999999992
AU-2015-FM42158-42250,2015-09-03 00:00:00,FM-42158,Filia McAdams,Corporate,Austria,Europe,Western Europe,TEC-AC-4186,Technology,Accessories,"Enermax Router, Erganomic",512.2800000000001,2,0,204.89999999999998
MX-2015-MC1759093-42264,2015-09-17 00:00:00,MC-1759093,Matt Collister,Corporate,Nicaragua,LATAM,Central America,OFF-SU-2967,Office Supplies,Supplies,"Acme Box Cutter, Serrated",92,4,0,29.439999999999998
IN-2015-VG2180558-42273,2015-09-26 00:00:00,VG-2180558,Vivek Grady,Corporate,India,Asia Pacific,Southern Asia,TEC-AC-3402,Technology,Accessories,"Belkin Router, Bluetooth",258.75,1,0,75.03
MX-2015-KE1642031-42252,2015-09-05 00:00:00,KE-1642031,Katrina Edelman,Corporate,Cuba,LATAM,Caribbean,FUR-CH-5455,Furniture,Chairs,"Office Star Swivel Stool, Black",228.68000000000006,2,0,13.719999999999999
IN-2015-AW1084027-42251,2015-09-04 00:00:00,AW-1084027,Anthony Witt,Consumer,China,Asia Pacific,Eastern Asia,FUR-CH-4629,Furniture,Chairs,"Hon Bag Chairs, Set of Two",284.4,6,0,68.22
IN-2015-PR188807-42260,2015-09-13 00:00:00,PR-188807,Patrick Ryan,Consumer,Australia,Asia Pacific,Oceania,FUR-FU-4075,Furniture,Furnishings,"Eldon Light Bulb, Duo Pack",159.13799999999998,7,0.1,52.878
ES-2015-SW20275139-42249,2015-09-02 00:00:00,SW-20275139,Scott Williamson,Consumer,United Kingdom,Europe,Northern Europe,OFF-ST-4056,Office Supplies,Storage,"Eldon File Cart, Industrial",255.78000000000003,2,0,30.660000000000004
IN-2015-SC200507-42258,2015-09-11 00:00:00,SC-200507,Sample Company A,Home Office,Australia,Asia Pacific,Oceania,OFF-AR-3491,Office Supplies,Art,"Binney & Smith Markers, Water Color",73.62899999999999,3,0.1,26.108999999999998
ES-2015-VG2179045-42259,2015-09-12 00:00:00,VG-2179045,Vivek Gonzalez,Consumer,France,Europe,Western Europe,OFF-AR-6117,Office Supplies,Art,"Stanley Markers, Water Color",126.89999999999998,5,0,41.85000000000001
MX-2015-JF1541551-42263,2015-09-16 00:00:00,JF-1541551,Jennifer Ferguson,Consumer,Guatemala,LATAM,Central America,FUR-BO-3899,Furniture,Bookcases,"Dania Floating Shelf Set, Pine",227.6,2,0,43.239999999999995
ES-2015-DL1286591-42250,2015-09-03 00:00:00,DL-1286591,Dan Lawera,Consumer,Netherlands,Europe,Western Europe,FUR-BO-4844,Furniture,Bookcases,"Ikea 3-Shelf Cabinet, Metal",212.85000000000002,3,0.5,-144.81000000000003
MO-2015-BF121586-42252,2015-09-05 00:00:00,BF-121586,Benjamin Farhat,Home Office,Morocco,Africa,North Africa,FUR-CH-4681,Furniture,Chairs,"Hon Rocking Chair, Adjustable",133.11,1,0,63.87
ES-2015-PW1903045-42249,2015-09-02 00:00:00,PW-1903045,Pauline Webber,Corporate,France,Europe,Western Europe,OFF-BI-6369,Office Supplies,Binders,"Wilson Jones 3-Hole Punch, Clear",137.25,5,0,38.4
KZ-2015-PK891068-42248,2015-09-01 00:00:00,PK-891068,Paul Knutson,Home Office,Kazakhstan,Asia Pacific,Central Asia,FUR-CH-5411,Furniture,Chairs,"Novimex Swivel Stool, Adjustable",100.17000000000003,2,0.7,-207.03000000000003
ID-2015-LC1693097-42264,2015-09-17 00:00:00,LC-1693097,Linda Cazamias,Corporate,Pakistan,Asia Pacific,Southern Asia,FUR-BO-3616,Furniture,Bookcases,"Bush 3-Shelf Cabinet, Mobile",350.1360000000001,3,0.2,-30.654000000000018
MX-2015-LC1687036-42264,2015-09-17 00:00:00,LC-1687036,Lena Cacioppo,Consumer,Dominican Republic,LATAM,Caribbean,OFF-PA-6602,Office Supplies,Paper,"Xerox Cards & Envelopes, Premium",95.936,4,0.2,16.735999999999997
PL-2015-MH7455103-42277,2015-09-30 00:00:00,MH-7455103,Mark Hamilton,Consumer,Poland,Europe,Eastern Europe,TEC-MA-4199,Technology,Machines,"Epson Inkjet, Wireless",308.34000000000003,1,0,33.900000000000006
ES-2015-TS21205139-42262,2015-09-15 00:00:00,TS-21205139,Thomas Seio,Corporate,United Kingdom,Europe,Northern Europe,TEC-MA-4211,Technology,Machines,"Epson Receipt Printer, White",230.88000000000002,2,0,99.24
IT-2015-TG21640120-42262,2015-09-15 00:00:00,TG-21640120,Trudy Glocke,Consumer,Spain,Europe,Southern Europe,FUR-CH-5794,Furniture,Chairs,"SAFCO Rocking Chair, Black",211.96800000000005,2,0.2,-23.892000000000014
ES-2015-DK13225120-42259,2015-09-12 00:00:00,DK-13225120,Dean Katz,Corporate,Spain,Europe,Southern Europe,TEC-AC-3378,Technology,Accessories,"Belkin Flash Drive, Bluetooth",293.58,7,0,108.57
ID-2015-KM16720102-42255,2015-09-08 00:00:00,KM-16720102,Kunst Miller,Consumer,Philippines,Asia Pacific,Southeastern Asia,TEC-AC-5202,Technology,Accessories,"Memorex Keyboard, USB",157.41000000000003,4,0.45,-108.87000000000002
MX-2015-SS2051536-42264,2015-09-17 00:00:00,SS-2051536,Shirley Schmidt,Home Office,Dominican Republic,LATAM,Caribbean,FUR-CH-4632,Furniture,Chairs,"Hon Chairmat, Red",148.08,5,0.2,3.6799999999999953
ES-2015-AB1015045-42266,2015-09-19 00:00:00,AB-1015045,Aimee Bixby,Consumer,France,Europe,Western Europe,OFF-ST-6262,Office Supplies,Storage,"Tenex Lockers, Industrial",552.501,3,0.1,110.42099999999999
RS-2015-KF6285108-42256,2015-09-09 00:00:00,KF-6285108,Karen Ferguson,Home Office,Russia,Europe,Eastern Europe,OFF-BI-3718,Office Supplies,Binders,"Cardinal Binder Covers, Economy",144,12,0,5.76
IN-2015-LD170057-42267,2015-09-20 00:00:00,LD-170057,Lisa DeCherney,Consumer,Australia,Asia Pacific,Oceania,OFF-EN-4917,Office Supplies,Envelopes,"Jiffy Mailers, with clear poly window",256.473,7,0.1,82.593
ES-2015-SC2009548-42272,2015-09-25 00:00:00,SC-2009548,Sanjit Chand,Consumer,Germany,Europe,Western Europe,OFF-AR-3449,Office Supplies,Art,"BIC Canvas, Fluorescent",274.8,5,0,96.15
MX-2015-NR1855082-42273,2015-09-26 00:00:00,NR-1855082,Nick Radford,Consumer,Mexico,LATAM,Central America,OFF-ST-6247,Office Supplies,Storage,"Tenex File Cart, Industrial",357.68,4,0,14.24
MX-2015-EL1373582-42264,2015-09-17 00:00:00,EL-1373582,Ed Ludwig,Home Office,Mexico,LATAM,Central America,FUR-BO-5960,Furniture,Bookcases,"Sauder Floating Shelf Set, Mobile",210.24,2,0.2,7.8799999999999955
CA-2015-CL12700140-42264,2015-09-17 00:00:00,CL-127001408,Craig Leslie,Home Office,United States,USCA,Southern US,TEC-AC-4940,Technology,Accessories,KeyTronic E03601U1 - Keyboard - Beige,18,1,0,3.2399999999999984
ES-2015-MM1726014-42259,2015-09-12 00:00:00,MM-1726014,Magdelene Morse,Consumer,Belgium,Europe,Western Europe,TEC-AC-4151,Technology,Accessories,"Enermax Flash Drive, Bluetooth",166.07999999999998,4,0,53.04
TU-2015-EH4125134-42271,2015-09-24 00:00:00,EH-4125134,Eugene Hildebrand,Home Office,Turkey,Asia Pacific,Western Asia,OFF-AP-4501,Office Supplies,Appliances,"Hamilton Beach Refrigerator, Black",399.64799999999997,2,0.6,-419.6519999999999
US-2015-SM2095082-42274,2015-09-27 00:00:00,SM-2095082,Suzanne McNair,Corporate,Mexico,LATAM,Central America,TEC-CO-4593,Technology,Copiers,"Hewlett Wireless Fax, Laser",505.90616,2,0.002,14.186160000000001
ES-2015-DC1328545-42250,2015-09-03 00:00:00,DC-1328545,Debra Catini,Consumer,France,Europe,Western Europe,TEC-AC-5218,Technology,Accessories,"Memorex Mouse, Programmable",118.68,4,0,8.28
CA-2015-CY12745140-42262,2015-09-15 00:00:00,CY-127451406,Craig Yedwab,Corporate,United States,USCA,Eastern US,TEC-AC-5140,Technology,Accessories,Logitech Wireless Gaming Headset G930,895.9440000000002,7,0.2,190.3881
IN-2015-BD1177027-42260,2015-09-13 00:00:00,BD-1177027,Bryan Davis,Consumer,China,Asia Pacific,Eastern Asia,FUR-FU-5736,Furniture,Furnishings,"Rubbermaid Photo Frame, Duo Pack",259.05,5,0,124.19999999999999
MX-2015-RB1943518-42277,2015-09-30 00:00:00,RB-1943518,Richard Bierner,Consumer,Brazil,LATAM,South America,TEC-CO-3606,Technology,Copiers,"Brother Personal Copier, High-Speed",375.48752,4,0.002,18.04752
MX-2015-SS2051536-42264,2015-09-17 00:00:00,SS-2051536,Shirley Schmidt,Home Office,Dominican Republic,LATAM,Caribbean,TEC-AC-5121,Technology,Accessories,"Logitech Memory Card, Bluetooth",165.408,3,0.2,14.448000000000002
CA-2015-CY12745140-42264,2015-09-17 00:00:00,CY-127451404,Craig Yedwab,Corporate,United States,USCA,Western US,OFF-FA-5466,Office Supplies,Fasteners,"OIC Colored Binder Clips, Assorted Sizes",17.9,5,0,8.771
ES-2015-SV2081564-42251,2015-09-04 00:00:00,SV-2081564,Stuart Van,Corporate,Italy,Europe,Southern Europe,OFF-ST-4078,Office Supplies,Storage,"Eldon Lockers, Blue",237.492,2,0.4,-118.78800000000001
IN-2015-BG1103558-42253,2015-09-06 00:00:00,BG-1103558,Barry Gonzalez,Consumer,India,Asia Pacific,Southern Asia,TEC-CO-5993,Technology,Copiers,"Sharp Fax and Copier, Color",510.12,3,0,50.94
ES-2015-AH10210120-42267,2015-09-20 00:00:00,AH-10210120,Alan Hwang,Consumer,Spain,Europe,Southern Europe,OFF-AR-3554,Office Supplies,Art,"Boston Sketch Pad, Fluorescent",349.02,7,0,0
MX-2015-LL1684039-42277,2015-09-30 00:00:00,LL-1684039,Lauren Leatherbury,Consumer,El Salvador,LATAM,Central America,FUR-FU-4084,Furniture,Furnishings,"Eldon Photo Frame, Duo Pack",232.68,6,0,9.24
CA-2015-CA12775140-42249,2015-09-02 00:00:00,CA-127751402,Cynthia Arntzen,Consumer,United States,USCA,Central US,FUR-CH-4517,Furniture,Chairs,Harbour Creations 67200 Series Stacking Chairs,498.26000000000005,7,0,134.5302
ES-2015-JJ15445139-42273,2015-09-26 00:00:00,JJ-15445139,Jennifer Jackson,Consumer,United Kingdom,Europe,Northern Europe,OFF-AR-3554,Office Supplies,Art,"Boston Sketch Pad, Fluorescent",299.15999999999997,6,0,0
IN-2015-TT212207-42266,2015-09-19 00:00:00,TT-212207,Thomas Thornton,Consumer,Australia,Asia Pacific,Oceania,FUR-FU-3929,Furniture,Furnishings,"Deflect-O Clock, Duo Pack",317.331,7,0.1,123.29099999999998
IN-2015-HR14770102-42270,2015-09-23 00:00:00,HR-14770102,Hallie Redmond,Home Office,Philippines,Asia Pacific,Southeastern Asia,FUR-CH-5807,Furniture,Chairs,"SAFCO Swivel Stool, Red",251.91,2,0.25,47.00999999999999
US-2015-SM2095082-42274,2015-09-27 00:00:00,SM-2095082,Suzanne McNair,Corporate,Mexico,LATAM,Central America,TEC-PH-5251,Technology,Phones,"Motorola Headset, Cordless",275.3,5,0,19.2
ES-2015-KM1637548-42259,2015-09-12 00:00:00,KM-1637548,Katherine Murray,Home Office,Germany,Europe,Western Europe,OFF-AR-5903,Office Supplies,Art,"Sanford Canvas, Easy-Erase",152.37,3,0,19.8
SG-2015-AJ945111-42265,2015-09-18 00:00:00,AJ-945111,Ashley Jarboe,Consumer,Burkina Faso,Africa,Western Africa,TEC-AC-5897,Technology,Accessories,"SanDisk Router, USB",256.56,1,0,107.72999999999999
CA-2015-CV12805140-42252,2015-09-05 00:00:00,CV-128051404,Cynthia Voltz,Corporate,United States,USCA,Western US,OFF-BI-5643,Office Supplies,Binders,Pressboard Hanging Data Binders for Unburst Sheets,11.808,3,0.2,4.1328
ES-2015-BF1127596-42264,2015-09-17 00:00:00,BF-1127596,Beth Fritzler,Corporate,Norway,Europe,Northern Europe,TEC-PH-5336,Technology,Phones,"Nokia Audio Dock, Full Size",840.15,5,0,142.79999999999998
MX-2015-TH2111512-42270,2015-09-23 00:00:00,TH-2111512,Thea Hudgings,Corporate,Barbados,LATAM,Caribbean,OFF-BI-3256,Office Supplies,Binders,"Avery Binding Machine, Durable",234.92000000000002,7,0,32.75999999999999
MX-2015-OT1873026-42251,2015-09-04 00:00:00,OT-1873026,Olvera Toch,Consumer,Chile,LATAM,South America,FUR-BO-5770,Furniture,Bookcases,"Safco Corner Shelving, Pine",201.08,2,0,36.160000000000004
IN-2015-DL1333066-42258,2015-09-11 00:00:00,DL-1333066,Denise Leinenbach,Consumer,Japan,Asia Pacific,Eastern Asia,OFF-PA-6606,Office Supplies,Paper,"Xerox Computer Printout Paper, Multicolor",249.75,9,0,114.75
CA-2015-DK12835140-42257,2015-09-10 00:00:00,DK-128351404,Damala Kotsonis,Corporate,United States,USCA,Western US,OFF-PA-6484,Office Supplies,Paper,Xerox 1930,31.104000000000006,6,0.2,11.2752
IN-2015-JL1583527-42258,2015-09-11 00:00:00,JL-1583527,John Lee,Consumer,China,Asia Pacific,Eastern Asia,FUR-FU-6242,Furniture,Furnishings,"Tenex Door Stop, Duo Pack",219.75,5,0,35.099999999999994
CA-2015-DK12835140-42257,2015-09-10 00:00:00,DK-128351404,Damala Kotsonis,Corporate,United States,USCA,Western US,OFF-AP-3367,Office Supplies,Appliances,Belkin 7-Outlet SurgeMaster Home Series,11.176000000000002,1,0.2,0.8382000000000005
MX-2015-JL1585051-42252,2015-09-05 00:00:00,JL-1585051,John Lucas,Consumer,Guatemala,LATAM,Central America,OFF-ST-6059,Office Supplies,Storage,"Smead Shelving, Single Width",163.2,5,0,50.5
IT-2015-KC1625548-42276,2015-09-29 00:00:00,KC-1625548,Karen Carlisle,Corporate,Germany,Europe,Western Europe,TEC-PH-3141,Technology,Phones,"Apple Office Telephone, VoIP",261.48,4,0,99.35999999999999
ID-2015-DS131807-42251,2015-09-04 00:00:00,DS-131807,David Smith,Corporate,Australia,Asia Pacific,Oceania,TEC-AC-3396,Technology,Accessories,"Belkin Numeric Keypad, Bluetooth",259.875,5,0.1,95.175
CA-2015-DC12850140-42266,2015-09-19 00:00:00,DC-128501402,Dan Campbell,Consumer,United States,USCA,Central US,OFF-ST-2920,Office Supplies,Storage,Acco Perma 2700 Stacking Storage Drawers,47.584,2,0.2,-2.9739999999999966
MX-2015-BB1099018-42276,2015-09-29 00:00:00,BB-1099018,Barry Blumstein,Corporate,Brazil,LATAM,South America,FUR-FU-3955,Furniture,Furnishings,"Deflect-O Stacking Tray, Black",152.09999999999997,9,0,53.1
MX-2015-CA1205582-42276,2015-09-29 00:00:00,CA-1205582,Cathy Armstrong,Home Office,Mexico,LATAM,Central America,TEC-CO-3608,Technology,Copiers,"Brother Wireless Fax, Color",505.986,2,0.002,29.386000000000003
US-2015-SH206355-42256,2015-09-09 00:00:00,SH-206355,Stefanie Holloman,Corporate,Argentina,LATAM,South America,TEC-AC-4179,Technology,Accessories,"Enermax Numeric Keypad, Erganomic",94.128,4,0.4,-29.871999999999996
IN-2015-SS2051578-42264,2015-09-17 00:00:00,SS-2051578,Shirley Schmidt,Home Office,Malaysia,Asia Pacific,Southeastern Asia,OFF-PA-5852,Office Supplies,Paper,"SanDisk Computer Printout Paper, Multicolor",218.40000000000003,7,0,89.46
CA-2015-DC12850140-42266,2015-09-19 00:00:00,DC-128501402,Dan Campbell,Consumer,United States,USCA,Central US,OFF-AR-5291,Office Supplies,Art,Newell 314,8.928,2,0.2,0.5579999999999989
ES-2015-TS2116045-42264,2015-09-17 00:00:00,TS-2116045,Theresa Swint,Corporate,France,Europe,Western Europe,FUR-CH-5756,Furniture,Chairs,"SAFCO Chairmat, Adjustable",504.711,9,0.1,67.041
US-2015-DL12865140-42269,2015-09-22 00:00:00,DL-128651408,Dan Lawera,Consumer,United States,USCA,Southern US,OFF-BI-3325,Office Supplies,Binders,"Avery Trapezoid Ring Binder, 3"" Capacity, Black, 1040 sheets",12.294,1,0.7,-8.605799999999999
ES-2015-JW1607545-42252,2015-09-05 00:00:00,JW-1607545,Julia West,Consumer,France,Europe,Western Europe,OFF-ST-4056,Office Supplies,Storage,"Eldon File Cart, Industrial",230.20200000000003,2,0.1,5.082000000000001
IZ-2015-AS13561-42277,2015-09-30 00:00:00,AS-13561,Adrian Shami,Home Office,Iraq,Asia Pacific,Western Asia,FUR-BO-5966,Furniture,Bookcases,"Sauder Library with Doors, Metal",387.09000000000003,1,0,127.71000000000001
ID-2015-BS1138092-42255,2015-09-08 00:00:00,BS-1138092,Bill Stewart,Corporate,New Zealand,Asia Pacific,Oceania,TEC-PH-3818,Technology,Phones,"Cisco Speaker Phone, with Caller ID",166.176,2,0.4,2.7360000000000184
IN-2015-WB2185058-42273,2015-09-26 00:00:00,WB-2185058,William Brown,Consumer,India,Asia Pacific,Southern Asia,TEC-AC-4174,Technology,Accessories,"Enermax Mouse, USB",161.99999999999997,4,0,38.88
ES-2015-TS2161045-42251,2015-09-04 00:00:00,TS-2161045,Troy Staebel,Consumer,France,Europe,Western Europe,FUR-BO-5972,Furniture,Bookcases,"Sauder Stackable Bookrack, Pine",268.812,2,0.1,83.59200000000001
US-2015-HH1501082-42272,2015-09-25 00:00:00,HH-1501082,Hilary Holden,Corporate,Mexico,LATAM,Central America,FUR-FU-6254,Furniture,Furnishings,"Tenex Frame, Duo Pack",132.048,3,0.4,-55.032
EG-2015-CR273038-42266,2015-09-19 00:00:00,CR-273038,Craig Reiter,Consumer,Egypt,Africa,North Africa,TEC-MA-4209,Technology,Machines,"Epson Receipt Printer, Durable",117.15,1,0,8.19
ES-2015-AR1040545-42258,2015-09-11 00:00:00,AR-1040545,Allen Rosenblatt,Corporate,France,Europe,Western Europe,OFF-BI-6384,Office Supplies,Binders,"Wilson Jones Binding Machine, Economy",244.8,5,0,88.05
IN-2015-FM1429027-42264,2015-09-17 00:00:00,FM-1429027,Frank Merwin,Home Office,China,Asia Pacific,Eastern Asia,TEC-AC-4172,Technology,Accessories,"Enermax Mouse, Erganomic",190.49999999999997,5,0,64.65
CM-2015-HD478522-42263,2015-09-16 00:00:00,HD-478522,Harold Dahlen,Home Office,Cameroon,Africa,Central Africa,OFF-ST-4260,Office Supplies,Storage,"Fellowes File Cart, Wire Frame",272.76000000000005,2,0,57.239999999999995
UZ-2015-NF8475142-42255,2015-09-08 00:00:00,NF-8475142,Neil Französisch,Home Office,Uzbekistan,Asia Pacific,Central Asia,TEC-AC-4186,Technology,Accessories,"Enermax Router, Erganomic",256.14000000000004,1,0,102.44999999999999
CA-2015-DB12910140-42259,2015-09-12 00:00:00,DB-129101408,Daniel Byrd,Home Office,United States,USCA,Southern US,OFF-PA-6489,Office Supplies,Paper,Xerox 1935,184.66,7,0,84.94359999999999
US-2015-HR1477098-42270,2015-09-23 00:00:00,HR-1477098,Hallie Redmond,Home Office,Panama,LATAM,Central America,TEC-PH-3805,Technology,Phones,"Cisco Smart Phone, Cordless",260.592,1,0.4,-160.708
MX-2015-MH1729082-42272,2015-09-25 00:00:00,MH-1729082,Marc Harrigan,Home Office,Mexico,LATAM,Central America,TEC-AC-5216,Technology,Accessories,"Memorex Mouse, Bluetooth",187.80000000000004,10,0,13
ES-2015-AR1057044-42265,2015-09-18 00:00:00,AR-1057044,Anemone Ratner,Consumer,Finland,Europe,Northern Europe,TEC-AC-3396,Technology,Accessories,"Belkin Numeric Keypad, Bluetooth",173.25,3,0,74.42999999999999
ID-2015-AH10465102-42272,2015-09-25 00:00:00,AH-10465102,Amy Hunt,Consumer,Philippines,Asia Pacific,Southeastern Asia,OFF-SU-4304,Office Supplies,Supplies,"Fiskars Box Cutter, High Speed",175.82399999999998,9,0.45,-140.886
IN-2015-BG110357-42250,2015-09-03 00:00:00,BG-110357,Barry Gonzalez,Consumer,Australia,Asia Pacific,Oceania,OFF-SU-4135,Office Supplies,Supplies,"Elite Trimmer, Easy Grip",181.818,7,0.4,-27.341999999999985
ES-2015-RR1952548-42277,2015-09-30 00:00:00,RR-1952548,Rick Reed,Corporate,Germany,Europe,Western Europe,OFF-SU-4320,Office Supplies,Supplies,"Fiskars Shears, High Speed",285.84000000000003,6,0,140.04
CA-2015-DM12955140-42255,2015-09-08 00:00:00,DM-129551408,Dario Medina,Corporate,United States,USCA,Southern US,OFF-AP-4220,Office Supplies,Appliances,Eureka The Boss Cordless Rechargeable Stick Vac,81.568,2,0.2,7.1372000000000035
MX-2015-NC1841528-42264,2015-09-17 00:00:00,NC-1841528,Nathan Cano,Consumer,Colombia,LATAM,South America,OFF-ST-4057,Office Supplies,Storage,"Eldon File Cart, Single Width",255.83999999999997,3,0,46.02
ID-2015-DH13675102-42277,2015-09-30 00:00:00,DH-13675102,Duane Huffman,Home Office,Philippines,Asia Pacific,Southeastern Asia,OFF-BI-2892,Office Supplies,Binders,"Acco Binder Covers, Durable",138.56699999999998,11,0.15000000000000002,14.486999999999995
UP-2015-IM5070137-42273,2015-09-26 00:00:00,IM-5070137,Irene Maddox,Consumer,Ukraine,Europe,Eastern Europe,TEC-CO-3703,Technology,Copiers,"Canon Personal Copier, Color",288.36,2,0,14.399999999999999
ES-2015-BG1103564-42251,2015-09-04 00:00:00,BG-1103564,Barry Gonzalez,Consumer,Italy,Europe,Southern Europe,OFF-PA-4176,Office Supplies,Paper,"Enermax Note Cards, Multicolor",293.76,9,0,61.56
ES-2015-AZ1075048-42258,2015-09-11 00:00:00,AZ-1075048,Annie Zypern,Consumer,Germany,Europe,Western Europe,TEC-AC-3393,Technology,Accessories,"Belkin Mouse, Erganomic",192.59999999999997,5,0,32.7
ID-2015-DS131807-42251,2015-09-04 00:00:00,DS-131807,David Smith,Corporate,Australia,Asia Pacific,Oceania,FUR-BO-3896,Furniture,Bookcases,"Dania Corner Shelving, Traditional",659.178,6,0.1,-0.16200000000000614
ES-2015-AH1019564-42277,2015-09-30 00:00:00,AH-1019564,Alan Haines,Corporate,Italy,Europe,Southern Europe,OFF-AR-3460,Office Supplies,Art,"BIC Pencil Sharpener, Blue",145.04999999999998,5,0,59.39999999999999
IV-2015-EH394529-42258,2015-09-11 00:00:00,EH-394529,Eric Hoffmann,Consumer,Cote d'Ivoire,Africa,Western Africa,FUR-FU-6242,Furniture,Furnishings,"Tenex Door Stop, Duo Pack",175.8,4,0,79.08
UZ-2015-DK2835142-42262,2015-09-15 00:00:00,DK-2835142,Damala Kotsonis,Corporate,Uzbekistan,Asia Pacific,Central Asia,TEC-MA-4201,Technology,Machines,"Epson Phone, Durable",162.17999999999998,2,0,22.68
MX-2015-DM1301551-42273,2015-09-26 00:00:00,DM-1301551,Darrin Martin,Consumer,Guatemala,LATAM,Central America,OFF-PA-5849,Office Supplies,Paper,"SanDisk Cards & Envelopes, Premium",129.12,4,0,64.56
TU-2015-KN6450134-42249,2015-09-02 00:00:00,KN-6450134,Kean Nguyen,Corporate,Turkey,Asia Pacific,Western Asia,TEC-MA-5498,Technology,Machines,"Okidata Card Printer, Red",415.15200000000004,6,0.6,-498.34800000000007
IN-2015-DL1333066-42258,2015-09-11 00:00:00,DL-1333066,Denise Leinenbach,Consumer,Japan,Asia Pacific,Eastern Asia,OFF-AP-4959,Office Supplies,Appliances,"KitchenAid Microwave, White",308.46,1,0,86.34
IR-2015-NC841560-42263,2015-09-16 00:00:00,NC-841560,Nathan Cano,Consumer,Iran,Asia Pacific,Southern Asia,TEC-AC-5129,Technology,Accessories,"Logitech Mouse, USB",117.96000000000001,4,0,15.24
US-2015-MG1768036-42251,2015-09-04 00:00:00,MG-1768036,Maureen Gastineau,Home Office,Dominican Republic,LATAM,Caribbean,TEC-AC-5123,Technology,Accessories,"Logitech Memory Card, Programmable",279.68,5,0.2,-38.52
US-2015-DS13030140-42276,2015-09-29 00:00:00,DS-130301404,Darrin Sayre,Home Office,United States,USCA,Western US,OFF-AP-4932,Office Supplies,Appliances,Kensington 7 Outlet MasterPiece HOMEOFFICE Power Control Center,209.79200000000003,2,0.2,26.22399999999999
US-2015-DS13030140-42276,2015-09-29 00:00:00,DS-130301404,Darrin Sayre,Home Office,United States,USCA,Western US,OFF-ST-4456,Office Supplies,Storage,"Gould Plastics 18-Pocket Panel Bin, 34w x 5-1/4d x 20-1/2h",147.184,2,0.2,-29.436800000000012
IN-2015-BF1102059-42257,2015-09-10 00:00:00,BF-1102059,Barry Französisch,Corporate,Indonesia,Asia Pacific,Southeastern Asia,TEC-CO-3703,Technology,Copiers,"Canon Personal Copier, Color",268.1748,2,0.07,17.254799999999996
US-2015-DS13030140-42276,2015-09-29 00:00:00,DS-130301404,Darrin Sayre,Home Office,United States,USCA,Western US,OFF-BI-4341,Office Supplies,Binders,GBC DocuBind P50 Personal Binding Machine,76.77600000000001,4,0.7,-58.86159999999998
US-2015-BF1127598-42274,2015-09-27 00:00:00,BF-1127598,Beth Fritzler,Corporate,Panama,LATAM,Central America,OFF-ST-4094,Office Supplies,Storage,"Eldon Shelving, Blue",135.576,7,0.4,15.736
IR-2015-RF973560-42251,2015-09-04 00:00:00,RF-973560,Roland Fjeld,Consumer,Iran,Asia Pacific,Southern Asia,TEC-PH-5844,Technology,Phones,"Samsung Speaker Phone, Full Size",124.53,1,0,29.880000000000003
US-2015-HR1477098-42270,2015-09-23 00:00:00,HR-1477098,Hallie Redmond,Home Office,Panama,LATAM,Central America,TEC-AC-5130,Technology,Accessories,"Logitech Numeric Keypad, Bluetooth",92.64,5,0.4,-4.660000000000002
US-2015-DS13030140-42276,2015-09-29 00:00:00,DS-130301404,Darrin Sayre,Home Office,United States,USCA,Western US,FUR-FU-3883,Furniture,Furnishings,Dana Halogen Swing-Arm Architect Lamp,32.776,1,0.2,3.2776000000000014
ES-2015-JK1612014-42272,2015-09-25 00:00:00,JK-1612014,Julie Kriz,Home Office,Belgium,Europe,Western Europe,OFF-ST-6032,Office Supplies,Storage,"Smead File Cart, Industrial",641.9999999999999,5,0,179.7
US-2015-DS13030140-42276,2015-09-29 00:00:00,DS-130301404,Darrin Sayre,Home Office,United States,USCA,Western US,TEC-AC-5049,Technology,Accessories,Lenovo 17-Key USB Numeric Keypad,54.38400000000001,2,0.2,1.359599999999995
ES-2015-BB1099064-42263,2015-09-16 00:00:00,BB-1099064,Barry Blumstein,Corporate,Italy,Europe,Southern Europe,OFF-AR-3447,Office Supplies,Art,"BIC Canvas, Blue",107.39999999999999,2,0,8.58
US-2015-DS13030140-42276,2015-09-29 00:00:00,DS-130301404,Darrin Sayre,Home Office,United States,USCA,Western US,OFF-PA-6551,Office Supplies,Paper,Xerox 1992,14.352000000000002,3,0.2,5.2026
EG-2015-KH633038-42267,2015-09-20 00:00:00,KH-633038,Katharine Harms,Corporate,Egypt,Africa,North Africa,OFF-ST-4060,Office Supplies,Storage,"Eldon Folders, Blue",101.88,6,0,17.28
US-2015-TS21340143-42262,2015-09-15 00:00:00,TS-21340143,Toby Swindell,Consumer,Venezuela,LATAM,South America,TEC-CO-6010,Technology,Copiers,"Sharp Wireless Fax, Digital",283.49984,2,0.402,-185.86016
IN-2015-SL2015592-42257,2015-09-10 00:00:00,SL-2015592,Sara Luxemburg,Home Office,New Zealand,Asia Pacific,Oceania,TEC-AC-4155,Technology,Accessories,"Enermax Keyboard, Bluetooth",333.84000000000003,4,0,9.959999999999999
CA-2015-DB13060140-42263,2015-09-16 00:00:00,DB-130601402,Dave Brooks,Consumer,United States,USCA,Central US,TEC-PH-3182,Technology,Phones,Avaya 5420 Digital phone,323.97600000000006,3,0.2,20.248499999999993
ES-2015-LO1717048-42255,2015-09-08 00:00:00,LO-1717048,Lori Olson,Corporate,Germany,Europe,Western Europe,OFF-AR-3463,Office Supplies,Art,"BIC Pencil Sharpener, Water Color",289.71,9,0,109.89000000000001
EG-2015-DK283538-42262,2015-09-15 00:00:00,DK-283538,Damala Kotsonis,Corporate,Egypt,Africa,North Africa,OFF-ST-5705,Office Supplies,Storage,"Rogers Shelving, Blue",62.129999999999995,1,0,3.09
ES-2015-PW1903045-42249,2015-09-02 00:00:00,PW-1903045,Pauline Webber,Corporate,France,Europe,Western Europe,OFF-ST-5706,Office Supplies,Storage,"Rogers Shelving, Industrial",169.047,3,0.1,37.557
IT-2015-SC2005091-42258,2015-09-11 00:00:00,SC-2005091,Sample Company A,Home Office,Netherlands,Europe,Western Europe,OFF-AP-4719,Office Supplies,Appliances,"Hoover Blender, Black",96.60000000000001,2,0.5,-61.86000000000001
IN-2015-BS1166558-42250,2015-09-03 00:00:00,BS-1166558,Brian Stugart,Consumer,India,Asia Pacific,Southern Asia,OFF-EN-5026,Office Supplies,Envelopes,"Kraft Clasp Envelope, Security-Tint",79.79999999999998,7,0,1.4700000000000002
ES-2015-EP1391545-42264,2015-09-17 00:00:00,EP-1391545,Emily Phan,Consumer,France,Europe,Western Europe,OFF-SU-6180,Office Supplies,Supplies,"Stiletto Trimmer, Easy Grip",177.48000000000002,4,0,40.8
MX-2015-DJ1351018-42250,2015-09-03 00:00:00,DJ-1351018,Don Jones,Corporate,Brazil,LATAM,South America,TEC-CO-3706,Technology,Copiers,"Canon Personal Copier, Laser",379.87872,4,0.002,162.83872
CA-2015-DP13105140-42267,2015-09-20 00:00:00,DP-131051404,Dave Poirier,Corporate,United States,USCA,Western US,TEC-AC-5235,Technology,Accessories,Microsoft Natural Ergonomic Keyboard 4000,149.95,5,0,31.489499999999992
CA-2015-DP13105140-42267,2015-09-20 00:00:00,DP-131051404,Dave Poirier,Corporate,United States,USCA,Western US,OFF-AR-5308,Office Supplies,Art,Newell 33,16.740000000000002,3,0,4.854599999999998
CA-2015-DP13105140-42267,2015-09-20 00:00:00,DP-131051404,Dave Poirier,Corporate,United States,USCA,Western US,OFF-AR-3518,Office Supplies,Art,Boston 16765 Mini Stand Up Battery Pencil Sharpener,23.32,2,0,6.063200000000002
US-2015-TS21340143-42262,2015-09-15 00:00:00,TS-21340143,Toby Swindell,Consumer,Venezuela,LATAM,South America,FUR-CH-4699,Furniture,Chairs,"Hon Steel Folding Chair, Red",162.83999999999997,5,0.4,-54.35999999999999
ES-2015-AZ1075048-42258,2015-09-11 00:00:00,AZ-1075048,Annie Zypern,Consumer,Germany,Europe,Western Europe,TEC-PH-5813,Technology,Phones,"Samsung Audio Dock, Full Size",336.24,2,0,43.68
ES-2015-KH1669064-42267,2015-09-20 00:00:00,KH-1669064,Kristen Hastings,Corporate,Italy,Europe,Southern Europe,OFF-AR-5933,Office Supplies,Art,"Sanford Sketch Pad, Water Color",145.98,3,0,68.58
ID-2015-JW1607578-42254,2015-09-07 00:00:00,JW-1607578,Julia West,Consumer,Malaysia,Asia Pacific,Southeastern Asia,FUR-FU-6255,Furniture,Furnishings,"Tenex Frame, Durable",321.03000000000003,3,0,73.8
ID-2015-CM1211566-42250,2015-09-03 00:00:00,CM-1211566,Chad McGuire,Consumer,Japan,Asia Pacific,Eastern Asia,TEC-AC-5137,Technology,Accessories,"Logitech Router, USB",742.5900000000001,3,0,267.29999999999995
IZ-2015-RD990061-42277,2015-09-30 00:00:00,RD-990061,Ruben Dartt,Consumer,Iraq,Asia Pacific,Western Asia,TEC-CO-4779,Technology,Copiers,"HP Ink, High-Speed",126.89999999999999,1,0,7.59
US-2015-SJ2021554-42255,2015-09-08 00:00:00,SJ-2021554,Sarah Jordon,Consumer,Haiti,LATAM,Caribbean,OFF-EN-5029,Office Supplies,Envelopes,"Kraft Interoffice Envelope, Recycled",73.152,4,0.4,-1.2480000000000018
AU-2015-FM42158-42250,2015-09-03 00:00:00,FM-42158,Filia McAdams,Corporate,Austria,Europe,Western Europe,FUR-CH-5366,Furniture,Chairs,"Novimex Bag Chairs, Adjustable",193.8,4,0,48.36
US-2015-MN1793555-42250,2015-09-03 00:00:00,MN-1793555,Michael Nguyen,Consumer,Honduras,LATAM,Central America,OFF-BI-4817,Office Supplies,Binders,"Ibico Binding Machine, Economy",102.84,5,0.4,-3.460000000000002
MX-2015-AM1036018-42255,2015-09-08 00:00:00,AM-1036018,Alice McCarthy,Corporate,Brazil,LATAM,South America,FUR-FU-4084,Furniture,Furnishings,"Eldon Photo Frame, Duo Pack",310.24,8,0,12.32
US-2015-DW13195140-42270,2015-09-23 00:00:00,DW-131951404,David Wiener,Corporate,United States,USCA,Western US,OFF-PA-6084,Office Supplies,Paper,Southworth 25% Cotton Linen-Finish Paper & Envelopes,27.18,3,0,12.231
IN-2015-JP1546058-42258,2015-09-11 00:00:00,JP-1546058,Jennifer Patt,Corporate,India,Asia Pacific,Southern Asia,TEC-AC-5222,Technology,Accessories,"Memorex Numeric Keypad, USB",172.08,4,0,27.48
SF-2015-DK3225117-42259,2015-09-12 00:00:00,DK-3225117,Dean Katz,Corporate,South Africa,Africa,Southern Africa,FUR-FU-4103,Furniture,Furnishings,"Eldon Stacking Tray, Durable",228.24,8,0,47.76
EG-2015-AC66038-42250,2015-09-03 00:00:00,AC-66038,Anna Chung,Consumer,Egypt,Africa,North Africa,FUR-FU-6268,Furniture,Furnishings,"Tenex Photo Frame, Black",207.36,4,0,57.96
IT-2015-JF1556564-42257,2015-09-10 00:00:00,JF-1556564,Jill Fjeld,Consumer,Italy,Europe,Southern Europe,OFF-ST-5689,Office Supplies,Storage,"Rogers Box, Wire Frame",55.296,4,0.4,-25.823999999999998
US-2015-CM11815101-42271,2015-09-24 00:00:00,CM-11815101,Candace McMahon,Corporate,Peru,LATAM,South America,FUR-CH-4531,Furniture,Chairs,"Harbour Creations Executive Leather Armchair, Black",568.3319999999999,3,0.4,-142.128
IR-2015-AB25560-42249,2015-09-02 00:00:00,AB-25560,Alejandro Ballentine,Home Office,Iran,Asia Pacific,Southern Asia,FUR-FU-5729,Furniture,Furnishings,"Rubbermaid Frame, Durable",213.84000000000003,2,0,53.46
ID-2015-MD1735092-42271,2015-09-24 00:00:00,MD-1735092,Maribeth Dona,Consumer,New Zealand,Asia Pacific,Oceania,FUR-CH-5379,Furniture,Chairs,"Novimex Executive Leather Armchair, Black",549.5399999999998,2,0.4,-338.93999999999994
IT-2015-VF2171564-42263,2015-09-16 00:00:00,VF-2171564,Vicky Freymann,Home Office,Italy,Europe,Southern Europe,FUR-CH-4563,Furniture,Chairs,"Harbour Creations Swivel Stool, Red",288.192,4,0.6,-180.168
ES-2015-GW14605139-42250,2015-09-03 00:00:00,GW-14605139,Giulietta Weimer,Consumer,United Kingdom,Europe,Northern Europe,TEC-PH-5815,Technology,Phones,"Samsung Audio Dock, with Caller ID",166.82999999999998,1,0,4.9799999999999995
IN-2015-PS18760102-42263,2015-09-16 00:00:00,PS-18760102,Pamela Stobb,Consumer,Philippines,Asia Pacific,Southeastern Asia,TEC-CO-3689,Technology,Copiers,"Canon Fax Machine, Laser",206.95350000000005,1,0.35,31.81349999999999
MX-2015-RB1943518-42277,2015-09-30 00:00:00,RB-1943518,Richard Bierner,Consumer,Brazil,LATAM,South America,FUR-BO-5798,Furniture,Bookcases,"Safco Stackable Bookrack, Pine",200.44,2,0,82.16
ID-2015-CM12190102-42276,2015-09-29 00:00:00,CM-12190102,Charlotte Melton,Consumer,Philippines,Asia Pacific,Southeastern Asia,FUR-FU-4074,Furniture,Furnishings,"Eldon Light Bulb, Black",94.50000000000001,5,0.25,-21.450000000000003
CA-2015-Dp13240140-42263,2015-09-16 00:00:00,Dp-132401406,Dean percer,Home Office,United States,USCA,Eastern US,OFF-ST-4089,Office Supplies,Storage,Eldon ProFile File 'N Store Portable File Tub Letter/Legal Size Black,38.62,2,0,10.813600000000001
CA-2015-Dp13240140-42263,2015-09-16 00:00:00,Dp-132401406,Dean percer,Home Office,United States,USCA,Eastern US,TEC-AC-5232,Technology,Accessories,Micro Innovations Wireless Classic Keyboard with Mouse,59.98,2,0,10.796399999999998
IN-2015-CM1216027-42272,2015-09-25 00:00:00,CM-1216027,Charles McCrossin,Consumer,China,Asia Pacific,Eastern Asia,TEC-CO-3704,Technology,Copiers,"Canon Personal Copier, Digital",427.14,3,0,187.92000000000002
CA-2015-Dp13240140-42255,2015-09-08 00:00:00,Dp-132401404,Dean percer,Home Office,United States,USCA,Western US,OFF-BI-6407,Office Supplies,Binders,Wilson Jones Leather-Like Binders with DublLock Round Rings,7.857000000000002,3,0.7,-6.0237
TU-2015-CK2205134-42276,2015-09-29 00:00:00,CK-2205134,Chloris Kastensmidt,Consumer,Turkey,Asia Pacific,Western Asia,TEC-CO-4787,Technology,Copiers,"HP Personal Copier, Laser",99.432,2,0.6,-64.66799999999999
IN-2015-NL1831092-42266,2015-09-19 00:00:00,NL-1831092,Nancy Lomonaco,Home Office,New Zealand,Asia Pacific,Oceania,OFF-EN-3664,Office Supplies,Envelopes,"Cameo Interoffice Envelope, with clear poly window",50.970000000000006,1,0,6.09
MX-2015-GM1444037-42265,2015-09-18 00:00:00,GM-1444037,Gary McGarr,Consumer,Ecuador,LATAM,South America,FUR-FU-4074,Furniture,Furnishings,"Eldon Light Bulb, Black",50.4,3,0,14.580000000000002
ES-2015-PV1898545-42270,2015-09-23 00:00:00,PV-1898545,Paul Van Hugh,Home Office,France,Europe,Western Europe,TEC-PH-5266,Technology,Phones,"Motorola Signal Booster, with Caller ID",364.9815,3,0.15,107.31149999999997
IZ-2015-MO795061-42271,2015-09-24 00:00:00,MO-795061,Michael Oakman,Consumer,Iraq,Asia Pacific,Western Asia,TEC-PH-5812,Technology,Phones,"Samsung Audio Dock, Cordless",169.68,1,0,30.54
ID-2015-JW1607578-42254,2015-09-07 00:00:00,JW-1607578,Julia West,Consumer,Malaysia,Asia Pacific,Southeastern Asia,TEC-PH-5844,Technology,Phones,"Samsung Speaker Phone, Full Size",249.06,2,0,12.419999999999998
US-2015-BT1168055-42250,2015-09-03 00:00:00,BT-1168055,Brian Thompson,Consumer,Honduras,LATAM,Central America,FUR-CH-5413,Furniture,Chairs,"Novimex Swivel Stool, Red",197.352,3,0.4,-13.188000000000011
CG-2015-MH744033-42273,2015-09-26 00:00:00,MH-744033,Mark Haberlin,Corporate,Democratic Republic of the Congo,Africa,Central Africa,FUR-BO-3896,Furniture,Bookcases,"Dania Corner Shelving, Traditional",244.14,2,0,82.98
IT-2015-HM14860139-42259,2015-09-12 00:00:00,HM-14860139,Harry Marie,Corporate,United Kingdom,Europe,Northern Europe,OFF-SU-3004,Office Supplies,Supplies,"Acme Trimmer, Steel",87.96000000000001,2,0,19.32
MX-2015-AH1046582-42249,2015-09-02 00:00:00,AH-1046582,Amy Hunt,Consumer,Mexico,LATAM,Central America,OFF-SU-4133,Office Supplies,Supplies,"Elite Shears, Serrated",203.97999999999996,7,0,0
MX-2015-NC1841528-42264,2015-09-17 00:00:00,NC-1841528,Nathan Cano,Consumer,Colombia,LATAM,South America,TEC-MA-5543,Technology,Machines,"Panasonic Card Printer, Red",227.95999999999998,2,0,36.43999999999999
MX-2015-RM1967539-42265,2015-09-18 00:00:00,RM-1967539,Robert Marley,Home Office,El Salvador,LATAM,Central America,FUR-CH-4633,Furniture,Chairs,"Hon Chairmat, Set of Two",231.12000000000003,6,0,103.91999999999999
MX-2015-MH1762082-42265,2015-09-18 00:00:00,MH-1762082,Matt Hagelstein,Corporate,Mexico,LATAM,Central America,OFF-ST-6033,Office Supplies,Storage,"Smead File Cart, Single Width",171.84,2,0,65.28
ES-2015-SV2081564-42251,2015-09-04 00:00:00,SV-2081564,Stuart Van,Corporate,Italy,Europe,Southern Europe,OFF-BI-2881,Office Supplies,Binders,"Acco 3-Hole Punch, Clear",88.74000000000001,3,0,15.03
MX-2015-DC1285082-42270,2015-09-23 00:00:00,DC-1285082,Dan Campbell,Consumer,Mexico,LATAM,Central America,OFF-ST-5712,Office Supplies,Storage,"Rogers Trays, Wire Frame",121.5,3,0,19.439999999999998
IN-2015-JD158957-42271,2015-09-24 00:00:00,JD-158957,Jonathan Doherty,Corporate,Australia,Asia Pacific,Oceania,TEC-PH-3801,Technology,Phones,"Cisco Signal Booster, Full Size",306.24,2,0,30.599999999999998
IT-2015-JF1556564-42257,2015-09-10 00:00:00,JF-1556564,Jill Fjeld,Consumer,Italy,Europe,Southern Europe,OFF-ST-6281,Office Supplies,Storage,"Tenex Trays, Blue",130.10399999999998,4,0.4,-41.255999999999986
MX-2015-SZ2003551-42257,2015-09-10 00:00:00,SZ-2003551,Sam Zeldin,Home Office,Guatemala,LATAM,Central America,OFF-BI-2902,Office Supplies,Binders,"Acco Binding Machine, Recycled",205.8,6,0,80.16
ES-2015-AH10690139-42270,2015-09-23 00:00:00,AH-10690139,Anna Häberlin,Corporate,United Kingdom,Europe,Northern Europe,FUR-BO-3648,Furniture,Bookcases,"Bush Stackable Bookrack, Traditional",245.93999999999997,2,0,61.44
MX-2015-LW1699031-42273,2015-09-26 00:00:00,LW-1699031,Lindsay Williams,Corporate,Cuba,LATAM,Caribbean,OFF-ST-5693,Office Supplies,Storage,"Rogers File Cart, Single Width",188.84,2,0,41.52
MX-2015-PW1924082-42269,2015-09-22 00:00:00,PW-1924082,Pierre Wener,Consumer,Mexico,LATAM,Central America,OFF-ST-5710,Office Supplies,Storage,"Rogers Trays, Industrial",124.31999999999998,3,0,12.419999999999998
CA-2015-DP339023-42269,2015-09-22 00:00:00,DP-339023,Dennis Pardue,Home Office,Canada,USCA,Canada,OFF-AP-3565,Office Supplies,Appliances,"Breville Blender, White",90.99000000000001,1,0,19.080000000000002
IN-2015-BD1177027-42260,2015-09-13 00:00:00,BD-1177027,Bryan Davis,Consumer,China,Asia Pacific,Eastern Asia,OFF-AR-6112,Office Supplies,Art,"Stanley Highlighters, Fluorescent",63.83999999999999,4,0,8.879999999999999
ES-2015-CY1274564-42250,2015-09-03 00:00:00,CY-1274564,Craig Yedwab,Corporate,Italy,Europe,Southern Europe,OFF-AR-3527,Office Supplies,Art,"Boston Canvas, Fluorescent",274.5,5,0,49.35000000000001
PL-2015-BH1710103-42276,2015-09-29 00:00:00,BH-1710103,Brosina Hoffman,Consumer,Poland,Europe,Eastern Europe,TEC-PH-3787,Technology,Phones,"Cisco Audio Dock, with Caller ID",182.07,1,0,40.05
BU-2015-CJ187519-42255,2015-09-08 00:00:00,CJ-187519,Carl Jackson,Corporate,Bulgaria,Europe,Eastern Europe,FUR-TA-5052,Furniture,Tables,"Lesro Coffee Table, Rectangular",249.57,1,0,4.9799999999999995
MX-2015-CS1225093-42269,2015-09-22 00:00:00,CS-1225093,Chris Selesnick,Corporate,Nicaragua,LATAM,Central America,FUR-CH-5408,Furniture,Chairs,"Novimex Steel Folding Chair, Red",109.64000000000001,2,0,0
MX-2015-CD1192039-42272,2015-09-25 00:00:00,CD-1192039,Carlos Daly,Consumer,El Salvador,LATAM,Central America,FUR-CH-5442,Furniture,Chairs,"Office Star Executive Leather Armchair, Black",311.61999999999995,1,0,34.260000000000005
ML-2015-NP868579-42255,2015-09-08 00:00:00,NP-868579,Nora Pelletier,Home Office,Mali,Africa,Western Africa,FUR-BO-4851,Furniture,Bookcases,"Ikea Classic Bookcase, Traditional",411.75,1,0,156.45
MX-2015-VD2167039-42252,2015-09-05 00:00:00,VD-2167039,Valerie Dominguez,Consumer,El Salvador,LATAM,Central America,OFF-AR-3457,Office Supplies,Art,"BIC Markers, Easy-Erase",53.4,3,0,19.74
IN-2015-TS213707-42271,2015-09-24 00:00:00,TS-213707,Todd Sumrall,Corporate,Australia,Asia Pacific,Oceania,TEC-MA-5006,Technology,Machines,"Konica Inkjet, Durable",280.665,1,0.1,106.005
IN-2015-PG1882097-42251,2015-09-04 00:00:00,PG-1882097,Patrick Gardner,Consumer,Pakistan,Asia Pacific,Southern Asia,FUR-FU-6270,Furniture,Furnishings,"Tenex Photo Frame, Durable",117.28800000000001,3,0.2,32.238
IR-2015-LW699060-42265,2015-09-18 00:00:00,LW-699060,Lindsay Williams,Corporate,Iran,Asia Pacific,Southern Asia,OFF-SU-4976,Office Supplies,Supplies,"Kleencut Box Cutter, Steel",272.4,8,0,43.44
IT-2015-IM15070139-42273,2015-09-26 00:00:00,IM-15070139,Irene Maddox,Consumer,United Kingdom,Europe,Northern Europe,OFF-PA-4476,Office Supplies,Paper,"Green Bar Message Books, Premium",85.644,4,0.1,-0.03599999999999959
MX-2015-KE1642031-42252,2015-09-05 00:00:00,KE-1642031,Katrina Edelman,Corporate,Cuba,LATAM,Caribbean,OFF-SU-4985,Office Supplies,Supplies,"Kleencut Scissors, Easy Grip",47.82000000000001,3,0,12.419999999999998
ES-2015-LE168108-42270,2015-09-23 00:00:00,LE-168108,Laurel Elliston,Consumer,Austria,Europe,Western Europe,FUR-CH-4628,Furniture,Chairs,"Hon Bag Chairs, Red",90.3,2,0,29.759999999999998
IT-2015-DV1304591-42273,2015-09-26 00:00:00,DV-1304591,Darrin Van Huff,Corporate,Netherlands,Europe,Western Europe,TEC-AC-5117,Technology,Accessories,"Logitech Keyboard, Programmable",73.95,2,0.5,-59.190000000000005
CA-2015-DJ13510140-42260,2015-09-13 00:00:00,DJ-135101406,Don Jones,Corporate,United States,USCA,Eastern US,OFF-PA-6571,Office Supplies,Paper,Xerox 209,45.36,7,0,21.772800000000004
IT-2015-PO1886548-42252,2015-09-05 00:00:00,PO-1886548,Patrick O'Donnell,Consumer,Germany,Europe,Western Europe,OFF-AR-6106,Office Supplies,Art,"Stanley Canvas, Easy-Erase",149.21999999999997,3,0,35.730000000000004
CA-2015-DJ13510140-42260,2015-09-13 00:00:00,DJ-135101406,Don Jones,Corporate,United States,USCA,Eastern US,OFF-BI-3085,Office Supplies,Binders,Aluminum Screw Posts,45.78,3,0,22.89
IN-2015-RD1966059-42276,2015-09-29 00:00:00,RD-1966059,Robert Dilbeck,Home Office,Indonesia,Asia Pacific,Southeastern Asia,OFF-BI-3254,Office Supplies,Binders,"Avery Binder, Recycled",99.05219999999998,9,0.17,6.982200000000002
UZ-2015-DK2835142-42262,2015-09-15 00:00:00,DK-2835142,Damala Kotsonis,Corporate,Uzbekistan,Asia Pacific,Central Asia,TEC-PH-3144,Technology,Phones,"Apple Signal Booster, Full Size",551.76,4,0,27.48
IR-2015-RF973560-42251,2015-09-04 00:00:00,RF-973560,Roland Fjeld,Consumer,Iran,Asia Pacific,Southern Asia,OFF-AR-5903,Office Supplies,Art,"Sanford Canvas, Easy-Erase",101.58,2,0,13.200000000000001
IN-2015-RS1942027-42270,2015-09-23 00:00:00,RS-1942027,Ricardo Sperren,Corporate,China,Asia Pacific,Eastern Asia,OFF-AR-3545,Office Supplies,Art,"Boston Pencil Sharpener, Water Color",257.03999999999996,8,0,95.03999999999999
ES-2015-TP21415139-42251,2015-09-04 00:00:00,TP-21415139,Tom Prescott,Consumer,United Kingdom,Europe,Northern Europe,OFF-AR-6116,Office Supplies,Art,"Stanley Markers, Fluorescent",46.919999999999995,2,0,15.899999999999999
CA-2015-DW13540140-42271,2015-09-24 00:00:00,DW-135401404,Don Weiss,Consumer,United States,USCA,Western US,OFF-AP-3369,Office Supplies,Appliances,Belkin 8 Outlet SurgeMaster II Gold Surge Protector,119.96,2,0,33.588800000000006
CA-2015-DW13540140-42271,2015-09-24 00:00:00,DW-135401404,Don Weiss,Consumer,United States,USCA,Western US,OFF-ST-6157,Office Supplies,Storage,Sterilite Officeware Hinged File Box,31.44,3,0,8.488800000000001
CA-2015-DW13540140-42271,2015-09-24 00:00:00,DW-135401404,Don Weiss,Consumer,United States,USCA,Western US,OFF-BI-3307,Office Supplies,Binders,Avery Printable Repositionable Plastic Tabs,6.88,1,0.2,2.322
CA-2015-DB13555140-42262,2015-09-15 00:00:00,DB-135551408,Dorothy Badders,Corporate,United States,USCA,Southern US,OFF-AP-2863,Office Supplies,Appliances,3.6 Cubic Foot Counter Height Office Refrigerator,942.7840000000001,4,0.2,94.27840000000003
IT-2015-BF1121564-42256,2015-09-09 00:00:00,BF-1121564,Benjamin Farhat,Home Office,Italy,Europe,Southern Europe,OFF-AR-6108,Office Supplies,Art,"Stanley Canvas, Water Color",157.95000000000002,3,0,69.48
CA-2015-DB13555140-42262,2015-09-15 00:00:00,DB-135551408,Dorothy Badders,Corporate,United States,USCA,Southern US,OFF-PA-6546,Office Supplies,Paper,Xerox 1988,74.352,3,0.2,23.234999999999992
IN-2015-JD161507-42251,2015-09-04 00:00:00,JD-161507,Justin Deggeller,Corporate,Australia,Asia Pacific,Oceania,OFF-ST-4250,Office Supplies,Storage,"Fellowes Box, Blue",53.135999999999996,3,0.1,22.985999999999997
CA-2015-DB13555140-42256,2015-09-09 00:00:00,DB-135551406,Dorothy Badders,Corporate,United States,USCA,Eastern US,TEC-AC-4879,Technology,Accessories,Imation Swivel Flash Drive USB flash drive - 8 GB,9.096,1,0.2,1.7054999999999998
ES-2015-JC1577545-42267,2015-09-20 00:00:00,JC-1577545,John Castell,Consumer,France,Europe,Western Europe,FUR-CH-4633,Furniture,Chairs,"Hon Chairmat, Set of Two",104.004,2,0.1,13.824000000000002
IN-2015-HG1484558-42264,2015-09-17 00:00:00,HG-1484558,Harry Greene,Consumer,India,Asia Pacific,Southern Asia,FUR-CH-5367,Furniture,Chairs,"Novimex Bag Chairs, Black",87.06,2,0,0.8400000000000001
TU-2015-SB10170134-42256,2015-09-09 00:00:00,SB-10170134,Sarah Bern,Consumer,Turkey,Asia Pacific,Western Asia,TEC-PH-3151,Technology,Phones,"Apple Speaker Phone, Full Size",99.67200000000001,2,0.6,-42.408
ES-2015-JW1607545-42252,2015-09-05 00:00:00,JW-1607545,Julia West,Consumer,France,Europe,Western Europe,OFF-AR-5911,Office Supplies,Art,"Sanford Highlighters, Easy-Erase",48.06,3,0,1.8900000000000001
MX-2015-JF1541551-42256,2015-09-09 00:00:00,JF-1541551,Jennifer Ferguson,Consumer,Guatemala,LATAM,Central America,TEC-PH-3785,Technology,Phones,"Cisco Audio Dock, Full Size",244.48000000000002,2,0,75.76
IT-2015-SP2086091-42273,2015-09-26 00:00:00,SP-2086091,Sung Pak,Corporate,Netherlands,Europe,Western Europe,OFF-AR-3463,Office Supplies,Art,"BIC Pencil Sharpener, Water Color",80.475,5,0.5,-19.42499999999999
ES-2015-MW18220139-42253,2015-09-06 00:00:00,MW-18220139,Mitch Webber,Consumer,United Kingdom,Europe,Northern Europe,OFF-EN-4916,Office Supplies,Envelopes,"Jiffy Mailers, Set of 50",111.51,3,0,24.48
CA-2015-Dl13600140-42250,2015-09-03 00:00:00,Dl-136001406,Dorris liebe,Corporate,United States,USCA,Eastern US,FUR-FU-4019,Furniture,Furnishings,"Eldon 200 Class Desk Accessories, Burgundy",15.072000000000003,3,0.2,4.1448
MX-2015-NR1855082-42273,2015-09-26 00:00:00,NR-1855082,Nick Radford,Consumer,Mexico,LATAM,Central America,OFF-AR-3528,Office Supplies,Art,"Boston Canvas, Water Color",151.52,4,0,68.16
CA-2015-DB13615140-42269,2015-09-22 00:00:00,DB-136151404,Doug Bickford,Consumer,United States,USCA,Western US,OFF-PA-3012,Office Supplies,Paper,"Adams Telephone Message Book w/Frequently-Called Numbers Space, 400 Messages per Book",55.86,7,0,27.93
CG-2015-JR570033-42272,2015-09-25 00:00:00,JR-570033,Jocasta Rupert,Consumer,Democratic Republic of the Congo,Africa,Central Africa,OFF-ST-5692,Office Supplies,Storage,"Rogers File Cart, Industrial",566.4000000000001,4,0,96.24
CA-2015-DO13645140-42263,2015-09-16 00:00:00,DO-136451404,Doug O'Connell,Consumer,United States,USCA,Western US,OFF-BI-3325,Office Supplies,Binders,"Avery Trapezoid Ring Binder, 3"" Capacity, Black, 1040 sheets",295.056,9,0.2,106.95779999999998
CA-2015-DO13645140-42271,2015-09-24 00:00:00,DO-136451408,Doug O'Connell,Consumer,United States,USCA,Southern US,TEC-AC-5238,Technology,Accessories,Microsoft Wireless Mobile Mouse 4000,199.95000000000002,5,0,63.98399999999999
US-2015-DO13645140-42252,2015-09-05 00:00:00,DO-136451408,Doug O'Connell,Consumer,United States,USCA,Southern US,FUR-CH-4428,Furniture,Chairs,"Global Value Steno Chair, Gray",97.18400000000001,2,0.2,6.074000000000002
CA-2015-DO13645140-42271,2015-09-24 00:00:00,DO-136451408,Doug O'Connell,Consumer,United States,USCA,Southern US,OFF-PA-6589,Office Supplies,Paper,Xerox 225,12.96,2,0,6.2208000000000006
TZ-2015-TH11115129-42250,2015-09-03 00:00:00,TH-11115129,Thea Hudgings,Corporate,Tanzania,Africa,Eastern Africa,FUR-BO-5966,Furniture,Bookcases,"Sauder Library with Doors, Metal",387.09000000000003,1,0,127.71000000000001
US-2015-DO13645140-42252,2015-09-05 00:00:00,DO-136451408,Doug O'Connell,Consumer,United States,USCA,Southern US,OFF-PA-6576,Office Supplies,Paper,Xerox 213,10.368000000000002,2,0.2,3.6288
EG-2015-AC66038-42250,2015-09-03 00:00:00,AC-66038,Anna Chung,Consumer,Egypt,Africa,North Africa,TEC-CO-4779,Technology,Copiers,"HP Ink, High-Speed",126.89999999999999,1,0,7.59
CA-2015-DB13660140-42271,2015-09-24 00:00:00,DB-136601404,Duane Benoit,Consumer,United States,USCA,Western US,FUR-CH-4489,Furniture,Chairs,GuestStacker Chair with Chrome Finish Legs,594.816,2,0.2,59.481600000000014
CA-2015-DB13660140-42271,2015-09-24 00:00:00,DB-136601404,Duane Benoit,Consumer,United States,USCA,Western US,OFF-PA-6460,Office Supplies,Paper,Xerox 1909,211.04,8,0,97.07839999999999
CA-2015-DB13660140-42271,2015-09-24 00:00:00,DB-136601404,Duane Benoit,Consumer,United States,USCA,Western US,OFF-BI-4833,Office Supplies,Binders,Ibico Plastic Spiral Binding Combs,72.96000000000001,3,0.2,23.711999999999996
RS-2015-KF6285108-42256,2015-09-09 00:00:00,KF-6285108,Karen Ferguson,Home Office,Russia,Europe,Eastern Europe,OFF-BI-6381,Office Supplies,Binders,"Wilson Jones Binder, Recycled",80.28,6,0,30.42
MX-2015-PG1882093-42270,2015-09-23 00:00:00,PG-1882093,Patrick Gardner,Consumer,Nicaragua,LATAM,Central America,OFF-PA-4143,Office Supplies,Paper,"Enermax Cards & Envelopes, 8.5 x 11",204.96000000000004,6,0,77.88000000000001
MX-2015-LB1679539-42252,2015-09-05 00:00:00,LB-1679539,Laurel Beltran,Home Office,El Salvador,LATAM,Central America,OFF-AR-5921,Office Supplies,Art,"Sanford Pencil Sharpener, Easy-Erase",216.71999999999997,12,0,75.84
MX-2015-TB2152082-42273,2015-09-26 00:00:00,TB-2152082,Tracy Blumstein,Consumer,Mexico,LATAM,Central America,OFF-AR-5903,Office Supplies,Art,"Sanford Canvas, Easy-Erase",169.3,5,0,3.3
MX-2015-SK1999018-42252,2015-09-05 00:00:00,SK-1999018,Sally Knutson,Consumer,Brazil,LATAM,South America,OFF-AR-3464,Office Supplies,Art,"BIC Pens, Blue",57.11999999999999,6,0,0.4800000000000001
ID-2015-EM14200130-42250,2015-09-03 00:00:00,EM-14200130,Evan Minnotte,Home Office,Thailand,Asia Pacific,Southeastern Asia,OFF-SU-2996,Office Supplies,Supplies,"Acme Shears, Steel",78.41880000000002,3,0.47000000000000003,-35.52120000000002
ID-2015-KM16720102-42255,2015-09-08 00:00:00,KM-16720102,Kunst Miller,Consumer,Philippines,Asia Pacific,Southeastern Asia,OFF-AR-5903,Office Supplies,Art,"Sanford Canvas, Easy-Erase",111.73800000000001,4,0.45,-30.581999999999994
BO-2015-DL331513-42266,2015-09-19 00:00:00,DL-331513,Delfina Latchford,Consumer,Belarus,Europe,Eastern Europe,OFF-AR-3526,Office Supplies,Art,"Boston Canvas, Easy-Erase",107.82,2,0,24.78
IN-2015-SC2005027-42270,2015-09-23 00:00:00,SC-2005027,Sample Company A,Home Office,China,Asia Pacific,Eastern Asia,OFF-ST-6039,Office Supplies,Storage,"Smead Folders, Industrial",125.78999999999999,7,0,57.75
IZ-2015-RW969061-42258,2015-09-11 00:00:00,RW-969061,Robert Waldorf,Consumer,Iraq,Asia Pacific,Western Asia,FUR-BO-5771,Furniture,Bookcases,"Safco Corner Shelving, Traditional",149.46,1,0,26.880000000000003
IN-2015-MB1808566-42257,2015-09-10 00:00:00,MB-1808566,Mick Brown,Consumer,Japan,Asia Pacific,Eastern Asia,TEC-MA-6145,Technology,Machines,"StarTech Phone, White",145.85999999999999,2,0,11.64
IT-2015-PO1886548-42252,2015-09-05 00:00:00,PO-1886548,Patrick O'Donnell,Consumer,Germany,Europe,Western Europe,OFF-AR-3468,Office Supplies,Art,"BIC Sketch Pad, Blue",97.32,2,0,17.46
MX-2015-HP1481518-42267,2015-09-20 00:00:00,HP-1481518,Harold Pawlan,Home Office,Brazil,LATAM,South America,OFF-SU-6161,Office Supplies,Supplies,"Stiletto Box Cutter, High Speed",47.96,2,0,15.8
NI-2015-KH636095-42251,2015-09-04 00:00:00,KH-636095,Katherine Hughes,Consumer,Nigeria,Africa,Western Africa,TEC-CO-3695,Technology,Copiers,"Canon Ink, Digital",44.037000000000006,1,0.7,-86.61299999999999
UP-2015-GK4620137-42269,2015-09-22 00:00:00,GK-4620137,Grace Kelly,Corporate,Ukraine,Europe,Eastern Europe,TEC-AC-3396,Technology,Accessories,"Belkin Numeric Keypad, Bluetooth",115.5,2,0,49.62
MX-2015-CS1246093-42259,2015-09-12 00:00:00,CS-1246093,Chuck Sachs,Consumer,Nicaragua,LATAM,Central America,TEC-AC-3384,Technology,Accessories,"Belkin Keyboard, Bluetooth",55.92,1,0,3.34
ES-2015-TS2161045-42251,2015-09-04 00:00:00,TS-2161045,Troy Staebel,Consumer,France,Europe,Western Europe,OFF-AR-3491,Office Supplies,Art,"Binney & Smith Markers, Water Color",245.43,9,0,41.58
ES-2015-BG1103564-42251,2015-09-04 00:00:00,BG-1103564,Barry Gonzalez,Consumer,Italy,Europe,Southern Europe,TEC-PH-3140,Technology,Phones,"Apple Office Telephone, Full Size",199.70999999999998,5,0.4,13.26000000000002
IN-2015-BE113357-42273,2015-09-26 00:00:00,BE-113357,Bill Eplett,Home Office,Australia,Asia Pacific,Oceania,TEC-MA-5570,Technology,Machines,"Panasonic Phone, Wireless",152.71200000000002,2,0.1,-13.608
IR-2015-SR1074060-42266,2015-09-19 00:00:00,SR-1074060,Steven Roelle,Home Office,Iran,Asia Pacific,Southern Asia,OFF-ST-4259,Office Supplies,Storage,"Fellowes File Cart, Single Width",137.34,1,0,0
IT-2015-KB1640562-42274,2015-09-27 00:00:00,KB-1640562,Katrina Bavinger,Home Office,Ireland,Europe,Northern Europe,OFF-AR-6126,Office Supplies,Art,"Stanley Sketch Pad, Easy-Erase",44.7,2,0.5,-27.720000000000002
ES-2015-RD1958548-42265,2015-09-18 00:00:00,RD-1958548,Rob Dowd,Consumer,Germany,Europe,Western Europe,OFF-ST-6274,Office Supplies,Storage,"Tenex Shelving, Single Width",147.66299999999998,3,0.1,24.542999999999996
PL-2015-AJ795103-42248,2015-09-01 00:00:00,AJ-795103,Anthony Johnson,Corporate,Poland,Europe,Eastern Europe,FUR-CH-5795,Furniture,Chairs,"SAFCO Rocking Chair, Red",134.91,1,0,6.720000000000001
ID-2015-CG12520130-42273,2015-09-26 00:00:00,CG-12520130,Claire Gute,Consumer,Thailand,Asia Pacific,Southeastern Asia,OFF-BI-4803,Office Supplies,Binders,"Ibico 3-Hole Punch, Clear",99.30120000000001,4,0.17,16.741199999999996
ID-2015-KB163157-42249,2015-09-02 00:00:00,KB-163157,Karl Braun,Consumer,Australia,Asia Pacific,Oceania,OFF-FA-6195,Office Supplies,Fasteners,"Stockwell Push Pins, Bulk Pack",116.39700000000002,9,0.1,24.326999999999995
MX-2015-HG1484531-42260,2015-09-13 00:00:00,HG-1484531,Harry Greene,Consumer,Cuba,LATAM,Caribbean,FUR-CH-5803,Furniture,Chairs,"SAFCO Steel Folding Chair, Set of Two",175.92,3,0,82.68
MX-2015-RC1982536-42251,2015-09-04 00:00:00,RC-1982536,Roy Collins,Consumer,Dominican Republic,LATAM,Caribbean,OFF-SU-2995,Office Supplies,Supplies,"Acme Shears, Serrated",149.18400000000003,6,0.2,31.584000000000003
ES-2015-DR1294045-42271,2015-09-24 00:00:00,DR-1294045,Daniel Raglin,Home Office,France,Europe,Western Europe,OFF-SU-4989,Office Supplies,Supplies,"Kleencut Shears, Easy Grip",145.17000000000002,3,0,0
SA-2015-JO5550110-42258,2015-09-11 00:00:00,JO-5550110,Jesus Ocampo,Home Office,Saudi Arabia,Asia Pacific,Western Asia,OFF-ST-5707,Office Supplies,Storage,"Rogers Shelving, Single Width",248.64,4,0,19.799999999999997
MX-2015-WB2185082-42265,2015-09-18 00:00:00,WB-2185082,William Brown,Consumer,Mexico,LATAM,Central America,FUR-CH-5414,Furniture,Chairs,"Novimex Swivel Stool, Set of Two",266.73600000000005,3,0.2,56.67599999999997
ES-2015-MS17770139-42275,2015-09-28 00:00:00,MS-17770139,Maxwell Schwartz,Consumer,United Kingdom,Europe,Northern Europe,OFF-AR-3489,Office Supplies,Art,"Binney & Smith Markers, Easy-Erase",73.08,3,0,29.160000000000004
ES-2015-JH1582045-42256,2015-09-09 00:00:00,JH-1582045,John Huston,Consumer,France,Europe,Western Europe,OFF-LA-3313,Office Supplies,Labels,"Avery Removable Labels, Laser Printer Compatible",42.96,4,0,8.52
ES-2015-NG1843048-42272,2015-09-25 00:00:00,NG-1843048,Nathan Gelder,Consumer,Germany,Europe,Western Europe,OFF-AR-3537,Office Supplies,Art,"Boston Markers, Blue",184.59000000000003,7,0,75.60000000000001
MX-2015-CR1273051-42262,2015-09-15 00:00:00,CR-1273051,Craig Reiter,Consumer,Guatemala,LATAM,Central America,OFF-AR-3456,Office Supplies,Art,"BIC Markers, Blue",35.239999999999995,2,0,13.719999999999999
CA-2015-EB13870140-42269,2015-09-22 00:00:00,EB-138701406,Emily Burns,Consumer,United States,USCA,Eastern US,OFF-BI-4884,Office Supplies,Binders,Insertable Tab Indexes For Data Binders,1.9080000000000004,2,0.7,-1.5264000000000002
MX-2015-HG1484539-42260,2015-09-13 00:00:00,HG-1484539,Harry Greene,Consumer,El Salvador,LATAM,Central America,FUR-CH-5802,Furniture,Chairs,"SAFCO Steel Folding Chair, Red",114.28,2,0,38.839999999999996
MD-2015-MC742583-42260,2015-09-13 00:00:00,MC-742583,Mark Cousins,Corporate,Moldova,Europe,Eastern Europe,FUR-CH-4632,Furniture,Chairs,"Hon Chairmat, Red",111.06,2,0,15.54
IN-2015-TC209807-42251,2015-09-04 00:00:00,TC-209807,Tamara Chand,Corporate,Australia,Asia Pacific,Oceania,OFF-AR-3553,Office Supplies,Art,"Boston Sketch Pad, Easy-Erase",351.864,8,0.1,46.824
ID-2015-MG176957-42264,2015-09-17 00:00:00,MG-176957,Maureen Gnade,Consumer,Australia,Asia Pacific,Oceania,FUR-BO-4847,Furniture,Bookcases,"Ikea 3-Shelf Cabinet, Traditional",85.464,1,0.4,2.8440000000000083
ES-2015-MF1825045-42249,2015-09-02 00:00:00,MF-1825045,Monica Federle,Corporate,France,Europe,Western Europe,OFF-PA-4177,Office Supplies,Paper,"Enermax Note Cards, Premium",171,6,0,17.099999999999998
EG-2015-AC66038-42250,2015-09-03 00:00:00,AC-66038,Anna Chung,Consumer,Egypt,Africa,North Africa,TEC-AC-5887,Technology,Accessories,"SanDisk Numeric Keypad, Bluetooth",110.70000000000002,2,0,17.700000000000003
US-2015-EP13915140-42251,2015-09-04 00:00:00,EP-139151402,Emily Phan,Consumer,United States,USCA,Central US,OFF-BI-5636,Office Supplies,Binders,"Premier Elliptical Ring Binder, Black",42.61599999999999,7,0.8,-68.18560000000002
US-2015-KE1642082-42253,2015-09-06 00:00:00,KE-1642082,Katrina Edelman,Corporate,Mexico,LATAM,Central America,FUR-FU-5729,Furniture,Furnishings,"Rubbermaid Frame, Durable",42.768000000000015,1,0.4,-27.812000000000012
ES-2015-DH1307548-42258,2015-09-11 00:00:00,DH-1307548,Dave Hallsten,Corporate,Germany,Europe,Western Europe,OFF-AR-6105,Office Supplies,Art,"Stanley Canvas, Blue",148.41,3,0,23.669999999999998
IN-2015-MZ1751558-42251,2015-09-04 00:00:00,MZ-1751558,Mary Zewe,Corporate,India,Asia Pacific,Southern Asia,OFF-BI-3725,Office Supplies,Binders,"Cardinal Binding Machine, Durable",102.54000000000002,2,0,18.419999999999998
MX-2015-TB2119039-42271,2015-09-24 00:00:00,TB-2119039,Thomas Brumley,Home Office,El Salvador,LATAM,Central America,TEC-CO-3710,Technology,Copiers,"Canon Wireless Fax, Laser",251.93512,1,0.002,65.11512
US-2015-JR1621055-42264,2015-09-17 00:00:00,JR-1621055,Justin Ritter,Corporate,Honduras,LATAM,Central America,FUR-CH-4704,Furniture,Chairs,"Hon Swivel Stool, Set of Two",464.5200000000001,7,0.4,-100.66000000000004
MX-2015-TB2117582-42258,2015-09-11 00:00:00,TB-2117582,Thomas Boland,Corporate,Mexico,LATAM,Central America,FUR-CH-5367,Furniture,Chairs,"Novimex Bag Chairs, Black",69.648,3,0.2,20.867999999999995
IN-2015-CJ118757-42258,2015-09-11 00:00:00,CJ-118757,Carl Jackson,Corporate,Australia,Asia Pacific,Oceania,OFF-SU-4118,Office Supplies,Supplies,"Elite Box Cutter, Serrated",170.58599999999998,6,0.1,64.386
ID-2015-AS1013592-42253,2015-09-06 00:00:00,AS-1013592,Adrian Shami,Home Office,New Zealand,Asia Pacific,Oceania,FUR-BO-5771,Furniture,Bookcases,"Safco Corner Shelving, Traditional",179.352,2,0.4,-5.988000000000014
IN-2015-FM1429027-42264,2015-09-17 00:00:00,FM-1429027,Frank Merwin,Home Office,China,Asia Pacific,Eastern Asia,FUR-CH-5438,Furniture,Chairs,"Office Star Chairmat, Black",253.56,4,0,91.19999999999999
IN-2015-VG2180558-42273,2015-09-26 00:00:00,VG-2180558,Vivek Grady,Corporate,India,Asia Pacific,Southern Asia,OFF-PA-5847,Office Supplies,Paper,"SanDisk Cards & Envelopes, 8.5 x 11",210.24,4,0,10.44
MX-2015-MB1808582-42272,2015-09-25 00:00:00,MB-1808582,Mick Brown,Consumer,Mexico,LATAM,Central America,TEC-PH-5358,Technology,Phones,"Nokia Speaker Phone, Full Size",165.92,2,0,11.6
MX-2015-EM1381031-42266,2015-09-19 00:00:00,EM-1381031,Eleni McCrary,Corporate,Cuba,LATAM,Caribbean,OFF-PA-5849,Office Supplies,Paper,"SanDisk Cards & Envelopes, Premium",193.68,6,0,96.84
ES-2015-NG1835545-42259,2015-09-12 00:00:00,NG-1835545,Nat Gilpin,Corporate,France,Europe,Western Europe,OFF-SU-4322,Office Supplies,Supplies,"Fiskars Shears, Steel",94.08,2,0,27.240000000000002
MX-2015-RD1981093-42248,2015-09-01 00:00:00,RD-1981093,Ross DeVincentis,Home Office,Nicaragua,LATAM,Central America,FUR-FU-6238,Furniture,Furnishings,"Tenex Clock, Durable",252.16,8,0,90.72
ID-2015-JB159257-42273,2015-09-26 00:00:00,JB-159257,Joni Blumstein,Consumer,Australia,Asia Pacific,Oceania,TEC-AC-5874,Technology,Accessories,"SanDisk Memory Card, Programmable",307.557,3,0.1,-34.173
ES-2015-TB2125048-42248,2015-09-01 00:00:00,TB-2125048,Tim Brockman,Consumer,Germany,Europe,Western Europe,OFF-AR-3469,Office Supplies,Art,"BIC Sketch Pad, Easy-Erase",122.32499999999999,5,0.5,-0.07499999999997442
ES-2015-AH1003048-42251,2015-09-04 00:00:00,AH-1003048,Aaron Hawkins,Corporate,Germany,Europe,Western Europe,TEC-AC-5887,Technology,Accessories,"SanDisk Numeric Keypad, Bluetooth",166.05,3,0,26.550000000000004
EG-2015-DJ351038-42251,2015-09-04 00:00:00,DJ-351038,Don Jones,Corporate,Egypt,Africa,North Africa,TEC-AC-4155,Technology,Accessories,"Enermax Keyboard, Bluetooth",83.46000000000001,1,0,40.05
CA-2015-EH14005140-42270,2015-09-23 00:00:00,EH-140051402,Erica Hernandez,Home Office,United States,USCA,Central US,FUR-BO-5522,Furniture,Bookcases,O'Sullivan 4-Shelf Bookcase in Odessa Pine,241.96,2,0,41.13319999999999
CA-2015-EH14005140-42270,2015-09-23 00:00:00,EH-140051402,Erica Hernandez,Home Office,United States,USCA,Central US,OFF-LA-3233,Office Supplies,Labels,Avery 511,27.72,9,0,13.3056
US-2015-ES14020140-42263,2015-09-16 00:00:00,ES-140201404,Erica Smith,Consumer,United States,USCA,Western US,OFF-BI-4337,Office Supplies,Binders,GBC DocuBind 200 Manual Binding Machine,2357.4880000000003,7,0.2,884.058
IN-2015-DW134807-42271,2015-09-24 00:00:00,DW-134807,Dianna Wilson,Home Office,Australia,Asia Pacific,Oceania,FUR-FU-4043,Furniture,Furnishings,"Eldon Door Stop, Erganomic",87.804,2,0.1,13.643999999999998
US-2015-ES14020140-42263,2015-09-16 00:00:00,ES-140201404,Erica Smith,Consumer,United States,USCA,Western US,TEC-PH-5563,Technology,Phones,Panasonic KX-TG6844B Expandable Digital Cordless Telephone,369.544,7,0.2,32.335100000000025
US-2015-ES14020140-42263,2015-09-16 00:00:00,ES-140201404,Erica Smith,Consumer,United States,USCA,Western US,FUR-CH-4404,Furniture,Chairs,Global Deluxe Steno Chair,184.752,3,0.2,-20.78460000000001
MD-2015-AP91583-42277,2015-09-30 00:00:00,AP-91583,Arthur Prichep,Consumer,Moldova,Europe,Eastern Europe,TEC-PH-5844,Technology,Phones,"Samsung Speaker Phone, Full Size",124.53,1,0,29.880000000000003
IR-2015-MC810060-42265,2015-09-18 00:00:00,MC-810060,Mick Crebagga,Consumer,Iran,Asia Pacific,Southern Asia,OFF-AR-5913,Office Supplies,Art,"Sanford Highlighters, Water Color",151.44,8,0,54.480000000000004
IT-2015-BF1121564-42256,2015-09-09 00:00:00,BF-1121564,Benjamin Farhat,Home Office,Italy,Europe,Southern Europe,OFF-ST-5705,Office Supplies,Storage,"Rogers Shelving, Blue",149.112,4,0.4,-87.048
IZ-2015-NW840061-42252,2015-09-05 00:00:00,NW-840061,Natalie Webber,Consumer,Iraq,Asia Pacific,Western Asia,TEC-CO-4580,Technology,Copiers,"Hewlett Ink, Digital",148.32,1,0,66.72
MO-2015-BN151586-42270,2015-09-23 00:00:00,BN-151586,Bradley Nguyen,Consumer,Morocco,Africa,North Africa,OFF-EN-4444,Office Supplies,Envelopes,"GlobeWeis Mailers, Security-Tint",245.7,6,0,95.76
ES-2015-DC1328545-42250,2015-09-03 00:00:00,DC-1328545,Debra Catini,Consumer,France,Europe,Western Europe,OFF-AR-3492,Office Supplies,Art,"Binney & Smith Pencil Sharpener, Easy-Erase",167.57999999999998,6,0,18.36
TZ-2015-MY8295129-42253,2015-09-06 00:00:00,MY-8295129,Muhammed Yedwab,Corporate,Tanzania,Africa,Eastern Africa,FUR-CH-5439,Furniture,Chairs,"Office Star Chairmat, Red",65.82000000000001,1,0,26.31
MX-2015-TB2135582-42248,2015-09-01 00:00:00,TB-2135582,Todd Boyes,Corporate,Mexico,LATAM,Central America,OFF-EN-4445,Office Supplies,Envelopes,"GlobeWeis Mailers, Set of 50",179.9,7,0,46.76
ES-2015-TB2152064-42257,2015-09-10 00:00:00,TB-2152064,Tracy Blumstein,Consumer,Italy,Europe,Southern Europe,OFF-BI-3724,Office Supplies,Binders,"Cardinal Binding Machine, Clear",98.46000000000002,2,0,39.36
SG-2015-AJ945111-42265,2015-09-18 00:00:00,AJ-945111,Ashley Jarboe,Consumer,Burkina Faso,Africa,Western Africa,TEC-CO-3704,Technology,Copiers,"Canon Personal Copier, Digital",142.38,1,0,7.11
IN-2015-DL1333066-42258,2015-09-11 00:00:00,DL-1333066,Denise Leinenbach,Consumer,Japan,Asia Pacific,Eastern Asia,TEC-MA-6142,Technology,Machines,"StarTech Inkjet, Wireless",301.77000000000004,1,0,138.81
CA-2015-ES14080140-42267,2015-09-20 00:00:00,ES-140801408,Erin Smith,Corporate,United States,USCA,Southern US,OFF-ST-3018,Office Supplies,Storage,"Advantus 10-Drawer Portable Organizer, Chrome Metal Frame, Smoke Drawers",95.616,2,0.2,9.56160000000001
SF-2015-JM6195117-42252,2015-09-05 00:00:00,JM-6195117,Justin MacKendrick,Consumer,South Africa,Africa,Southern Africa,FUR-FU-6242,Furniture,Furnishings,"Tenex Door Stop, Duo Pack",175.8,4,0,79.08
MX-2015-EH1394539-42272,2015-09-25 00:00:00,EH-1394539,Eric Hoffmann,Consumer,El Salvador,LATAM,Central America,OFF-AR-3539,Office Supplies,Art,"Boston Markers, Fluorescent",73.67999999999999,4,0,25.76
CA-2015-EM14095140-42256,2015-09-09 00:00:00,EM-140951406,Eudokia Martin,Corporate,United States,USCA,Eastern US,OFF-ST-3016,Office Supplies,Storage,Adjustable Personal File Tote,65.12,4,0,16.931200000000004
CA-2015-EB14110140-42256,2015-09-09 00:00:00,EB-141101406,Eugene Barchas,Consumer,United States,USCA,Eastern US,TEC-PH-2879,Technology,Phones,Aastra 6757i CT Wireless VoIP phone,258.52799999999996,2,0.4,-47.39680000000001
MX-2015-CS1217537-42251,2015-09-04 00:00:00,CS-1217537,Charles Sheldon,Corporate,Ecuador,LATAM,South America,TEC-PH-5261,Technology,Phones,"Motorola Office Telephone, VoIP",239.5,5,0,16.7
US-2015-TS21340143-42262,2015-09-15 00:00:00,TS-21340143,Toby Swindell,Consumer,Venezuela,LATAM,South America,OFF-AP-4490,Office Supplies,Appliances,"Hamilton Beach Blender, Black",140.94,5,0.4,-44.660000000000025
TU-2015-MZ7335134-42257,2015-09-10 00:00:00,MZ-7335134,Maria Zettner,Home Office,Turkey,Asia Pacific,Western Asia,TEC-CO-5992,Technology,Copiers,"Sharp Copy Machine, Laser",95.61599999999999,1,0.6,-112.37399999999998
MX-2015-JD1579082-42273,2015-09-26 00:00:00,JD-1579082,John Dryer,Consumer,Mexico,LATAM,Central America,TEC-CO-3680,Technology,Copiers,"Canon Copy Machine, High-Speed",173.21287999999998,1,0.002,46.51288
CA-2015-EJ14155140-42252,2015-09-05 00:00:00,EJ-141551404,Eva Jacobs,Consumer,United States,USCA,Western US,OFF-ST-2861,Office Supplies,Storage,"24 Capacity Maxi Data Binder Racks, Pearl",421.1,2,0,105.27499999999998
YM-2015-TB11400145-42258,2015-09-11 00:00:00,TB-11400145,Tom Boeckenhauer,Consumer,Yemen,Asia Pacific,Western Asia,TEC-PH-3816,Technology,Phones,"Cisco Speaker Phone, Full Size",41.931,1,0.7,-50.31899999999999
MX-2015-JG1516082-42256,2015-09-09 00:00:00,JG-1516082,James Galang,Consumer,Mexico,LATAM,Central America,FUR-BO-4858,Furniture,Bookcases,"Ikea Floating Shelf Set, Pine",183.136,2,0.2,48.05600000000001
ZA-2015-DB3615146-42262,2015-09-15 00:00:00,DB-3615146,Doug Bickford,Consumer,Zambia,Africa,Eastern Africa,TEC-PH-5272,Technology,Phones,"Motorola Speaker Phone, VoIP",129.87,1,0,5.1899999999999995
MX-2015-JP1552039-42250,2015-09-03 00:00:00,JP-1552039,Jeremy Pistek,Consumer,El Salvador,LATAM,Central America,FUR-CH-4520,Furniture,Chairs,"Harbour Creations Bag Chairs, Red",164.32,4,0,44.32
IN-2015-LD170057-42267,2015-09-20 00:00:00,LD-170057,Lisa DeCherney,Consumer,Australia,Asia Pacific,Oceania,TEC-AC-4154,Technology,Accessories,"Enermax Flash Drive, USB",75.11399999999999,2,0.1,11.634
ES-2015-KM1637548-42259,2015-09-12 00:00:00,KM-1637548,Katherine Murray,Home Office,Germany,Europe,Western Europe,OFF-BI-2893,Office Supplies,Binders,"Acco Binder Covers, Economy",39.959999999999994,3,0,16.38
CA-2015-EH14185140-42264,2015-09-17 00:00:00,EH-141851406,Evan Henry,Consumer,United States,USCA,Eastern US,OFF-PA-6480,Office Supplies,Paper,Xerox 1927,20.544000000000004,6,0.2,6.419999999999996
ES-2015-GH1441045-42266,2015-09-19 00:00:00,GH-1441045,Gary Hansen,Home Office,France,Europe,Western Europe,OFF-BI-6369,Office Supplies,Binders,"Wilson Jones 3-Hole Punch, Clear",109.80000000000001,4,0,30.72
IN-2015-AB101507-42259,2015-09-12 00:00:00,AB-101507,Aimee Bixby,Consumer,Australia,Asia Pacific,Oceania,TEC-MA-5000,Technology,Machines,"Konica Calculator, White",90.072,2,0.1,11.952
TU-2015-SM10950134-42265,2015-09-18 00:00:00,SM-10950134,Suzanne McNair,Corporate,Turkey,Asia Pacific,Western Asia,FUR-FU-4042,Furniture,Furnishings,"Eldon Door Stop, Durable",113.256,6,0.6,-110.484
ES-2015-AR1057044-42265,2015-09-18 00:00:00,AR-1057044,Anemone Ratner,Consumer,Finland,Europe,Northern Europe,OFF-AR-5932,Office Supplies,Art,"Sanford Sketch Pad, Fluorescent",93.48,2,0,43.92
US-2015-HR1477098-42270,2015-09-23 00:00:00,HR-1477098,Hallie Redmond,Home Office,Panama,LATAM,Central America,OFF-ST-5688,Office Supplies,Storage,"Rogers Box, Single Width",48,5,0.4,2.4
ES-2015-GW14605139-42250,2015-09-03 00:00:00,GW-14605139,Giulietta Weimer,Consumer,United Kingdom,Europe,Northern Europe,OFF-AR-6107,Office Supplies,Art,"Stanley Canvas, Fluorescent",253.65000000000003,5,0,81.15
CA-2015-FA14230140-42272,2015-09-25 00:00:00,FA-142301404,Frank Atkinson,Corporate,United States,USCA,Western US,TEC-PH-6365,Technology,Phones,Wilson Electronics DB Pro Signal Booster,859.2,3,0.2,75.18000000000006
CA-2015-FA14230140-42272,2015-09-25 00:00:00,FA-142301404,Frank Atkinson,Corporate,United States,USCA,Western US,TEC-MA-6071,Technology,Machines,Socket Bluetooth Cordless Hand Scanner (CHS),506.28,3,0.2,177.19799999999998
ID-2015-RD1981092-42263,2015-09-16 00:00:00,RD-1981092,Ross DeVincentis,Home Office,New Zealand,Asia Pacific,Oceania,TEC-AC-5867,Technology,Accessories,"SanDisk Keyboard, USB",98.028,2,0.4,-19.63200000000002
US-2015-SH206355-42256,2015-09-09 00:00:00,SH-206355,Stefanie Holloman,Corporate,Argentina,LATAM,South America,OFF-ST-4094,Office Supplies,Storage,"Eldon Shelving, Blue",77.47200000000001,4,0.4,8.991999999999996
ES-2015-IG15085120-42263,2015-09-16 00:00:00,IG-15085120,Ivan Gibson,Consumer,Spain,Europe,Southern Europe,OFF-ST-5695,Office Supplies,Storage,"Rogers Folders, Industrial",140.265,5,0.1,6.165000000000003
IN-2015-JB1592558-42272,2015-09-25 00:00:00,JB-1592558,Joni Blumstein,Consumer,India,Asia Pacific,Southern Asia,OFF-EN-4445,Office Supplies,Envelopes,"GlobeWeis Mailers, Set of 50",77.1,2,0,33.12
MX-2015-ZC2191018-42259,2015-09-12 00:00:00,ZC-2191018,Zuschuss Carroll,Consumer,Brazil,LATAM,South America,TEC-MA-4202,Technology,Machines,"Epson Phone, Red",156.23999999999998,3,0,26.520000000000003
PL-2015-FO4305103-42257,2015-09-10 00:00:00,FO-4305103,Frank Olsen,Consumer,Poland,Europe,Eastern Europe,TEC-CO-3599,Technology,Copiers,"Brother Ink, Color",148.74,1,0,72.87
MX-2015-KE1642031-42252,2015-09-05 00:00:00,KE-1642031,Katrina Edelman,Corporate,Cuba,LATAM,Caribbean,OFF-FA-2959,Office Supplies,Fasteners,"Accos Thumb Tacks, 12 Pack",69.92,8,0,0
CA-2015-FC14245140-42256,2015-09-09 00:00:00,FC-142451408,Frank Carlisle,Home Office,United States,USCA,Southern US,TEC-PH-5834,Technology,Phones,Samsung Rugby III,158.376,3,0.2,13.857900000000008
CA-2015-FC14245140-42256,2015-09-09 00:00:00,FC-142451408,Frank Carlisle,Home Office,United States,USCA,Southern US,OFF-ST-3927,Office Supplies,Storage,"Decoflex Hanging Personal Folder File, Blue",61.68,5,0.2,5.397000000000007
ES-2015-CK1232548-42274,2015-09-27 00:00:00,CK-1232548,Christine Kargatis,Home Office,Germany,Europe,Western Europe,FUR-FU-6242,Furniture,Furnishings,"Tenex Door Stop, Duo Pack",158.22000000000003,4,0.1,61.5
IN-2015-TS2143059-42264,2015-09-17 00:00:00,TS-2143059,Tom Stivers,Corporate,Indonesia,Asia Pacific,Southeastern Asia,FUR-FU-6237,Furniture,Furnishings,"Tenex Clock, Duo Pack",146.9052,4,0.27,24.145199999999996
CA-2015-FG14260140-42267,2015-09-20 00:00:00,FG-142601406,Frank Gastineau,Home Office,United States,USCA,Eastern US,OFF-BI-2928,Office Supplies,Binders,"Acco PRESSTEX Data Binder with Storage Hooks, Dark Blue, 9 1/2"" X 11""",4.8420000000000005,3,0.7,-3.3893999999999984
IN-2015-JK1609058-42258,2015-09-11 00:00:00,JK-1609058,Juliana Krohn,Consumer,India,Asia Pacific,Southern Asia,TEC-AC-5219,Technology,Accessories,"Memorex Mouse, USB",141.89999999999998,5,0,4.2
CA-2015-FH14275140-42258,2015-09-11 00:00:00,FH-142751404,Frank Hawley,Corporate,United States,USCA,Western US,FUR-CH-3977,Furniture,Chairs,DMI Arturo Collection Mission-style Design Wood Chair,362.352,3,0.2,27.176400000000015
MX-2015-HG1484531-42260,2015-09-13 00:00:00,HG-1484531,Harry Greene,Consumer,Cuba,LATAM,Caribbean,FUR-BO-3615,Furniture,Bookcases,"Bush 3-Shelf Cabinet, Metal",190.44,2,0,0
CA-2015-FH14275140-42258,2015-09-11 00:00:00,FH-142751404,Frank Hawley,Corporate,United States,USCA,Western US,OFF-BI-3302,Office Supplies,Binders,Avery Non-Stick Binders,7.184000000000001,2,0.2,2.244999999999999
ES-2015-LO1717048-42255,2015-09-08 00:00:00,LO-1717048,Lori Olson,Corporate,Germany,Europe,Western Europe,OFF-BI-2884,Office Supplies,Binders,"Acco 3-Hole Punch, Recycled",121.92000000000002,4,0,10.92
MX-2015-JF1541551-42263,2015-09-16 00:00:00,JF-1541551,Jennifer Ferguson,Consumer,Guatemala,LATAM,Central America,TEC-PH-5266,Technology,Phones,"Motorola Signal Booster, with Caller ID",95.42,1,0,35.3
MX-2015-BT1168082-42253,2015-09-06 00:00:00,BT-1168082,Brian Thompson,Consumer,Mexico,LATAM,Central America,OFF-SU-6163,Office Supplies,Supplies,"Stiletto Box Cutter, Steel",94.32000000000001,4,0,44.32
US-2015-BO114255-42272,2015-09-25 00:00:00,BO-114255,Bobby Odegard,Consumer,Argentina,LATAM,South America,OFF-EN-3654,Office Supplies,Envelopes,"Cameo Business Envelopes, Recycled",92.88,12,0.4,-46.56
US-2015-RD1981036-42263,2015-09-16 00:00:00,RD-1981036,Ross DeVincentis,Home Office,Dominican Republic,LATAM,Caribbean,FUR-FU-3034,Furniture,Furnishings,"Advantus Frame, Durable",144.20000000000002,4,0.5,-132.68
ES-2015-AG1067545-42263,2015-09-16 00:00:00,AG-1067545,Anna Gayman,Consumer,France,Europe,Western Europe,FUR-FU-4042,Furniture,Furnishings,"Eldon Door Stop, Durable",94.38,2,0,19.799999999999997
IN-2015-BT1168027-42258,2015-09-11 00:00:00,BT-1168027,Brian Thompson,Consumer,China,Asia Pacific,Eastern Asia,FUR-CH-5369,Furniture,Chairs,"Novimex Bag Chairs, Set of Two",96.42,2,0,31.799999999999997
JO-2015-DO343567-42274,2015-09-27 00:00:00,DO-343567,Denny Ordway,Consumer,Jordan,Asia Pacific,Western Asia,TEC-AC-5205,Technology,Accessories,"Memorex Memory Card, Programmable",103.76999999999998,1,0,14.52
MX-2015-NM1852082-42274,2015-09-27 00:00:00,NM-1852082,Neoma Murray,Consumer,Mexico,LATAM,Central America,OFF-EN-4911,Office Supplies,Envelopes,"Jiffy Interoffice Envelope, Security-Tint",130.24,4,0,39.04
IN-2015-NC186257-42264,2015-09-17 00:00:00,NC-186257,Noah Childs,Corporate,Australia,Asia Pacific,Oceania,FUR-BO-3895,Furniture,Bookcases,"Dania Corner Shelving, Pine",333.23400000000004,3,0.1,66.564
CA-2015-FH14365140-42277,2015-09-30 00:00:00,FH-143651406,Fred Hopkins,Corporate,United States,USCA,Eastern US,OFF-EN-5075,Office Supplies,Envelopes,Letter or Legal Size Expandable Poly String Tie Envelopes,7.98,3,0,3.9102000000000006
IN-2015-SC2005027-42270,2015-09-23 00:00:00,SC-2005027,Sample Company A,Home Office,China,Asia Pacific,Eastern Asia,FUR-CH-5756,Furniture,Chairs,"SAFCO Chairmat, Adjustable",124.62,2,0,19.919999999999998
MX-2015-NR1855082-42273,2015-09-26 00:00:00,NR-1855082,Nick Radford,Consumer,Mexico,LATAM,Central America,TEC-AC-5219,Technology,Accessories,"Memorex Mouse, USB",132.43999999999997,7,0,7.839999999999999
IN-2015-AB1001558-42256,2015-09-09 00:00:00,AB-1001558,Aaron Bergman,Consumer,India,Asia Pacific,Southern Asia,OFF-BI-6383,Office Supplies,Binders,"Wilson Jones Binding Machine, Durable",50.46,1,0,22.68
ID-2015-AG10900102-42252,2015-09-05 00:00:00,AG-10900102,Arthur Gainer,Consumer,Philippines,Asia Pacific,Southeastern Asia,FUR-CH-5750,Furniture,Chairs,"SAFCO Bag Chairs, Adjustable",116.84249999999997,3,0.25,-14.107499999999995
MX-2015-SP2065082-42257,2015-09-10 00:00:00,SP-2065082,Stephanie Phelps,Corporate,Mexico,LATAM,Central America,FUR-CH-5397,Furniture,Chairs,"Novimex Rocking Chair, Set of Two",142.592,2,0.2,28.512
JO-2015-DO343567-42274,2015-09-27 00:00:00,DO-343567,Denny Ordway,Consumer,Jordan,Asia Pacific,Western Asia,TEC-AC-5220,Technology,Accessories,"Memorex Numeric Keypad, Bluetooth",181.68,4,0,69
MX-2015-CR1282018-42251,2015-09-04 00:00:00,CR-1282018,Cyra Reiten,Home Office,Brazil,LATAM,South America,FUR-CH-5776,Furniture,Chairs,"SAFCO Executive Leather Armchair, Set of Two",309.11999999999995,1,0,27.82
MX-2015-CA1205582-42276,2015-09-29 00:00:00,CA-1205582,Cathy Armstrong,Home Office,Mexico,LATAM,Central America,TEC-PH-3798,Technology,Phones,"Cisco Office Telephone, VoIP",107.4,2,0,44
MX-2015-KB1624082-42249,2015-09-02 00:00:00,KB-1624082,Karen Bern,Corporate,Mexico,LATAM,Central America,FUR-CH-4702,Furniture,Chairs,"Hon Swivel Stool, Black",171.96800000000002,2,0.2,15.007999999999992
ES-2015-CV1280548-42252,2015-09-05 00:00:00,CV-1280548,Cynthia Voltz,Corporate,Germany,Europe,Western Europe,OFF-FA-5467,Office Supplies,Fasteners,"OIC Paper Clips, 12 Pack",97.02,7,0,23.1
ES-2015-LA16780120-42272,2015-09-25 00:00:00,LA-16780120,Laura Armstrong,Corporate,Spain,Europe,Southern Europe,OFF-EN-3105,Office Supplies,Envelopes,"Ames Manila Envelope, Security-Tint",108.36000000000001,4,0,43.32
ID-2015-EM14200130-42250,2015-09-03 00:00:00,EM-14200130,Evan Minnotte,Home Office,Thailand,Asia Pacific,Southeastern Asia,FUR-FU-4064,Furniture,Furnishings,"Eldon Frame, Black",169.725,2,0.27,-44.175000000000004
ES-2015-PR18880120-42250,2015-09-03 00:00:00,PR-18880120,Patrick Ryan,Consumer,Spain,Europe,Southern Europe,OFF-AR-5912,Office Supplies,Art,"Sanford Highlighters, Fluorescent",34.019999999999996,2,0,14.28
ES-2015-BD1162064-42272,2015-09-25 00:00:00,BD-1162064,Brian DeCherney,Consumer,Italy,Europe,Southern Europe,OFF-SU-4993,Office Supplies,Supplies,"Kleencut Trimmer, Easy Grip",129.14999999999998,3,0,30.96
IN-2015-EH139451-42249,2015-09-02 00:00:00,EH-139451,Eric Hoffmann,Consumer,Afghanistan,Asia Pacific,Southern Asia,TEC-AC-5217,Technology,Accessories,"Memorex Mouse, Erganomic",155.88,6,0,21.78
CA-2015-GZ14470140-42265,2015-09-18 00:00:00,GZ-144701406,Gary Zandusky,Consumer,United States,USCA,Eastern US,TEC-MA-5080,Technology,Machines,Lexmark 20R1285 X6650 Wireless All-in-One Printer,480,4,0,225.6
MX-2015-TB2152082-42273,2015-09-26 00:00:00,TB-2152082,Tracy Blumstein,Consumer,Mexico,LATAM,Central America,OFF-ST-6068,Office Supplies,Storage,"Smead Trays, Wire Frame",126.8,4,0,26.560000000000002
US-2015-LW1699018-42273,2015-09-26 00:00:00,LW-1699018,Lindsay Williams,Corporate,Brazil,LATAM,South America,OFF-ST-5693,Office Supplies,Storage,"Rogers File Cart, Single Width",75.53600000000002,2,0.6,-71.78399999999999
CA-2015-GZ14470140-42265,2015-09-18 00:00:00,GZ-144701406,Gary Zandusky,Consumer,United States,USCA,Eastern US,OFF-ST-6015,Office Supplies,Storage,"SimpliFile Personal File, Black Granite, 15w x 6-15/16d x 11-1/4h",34.05,3,0,9.534000000000002
MX-2015-SB2029039-42273,2015-09-26 00:00:00,SB-2029039,Sean Braxton,Corporate,El Salvador,LATAM,Central America,OFF-LA-5404,Office Supplies,Labels,"Novimex Shipping Labels, Alphabetical",93.59999999999998,13,0,42.9
ES-2015-KM1637548-42259,2015-09-12 00:00:00,KM-1637548,Katherine Murray,Home Office,Germany,Europe,Western Europe,OFF-AR-3533,Office Supplies,Art,"Boston Highlighters, Fluorescent",60.389999999999986,3,0,15.66
IR-2015-LP709560-42253,2015-09-06 00:00:00,LP-709560,Liz Preis,Consumer,Iran,Asia Pacific,Southern Asia,TEC-MA-5567,Technology,Machines,"Panasonic Phone, Durable",84.96000000000001,1,0,39.06
IR-2015-NB865560-42259,2015-09-12 00:00:00,NB-865560,Nona Balk,Corporate,Iran,Asia Pacific,Southern Asia,FUR-CH-4698,Furniture,Chairs,"Hon Steel Folding Chair, Black",78.99,1,0,23.669999999999998
IN-2015-LS1723078-42251,2015-09-04 00:00:00,LS-1723078,Lycoris Saunders,Consumer,Malaysia,Asia Pacific,Southeastern Asia,TEC-AC-3379,Technology,Accessories,"Belkin Flash Drive, Erganomic",119.25,3,0,21.419999999999998
ES-2015-SJ2021548-42248,2015-09-01 00:00:00,SJ-2021548,Sarah Jordon,Consumer,Germany,Europe,Western Europe,OFF-AR-5903,Office Supplies,Art,"Sanford Canvas, Easy-Erase",101.58,2,0,13.200000000000001
ES-2015-MO1780045-42264,2015-09-17 00:00:00,MO-1780045,Meg O'Connel,Home Office,France,Europe,Western Europe,OFF-FA-2944,Office Supplies,Fasteners,"Accos Paper Clips, Assorted Sizes",112.32,8,0,6.720000000000001
BO-2015-KA652513-42276,2015-09-29 00:00:00,KA-652513,Kelly Andreada,Consumer,Belarus,Europe,Eastern Europe,OFF-AR-3552,Office Supplies,Art,"Boston Sketch Pad, Blue",194.39999999999998,4,0,83.52
CA-2015-GM14500140-42263,2015-09-16 00:00:00,GM-145001404,Gene McClure,Consumer,United States,USCA,Western US,OFF-AR-3445,Office Supplies,Art,BIC Brite Liner Highlighters,12.419999999999998,3,0,5.2164
IN-2015-LW1682558-42256,2015-09-09 00:00:00,LW-1682558,Laurel Workman,Corporate,India,Asia Pacific,Southern Asia,FUR-FU-6269,Furniture,Furnishings,"Tenex Photo Frame, Duo Pack",155.70000000000002,3,0,55.980000000000004
US-2015-AR1057082-42266,2015-09-19 00:00:00,AR-1057082,Anemone Ratner,Consumer,Mexico,LATAM,Central America,FUR-FU-6238,Furniture,Furnishings,"Tenex Clock, Durable",56.73599999999999,3,0.4,-3.8039999999999963
MX-2015-GM1444037-42265,2015-09-18 00:00:00,GM-1444037,Gary McGarr,Consumer,Ecuador,LATAM,South America,OFF-ST-4253,Office Supplies,Storage,"Fellowes Box, Wire Frame",37.5,3,0,16.080000000000002
MX-2015-LC1705082-42262,2015-09-15 00:00:00,LC-1705082,Liz Carlisle,Consumer,Mexico,LATAM,Central America,TEC-AC-5205,Technology,Accessories,"Memorex Memory Card, Programmable",138.35999999999996,2,0,42.88
IN-2015-LW1682527-42261,2015-09-14 00:00:00,LW-1682527,Laurel Workman,Corporate,China,Asia Pacific,Eastern Asia,OFF-AR-5902,Office Supplies,Art,"Sanford Canvas, Blue",151.56,3,0,39.33
CA-2015-GB453023-42256,2015-09-09 00:00:00,GB-453023,George Bell,Corporate,Canada,USCA,Canada,OFF-ST-4028,Office Supplies,Storage,"Eldon Box, Blue",20.519999999999996,2,0,5.28
TU-2015-AW840134-42272,2015-09-25 00:00:00,AW-840134,Anthony Witt,Consumer,Turkey,Asia Pacific,Western Asia,TEC-CO-3587,Technology,Copiers,"Brother Copy Machine, Color",104.19600000000001,1,0.6,-125.06400000000001
CM-2015-KN645022-42276,2015-09-29 00:00:00,KN-645022,Kean Nguyen,Corporate,Cameroon,Africa,Central Africa,TEC-PH-3133,Technology,Phones,"Apple Headset, Full Size",74.55,1,0,12.66
IN-2015-JF154907-42259,2015-09-12 00:00:00,JF-154907,Jeremy Farry,Consumer,Australia,Asia Pacific,Oceania,OFF-BI-3251,Office Supplies,Binders,"Avery Binder, Clear",100.116,9,0.1,42.065999999999995
MX-2015-RB1979518-42258,2015-09-11 00:00:00,RB-1979518,Ross Baird,Home Office,Brazil,LATAM,South America,OFF-SU-4994,Office Supplies,Supplies,"Kleencut Trimmer, High Speed",82.85999999999999,3,0,16.560000000000002
RO-2015-BH1710107-42250,2015-09-03 00:00:00,BH-1710107,Brosina Hoffman,Consumer,Romania,Europe,Eastern Europe,TEC-MA-6149,Technology,Machines,"StarTech Printer, White",254.58000000000004,1,0,45.81
ES-2015-AH10690139-42270,2015-09-23 00:00:00,AH-10690139,Anna Häberlin,Corporate,United Kingdom,Europe,Northern Europe,TEC-AC-5195,Technology,Accessories,"Memorex Flash Drive, Programmable",92.7,3,0,30.509999999999998
IN-2015-SS208757-42277,2015-09-30 00:00:00,SS-208757,Sung Shariari,Consumer,Australia,Asia Pacific,Oceania,OFF-PA-4482,Office Supplies,Paper,"Green Bar Parchment Paper, Multicolor",65.124,4,0.1,15.804
CA-2015-GK14620140-42257,2015-09-10 00:00:00,GK-146201402,Grace Kelly,Corporate,United States,USCA,Central US,OFF-LA-3233,Office Supplies,Labels,Avery 511,9.856000000000002,4,0.2,3.4495999999999993
ES-2015-BO1135048-42258,2015-09-11 00:00:00,BO-1135048,Bill Overfelt,Corporate,Germany,Europe,Western Europe,OFF-SU-4121,Office Supplies,Supplies,"Elite Letter Opener, High Speed",133.49999999999997,5,0,55.949999999999996
NI-2015-SW1035095-42269,2015-09-22 00:00:00,SW-1035095,Sean Wendt,Home Office,Nigeria,Africa,Western Africa,TEC-CO-3685,Technology,Copiers,"Canon Fax and Copier, Laser",57.402,1,0.7,-44.02799999999999
US-2015-CM11815101-42271,2015-09-24 00:00:00,CM-11815101,Candace McMahon,Corporate,Peru,LATAM,South America,TEC-PH-5835,Technology,Phones,"Samsung Signal Booster, Cordless",111.55199999999999,2,0.4,-14.88800000000001
PL-2015-AT435103-42252,2015-09-05 00:00:00,AT-435103,Alyssa Tate,Home Office,Poland,Europe,Eastern Europe,TEC-PH-5829,Technology,Phones,"Samsung Office Telephone, Cordless",68.07,1,0,10.2
MX-2015-DH1367539-42260,2015-09-13 00:00:00,DH-1367539,Duane Huffman,Home Office,El Salvador,LATAM,Central America,FUR-CH-4628,Furniture,Chairs,"Hon Bag Chairs, Red",90.29999999999998,3,0,3.6
ID-2015-EC1405059-42258,2015-09-11 00:00:00,EC-1405059,Erin Creighton,Consumer,Indonesia,Asia Pacific,Southeastern Asia,OFF-AR-3463,Office Supplies,Art,"BIC Pencil Sharpener, Water Color",46.9974,2,0.27,-14.2026
IN-2015-DC1285058-42272,2015-09-25 00:00:00,DC-1285058,Dan Campbell,Consumer,India,Asia Pacific,Southern Asia,OFF-SU-4305,Office Supplies,Supplies,"Fiskars Box Cutter, Serrated",96.66,3,0,3.7800000000000002
MX-2015-MC1759093-42264,2015-09-17 00:00:00,MC-1759093,Matt Collister,Corporate,Nicaragua,LATAM,Central America,OFF-LA-5376,Office Supplies,Labels,"Novimex Color Coded Labels, Alphabetical",32.64,4,0,4.56
TU-2015-NZ8565134-42270,2015-09-23 00:00:00,NZ-8565134,Nick Zandusky,Home Office,Turkey,Asia Pacific,Western Asia,OFF-ST-6031,Office Supplies,Storage,"Smead File Cart, Blue",101.976,2,0.6,-150.444
ES-2015-AH1003048-42251,2015-09-04 00:00:00,AH-1003048,Aaron Hawkins,Corporate,Germany,Europe,Western Europe,TEC-AC-5126,Technology,Accessories,"Logitech Mouse, Bluetooth",117.12000000000002,4,0,52.67999999999999
TU-2015-FM4215134-42273,2015-09-26 00:00:00,FM-4215134,Filia McAdams,Corporate,Turkey,Asia Pacific,Western Asia,FUR-CH-4563,Furniture,Chairs,"Harbour Creations Swivel Stool, Red",144.096,2,0.6,-90.084
SF-2015-MN7935117-42262,2015-09-15 00:00:00,MN-7935117,Michael Nguyen,Consumer,South Africa,Africa,Southern Africa,OFF-AR-3494,Office Supplies,Art,"Binney & Smith Pencil Sharpener, Water Color",29.849999999999998,1,0,6.84
CA-2015-GM14695140-42252,2015-09-05 00:00:00,GM-146951404,Greg Maxwell,Corporate,United States,USCA,Western US,FUR-TA-3753,Furniture,Tables,Chromcraft Bull-Nose Wood Oval Conference Tables & Bases,1322.352,3,0.2,-99.1764
MX-2015-GM1445531-42269,2015-09-22 00:00:00,GM-1445531,Gary Mitchum,Home Office,Cuba,LATAM,Caribbean,OFF-AR-3494,Office Supplies,Art,"Binney & Smith Pencil Sharpener, Water Color",159.2,8,0,23.84
MX-2015-DM1301551-42273,2015-09-26 00:00:00,DM-1301551,Darrin Martin,Consumer,Guatemala,LATAM,Central America,OFF-PA-4008,Office Supplies,Paper,"Eaton Parchment Paper, Recycled",80.28,9,0,30.419999999999998
LE-2015-BE141071-42264,2015-09-17 00:00:00,BE-141071,Bobby Elias,Consumer,Lebanon,Asia Pacific,Western Asia,OFF-LA-5405,Office Supplies,Labels,"Novimex Shipping Labels, Laser Printer Compatible",43.919999999999995,4,0,19.32
IN-2015-DW134807-42271,2015-09-24 00:00:00,DW-134807,Dianna Wilson,Home Office,Australia,Asia Pacific,Oceania,OFF-SU-6160,Office Supplies,Supplies,"Stiletto Box Cutter, Easy Grip",135.32399999999998,4,0.1,29.964
ES-2015-MT1781548-42276,2015-09-29 00:00:00,MT-1781548,Meg Tillman,Consumer,Germany,Europe,Western Europe,FUR-FU-3027,Furniture,Furnishings,"Advantus Door Stop, Black",135.09,3,0,28.349999999999998
US-2015-MN1793518-42250,2015-09-03 00:00:00,MN-1793518,Michael Nguyen,Consumer,Brazil,LATAM,South America,OFF-BI-4817,Office Supplies,Binders,"Ibico Binding Machine, Economy",68.56,5,0.6,-37.74000000000001
ES-2015-SJ2021548-42248,2015-09-01 00:00:00,SJ-2021548,Sarah Jordon,Consumer,Germany,Europe,Western Europe,OFF-ST-4105,Office Supplies,Storage,"Eldon Trays, Blue",129.519,3,0.1,11.439
MX-2015-NC1841528-42264,2015-09-17 00:00:00,NC-1841528,Nathan Cano,Consumer,Colombia,LATAM,South America,TEC-AC-5867,Technology,Accessories,"SanDisk Keyboard, USB",163.38000000000002,3,0,40.8
IN-2015-EH1400527-42276,2015-09-29 00:00:00,EH-1400527,Erica Hernandez,Home Office,China,Asia Pacific,Eastern Asia,OFF-PA-4461,Office Supplies,Paper,"Green Bar Cards & Envelopes, 8.5 x 11",157.59,3,0,18.900000000000002
US-2015-SM2095082-42274,2015-09-27 00:00:00,SM-2095082,Suzanne McNair,Corporate,Mexico,LATAM,Central America,OFF-ST-4108,Office Supplies,Storage,"Eldon Trays, Wire Frame",94.08000000000001,3,0,18.779999999999998
US-2015-PJ1883582-42251,2015-09-04 00:00:00,PJ-1883582,Patrick Jones,Corporate,Mexico,LATAM,Central America,FUR-FU-5735,Furniture,Furnishings,"Rubbermaid Photo Frame, Black",103.5,5,0.4,-27.6
ES-2015-IG15085120-42263,2015-09-16 00:00:00,IG-15085120,Ivan Gibson,Consumer,Spain,Europe,Southern Europe,OFF-AR-3532,Office Supplies,Art,"Boston Highlighters, Easy-Erase",114.83999999999997,6,0,25.199999999999996
IR-2015-NG835560-42266,2015-09-19 00:00:00,NG-835560,Nat Gilpin,Corporate,Iran,Asia Pacific,Southern Asia,OFF-BI-3714,Office Supplies,Binders,"Cardinal 3-Hole Punch, Economy",57.599999999999994,2,0,25.92
MX-2015-DR1288093-42259,2015-09-12 00:00:00,DR-1288093,Dan Reichenbach,Corporate,Nicaragua,LATAM,Central America,FUR-TA-5070,Furniture,Tables,"Lesro Training Table, with Bottom Storage",143.36,1,0.2,8.959999999999997
ES-2015-AR1054045-42248,2015-09-01 00:00:00,AR-1054045,Andy Reiter,Consumer,France,Europe,Western Europe,OFF-ST-6275,Office Supplies,Storage,"Tenex Shelving, Wire Frame",48.357000000000006,1,0.1,1.0469999999999988
MX-2015-BE1133528-42263,2015-09-16 00:00:00,BE-1133528,Bill Eplett,Home Office,Colombia,LATAM,South America,TEC-CO-5992,Technology,Copiers,"Sharp Copy Machine, Laser",795.2063999999998,5,0.002,245.4064
MX-2015-JF1529518-42265,2015-09-18 00:00:00,JF-1529518,Jason Fortune-,Consumer,Brazil,LATAM,South America,TEC-AC-4154,Technology,Accessories,"Enermax Flash Drive, USB",194.73999999999998,7,0,23.240000000000002
MX-2015-PK1891093-42271,2015-09-24 00:00:00,PK-1891093,Paul Knutson,Home Office,Nicaragua,LATAM,Central America,OFF-EN-5034,Office Supplies,Envelopes,"Kraft Mailers, Security-Tint",80.10000000000002,3,0,37.620000000000005
MX-2015-TH2111512-42270,2015-09-23 00:00:00,TH-2111512,Thea Hudgings,Corporate,Barbados,LATAM,Caribbean,FUR-FU-4085,Furniture,Furnishings,"Eldon Photo Frame, Durable",73.52000000000001,2,0,20.56
MX-2015-RS1987098-42273,2015-09-26 00:00:00,RS-1987098,Roy Skaria,Home Office,Panama,LATAM,Central America,FUR-FU-4084,Furniture,Furnishings,"Eldon Photo Frame, Duo Pack",69.804,3,0.4,-41.916000000000004
IN-2015-SW202457-42251,2015-09-04 00:00:00,SW-202457,Scot Wooten,Consumer,Australia,Asia Pacific,Oceania,OFF-AP-3585,Office Supplies,Appliances,"Breville Toaster, White",134.73000000000002,2,0.1,59.85000000000001
RO-2015-AC615107-42277,2015-09-30 00:00:00,AC-615107,Ann Chong,Corporate,Romania,Europe,Eastern Europe,OFF-BI-2897,Office Supplies,Binders,"Acco Binder, Economy",60.599999999999994,4,0,8.399999999999999
IN-2015-JE1561027-42273,2015-09-26 00:00:00,JE-1561027,Jim Epp,Corporate,China,Asia Pacific,Eastern Asia,OFF-SU-6180,Office Supplies,Supplies,"Stiletto Trimmer, Easy Grip",221.85000000000002,5,0,102
IT-2015-BN11470139-42256,2015-09-09 00:00:00,BN-11470139,Brad Norvell,Corporate,United Kingdom,Europe,Northern Europe,OFF-ST-4063,Office Supplies,Storage,"Eldon Folders, Wire Frame",64.19999999999999,4,0,6.36
ES-2015-EB141108-42267,2015-09-20 00:00:00,EB-141108,Eugene Barchas,Consumer,Austria,Europe,Western Europe,OFF-SU-4325,Office Supplies,Supplies,"Fiskars Trimmer, Easy Grip",131.76,3,0,48.69
IN-2015-TG2164058-42272,2015-09-25 00:00:00,TG-2164058,Trudy Glocke,Consumer,India,Asia Pacific,Southern Asia,OFF-AR-6119,Office Supplies,Art,"Stanley Pencil Sharpener, Fluorescent",99.12,4,0,27.72
MX-2015-GM1444037-42265,2015-09-18 00:00:00,GM-1444037,Gary McGarr,Consumer,Ecuador,LATAM,South America,OFF-BI-3713,Office Supplies,Binders,"Cardinal 3-Hole Punch, Durable",20.2,1,0,4.64
IN-2015-GW14605102-42265,2015-09-18 00:00:00,GW-14605102,Giulietta Weimer,Consumer,Philippines,Asia Pacific,Southeastern Asia,FUR-FU-6238,Furniture,Furnishings,"Tenex Clock, Durable",177.3,5,0.25,40.050000000000004
ES-2015-RF193458-42249,2015-09-02 00:00:00,RF-193458,Randy Ferguson,Corporate,Austria,Europe,Western Europe,OFF-AR-3448,Office Supplies,Art,"BIC Canvas, Easy-Erase",107.94,2,0,36.660000000000004
CA-2015-HA14905140-42258,2015-09-11 00:00:00,HA-149051406,Helen Abelman,Consumer,United States,USCA,Eastern US,TEC-PH-3794,Technology,Phones,Cisco IP Phone 7961G-GE VoIP phone,259.896,2,0.4,-56.31079999999997
CA-2015-HA14905140-42258,2015-09-11 00:00:00,HA-149051406,Helen Abelman,Consumer,United States,USCA,Eastern US,TEC-AC-5215,Technology,Accessories,Memorex Mini Travel Drive 8 GB USB 2.0 Flash Drive,37.056000000000004,4,0.2,8.8008
ES-2015-PO18850139-42264,2015-09-17 00:00:00,PO-18850139,Patrick O'Brill,Consumer,United Kingdom,Europe,Northern Europe,OFF-ST-5706,Office Supplies,Storage,"Rogers Shelving, Industrial",125.21999999999998,2,0,37.56
MX-2015-MH1729082-42272,2015-09-25 00:00:00,MH-1729082,Marc Harrigan,Home Office,Mexico,LATAM,Central America,FUR-BO-4844,Furniture,Bookcases,"Ikea 3-Shelf Cabinet, Metal",151.36000000000004,2,0.2,-28.400000000000013
CA-2015-HA14920140-42259,2015-09-12 00:00:00,HA-149201402,Helen Andreada,Consumer,United States,USCA,Central US,OFF-FA-2916,Office Supplies,Fasteners,Acco Hot Clips Clips to Go,10.528,4,0.2,3.2899999999999996
CA-2015-HA14920140-42259,2015-09-12 00:00:00,HA-149201402,Helen Andreada,Consumer,United States,USCA,Central US,OFF-PA-6480,Office Supplies,Paper,Xerox 1927,20.544000000000004,6,0.2,6.419999999999996
CA-2015-HW14935140-42252,2015-09-05 00:00:00,HW-149351402,Helen Wasserman,Corporate,United States,USCA,Central US,FUR-BO-3623,Furniture,Bookcases,"Bush Birmingham Collection Bookcase, Dark Cherry",825.174,9,0.3,-117.88199999999998
UP-2015-FM4380137-42264,2015-09-17 00:00:00,FM-4380137,Fred McMath,Consumer,Ukraine,Europe,Eastern Europe,TEC-PH-3143,Technology,Phones,"Apple Signal Booster, Cordless",139.50000000000003,1,0,34.86
ES-2015-TP21415139-42251,2015-09-04 00:00:00,TP-21415139,Tom Prescott,Consumer,United Kingdom,Europe,Northern Europe,OFF-PA-4475,Office Supplies,Paper,"Green Bar Message Books, Multicolor",50.400000000000006,2,0,24.18
ES-2015-LD1685545-42265,2015-09-18 00:00:00,LD-1685545,Lela Donovan,Corporate,France,Europe,Western Europe,FUR-CH-4656,Furniture,Chairs,"Hon Executive Leather Armchair, Red",413.4509999999999,1,0.1,-45.93899999999999
TU-2015-EM4140134-42276,2015-09-29 00:00:00,EM-4140134,Eugene Moren,Home Office,Turkey,Asia Pacific,Western Asia,FUR-CH-5447,Furniture,Chairs,"Office Star Rocking Chair, Black",110.78400000000002,2,0.6,-110.79600000000002
CA-2015-HW14935140-42252,2015-09-05 00:00:00,HW-149351402,Helen Wasserman,Corporate,United States,USCA,Central US,OFF-PA-4892,Office Supplies,Paper,"It's Hot Message Books with Stickers, 2 3/4"" x 5""",17.76,3,0.2,5.55
IN-2015-DC1285058-42272,2015-09-25 00:00:00,DC-1285058,Dan Campbell,Consumer,India,Asia Pacific,Southern Asia,OFF-SU-4975,Office Supplies,Supplies,"Kleencut Box Cutter, Serrated",94.05,3,0,33.839999999999996
YM-2015-TB11400145-42258,2015-09-11 00:00:00,TB-11400145,Tom Boeckenhauer,Consumer,Yemen,Asia Pacific,Western Asia,OFF-SU-6163,Office Supplies,Supplies,"Stiletto Box Cutter, Steel",21.222,2,0.7,-44.59799999999999
MX-2015-SS2051536-42264,2015-09-17 00:00:00,SS-2051536,Shirley Schmidt,Home Office,Dominican Republic,LATAM,Caribbean,OFF-SU-4137,Office Supplies,Supplies,"Elite Trimmer, Serrated",61.39200000000001,3,0.2,13.031999999999993
MX-2015-GM1444037-42265,2015-09-18 00:00:00,GM-1444037,Gary McGarr,Consumer,Ecuador,LATAM,South America,OFF-BI-4808,Office Supplies,Binders,"Ibico Binder Covers, Durable",40.4,4,0,2.8
CA-2015-HW14935140-42252,2015-09-05 00:00:00,HW-149351402,Helen Wasserman,Corporate,United States,USCA,Central US,OFF-AR-5906,Office Supplies,Art,"Sanford Colorific Colored Pencils, 12/Box",6.911999999999999,3,0.2,0.8639999999999999
IN-2015-BD1132058-42258,2015-09-11 00:00:00,BD-1132058,Bill Donatelli,Consumer,India,Asia Pacific,Southern Asia,OFF-FA-6189,Office Supplies,Fasteners,"Stockwell Paper Clips, Assorted Sizes",54.75,5,0,22.349999999999998
IN-2015-TB21250144-42276,2015-09-29 00:00:00,TB-21250144,Tim Brockman,Consumer,Vietnam,Asia Pacific,Southeastern Asia,TEC-PH-5271,Technology,Phones,"Motorola Speaker Phone, Full Size",108.78809999999999,1,0.17,14.408099999999997
CA-2015-HZ14950140-42262,2015-09-15 00:00:00,HZ-149501406,Henia Zydlo,Consumer,United States,USCA,Eastern US,OFF-PA-6545,Office Supplies,Paper,Xerox 1987,11.56,2,0,5.6644000000000005
MX-2015-JB1540055-42277,2015-09-30 00:00:00,JB-1540055,Jennifer Braxton,Corporate,Honduras,LATAM,Central America,OFF-SU-4974,Office Supplies,Supplies,"Kleencut Box Cutter, High Speed",55.43999999999998,4,0.4,3.680000000000001
NI-2015-CR273095-42248,2015-09-01 00:00:00,CR-273095,Craig Reiter,Consumer,Nigeria,Africa,Western Africa,TEC-MA-5013,Technology,Machines,"Konica Phone, Wireless",155.14200000000002,6,0.7,-258.67799999999994
CA-2015-HZ14950140-42262,2015-09-15 00:00:00,HZ-149501406,Henia Zydlo,Consumer,United States,USCA,Eastern US,OFF-PA-6538,Office Supplies,Paper,Xerox 1980,8.56,2,0,3.8519999999999994
ES-2015-RS19420139-42270,2015-09-23 00:00:00,RS-19420139,Ricardo Sperren,Corporate,United Kingdom,Europe,Northern Europe,OFF-ST-4251,Office Supplies,Storage,"Fellowes Box, Industrial",141.12000000000003,7,0,6.93
CA-2015-HG496523-42270,2015-09-23 00:00:00,HG-496523,Henry Goldwyn,Corporate,Canada,USCA,Canada,OFF-SU-2991,Office Supplies,Supplies,"Acme Scissors, Steel",198.72000000000003,8,0,93.36
CA-2015-HG496523-42270,2015-09-23 00:00:00,HG-496523,Henry Goldwyn,Corporate,Canada,USCA,Canada,OFF-SU-2980,Office Supplies,Supplies,"Acme Letter Opener, Steel",29.610000000000003,1,0,12.120000000000001
US-2015-CM1193536-42251,2015-09-04 00:00:00,CM-1193536,Carlos Meador,Consumer,Dominican Republic,LATAM,Caribbean,OFF-ST-6272,Office Supplies,Storage,"Tenex Shelving, Blue",87.45599999999997,3,0.2,-8.783999999999992
MX-2015-JF1541551-42256,2015-09-09 00:00:00,JF-1541551,Jennifer Ferguson,Consumer,Guatemala,LATAM,Central America,TEC-CO-3607,Technology,Copiers,"Brother Personal Copier, Laser",95.06948,1,0.002,21.70948
RO-2015-BH1710107-42250,2015-09-03 00:00:00,BH-1710107,Brosina Hoffman,Consumer,Romania,Europe,Eastern Europe,TEC-PH-5254,Technology,Phones,"Motorola Headset, with Caller ID",79.74,1,0,26.31
CA-2015-HG496523-42270,2015-09-23 00:00:00,HG-496523,Henry Goldwyn,Corporate,Canada,USCA,Canada,OFF-ST-4060,Office Supplies,Storage,"Eldon Folders, Blue",16.98,1,0,2.88
ES-2015-RF1934564-42277,2015-09-30 00:00:00,RF-1934564,Randy Ferguson,Corporate,Italy,Europe,Southern Europe,OFF-BI-2883,Office Supplies,Binders,"Acco 3-Hole Punch, Economy",90.36000000000001,3,0,17.099999999999998
ID-2015-RE19405102-42252,2015-09-05 00:00:00,RE-19405102,Ricardo Emerson,Consumer,Philippines,Asia Pacific,Southeastern Asia,TEC-PH-5347,Technology,Phones,"Nokia Office Telephone, Full Size",149.445,3,0.25,-41.894999999999996
ES-2015-GH14485120-42266,2015-09-19 00:00:00,GH-14485120,Gene Hale,Corporate,Spain,Europe,Southern Europe,OFF-ST-6284,Office Supplies,Storage,"Tenex Trays, Wire Frame",95.904,2,0.1,42.624
MX-2015-MV1819036-42272,2015-09-25 00:00:00,MV-1819036,Mike Vittorini,Consumer,Dominican Republic,LATAM,Caribbean,OFF-AP-4970,Office Supplies,Appliances,"KitchenAid Toaster, Silver",137.712,3,0.2,18.912000000000013
RO-2015-NM8445107-42258,2015-09-11 00:00:00,NM-8445107,Nathan Mautz,Home Office,Romania,Europe,Eastern Europe,FUR-FU-3942,Furniture,Furnishings,"Deflect-O Frame, Durable",107.07000000000002,1,0,43.89
MX-2015-BP1105018-42270,2015-09-23 00:00:00,BP-1105018,Barry Pond,Corporate,Brazil,LATAM,South America,OFF-EN-5044,Office Supplies,Envelopes,"Kraft Peel and Seal, with clear poly window",96.11999999999999,6,0,32.64
MX-2015-AB1016582-42255,2015-09-08 00:00:00,AB-1016582,Alan Barnes,Consumer,Mexico,LATAM,Central America,OFF-EN-4924,Office Supplies,Envelopes,"Jiffy Peel and Seal, Security-Tint",119.52000000000001,8,0,29.76
IN-2015-JD161507-42251,2015-09-04 00:00:00,JD-161507,Justin Deggeller,Corporate,Australia,Asia Pacific,Oceania,OFF-PA-4474,Office Supplies,Paper,"Green Bar Message Books, 8.5 x 11",25.137,1,0.1,0.2669999999999999
ES-2015-JC1610548-42266,2015-09-19 00:00:00,JC-1610548,Julie Creighton,Corporate,Germany,Europe,Western Europe,OFF-EN-4913,Office Supplies,Envelopes,"Jiffy Interoffice Envelope, with clear poly window",99.96000000000001,2,0,46.980000000000004
ES-2015-CB1202545-42272,2015-09-25 00:00:00,CB-1202545,Cassandra Brandow,Consumer,France,Europe,Western Europe,OFF-AR-6128,Office Supplies,Art,"Stanley Sketch Pad, Water Color",95.22,2,0,18.06
IN-2015-AR103457-42267,2015-09-20 00:00:00,AR-103457,Alex Russell,Corporate,Australia,Asia Pacific,Oceania,FUR-CH-5753,Furniture,Chairs,"SAFCO Bag Chairs, Set of Two",93.042,2,0.1,29.921999999999997
IZ-2015-RW969061-42258,2015-09-11 00:00:00,RW-969061,Robert Waldorf,Consumer,Iraq,Asia Pacific,Western Asia,OFF-AR-5912,Office Supplies,Art,"Sanford Highlighters, Fluorescent",68.03999999999999,4,0,28.56
ES-2015-NF1847548-42248,2015-09-01 00:00:00,NF-1847548,Neil Französisch,Home Office,Germany,Europe,Western Europe,OFF-EN-4439,Office Supplies,Envelopes,"GlobeWeis Interoffice Envelope, Recycled",93.24,2,0,27
US-2015-HH150105-42266,2015-09-19 00:00:00,HH-150105,Hilary Holden,Corporate,Argentina,LATAM,South America,OFF-AR-3467,Office Supplies,Art,"BIC Pens, Water Color",27.936,4,0.4,-8.864000000000004
TU-2015-AG300134-42271,2015-09-24 00:00:00,AG-300134,Aleksandra Gannaway,Corporate,Turkey,Asia Pacific,Western Asia,FUR-TA-3354,Furniture,Tables,"Barricks Training Table, Rectangular",126.34800000000001,1,0.6,-161.112
CM-2015-HD478522-42263,2015-09-16 00:00:00,HD-478522,Harold Dahlen,Home Office,Cameroon,Africa,Central Africa,OFF-ST-4057,Office Supplies,Storage,"Eldon File Cart, Single Width",127.92,1,0,23.009999999999998
IT-2015-JH1582091-42248,2015-09-01 00:00:00,JH-1582091,John Huston,Consumer,Netherlands,Europe,Western Europe,TEC-MA-5538,Technology,Machines,"Panasonic Calculator, Durable",75.60000000000001,3,0.5,-54.45
MX-2015-VG2180518-42265,2015-09-18 00:00:00,VG-2180518,Vivek Grady,Corporate,Brazil,LATAM,South America,OFF-PA-5884,Office Supplies,Paper,"SanDisk Note Cards, 8.5 x 11",79.28,4,0,21.36
IN-2015-VP21760113-42270,2015-09-23 00:00:00,VP-21760113,Victoria Pisteka,Corporate,Singapore,Asia Pacific,Southeastern Asia,OFF-SU-4328,Office Supplies,Supplies,"Fiskars Trimmer, Steel",166.8,4,0,15
MX-2015-MB1808582-42272,2015-09-25 00:00:00,MB-1808582,Mick Brown,Consumer,Mexico,LATAM,Central America,OFF-EN-3108,Office Supplies,Envelopes,"Ames Peel and Seal, Recycled",81.61999999999999,7,0,21.14
IN-2015-JP1546058-42258,2015-09-11 00:00:00,JP-1546058,Jennifer Patt,Corporate,India,Asia Pacific,Southern Asia,TEC-AC-5118,Technology,Accessories,"Logitech Keyboard, USB",72.66000000000001,1,0,22.5
IN-2015-TM2149011-42272,2015-09-25 00:00:00,TM-2149011,Tony Molinari,Consumer,Bangladesh,Asia Pacific,Southern Asia,OFF-AR-3489,Office Supplies,Art,"Binney & Smith Markers, Easy-Erase",73.08,3,0,4.32
ES-2015-AH10690120-42272,2015-09-25 00:00:00,AH-10690120,Anna Häberlin,Corporate,Spain,Europe,Southern Europe,OFF-BI-2918,Office Supplies,Binders,"Acco Index Tab, Durable",62.579999999999984,7,0,13.650000000000002
IR-2015-LP709560-42253,2015-09-06 00:00:00,LP-709560,Liz Preis,Consumer,Iran,Asia Pacific,Southern Asia,TEC-CO-4784,Technology,Copiers,"HP Personal Copier, Color",125.73000000000002,1,0,27.660000000000004
IN-2015-CJ118757-42258,2015-09-11 00:00:00,CJ-118757,Carl Jackson,Corporate,Australia,Asia Pacific,Oceania,OFF-AR-3453,Office Supplies,Art,"BIC Highlighters, Fluorescent",72.684,4,0.1,2.3640000000000008
IN-2015-BP1123027-42263,2015-09-16 00:00:00,BP-1123027,Benjamin Patterson,Consumer,China,Asia Pacific,Eastern Asia,OFF-SU-4986,Office Supplies,Supplies,"Kleencut Scissors, High Speed",66.87,3,0,28.71
RO-2015-BH1710107-42250,2015-09-03 00:00:00,BH-1710107,Brosina Hoffman,Consumer,Romania,Europe,Eastern Europe,OFF-SU-4328,Office Supplies,Supplies,"Fiskars Trimmer, Steel",83.4,2,0,9.959999999999999
EG-2015-VF1171538-42275,2015-09-28 00:00:00,VF-1171538,Vicky Freymann,Home Office,Egypt,Africa,North Africa,OFF-BI-2898,Office Supplies,Binders,"Acco Binder, Recycled",93.06,6,0,2.6999999999999997
US-2015-TS21340143-42262,2015-09-15 00:00:00,TS-21340143,Toby Swindell,Consumer,Venezuela,LATAM,South America,TEC-CO-3599,Technology,Copiers,"Brother Ink, Color",118.59536,2,0.402,-16.284640000000014
ES-2015-EP1391545-42264,2015-09-17 00:00:00,EP-1391545,Emily Phan,Consumer,France,Europe,Western Europe,TEC-CO-4591,Technology,Copiers,"Hewlett Wireless Fax, Digital",645.711,2,0.15,-22.808999999999997
MX-2015-LB1679539-42252,2015-09-05 00:00:00,LB-1679539,Laurel Beltran,Home Office,El Salvador,LATAM,Central America,TEC-PH-5349,Technology,Phones,"Nokia Office Telephone, with Caller ID",217.1,5,0,80.3
MX-2015-SL2015518-42258,2015-09-11 00:00:00,SL-2015518,Sara Luxemburg,Home Office,Brazil,LATAM,South America,OFF-SU-2980,Office Supplies,Supplies,"Acme Letter Opener, Steel",39.480000000000004,2,0,15.36
US-2015-JL15235140-42250,2015-09-03 00:00:00,JL-152351404,Janet Lee,Consumer,United States,USCA,Western US,FUR-TA-4615,Furniture,Tables,Hon 2111 Invitation Series Straight Table,236.52800000000002,2,0.2,-2.9566000000000088
BO-2015-KA652513-42276,2015-09-29 00:00:00,KA-652513,Kelly Andreada,Consumer,Belarus,Europe,Eastern Europe,TEC-PH-5253,Technology,Phones,"Motorola Headset, VoIP",159.66,2,0,33.480000000000004
NI-2015-SW1035095-42269,2015-09-22 00:00:00,SW-1035095,Sean Wendt,Home Office,Nigeria,Africa,Western Africa,FUR-FU-3032,Furniture,Furnishings,"Advantus Frame, Black",66.67200000000001,2,0.7,-111.16799999999998
US-2015-PM1894036-42258,2015-09-11 00:00:00,PM-1894036,Paul MacIntyre,Consumer,Dominican Republic,LATAM,Caribbean,OFF-SU-3002,Office Supplies,Supplies,"Acme Trimmer, High Speed",71.328,3,0.2,-8.051999999999998
US-2015-JL15235140-42250,2015-09-03 00:00:00,JL-152351404,Janet Lee,Consumer,United States,USCA,Western US,OFF-BI-2936,Office Supplies,Binders,Acco Translucent Poly Ring Binders,18.72,5,0.2,6.552
MX-2015-RH1951082-42262,2015-09-15 00:00:00,RH-1951082,Rick Huthwaite,Home Office,Mexico,LATAM,Central America,TEC-CO-4772,Technology,Copiers,"HP Fax and Copier, Laser",230.05895999999998,2,0.002,24.85896
US-2015-BO114255-42272,2015-09-25 00:00:00,BO-114255,Bobby Odegard,Consumer,Argentina,LATAM,South America,TEC-CO-4777,Technology,Copiers,"HP Ink, Color",103.76496,2,0.402,-21.19504
CA-2015-JM526523-42249,2015-09-02 00:00:00,JM-526523,Janet Molinari,Corporate,Canada,USCA,Canada,OFF-ST-5701,Office Supplies,Storage,"Rogers Lockers, Industrial",424.20000000000005,2,0,161.16
ES-2015-NK18490120-42260,2015-09-13 00:00:00,NK-18490120,Neil Knudson,Home Office,Spain,Europe,Southern Europe,OFF-SU-4124,Office Supplies,Supplies,"Elite Ruler, High Speed",82.8,6,0,6.48
US-2015-PJ1901598-42273,2015-09-26 00:00:00,PJ-1901598,Pauline Johnson,Consumer,Panama,LATAM,Central America,OFF-AP-4723,Office Supplies,Appliances,"Hoover Coffee Grinder, Red",82.548,3,0.4,-27.55200000000002
AU-2015-AG7658-42255,2015-09-08 00:00:00,AG-7658,Anthony Garverick,Home Office,Austria,Europe,Western Europe,OFF-PA-5868,Office Supplies,Paper,"SanDisk Memo Slips, 8.5 x 11",42.24,2,0,6.720000000000001
ML-2015-NP868579-42255,2015-09-08 00:00:00,NP-868579,Nora Pelletier,Home Office,Mali,Africa,Western Africa,OFF-BI-3186,Office Supplies,Binders,"Avery 3-Hole Punch, Clear",109.32000000000002,4,0,14.16
ES-2015-PN1877591-42262,2015-09-15 00:00:00,PN-1877591,Parhena Norris,Home Office,Netherlands,Europe,Western Europe,FUR-FU-3946,Furniture,Furnishings,"Deflect-O Light Bulb, Black",45.576,3,0.2,9.036
US-2015-DH1367518-42260,2015-09-13 00:00:00,DH-1367518,Duane Huffman,Home Office,Brazil,LATAM,South America,FUR-CH-4628,Furniture,Chairs,"Hon Bag Chairs, Red",36.120000000000005,3,0.6,-50.58
MX-2015-JM1558018-42250,2015-09-03 00:00:00,JM-1558018,Jill Matthias,Consumer,Brazil,LATAM,South America,TEC-AC-5863,Technology,Accessories,"SanDisk Flash Drive, USB",79.49999999999997,3,0,1.56
ES-2015-BF1117064-42263,2015-09-16 00:00:00,BF-1117064,Ben Ferrer,Home Office,Italy,Europe,Southern Europe,OFF-ST-4108,Office Supplies,Storage,"Eldon Trays, Wire Frame",169.344,6,0.4,-2.9159999999999684
MX-2015-NP1868593-42257,2015-09-10 00:00:00,NP-1868593,Nora Pelletier,Home Office,Nicaragua,LATAM,Central America,OFF-ST-6283,Office Supplies,Storage,"Tenex Trays, Single Width",72.32000000000001,2,0,14.440000000000001
CA-2015-JO15280140-42277,2015-09-30 00:00:00,JO-152801408,Jas O'Carroll,Consumer,United States,USCA,Southern US,OFF-ST-3746,Office Supplies,Storage,Carina Media Storage Towers in Natural & Black,243.92,5,0.2,-54.882
IN-2015-KW1657027-42253,2015-09-06 00:00:00,KW-1657027,Kelly Williams,Consumer,China,Asia Pacific,Eastern Asia,OFF-SU-4985,Office Supplies,Supplies,"Kleencut Scissors, Easy Grip",71.73000000000002,3,0,9.27
ES-2015-LW1682545-42258,2015-09-11 00:00:00,LW-1682545,Laurel Workman,Corporate,France,Europe,Western Europe,OFF-SU-2985,Office Supplies,Supplies,"Acme Ruler, High Speed",33.42,2,0,1.32
MX-2015-CG1252031-42269,2015-09-22 00:00:00,CG-1252031,Claire Gute,Consumer,Cuba,LATAM,Caribbean,OFF-PA-6609,Office Supplies,Paper,"Xerox Memo Slips, 8.5 x 11",35.34,3,0,9.180000000000001
MX-2015-LL1684039-42277,2015-09-30 00:00:00,LL-1684039,Lauren Leatherbury,Consumer,El Salvador,LATAM,Central America,OFF-FA-5472,Office Supplies,Fasteners,"OIC Push Pins, Assorted Sizes",65.92,8,0,3.2
SO-2015-SM10005116-42265,2015-09-18 00:00:00,SM-10005116,Sally Matthias,Consumer,Somalia,Africa,Eastern Africa,FUR-FU-3952,Furniture,Furnishings,"Deflect-O Photo Frame, Durable",48.92999999999999,1,0,6.84
ES-2015-LA16780120-42272,2015-09-25 00:00:00,LA-16780120,Laura Armstrong,Corporate,Spain,Europe,Southern Europe,OFF-ST-4293,Office Supplies,Storage,"Fellowes Trays, Blue",103.302,2,0.1,-3.498000000000001
IT-2015-BT11305124-42263,2015-09-16 00:00:00,BT-11305124,Beth Thompson,Home Office,Sweden,Europe,Northern Europe,OFF-AR-3465,Office Supplies,Art,"BIC Pens, Easy-Erase",21.825,3,0.5,-12.284999999999998
IN-2015-BE113357-42273,2015-09-26 00:00:00,BE-113357,Bill Eplett,Home Office,Australia,Asia Pacific,Oceania,OFF-PA-4149,Office Supplies,Paper,"Enermax Computer Printout Paper, Premium",76.869,3,0.1,-6.921
US-2015-JC15340140-42255,2015-09-08 00:00:00,JC-153401404,Jasper Cacioppo,Consumer,United States,USCA,Western US,FUR-FU-6234,Furniture,Furnishings,Tenex Chairmats For Use With Carpeted Floors,47.94,3,0,2.3969999999999985
TU-2015-SM10950134-42265,2015-09-18 00:00:00,SM-10950134,Suzanne McNair,Corporate,Turkey,Asia Pacific,Western Asia,OFF-ST-6046,Office Supplies,Storage,"Smead Lockers, Blue",79.36800000000001,1,0.6,-85.33200000000001
CA-2015-JF15355140-42264,2015-09-17 00:00:00,JF-153551402,Jay Fein,Consumer,United States,USCA,Central US,TEC-PH-3827,Technology,Phones,ClearSounds CSC500 Amplified Spirit Phone Corded phone,55.992,1,0.2,5.5992000000000015
CA-2015-JF15355140-42264,2015-09-17 00:00:00,JF-153551402,Jay Fein,Consumer,United States,USCA,Central US,OFF-EN-5167,Office Supplies,Envelopes,"Manila Recycled Extra-Heavyweight Clasp Envelopes, 6"" x 9""",17.568,2,0.2,6.3684
IN-2015-BE113357-42273,2015-09-26 00:00:00,BE-113357,Bill Eplett,Home Office,Australia,Asia Pacific,Oceania,OFF-AR-3539,Office Supplies,Art,"Boston Markers, Fluorescent",49.73400000000001,2,0.1,18.773999999999997
ML-2015-NP868579-42255,2015-09-08 00:00:00,NP-868579,Nora Pelletier,Home Office,Mali,Africa,Western Africa,FUR-FU-5727,Furniture,Furnishings,"Rubbermaid Frame, Black",109.89000000000001,1,0,41.730000000000004
MX-2015-AF1088536-42250,2015-09-03 00:00:00,AF-1088536,Art Foster,Consumer,Dominican Republic,LATAM,Caribbean,OFF-LA-6051,Office Supplies,Labels,"Smead Removable Labels, Adjustable",40.656,7,0.2,6.495999999999997
ES-2015-AR1082545-42270,2015-09-23 00:00:00,AR-1082545,Anthony Rawles,Corporate,France,Europe,Western Europe,OFF-FA-6196,Office Supplies,Fasteners,"Stockwell Push Pins, Metal",70.5,5,0,4.2
US-2015-BS1136598-42255,2015-09-08 00:00:00,BS-1136598,Bill Shonely,Corporate,Panama,LATAM,Central America,FUR-CH-5414,Furniture,Chairs,"Novimex Swivel Stool, Set of Two",66.684,1,0.4,-3.336000000000007
US-2015-JF15415140-42259,2015-09-12 00:00:00,JF-154151404,Jennifer Ferguson,Consumer,United States,USCA,Western US,OFF-BI-4827,Office Supplies,Binders,Ibico Ibimaster 300 Manual Binding System,1471.96,5,0.2,459.98749999999995
US-2015-JF15415140-42259,2015-09-12 00:00:00,JF-154151404,Jennifer Ferguson,Consumer,United States,USCA,Western US,FUR-CH-5424,Furniture,Chairs,Office Star - Contemporary Task Swivel Chair,177.568,2,0.2,8.878399999999992
US-2015-JF15415140-42259,2015-09-12 00:00:00,JF-154151404,Jennifer Ferguson,Consumer,United States,USCA,Western US,TEC-PH-4889,Technology,Phones,iOttie XL Car Mount,79.96,5,0.2,-17.991000000000003
ID-2015-DH13675102-42277,2015-09-30 00:00:00,DH-13675102,Duane Huffman,Home Office,Philippines,Asia Pacific,Southeastern Asia,FUR-FU-5733,Furniture,Furnishings,"Rubbermaid Light Bulb, Durable",35.707499999999996,3,0.25,1.4175000000000004
US-2015-JF15415140-42259,2015-09-12 00:00:00,JF-154151404,Jennifer Ferguson,Consumer,United States,USCA,Western US,OFF-PA-6444,Office Supplies,Paper,Xerox 1894,71.28,11,0,34.214400000000005
US-2015-JF15415140-42259,2015-09-12 00:00:00,JF-154151404,Jennifer Ferguson,Consumer,United States,USCA,Western US,OFF-PA-6589,Office Supplies,Paper,Xerox 225,19.44,3,0,9.3312
IZ-2015-MO795061-42271,2015-09-24 00:00:00,MO-795061,Michael Oakman,Consumer,Iraq,Asia Pacific,Western Asia,OFF-PA-6616,Office Supplies,Paper,"Xerox Message Books, Recycled",40.56,2,0,12.54
MX-2015-MC1784582-42276,2015-09-29 00:00:00,MC-1784582,Michael Chen,Consumer,Mexico,LATAM,Central America,OFF-EN-4905,Office Supplies,Envelopes,"Jiffy Business Envelopes, Set of 50",39,3,0,9.360000000000001
WA-2015-LC687089-42265,2015-09-18 00:00:00,LC-687089,Lena Cacioppo,Consumer,Namibia,Africa,Southern Africa,OFF-ST-5691,Office Supplies,Storage,"Rogers File Cart, Blue",140.67000000000002,1,0,1.3800000000000001
ES-2015-CD1192045-42255,2015-09-08 00:00:00,CD-1192045,Carlos Daly,Consumer,France,Europe,Western Europe,OFF-ST-4063,Office Supplies,Storage,"Eldon Folders, Wire Frame",43.334999999999994,3,0.1,-0.04499999999999904
US-2015-SS20410143-42248,2015-09-01 00:00:00,SS-20410143,Shahid Shariari,Consumer,Venezuela,LATAM,South America,FUR-BO-3905,Furniture,Bookcases,"Dania Stackable Bookrack, Mobile",97.27199999999998,2,0.4,-17.848000000000003
ES-2015-AR1040545-42258,2015-09-11 00:00:00,AR-1040545,Allen Rosenblatt,Corporate,France,Europe,Western Europe,TEC-AC-5887,Technology,Accessories,"SanDisk Numeric Keypad, Bluetooth",110.70000000000002,2,0,17.700000000000003
MX-2015-ZC2191018-42259,2015-09-12 00:00:00,ZC-2191018,Zuschuss Carroll,Consumer,Brazil,LATAM,South America,FUR-FU-4104,Furniture,Furnishings,"Eldon Stacking Tray, Erganomic",140.56000000000003,7,0,47.74
MX-2015-PW1924082-42269,2015-09-22 00:00:00,PW-1924082,Pierre Wener,Consumer,Mexico,LATAM,Central America,OFF-FA-6191,Office Supplies,Fasteners,"Stockwell Paper Clips, Metal",43.099999999999994,5,0,0.8
MX-2015-KE1642031-42252,2015-09-05 00:00:00,KE-1642031,Katrina Edelman,Corporate,Cuba,LATAM,Caribbean,OFF-BI-3251,Office Supplies,Binders,"Avery Binder, Clear",41.2,5,0,8.6
MX-2015-SC2068082-42277,2015-09-30 00:00:00,SC-2068082,Steve Carroll,Home Office,Mexico,LATAM,Central America,OFF-FA-2960,Office Supplies,Fasteners,"Accos Thumb Tacks, Assorted Sizes",51.94,7,0,16.1
CA-2015-JF15490140-42248,2015-09-01 00:00:00,JF-154901404,Jeremy Farry,Consumer,United States,USCA,Western US,OFF-ST-5277,Office Supplies,Storage,"Neat Ideas Personal Hanging Folder Files, Black",10.744,1,0.2,0.8057999999999996
CA-2015-JF15490140-42248,2015-09-01 00:00:00,JF-154901404,Jeremy Farry,Consumer,United States,USCA,Western US,OFF-FA-5461,Office Supplies,Fasteners,OIC Bulk Pack Metal Binder Clips,8.376000000000001,3,0.2,2.7222
ES-2015-MG1769545-42263,2015-09-16 00:00:00,MG-1769545,Maureen Gnade,Consumer,France,Europe,Western Europe,OFF-ST-4106,Office Supplies,Storage,"Eldon Trays, Industrial",174.42,4,0.1,71.7
ES-2015-ME1732064-42253,2015-09-06 00:00:00,ME-1732064,Maria Etezadi,Home Office,Italy,Europe,Southern Europe,OFF-PA-6623,Office Supplies,Paper,"Xerox Parchment Paper, Premium",39.78,3,0,12.689999999999998
MX-2015-TB2152082-42273,2015-09-26 00:00:00,TB-2152082,Tracy Blumstein,Consumer,Mexico,LATAM,Central America,TEC-MA-4195,Technology,Machines,"Epson Card Printer, White",112.24000000000001,1,0,6.720000000000001
US-2015-JM15535140-42267,2015-09-20 00:00:00,JM-155351406,Jessica Myrick,Consumer,United States,USCA,Eastern US,OFF-PA-6592,Office Supplies,Paper,Xerox 228,32.400000000000006,5,0,15.552000000000001
PL-2015-ML8265103-42252,2015-09-05 00:00:00,ML-8265103,Muhammed Lee,Consumer,Poland,Europe,Eastern Europe,OFF-EN-3654,Office Supplies,Envelopes,"Cameo Business Envelopes, Recycled",38.7,2,0,4.199999999999999
CA-2015-JM15535140-42260,2015-09-13 00:00:00,JM-155351404,Jessica Myrick,Consumer,United States,USCA,Western US,FUR-FU-4070,Furniture,Furnishings,"Eldon Image Series Desk Accessories, Burgundy",8.36,2,0,3.0096
IN-2015-AR103457-42267,2015-09-20 00:00:00,AR-103457,Alex Russell,Corporate,Australia,Asia Pacific,Oceania,OFF-FA-3045,Office Supplies,Fasteners,"Advantus Paper Clips, Bulk Pack",75.97800000000001,6,0.1,6.678000000000001
IT-2015-BN11470139-42256,2015-09-09 00:00:00,BN-11470139,Brad Norvell,Corporate,United Kingdom,Europe,Northern Europe,OFF-BI-6404,Office Supplies,Binders,"Wilson Jones Index Tab, Economy",45.14999999999999,7,0,11.55
IN-2015-AB1001558-42256,2015-09-09 00:00:00,AB-1001558,Aaron Bergman,Consumer,India,Asia Pacific,Southern Asia,OFF-BI-3737,Office Supplies,Binders,"Cardinal Index Tab, Clear",26.879999999999995,4,0,12
IN-2015-EA1403559-42276,2015-09-29 00:00:00,EA-1403559,Erin Ashbrook,Corporate,Indonesia,Asia Pacific,Southeastern Asia,FUR-FU-5718,Furniture,Furnishings,"Rubbermaid Clock, Black",36.616800000000005,1,0.27,3.496799999999995
IN-2015-KA165257-42276,2015-09-29 00:00:00,KA-165257,Kelly Andreada,Consumer,Australia,Asia Pacific,Oceania,OFF-LA-4555,Office Supplies,Labels,"Harbour Creations Shipping Labels, Laser Printer Compatible",68.75999999999999,6,0,26.099999999999998
ES-2015-BF1117064-42263,2015-09-16 00:00:00,BF-1117064,Ben Ferrer,Home Office,Italy,Europe,Southern Europe,TEC-AC-5865,Technology,Accessories,"SanDisk Keyboard, Erganomic",158.58,2,0,20.580000000000002
MX-2015-BT1168082-42253,2015-09-06 00:00:00,BT-1168082,Brian Thompson,Consumer,Mexico,LATAM,Central America,TEC-AC-5863,Technology,Accessories,"SanDisk Flash Drive, USB",52.999999999999986,2,0,1.04
US-2015-SZ2003598-42269,2015-09-22 00:00:00,SZ-2003598,Sam Zeldin,Home Office,Panama,LATAM,Central America,OFF-EN-4453,Office Supplies,Envelopes,"GlobeWeis Peel and Seal, Set of 50",17.112,2,0.4,2.5519999999999996
MX-2015-BT1168082-42253,2015-09-06 00:00:00,BT-1168082,Brian Thompson,Consumer,Mexico,LATAM,Central America,FUR-FU-5721,Furniture,Furnishings,"Rubbermaid Clock, Erganomic",78.04800000000002,4,0.4,1.2479999999999905
SA-2015-JL5235110-42271,2015-09-24 00:00:00,JL-5235110,Janet Lee,Consumer,Saudi Arabia,Asia Pacific,Western Asia,OFF-AR-3471,Office Supplies,Art,"BIC Sketch Pad, Water Color",51.84,1,0,7.77
MX-2015-BT1130582-42276,2015-09-29 00:00:00,BT-1130582,Beth Thompson,Home Office,Mexico,LATAM,Central America,OFF-PA-5877,Office Supplies,Paper,"SanDisk Message Books, Multicolor",33.64,2,0,8.4
ES-2015-BM1157545-42276,2015-09-29 00:00:00,BM-1157545,Brendan Murry,Corporate,France,Europe,Western Europe,FUR-FU-5735,Furniture,Furnishings,"Rubbermaid Photo Frame, Black",103.5,2,0,2.04
CA-2015-JS15595140-42250,2015-09-03 00:00:00,JS-155951402,Jill Stevenson,Corporate,United States,USCA,Central US,OFF-ST-3360,Office Supplies,Storage,"Belkin 19"" Center-Weighted Shelf, Gray",235.92,5,0.2,-44.23500000000001
CA-2015-JS15595140-42250,2015-09-03 00:00:00,JS-155951402,Jill Stevenson,Corporate,United States,USCA,Central US,OFF-FA-3051,Office Supplies,Fasteners,Advantus Plastic Paper Clips,16,4,0.2,5.6
CA-2015-JS15595140-42250,2015-09-03 00:00:00,JS-155951402,Jill Stevenson,Corporate,United States,USCA,Central US,OFF-AP-3367,Office Supplies,Appliances,Belkin 7-Outlet SurgeMaster Home Series,5.587999999999999,2,0.8,-15.087600000000002
CA-2015-JE15610140-42270,2015-09-23 00:00:00,JE-156101402,Jim Epp,Corporate,United States,USCA,Central US,OFF-PA-6495,Office Supplies,Paper,Xerox 1940,219.84,4,0,107.7216
CA-2015-JE15610140-42270,2015-09-23 00:00:00,JE-156101402,Jim Epp,Corporate,United States,USCA,Central US,TEC-AC-5097,Technology,Accessories,Logitech Desktop MK120 Mouse and keyboard Combo,98.16,6,0,9.815999999999995
CA-2015-JE15610140-42270,2015-09-23 00:00:00,JE-156101402,Jim Epp,Corporate,United States,USCA,Central US,TEC-PH-3166,Technology,Phones,AT&T CL82213,86.97,3,0,25.22129999999999
CA-2015-JE15610140-42270,2015-09-23 00:00:00,JE-156101402,Jim Epp,Corporate,United States,USCA,Central US,OFF-BI-2938,Office Supplies,Binders,ACCOHIDE Binder by Acco,33.04,8,0,15.5288
ID-2015-AD1018092-42277,2015-09-30 00:00:00,AD-1018092,Alan Dominguez,Home Office,New Zealand,Asia Pacific,Oceania,FUR-BO-5960,Furniture,Bookcases,"Sauder Floating Shelf Set, Mobile",473.04,4,0.4,-23.760000000000048
JO-2015-DO343567-42274,2015-09-27 00:00:00,DO-343567,Denny Ordway,Consumer,Jordan,Asia Pacific,Western Asia,TEC-CO-4588,Technology,Copiers,"Hewlett Personal Copier, High-Speed",142.46999999999997,1,0,44.160000000000004
MX-2015-JK1537039-42249,2015-09-02 00:00:00,JK-1537039,Jay Kimmel,Consumer,El Salvador,LATAM,Central America,TEC-CO-6004,Technology,Copiers,"Sharp Ink, Laser",165.54824,2,0.002,49.42824
IN-2015-LW17215102-42262,2015-09-15 00:00:00,LW-17215102,Luke Weiss,Consumer,Philippines,Asia Pacific,Southeastern Asia,FUR-FU-4101,Furniture,Furnishings,"Eldon Stacking Tray, Black",47.25,2,0.25,11.309999999999999
ES-2015-MW18220139-42253,2015-09-06 00:00:00,MW-18220139,Mitch Webber,Consumer,United Kingdom,Europe,Northern Europe,OFF-FA-5472,Office Supplies,Fasteners,"OIC Push Pins, Assorted Sizes",61.8,5,0,12.3
MX-2015-SK1999018-42252,2015-09-05 00:00:00,SK-1999018,Sally Knutson,Consumer,Brazil,LATAM,South America,TEC-PH-3133,Technology,Phones,"Apple Headset, Full Size",49.699999999999996,1,0,22.36
IT-2015-KB1640562-42274,2015-09-27 00:00:00,KB-1640562,Katrina Bavinger,Home Office,Ireland,Europe,Northern Europe,OFF-EN-5028,Office Supplies,Envelopes,"Kraft Clasp Envelope, with clear poly window",25.08,4,0.5,-1.0799999999999983
NI-2015-NF838595-42265,2015-09-18 00:00:00,NF-838595,Natalie Fritzler,Consumer,Nigeria,Africa,Western Africa,TEC-MA-5512,Technology,Machines,"Okidata Printer, White",160.14600000000004,2,0.7,-368.39400000000006
ES-2015-KD1649545-42255,2015-09-08 00:00:00,KD-1649545,Keith Dawkins,Corporate,France,Europe,Western Europe,OFF-ST-6284,Office Supplies,Storage,"Tenex Trays, Wire Frame",335.664,7,0.1,149.18400000000003
CA-2015-JK15730140-42277,2015-09-30 00:00:00,JK-157301404,Joe Kamberova,Consumer,United States,USCA,Western US,OFF-SU-2974,Office Supplies,Supplies,"Acme Hot Forged Carbon Steel Scissors with Nickel-Plated Handles, 3 7/8"" Cut, 8""L",97.3,7,0,28.21699999999999
US-2015-JK15730140-42251,2015-09-04 00:00:00,JK-157301404,Joe Kamberova,Consumer,United States,USCA,Western US,FUR-BO-3638,Furniture,Bookcases,"Bush Heritage Pine Collection 5-Shelf Bookcase, Albany Pine Finish, *Special Order",239.66599999999997,2,0.15,14.097999999999999
ID-2015-BS1138092-42255,2015-09-08 00:00:00,BS-1138092,Bill Stewart,Corporate,New Zealand,Asia Pacific,Oceania,OFF-EN-3656,Office Supplies,Envelopes,"Cameo Business Envelopes, Set of 50",98.352,8,0.4,-21.40800000000001
US-2015-CS1249055-42266,2015-09-19 00:00:00,CS-1249055,Cindy Schnelling,Corporate,Honduras,LATAM,Central America,OFF-SU-2965,Office Supplies,Supplies,"Acme Box Cutter, Easy Grip",94.608,6,0.4,-26.832000000000004
CA-2015-JE15745140-42270,2015-09-23 00:00:00,JE-157451408,Joel Eaton,Consumer,United States,USCA,Southern US,OFF-BI-4820,Office Supplies,Binders,Ibico EB-19 Dual Function Manual Binding System,691.96,4,0,318.3016
IN-2015-DC1285058-42272,2015-09-25 00:00:00,DC-1285058,Dan Campbell,Consumer,India,Asia Pacific,Southern Asia,FUR-FU-5731,Furniture,Furnishings,"Rubbermaid Light Bulb, Black",94.19999999999999,5,0,41.4
ES-2015-DK13225120-42259,2015-09-12 00:00:00,DK-13225120,Dean Katz,Corporate,Spain,Europe,Southern Europe,OFF-SU-4996,Office Supplies,Supplies,"Kleencut Trimmer, Steel",81.66,2,0,13.02
IN-2015-LS1723078-42251,2015-09-04 00:00:00,LS-1723078,Lycoris Saunders,Consumer,Malaysia,Asia Pacific,Southeastern Asia,OFF-AP-4493,Office Supplies,Appliances,"Hamilton Beach Coffee Grinder, Black",84.17999999999999,2,0,37.86
IT-2015-PB1921064-42249,2015-09-02 00:00:00,PB-1921064,Phillip Breyer,Corporate,Italy,Europe,Southern Europe,TEC-PH-5814,Technology,Phones,"Samsung Audio Dock, VoIP",100.152,1,0.4,-23.388000000000012
CA-2015-JE15745140-42270,2015-09-23 00:00:00,JE-157451408,Joel Eaton,Consumer,United States,USCA,Southern US,TEC-AC-6342,Technology,Accessories,"Verbatim 25 GB 6x Blu-ray Single Layer Recordable Disc, 3/Pack",34.95,5,0,15.378000000000004
MX-2015-TB2135582-42248,2015-09-01 00:00:00,TB-2135582,Todd Boyes,Corporate,Mexico,LATAM,Central America,OFF-FA-3062,Office Supplies,Fasteners,"Advantus Rubber Bands, Bulk Pack",66.35999999999999,6,0,8.52
EZ-2015-AG27032-42249,2015-09-02 00:00:00,AG-27032,Alejandro Grove,Consumer,Czech Republic,Europe,Eastern Europe,OFF-FA-5469,Office Supplies,Fasteners,"OIC Paper Clips, Bulk Pack",14.43,1,0,7.050000000000001
IR-2015-JF535560-42273,2015-09-26 00:00:00,JF-535560,Jay Fein,Consumer,Iran,Asia Pacific,Southern Asia,OFF-BI-3187,Office Supplies,Binders,"Avery 3-Hole Punch, Durable",58.74000000000001,2,0,20.52
IN-2015-BE1133527-42276,2015-09-29 00:00:00,BE-1133527,Bill Eplett,Home Office,China,Asia Pacific,Eastern Asia,OFF-BI-6369,Office Supplies,Binders,"Wilson Jones 3-Hole Punch, Clear",54.900000000000006,2,0,8.76
RS-2015-CM1830108-42256,2015-09-09 00:00:00,CM-1830108,Cari MacIntyre,Corporate,Russia,Europe,Eastern Europe,TEC-AC-5873,Technology,Accessories,"SanDisk Memory Card, Erganomic",110.21999999999998,1,0,19.830000000000002
CA-2015-JD15790140-42252,2015-09-05 00:00:00,JD-157901402,John Dryer,Consumer,United States,USCA,Central US,OFF-AR-3852,Office Supplies,Art,"Crayola Anti Dust Chalk, 12/Pack",10.192000000000002,7,0.2,3.184999999999999
CA-2015-JD15790140-42252,2015-09-05 00:00:00,JD-157901402,John Dryer,Consumer,United States,USCA,Central US,OFF-AR-5907,Office Supplies,Art,"Sanford Colorific Eraseable Coloring Pencils, 12 Count",13.120000000000001,5,0.2,3.7720000000000002
CA-2015-JD15790140-42252,2015-09-05 00:00:00,JD-157901402,John Dryer,Consumer,United States,USCA,Central US,OFF-ST-2921,Office Supplies,Storage,Acco Perma 3000 Stacking Storage Drawers,16.784000000000002,1,0.2,-0.20980000000000043
IN-2015-NC186257-42264,2015-09-17 00:00:00,NC-186257,Noah Childs,Corporate,Australia,Asia Pacific,Oceania,OFF-PA-6600,Office Supplies,Paper,"Xerox Cards & Envelopes, 8.5 x 11",88.398,2,0.1,24.497999999999998
IR-2015-SR1074060-42266,2015-09-19 00:00:00,SR-1074060,Steven Roelle,Home Office,Iran,Asia Pacific,Southern Asia,OFF-AR-6115,Office Supplies,Art,"Stanley Markers, Easy-Erase",134.82,6,0,0
IN-2015-MC1784588-42269,2015-09-22 00:00:00,MC-1784588,Michael Chen,Consumer,Myanmar (Burma),Asia Pacific,Southeastern Asia,FUR-CH-5368,Furniture,Chairs,"Novimex Bag Chairs, Red",100.6524,3,0.27,-26.247600000000002
IR-2015-SR1074060-42266,2015-09-19 00:00:00,SR-1074060,Steven Roelle,Home Office,Iran,Asia Pacific,Southern Asia,OFF-BI-3726,Office Supplies,Binders,"Cardinal Binding Machine, Economy",99.54000000000002,2,0,27.839999999999996
MX-2015-TB2135582-42248,2015-09-01 00:00:00,TB-2135582,Todd Boyes,Corporate,Mexico,LATAM,Central America,OFF-ST-5697,Office Supplies,Storage,"Rogers Folders, Wire Frame",79.35999999999999,4,0,25.36
US-2015-TS21340143-42262,2015-09-15 00:00:00,TS-21340143,Toby Swindell,Consumer,Venezuela,LATAM,South America,OFF-AR-3500,Office Supplies,Art,"Binney & Smith Sketch Pad, Easy-Erase",167.72400000000002,9,0.4,27.863999999999987
NI-2015-PH879095-42255,2015-09-08 00:00:00,PH-879095,Patricia Hirasaki,Home Office,Nigeria,Africa,Western Africa,TEC-AC-5861,Technology,Accessories,"SanDisk Flash Drive, Erganomic",22.41,2,0.7,-50.849999999999994
IT-2015-KC16675139-42263,2015-09-16 00:00:00,KC-16675139,Kimberly Carter,Corporate,United Kingdom,Europe,Northern Europe,OFF-LA-4662,Office Supplies,Labels,"Hon Legal Exhibit Labels, 5000 Label Set",101.25,9,0,18.090000000000003
IN-2015-AW1084027-42251,2015-09-04 00:00:00,AW-1084027,Anthony Witt,Consumer,China,Asia Pacific,Eastern Asia,OFF-ST-5696,Office Supplies,Storage,"Rogers Folders, Single Width",92.15999999999998,3,0,27.629999999999995
AJ-2015-MS73659-42258,2015-09-11 00:00:00,MS-73659,Maribeth Schnelling,Consumer,Azerbaijan,Asia Pacific,Western Asia,OFF-ST-6246,Office Supplies,Storage,"Tenex File Cart, Blue",133.20000000000002,1,0,23.97
US-2015-JM15865140-42260,2015-09-13 00:00:00,JM-158651404,John Murray,Consumer,United States,USCA,Western US,OFF-PA-4009,Office Supplies,Paper,"Eaton Premium Continuous-Feed Paper, 25% Cotton, Letter Size, White, 1000 Shts/Box",166.44,3,0,79.8912
MX-2015-SG2060551-42263,2015-09-16 00:00:00,SG-2060551,Speros Goranitis,Consumer,Guatemala,LATAM,Central America,TEC-AC-5116,Technology,Accessories,"Logitech Keyboard, Erganomic",140.51999999999998,3,0,2.76
MX-2015-HG1502582-42255,2015-09-08 00:00:00,HG-1502582,Hunter Glantz,Consumer,Mexico,LATAM,Central America,OFF-AR-3534,Office Supplies,Art,"Boston Highlighters, Water Color",88.2,6,0,23.76
MX-2015-NP1868593-42257,2015-09-10 00:00:00,NP-1868593,Nora Pelletier,Home Office,Nicaragua,LATAM,Central America,OFF-BI-4806,Office Supplies,Binders,"Ibico 3-Hole Punch, Recycled",41.08,2,0,13.959999999999999
IN-2015-KW1657058-42256,2015-09-09 00:00:00,KW-1657058,Kelly Williams,Consumer,India,Asia Pacific,Southern Asia,OFF-BI-4814,Office Supplies,Binders,"Ibico Binder, Recycled",110.87999999999998,7,0,43.05
MX-2015-JF1541551-42256,2015-09-09 00:00:00,JF-1541551,Jennifer Ferguson,Consumer,Guatemala,LATAM,Central America,OFF-BI-2896,Office Supplies,Binders,"Acco Binder, Durable",77.7,7,0,38.78
SG-2015-AJ945111-42265,2015-09-18 00:00:00,AJ-945111,Ashley Jarboe,Consumer,Burkina Faso,Africa,Western Africa,OFF-AR-3494,Office Supplies,Art,"Binney & Smith Pencil Sharpener, Water Color",215.52,8,0,99.12
ES-2015-SC2080048-42265,2015-09-18 00:00:00,SC-2080048,Stuart Calhoun,Consumer,Germany,Europe,Western Europe,OFF-LA-3262,Office Supplies,Labels,"Avery Color Coded Labels, Alphabetical",65.55,5,0,26.85
ID-2015-KT164657-42272,2015-09-25 00:00:00,KT-164657,Kean Takahito,Consumer,Australia,Asia Pacific,Oceania,OFF-BI-4830,Office Supplies,Binders,"Ibico Index Tab, Economy",46.845,5,0.1,18.645
IR-2015-JG511560-42248,2015-09-01 00:00:00,JG-511560,Jack Garza,Consumer,Iran,Asia Pacific,Southern Asia,OFF-ST-5693,Office Supplies,Storage,"Rogers File Cart, Single Width",142.08,1,0,22.71
MX-2015-TA2138582-42272,2015-09-25 00:00:00,TA-2138582,Tom Ashbrook,Home Office,Mexico,LATAM,Central America,OFF-AR-5919,Office Supplies,Art,"Sanford Markers, Fluorescent",130.72,8,0,24.8
MX-2015-TS2165518-42270,2015-09-23 00:00:00,TS-2165518,Trudy Schmidt,Consumer,Brazil,LATAM,South America,OFF-BI-6372,Office Supplies,Binders,"Wilson Jones 3-Hole Punch, Recycled",75.60000000000001,4,0,15.12
UZ-2015-DK2835142-42262,2015-09-15 00:00:00,DK-2835142,Damala Kotsonis,Corporate,Uzbekistan,Asia Pacific,Central Asia,FUR-CH-5756,Furniture,Chairs,"SAFCO Chairmat, Adjustable",62.31,1,0,13.68
IN-2015-BE1133527-42276,2015-09-29 00:00:00,BE-1133527,Bill Eplett,Home Office,China,Asia Pacific,Eastern Asia,OFF-SU-6182,Office Supplies,Supplies,"Stiletto Trimmer, Serrated",78.9,2,0,24.42
TU-2015-JW5955134-42263,2015-09-16 00:00:00,JW-5955134,Joni Wasserman,Consumer,Turkey,Asia Pacific,Western Asia,TEC-CO-4784,Technology,Copiers,"HP Personal Copier, Color",50.29200000000001,1,0.6,-47.778
MX-2015-ND1837051-42276,2015-09-29 00:00:00,ND-1837051,Natalie DeCherney,Consumer,Guatemala,LATAM,Central America,OFF-ST-6059,Office Supplies,Storage,"Smead Shelving, Single Width",97.91999999999999,3,0,30.3
MX-2015-BD1156082-42255,2015-09-08 00:00:00,BD-1156082,Brendan Dodson,Home Office,Mexico,LATAM,Central America,OFF-AR-5918,Office Supplies,Art,"Sanford Markers, Easy-Erase",62.720000000000006,4,0,28.160000000000004
CA-2015-JA15970140-42270,2015-09-23 00:00:00,JA-159701406,Joseph Airdo,Consumer,United States,USCA,Eastern US,OFF-SU-5168,Office Supplies,Supplies,Martin Yale Chadless Opener Electric Letter Opener,4663.736000000001,7,0.2,-1049.3406
IN-2015-DC1285058-42272,2015-09-25 00:00:00,DC-1285058,Dan Campbell,Consumer,India,Asia Pacific,Southern Asia,OFF-BI-2884,Office Supplies,Binders,"Acco 3-Hole Punch, Recycled",60.96000000000001,2,0,17.04
CA-2015-JA15970140-42270,2015-09-23 00:00:00,JA-159701406,Joseph Airdo,Consumer,United States,USCA,Eastern US,TEC-AC-5143,Technology,Accessories,Logitech Wireless Marathon Mouse M705,79.98400000000001,2,0.2,22.995400000000004
CA-2015-JA15970140-42277,2015-09-30 00:00:00,JA-159701406,Joseph Airdo,Consumer,United States,USCA,Eastern US,OFF-PA-6092,Office Supplies,Paper,"Speediset Carbonless Redi-Letter 7"" x 8 1/2""",51.550000000000004,5,0,24.2285
ES-2015-RD1958548-42265,2015-09-18 00:00:00,RD-1958548,Rob Dowd,Consumer,Germany,Europe,Western Europe,OFF-BI-3251,Office Supplies,Binders,"Avery Binder, Clear",49.44,4,0,4.92
US-2015-JA15970140-42255,2015-09-08 00:00:00,JA-159701404,Joseph Airdo,Consumer,United States,USCA,Western US,FUR-CH-4419,Furniture,Chairs,Global Low Back Tilter Chair,161.568,2,0.2,-28.27440000000002
CA-2015-JA15970140-42277,2015-09-30 00:00:00,JA-159701406,Joseph Airdo,Consumer,United States,USCA,Eastern US,OFF-FA-6129,Office Supplies,Fasteners,Staples,23.34,3,0,10.9698
UP-2015-FC4335137-42259,2015-09-12 00:00:00,FC-4335137,Fred Chung,Corporate,Ukraine,Europe,Eastern Europe,OFF-BI-4811,Office Supplies,Binders,"Ibico Binder, Clear",59.75999999999999,4,0,5.28
MX-2015-VG2180518-42265,2015-09-18 00:00:00,VG-2180518,Vivek Grady,Corporate,Brazil,LATAM,South America,OFF-EN-4448,Office Supplies,Envelopes,"GlobeWeis Manila Envelope, Security-Tint",39.72,2,0,13.080000000000002
CA-2015-JA15970140-42270,2015-09-23 00:00:00,JA-159701406,Joseph Airdo,Consumer,United States,USCA,Eastern US,OFF-BI-3823,Office Supplies,Binders,Clear Mylar Reinforcing Strips,5.607000000000001,1,0.7,-4.2987
YM-2015-TB11400145-42258,2015-09-11 00:00:00,TB-11400145,Tom Boeckenhauer,Consumer,Yemen,Asia Pacific,Western Asia,OFF-ST-6060,Office Supplies,Storage,"Smead Shelving, Wire Frame",14.400000000000002,1,0.7,-11.519999999999992
ES-2015-JW16075120-42253,2015-09-06 00:00:00,JW-16075120,Julia West,Consumer,Spain,Europe,Southern Europe,OFF-AR-3452,Office Supplies,Art,"BIC Highlighters, Easy-Erase",76.80000000000001,4,0,17.64
ES-2015-AG1067545-42263,2015-09-16 00:00:00,AG-1067545,Anna Gayman,Consumer,France,Europe,Western Europe,OFF-BI-4825,Office Supplies,Binders,"Ibico Hole Reinforcements, Economy",27.96,4,0,13.68
US-2015-JB16000140-42262,2015-09-15 00:00:00,JB-160001404,Joy Bell-,Consumer,United States,USCA,Western US,OFF-LA-3198,Office Supplies,Labels,Avery 48,56.699999999999996,9,0,26.081999999999997
US-2015-JB16000140-42257,2015-09-10 00:00:00,JB-160001402,Joy Bell-,Consumer,United States,USCA,Central US,OFF-EN-2848,Office Supplies,Envelopes,"#10- 4 1/8"" x 9 1/2"" Recycled Envelopes",17.48,2,0,8.2156
MX-2015-MC1759093-42264,2015-09-17 00:00:00,MC-1759093,Matt Collister,Corporate,Nicaragua,LATAM,Central America,OFF-FA-6194,Office Supplies,Fasteners,"Stockwell Push Pins, Assorted Sizes",15.760000000000002,2,0,2.04
CA-2015-JD16015140-42257,2015-09-10 00:00:00,JD-160151406,Joy Daniels,Consumer,United States,USCA,Eastern US,OFF-LA-3223,Office Supplies,Labels,Avery 501,17.712,6,0.2,5.977799999999999
CA-2015-JD16015140-42257,2015-09-10 00:00:00,JD-160151406,Joy Daniels,Consumer,United States,USCA,Eastern US,OFF-BI-2904,Office Supplies,Binders,"Acco Data Flex Cable Posts For Top & Bottom Load Binders, 6"" Capacity",6.258000000000001,2,0.7,-5.215
CA-2015-JD16015140-42257,2015-09-10 00:00:00,JD-160151406,Joy Daniels,Consumer,United States,USCA,Eastern US,OFF-BI-2869,Office Supplies,Binders,3M Organizer Strips,4.860000000000001,3,0.7,-3.564
MX-2015-SG2089082-42250,2015-09-03 00:00:00,SG-2089082,Susan Gilcrest,Corporate,Mexico,LATAM,Central America,FUR-FU-4034,Furniture,Furnishings,"Eldon Clock, Black",45.216,2,0.4,-0.02400000000000091
IN-2015-KB162407-42273,2015-09-26 00:00:00,KB-162407,Karen Bern,Corporate,Australia,Asia Pacific,Oceania,OFF-AR-3448,Office Supplies,Art,"BIC Canvas, Easy-Erase",64.764,2,0.4,-14.076000000000004
ES-2015-PV1898545-42270,2015-09-23 00:00:00,PV-1898545,Paul Van Hugh,Home Office,France,Europe,Western Europe,OFF-AR-3458,Office Supplies,Art,"BIC Markers, Fluorescent",110.76,4,0,8.76
MX-2015-SP2065082-42257,2015-09-10 00:00:00,SP-2065082,Stephanie Phelps,Corporate,Mexico,LATAM,Central America,FUR-CH-5371,Furniture,Chairs,"Novimex Chairmat, Black",86.25599999999997,3,0.2,-15.143999999999995
MX-2015-EL1373582-42264,2015-09-17 00:00:00,EL-1373582,Ed Ludwig,Home Office,Mexico,LATAM,Central America,TEC-AC-5100,Technology,Accessories,"Logitech Flash Drive, Erganomic",169.92000000000002,9,0,69.66
IN-2015-CC1243078-42269,2015-09-22 00:00:00,CC-1243078,Chuck Clark,Home Office,Malaysia,Asia Pacific,Southeastern Asia,TEC-PH-5261,Technology,Phones,"Motorola Office Telephone, VoIP",287.4,4,0,126.35999999999999
RO-2015-GA4515107-42252,2015-09-05 00:00:00,GA-4515107,George Ashbrook,Consumer,Romania,Europe,Eastern Europe,OFF-ST-5688,Office Supplies,Storage,"Rogers Box, Single Width",24,1,0,2.88
ID-2015-Dl1360059-42258,2015-09-11 00:00:00,Dl-1360059,Dorris liebe,Corporate,Indonesia,Asia Pacific,Southeastern Asia,OFF-SU-4318,Office Supplies,Supplies,"Fiskars Scissors, Steel",83.69760000000001,7,0.47000000000000003,-20.67240000000001
US-2015-GH1442555-42259,2015-09-12 00:00:00,GH-1442555,Gary Hwang,Consumer,Honduras,LATAM,Central America,OFF-FA-6187,Office Supplies,Fasteners,"Stockwell Clamps, Metal",38.699999999999996,5,0.4,-25.8
UP-2015-CS2355137-42265,2015-09-18 00:00:00,CS-2355137,Christine Sundaresam,Consumer,Ukraine,Europe,Eastern Europe,OFF-BI-4811,Office Supplies,Binders,"Ibico Binder, Clear",59.75999999999999,4,0,5.28
IN-2015-PS1904558-42272,2015-09-25 00:00:00,PS-1904558,Penelope Sewall,Home Office,India,Asia Pacific,Southern Asia,OFF-BI-2891,Office Supplies,Binders,"Acco Binder Covers, Clear",38.339999999999996,3,0,0
ID-2015-KT164657-42272,2015-09-25 00:00:00,KT-164657,Kean Takahito,Consumer,Australia,Asia Pacific,Oceania,TEC-CO-4787,Technology,Copiers,"HP Personal Copier, Laser",223.72199999999998,2,0.1,52.18199999999999
MX-2015-TB2135582-42248,2015-09-01 00:00:00,TB-2135582,Todd Boyes,Corporate,Mexico,LATAM,Central America,FUR-FU-3035,Furniture,Furnishings,"Advantus Frame, Erganomic",87.79199999999999,2,0.4,-5.888
RS-2015-TS11370108-42253,2015-09-06 00:00:00,TS-11370108,Todd Sumrall,Corporate,Russia,Europe,Eastern Europe,OFF-AP-4725,Office Supplies,Appliances,"Hoover Coffee Grinder, White",66.93,1,0,1.98
MX-2015-GM1444037-42265,2015-09-18 00:00:00,GM-1444037,Gary McGarr,Consumer,Ecuador,LATAM,South America,OFF-AR-3466,Office Supplies,Art,"BIC Pens, Fluorescent",20.719999999999995,2,0,4.12
IN-2015-FM1429027-42264,2015-09-17 00:00:00,FM-1429027,Frank Merwin,Home Office,China,Asia Pacific,Eastern Asia,OFF-FA-5474,Office Supplies,Fasteners,"OIC Push Pins, Metal",45.089999999999996,3,0,21.150000000000002
US-2015-HH1501082-42272,2015-09-25 00:00:00,HH-1501082,Hilary Holden,Corporate,Mexico,LATAM,Central America,OFF-SU-4316,Office Supplies,Supplies,"Fiskars Scissors, High Speed",46.32000000000001,3,0,6
IT-2015-AS10045124-42262,2015-09-15 00:00:00,AS-10045124,Aaron Smayling,Corporate,Sweden,Europe,Northern Europe,TEC-PH-5263,Technology,Phones,"Motorola Signal Booster, Cordless",72.99000000000001,1,0.5,-7.320000000000007
ES-2015-EP1391545-42264,2015-09-17 00:00:00,EP-1391545,Emily Phan,Consumer,France,Europe,Western Europe,OFF-AR-3458,Office Supplies,Art,"BIC Markers, Fluorescent",55.38,2,0,4.38
ES-2015-SJ202158-42269,2015-09-22 00:00:00,SJ-202158,Sarah Jordon,Consumer,Austria,Europe,Western Europe,OFF-EN-3671,Office Supplies,Envelopes,"Cameo Manila Envelope, Set of 50",54,2,0,4.86
SG-2015-FG4260111-42259,2015-09-12 00:00:00,FG-4260111,Frank Gastineau,Home Office,Senegal,Africa,Western Africa,OFF-PA-4159,Office Supplies,Paper,"Enermax Memo Slips, 8.5 x 11",39.6,2,0,0
CA-2015-JK16120140-42252,2015-09-05 00:00:00,JK-161201402,Julie Kriz,Home Office,United States,USCA,Central US,OFF-AR-4798,Office Supplies,Art,"Hunt PowerHouse Electric Pencil Sharpener, Blue",30.384,1,0.2,3.7979999999999947
RS-2015-RW9690108-42271,2015-09-24 00:00:00,RW-9690108,Robert Waldorf,Consumer,Russia,Europe,Eastern Europe,TEC-AC-5861,Technology,Accessories,"SanDisk Flash Drive, Erganomic",74.69999999999999,2,0,1.44
TU-2015-FO4305134-42259,2015-09-12 00:00:00,FO-4305134,Frank Olsen,Consumer,Turkey,Asia Pacific,Western Asia,OFF-ST-4056,Office Supplies,Storage,"Eldon File Cart, Industrial",51.156000000000006,1,0.6,-61.40400000000001
IZ-2015-RH949561-42273,2015-09-26 00:00:00,RH-949561,Rick Hansen,Consumer,Iraq,Asia Pacific,Western Asia,OFF-AR-6116,Office Supplies,Art,"Stanley Markers, Fluorescent",46.919999999999995,2,0,15.899999999999999
MX-2015-DB1361536-42252,2015-09-05 00:00:00,DB-1361536,Doug Bickford,Consumer,Dominican Republic,LATAM,Caribbean,OFF-AR-3498,Office Supplies,Art,"Binney & Smith Pens, Water Color",40.32,5,0.2,9.52
CA-2015-JP16135140-42267,2015-09-20 00:00:00,JP-161351408,Julie Prescott,Home Office,United States,USCA,Southern US,OFF-AR-5916,Office Supplies,Art,SANFORD Major Accent Highlighters,35.4,5,0,13.452000000000002
US-2015-MF176655-42274,2015-09-27 00:00:00,MF-176655,Maureen Fritzler,Corporate,Argentina,LATAM,South America,OFF-FA-5484,Office Supplies,Fasteners,"OIC Thumb Tacks, 12 Pack",32.4,6,0.4,-19.44
ID-2015-KT164657-42272,2015-09-25 00:00:00,KT-164657,Kean Takahito,Consumer,Australia,Asia Pacific,Oceania,OFF-PA-6609,Office Supplies,Paper,"Xerox Memo Slips, 8.5 x 11",31.806000000000004,2,0.1,-2.5140000000000007
MX-2015-TH2111512-42270,2015-09-23 00:00:00,TH-2111512,Thea Hudgings,Corporate,Barbados,LATAM,Caribbean,FUR-FU-4083,Furniture,Furnishings,"Eldon Photo Frame, Black",77.47999999999999,2,0,27.080000000000002
ID-2015-KD1627059-42273,2015-09-26 00:00:00,KD-1627059,Karen Daniels,Consumer,Indonesia,Asia Pacific,Southeastern Asia,OFF-LA-6029,Office Supplies,Labels,"Smead Color Coded Labels, Alphabetical",75.03210000000001,11,0.47000000000000003,-26.937900000000013
ES-2015-DR1294045-42271,2015-09-24 00:00:00,DR-1294045,Daniel Raglin,Home Office,France,Europe,Western Europe,OFF-BI-3715,Office Supplies,Binders,"Cardinal 3-Hole Punch, Recycled",58.32000000000001,2,0,16.86
ES-2015-IL15100120-42253,2015-09-06 00:00:00,IL-15100120,Ivan Liston,Consumer,Spain,Europe,Southern Europe,OFF-LA-3273,Office Supplies,Labels,"Avery File Folder Labels, Alphabetical",80.46,9,0,26.46
IN-2015-GM1469558-42259,2015-09-12 00:00:00,GM-1469558,Greg Maxwell,Corporate,India,Asia Pacific,Southern Asia,OFF-LA-4680,Office Supplies,Labels,"Hon Removable Labels, Laser Printer Compatible",90.72,9,0,16.2
SF-2015-PW9240117-42250,2015-09-03 00:00:00,PW-9240117,Pierre Wener,Consumer,South Africa,Africa,Southern Africa,OFF-AR-6120,Office Supplies,Art,"Stanley Pencil Sharpener, Water Color",25.049999999999997,1,0,1.5
ES-2015-MW18220139-42253,2015-09-06 00:00:00,MW-18220139,Mitch Webber,Consumer,United Kingdom,Europe,Northern Europe,OFF-LA-5401,Office Supplies,Labels,"Novimex Round Labels, Laser Printer Compatible",31.349999999999998,5,0,14.7
MX-2015-PG1882093-42270,2015-09-23 00:00:00,PG-1882093,Patrick Gardner,Consumer,Nicaragua,LATAM,Central America,OFF-FA-5484,Office Supplies,Fasteners,"OIC Thumb Tacks, 12 Pack",27,3,0,1.0799999999999998
ID-2015-DD13570102-42259,2015-09-12 00:00:00,DD-13570102,Dorothy Dickinson,Consumer,Philippines,Asia Pacific,Southeastern Asia,OFF-LA-3297,Office Supplies,Labels,"Avery Legal Exhibit Labels, 5000 Label Set",58.06350000000001,9,0.45,-2.146500000000003
CA-2015-JH618023-42256,2015-09-09 00:00:00,JH-618023,Justin Hirsh,Consumer,Canada,USCA,Canada,OFF-FA-3063,Office Supplies,Fasteners,"Advantus Rubber Bands, Metal",16.71,1,0,4.17
CA-2015-JH618023-42256,2015-09-09 00:00:00,JH-618023,Justin Hirsh,Consumer,Canada,USCA,Canada,OFF-PA-5892,Office Supplies,Paper,"SanDisk Parchment Paper, Premium",16.709999999999997,1,0,3.1500000000000004
CA-2015-JM16195140-42255,2015-09-08 00:00:00,JM-161951404,Justin MacKendrick,Consumer,United States,USCA,Western US,TEC-PH-5245,Technology,Phones,Motorla HX550 Universal Bluetooth Headset,126.56,4,0.2,47.459999999999994
ES-2015-MP17470139-42272,2015-09-25 00:00:00,MP-17470139,Mark Packer,Home Office,United Kingdom,Europe,Northern Europe,OFF-AR-5910,Office Supplies,Art,"Sanford Highlighters, Blue",110.24999999999997,7,0,11.969999999999999
CA-2015-JM16195140-42255,2015-09-08 00:00:00,JM-161951404,Justin MacKendrick,Consumer,United States,USCA,Western US,FUR-FU-3914,Furniture,Furnishings,"DAX Copper Panel Document Frame, 5 x 7 Size",25.16,2,0,10.567200000000001
CA-2015-JR16210140-42267,2015-09-20 00:00:00,JR-162101404,Justin Ritter,Corporate,United States,USCA,Western US,FUR-FU-4762,Furniture,Furnishings,"Howard Miller 14-1/2"" Diameter Chrome Round Wall Clock",409.216,8,0.2,61.38239999999999
CA-2015-JR16210140-42267,2015-09-20 00:00:00,JR-162101404,Justin Ritter,Corporate,United States,USCA,Western US,TEC-PH-5244,Technology,Phones,Mophie Juice Pack Helium for iPhone,191.976,3,0.2,19.197599999999994
MX-2015-HP1481518-42267,2015-09-20 00:00:00,HP-1481518,Harold Pawlan,Home Office,Brazil,LATAM,South America,OFF-SU-2987,Office Supplies,Supplies,"Acme Ruler, Steel",21.48,2,0,5.36
ES-2015-CS12460139-42248,2015-09-01 00:00:00,CS-12460139,Chuck Sachs,Consumer,United Kingdom,Europe,Northern Europe,OFF-AR-3464,Office Supplies,Art,"BIC Pens, Blue",42.839999999999996,3,0,4.68
ES-2015-MW18220139-42253,2015-09-06 00:00:00,MW-18220139,Mitch Webber,Consumer,United Kingdom,Europe,Northern Europe,OFF-BI-3726,Office Supplies,Binders,"Cardinal Binding Machine, Economy",99.54000000000002,2,0,27.839999999999996
CA-2015-JR16210140-42267,2015-09-20 00:00:00,JR-162101404,Justin Ritter,Corporate,United States,USCA,Western US,FUR-BO-5522,Furniture,Bookcases,O'Sullivan 4-Shelf Bookcase in Odessa Pine,72.58800000000001,2,0.7,-128.2388
CA-2015-JR16210140-42267,2015-09-20 00:00:00,JR-162101404,Justin Ritter,Corporate,United States,USCA,Western US,OFF-AR-5585,Office Supplies,Art,Peel-Off China Markers,23.832,3,0.2,6.553800000000001
IN-2015-RF1984058-42273,2015-09-26 00:00:00,RF-1984058,Roy Französisch,Consumer,India,Asia Pacific,Southern Asia,OFF-BI-6404,Office Supplies,Binders,"Wilson Jones Index Tab, Economy",32.25,5,0,11.850000000000001
CA-2015-KB16240140-42272,2015-09-25 00:00:00,KB-162401402,Karen Bern,Corporate,United States,USCA,Central US,TEC-AC-4869,Technology,Accessories,Imation Bio 2GB USB Flash Drive Imation Corp,655.9000000000001,5,0,275.478
CA-2015-KB16240140-42272,2015-09-25 00:00:00,KB-162401402,Karen Bern,Corporate,United States,USCA,Central US,FUR-CH-4393,Furniture,Chairs,"Global Airflow Leather Mesh Back Chair, Black",603.92,4,0,181.17599999999993
CA-2015-KB16240140-42272,2015-09-25 00:00:00,KB-162401402,Karen Bern,Corporate,United States,USCA,Central US,TEC-AC-4940,Technology,Accessories,KeyTronic E03601U1 - Keyboard - Beige,72,4,0,12.959999999999994
RS-2015-LW6990108-42270,2015-09-23 00:00:00,LW-6990108,Lindsay Williams,Corporate,Russia,Europe,Eastern Europe,OFF-EN-3671,Office Supplies,Envelopes,"Cameo Manila Envelope, Set of 50",54,2,0,4.86
ES-2015-MC172758-42262,2015-09-15 00:00:00,MC-172758,Marc Crier,Consumer,Austria,Europe,Western Europe,OFF-SU-4305,Office Supplies,Supplies,"Fiskars Box Cutter, Serrated",64.44,2,0,20.580000000000002
US-2015-MN1793555-42250,2015-09-03 00:00:00,MN-1793555,Michael Nguyen,Consumer,Honduras,LATAM,Central America,OFF-SU-4973,Office Supplies,Supplies,"Kleencut Box Cutter, Easy Grip",29.01599999999999,2,0.4,-6.303999999999993
ES-2015-RH1960045-42257,2015-09-10 00:00:00,RH-1960045,Rob Haberlin,Consumer,France,Europe,Western Europe,OFF-LA-4662,Office Supplies,Labels,"Hon Legal Exhibit Labels, 5000 Label Set",45,4,0,8.040000000000001
CG-2015-JR570033-42272,2015-09-25 00:00:00,JR-570033,Jocasta Rupert,Consumer,Democratic Republic of the Congo,Africa,Central Africa,OFF-ST-4295,Office Supplies,Storage,"Fellowes Trays, Single Width",57.42,1,0,28.71
ES-2015-LA16780120-42272,2015-09-25 00:00:00,LA-16780120,Laura Armstrong,Corporate,Spain,Europe,Southern Europe,OFF-PA-5892,Office Supplies,Paper,"SanDisk Parchment Paper, Premium",66.83999999999999,4,0,12.600000000000001
US-2015-HR1477098-42270,2015-09-23 00:00:00,HR-1477098,Hallie Redmond,Home Office,Panama,LATAM,Central America,OFF-ST-4259,Office Supplies,Storage,"Fellowes File Cart, Single Width",54.936,1,0.4,-25.644
CA-2015-KF16285140-42259,2015-09-12 00:00:00,KF-162851404,Karen Ferguson,Home Office,United States,USCA,Western US,FUR-CH-4674,Furniture,Chairs,Hon Pagoda Stacking Chairs,2054.2720000000004,8,0.2,256.78399999999976
ES-2015-MG17875139-42258,2015-09-11 00:00:00,MG-17875139,Michael Grace,Home Office,United Kingdom,Europe,Northern Europe,OFF-ST-4028,Office Supplies,Storage,"Eldon Box, Blue",20.519999999999996,2,0,5.28
IT-2015-JF1556564-42257,2015-09-10 00:00:00,JF-1556564,Jill Fjeld,Consumer,Italy,Europe,Southern Europe,OFF-PA-4468,Office Supplies,Paper,"Green Bar Computer Printout Paper, Premium",29.759999999999998,1,0,12.78
ES-2015-PB19150120-42266,2015-09-19 00:00:00,PB-19150120,Philip Brown,Consumer,Spain,Europe,Southern Europe,OFF-LA-5385,Office Supplies,Labels,"Novimex File Folder Labels, Laser Printer Compatible",49.5,6,0,9.36
ES-2015-TB2125048-42248,2015-09-01 00:00:00,TB-2125048,Tim Brockman,Consumer,Germany,Europe,Western Europe,OFF-FA-6189,Office Supplies,Fasteners,"Stockwell Paper Clips, Assorted Sizes",39.69,7,0.5,-31.919999999999998
ES-2015-CS12460139-42248,2015-09-01 00:00:00,CS-12460139,Chuck Sachs,Consumer,United Kingdom,Europe,Northern Europe,FUR-FU-4034,Furniture,Furnishings,"Eldon Clock, Black",79.12799999999999,2,0.3,-2.2920000000000016
US-2015-KF16285140-42272,2015-09-25 00:00:00,KF-162851408,Karen Ferguson,Home Office,United States,USCA,Southern US,TEC-PH-5606,Technology,Phones,Plantronics Encore H101 Dual Earpieces Headset,89.9,2,0,25.171999999999997
CA-2015-KF16285140-42259,2015-09-12 00:00:00,KF-162851404,Karen Ferguson,Home Office,United States,USCA,Western US,OFF-EN-2851,Office Supplies,Envelopes,#10 Self-Seal White Envelopes,22.18,2,0,10.8682
US-2015-KF16285140-42272,2015-09-25 00:00:00,KF-162851408,Karen Ferguson,Home Office,United States,USCA,Southern US,OFF-LA-5978,Office Supplies,Labels,Self-Adhesive Removable Labels,15.75,5,0,7.5600000000000005
KZ-2015-JC610568-42267,2015-09-20 00:00:00,JC-610568,Julie Creighton,Corporate,Kazakhstan,Asia Pacific,Central Asia,OFF-EN-3668,Office Supplies,Envelopes,"Cameo Mailers, with clear poly window",50.04000000000001,4,0.7,-110.16000000000001
US-2015-KF16285140-42272,2015-09-25 00:00:00,KF-162851408,Karen Ferguson,Home Office,United States,USCA,Southern US,OFF-AR-3334,Office Supplies,Art,Barrel Sharpener,14.28,4,0,3.7127999999999997
US-2015-KF16285140-42272,2015-09-25 00:00:00,KF-162851408,Karen Ferguson,Home Office,United States,USCA,Southern US,OFF-ST-6265,Office Supplies,Storage,"Tenex Personal Filing Tote With Secure Closure Lid, Black/Frost",15.51,1,0,3.8774999999999995
CA-2015-KF16285140-42259,2015-09-12 00:00:00,KF-162851404,Karen Ferguson,Home Office,United States,USCA,Western US,OFF-PA-6555,Office Supplies,Paper,Xerox 1996,12.96,2,0,6.2208000000000006
MX-2015-JG1516082-42256,2015-09-09 00:00:00,JG-1516082,James Galang,Consumer,Mexico,LATAM,Central America,OFF-PA-4481,Office Supplies,Paper,"Green Bar Parchment Paper, 8.5 x 11",69.4,5,0,34.7
US-2015-KF16285140-42272,2015-09-25 00:00:00,KF-162851408,Karen Ferguson,Home Office,United States,USCA,Southern US,OFF-AR-3444,Office Supplies,Art,"BIC Brite Liner Grip Highlighters, Assorted, 5/Pack",12.72,3,0,4.9608
ES-2015-DL1286545-42251,2015-09-04 00:00:00,DL-1286545,Dan Lawera,Consumer,France,Europe,Western Europe,OFF-AR-5922,Office Supplies,Art,"Sanford Pencil Sharpener, Fluorescent",51.66,2,0,18.06
IN-2015-SS208757-42277,2015-09-30 00:00:00,SS-208757,Sung Shariari,Consumer,Australia,Asia Pacific,Oceania,OFF-EN-3659,Office Supplies,Envelopes,"Cameo Clasp Envelope, Set of 50",42.794999999999995,5,0.1,9.944999999999999
US-2015-MS1798055-42277,2015-09-30 00:00:00,MS-1798055,Michael Stewart,Corporate,Honduras,LATAM,Central America,FUR-CH-4698,Furniture,Chairs,"Hon Steel Folding Chair, Black",63.19199999999999,2,0.4,-16.888000000000005
UP-2015-IM5070137-42273,2015-09-26 00:00:00,IM-5070137,Irene Maddox,Consumer,Ukraine,Europe,Eastern Europe,TEC-MA-5569,Technology,Machines,"Panasonic Phone, White",83.25,1,0,7.470000000000001
IT-2015-PO1886548-42252,2015-09-05 00:00:00,PO-1886548,Patrick O'Donnell,Consumer,Germany,Europe,Western Europe,OFF-LA-6052,Office Supplies,Labels,"Smead Removable Labels, Laser Printer Compatible",30.96,3,0,9.540000000000001
IR-2015-EH418560-42248,2015-09-01 00:00:00,EH-418560,Evan Henry,Consumer,Iran,Asia Pacific,Southern Asia,OFF-AR-5923,Office Supplies,Art,"Sanford Pencil Sharpener, Water Color",52.199999999999996,2,0,13.559999999999999
MX-2015-TS2120537-42250,2015-09-03 00:00:00,TS-2120537,Thomas Seio,Corporate,Ecuador,LATAM,South America,TEC-AC-3379,Technology,Accessories,"Belkin Flash Drive, Erganomic",79.5,3,0,31.8
RO-2015-BH1710107-42250,2015-09-03 00:00:00,BH-1710107,Brosina Hoffman,Consumer,Romania,Europe,Eastern Europe,TEC-AC-5132,Technology,Accessories,"Logitech Numeric Keypad, Programmable",95.64000000000001,2,0,12.419999999999998
MX-2015-MY1738082-42252,2015-09-05 00:00:00,MY-1738082,Maribeth Yedwab,Corporate,Mexico,LATAM,Central America,OFF-BI-2919,Office Supplies,Binders,"Acco Index Tab, Economy",40.32000000000001,6,0,7.2
ES-2015-CC1222048-42270,2015-09-23 00:00:00,CC-1222048,Chris Cortes,Consumer,Germany,Europe,Western Europe,FUR-BO-3907,Furniture,Bookcases,"Dania Stackable Bookrack, Traditional",48.419999999999995,1,0.6,-21.809999999999974
UP-2015-IM5070137-42273,2015-09-26 00:00:00,IM-5070137,Irene Maddox,Consumer,Ukraine,Europe,Eastern Europe,FUR-CH-5753,Furniture,Chairs,"SAFCO Bag Chairs, Set of Two",51.69,1,0,16.53
MX-2015-VG2180518-42265,2015-09-18 00:00:00,VG-2180518,Vivek Grady,Corporate,Brazil,LATAM,South America,OFF-AR-3465,Office Supplies,Art,"BIC Pens, Easy-Erase",29.1,3,0,0.8399999999999999
IR-2015-CA226560-42264,2015-09-17 00:00:00,CA-226560,Christina Anderson,Consumer,Iran,Asia Pacific,Southern Asia,OFF-EN-4442,Office Supplies,Envelopes,"GlobeWeis Interoffice Envelope, with clear poly window",51.36,1,0,14.370000000000001
ES-2015-SM20950139-42248,2015-09-01 00:00:00,SM-20950139,Suzanne McNair,Corporate,United Kingdom,Europe,Northern Europe,OFF-PA-3991,Office Supplies,Paper,"Eaton Computer Printout Paper, Multicolor",55.92,2,0,8.34
MX-2015-CS1246093-42259,2015-09-12 00:00:00,CS-1246093,Chuck Sachs,Consumer,Nicaragua,LATAM,Central America,OFF-BI-3739,Office Supplies,Binders,"Cardinal Index Tab, Economy",23.36,4,0,7.44
IN-2015-AB1015027-42255,2015-09-08 00:00:00,AB-1015027,Aimee Bixby,Consumer,China,Asia Pacific,Eastern Asia,OFF-AR-3464,Office Supplies,Art,"BIC Pens, Blue",42.839999999999996,3,0,11.07
MX-2015-JD1606082-42257,2015-09-10 00:00:00,JD-1606082,Julia Dunbar,Consumer,Mexico,LATAM,Central America,OFF-FA-2949,Office Supplies,Fasteners,"Accos Push Pins, Bulk Pack",48.4,5,0,6.7
MX-2015-SF2020039-42255,2015-09-08 00:00:00,SF-2020039,Sarah Foster,Consumer,El Salvador,LATAM,Central America,OFF-ST-4060,Office Supplies,Storage,"Eldon Folders, Blue",22.64,2,0,0
MX-2015-DO1343531-42262,2015-09-15 00:00:00,DO-1343531,Denny Ordway,Consumer,Cuba,LATAM,Caribbean,OFF-AR-3554,Office Supplies,Art,"Boston Sketch Pad, Fluorescent",132.95999999999998,4,0,53.120000000000005
ES-2015-IL15100120-42253,2015-09-06 00:00:00,IL-15100120,Ivan Liston,Consumer,Spain,Europe,Southern Europe,OFF-PA-4462,Office Supplies,Paper,"Green Bar Cards & Envelopes, Multicolor",99.60000000000001,2,0,11.94
US-2015-RB1979582-42276,2015-09-29 00:00:00,RB-1979582,Ross Baird,Home Office,Mexico,LATAM,Central America,FUR-FU-6239,Furniture,Furnishings,"Tenex Clock, Erganomic",78.192,4,0.4,-14.368000000000006
MX-2015-TS2120537-42250,2015-09-03 00:00:00,TS-2120537,Thomas Seio,Corporate,Ecuador,LATAM,South America,FUR-FU-5726,Furniture,Furnishings,"Rubbermaid Door Stop, Erganomic",84.84,3,0,38.160000000000004
ID-2015-CG12520130-42273,2015-09-26 00:00:00,CG-12520130,Claire Gute,Consumer,Thailand,Asia Pacific,Southeastern Asia,OFF-LA-4688,Office Supplies,Labels,"Hon Round Labels, Laser Printer Compatible",42.3576,12,0.47000000000000003,-23.522399999999998
MX-2015-KM1672093-42262,2015-09-15 00:00:00,KM-1672093,Kunst Miller,Consumer,Nicaragua,LATAM,Central America,OFF-BI-2900,Office Supplies,Binders,"Acco Binding Machine, Durable",140.24000000000004,4,0,65.84
CA-2015-KB16405140-42251,2015-09-04 00:00:00,KB-164051406,Katrina Bavinger,Home Office,United States,USCA,Eastern US,OFF-PA-6439,Office Supplies,Paper,Xerox 189,419.4,4,0,201.31199999999998
CA-2015-KB16405140-42251,2015-09-04 00:00:00,KB-164051406,Katrina Bavinger,Home Office,United States,USCA,Eastern US,FUR-CH-4419,Furniture,Chairs,Global Low Back Tilter Chair,181.764,2,0.1,-8.07840000000002
CA-2015-KB16405140-42251,2015-09-04 00:00:00,KB-164051406,Katrina Bavinger,Home Office,United States,USCA,Eastern US,FUR-CH-5444,Furniture,Chairs,Office Star Flex Back Scooter Chair with Aluminum Finish Frame,90.801,1,0.1,14.1246
CA-2015-KB16405140-42252,2015-09-05 00:00:00,KB-164051404,Katrina Bavinger,Home Office,United States,USCA,Western US,TEC-PH-4887,Technology,Phones,invisibleSHIELD by ZAGG Smudge-Free Screen Protector,43.176,3,0.2,15.1116
ES-2015-SW20275139-42249,2015-09-02 00:00:00,SW-20275139,Scott Williamson,Consumer,United Kingdom,Europe,Northern Europe,FUR-FU-3030,Furniture,Furnishings,"Advantus Door Stop, Erganomic",61.11000000000001,2,0.3,0.8699999999999974
CA-2015-KB16405140-42251,2015-09-04 00:00:00,KB-164051406,Katrina Bavinger,Home Office,United States,USCA,Eastern US,OFF-AR-5632,Office Supplies,Art,Prang Drawing Pencil Set,5.56,2,0,2.2239999999999998
CA-2015-KB16405140-42252,2015-09-05 00:00:00,KB-164051404,Katrina Bavinger,Home Office,United States,USCA,Western US,OFF-PA-6584,Office Supplies,Paper,Xerox 220,12.96,2,0,6.2208000000000006
JO-2015-DO343567-42274,2015-09-27 00:00:00,DO-343567,Denny Ordway,Consumer,Jordan,Asia Pacific,Western Asia,TEC-AC-5133,Technology,Accessories,"Logitech Numeric Keypad, USB",46.53,1,0,19.98
MO-2015-PO919586-42264,2015-09-17 00:00:00,PO-919586,Phillina Ober,Home Office,Morocco,Africa,North Africa,OFF-EN-3089,Office Supplies,Envelopes,"Ames Business Envelopes, Security-Tint",58.56000000000001,4,0,19.799999999999997
SF-2015-PW9240117-42250,2015-09-03 00:00:00,PW-9240117,Pierre Wener,Consumer,South Africa,Africa,Southern Africa,OFF-AR-3448,Office Supplies,Art,"BIC Canvas, Easy-Erase",53.97,1,0,18.330000000000002
IN-2015-BE113357-42273,2015-09-26 00:00:00,BE-113357,Bill Eplett,Home Office,Australia,Asia Pacific,Oceania,OFF-EN-4453,Office Supplies,Envelopes,"GlobeWeis Peel and Seal, Set of 50",38.502,2,0.1,7.241999999999999
HR-2015-TS1116030-42264,2015-09-17 00:00:00,TS-1116030,Theresa Swint,Corporate,Croatia,Europe,Southern Europe,OFF-ST-6252,Office Supplies,Storage,"Tenex Folders, Wire Frame",22.29,1,0,10.68
MX-2015-TS2165518-42270,2015-09-23 00:00:00,TS-2165518,Trudy Schmidt,Consumer,Brazil,LATAM,South America,FUR-FU-6239,Furniture,Furnishings,"Tenex Clock, Erganomic",97.74000000000001,3,0,28.320000000000004
IN-2015-AR103457-42267,2015-09-20 00:00:00,AR-103457,Alex Russell,Corporate,Australia,Asia Pacific,Oceania,OFF-ST-4251,Office Supplies,Storage,"Fellowes Box, Industrial",54.432000000000016,3,0.1,10.241999999999997
RS-2015-KF6285108-42256,2015-09-09 00:00:00,KF-6285108,Karen Ferguson,Home Office,Russia,Europe,Eastern Europe,OFF-BI-4812,Office Supplies,Binders,"Ibico Binder, Durable",16.979999999999997,1,0,0.48
CA-2015-KW16435140-42273,2015-09-26 00:00:00,KW-164351406,Katrina Willman,Consumer,United States,USCA,Eastern US,FUR-CH-4407,Furniture,Chairs,Global Ergonomic Managers Chair,488.646,3,0.1,86.8704
CA-2015-KW16435140-42273,2015-09-26 00:00:00,KW-164351406,Katrina Willman,Consumer,United States,USCA,Eastern US,FUR-FU-4109,Furniture,Furnishings,Eldon Wave Desk Accessories,47.12,8,0,20.7328
CA-2015-KW16435140-42273,2015-09-26 00:00:00,KW-164351406,Katrina Willman,Consumer,United States,USCA,Eastern US,OFF-LA-3244,Office Supplies,Labels,"Avery Address/Shipping Labels for Typewriters, 4"" x 2""",20.7,2,0,9.936
CA-2015-KW16435140-42273,2015-09-26 00:00:00,KW-164351406,Katrina Willman,Consumer,United States,USCA,Eastern US,OFF-AR-5312,Office Supplies,Art,Newell 333,5.56,2,0,1.4455999999999998
ES-2015-SW2045564-42257,2015-09-10 00:00:00,SW-2045564,Shaun Weien,Consumer,Italy,Europe,Southern Europe,TEC-AC-5118,Technology,Accessories,"Logitech Keyboard, USB",217.98000000000002,3,0,45.72
MX-2015-SS2051536-42264,2015-09-17 00:00:00,SS-2051536,Shirley Schmidt,Home Office,Dominican Republic,LATAM,Caribbean,OFF-PA-4476,Office Supplies,Paper,"Green Bar Message Books, Premium",38.064,3,0.2,7.103999999999999
CA-2015-KT646523-42264,2015-09-17 00:00:00,KT-646523,Kean Takahito,Consumer,Canada,USCA,Canada,OFF-PA-4001,Office Supplies,Paper,"Eaton Message Books, Recycled",40.98,2,0,5.699999999999999
MX-2015-ND1837051-42276,2015-09-29 00:00:00,ND-1837051,Natalie DeCherney,Consumer,Guatemala,LATAM,Central America,FUR-FU-5725,Furniture,Furnishings,"Rubbermaid Door Stop, Durable",54.44,2,0,13.040000000000001
CA-2015-KT646523-42264,2015-09-17 00:00:00,KT-646523,Kean Takahito,Consumer,Canada,USCA,Canada,OFF-BI-4825,Office Supplies,Binders,"Ibico Hole Reinforcements, Economy",6.99,1,0,3.42
MX-2015-SK1999018-42252,2015-09-05 00:00:00,SK-1999018,Sally Knutson,Consumer,Brazil,LATAM,South America,OFF-EN-4903,Office Supplies,Envelopes,"Jiffy Business Envelopes, Recycled",24.48,2,0,1.6800000000000002
US-2015-RD1981036-42263,2015-09-16 00:00:00,RD-1981036,Ross DeVincentis,Home Office,Dominican Republic,LATAM,Caribbean,FUR-BO-5799,Furniture,Bookcases,"Safco Stackable Bookrack, Traditional",118.75199999999998,2,0.4,-33.64799999999999
CA-2015-KT16480140-42269,2015-09-22 00:00:00,KT-164801408,Kean Thornton,Consumer,United States,USCA,Southern US,OFF-AP-3126,Office Supplies,Appliances,APC 7 Outlet Network SurgeArrest Surge Protector,80.48,1,0,24.144
IR-2015-CM271560-42252,2015-09-05 00:00:00,CM-271560,Craig Molinari,Corporate,Iran,Asia Pacific,Southern Asia,OFF-BI-6403,Office Supplies,Binders,"Wilson Jones Index Tab, Durable",63.599999999999994,8,0,1.2000000000000002
IT-2015-RS1942045-42248,2015-09-01 00:00:00,RS-1942045,Ricardo Sperren,Corporate,France,Europe,Western Europe,OFF-ST-5696,Office Supplies,Storage,"Rogers Folders, Single Width",55.29599999999999,2,0.1,-1.283999999999999
PL-2015-MH7455103-42277,2015-09-30 00:00:00,MH-7455103,Mark Hamilton,Consumer,Poland,Europe,Eastern Europe,OFF-LA-5377,Office Supplies,Labels,"Novimex Color Coded Labels, Laser Printer Compatible",24.839999999999996,2,0,5.9399999999999995
BO-2015-KA652513-42276,2015-09-29 00:00:00,KA-652513,Kelly Andreada,Consumer,Belarus,Europe,Eastern Europe,OFF-BI-6369,Office Supplies,Binders,"Wilson Jones 3-Hole Punch, Clear",54.900000000000006,2,0,15.36
CA-2015-KD16495140-42257,2015-09-10 00:00:00,KD-164951404,Keith Dawkins,Corporate,United States,USCA,Western US,OFF-ST-4246,Office Supplies,Storage,Fellowes Bases and Tops For Staxonsteel/High-Stak Systems,99.87,3,0,23.968799999999998
ES-2015-RL1961564-42249,2015-09-02 00:00:00,RL-1961564,Rob Lucas,Consumer,Italy,Europe,Southern Europe,OFF-SU-4127,Office Supplies,Supplies,"Elite Scissors, Easy Grip",48.3,2,0,22.200000000000003
IT-2015-JW1522048-42256,2015-09-09 00:00:00,JW-1522048,Jane Waco,Corporate,Germany,Europe,Western Europe,OFF-BI-2913,Office Supplies,Binders,"Acco Hole Reinforcements, Durable",16.32,2,0,7.62
MX-2015-EM1414051-42264,2015-09-17 00:00:00,EM-1414051,Eugene Moren,Home Office,Guatemala,LATAM,Central America,OFF-EN-4923,Office Supplies,Envelopes,"Jiffy Peel and Seal, Recycled",25.080000000000002,2,0,4.76
US-2015-SM2095082-42274,2015-09-27 00:00:00,SM-2095082,Suzanne McNair,Corporate,Mexico,LATAM,Central America,TEC-AC-5196,Technology,Accessories,"Memorex Flash Drive, USB",78.96,4,0,38.64
SA-2015-CL1890110-42277,2015-09-30 00:00:00,CL-1890110,Carl Ludwig,Consumer,Saudi Arabia,Asia Pacific,Western Asia,OFF-ST-6284,Office Supplies,Storage,"Tenex Trays, Wire Frame",53.279999999999994,1,0,26.64
IT-2015-RP19390139-42274,2015-09-27 00:00:00,RP-19390139,Resi Pölking,Consumer,United Kingdom,Europe,Northern Europe,OFF-LA-3320,Office Supplies,Labels,"Avery Shipping Labels, 5000 Label Set",30.6,5,0.5,-7.350000000000001
PL-2015-MR7545103-42269,2015-09-22 00:00:00,MR-7545103,Mathew Reese,Home Office,Poland,Europe,Eastern Europe,OFF-SU-6177,Office Supplies,Supplies,"Stiletto Shears, High Speed",48.09,1,0,4.32
MX-2015-FO1430582-42265,2015-09-18 00:00:00,FO-1430582,Frank Olsen,Consumer,Mexico,LATAM,Central America,OFF-AR-5910,Office Supplies,Art,"Sanford Highlighters, Blue",41.99999999999999,4,0,15.52
AJ-2015-SH99759-42263,2015-09-16 00:00:00,SH-99759,Sally Hughsby,Corporate,Azerbaijan,Asia Pacific,Western Asia,OFF-ST-5697,Office Supplies,Storage,"Rogers Folders, Wire Frame",29.759999999999994,1,0,3.2700000000000005
IN-2015-DC1285058-42272,2015-09-25 00:00:00,DC-1285058,Dan Campbell,Consumer,India,Asia Pacific,Southern Asia,OFF-AR-3525,Office Supplies,Art,"Boston Canvas, Blue",107.28,2,0,40.74
IT-2015-JH1582091-42248,2015-09-01 00:00:00,JH-1582091,John Huston,Consumer,Netherlands,Europe,Western Europe,OFF-AR-3495,Office Supplies,Art,"Binney & Smith Pens, Blue",47.760000000000005,8,0.5,-7.680000000000007
MX-2015-LC1705082-42262,2015-09-15 00:00:00,LC-1705082,Liz Carlisle,Consumer,Mexico,LATAM,Central America,FUR-FU-5737,Furniture,Furnishings,"Rubbermaid Photo Frame, Durable",58.53599999999999,3,0.4,3.875999999999999
ES-2015-DO13645139-42263,2015-09-16 00:00:00,DO-13645139,Doug O'Connell,Consumer,United Kingdom,Europe,Northern Europe,OFF-AR-6124,Office Supplies,Art,"Stanley Pens, Water Color",33.075,5,0.5,-11.925000000000004
RS-2015-TS11370108-42253,2015-09-06 00:00:00,TS-11370108,Todd Sumrall,Corporate,Russia,Europe,Eastern Europe,OFF-PA-4478,Office Supplies,Paper,"Green Bar Note Cards, 8.5 x 11",59.400000000000006,2,0,24.900000000000002
CA-2015-KC16540140-42272,2015-09-25 00:00:00,KC-165401406,Kelly Collister,Consumer,United States,USCA,Eastern US,FUR-FU-4759,Furniture,Furnishings,"Howard Miller 13"" Diameter Pewter Finish Round Wall Clock",103.05599999999998,3,0.2,24.475800000000007
RO-2015-GA4515107-42252,2015-09-05 00:00:00,GA-4515107,George Ashbrook,Consumer,Romania,Europe,Eastern Europe,OFF-AP-4720,Office Supplies,Appliances,"Hoover Blender, Silver",194.34,2,0,71.88
MX-2015-JM1558018-42250,2015-09-03 00:00:00,JM-1558018,Jill Matthias,Consumer,Brazil,LATAM,South America,OFF-BI-6385,Office Supplies,Binders,"Wilson Jones Binding Machine, Recycled",65.76,2,0,4.6
MX-2015-TM2101018-42274,2015-09-27 00:00:00,TM-2101018,Tamara Manning,Consumer,Brazil,LATAM,South America,TEC-PH-5830,Technology,Phones,"Samsung Office Telephone, Full Size",133.01999999999998,3,0,41.220000000000006
ES-2015-AH10210120-42267,2015-09-20 00:00:00,AH-10210120,Alan Hwang,Consumer,Spain,Europe,Southern Europe,OFF-AR-6126,Office Supplies,Art,"Stanley Sketch Pad, Easy-Erase",89.4,2,0,16.98
ES-2015-AG1076548-42277,2015-09-30 00:00:00,AG-1076548,Anthony Garverick,Home Office,Germany,Europe,Western Europe,OFF-BI-4811,Office Supplies,Binders,"Ibico Binder, Clear",74.69999999999999,5,0,6.6000000000000005
IN-2015-FM1429027-42264,2015-09-17 00:00:00,FM-1429027,Frank Merwin,Home Office,China,Asia Pacific,Eastern Asia,OFF-EN-4438,Office Supplies,Envelopes,"GlobeWeis Clasp Envelope, with clear poly window",53.75999999999999,4,0,17.64
MX-2015-AB1016582-42255,2015-09-08 00:00:00,AB-1016582,Alan Barnes,Consumer,Mexico,LATAM,Central America,OFF-SU-6174,Office Supplies,Supplies,"Stiletto Scissors, Serrated",67.7,5,0,6
MX-2015-LO1717093-42250,2015-09-03 00:00:00,LO-1717093,Lori Olson,Corporate,Nicaragua,LATAM,Central America,OFF-PA-5847,Office Supplies,Paper,"SanDisk Cards & Envelopes, 8.5 x 11",35.04,1,0,1.7399999999999998
IN-2015-TS21430102-42274,2015-09-27 00:00:00,TS-21430102,Tom Stivers,Corporate,Philippines,Asia Pacific,Southeastern Asia,OFF-EN-3103,Office Supplies,Envelopes,"Ames Mailers, with clear poly window",43.329,2,0.45,-18.171
SF-2015-TT11265117-42258,2015-09-11 00:00:00,TT-11265117,Tim Taslimi,Corporate,South Africa,Africa,Southern Africa,OFF-AR-3488,Office Supplies,Art,"Binney & Smith Markers, Blue",24.089999999999996,1,0,4.5600000000000005
IT-2015-MB18085139-42265,2015-09-18 00:00:00,MB-18085139,Mick Brown,Consumer,United Kingdom,Europe,Northern Europe,OFF-ST-5708,Office Supplies,Storage,"Rogers Shelving, Wire Frame",61.199999999999996,2,0.5,-23.279999999999994
ES-2015-CL1270048-42268,2015-09-21 00:00:00,CL-1270048,Craig Leslie,Home Office,Germany,Europe,Western Europe,OFF-PA-4182,Office Supplies,Paper,"Enermax Parchment Paper, Multicolor",67.19999999999999,4,0,20.16
IN-2015-BE1133527-42276,2015-09-29 00:00:00,BE-1133527,Bill Eplett,Home Office,China,Asia Pacific,Eastern Asia,OFF-FA-5471,Office Supplies,Fasteners,"OIC Push Pins, 12 Pack",57.36,4,0,28.68
ES-2015-DO13645139-42263,2015-09-16 00:00:00,DO-13645139,Doug O'Connell,Consumer,United Kingdom,Europe,Northern Europe,OFF-BI-6385,Office Supplies,Binders,"Wilson Jones Binding Machine, Recycled",73.98000000000002,3,0.5,-57.780000000000015
TU-2015-EH4125134-42271,2015-09-24 00:00:00,EH-4125134,Eugene Hildebrand,Home Office,Turkey,Asia Pacific,Western Asia,TEC-AC-5099,Technology,Accessories,"Logitech Flash Drive, Bluetooth",24.407999999999998,2,0.6,-10.391999999999996
IN-2015-KB162407-42273,2015-09-26 00:00:00,KB-162407,Karen Bern,Corporate,Australia,Asia Pacific,Oceania,TEC-PH-5261,Technology,Phones,"Motorola Office Telephone, VoIP",129.32999999999998,3,0.4,8.549999999999983
IR-2015-CL256560-42270,2015-09-23 00:00:00,CL-256560,Clay Ludtke,Consumer,Iran,Asia Pacific,Southern Asia,OFF-LA-5376,Office Supplies,Labels,"Novimex Color Coded Labels, Alphabetical",12.24,1,0,4.0200000000000005
NI-2015-NF838595-42265,2015-09-18 00:00:00,NF-838595,Natalie Fritzler,Consumer,Nigeria,Africa,Western Africa,OFF-PA-4001,Office Supplies,Paper,"Eaton Message Books, Recycled",49.176,8,0.7,-91.94399999999999
CA-2015-KH16630140-42259,2015-09-12 00:00:00,KH-166301404,Ken Heidel,Corporate,United States,USCA,Western US,TEC-PH-5535,Technology,Phones,OtterBox Defender Series Case - Samsung Galaxy S4,143.952,6,0.2,17.99399999999998
CA-2015-KH16630140-42258,2015-09-11 00:00:00,KH-166301406,Ken Heidel,Corporate,United States,USCA,Eastern US,OFF-PA-6457,Office Supplies,Paper,Xerox 1906,85.056,3,0.2,28.70639999999999
ES-2015-NK1849014-42255,2015-09-08 00:00:00,NK-1849014,Neil Knudson,Home Office,Belgium,Europe,Western Europe,OFF-FA-6189,Office Supplies,Fasteners,"Stockwell Paper Clips, Assorted Sizes",76.64999999999999,7,0,29.82
IZ-2015-TB1119061-42255,2015-09-08 00:00:00,TB-1119061,Thomas Brumley,Home Office,Iraq,Asia Pacific,Western Asia,FUR-FU-3048,Furniture,Furnishings,"Advantus Photo Frame, Duo Pack",53.04,1,0,20.13
CA-2015-KH16630140-42259,2015-09-12 00:00:00,KH-166301404,Ken Heidel,Corporate,United States,USCA,Western US,OFF-PA-6472,Office Supplies,Paper,Xerox 192,19.44,3,0,9.3312
IN-2015-LM1706527-42265,2015-09-18 00:00:00,LM-1706527,Liz MacKendrick,Consumer,China,Asia Pacific,Eastern Asia,OFF-AR-6120,Office Supplies,Art,"Stanley Pencil Sharpener, Water Color",55.92,2,0,11.7
IT-2015-DM12955124-42257,2015-09-10 00:00:00,DM-12955124,Dario Medina,Corporate,Sweden,Europe,Northern Europe,FUR-CH-5435,Furniture,Chairs,"Office Star Bag Chairs, Red",55.44,2,0.5,-33.3
US-2015-AH1021055-42259,2015-09-12 00:00:00,AH-1021055,Alan Hwang,Consumer,Honduras,LATAM,Central America,OFF-EN-4435,Office Supplies,Envelopes,"GlobeWeis Clasp Envelope, Recycled",38.279999999999994,11,0.4,-1.980000000000001
IN-2015-MC1784588-42269,2015-09-22 00:00:00,MC-1784588,Michael Chen,Consumer,Myanmar (Burma),Asia Pacific,Southeastern Asia,OFF-PA-3990,Office Supplies,Paper,"Eaton Computer Printout Paper, 8.5 x 11",50.9454,2,0.17,11.045399999999999
TU-2015-SB10170134-42256,2015-09-09 00:00:00,SB-10170134,Sarah Bern,Consumer,Turkey,Asia Pacific,Western Asia,FUR-CH-5753,Furniture,Chairs,"SAFCO Bag Chairs, Set of Two",20.676000000000002,1,0.6,-14.483999999999995
ES-2015-CY1274564-42250,2015-09-03 00:00:00,CY-1274564,Craig Yedwab,Corporate,Italy,Europe,Southern Europe,OFF-FA-2955,Office Supplies,Fasteners,"Accos Staples, 12 Pack",51.89999999999999,5,0,10.8
MX-2015-FG1426031-42252,2015-09-05 00:00:00,FG-1426031,Frank Gastineau,Home Office,Cuba,LATAM,Caribbean,OFF-FA-3074,Office Supplies,Fasteners,"Advantus Thumb Tacks, Bulk Pack",27.179999999999996,3,0,11.639999999999999
IN-2015-AR103457-42267,2015-09-20 00:00:00,AR-103457,Alex Russell,Corporate,Australia,Asia Pacific,Oceania,OFF-EN-3099,Office Supplies,Envelopes,"Ames Interoffice Envelope, with clear poly window",43.794,1,0.1,-2.4359999999999995
SG-2015-AJ945111-42265,2015-09-18 00:00:00,AJ-945111,Ashley Jarboe,Consumer,Burkina Faso,Africa,Western Africa,FUR-FU-5724,Furniture,Furnishings,"Rubbermaid Door Stop, Duo Pack",87.72,2,0,6.12
IN-2015-MN1793559-42260,2015-09-13 00:00:00,MN-1793559,Michael Nguyen,Consumer,Indonesia,Asia Pacific,Southeastern Asia,OFF-EN-3101,Office Supplies,Envelopes,"Ames Mailers, Security-Tint",101.36250000000001,5,0.47000000000000003,1.91249999999998
MX-2015-BM1157518-42258,2015-09-11 00:00:00,BM-1157518,Brendan Murry,Corporate,Brazil,LATAM,South America,OFF-ST-5696,Office Supplies,Storage,"Rogers Folders, Single Width",61.439999999999976,3,0,6.719999999999999
NI-2015-KH636095-42251,2015-09-04 00:00:00,KH-636095,Katherine Hughes,Consumer,Nigeria,Africa,Western Africa,OFF-AP-4963,Office Supplies,Appliances,"KitchenAid Refrigerator, White",315.648,2,0.7,-210.4319999999998
ES-2015-RR1952548-42258,2015-09-11 00:00:00,RR-1952548,Rick Reed,Corporate,Germany,Europe,Western Europe,OFF-EN-4919,Office Supplies,Envelopes,"Jiffy Manila Envelope, Security-Tint",56.81999999999999,2,0,27.839999999999996
US-2015-BS1136598-42255,2015-09-08 00:00:00,BS-1136598,Bill Shonely,Corporate,Panama,LATAM,Central America,OFF-SU-4322,Office Supplies,Supplies,"Fiskars Shears, Steel",37.632,2,0.4,4.991999999999999
MX-2015-FO1430582-42265,2015-09-18 00:00:00,FO-1430582,Frank Olsen,Consumer,Mexico,LATAM,Central America,FUR-FU-3957,Furniture,Furnishings,"Deflect-O Stacking Tray, Erganomic",47.82,5,0.4,-13.580000000000002
IN-2015-MZ1751566-42261,2015-09-14 00:00:00,MZ-1751566,Mary Zewe,Corporate,Japan,Asia Pacific,Eastern Asia,OFF-AR-3483,Office Supplies,Art,"Binney & Smith Highlighters, Fluorescent",53.55,3,0,6.93
MX-2015-TB2152082-42273,2015-09-26 00:00:00,TB-2152082,Tracy Blumstein,Consumer,Mexico,LATAM,Central America,FUR-FU-6238,Furniture,Furnishings,"Tenex Clock, Durable",37.824,2,0.4,-2.5359999999999987
MX-2015-DR1288093-42259,2015-09-12 00:00:00,DR-1288093,Dan Reichenbach,Corporate,Nicaragua,LATAM,Central America,OFF-AR-3476,Office Supplies,Art,"Binney & Smith Canvas, Easy-Erase",68.84,2,0,26.839999999999996
ES-2015-BS1136548-42250,2015-09-03 00:00:00,BS-1136548,Bill Shonely,Corporate,Germany,Europe,Western Europe,OFF-EN-4436,Office Supplies,Envelopes,"GlobeWeis Clasp Envelope, Security-Tint",49.199999999999996,4,0,18.6
CA-2015-KN16705140-42271,2015-09-24 00:00:00,KN-167051404,Kristina Nunn,Home Office,United States,USCA,Western US,OFF-EN-6350,Office Supplies,Envelopes,Wausau Papers Astrobrights Colored Envelopes,14.352000000000002,3,0.2,5.2026
MX-2015-EH1400518-42271,2015-09-24 00:00:00,EH-1400518,Erica Hernandez,Home Office,Brazil,LATAM,South America,OFF-ST-6067,Office Supplies,Storage,"Smead Trays, Single Width",64.67999999999999,2,0,23.919999999999998
US-2015-SZ2003598-42269,2015-09-22 00:00:00,SZ-2003598,Sam Zeldin,Home Office,Panama,LATAM,Central America,OFF-PA-3990,Office Supplies,Paper,"Eaton Computer Printout Paper, 8.5 x 11",12.276,1,0.4,-7.584000000000001
US-2015-SZ2003598-42269,2015-09-22 00:00:00,SZ-2003598,Sam Zeldin,Home Office,Panama,LATAM,Central America,OFF-BI-6381,Office Supplies,Binders,"Wilson Jones Binder, Recycled",26.76,5,0.4,-10.34
IN-2015-DC1285058-42272,2015-09-25 00:00:00,DC-1285058,Dan Campbell,Consumer,India,Asia Pacific,Southern Asia,OFF-LA-6053,Office Supplies,Labels,"Smead Round Labels, 5000 Label Set",43.74000000000001,6,0,11.34
TU-2015-FP4320134-42263,2015-09-16 00:00:00,FP-4320134,Frank Preis,Consumer,Turkey,Asia Pacific,Western Asia,FUR-BO-4855,Furniture,Bookcases,"Ikea Corner Shelving, Traditional",49.224000000000004,1,0.6,-27.095999999999997
MX-2015-EL1373582-42264,2015-09-17 00:00:00,EL-1373582,Ed Ludwig,Home Office,Mexico,LATAM,Central America,OFF-BI-2897,Office Supplies,Binders,"Acco Binder, Economy",30.3,3,0,9.059999999999999
US-2015-PJ1901598-42273,2015-09-26 00:00:00,PJ-1901598,Pauline Johnson,Consumer,Panama,LATAM,Central America,OFF-BI-2901,Office Supplies,Binders,"Acco Binding Machine, Economy",40.872,2,0.4,-26.568
ES-2015-GW14605139-42250,2015-09-03 00:00:00,GW-14605139,Giulietta Weimer,Consumer,United Kingdom,Europe,Northern Europe,OFF-EN-5031,Office Supplies,Envelopes,"Kraft Interoffice Envelope, Set of 50",93.84,2,0,20.64
MX-2015-AM1036018-42273,2015-09-26 00:00:00,AM-1036018,Alice McCarthy,Corporate,Brazil,LATAM,South America,OFF-BI-2896,Office Supplies,Binders,"Acco Binder, Durable",77.7,7,0,38.78
ES-2015-GW1460545-42262,2015-09-15 00:00:00,GW-1460545,Giulietta Weimer,Consumer,France,Europe,Western Europe,OFF-BI-3720,Office Supplies,Binders,"Cardinal Binder, Clear",53.16,4,0,1.56
TU-2015-HP4815134-42272,2015-09-25 00:00:00,HP-4815134,Harold Pawlan,Home Office,Turkey,Asia Pacific,Western Asia,TEC-CO-4579,Technology,Copiers,"Hewlett Ink, Color",60.048,1,0.6,-69.072
IT-2015-MB18085139-42265,2015-09-18 00:00:00,MB-18085139,Mick Brown,Consumer,United Kingdom,Europe,Northern Europe,OFF-AR-3495,Office Supplies,Art,"Binney & Smith Pens, Blue",29.85,5,0.5,-4.800000000000004
MX-2015-AS1022598-42264,2015-09-17 00:00:00,AS-1022598,Alan Schoenberger,Corporate,Panama,LATAM,Central America,OFF-ST-4106,Office Supplies,Storage,"Eldon Trays, Industrial",58.139999999999986,3,0.4,2.880000000000007
TU-2015-EM4140134-42276,2015-09-29 00:00:00,EM-4140134,Eugene Moren,Home Office,Turkey,Asia Pacific,Western Asia,OFF-AR-5921,Office Supplies,Art,"Sanford Pencil Sharpener, Easy-Erase",43.343999999999994,4,0.6,-10.895999999999994
MX-2015-JL1523582-42262,2015-09-15 00:00:00,JL-1523582,Janet Lee,Consumer,Mexico,LATAM,Central America,OFF-FA-5476,Office Supplies,Fasteners,"OIC Rubber Bands, Assorted Sizes",48.4,5,0,11.6
MX-2015-KC1625582-42259,2015-09-12 00:00:00,KC-1625582,Karen Carlisle,Corporate,Mexico,LATAM,Central America,OFF-LA-4533,Office Supplies,Labels,"Harbour Creations File Folder Labels, 5000 Label Set",30.4,5,0,8.8
US-2015-LC16870140-42271,2015-09-24 00:00:00,LC-168701402,Lena Cacioppo,Consumer,United States,USCA,Central US,OFF-AP-4223,Office Supplies,Appliances,Euro Pro Shark Stick Mini Vacuum,73.17599999999997,6,0.8,-197.57520000000002
AO-2015-LC69304-42258,2015-09-11 00:00:00,LC-69304,Linda Cazamias,Corporate,Angola,Africa,Central Africa,OFF-SU-4981,Office Supplies,Supplies,"Kleencut Ruler, Easy Grip",30.36,2,0,0.6000000000000001
IT-2015-LD1700548-42250,2015-09-03 00:00:00,LD-1700548,Lisa DeCherney,Consumer,Germany,Europe,Western Europe,OFF-PA-3988,Office Supplies,Paper,"Eaton Cards & Envelopes, Premium",180.72,4,0,54.12
US-2015-LC16870140-42271,2015-09-24 00:00:00,LC-168701402,Lena Cacioppo,Consumer,United States,USCA,Central US,TEC-PH-5533,Technology,Phones,OtterBox Commuter Series Case - Samsung Galaxy S4,39.984,2,0.2,-8.9964
US-2015-LC16870140-42271,2015-09-24 00:00:00,LC-168701402,Lena Cacioppo,Consumer,United States,USCA,Central US,OFF-PA-6580,Office Supplies,Paper,Xerox 217,20.736000000000004,4,0.2,7.2576
IN-2015-CA119657-42270,2015-09-23 00:00:00,CA-119657,Carol Adams,Corporate,Australia,Asia Pacific,Oceania,OFF-ST-4105,Office Supplies,Storage,"Eldon Trays, Blue",86.346,2,0.1,32.586
IN-2015-MA1799527-42250,2015-09-03 00:00:00,MA-1799527,Michelle Arnett,Home Office,China,Asia Pacific,Eastern Asia,FUR-FU-3951,Furniture,Furnishings,"Deflect-O Photo Frame, Duo Pack",103.92,2,0,35.28
MO-2015-LC705086-42249,2015-09-02 00:00:00,LC-705086,Liz Carlisle,Consumer,Morocco,Africa,North Africa,OFF-BI-4811,Office Supplies,Binders,"Ibico Binder, Clear",29.879999999999995,2,0,2.64
ID-2015-SC2030559-42256,2015-09-09 00:00:00,SC-2030559,Sean Christensen,Consumer,Indonesia,Asia Pacific,Southeastern Asia,OFF-LA-6050,Office Supplies,Labels,"Smead Removable Labels, 5000 Label Set",22.26,4,0.47000000000000003,-1.740000000000002
MX-2015-BK1126039-42262,2015-09-15 00:00:00,BK-1126039,Berenike Kampe,Consumer,El Salvador,LATAM,Central America,OFF-PA-3999,Office Supplies,Paper,"Eaton Message Books, Multicolor",43.98,3,0,15.779999999999998
MO-2015-MS777086-42271,2015-09-24 00:00:00,MS-777086,Maxwell Schwartz,Consumer,Morocco,Africa,North Africa,TEC-MA-5568,Technology,Machines,"Panasonic Phone, Red",81.99000000000001,1,0,27.03
ES-2015-TS2116045-42264,2015-09-17 00:00:00,TS-2116045,Theresa Swint,Corporate,France,Europe,Western Europe,OFF-BI-2894,Office Supplies,Binders,"Acco Binder Covers, Recycled",54.72,4,0,16.32
IN-2015-GH1442578-42269,2015-09-22 00:00:00,GH-1442578,Gary Hwang,Consumer,Malaysia,Asia Pacific,Southeastern Asia,OFF-SU-4986,Office Supplies,Supplies,"Kleencut Scissors, High Speed",66.87,3,0,28.71
ID-2015-JF15295130-42262,2015-09-15 00:00:00,JF-15295130,Jason Fortune-,Consumer,Thailand,Asia Pacific,Southeastern Asia,OFF-ST-4251,Office Supplies,Storage,"Fellowes Box, Industrial",85.47840000000002,8,0.47000000000000003,-32.361600000000024
IN-2015-NH1861058-42259,2015-09-12 00:00:00,NH-1861058,Nicole Hansen,Corporate,India,Asia Pacific,Southern Asia,OFF-AR-6120,Office Supplies,Art,"Stanley Pencil Sharpener, Water Color",83.88,3,0,17.549999999999997
ID-2015-JH1543097-42272,2015-09-25 00:00:00,JH-1543097,Jennifer Halladay,Consumer,Pakistan,Asia Pacific,Southern Asia,OFF-BI-6378,Office Supplies,Binders,"Wilson Jones Binder, Clear",31.200000000000003,5,0.5,-25.650000000000006
ID-2015-CM12190102-42276,2015-09-29 00:00:00,CM-12190102,Charlotte Melton,Consumer,Philippines,Asia Pacific,Southeastern Asia,OFF-AR-3459,Office Supplies,Art,"BIC Markers, Water Color",32.571000000000005,2,0.45,-5.349000000000004
ES-2015-BS1138014-42276,2015-09-29 00:00:00,BS-1138014,Bill Stewart,Corporate,Belgium,Europe,Western Europe,OFF-BI-2895,Office Supplies,Binders,"Acco Binder, Clear",43.83,3,0,14.400000000000002
ID-2015-EC1405059-42258,2015-09-11 00:00:00,EC-1405059,Erin Creighton,Consumer,Indonesia,Asia Pacific,Southeastern Asia,OFF-FA-2952,Office Supplies,Fasteners,"Accos Rubber Bands, Assorted Sizes",22.466700000000007,3,0.47000000000000003,-12.723300000000004
CA-2015-LC16930140-42258,2015-09-11 00:00:00,LC-169301402,Linda Cazamias,Corporate,United States,USCA,Central US,TEC-PH-5566,Technology,Phones,Panasonic Kx-TS550,147.168,4,0.2,16.556399999999996
US-2015-SN2056082-42271,2015-09-24 00:00:00,SN-2056082,Skye Norling,Home Office,Mexico,LATAM,Central America,FUR-FU-3928,Furniture,Furnishings,"Deflect-O Clock, Black",20.124,1,0.4,-8.395999999999999
ES-2015-SW20275139-42249,2015-09-02 00:00:00,SW-20275139,Scott Williamson,Consumer,United Kingdom,Europe,Northern Europe,OFF-SU-4315,Office Supplies,Supplies,"Fiskars Scissors, Easy Grip",49.56,2,0,5.9399999999999995
TU-2015-SC10440134-42277,2015-09-30 00:00:00,SC-10440134,Shaun Chance,Corporate,Turkey,Asia Pacific,Western Asia,FUR-FU-3034,Furniture,Furnishings,"Advantus Frame, Durable",86.52000000000001,2,0.6,-106.02000000000001
ID-2015-TT21070102-42277,2015-09-30 00:00:00,TT-21070102,Ted Trevino,Consumer,Philippines,Asia Pacific,Southeastern Asia,OFF-PA-3991,Office Supplies,Paper,"Eaton Computer Printout Paper, Multicolor",30.756000000000004,2,0.45,-4.524000000000001
MX-2015-BE1133528-42263,2015-09-16 00:00:00,BE-1133528,Bill Eplett,Home Office,Colombia,LATAM,South America,OFF-BI-4807,Office Supplies,Binders,"Ibico Binder Covers, Clear",52.44000000000001,6,0,14.639999999999997
IN-2015-DW134807-42271,2015-09-24 00:00:00,DW-134807,Dianna Wilson,Home Office,Australia,Asia Pacific,Oceania,OFF-BI-6376,Office Supplies,Binders,"Wilson Jones Binder Covers, Economy",30.213,3,0.1,10.053
TU-2015-FM4380134-42257,2015-09-10 00:00:00,FM-4380134,Fred McMath,Consumer,Turkey,Asia Pacific,Western Asia,FUR-CH-4561,Furniture,Chairs,"Harbour Creations Swivel Stool, Adjustable",73.04400000000001,1,0.6,-58.446000000000005
IT-2015-KC1667545-42270,2015-09-23 00:00:00,KC-1667545,Kimberly Carter,Corporate,France,Europe,Western Europe,OFF-FA-6189,Office Supplies,Fasteners,"Stockwell Paper Clips, Assorted Sizes",27.78,2,0,3.84
MX-2015-EH1394539-42272,2015-09-25 00:00:00,EH-1394539,Eric Hoffmann,Consumer,El Salvador,LATAM,Central America,OFF-SU-4990,Office Supplies,Supplies,"Kleencut Shears, High Speed",62.36,2,0,11.84
IN-2015-AJ109457-42263,2015-09-16 00:00:00,AJ-109457,Ashley Jarboe,Consumer,Australia,Asia Pacific,Oceania,OFF-EN-3111,Office Supplies,Envelopes,"Ames Peel and Seal, with clear poly window",80.028,4,0.1,14.147999999999998
IN-2015-JD161507-42251,2015-09-04 00:00:00,JD-161507,Justin Deggeller,Corporate,Australia,Asia Pacific,Oceania,OFF-FA-6201,Office Supplies,Fasteners,"Stockwell Staples, 12 Pack",17.712,2,0.1,-0.4079999999999999
MX-2015-PH1879031-42248,2015-09-01 00:00:00,PH-1879031,Patricia Hirasaki,Home Office,Cuba,LATAM,Caribbean,OFF-SU-2991,Office Supplies,Supplies,"Acme Scissors, Steel",99.36000000000001,6,0,32.760000000000005
US-2015-EJ1372082-42249,2015-09-02 00:00:00,EJ-1372082,Ed Jacobs,Consumer,Mexico,LATAM,Central America,OFF-ST-5688,Office Supplies,Storage,"Rogers Box, Single Width",32,2,0,13.76
ES-2015-EH1399048-42267,2015-09-20 00:00:00,EH-1399048,Erica Hackney,Consumer,Germany,Europe,Western Europe,OFF-ST-4029,Office Supplies,Storage,"Eldon Box, Industrial",25.775999999999996,6,0.6,-14.903999999999996
IR-2015-LW699060-42265,2015-09-18 00:00:00,LW-699060,Lindsay Williams,Corporate,Iran,Asia Pacific,Southern Asia,OFF-PA-3987,Office Supplies,Paper,"Eaton Cards & Envelopes, Multicolor",46.59,1,0,22.35
MX-2015-JM1558018-42250,2015-09-03 00:00:00,JM-1558018,Jill Matthias,Consumer,Brazil,LATAM,South America,OFF-SU-2996,Office Supplies,Supplies,"Acme Shears, Steel",65.76,2,0,12.48
MX-2015-CA1205582-42276,2015-09-29 00:00:00,CA-1205582,Cathy Armstrong,Home Office,Mexico,LATAM,Central America,OFF-LA-6042,Office Supplies,Labels,"Smead Legal Exhibit Labels, 5000 Label Set",30.639999999999997,4,0,3.6
CA-2015-LC17050140-42257,2015-09-10 00:00:00,LC-170501404,Liz Carlisle,Consumer,United States,USCA,Western US,FUR-CH-5381,Furniture,Chairs,Novimex Fabric Task Chair,243.92,5,0.2,-15.245000000000005
CA-2015-LC17050140-42257,2015-09-10 00:00:00,LC-170501404,Liz Carlisle,Consumer,United States,USCA,Western US,OFF-PA-3159,Office Supplies,Paper,Astroparche Fine Business Paper,47.52,9,0,22.809600000000003
ID-2015-BS1138092-42255,2015-09-08 00:00:00,BS-1138092,Bill Stewart,Corporate,New Zealand,Asia Pacific,Oceania,FUR-FU-4043,Furniture,Furnishings,"Eldon Door Stop, Erganomic",58.536,2,0.4,-15.624000000000002
CA-2015-LC17050140-42257,2015-09-10 00:00:00,LC-170501404,Liz Carlisle,Consumer,United States,USCA,Western US,OFF-AR-5330,Office Supplies,Art,Newell 35,6.56,2,0,1.9023999999999992
MX-2015-WB2185082-42265,2015-09-18 00:00:00,WB-2185082,William Brown,Consumer,Mexico,LATAM,Central America,FUR-CH-4561,Furniture,Chairs,"Harbour Creations Swivel Stool, Adjustable",97.39200000000001,1,0.2,26.772
IN-2015-BE1133527-42276,2015-09-29 00:00:00,BE-1133527,Bill Eplett,Home Office,China,Asia Pacific,Eastern Asia,OFF-BI-3719,Office Supplies,Binders,"Cardinal Binder Covers, Recycled",49.44,4,0,21.240000000000002
ID-2015-JF15295130-42262,2015-09-15 00:00:00,JF-15295130,Jason Fortune-,Consumer,Thailand,Asia Pacific,Southeastern Asia,FUR-FU-6241,Furniture,Furnishings,"Tenex Door Stop, Black",160.19849999999997,5,0.27,-43.95150000000001
ID-2015-EM1396059-42253,2015-09-06 00:00:00,EM-1396059,Eric Murdock,Consumer,Indonesia,Asia Pacific,Southeastern Asia,OFF-FA-5481,Office Supplies,Fasteners,"OIC Staples, Assorted Sizes",18.634800000000002,4,0.47000000000000003,-15.925200000000002
CA-2015-LP17095140-42253,2015-09-06 00:00:00,LP-170951408,Liz Preis,Consumer,United States,USCA,Southern US,TEC-AC-5187,Technology,Accessories,Maxell LTO Ultrium - 800 GB,89.568,4,0.2,-1.119600000000009
US-2015-BP1123055-42256,2015-09-09 00:00:00,BP-1123055,Benjamin Patterson,Consumer,Honduras,LATAM,Central America,OFF-ST-5694,Office Supplies,Storage,"Rogers Folders, Blue",61.379999999999995,5,0.4,-21.520000000000003
US-2015-AH1021055-42259,2015-09-12 00:00:00,AH-1021055,Alan Hwang,Consumer,Honduras,LATAM,Central America,TEC-AC-5128,Technology,Accessories,"Logitech Mouse, Programmable",36.936000000000014,3,0.4,-1.8840000000000146
CA-2015-LP17095140-42253,2015-09-06 00:00:00,LP-170951408,Liz Preis,Consumer,United States,USCA,Southern US,OFF-AR-5243,Office Supplies,Art,Model L Table or Wall-Mount Pencil Sharpener,71.96,5,0.2,7.1960000000000015
CA-2015-LP17095140-42253,2015-09-06 00:00:00,LP-170951408,Liz Preis,Consumer,United States,USCA,Southern US,OFF-PA-6584,Office Supplies,Paper,Xerox 220,15.552000000000003,3,0.2,5.4432
CA-2015-LT17110140-42262,2015-09-15 00:00:00,LT-171101406,Liz Thompson,Consumer,United States,USCA,Eastern US,OFF-AR-3535,Office Supplies,Art,Boston Home & Office Model 2000 Electric Pencil Sharpeners,70.94999999999999,3,0,18.447000000000003
ES-2015-NF1847548-42248,2015-09-01 00:00:00,NF-1847548,Neil Französisch,Home Office,Germany,Europe,Western Europe,OFF-FA-6185,Office Supplies,Fasteners,"Stockwell Clamps, Assorted Sizes",16.68,1,0,6.33
TU-2015-GA4725134-42250,2015-09-03 00:00:00,GA-4725134,Guy Armstrong,Consumer,Turkey,Asia Pacific,Western Asia,OFF-SU-4326,Office Supplies,Supplies,"Fiskars Trimmer, High Speed",33.84,2,0.6,-38.10000000000001
CA-2015-LC17140140-42270,2015-09-23 00:00:00,LC-171401406,Logan Currie,Consumer,United States,USCA,Eastern US,TEC-AC-6352,Technology,Accessories,WD My Passport Ultra 2TB Portable External Hard Drive,1071,9,0,171.36000000000007
GH-2015-MH744049-42265,2015-09-18 00:00:00,MH-744049,Mark Haberlin,Corporate,Ghana,Africa,Western Africa,OFF-FA-6196,Office Supplies,Fasteners,"Stockwell Push Pins, Metal",14.49,1,0,0.12
IN-2015-SC2057592-42251,2015-09-04 00:00:00,SC-2057592,Sonia Cooley,Consumer,New Zealand,Asia Pacific,Oceania,OFF-BI-2893,Office Supplies,Binders,"Acco Binder Covers, Economy",26.639999999999997,2,0,3.96
CA-2015-LC17140140-42257,2015-09-10 00:00:00,LC-171401406,Logan Currie,Consumer,United States,USCA,Eastern US,FUR-FU-3939,Furniture,Furnishings,"Deflect-o EconoMat Studded, No Bevel Mat for Low Pile Carpeting",66.11200000000001,2,0.2,-9.090399999999999
CA-2015-LC17140140-42257,2015-09-10 00:00:00,LC-171401406,Logan Currie,Consumer,United States,USCA,Eastern US,OFF-AR-3446,Office Supplies,Art,"BIC Brite Liner Highlighters, Chisel Tip",25.920000000000005,5,0.2,3.8879999999999972
IN-2015-RO1978092-42248,2015-09-01 00:00:00,RO-1978092,Rose O'Brian,Consumer,New Zealand,Asia Pacific,Oceania,OFF-BI-6374,Office Supplies,Binders,"Wilson Jones Binder Covers, Clear",63.89999999999999,6,0,15.84
MX-2015-DW1354093-42275,2015-09-28 00:00:00,DW-1354093,Don Weiss,Consumer,Nicaragua,LATAM,Central America,OFF-EN-4904,Office Supplies,Envelopes,"Jiffy Business Envelopes, Security-Tint",31.920000000000005,3,0,11.46
CA-2015-LC17140140-42270,2015-09-23 00:00:00,LC-171401406,Logan Currie,Consumer,United States,USCA,Eastern US,FUR-FU-4023,Furniture,Furnishings,Eldon 500 Class Desk Accessories,12.07,1,0,3.9831000000000003
SA-2015-SW10350110-42263,2015-09-16 00:00:00,SW-10350110,Sean Wendt,Home Office,Saudi Arabia,Asia Pacific,Western Asia,OFF-BI-3713,Office Supplies,Binders,"Cardinal 3-Hole Punch, Durable",60.599999999999994,2,0,27.839999999999996
IT-2015-BF1102091-42272,2015-09-25 00:00:00,BF-1102091,Barry Französisch,Corporate,Netherlands,Europe,Western Europe,OFF-ST-5688,Office Supplies,Storage,"Rogers Box, Single Width",48,4,0.5,-36.480000000000004
IT-2015-KC1667545-42251,2015-09-04 00:00:00,KC-1667545,Kimberly Carter,Corporate,France,Europe,Western Europe,OFF-ST-4061,Office Supplies,Storage,"Eldon Folders, Industrial",31.428,2,0.1,-2.4720000000000004
ES-2015-DO13645139-42263,2015-09-16 00:00:00,DO-13645139,Doug O'Connell,Consumer,United Kingdom,Europe,Northern Europe,OFF-BI-6383,Office Supplies,Binders,"Wilson Jones Binding Machine, Durable",25.23,1,0.5,-24.240000000000002
ID-2015-MP17965102-42262,2015-09-15 00:00:00,MP-17965102,Michael Paige,Corporate,Philippines,Asia Pacific,Southeastern Asia,OFF-EN-3105,Office Supplies,Envelopes,"Ames Manila Envelope, Security-Tint",29.799000000000007,2,0.45,-0.02100000000000435
MX-2015-CB1241518-42249,2015-09-02 00:00:00,CB-1241518,Christy Brittain,Consumer,Brazil,LATAM,South America,FUR-FU-3065,Furniture,Furnishings,"Advantus Stacking Tray, Black",105.71999999999998,6,0,52.8
SF-2015-PW9240117-42250,2015-09-03 00:00:00,PW-9240117,Pierre Wener,Consumer,South Africa,Africa,Southern Africa,OFF-BI-3295,Office Supplies,Binders,"Avery Index Tab, Economy",15.66,2,0,6.42
GH-2015-SR1074049-42273,2015-09-26 00:00:00,SR-1074049,Steven Roelle,Home Office,Ghana,Africa,Western Africa,TEC-MA-6133,Technology,Machines,"StarTech Calculator, Red",37.11,1,0,5.550000000000001
CA-2015-LS17200140-42273,2015-09-26 00:00:00,LS-172001404,Luke Schmidt,Corporate,United States,USCA,Western US,OFF-ST-4891,Office Supplies,Storage,Iris Project Case,39.900000000000006,5,0,10.373999999999999
IN-2015-CR128207-42270,2015-09-23 00:00:00,CR-128207,Cyra Reiten,Home Office,Australia,Asia Pacific,Oceania,OFF-EN-5024,Office Supplies,Envelopes,"Kraft Business Envelopes, Set of 50",35.964,2,0.1,11.184
IN-2015-BE1133527-42276,2015-09-29 00:00:00,BE-1133527,Bill Eplett,Home Office,China,Asia Pacific,Eastern Asia,OFF-BI-6379,Office Supplies,Binders,"Wilson Jones Binder, Durable",43.56,3,0,12.599999999999998
IN-2015-JW1522058-42270,2015-09-23 00:00:00,JW-1522058,Jane Waco,Corporate,India,Asia Pacific,Southern Asia,OFF-ST-4030,Office Supplies,Storage,"Eldon Box, Single Width",51.449999999999996,5,0,20.55
CA-2015-LW17215140-42250,2015-09-03 00:00:00,LW-172151404,Luke Weiss,Consumer,United States,USCA,Western US,OFF-LA-3241,Office Supplies,Labels,Avery 519,11.696,2,0.2,3.9473999999999996
ID-2015-JW1607578-42254,2015-09-07 00:00:00,JW-1607578,Julia West,Consumer,Malaysia,Asia Pacific,Southeastern Asia,OFF-ST-4106,Office Supplies,Storage,"Eldon Trays, Industrial",48.449999999999996,1,0,0
JO-2015-DO343567-42274,2015-09-27 00:00:00,DO-343567,Denny Ordway,Consumer,Jordan,Asia Pacific,Western Asia,OFF-BI-3714,Office Supplies,Binders,"Cardinal 3-Hole Punch, Economy",28.799999999999997,1,0,12.96
CA-2015-MH17290140-42250,2015-09-03 00:00:00,MH-172901404,Marc Harrigan,Home Office,United States,USCA,Western US,FUR-FU-5160,Furniture,Furnishings,Luxo Professional Combination Clamp-On Lamps,511.5,5,0,132.99
CA-2015-MH17290140-42250,2015-09-03 00:00:00,MH-172901404,Marc Harrigan,Home Office,United States,USCA,Western US,OFF-BI-4373,Office Supplies,Binders,"GBC Velobind Prepunched Cover Sets, Regency Series",147.92,5,0.2,46.22499999999999
CA-2015-MH17290140-42250,2015-09-03 00:00:00,MH-172901404,Marc Harrigan,Home Office,United States,USCA,Western US,OFF-AP-2932,Office Supplies,Appliances,"Acco Six-Outlet Power Strip, 4' Cord Length",43.099999999999994,5,0,11.206
MX-2015-TS2165518-42270,2015-09-23 00:00:00,TS-2165518,Trudy Schmidt,Consumer,Brazil,LATAM,South America,OFF-EN-4924,Office Supplies,Envelopes,"Jiffy Peel and Seal, Security-Tint",44.82000000000001,3,0,11.16
IT-2015-JW1522048-42256,2015-09-09 00:00:00,JW-1522048,Jane Waco,Corporate,Germany,Europe,Western Europe,OFF-ST-5686,Office Supplies,Storage,"Rogers Box, Blue",21.573,1,0.1,-1.9469999999999998
US-2015-JF1541555-42266,2015-09-19 00:00:00,JF-1541555,Jennifer Ferguson,Consumer,Honduras,LATAM,Central America,OFF-AR-3534,Office Supplies,Art,"Boston Highlighters, Water Color",26.46,3,0.4,-5.76
IN-2015-MR17545113-42272,2015-09-25 00:00:00,MR-17545113,Mathew Reese,Home Office,Singapore,Asia Pacific,Southeastern Asia,OFF-ST-4030,Office Supplies,Storage,"Eldon Box, Single Width",20.58,2,0,8.22
MX-2015-JP1552039-42250,2015-09-03 00:00:00,JP-1552039,Jeremy Pistek,Consumer,El Salvador,LATAM,Central America,OFF-BI-2917,Office Supplies,Binders,"Acco Index Tab, Clear",40.040000000000006,7,0,10.78
SG-2015-BT1440111-42248,2015-09-01 00:00:00,BT-1440111,Bobby Trafton,Consumer,Senegal,Africa,Western Africa,OFF-PA-4170,Office Supplies,Paper,"Enermax Message Books, Recycled",22.41,1,0,9.84
CA-2015-MD17350140-42252,2015-09-05 00:00:00,MD-173501406,Maribeth Dona,Consumer,United States,USCA,Eastern US,OFF-BI-4364,Office Supplies,Binders,GBC Recycled VeloBinder Covers,25.560000000000002,5,0.7,-20.448
CA-2015-MD17350140-42252,2015-09-05 00:00:00,MD-173501406,Maribeth Dona,Consumer,United States,USCA,Eastern US,OFF-AR-3969,Office Supplies,Art,DIXON Oriole Pencils,8.256,4,0.2,0.6192000000000002
AJ-2015-RD97209-42260,2015-09-13 00:00:00,RD-97209,Roger Demir,Consumer,Azerbaijan,Asia Pacific,Western Asia,OFF-AR-3526,Office Supplies,Art,"Boston Canvas, Easy-Erase",53.91,1,0,12.39
CA-2015-MD17350140-42252,2015-09-05 00:00:00,MD-173501406,Maribeth Dona,Consumer,United States,USCA,Eastern US,OFF-PA-6221,Office Supplies,Paper,"Telephone Message Books with Fax/Mobile Section, 4 1/4"" x 6""",11.520000000000001,4,0.2,3.7439999999999993
CA-2015-MD17350140-42252,2015-09-05 00:00:00,MD-173501406,Maribeth Dona,Consumer,United States,USCA,Eastern US,OFF-BI-6373,Office Supplies,Binders,Wilson Jones Active Use Binders,4.368000000000001,2,0.7,-3.0576
IR-2015-ER385560-42257,2015-09-10 00:00:00,ER-385560,Elpida Rittenbach,Corporate,Iran,Asia Pacific,Southern Asia,FUR-FU-6236,Furniture,Furnishings,"Tenex Clock, Black",50.25,1,0,12.54
ES-2015-JH1582048-42259,2015-09-12 00:00:00,JH-1582048,John Huston,Consumer,Germany,Europe,Western Europe,OFF-LA-3317,Office Supplies,Labels,"Avery Round Labels, Laser Printer Compatible",21.419999999999998,3,0,5.3100000000000005
SA-2015-MD7860110-42266,2015-09-19 00:00:00,MD-7860110,Michael Dominguez,Corporate,Saudi Arabia,Asia Pacific,Western Asia,TEC-MA-5517,Technology,Machines,"Okidata Receipt Printer, Wireless",122.91,1,0,33.18
MX-2015-NC1841528-42264,2015-09-17 00:00:00,NC-1841528,Nathan Cano,Consumer,Colombia,LATAM,South America,OFF-FA-5487,Office Supplies,Fasteners,"OIC Thumb Tacks, Metal",28.379999999999995,3,0,7.080000000000001
ES-2015-AH1019545-42249,2015-09-02 00:00:00,AH-1019545,Alan Haines,Corporate,France,Europe,Western Europe,OFF-BI-2919,Office Supplies,Binders,"Acco Index Tab, Economy",70.56,7,0,32.34
US-2015-SH206355-42256,2015-09-09 00:00:00,SH-206355,Stefanie Holloman,Corporate,Argentina,LATAM,South America,OFF-LA-4526,Office Supplies,Labels,"Harbour Creations Color Coded Labels, 5000 Label Set",15.947999999999997,3,0.4,-1.6319999999999966
JO-2015-RD993067-42266,2015-09-19 00:00:00,RD-993067,Russell D'Ascenzo,Consumer,Jordan,Asia Pacific,Western Asia,OFF-ST-6033,Office Supplies,Storage,"Smead File Cart, Single Width",128.42999999999998,1,0,1.26
TU-2015-JP5520134-42257,2015-09-10 00:00:00,JP-5520134,Jeremy Pistek,Consumer,Turkey,Asia Pacific,Western Asia,OFF-ST-6039,Office Supplies,Storage,"Smead Folders, Industrial",86.256,12,0.6,-80.06399999999998
MX-2015-NC1841528-42264,2015-09-17 00:00:00,NC-1841528,Nathan Cano,Consumer,Colombia,LATAM,South America,OFF-SU-4974,Office Supplies,Supplies,"Kleencut Box Cutter, High Speed",69.29999999999998,3,0,30.479999999999997
ES-2015-AR103458-42265,2015-09-18 00:00:00,AR-103458,Alex Russell,Corporate,Austria,Europe,Western Europe,OFF-LA-6027,Office Supplies,Labels,"Smead Color Coded Labels, 5000 Label Set",26.879999999999995,2,0,4.5600000000000005
ES-2015-MN1793545-42255,2015-09-08 00:00:00,MN-1793545,Michael Nguyen,Consumer,France,Europe,Western Europe,FUR-CH-4630,Furniture,Chairs,"Hon Chairmat, Adjustable",156.654,3,0.1,24.353999999999992
ES-2015-LD1685545-42265,2015-09-18 00:00:00,LD-1685545,Lela Donovan,Corporate,France,Europe,Western Europe,OFF-AR-6120,Office Supplies,Art,"Stanley Pencil Sharpener, Water Color",27.96,1,0,1.1099999999999999
MX-2015-AH1046582-42249,2015-09-02 00:00:00,AH-1046582,Amy Hunt,Consumer,Mexico,LATAM,Central America,OFF-BI-2919,Office Supplies,Binders,"Acco Index Tab, Economy",53.760000000000005,8,0,9.6
ES-2015-MN1793545-42255,2015-09-08 00:00:00,MN-1793545,Michael Nguyen,Consumer,France,Europe,Western Europe,OFF-BI-4809,Office Supplies,Binders,"Ibico Binder Covers, Economy",40.949999999999996,3,0,5.67
MX-2015-TB2135518-42270,2015-09-23 00:00:00,TB-2135518,Todd Boyes,Corporate,Brazil,LATAM,South America,OFF-AR-3540,Office Supplies,Art,"Boston Markers, Water Color",19.7,1,0,6.88
IN-2015-PG1882097-42251,2015-09-04 00:00:00,PG-1882097,Patrick Gardner,Consumer,Pakistan,Asia Pacific,Southern Asia,OFF-LA-6042,Office Supplies,Labels,"Smead Legal Exhibit Labels, 5000 Label Set",17.235,3,0.5,-15.885
US-2015-SH206355-42256,2015-09-09 00:00:00,SH-206355,Stefanie Holloman,Corporate,Argentina,LATAM,South America,FUR-FU-6241,Furniture,Furnishings,"Tenex Door Stop, Black",17.556,1,0.4,-9.664000000000001
IN-2015-AR103457-42267,2015-09-20 00:00:00,AR-103457,Alex Russell,Corporate,Australia,Asia Pacific,Oceania,OFF-EN-4906,Office Supplies,Envelopes,"Jiffy Clasp Envelope, Recycled",39.52799999999999,6,0.1,7.848000000000001
MX-2015-TB2117539-42256,2015-09-09 00:00:00,TB-2117539,Thomas Boland,Corporate,El Salvador,LATAM,Central America,OFF-BI-4811,Office Supplies,Binders,"Ibico Binder, Clear",99.59999999999998,10,0,35.8
TU-2015-BF1020134-42273,2015-09-26 00:00:00,BF-1020134,Barry Französisch,Corporate,Turkey,Asia Pacific,Western Asia,TEC-MA-5568,Technology,Machines,"Panasonic Phone, Red",32.79600000000001,1,0.6,-22.164
TU-2015-SB10170134-42256,2015-09-09 00:00:00,SB-10170134,Sarah Bern,Consumer,Turkey,Asia Pacific,Western Asia,TEC-PH-5844,Technology,Phones,"Samsung Speaker Phone, Full Size",49.812000000000005,1,0.6,-44.838
MX-2015-TM2101018-42274,2015-09-27 00:00:00,TM-2101018,Tamara Manning,Consumer,Brazil,LATAM,South America,OFF-FA-6207,Office Supplies,Fasteners,"Stockwell Thumb Tacks, Bulk Pack",43.8,5,0,9.6
MX-2015-DV1304518-42248,2015-09-01 00:00:00,DV-1304518,Darrin Van Huff,Corporate,Brazil,LATAM,South America,OFF-BI-2914,Office Supplies,Binders,"Acco Hole Reinforcements, Economy",31.080000000000005,7,0,5.180000000000001
NI-2015-CV229595-42259,2015-09-12 00:00:00,CV-229595,Christina VanderZanden,Consumer,Nigeria,Africa,Western Africa,FUR-CH-5451,Furniture,Chairs,"Office Star Steel Folding Chair, Black",26.784000000000006,1,0.7,-62.495999999999995
TU-2015-RB9360134-42276,2015-09-29 00:00:00,RB-9360134,Raymond Buch,Consumer,Turkey,Asia Pacific,Western Asia,TEC-AC-5133,Technology,Accessories,"Logitech Numeric Keypad, USB",74.44800000000001,4,0.6,-31.751999999999995
TZ-2015-MY8295129-42253,2015-09-06 00:00:00,MY-8295129,Muhammed Yedwab,Corporate,Tanzania,Africa,Eastern Africa,OFF-BI-4807,Office Supplies,Binders,"Ibico Binder Covers, Clear",26.22,2,0,1.7999999999999998
IN-2015-TS21430102-42274,2015-09-27 00:00:00,TS-21430102,Tom Stivers,Corporate,Philippines,Asia Pacific,Southeastern Asia,OFF-AR-5917,Office Supplies,Art,"Sanford Markers, Blue",38.3625,3,0.45,-18.877499999999998
US-2015-SG2089098-42262,2015-09-15 00:00:00,SG-2089098,Susan Gilcrest,Corporate,Panama,LATAM,Central America,FUR-FU-6255,Furniture,Furnishings,"Tenex Frame, Durable",85.608,2,0.4,-15.712000000000012
IN-2015-AW1084027-42251,2015-09-04 00:00:00,AW-1084027,Anthony Witt,Consumer,China,Asia Pacific,Eastern Asia,OFF-LA-6043,Office Supplies,Labels,"Smead Legal Exhibit Labels, Adjustable",27,3,0,11.61
ES-2015-RH19555120-42263,2015-09-16 00:00:00,RH-19555120,Ritsa Hightower,Consumer,Spain,Europe,Southern Europe,OFF-BI-3247,Office Supplies,Binders,"Avery Binder Covers, Durable",25.139999999999997,2,0,3.24
MX-2015-NC1841528-42264,2015-09-17 00:00:00,NC-1841528,Nathan Cano,Consumer,Colombia,LATAM,South America,OFF-BI-6372,Office Supplies,Binders,"Wilson Jones 3-Hole Punch, Recycled",37.800000000000004,2,0,7.56
PL-2015-AJ795103-42248,2015-09-01 00:00:00,AJ-795103,Anthony Johnson,Corporate,Poland,Europe,Eastern Europe,FUR-CH-4629,Furniture,Chairs,"Hon Bag Chairs, Set of Two",94.8,2,0,11.34
TU-2015-TB11250134-42253,2015-09-06 00:00:00,TB-11250134,Tim Brockman,Consumer,Turkey,Asia Pacific,Western Asia,OFF-EN-3662,Office Supplies,Envelopes,"Cameo Interoffice Envelope, Security-Tint",39.864000000000004,2,0.6,-49.83599999999999
TS-2015-WB11850133-42255,2015-09-08 00:00:00,WB-11850133,William Brown,Consumer,Tunisia,Africa,North Africa,OFF-PA-4148,Office Supplies,Paper,"Enermax Computer Printout Paper, Multicolor",29.880000000000003,1,0,0.8699999999999999
ES-2015-JE15745139-42277,2015-09-30 00:00:00,JE-15745139,Joel Eaton,Consumer,United Kingdom,Europe,Northern Europe,OFF-BI-2919,Office Supplies,Binders,"Acco Index Tab, Economy",30.240000000000002,3,0,13.86
IN-2015-GM1469558-42259,2015-09-12 00:00:00,GM-1469558,Greg Maxwell,Corporate,India,Asia Pacific,Southern Asia,OFF-EN-4921,Office Supplies,Envelopes,"Jiffy Manila Envelope, with clear poly window",59.099999999999994,2,0,28.92
SA-2015-AR825110-42249,2015-09-02 00:00:00,AR-825110,Anthony Rawles,Corporate,Saudi Arabia,Asia Pacific,Western Asia,OFF-AR-3549,Office Supplies,Art,"Boston Pens, Water Color",17.400000000000002,1,0,1.56
ES-2015-DS1318045-42251,2015-09-04 00:00:00,DS-1318045,David Smith,Corporate,France,Europe,Western Europe,OFF-BI-3251,Office Supplies,Binders,"Avery Binder, Clear",24.72,2,0,2.46
ES-2015-SC2009548-42272,2015-09-25 00:00:00,SC-2009548,Sanjit Chand,Consumer,Germany,Europe,Western Europe,OFF-BI-4824,Office Supplies,Binders,"Ibico Hole Reinforcements, Durable",42.45,5,0,11.850000000000001
US-2015-SM2095082-42274,2015-09-27 00:00:00,SM-2095082,Suzanne McNair,Corporate,Mexico,LATAM,Central America,FUR-FU-6243,Furniture,Furnishings,"Tenex Door Stop, Durable",49.104,3,0.4,-20.496000000000002
TU-2015-FO4305134-42259,2015-09-12 00:00:00,FO-4305134,Frank Olsen,Consumer,Turkey,Asia Pacific,Western Asia,OFF-AR-3468,Office Supplies,Art,"BIC Sketch Pad, Blue",19.464,1,0.6,-20.465999999999998
NI-2015-CV229595-42259,2015-09-12 00:00:00,CV-229595,Christina VanderZanden,Consumer,Nigeria,Africa,Western Africa,FUR-FU-3935,Furniture,Furnishings,"Deflect-O Door Stop, Erganomic",25.54200000000001,2,0.7,-44.29800000000001
MX-2015-TS2165518-42270,2015-09-23 00:00:00,TS-2165518,Trudy Schmidt,Consumer,Brazil,LATAM,South America,FUR-CH-5756,Furniture,Chairs,"SAFCO Chairmat, Adjustable",41.54,1,0,2.06
IN-2015-SC2072527-42270,2015-09-23 00:00:00,SC-2072527,Steven Cartwright,Consumer,China,Asia Pacific,Eastern Asia,OFF-FA-2958,Office Supplies,Fasteners,"Accos Staples, Metal",44.28,4,0,0.36
ES-2015-TH2111545-42262,2015-09-15 00:00:00,TH-2111545,Thea Hudgings,Corporate,France,Europe,Western Europe,OFF-FA-6193,Office Supplies,Fasteners,"Stockwell Push Pins, 12 Pack",26.82,2,0,2.0999999999999996
US-2015-MC17605140-42257,2015-09-10 00:00:00,MC-176051404,Matt Connell,Corporate,United States,USCA,Western US,TEC-AC-5238,Technology,Accessories,Microsoft Wireless Mobile Mouse 4000,159.96,4,0,51.18719999999999
MX-2015-AB1016531-42255,2015-09-08 00:00:00,AB-1016531,Alan Barnes,Consumer,Cuba,LATAM,Caribbean,OFF-PA-6623,Office Supplies,Paper,"Xerox Parchment Paper, Premium",8.84,1,0,1.7600000000000002
ES-2015-KA1652548-42272,2015-09-25 00:00:00,KA-1652548,Kelly Andreada,Consumer,Germany,Europe,Western Europe,OFF-BI-3716,Office Supplies,Binders,"Cardinal Binder Covers, Clear",57.3,5,0,14.849999999999998
ES-2015-TS2161045-42251,2015-09-04 00:00:00,TS-2161045,Troy Staebel,Consumer,France,Europe,Western Europe,OFF-ST-4283,Office Supplies,Storage,"Fellowes Shelving, Industrial",157.46399999999997,3,0.1,59.45400000000001
MX-2015-DC12850101-42252,2015-09-05 00:00:00,DC-12850101,Dan Campbell,Consumer,Peru,LATAM,South America,OFF-EN-5024,Office Supplies,Envelopes,"Kraft Business Envelopes, Set of 50",15.983999999999998,2,0.4,1.3039999999999992
IR-2015-BD162060-42252,2015-09-05 00:00:00,BD-162060,Brian DeCherney,Consumer,Iran,Asia Pacific,Southern Asia,OFF-BI-6378,Office Supplies,Binders,"Wilson Jones Binder, Clear",24.96,2,0,1.98
ID-2015-FH1436559-42270,2015-09-23 00:00:00,FH-1436559,Fred Hopkins,Corporate,Indonesia,Asia Pacific,Southeastern Asia,OFF-LA-6051,Office Supplies,Labels,"Smead Removable Labels, Adjustable",8.903999999999998,2,0.47000000000000003,-4.235999999999999
SA-2015-MD7860110-42266,2015-09-19 00:00:00,MD-7860110,Michael Dominguez,Corporate,Saudi Arabia,Asia Pacific,Western Asia,FUR-FU-3067,Furniture,Furnishings,"Advantus Stacking Tray, Erganomic",24.990000000000002,1,0,7.74
ES-2015-MW18220139-42253,2015-09-06 00:00:00,MW-18220139,Mitch Webber,Consumer,United Kingdom,Europe,Northern Europe,OFF-LA-5383,Office Supplies,Labels,"Novimex File Folder Labels, Adjustable",18.45,3,0,3.69
CA-2015-MG17680140-42277,2015-09-30 00:00:00,MG-176801406,Maureen Gastineau,Home Office,United States,USCA,Eastern US,FUR-TA-5684,Furniture,Tables,Riverside Furniture Stanwyck Manor Table Series,344.22,2,0.4,-189.32100000000003
CA-2015-MG17680140-42277,2015-09-30 00:00:00,MG-176801406,Maureen Gastineau,Home Office,United States,USCA,Eastern US,TEC-AC-5111,Technology,Accessories,Logitech G700s Rechargeable Gaming Mouse,239.976,3,0.2,65.99340000000001
CA-2015-MG17680140-42277,2015-09-30 00:00:00,MG-176801406,Maureen Gastineau,Home Office,United States,USCA,Eastern US,FUR-CH-4429,Furniture,Chairs,"Global Wood Trimmed Manager's Task Chair, Khaki",63.686,1,0.3,-15.466600000000003
CA-2015-MG17680140-42277,2015-09-30 00:00:00,MG-176801406,Maureen Gastineau,Home Office,United States,USCA,Eastern US,FUR-FU-4334,Furniture,Furnishings,G.E. Longer-Life Indoor Recessed Floodlight Bulbs,21.248,4,0.2,7.436799999999999
CA-2015-MG17680140-42277,2015-09-30 00:00:00,MG-176801406,Maureen Gastineau,Home Office,United States,USCA,Eastern US,OFF-PA-6591,Office Supplies,Paper,Xerox 227,15.552000000000003,3,0.2,5.4432
CA-2015-MG17680140-42277,2015-09-30 00:00:00,MG-176801406,Maureen Gastineau,Home Office,United States,USCA,Eastern US,OFF-PA-6481,Office Supplies,Paper,Xerox 1928,8.448,2,0.2,2.6399999999999997
IN-2015-TS21430102-42274,2015-09-27 00:00:00,TS-21430102,Tom Stivers,Corporate,Philippines,Asia Pacific,Southeastern Asia,OFF-SU-4129,Office Supplies,Supplies,"Elite Scissors, Serrated",52.88249999999999,5,0.45,-2.917499999999997
ES-2015-JW16075120-42253,2015-09-06 00:00:00,JW-16075120,Julia West,Consumer,Spain,Europe,Southern Europe,OFF-EN-4925,Office Supplies,Envelopes,"Jiffy Peel and Seal, Set of 50",40.019999999999996,2,0,9.959999999999999
IT-2015-BF1121564-42256,2015-09-09 00:00:00,BF-1121564,Benjamin Farhat,Home Office,Italy,Europe,Southern Europe,OFF-AR-3497,Office Supplies,Art,"Binney & Smith Pens, Fluorescent",52.800000000000004,4,0,0.96
IN-2015-SW202457-42251,2015-09-04 00:00:00,SW-202457,Scot Wooten,Consumer,Australia,Asia Pacific,Oceania,OFF-BI-3739,Office Supplies,Binders,"Cardinal Index Tab, Economy",23.652,3,0.1,6.822000000000001
CA-2015-MS17770140-42248,2015-09-01 00:00:00,MS-177701404,Maxwell Schwartz,Consumer,United States,USCA,Western US,OFF-ST-6088,Office Supplies,Storage,Space Solutions Commercial Steel Shelving,193.95000000000002,3,0,9.697499999999984
IN-2015-LS1723078-42251,2015-09-04 00:00:00,LS-1723078,Lycoris Saunders,Consumer,Malaysia,Asia Pacific,Southeastern Asia,OFF-BI-3734,Office Supplies,Binders,"Cardinal Hole Reinforcements, Durable",20.520000000000003,3,0,6.75
MX-2015-RF1984082-42259,2015-09-12 00:00:00,RF-1984082,Roy Französisch,Consumer,Mexico,LATAM,Central America,TEC-AC-5874,Technology,Accessories,"SanDisk Memory Card, Programmable",227.82,3,0,104.76000000000002
CA-2015-MH17785140-42271,2015-09-24 00:00:00,MH-177851402,Maya Herman,Corporate,United States,USCA,Central US,OFF-PA-6449,Office Supplies,Paper,Xerox 1899,9.248000000000001,2,0.2,3.3524000000000003
CA-2015-MO17800140-42265,2015-09-18 00:00:00,MO-178001408,Meg O'Connel,Home Office,United States,USCA,Southern US,FUR-CH-4407,Furniture,Chairs,Global Ergonomic Managers Chair,723.92,4,0,188.2192
CA-2015-MO17800140-42265,2015-09-18 00:00:00,MO-178001408,Meg O'Connel,Home Office,United States,USCA,Southern US,OFF-FA-6129,Office Supplies,Fasteners,Staples,106.32,3,0,49.97039999999999
UP-2015-JW5220137-42269,2015-09-22 00:00:00,JW-5220137,Jane Waco,Corporate,Ukraine,Europe,Eastern Europe,OFF-EN-3108,Office Supplies,Envelopes,"Ames Peel and Seal, Recycled",17.490000000000002,1,0,6.12
CA-2015-MO17800140-42263,2015-09-16 00:00:00,MO-178001406,Meg O'Connel,Home Office,United States,USCA,Eastern US,FUR-FU-5171,Furniture,Furnishings,"Master Caster Door Stop, Brown",35.56,7,0,12.090399999999999
ID-2015-NM1852097-42263,2015-09-16 00:00:00,NM-1852097,Neoma Murray,Consumer,Pakistan,Asia Pacific,Southern Asia,OFF-BI-3257,Office Supplies,Binders,"Avery Binding Machine, Economy",73.26,3,0.5,-52.830000000000005
IT-2015-NZ1856564-42260,2015-09-13 00:00:00,NZ-1856564,Nick Zandusky,Home Office,Cyprus,Europe,Southern Europe,OFF-ST-6033,Office Supplies,Storage,"Smead File Cart, Single Width",386.63999999999993,5,0.4,-212.76
IN-2015-SS2059090-42277,2015-09-30 00:00:00,SS-2059090,Sonia Sunley,Consumer,Nepal,Asia Pacific,Southern Asia,FUR-FU-4084,Furniture,Furnishings,"Eldon Photo Frame, Duo Pack",58.17,1,0,15.690000000000001
MX-2015-LB1679539-42252,2015-09-05 00:00:00,LB-1679539,Laurel Beltran,Home Office,El Salvador,LATAM,Central America,OFF-SU-4994,Office Supplies,Supplies,"Kleencut Trimmer, High Speed",82.85999999999999,3,0,16.560000000000002
ES-2015-RF193458-42249,2015-09-02 00:00:00,RF-193458,Randy Ferguson,Corporate,Austria,Europe,Western Europe,OFF-BI-6378,Office Supplies,Binders,"Wilson Jones Binder, Clear",37.44,3,0,2.9699999999999998
TU-2015-AG300134-42271,2015-09-24 00:00:00,AG-300134,Aleksandra Gannaway,Corporate,Turkey,Asia Pacific,Western Asia,FUR-BO-3887,Furniture,Bookcases,"Dania 3-Shelf Cabinet, Pine",114.24000000000001,2,0.6,-145.68
AG-2015-CC22203-42259,2015-09-12 00:00:00,CC-22203,Chris Cortes,Consumer,Algeria,Africa,North Africa,OFF-BI-4814,Office Supplies,Binders,"Ibico Binder, Recycled",15.839999999999998,1,0,1.26
MX-2015-BK1126039-42262,2015-09-15 00:00:00,BK-1126039,Berenike Kampe,Consumer,El Salvador,LATAM,Central America,OFF-FA-3019,Office Supplies,Fasteners,"Advantus Clamps, 12 Pack",24.96,2,0,9.959999999999999
CA-2015-MG17875140-42253,2015-09-06 00:00:00,MG-178751408,Michael Grace,Home Office,United States,USCA,Southern US,OFF-ST-4456,Office Supplies,Storage,"Gould Plastics 18-Pocket Panel Bin, 34w x 5-1/4d x 20-1/2h",147.184,2,0.2,-29.436800000000012
CA-2015-MG17890140-42270,2015-09-23 00:00:00,MG-178901406,Michael Granlund,Home Office,United States,USCA,Eastern US,OFF-ST-6266,Office Supplies,Storage,"Tenex Personal Project File with Scoop Front Design, Black",67.4,5,0,17.523999999999997
GH-2015-SR1074049-42273,2015-09-26 00:00:00,SR-1074049,Steven Roelle,Home Office,Ghana,Africa,Western Africa,OFF-ST-4029,Office Supplies,Storage,"Eldon Box, Industrial",42.959999999999994,4,0,15.84
MX-2015-RM1967539-42265,2015-09-18 00:00:00,RM-1967539,Robert Marley,Home Office,El Salvador,LATAM,Central America,OFF-FA-3020,Office Supplies,Fasteners,"Advantus Clamps, Assorted Sizes",33.48,3,0,2.64
MX-2015-BW1106518-42252,2015-09-05 00:00:00,BW-1106518,Barry Weirich,Consumer,Brazil,LATAM,South America,OFF-ST-5687,Office Supplies,Storage,"Rogers Box, Industrial",48.9,3,0,18.060000000000002
MX-2015-VP2176018-42266,2015-09-19 00:00:00,VP-2176018,Victoria Pisteka,Corporate,Brazil,LATAM,South America,OFF-EN-4904,Office Supplies,Envelopes,"Jiffy Business Envelopes, Security-Tint",31.920000000000005,3,0,11.46
CA-2015-MG17890140-42248,2015-09-01 00:00:00,MG-178901404,Michael Granlund,Home Office,United States,USCA,Western US,OFF-SU-2975,Office Supplies,Supplies,Acme Kleen Earth Office Shears,6.208,2,0.2,0.698399999999999
MX-2015-BE1133528-42263,2015-09-16 00:00:00,BE-1133528,Bill Eplett,Home Office,Colombia,LATAM,South America,OFF-ST-6026,Office Supplies,Storage,"Smead Box, Wire Frame",19.68,3,0,6.06
US-2015-RP1939055-42255,2015-09-08 00:00:00,RP-1939055,Resi Pölking,Consumer,Honduras,LATAM,Central America,OFF-BI-2884,Office Supplies,Binders,"Acco 3-Hole Punch, Recycled",36.57600000000001,3,0.4,-17.724000000000007
MX-2015-RH1951082-42262,2015-09-15 00:00:00,RH-1951082,Rick Huthwaite,Home Office,Mexico,LATAM,Central America,OFF-FA-3053,Office Supplies,Fasteners,"Advantus Push Pins, 12 Pack",36.96,4,0,11.76
MX-2015-TB2117582-42258,2015-09-11 00:00:00,TB-2117582,Thomas Boland,Corporate,Mexico,LATAM,Central America,OFF-PA-3997,Office Supplies,Paper,"Eaton Memo Slips, Recycled",45.5,5,0,2.7000000000000006
IN-2015-VG2180558-42273,2015-09-26 00:00:00,VG-2180558,Vivek Grady,Corporate,India,Asia Pacific,Southern Asia,OFF-EN-3104,Office Supplies,Envelopes,"Ames Manila Envelope, Recycled",23.490000000000002,1,0,1.62
RO-2015-BH1710107-42250,2015-09-03 00:00:00,BH-1710107,Brosina Hoffman,Consumer,Romania,Europe,Eastern Europe,TEC-MA-5540,Technology,Machines,"Panasonic Calculator, White",48.69,1,0,16.049999999999997
CA-2015-MM17920140-42252,2015-09-05 00:00:00,MM-179201406,Michael Moore,Consumer,United States,USCA,Eastern US,TEC-AC-4948,Technology,Accessories,Kingston Digital DataTraveler 8GB USB 2.0,19.040000000000003,4,0.2,-1.428
IT-2015-NZ1856564-42260,2015-09-13 00:00:00,NZ-1856564,Nick Zandusky,Home Office,Cyprus,Europe,Southern Europe,OFF-PA-5871,Office Supplies,Paper,"SanDisk Memo Slips, Recycled",50.67,3,0,20.7
IN-2015-TG2164058-42272,2015-09-25 00:00:00,TG-2164058,Trudy Glocke,Consumer,India,Asia Pacific,Southern Asia,OFF-EN-5023,Office Supplies,Envelopes,"Kraft Business Envelopes, Security-Tint",32.88,2,0,4.26
ID-2015-CS11950102-42248,2015-09-01 00:00:00,CS-11950102,Carlos Soltero,Consumer,Philippines,Asia Pacific,Southeastern Asia,OFF-AR-6119,Office Supplies,Art,"Stanley Pencil Sharpener, Fluorescent",27.258000000000003,2,0.45,-8.442000000000004
MX-2015-JE1574531-42255,2015-09-08 00:00:00,JE-1574531,Joel Eaton,Consumer,Cuba,LATAM,Caribbean,OFF-LA-5385,Office Supplies,Labels,"Novimex File Folder Labels, Laser Printer Compatible",11,2,0,0.32
IN-2015-KW1657058-42256,2015-09-09 00:00:00,KW-1657058,Kelly Williams,Consumer,India,Asia Pacific,Southern Asia,FUR-FU-3951,Furniture,Furnishings,"Deflect-O Photo Frame, Duo Pack",51.96,1,0,17.64
MX-2015-DJ1351018-42250,2015-09-03 00:00:00,DJ-1351018,Don Jones,Corporate,Brazil,LATAM,South America,OFF-FA-6190,Office Supplies,Fasteners,"Stockwell Paper Clips, Bulk Pack",18.16,2,0,3.44
PL-2015-AJ795103-42248,2015-09-01 00:00:00,AJ-795103,Anthony Johnson,Corporate,Poland,Europe,Eastern Europe,OFF-LA-6056,Office Supplies,Labels,"Smead Round Labels, Laser Printer Compatible",27.599999999999998,4,0,9.84
ES-2015-CM1244545-42250,2015-09-03 00:00:00,CM-1244545,Chuck Magee,Consumer,France,Europe,Western Europe,OFF-ST-6067,Office Supplies,Storage,"Smead Trays, Single Width",43.65899999999999,1,0.1,10.659
UP-2015-VD11670137-42253,2015-09-06 00:00:00,VD-11670137,Valerie Dominguez,Consumer,Ukraine,Europe,Eastern Europe,OFF-BI-6380,Office Supplies,Binders,"Wilson Jones Binder, Economy",26.04,2,0,8.040000000000001
IR-2015-CS250560-42249,2015-09-02 00:00:00,CS-250560,Cindy Stewart,Consumer,Iran,Asia Pacific,Southern Asia,OFF-BI-3251,Office Supplies,Binders,"Avery Binder, Clear",12.36,1,0,1.23
ES-2015-JW1607545-42252,2015-09-05 00:00:00,JW-1607545,Julia West,Consumer,France,Europe,Western Europe,OFF-FA-6207,Office Supplies,Fasteners,"Stockwell Thumb Tacks, Bulk Pack",13.14,1,0,3.2700000000000005
ES-2015-LO1717048-42255,2015-09-08 00:00:00,LO-1717048,Lori Olson,Corporate,Germany,Europe,Western Europe,OFF-ST-4029,Office Supplies,Storage,"Eldon Box, Industrial",28.997999999999998,3,0.1,8.658
RO-2015-BH1710107-42250,2015-09-03 00:00:00,BH-1710107,Brosina Hoffman,Consumer,Romania,Europe,Eastern Europe,OFF-AR-3477,Office Supplies,Art,"Binney & Smith Canvas, Fluorescent",52.62,1,0,9.99
CA-2015-ME18010140-42277,2015-09-30 00:00:00,ME-180101406,Michelle Ellison,Corporate,United States,USCA,Eastern US,OFF-ST-4245,Office Supplies,Storage,Fellowes Bankers Box Stor/Drawer Steel Plus,51.168000000000006,2,0.2,-6.396000000000001
TU-2015-KN6450134-42249,2015-09-02 00:00:00,KN-6450134,Kean Nguyen,Corporate,Turkey,Asia Pacific,Western Asia,TEC-PH-5845,Technology,Phones,"Samsung Speaker Phone, VoIP",49.332,1,0.6,-39.46799999999999
MX-2015-TS2120537-42250,2015-09-03 00:00:00,TS-2120537,Thomas Seio,Corporate,Ecuador,LATAM,South America,OFF-LA-4664,Office Supplies,Labels,"Hon Legal Exhibit Labels, Alphabetical",28.48,4,0,2.2399999999999998
US-2015-MM18055140-42256,2015-09-09 00:00:00,MM-180551402,Michelle Moray,Consumer,United States,USCA,Central US,FUR-TA-3556,Furniture,Tables,BoxOffice By Design Rectangular and Half-Moon Meeting Room Tables,765.625,7,0.5,-566.5625
IT-2015-SG2047091-42263,2015-09-16 00:00:00,SG-2047091,Sheri Gordon,Consumer,Netherlands,Europe,Western Europe,OFF-ST-4029,Office Supplies,Storage,"Eldon Box, Industrial",26.849999999999994,5,0.5,-7.049999999999994
NI-2015-RE945095-42274,2015-09-27 00:00:00,RE-945095,Richard Eichhorn,Consumer,Nigeria,Africa,Western Africa,TEC-PH-3152,Technology,Phones,"Apple Speaker Phone, VoIP",37.01700000000001,1,0.7,-37.02300000000001
US-2015-JR1621055-42264,2015-09-17 00:00:00,JR-1621055,Justin Ritter,Corporate,Honduras,LATAM,Central America,FUR-CH-4633,Furniture,Chairs,"Hon Chairmat, Set of Two",138.672,6,0.4,11.471999999999957
IT-2015-GT1475548-42266,2015-09-19 00:00:00,GT-1475548,Guy Thornton,Consumer,Germany,Europe,Western Europe,OFF-BI-4807,Office Supplies,Binders,"Ibico Binder Covers, Clear",23.598,2,0.1,-0.8220000000000001
MO-2015-JH543086-42270,2015-09-23 00:00:00,JH-543086,Jennifer Halladay,Consumer,Morocco,Africa,North Africa,TEC-AC-5127,Technology,Accessories,"Logitech Mouse, Erganomic",27.090000000000003,1,0,6.209999999999999
ID-2015-RD199307-42269,2015-09-22 00:00:00,RD-199307,Russell D'Ascenzo,Consumer,Australia,Asia Pacific,Oceania,OFF-LA-4526,Office Supplies,Labels,"Harbour Creations Color Coded Labels, 5000 Label Set",23.921999999999997,3,0.4,-13.608
CA-2015-MC18100140-42250,2015-09-03 00:00:00,MC-181001402,Mick Crebagga,Consumer,United States,USCA,Central US,TEC-AC-4946,Technology,Accessories,Kingston Digital DataTraveler 32GB USB 2.0,40.68,3,0.2,-7.1190000000000015
MX-2015-NR1855082-42273,2015-09-26 00:00:00,NR-1855082,Nick Radford,Consumer,Mexico,LATAM,Central America,OFF-AR-3484,Office Supplies,Art,"Binney & Smith Highlighters, Water Color",26.360000000000003,2,0,2.6
IN-2015-SL2015592-42257,2015-09-10 00:00:00,SL-2015592,Sara Luxemburg,Home Office,New Zealand,Asia Pacific,Oceania,OFF-EN-4432,Office Supplies,Envelopes,"GlobeWeis Business Envelopes, Security-Tint",39.480000000000004,2,0,4.32
IN-2015-SD2048527-42259,2015-09-12 00:00:00,SD-2048527,Shirley Daniels,Home Office,China,Asia Pacific,Eastern Asia,OFF-BI-2915,Office Supplies,Binders,"Acco Hole Reinforcements, Recycled",7.02,1,0,0.12
TU-2015-JP5520134-42257,2015-09-10 00:00:00,JP-5520134,Jeremy Pistek,Consumer,Turkey,Asia Pacific,Western Asia,OFF-ST-4095,Office Supplies,Storage,"Eldon Shelving, Industrial",39.120000000000005,2,0.6,-55.800000000000004
CA-2015-MH18115140-42272,2015-09-25 00:00:00,MH-181151406,Mick Hernandez,Home Office,United States,USCA,Eastern US,TEC-PH-3136,Technology,Phones,Apple iPhone 5,1169.694,3,0.4,-253.43369999999993
TU-2015-MZ7335134-42257,2015-09-10 00:00:00,MZ-7335134,Maria Zettner,Home Office,Turkey,Asia Pacific,Western Asia,OFF-ST-5689,Office Supplies,Storage,"Rogers Box, Wire Frame",18.432,2,0.6,-22.128
ID-2015-MG176957-42264,2015-09-17 00:00:00,MG-176957,Maureen Gnade,Consumer,Australia,Asia Pacific,Oceania,FUR-CH-4627,Furniture,Chairs,"Hon Bag Chairs, Black",51.263999999999996,2,0.4,-33.336
ID-2015-MV18190118-42270,2015-09-23 00:00:00,MV-18190118,Mike Vittorini,Consumer,South Korea,Asia Pacific,Eastern Asia,OFF-SU-4992,Office Supplies,Supplies,"Kleencut Shears, Steel",46.17,2,0.5,-28.650000000000002
IV-2015-EH394529-42258,2015-09-11 00:00:00,EH-394529,Eric Hoffmann,Consumer,Cote d'Ivoire,Africa,Western Africa,OFF-AR-6117,Office Supplies,Art,"Stanley Markers, Water Color",50.75999999999999,2,0,16.740000000000002
MX-2015-LO1717093-42250,2015-09-03 00:00:00,LO-1717093,Lori Olson,Corporate,Nicaragua,LATAM,Central America,OFF-LA-4638,Office Supplies,Labels,"Hon Color Coded Labels, Adjustable",21.419999999999998,3,0,0
MO-2015-BF121586-42252,2015-09-05 00:00:00,BF-121586,Benjamin Farhat,Home Office,Morocco,Africa,North Africa,FUR-FU-3037,Furniture,Furnishings,"Advantus Light Bulb, Duo Pack",20.13,1,0,4.0200000000000005
TU-2015-KN6450134-42249,2015-09-02 00:00:00,KN-6450134,Kean Nguyen,Corporate,Turkey,Asia Pacific,Western Asia,TEC-PH-5349,Technology,Phones,"Nokia Office Telephone, with Caller ID",52.104,2,0.6,-72.996
EG-2015-VF1171538-42275,2015-09-28 00:00:00,VF-1171538,Vicky Freymann,Home Office,Egypt,Africa,North Africa,OFF-PA-5870,Office Supplies,Paper,"SanDisk Memo Slips, Premium",33.96,2,0,12.899999999999999
MX-2015-LC1696036-42250,2015-09-03 00:00:00,LC-1696036,Lindsay Castell,Home Office,Dominican Republic,LATAM,Caribbean,OFF-FA-2952,Office Supplies,Fasteners,"Accos Rubber Bands, Assorted Sizes",15.072,2,0.2,2.632
IT-2015-HM14860139-42259,2015-09-12 00:00:00,HM-14860139,Harry Marie,Corporate,United Kingdom,Europe,Northern Europe,FUR-FU-6258,Furniture,Furnishings,"Tenex Light Bulb, Duo Pack",13.293000000000001,1,0.3,-3.447
IN-2015-SC2057592-42251,2015-09-04 00:00:00,SC-2057592,Sonia Cooley,Consumer,New Zealand,Asia Pacific,Oceania,FUR-FU-3066,Furniture,Furnishings,"Advantus Stacking Tray, Durable",26.370000000000005,1,0,9.75
MX-2015-RH1955582-42249,2015-09-02 00:00:00,RH-1955582,Ritsa Hightower,Consumer,Mexico,LATAM,Central America,OFF-EN-3111,Office Supplies,Envelopes,"Ames Peel and Seal, with clear poly window",14.819999999999999,1,0,0.13999999999999999
IN-2015-BG110357-42250,2015-09-03 00:00:00,BG-110357,Barry Gonzalez,Consumer,Australia,Asia Pacific,Oceania,OFF-SU-4317,Office Supplies,Supplies,"Fiskars Scissors, Serrated",23.831999999999997,2,0.4,-0.8280000000000012
MX-2015-FC1433582-42262,2015-09-15 00:00:00,FC-1433582,Fred Chung,Corporate,Mexico,LATAM,Central America,OFF-ST-6023,Office Supplies,Storage,"Smead Box, Blue",35.9,5,0,14.3
SU-2015-BD1725122-42253,2015-09-06 00:00:00,BD-1725122,Bruce Degenhardt,Consumer,Sudan,Africa,North Africa,OFF-ST-4253,Office Supplies,Storage,"Fellowes Box, Wire Frame",18.75,1,0,8.61
CA-2015-ML18265140-42269,2015-09-22 00:00:00,ML-182651404,Muhammed Lee,Consumer,United States,USCA,Western US,TEC-AC-6074,Technology,Accessories,Sony 64GB Class 10 Micro SDHC R40 Memory Card,71.98,2,0,15.1158
TU-2015-EH4125134-42271,2015-09-24 00:00:00,EH-4125134,Eugene Hildebrand,Home Office,Turkey,Asia Pacific,Western Asia,OFF-AR-3462,Office Supplies,Art,"BIC Pencil Sharpener, Fluorescent",12.108,1,0.6,-7.871999999999998
CA-2015-ML18265140-42269,2015-09-22 00:00:00,ML-182651404,Muhammed Lee,Consumer,United States,USCA,Western US,TEC-AC-5119,Technology,Accessories,Logitech M510 Wireless Mouse,79.98,2,0,26.3934
CA-2015-MM18280140-42266,2015-09-19 00:00:00,MM-182801406,Muhammed MacIntyre,Corporate,United States,USCA,Eastern US,OFF-PA-6565,Office Supplies,Paper,Xerox 203,19.44,3,0,9.3312
IN-2015-MC1784588-42269,2015-09-22 00:00:00,MC-1784588,Michael Chen,Consumer,Myanmar (Burma),Asia Pacific,Southeastern Asia,TEC-AC-5196,Technology,Accessories,"Memorex Flash Drive, USB",31.3866,2,0.47000000000000003,-4.1934000000000005
CA-2015-MM18280140-42266,2015-09-19 00:00:00,MM-182801406,Muhammed MacIntyre,Corporate,United States,USCA,Eastern US,FUR-FU-6331,Furniture,Furnishings,Ultra Door Push Plate,9.82,2,0,3.2405999999999997
PL-2015-AJ795103-42248,2015-09-01 00:00:00,AJ-795103,Anthony Johnson,Corporate,Poland,Europe,Eastern Europe,OFF-EN-4454,Office Supplies,Envelopes,"GlobeWeis Peel and Seal, with clear poly window",24.93,1,0,1.23
CA-2015-MY18295140-42251,2015-09-04 00:00:00,MY-182951402,Muhammed Yedwab,Corporate,United States,USCA,Central US,TEC-AC-4799,Technology,Accessories,Hypercom P1300 Pinpad,100.80000000000001,2,0.2,21.42
MX-2015-AS1028582-42252,2015-09-05 00:00:00,AS-1028582,Alejandro Savely,Corporate,Mexico,LATAM,Central America,OFF-BI-3291,Office Supplies,Binders,"Avery Hole Reinforcements, Economy",14.700000000000006,5,0,4.4
CA-2015-MY18295140-42251,2015-09-04 00:00:00,MY-182951402,Muhammed Yedwab,Corporate,United States,USCA,Central US,OFF-PA-2847,Office Supplies,Paper,"""While you Were Out"" Message Book, One Form per Page",8.904,3,0.2,3.3389999999999995
IN-2015-GH1442578-42269,2015-09-22 00:00:00,GH-1442578,Gary Hwang,Consumer,Malaysia,Asia Pacific,Southeastern Asia,OFF-FA-6201,Office Supplies,Fasteners,"Stockwell Staples, 12 Pack",20.46,2,0,1.02
IN-2015-MC178457-42272,2015-09-25 00:00:00,MC-178457,Michael Chen,Consumer,Australia,Asia Pacific,Oceania,OFF-LA-4658,Office Supplies,Labels,"Hon File Folder Labels, Adjustable",23.543999999999997,4,0.1,4.704000000000001
MX-2015-JF1541551-42263,2015-09-16 00:00:00,JF-1541551,Jennifer Ferguson,Consumer,Guatemala,LATAM,Central America,OFF-LA-4529,Office Supplies,Labels,"Harbour Creations Color Coded Labels, Laser Printer Compatible",25.8,3,0,9.780000000000001
SA-2015-AS285110-42270,2015-09-23 00:00:00,AS-285110,Alejandro Savely,Corporate,Saudi Arabia,Asia Pacific,Western Asia,OFF-AR-5926,Office Supplies,Art,"Sanford Pens, Fluorescent",12.36,1,0,3.4499999999999997
PL-2015-AJ795103-42248,2015-09-01 00:00:00,AJ-795103,Anthony Johnson,Corporate,Poland,Europe,Eastern Europe,TEC-AC-3393,Technology,Accessories,"Belkin Mouse, Erganomic",77.03999999999999,2,0,13.080000000000002
IT-2015-JJ15760124-42259,2015-09-12 00:00:00,JJ-15760124,Joel Jenkins,Home Office,Sweden,Europe,Northern Europe,OFF-LA-4535,Office Supplies,Labels,"Harbour Creations File Folder Labels, Alphabetical",8.55,2,0.5,-6.330000000000001
US-2015-HR1477098-42270,2015-09-23 00:00:00,HR-1477098,Hallie Redmond,Home Office,Panama,LATAM,Central America,OFF-FA-3055,Office Supplies,Fasteners,"Advantus Push Pins, Assorted Sizes",14.256,3,0.4,-5.484
MX-2015-DM1301551-42273,2015-09-26 00:00:00,DM-1301551,Darrin Martin,Consumer,Guatemala,LATAM,Central America,OFF-LA-5385,Office Supplies,Labels,"Novimex File Folder Labels, Laser Printer Compatible",16.5,3,0,0.4800000000000001
TU-2015-BF1020134-42273,2015-09-26 00:00:00,BF-1020134,Barry Französisch,Corporate,Turkey,Asia Pacific,Western Asia,OFF-SU-4304,Office Supplies,Supplies,"Fiskars Box Cutter, High Speed",28.415999999999997,2,0.6,-17.784
IN-2015-DP131057-42271,2015-09-24 00:00:00,DP-131057,Dave Poirier,Corporate,Australia,Asia Pacific,Oceania,OFF-LA-3317,Office Supplies,Labels,"Avery Round Labels, Laser Printer Compatible",12.852,2,0.1,3.8520000000000003
MX-2015-TA2138582-42272,2015-09-25 00:00:00,TA-2138582,Tom Ashbrook,Home Office,Mexico,LATAM,Central America,OFF-SU-4122,Office Supplies,Supplies,"Elite Letter Opener, Steel",31.999999999999993,2,0,14.080000000000002
ES-2015-CS12460139-42248,2015-09-01 00:00:00,CS-12460139,Chuck Sachs,Consumer,United Kingdom,Europe,Northern Europe,OFF-BI-3248,Office Supplies,Binders,"Avery Binder Covers, Economy",33.21,3,0,10.26
NI-2015-CG252095-42250,2015-09-03 00:00:00,CG-252095,Claire Gute,Consumer,Nigeria,Africa,Western Africa,OFF-BI-6403,Office Supplies,Binders,"Wilson Jones Index Tab, Durable",4.7700000000000005,2,0.7,-10.829999999999998
IT-2015-SG2047091-42263,2015-09-16 00:00:00,SG-2047091,Sheri Gordon,Consumer,Netherlands,Europe,Western Europe,OFF-PA-4468,Office Supplies,Paper,"Green Bar Computer Printout Paper, Premium",14.879999999999999,1,0.5,-2.0999999999999996
HR-2015-TS1116030-42264,2015-09-17 00:00:00,TS-1116030,Theresa Swint,Corporate,Croatia,Europe,Southern Europe,OFF-BI-3726,Office Supplies,Binders,"Cardinal Binding Machine, Economy",49.77000000000001,1,0,13.919999999999998
BO-2015-DL331513-42266,2015-09-19 00:00:00,DL-331513,Delfina Latchford,Consumer,Belarus,Europe,Eastern Europe,OFF-BI-3737,Office Supplies,Binders,"Cardinal Index Tab, Clear",6.719999999999999,1,0,2.82
ES-2015-EP1391545-42264,2015-09-17 00:00:00,EP-1391545,Emily Phan,Consumer,France,Europe,Western Europe,OFF-BI-3294,Office Supplies,Binders,"Avery Index Tab, Durable",13.379999999999999,2,0,3.42
IT-2015-PB1921064-42249,2015-09-02 00:00:00,PB-1921064,Phillip Breyer,Corporate,Italy,Europe,Southern Europe,OFF-ST-6040,Office Supplies,Storage,"Smead Folders, Single Width",42.047999999999995,4,0.4,-6.312000000000001
JO-2015-RD993067-42266,2015-09-19 00:00:00,RD-993067,Russell D'Ascenzo,Consumer,Jordan,Asia Pacific,Western Asia,OFF-BI-4830,Office Supplies,Binders,"Ibico Index Tab, Economy",20.82,2,0,7.02
MX-2015-MB1808582-42272,2015-09-25 00:00:00,MB-1808582,Mick Brown,Consumer,Mexico,LATAM,Central America,OFF-ST-5689,Office Supplies,Storage,"Rogers Box, Wire Frame",30.72,2,0,5.8
IT-2015-JH1582091-42248,2015-09-01 00:00:00,JH-1582091,John Huston,Consumer,Netherlands,Europe,Western Europe,OFF-AR-3555,Office Supplies,Art,"Boston Sketch Pad, Water Color",25.89,1,0.5,-24.36
IN-2015-VB21745102-42268,2015-09-21 00:00:00,VB-21745102,Victoria Brennan,Corporate,Philippines,Asia Pacific,Southeastern Asia,OFF-AR-5921,Office Supplies,Art,"Sanford Pencil Sharpener, Easy-Erase",29.799,2,0.45,2.679000000000002
MX-2015-HG1484539-42260,2015-09-13 00:00:00,HG-1484539,Harry Greene,Consumer,El Salvador,LATAM,Central America,OFF-LA-5404,Office Supplies,Labels,"Novimex Shipping Labels, Alphabetical",14.399999999999997,2,0,6.6
MX-2015-EB1417051-42269,2015-09-22 00:00:00,EB-1417051,Evan Bailliet,Consumer,Guatemala,LATAM,Central America,OFF-LA-4536,Office Supplies,Labels,"Harbour Creations File Folder Labels, Laser Printer Compatible",11.640000000000002,2,0,1.36
IN-2015-BE1133527-42276,2015-09-29 00:00:00,BE-1133527,Bill Eplett,Home Office,China,Asia Pacific,Eastern Asia,OFF-EN-3669,Office Supplies,Envelopes,"Cameo Manila Envelope, Recycled",51.599999999999994,2,0,23.22
CA-2015-NK18490140-42272,2015-09-25 00:00:00,NK-184901404,Neil Knudson,Home Office,United States,USCA,Western US,OFF-PA-3155,Office Supplies,Paper,Array Memo Cubes,31.08,6,0,15.229199999999999
CA-2015-NK18490140-42272,2015-09-25 00:00:00,NK-184901404,Neil Knudson,Home Office,United States,USCA,Western US,OFF-SU-3005,Office Supplies,Supplies,Acme Value Line Scissors,7.3,2,0,2.1899999999999995
MX-2015-TB2117539-42256,2015-09-09 00:00:00,TB-2117539,Thomas Boland,Corporate,El Salvador,LATAM,Central America,OFF-AR-6114,Office Supplies,Art,"Stanley Markers, Blue",29.599999999999994,2,0,5.92
ID-2015-NM1852097-42263,2015-09-16 00:00:00,NM-1852097,Neoma Murray,Consumer,Pakistan,Asia Pacific,Southern Asia,OFF-SU-4988,Office Supplies,Supplies,"Kleencut Scissors, Steel",21.69,2,0.5,-9.57
IN-2015-BE1133527-42276,2015-09-29 00:00:00,BE-1133527,Bill Eplett,Home Office,China,Asia Pacific,Eastern Asia,OFF-BI-6405,Office Supplies,Binders,"Wilson Jones Index Tab, Recycled",27.240000000000002,4,0,12.48
IN-2015-DB135557-42249,2015-09-02 00:00:00,DB-135557,Dorothy Badders,Corporate,Australia,Asia Pacific,Oceania,OFF-PA-4161,Office Supplies,Paper,"Enermax Memo Slips, Premium",14.094000000000001,1,0.1,3.594
CA-2015-NF18595140-42255,2015-09-08 00:00:00,NF-185951402,Nicole Fjeld,Home Office,United States,USCA,Central US,OFF-FA-6129,Office Supplies,Fasteners,Staples,73.008,9,0.2,26.465400000000006
RS-2015-NG8430108-42253,2015-09-06 00:00:00,NG-8430108,Nathan Gelder,Consumer,Russia,Europe,Eastern Europe,OFF-BI-3290,Office Supplies,Binders,"Avery Hole Reinforcements, Durable",5.91,1,0,2.0999999999999996
RS-2015-SP10920108-42262,2015-09-15 00:00:00,SP-10920108,Susan Pistek,Consumer,Russia,Europe,Eastern Europe,OFF-ST-6024,Office Supplies,Storage,"Smead Box, Industrial",11.25,1,0,0.8999999999999999
IN-2015-TS21430102-42274,2015-09-27 00:00:00,TS-21430102,Tom Stivers,Corporate,Philippines,Asia Pacific,Southeastern Asia,OFF-SU-4123,Office Supplies,Supplies,"Elite Ruler, Easy Grip",33.924,4,0.45,-12.995999999999997
EG-2015-CR273038-42266,2015-09-19 00:00:00,CR-273038,Craig Reiter,Consumer,Egypt,Africa,North Africa,FUR-CH-5373,Furniture,Chairs,"Novimex Chairmat, Set of Two",117.18,2,0,18.72
ES-2015-EB141108-42267,2015-09-20 00:00:00,EB-141108,Eugene Barchas,Consumer,Austria,Europe,Western Europe,OFF-EN-4904,Office Supplies,Envelopes,"Jiffy Business Envelopes, Security-Tint",31.92,2,0,1.8599999999999999
UP-2015-IM5070137-42273,2015-09-26 00:00:00,IM-5070137,Irene Maddox,Consumer,Ukraine,Europe,Eastern Europe,OFF-BI-3293,Office Supplies,Binders,"Avery Index Tab, Clear",11.58,2,0,3.12
TU-2015-JP5520134-42257,2015-09-10 00:00:00,JP-5520134,Jeremy Pistek,Consumer,Turkey,Asia Pacific,Western Asia,OFF-PA-3997,Office Supplies,Paper,"Eaton Memo Slips, Recycled",10.92,2,0.6,-10.68
ID-2015-JW1607578-42254,2015-09-07 00:00:00,JW-1607578,Julia West,Consumer,Malaysia,Asia Pacific,Southeastern Asia,OFF-FA-6194,Office Supplies,Fasteners,"Stockwell Push Pins, Assorted Sizes",11.82,1,0,0.09
IN-2015-RR1931566-42253,2015-09-06 00:00:00,RR-1931566,Ralph Ritter,Consumer,Japan,Asia Pacific,Eastern Asia,OFF-AR-3500,Office Supplies,Art,"Binney & Smith Sketch Pad, Easy-Erase",46.589999999999996,2,0.5,-10.29
MX-2015-AS1028582-42252,2015-09-05 00:00:00,AS-1028582,Alejandro Savely,Corporate,Mexico,LATAM,Central America,OFF-LA-6061,Office Supplies,Labels,"Smead Shipping Labels, 5000 Label Set",24,3,0,7.44
SF-2015-DK3375117-42252,2015-09-05 00:00:00,DK-3375117,Dennis Kane,Consumer,South Africa,Africa,Southern Africa,OFF-SU-4126,Office Supplies,Supplies,"Elite Ruler, Steel",13.200000000000001,1,0,3.54
SF-2015-PW9240117-42250,2015-09-03 00:00:00,PW-9240117,Pierre Wener,Consumer,South Africa,Africa,Southern Africa,OFF-LA-6045,Office Supplies,Labels,"Smead Legal Exhibit Labels, Laser Printer Compatible",11.1,1,0,0.66
ES-2015-KB1658548-42276,2015-09-29 00:00:00,KB-1658548,Ken Black,Corporate,Germany,Europe,Western Europe,OFF-ST-4063,Office Supplies,Storage,"Eldon Folders, Wire Frame",28.889999999999997,2,0.1,-0.02999999999999936
AU-2015-AG7658-42255,2015-09-08 00:00:00,AG-7658,Anthony Garverick,Home Office,Austria,Europe,Western Europe,OFF-FA-3044,Office Supplies,Fasteners,"Advantus Paper Clips, Assorted Sizes",13.950000000000001,1,0,6.39
EN-2015-TM1149042-42267,2015-09-20 00:00:00,TM-1149042,Tony Molinari,Consumer,Estonia,Europe,Northern Europe,OFF-BI-3721,Office Supplies,Binders,"Cardinal Binder, Durable",15.329999999999998,1,0,0.75
MX-2015-DO1343593-42273,2015-09-26 00:00:00,DO-1343593,Denny Ordway,Consumer,Nicaragua,LATAM,Central America,OFF-LA-3297,Office Supplies,Labels,"Avery Legal Exhibit Labels, 5000 Label Set",39.1,5,0,15.6
ID-2015-BB10990102-42273,2015-09-26 00:00:00,BB-10990102,Barry Blumstein,Corporate,Philippines,Asia Pacific,Southeastern Asia,OFF-LA-4679,Office Supplies,Labels,"Hon Removable Labels, Adjustable",23.43,4,0.45,-8.969999999999999
ID-2015-BS1138092-42255,2015-09-08 00:00:00,BS-1138092,Bill Stewart,Corporate,New Zealand,Asia Pacific,Oceania,OFF-BI-3293,Office Supplies,Binders,"Avery Index Tab, Clear",13.895999999999999,4,0.4,-5.184000000000001
CA-2015-PS18760140-42262,2015-09-15 00:00:00,PS-187601406,Pamela Stobb,Consumer,United States,USCA,Eastern US,TEC-MA-5081,Technology,Machines,Lexmark MarkNet N8150 Wireless Print Server,241.17000000000002,2,0.7,-168.8189999999999
NI-2015-PB880595-42249,2015-09-02 00:00:00,PB-880595,Patrick Bzostek,Home Office,Nigeria,Africa,Western Africa,OFF-SU-4990,Office Supplies,Supplies,"Kleencut Shears, High Speed",28.062,2,0.7,-25.27799999999999
CA-2015-PS18760140-42262,2015-09-15 00:00:00,PS-187601406,Pamela Stobb,Consumer,United States,USCA,Eastern US,FUR-CH-5428,Furniture,Chairs,Office Star - Ergonomically Designed Knee Chair,113.372,2,0.3,-29.152799999999992
CA-2015-PS18760140-42262,2015-09-15 00:00:00,PS-187601406,Pamela Stobb,Consumer,United States,USCA,Eastern US,FUR-FU-6300,Furniture,Furnishings,Tensor Track Tree Floor Lamp,127.93599999999999,8,0.2,4.797599999999999
BO-2015-KA652513-42276,2015-09-29 00:00:00,KA-652513,Kelly Andreada,Consumer,Belarus,Europe,Eastern Europe,OFF-AR-3460,Office Supplies,Art,"BIC Pencil Sharpener, Blue",29.009999999999998,1,0,11.879999999999999
CA-2015-PS18760140-42262,2015-09-15 00:00:00,PS-187601406,Pamela Stobb,Consumer,United States,USCA,Eastern US,OFF-BI-3085,Office Supplies,Binders,Aluminum Screw Posts,18.312,4,0.7,-12.207999999999995
ES-2015-TS21205139-42262,2015-09-15 00:00:00,TS-21205139,Thomas Seio,Corporate,United Kingdom,Europe,Northern Europe,OFF-BI-3735,Office Supplies,Binders,"Cardinal Hole Reinforcements, Economy",16.020000000000003,3,0,6.48
MX-2015-QJ1925551-42255,2015-09-08 00:00:00,QJ-1925551,Quincy Jones,Corporate,Guatemala,LATAM,Central America,OFF-PA-6612,Office Supplies,Paper,"Xerox Memo Slips, Recycled",44.8,5,0,20.1
IT-2015-AH1007545-42269,2015-09-22 00:00:00,AH-1007545,Adam Hart,Corporate,France,Europe,Western Europe,OFF-AR-5912,Office Supplies,Art,"Sanford Highlighters, Fluorescent",17.009999999999998,1,0,7.14
CA-2015-PS18760140-42262,2015-09-15 00:00:00,PS-187601406,Pamela Stobb,Consumer,United States,USCA,Eastern US,TEC-MA-5681,Technology,Machines,Ricoh - Ink Collector Unit for GX3000 Series Printers,12.585000000000003,1,0.7,-18.038499999999996
CA-2015-PS18760140-42262,2015-09-15 00:00:00,PS-187601406,Pamela Stobb,Consumer,United States,USCA,Eastern US,OFF-BI-4348,Office Supplies,Binders,GBC Instant Report Kit,3.8820000000000006,2,0.7,-2.588
MX-2015-NR1855082-42273,2015-09-26 00:00:00,NR-1855082,Nick Radford,Consumer,Mexico,LATAM,Central America,OFF-PA-4474,Office Supplies,Paper,"Green Bar Message Books, 8.5 x 11",55.85999999999999,3,0,21.779999999999998
MX-2015-DO1343531-42262,2015-09-15 00:00:00,DO-1343531,Denny Ordway,Consumer,Cuba,LATAM,Caribbean,OFF-BI-3734,Office Supplies,Binders,"Cardinal Hole Reinforcements, Durable",13.680000000000001,3,0,3.12
PL-2015-BH1710103-42276,2015-09-29 00:00:00,BH-1710103,Brosina Hoffman,Consumer,Poland,Europe,Eastern Europe,OFF-BI-6398,Office Supplies,Binders,"Wilson Jones Hole Reinforcements, Durable",6.030000000000001,1,0,1.8599999999999999
CA-2015-PG18820140-42277,2015-09-30 00:00:00,PG-188201404,Patrick Gardner,Consumer,United States,USCA,Western US,FUR-CH-5048,Furniture,Chairs,"Leather Task Chair, Black",72.784,1,0.2,0
CA-2015-PG18820140-42277,2015-09-30 00:00:00,PG-188201404,Patrick Gardner,Consumer,United States,USCA,Western US,OFF-AP-4279,Office Supplies,Appliances,"Fellowes Premier Superior Surge Suppressor, 10-Outlet, With Phone and Remote",97.84,2,0,25.4384
CA-2015-PG18820140-42277,2015-09-30 00:00:00,PG-188201404,Patrick Gardner,Consumer,United States,USCA,Western US,OFF-BI-3474,Office Supplies,Binders,Binding Machine Supplies,46.672000000000004,2,0.2,16.3352
ES-2015-KA1652548-42272,2015-09-25 00:00:00,KA-1652548,Kelly Andreada,Consumer,Germany,Europe,Western Europe,OFF-BI-3716,Office Supplies,Binders,"Cardinal Binder Covers, Clear",22.919999999999998,2,0,5.9399999999999995
CA-2015-PG18820140-42277,2015-09-30 00:00:00,PG-188201404,Patrick Gardner,Consumer,United States,USCA,Western US,FUR-FU-4761,Furniture,Furnishings,"Howard Miller 13-3/4"" Diameter Brushed Chrome Round Wall Clock",51.75,1,0,15.524999999999999
CA-2015-PG18820140-42277,2015-09-30 00:00:00,PG-188201404,Patrick Gardner,Consumer,United States,USCA,Western US,OFF-FA-3051,Office Supplies,Fasteners,Advantus Plastic Paper Clips,35,7,0,16.8
ZA-2015-RC9960146-42257,2015-09-10 00:00:00,RC-9960146,Ryan Crowe,Consumer,Zambia,Africa,Eastern Africa,OFF-LA-5399,Office Supplies,Labels,"Novimex Round Labels, Adjustable",16.68,4,0,4.5600000000000005
US-2015-TT2146036-42276,2015-09-29 00:00:00,TT-2146036,Tonja Turnell,Home Office,Dominican Republic,LATAM,Caribbean,OFF-FA-6208,Office Supplies,Fasteners,"Stockwell Thumb Tacks, Metal",14.144000000000002,2,0.2,-1.256000000000001
EZ-2015-AG39032-42257,2015-09-10 00:00:00,AG-39032,Allen Goldenen,Consumer,Czech Republic,Europe,Eastern Europe,OFF-LA-4543,Office Supplies,Labels,"Harbour Creations Removable Labels, Laser Printer Compatible",10.17,1,0,4.5600000000000005
NI-2015-NF838595-42265,2015-09-18 00:00:00,NF-838595,Natalie Fritzler,Consumer,Nigeria,Africa,Western Africa,OFF-BI-3715,Office Supplies,Binders,"Cardinal 3-Hole Punch, Recycled",17.496000000000006,2,0.7,-23.964000000000006
ES-2015-KL16555139-42248,2015-09-01 00:00:00,KL-16555139,Kelly Lampkin,Corporate,United Kingdom,Europe,Northern Europe,OFF-LA-4528,Office Supplies,Labels,"Harbour Creations Color Coded Labels, Alphabetical",38.160000000000004,3,0,19.080000000000002
MX-2015-AF1088536-42250,2015-09-03 00:00:00,AF-1088536,Art Foster,Consumer,Dominican Republic,LATAM,Caribbean,OFF-FA-6206,Office Supplies,Fasteners,"Stockwell Thumb Tacks, Assorted Sizes",11.296,2,0.2,-1.5839999999999999
MX-2015-HP1481518-42267,2015-09-20 00:00:00,HP-1481518,Harold Pawlan,Home Office,Brazil,LATAM,South America,OFF-BI-4807,Office Supplies,Binders,"Ibico Binder Covers, Clear",8.74,1,0,2.44
MX-2015-SG2089082-42250,2015-09-03 00:00:00,SG-2089082,Susan Gilcrest,Corporate,Mexico,LATAM,Central America,OFF-PA-5852,Office Supplies,Paper,"SanDisk Computer Printout Paper, Multicolor",41.6,2,0,3.3200000000000003
GH-2015-RB933049-42257,2015-09-10 00:00:00,RB-933049,Randy Bradley,Consumer,Ghana,Africa,Western Africa,OFF-BI-3733,Office Supplies,Binders,"Cardinal Hole Reinforcements, Clear",9.600000000000001,2,0,4.38
IT-2015-HR14770124-42273,2015-09-26 00:00:00,HR-14770124,Hallie Redmond,Home Office,Sweden,Europe,Northern Europe,OFF-BI-2917,Office Supplies,Binders,"Acco Index Tab, Clear",12.059999999999999,3,0.5,-1.9799999999999969
ES-2015-KD1627045-42263,2015-09-16 00:00:00,KD-1627045,Karen Daniels,Consumer,France,Europe,Western Europe,OFF-BI-3739,Office Supplies,Binders,"Cardinal Index Tab, Economy",52.56,6,0,24.120000000000005
US-2015-SM2095082-42274,2015-09-27 00:00:00,SM-2095082,Suzanne McNair,Corporate,Mexico,LATAM,Central America,OFF-FA-5471,Office Supplies,Fasteners,"OIC Push Pins, 12 Pack",9.559999999999999,1,0,2.18
ES-2015-BT11395139-42272,2015-09-25 00:00:00,BT-11395139,Bill Tyler,Corporate,United Kingdom,Europe,Northern Europe,OFF-BI-2917,Office Supplies,Binders,"Acco Index Tab, Clear",16.08,2,0,6.720000000000001
CA-2015-PP18955140-42272,2015-09-25 00:00:00,PP-189551408,Paul Prost,Home Office,United States,USCA,Southern US,TEC-PH-6347,Technology,Phones,Vtech CS6719,383.96000000000004,5,0.2,38.396000000000015
CA-2015-PP18955140-42272,2015-09-25 00:00:00,PP-189551408,Paul Prost,Home Office,United States,USCA,Southern US,OFF-BI-6406,Office Supplies,Binders,Wilson Jones International Size A4 Ring Binders,15.570000000000004,3,0.7,-11.418
ES-2015-DO13645139-42263,2015-09-16 00:00:00,DO-13645139,Doug O'Connell,Consumer,United Kingdom,Europe,Northern Europe,OFF-PA-5893,Office Supplies,Paper,"SanDisk Parchment Paper, Recycled",16.619999999999997,2,0.5,-11.339999999999996
IN-2015-RH1949559-42257,2015-09-10 00:00:00,RH-1949559,Rick Hansen,Consumer,Indonesia,Asia Pacific,Southeastern Asia,OFF-BI-3254,Office Supplies,Binders,"Avery Binder, Recycled",22.011599999999998,2,0.17,1.5516000000000005
SF-2015-PW9240117-42250,2015-09-03 00:00:00,PW-9240117,Pierre Wener,Consumer,South Africa,Africa,Southern Africa,OFF-LA-3313,Office Supplies,Labels,"Avery Removable Labels, Laser Printer Compatible",10.74,1,0,2.13
NI-2015-NF838595-42265,2015-09-18 00:00:00,NF-838595,Natalie Fritzler,Consumer,Nigeria,Africa,Western Africa,FUR-FU-3037,Furniture,Furnishings,"Advantus Light Bulb, Duo Pack",12.078000000000001,2,0.7,-20.141999999999996
MX-2015-TA2138526-42272,2015-09-25 00:00:00,TA-2138526,Tom Ashbrook,Home Office,Chile,LATAM,South America,OFF-LA-4637,Office Supplies,Labels,"Hon Color Coded Labels, 5000 Label Set",8.799999999999999,1,0,4.12
AO-2015-JF54154-42272,2015-09-25 00:00:00,JF-54154,Jennifer Ferguson,Consumer,Angola,Africa,Central Africa,OFF-SU-4322,Office Supplies,Supplies,"Fiskars Shears, Steel",47.04,1,0,13.620000000000001
IN-2015-LS1723078-42251,2015-09-04 00:00:00,LS-1723078,Lycoris Saunders,Consumer,Malaysia,Asia Pacific,Southeastern Asia,OFF-FA-5481,Office Supplies,Fasteners,"OIC Staples, Assorted Sizes",17.580000000000002,2,0,0.30000000000000004
IR-2015-NB865560-42259,2015-09-12 00:00:00,NB-865560,Nona Balk,Corporate,Iran,Asia Pacific,Southern Asia,OFF-BI-3719,Office Supplies,Binders,"Cardinal Binder Covers, Recycled",12.36,1,0,5.550000000000001
IT-2015-SG2047091-42263,2015-09-16 00:00:00,SG-2047091,Sheri Gordon,Consumer,Netherlands,Europe,Western Europe,OFF-AR-3468,Office Supplies,Art,"BIC Sketch Pad, Blue",48.66,2,0.5,-31.199999999999996
TU-2015-BT1485134-42272,2015-09-25 00:00:00,BT-1485134,Brad Thomas,Home Office,Turkey,Asia Pacific,Western Asia,OFF-AR-5920,Office Supplies,Art,"Sanford Markers, Water Color",10.572,1,0.6,-13.487999999999996
CA-2015-PA19060140-42266,2015-09-19 00:00:00,PA-190601402,Pete Armstrong,Home Office,United States,USCA,Central US,OFF-EN-4902,Office Supplies,Envelopes,Jet-Pak Recycled Peel 'N' Seal Padded Mailers,114.84800000000001,4,0.2,35.889999999999986
MX-2015-TB2152082-42273,2015-09-26 00:00:00,TB-2152082,Tracy Blumstein,Consumer,Mexico,LATAM,Central America,OFF-SU-4319,Office Supplies,Supplies,"Fiskars Shears, Easy Grip",32.839999999999996,1,0,16.419999999999998
MX-2015-JL1585051-42252,2015-09-05 00:00:00,JL-1585051,John Lucas,Consumer,Guatemala,LATAM,Central America,OFF-ST-6026,Office Supplies,Storage,"Smead Box, Wire Frame",13.12,2,0,4.04
CA-2015-PK19075140-42252,2015-09-05 00:00:00,PK-190751404,Pete Kriz,Consumer,United States,USCA,Western US,FUR-TA-3633,Furniture,Tables,"Bush Cubix Conference Tables, Fully Assembled",1478.272,8,0.2,92.39200000000005
IN-2015-JD158957-42271,2015-09-24 00:00:00,JD-158957,Jonathan Doherty,Corporate,Australia,Asia Pacific,Oceania,OFF-EN-3092,Office Supplies,Envelopes,"Ames Clasp Envelope, Security-Tint",19.200000000000003,2,0,2.2800000000000002
CA-2015-PK19075140-42252,2015-09-05 00:00:00,PK-190751404,Pete Kriz,Consumer,United States,USCA,Western US,OFF-BI-2935,Office Supplies,Binders,Acco Suede Grain Vinyl Round Ring Binder,13.343999999999998,6,0.2,4.336799999999999
JO-2015-DO343567-42274,2015-09-27 00:00:00,DO-343567,Denny Ordway,Consumer,Jordan,Asia Pacific,Western Asia,OFF-PA-4480,Office Supplies,Paper,"Green Bar Note Cards, Premium",29.79,1,0,10.709999999999999
IN-2015-EH1400527-42276,2015-09-29 00:00:00,EH-1400527,Erica Hernandez,Home Office,China,Asia Pacific,Eastern Asia,OFF-PA-5854,Office Supplies,Paper,"SanDisk Computer Printout Paper, Recycled",29.700000000000003,1,0,6.8100000000000005
CA-2015-PB19105140-42270,2015-09-23 00:00:00,PB-191051408,Peter Bühler,Consumer,United States,USCA,Southern US,OFF-PA-6582,Office Supplies,Paper,Xerox 219,12.96,2,0,6.2208000000000006
CA-2015-PB19105140-42270,2015-09-23 00:00:00,PB-191051408,Peter Bühler,Consumer,United States,USCA,Southern US,OFF-AR-6215,Office Supplies,Art,"Stride Job 150 Highlighters, Chisel Tip, Assorted Colors",17.94,3,0,6.4584
MX-2015-BT1148551-42272,2015-09-25 00:00:00,BT-1148551,Brad Thomas,Home Office,Guatemala,LATAM,Central America,TEC-AC-5218,Technology,Accessories,"Memorex Mouse, Programmable",19.780000000000005,1,0,0.38
CA-2015-PB19150140-42272,2015-09-25 00:00:00,PB-191501404,Philip Brown,Consumer,United States,USCA,Western US,FUR-FU-2858,Furniture,Furnishings,12-1/2 Diameter Round Wall Clock,199.8,10,0,71.928
TU-2015-MZ7335134-42257,2015-09-10 00:00:00,MZ-7335134,Maria Zettner,Home Office,Turkey,Asia Pacific,Western Asia,OFF-SU-4303,Office Supplies,Supplies,"Fiskars Box Cutter, Easy Grip",14.856000000000002,1,0.6,-5.573999999999998
IT-2015-AH1012091-42256,2015-09-09 00:00:00,AH-1012091,Adrian Hane,Home Office,Netherlands,Europe,Western Europe,OFF-BI-3736,Office Supplies,Binders,"Cardinal Hole Reinforcements, Recycled",11.4,4,0.5,-1.92
TU-2015-AG495134-42259,2015-09-12 00:00:00,AG-495134,Andrew Gjertsen,Corporate,Turkey,Asia Pacific,Western Asia,OFF-BI-2901,Office Supplies,Binders,"Acco Binding Machine, Economy",40.87200000000001,2,0.6,-31.728
MX-2015-CA1205582-42276,2015-09-29 00:00:00,CA-1205582,Cathy Armstrong,Home Office,Mexico,LATAM,Central America,OFF-BI-4826,Office Supplies,Binders,"Ibico Hole Reinforcements, Recycled",19.6,4,0,4.64
IT-2015-DV1304591-42273,2015-09-26 00:00:00,DV-1304591,Darrin Van Huff,Corporate,Netherlands,Europe,Western Europe,OFF-EN-5027,Office Supplies,Envelopes,"Kraft Clasp Envelope, Set of 50",9,2,0.5,-9
US-2015-PF19225140-42255,2015-09-08 00:00:00,PF-192251404,Phillip Flathmann,Consumer,United States,USCA,Western US,TEC-PH-4997,Technology,Phones,Konftel 250 Conference phone - Charcoal black,455.712,2,0.2,34.17840000000001
IN-2015-PJ1883592-42266,2015-09-19 00:00:00,PJ-1883592,Patrick Jones,Corporate,New Zealand,Asia Pacific,Oceania,OFF-EN-5028,Office Supplies,Envelopes,"Kraft Clasp Envelope, with clear poly window",25.08,2,0,3.96
US-2015-PF19225140-42255,2015-09-08 00:00:00,PF-192251404,Phillip Flathmann,Consumer,United States,USCA,Western US,OFF-AR-3521,Office Supplies,Art,Boston 1799 Powerhouse Electric Pencil Sharpener,25.98,1,0,7.2744
CA-2015-PF19225140-42250,2015-09-03 00:00:00,PF-192251404,Phillip Flathmann,Consumer,United States,USCA,Western US,OFF-AR-5586,Office Supplies,Art,Pencil and Crayon Sharpener,6.57,3,0,1.7738999999999998
US-2015-PF19225140-42255,2015-09-08 00:00:00,PF-192251404,Phillip Flathmann,Consumer,United States,USCA,Western US,FUR-FU-3922,Furniture,Furnishings,DAX Two-Tone Silver Metal Document Frame,80.96,4,0,34.8128
MX-2015-HG1484539-42260,2015-09-13 00:00:00,HG-1484539,Harry Greene,Consumer,El Salvador,LATAM,Central America,OFF-FA-5487,Office Supplies,Fasteners,"OIC Thumb Tacks, Metal",18.919999999999995,2,0,4.720000000000001
MX-2015-RS1987098-42273,2015-09-26 00:00:00,RS-1987098,Roy Skaria,Home Office,Panama,LATAM,Central America,OFF-LA-3321,Office Supplies,Labels,"Avery Shipping Labels, Adjustable",11.7,3,0.4,0.3600000000000009
MX-2015-KW1657018-42258,2015-09-11 00:00:00,KW-1657018,Kelly Williams,Consumer,Brazil,LATAM,South America,OFF-LA-4529,Office Supplies,Labels,"Harbour Creations Color Coded Labels, Laser Printer Compatible",43,5,0,16.3
ID-2015-DG133007-42262,2015-09-15 00:00:00,DG-133007,Deirdre Greer,Corporate,Australia,Asia Pacific,Oceania,OFF-FA-6191,Office Supplies,Fasteners,"Stockwell Paper Clips, Metal",23.274,2,0.1,-1.3260000000000003
US-2015-AG1027055-42257,2015-09-10 00:00:00,AG-1027055,Alejandro Grove,Consumer,Honduras,LATAM,Central America,OFF-AR-3498,Office Supplies,Art,"Binney & Smith Pens, Water Color",12.096,2,0.4,-0.22399999999999948
CA-2015-RA19285140-42252,2015-09-05 00:00:00,RA-192851404,Ralph Arnett,Consumer,United States,USCA,Western US,OFF-BI-4822,Office Supplies,Binders,Ibico Hi-Tech Manual Binding System,487.98400000000004,2,0.2,152.49499999999998
CA-2015-RA19285140-42252,2015-09-05 00:00:00,RA-192851404,Ralph Arnett,Consumer,United States,USCA,Western US,OFF-ST-6315,Office Supplies,Storage,"Trav-L-File Heavy-Duty Shuttle II, Black",217.85,5,0,65.35499999999999
IN-2015-BE1133527-42276,2015-09-29 00:00:00,BE-1133527,Bill Eplett,Home Office,China,Asia Pacific,Eastern Asia,OFF-LA-3320,Office Supplies,Labels,"Avery Shipping Labels, 5000 Label Set",36.72,3,0,13.14
CA-2015-RA19285140-42252,2015-09-05 00:00:00,RA-192851404,Ralph Arnett,Consumer,United States,USCA,Western US,TEC-PH-5654,Technology,Phones,QVS USB Car Charger 2-Port 2.1Amp for iPod/iPhone/iPad/iPad 2/iPad 3,5.5600000000000005,1,0.2,1.7374999999999998
HU-2015-JP552057-42249,2015-09-02 00:00:00,JP-552057,Jeremy Pistek,Consumer,Hungary,Europe,Eastern Europe,OFF-BI-2895,Office Supplies,Binders,"Acco Binder, Clear",14.61,1,0,4.800000000000001
CA-2015-RK19300140-42250,2015-09-03 00:00:00,RK-193001406,Ralph Kennedy,Consumer,United States,USCA,Eastern US,OFF-PA-5716,Office Supplies,Paper,"RSVP Cards & Envelopes, Blank White, 8-1/2"" X 11"", 24 Cards/25 Envelopes/Set",12.192,3,0.2,4.1148
NI-2015-RE945095-42274,2015-09-27 00:00:00,RE-945095,Richard Eichhorn,Consumer,Nigeria,Africa,Western Africa,TEC-MA-6134,Technology,Machines,"StarTech Calculator, White",11.511000000000001,1,0.7,-26.108999999999998
ID-2015-RD1981092-42263,2015-09-16 00:00:00,RD-1981092,Ross DeVincentis,Home Office,New Zealand,Asia Pacific,Oceania,OFF-SU-4983,Office Supplies,Supplies,"Kleencut Ruler, Serrated",12.312,2,0.4,-2.6879999999999997
MX-2015-GM1445531-42269,2015-09-22 00:00:00,GM-1445531,Gary Mitchum,Home Office,Cuba,LATAM,Caribbean,OFF-LA-5389,Office Supplies,Labels,"Novimex Legal Exhibit Labels, Alphabetical",13.719999999999999,2,0,1.92
ES-2015-EP1391545-42264,2015-09-17 00:00:00,EP-1391545,Emily Phan,Consumer,France,Europe,Western Europe,OFF-FA-2944,Office Supplies,Fasteners,"Accos Paper Clips, Assorted Sizes",45.96,4,0,0.36
TU-2015-FM4380134-42257,2015-09-10 00:00:00,FM-4380134,Fred McMath,Consumer,Turkey,Asia Pacific,Western Asia,OFF-FA-3072,Office Supplies,Fasteners,"Advantus Thumb Tacks, 12 Pack",10.416,2,0.6,-14.604
IR-2015-SR1074060-42266,2015-09-19 00:00:00,SR-1074060,Steven Roelle,Home Office,Iran,Asia Pacific,Southern Asia,OFF-BI-3734,Office Supplies,Binders,"Cardinal Hole Reinforcements, Durable",6.840000000000001,1,0,1.41
US-2015-RP1939055-42255,2015-09-08 00:00:00,RP-1939055,Resi Pölking,Consumer,Honduras,LATAM,Central America,OFF-LA-6042,Office Supplies,Labels,"Smead Legal Exhibit Labels, 5000 Label Set",9.191999999999998,2,0.4,-4.328
CA-2015-RB19360140-42273,2015-09-26 00:00:00,RB-193601406,Raymond Buch,Consumer,United States,USCA,Eastern US,TEC-AC-5094,Technology,Accessories,Logitech 910-002974 M325 Wireless Mouse for Web Scrolling,119.96000000000001,5,0.2,35.98800000000001
CA-2015-RB19360140-42273,2015-09-26 00:00:00,RB-193601406,Raymond Buch,Consumer,United States,USCA,Eastern US,OFF-AR-5288,Office Supplies,Art,Newell 311,10.608,6,0.2,0.9281999999999999
CG-2015-MH745533-42262,2015-09-15 00:00:00,MH-745533,Mark Hamilton,Consumer,Democratic Republic of the Congo,Africa,Central Africa,OFF-AR-5913,Office Supplies,Art,"Sanford Highlighters, Water Color",18.93,1,0,6.8100000000000005
IT-2015-TP2113091-42255,2015-09-08 00:00:00,TP-2113091,Theone Pippenger,Consumer,Netherlands,Europe,Western Europe,OFF-BI-2917,Office Supplies,Binders,"Acco Index Tab, Clear",12.059999999999999,3,0.5,-1.9799999999999969
MX-2015-DV1304518-42248,2015-09-01 00:00:00,DV-1304518,Darrin Van Huff,Corporate,Brazil,LATAM,South America,OFF-FA-6198,Office Supplies,Fasteners,"Stockwell Rubber Bands, Assorted Sizes",9.059999999999999,1,0,0.44000000000000006
IT-2015-AR10825139-42257,2015-09-10 00:00:00,AR-10825139,Anthony Rawles,Corporate,United Kingdom,Europe,Northern Europe,OFF-AR-3482,Office Supplies,Art,"Binney & Smith Highlighters, Easy-Erase",16.86,2,0.5,-4.739999999999998
ES-2015-KA1652548-42272,2015-09-25 00:00:00,KA-1652548,Kelly Andreada,Consumer,Germany,Europe,Western Europe,TEC-AC-4180,Technology,Accessories,"Enermax Numeric Keypad, USB",55.14,1,0,15.99
SG-2015-LB6795111-42266,2015-09-19 00:00:00,LB-6795111,Laurel Beltran,Home Office,Senegal,Africa,Western Africa,OFF-BI-4829,Office Supplies,Binders,"Ibico Index Tab, Durable",18.54,2,0,8.100000000000001
HR-2015-TS1116030-42264,2015-09-17 00:00:00,TS-1116030,Theresa Swint,Corporate,Croatia,Europe,Southern Europe,OFF-BI-3294,Office Supplies,Binders,"Avery Index Tab, Durable",6.6899999999999995,1,0,1.71
IN-2015-TS21430102-42274,2015-09-27 00:00:00,TS-21430102,Tom Stivers,Corporate,Philippines,Asia Pacific,Southeastern Asia,OFF-AR-3481,Office Supplies,Art,"Binney & Smith Highlighters, Blue",27.3735,3,0.45,-19.426499999999997
MX-2015-EB1417051-42269,2015-09-22 00:00:00,EB-1417051,Evan Bailliet,Consumer,Guatemala,LATAM,Central America,OFF-PA-4167,Office Supplies,Paper,"Enermax Message Books, 8.5 x 11",35.52,2,0,14.2
MX-2015-VP2176039-42272,2015-09-25 00:00:00,VP-2176039,Victoria Pisteka,Corporate,El Salvador,LATAM,Central America,OFF-LA-4688,Office Supplies,Labels,"Hon Round Labels, Laser Printer Compatible",8.879999999999999,2,0,3.72
IN-2015-BG1103558-42253,2015-09-06 00:00:00,BG-1103558,Barry Gonzalez,Consumer,India,Asia Pacific,Southern Asia,OFF-EN-5023,Office Supplies,Envelopes,"Kraft Business Envelopes, Security-Tint",32.88,2,0,4.26
US-2015-RD19480140-42263,2015-09-16 00:00:00,RD-194801404,Rick Duston,Consumer,United States,USCA,Western US,FUR-FU-6225,Furniture,Furnishings,"Tenex 46"" x 60"" Computer Anti-Static Chairmat, Rectangular Shaped",529.9,5,0,105.97999999999999
US-2015-RD19480140-42263,2015-09-16 00:00:00,RD-194801404,Rick Duston,Consumer,United States,USCA,Western US,FUR-CH-5048,Furniture,Chairs,"Leather Task Chair, Black",218.35200000000003,3,0.2,0
IN-2015-JW1522058-42270,2015-09-23 00:00:00,JW-1522058,Jane Waco,Corporate,India,Asia Pacific,Southern Asia,OFF-LA-3263,Office Supplies,Labels,"Avery Color Coded Labels, Laser Printer Compatible",66.44999999999999,5,0,14.55
US-2015-RD19480140-42263,2015-09-16 00:00:00,RD-194801404,Rick Duston,Consumer,United States,USCA,Western US,OFF-AR-5585,Office Supplies,Art,Peel-Off China Markers,99.3,10,0,41.706
US-2015-RD19480140-42263,2015-09-16 00:00:00,RD-194801404,Rick Duston,Consumer,United States,USCA,Western US,OFF-AP-3363,Office Supplies,Appliances,Belkin 5 Outlet SurgeMaster Power Centers,108.96,2,0,30.508800000000008
US-2015-RD19480140-42263,2015-09-16 00:00:00,RD-194801404,Rick Duston,Consumer,United States,USCA,Western US,OFF-BI-3740,Office Supplies,Binders,Cardinal Poly Pocket Divider Pockets for Ring Binders,2.688,1,0.2,0.8399999999999997
CA-2015-RH19495140-42269,2015-09-22 00:00:00,RH-194951402,Rick Hansen,Consumer,United States,USCA,Central US,OFF-BI-3264,Office Supplies,Binders,Avery Durable Binders,20.16,7,0,9.8784
MX-2015-FH1435018-42255,2015-09-08 00:00:00,FH-1435018,Fred Harton,Consumer,Brazil,LATAM,South America,OFF-LA-4685,Office Supplies,Labels,"Hon Round Labels, 5000 Label Set",9.4,2,0,1.8800000000000001
MX-2015-TM2101018-42274,2015-09-27 00:00:00,TM-2101018,Tamara Manning,Consumer,Brazil,LATAM,South America,OFF-LA-5374,Office Supplies,Labels,"Novimex Color Coded Labels, 5000 Label Set",17.080000000000002,2,0,3.56
MX-2015-GM1445531-42269,2015-09-22 00:00:00,GM-1445531,Gary Mitchum,Home Office,Cuba,LATAM,Caribbean,OFF-LA-4550,Office Supplies,Labels,"Harbour Creations Round Labels, Alphabetical",8.76,2,0,3.12
IR-2015-JG511560-42248,2015-09-01 00:00:00,JG-511560,Jack Garza,Consumer,Iran,Asia Pacific,Southern Asia,OFF-BI-6376,Office Supplies,Binders,"Wilson Jones Binder Covers, Economy",11.19,1,0,2.88
CA-2015-RW19540140-42249,2015-09-02 00:00:00,RW-195401404,Rick Wilson,Corporate,United States,USCA,Western US,FUR-TA-4944,Furniture,Tables,KI Conference Tables,283.56,4,0,45.36960000000002
CA-2015-RW19540140-42249,2015-09-02 00:00:00,RW-195401404,Rick Wilson,Corporate,United States,USCA,Western US,OFF-AP-4718,Office Supplies,Appliances,Honeywell Quietcare HEPA Air Cleaner,314.6,4,0,103.81799999999998
CA-2015-RD958523-42259,2015-09-12 00:00:00,RD-958523,Rob Dowd,Consumer,Canada,USCA,Canada,FUR-BO-3635,Furniture,Bookcases,"Bush Floating Shelf Set, Mobile",695.16,4,0,173.76
CA-2015-RD958523-42259,2015-09-12 00:00:00,RD-958523,Rob Dowd,Consumer,Canada,USCA,Canada,OFF-LA-4538,Office Supplies,Labels,"Harbour Creations Legal Exhibit Labels, Adjustable",8.850000000000001,1,0,4.050000000000001
US-2015-RL19615140-42248,2015-09-01 00:00:00,RL-196151408,Rob Lucas,Consumer,United States,USCA,Southern US,OFF-PA-6500,Office Supplies,Paper,Xerox 1945,229.544,7,0.2,83.2097
IV-2015-EH394529-42258,2015-09-11 00:00:00,EH-394529,Eric Hoffmann,Consumer,Cote d'Ivoire,Africa,Western Africa,OFF-AR-6117,Office Supplies,Art,"Stanley Markers, Water Color",25.379999999999995,1,0,8.370000000000001
HU-2015-JP552057-42249,2015-09-02 00:00:00,JP-552057,Jeremy Pistek,Consumer,Hungary,Europe,Eastern Europe,OFF-LA-4678,Office Supplies,Labels,"Hon Removable Labels, 5000 Label Set",10.26,1,0,0.18
NI-2015-NF838595-42265,2015-09-18 00:00:00,NF-838595,Natalie Fritzler,Consumer,Nigeria,Africa,Western Africa,TEC-MA-6145,Technology,Machines,"StarTech Phone, White",21.879,1,0.7,-21.170999999999992
US-2015-PJ1901598-42273,2015-09-26 00:00:00,PJ-1901598,Pauline Johnson,Consumer,Panama,LATAM,Central America,OFF-EN-3658,Office Supplies,Envelopes,"Cameo Clasp Envelope, Security-Tint",28.584000000000003,6,0.4,-12.936000000000003
TU-2015-RM9750134-42266,2015-09-19 00:00:00,RM-9750134,Roland Murray,Consumer,Turkey,Asia Pacific,Western Asia,FUR-FU-6236,Furniture,Furnishings,"Tenex Clock, Black",20.1,1,0.6,-17.61
IN-2015-TS21430102-42274,2015-09-27 00:00:00,TS-21430102,Tom Stivers,Corporate,Philippines,Asia Pacific,Southeastern Asia,FUR-FU-3039,Furniture,Furnishings,"Advantus Light Bulb, Erganomic",28.034999999999997,2,0.25,5.175000000000001
CA-2015-RD19660140-42255,2015-09-08 00:00:00,RD-196601402,Robert Dilbeck,Home Office,United States,USCA,Central US,OFF-BI-4338,Office Supplies,Binders,GBC DocuBind 300 Electric Binding Machine,1577.94,3,0,757.4112
NI-2015-JF541595-42276,2015-09-29 00:00:00,JF-541595,Jennifer Ferguson,Consumer,Nigeria,Africa,Western Africa,OFF-FA-2956,Office Supplies,Fasteners,"Accos Staples, Assorted Sizes",10.080000000000002,4,0.7,-10.439999999999998
CA-2015-RM967523-42263,2015-09-16 00:00:00,RM-967523,Robert Marley,Home Office,Canada,USCA,Canada,OFF-BI-3727,Office Supplies,Binders,"Cardinal Binding Machine, Recycled",200.52,4,0,42
IZ-2015-TB1119061-42255,2015-09-08 00:00:00,TB-1119061,Thomas Brumley,Home Office,Iraq,Asia Pacific,Western Asia,OFF-LA-4555,Office Supplies,Labels,"Harbour Creations Shipping Labels, Laser Printer Compatible",11.459999999999999,1,0,4.11
CA-2015-RM967523-42263,2015-09-16 00:00:00,RM-967523,Robert Marley,Home Office,Canada,USCA,Canada,OFF-LA-4540,Office Supplies,Labels,"Harbour Creations Legal Exhibit Labels, Laser Printer Compatible",10.95,1,0,2.4000000000000004
CA-2015-RW19690140-42258,2015-09-11 00:00:00,RW-196901402,Robert Waldorf,Consumer,United States,USCA,Central US,OFF-ST-4288,Office Supplies,Storage,Fellowes Stor/Drawer Steel Plus Storage Drawers,286.29,3,0,17.177399999999977
CA-2015-RW19690140-42258,2015-09-11 00:00:00,RW-196901402,Robert Waldorf,Consumer,United States,USCA,Central US,TEC-AC-4876,Technology,Accessories,Imation Clip USB flash drive - 8 GB,112.80000000000001,6,0,6.768000000000001
CA-2015-RW19690140-42258,2015-09-11 00:00:00,RW-196901402,Robert Waldorf,Consumer,United States,USCA,Central US,TEC-AC-5103,Technology,Accessories,Logitech G105 Gaming Keyboard,296.84999999999997,5,0,53.43299999999999
CA-2015-RW19690140-42258,2015-09-11 00:00:00,RW-196901402,Robert Waldorf,Consumer,United States,USCA,Central US,OFF-AP-4609,Office Supplies,Appliances,"Holmes Replacement Filter for HEPA Air Cleaner, Medium Room",33.99,3,0,14.615700000000004
CA-2015-RW19690140-42258,2015-09-11 00:00:00,RW-196901402,Robert Waldorf,Consumer,United States,USCA,Central US,OFF-AP-2888,Office Supplies,Appliances,Acco 6 Outlet Guardian Standard Surge Suppressor,24.18,2,0,7.253999999999998
CA-2015-RW19690140-42258,2015-09-11 00:00:00,RW-196901402,Robert Waldorf,Consumer,United States,USCA,Central US,OFF-PA-6527,Office Supplies,Paper,Xerox 1970,24.900000000000002,5,0,11.703000000000001
CA-2015-RW19690140-42258,2015-09-11 00:00:00,RW-196901402,Robert Waldorf,Consumer,United States,USCA,Central US,OFF-BI-2869,Office Supplies,Binders,3M Organizer Strips,16.200000000000003,3,0,7.776
US-2015-EJ1372082-42249,2015-09-02 00:00:00,EJ-1372082,Ed Jacobs,Consumer,Mexico,LATAM,Central America,FUR-FU-5725,Furniture,Furnishings,"Rubbermaid Door Stop, Durable",32.664,2,0.4,-8.735999999999999
CA-2015-RW19690140-42258,2015-09-11 00:00:00,RW-196901402,Robert Waldorf,Consumer,United States,USCA,Central US,OFF-BI-5333,Office Supplies,Binders,Newell 3-Hole Punched Plastic Slotted Magazine Holders for Binders,13.71,3,0,6.5808
CA-2015-RB19705140-42262,2015-09-15 00:00:00,RB-197051406,Roger Barcio,Home Office,United States,USCA,Eastern US,TEC-PH-6413,Technology,Phones,Wilson SignalBoost 841262 DB PRO Amplifier Kit,1079.85,3,0,323.9549999999999
US-2015-AW1093098-42255,2015-09-08 00:00:00,AW-1093098,Arthur Wiediger,Home Office,Panama,LATAM,Central America,OFF-LA-5384,Office Supplies,Labels,"Novimex File Folder Labels, Alphabetical",9.683999999999997,3,0.4,-0.21599999999999966
CA-2015-RB19705140-42262,2015-09-15 00:00:00,RB-197051406,Roger Barcio,Home Office,United States,USCA,Eastern US,FUR-CH-5426,Furniture,Chairs,"Office Star - Contemporary Task Swivel chair with Loop Arms, Charcoal",589.41,5,0.1,-6.549000000000049
CA-2015-RB19705140-42262,2015-09-15 00:00:00,RB-197051406,Roger Barcio,Home Office,United States,USCA,Eastern US,OFF-ST-5980,Office Supplies,Storage,Sensible Storage WireTech Storage Systems,70.98,1,0,3.5489999999999924
TU-2015-FM4215134-42273,2015-09-26 00:00:00,FM-4215134,Filia McAdams,Corporate,Turkey,Asia Pacific,Western Asia,OFF-SU-4131,Office Supplies,Supplies,"Elite Shears, Easy Grip",19.452,1,0.6,-26.268
CA-2015-RB19705140-42262,2015-09-15 00:00:00,RB-197051406,Roger Barcio,Home Office,United States,USCA,Eastern US,OFF-AR-3613,Office Supplies,Art,Bulldog Table or Wall-Mount Pencil Sharpener,29.950000000000003,5,0,8.6855
IT-2015-RP19390139-42274,2015-09-27 00:00:00,RP-19390139,Resi Pölking,Consumer,United Kingdom,Europe,Northern Europe,OFF-BI-4806,Office Supplies,Binders,"Ibico 3-Hole Punch, Recycled",15.405000000000001,1,0.5,-6.795000000000002
UP-2015-RE9450137-42253,2015-09-06 00:00:00,RE-9450137,Richard Eichhorn,Consumer,Ukraine,Europe,Eastern Europe,OFF-BI-2914,Office Supplies,Binders,"Acco Hole Reinforcements, Economy",6.66,1,0,0.5700000000000001
TU-2015-FM4380134-42257,2015-09-10 00:00:00,FM-4380134,Fred McMath,Consumer,Turkey,Asia Pacific,Western Asia,OFF-EN-3671,Office Supplies,Envelopes,"Cameo Manila Envelope, Set of 50",10.8,1,0.6,-13.77
CA-2015-RS19765140-42256,2015-09-09 00:00:00,RS-197651406,Roland Schwarz,Corporate,United States,USCA,Eastern US,TEC-AC-5208,Technology,Accessories,Memorex Micro Travel Drive 32 GB,116.832,4,0.2,33.589200000000005
CA-2015-RO19780140-42272,2015-09-25 00:00:00,RO-197801402,Rose O'Brian,Consumer,United States,USCA,Central US,FUR-CH-4489,Furniture,Chairs,GuestStacker Chair with Chrome Finish Legs,520.4639999999999,2,0.3,-14.870399999999961
CA-2015-RO19780140-42272,2015-09-25 00:00:00,RO-197801402,Rose O'Brian,Consumer,United States,USCA,Central US,OFF-PA-6424,Office Supplies,Paper,Wirebound Voice Message Log Book,11.424,3,0.2,3.7127999999999988
NG-2015-JC577594-42260,2015-09-13 00:00:00,JC-577594,John Castell,Consumer,Niger,Africa,Western Africa,OFF-LA-4535,Office Supplies,Labels,"Harbour Creations File Folder Labels, Alphabetical",8.55,1,0,1.1099999999999999
IN-2015-LW1682558-42256,2015-09-09 00:00:00,LW-1682558,Laurel Workman,Corporate,India,Asia Pacific,Southern Asia,OFF-FA-2946,Office Supplies,Fasteners,"Accos Paper Clips, Metal",13.47,1,0,1.2000000000000002
RS-2015-LW6990108-42270,2015-09-23 00:00:00,LW-6990108,Lindsay Williams,Corporate,Russia,Europe,Eastern Europe,OFF-FA-6185,Office Supplies,Fasteners,"Stockwell Clamps, Assorted Sizes",16.29,1,0,5.699999999999999
NI-2015-NF838595-42265,2015-09-18 00:00:00,NF-838595,Natalie Fritzler,Consumer,Nigeria,Africa,Western Africa,TEC-PH-5830,Technology,Phones,"Samsung Office Telephone, Full Size",39.906,2,0.7,-54.59399999999998
TU-2015-NZ8565134-42270,2015-09-23 00:00:00,NZ-8565134,Nick Zandusky,Home Office,Turkey,Asia Pacific,Western Asia,FUR-CH-5752,Furniture,Chairs,"SAFCO Bag Chairs, Red",39.552,2,0.6,-52.428
ES-2015-DH1307548-42258,2015-09-11 00:00:00,DH-1307548,Dave Hallsten,Corporate,Germany,Europe,Western Europe,OFF-BI-2912,Office Supplies,Binders,"Acco Hole Reinforcements, Clear",24.48,4,0,0.96
US-2015-RA19885140-42274,2015-09-27 00:00:00,RA-198851404,Ruben Ausman,Corporate,United States,USCA,Western US,OFF-BI-4275,Office Supplies,Binders,Fellowes PB300 Plastic Comb Binding Machine,931.1760000000002,3,0.2,314.2719
SA-2015-BT1485110-42270,2015-09-23 00:00:00,BT-1485110,Brad Thomas,Home Office,Saudi Arabia,Asia Pacific,Western Asia,OFF-LA-4663,Office Supplies,Labels,"Hon Legal Exhibit Labels, Adjustable",17.52,2,0,2.7600000000000002
US-2015-RA19885140-42274,2015-09-27 00:00:00,RA-198851404,Ruben Ausman,Corporate,United States,USCA,Western US,OFF-FA-6129,Office Supplies,Fasteners,Staples,71.88,6,0,33.0648
NI-2015-NF838595-42265,2015-09-18 00:00:00,NF-838595,Natalie Fritzler,Consumer,Nigeria,Africa,Western Africa,OFF-AR-3483,Office Supplies,Art,"Binney & Smith Highlighters, Fluorescent",21.42,4,0.7,-44.33999999999999
MX-2015-LB1679539-42252,2015-09-05 00:00:00,LB-1679539,Laurel Beltran,Home Office,El Salvador,LATAM,Central America,OFF-LA-3300,Office Supplies,Labels,"Avery Legal Exhibit Labels, Laser Printer Compatible",15.12,2,0,1.64
MX-2015-HR1477036-42250,2015-09-03 00:00:00,HR-1477036,Hallie Redmond,Home Office,Dominican Republic,LATAM,Caribbean,OFF-ST-5697,Office Supplies,Storage,"Rogers Folders, Wire Frame",15.872,1,0.2,2.372
MX-2015-TA2138582-42272,2015-09-25 00:00:00,TA-2138582,Tom Ashbrook,Home Office,Mexico,LATAM,Central America,OFF-BI-3719,Office Supplies,Binders,"Cardinal Binder Covers, Recycled",8.24,1,0,1.14
US-2015-RA19885140-42274,2015-09-27 00:00:00,RA-198851404,Ruben Ausman,Corporate,United States,USCA,Western US,OFF-BI-6395,Office Supplies,Binders,"Wilson Jones Hanging View Binder, White, 1""",17.04,3,0.2,5.5379999999999985
US-2015-RA19885140-42274,2015-09-27 00:00:00,RA-198851404,Ruben Ausman,Corporate,United States,USCA,Western US,FUR-FU-6099,Furniture,Furnishings,Stackable Trays,9.24,3,0,2.9567999999999994
US-2015-RA19885140-42274,2015-09-27 00:00:00,RA-198851404,Ruben Ausman,Corporate,United States,USCA,Western US,OFF-PA-6445,Office Supplies,Paper,Xerox 1895,35.88,6,0,16.146
IN-2015-BE1133527-42276,2015-09-29 00:00:00,BE-1133527,Bill Eplett,Home Office,China,Asia Pacific,Eastern Asia,OFF-ST-6057,Office Supplies,Storage,"Smead Shelving, Blue",244.64999999999998,5,0,107.54999999999998
CA-2015-RD19900140-42255,2015-09-08 00:00:00,RD-199001404,Ruben Dartt,Consumer,United States,USCA,Western US,TEC-AC-5143,Technology,Accessories,Logitech Wireless Marathon Mouse M705,279.944,7,0.2,80.48390000000002
CA-2015-RD19900140-42255,2015-09-08 00:00:00,RD-199001404,Ruben Dartt,Consumer,United States,USCA,Western US,OFF-ST-4516,Office Supplies,Storage,Hanging Personal Folder File,37.68,3,0.2,2.355000000000002
IN-2015-SW203507-42250,2015-09-03 00:00:00,SW-203507,Sean Wendt,Home Office,Australia,Asia Pacific,Oceania,OFF-BI-3723,Office Supplies,Binders,"Cardinal Binder, Recycled",25.541999999999998,2,0.1,4.242000000000001
ES-2015-SW2045564-42257,2015-09-10 00:00:00,SW-2045564,Shaun Weien,Consumer,Italy,Europe,Southern Europe,OFF-LA-6042,Office Supplies,Labels,"Smead Legal Exhibit Labels, 5000 Label Set",11.49,1,0,2.16
ES-2015-ZC2191045-42257,2015-09-10 00:00:00,ZC-2191045,Zuschuss Carroll,Consumer,France,Europe,Western Europe,OFF-BI-4804,Office Supplies,Binders,"Ibico 3-Hole Punch, Durable",95.85000000000001,3,0,35.46
SG-2015-LB6795111-42266,2015-09-19 00:00:00,LB-6795111,Laurel Beltran,Home Office,Senegal,Africa,Western Africa,OFF-AR-3533,Office Supplies,Art,"Boston Highlighters, Fluorescent",20.129999999999995,1,0,5.22
US-2015-TS21340143-42262,2015-09-15 00:00:00,TS-21340143,Toby Swindell,Consumer,Venezuela,LATAM,South America,OFF-SU-4313,Office Supplies,Supplies,"Fiskars Ruler, Serrated",13.356,3,0.4,0.39599999999999935
RO-2015-BH1710107-42250,2015-09-03 00:00:00,BH-1710107,Brosina Hoffman,Consumer,Romania,Europe,Eastern Europe,OFF-FA-6203,Office Supplies,Fasteners,"Stockwell Staples, Bulk Pack",10.799999999999999,1,0,1.62
CA-2015-RC19960140-42259,2015-09-12 00:00:00,RC-199601408,Ryan Crowe,Consumer,United States,USCA,Southern US,FUR-FU-4754,Furniture,Furnishings,"Howard Miller 11-1/2"" Diameter Grantwood Wall Clock",34.504000000000005,1,0.2,6.0382
CA-2015-SH19975140-42266,2015-09-19 00:00:00,SH-199751404,Sally Hughsby,Corporate,United States,USCA,Western US,OFF-PA-6463,Office Supplies,Paper,Xerox 1911,143.7,3,0,68.976
NI-2015-PB880595-42249,2015-09-02 00:00:00,PB-880595,Patrick Bzostek,Home Office,Nigeria,Africa,Western Africa,OFF-ST-6229,Office Supplies,Storage,"Tenex Box, Industrial",5.094000000000001,1,0.7,-3.905999999999999
US-2015-SH19975140-42270,2015-09-23 00:00:00,SH-199751402,Sally Hughsby,Corporate,United States,USCA,Central US,OFF-FA-6129,Office Supplies,Fasteners,Staples,13.392000000000001,3,0.2,5.022
CA-2015-SH19975140-42266,2015-09-19 00:00:00,SH-199751404,Sally Hughsby,Corporate,United States,USCA,Western US,OFF-AR-5323,Office Supplies,Art,Newell 343,8.82,3,0,2.3814
US-2015-SH19975140-42270,2015-09-23 00:00:00,SH-199751402,Sally Hughsby,Corporate,United States,USCA,Central US,OFF-BI-4885,Office Supplies,Binders,Insertable Tab Post Binder Dividers,11.227999999999998,7,0.8,-18.52620000000001
CA-2015-SH19975140-42266,2015-09-19 00:00:00,SH-199751404,Sally Hughsby,Corporate,United States,USCA,Western US,OFF-EN-3850,Office Supplies,Envelopes,Convenience Packs of Business Envelopes,10.86,3,0,5.1042000000000005
IN-2015-DE1325527-42265,2015-09-18 00:00:00,DE-1325527,Deanra Eno,Home Office,China,Asia Pacific,Eastern Asia,OFF-FA-5465,Office Supplies,Fasteners,"OIC Clamps, Metal",19.89,1,0,1.59
TU-2015-FM4380134-42257,2015-09-10 00:00:00,FM-4380134,Fred McMath,Consumer,Turkey,Asia Pacific,Western Asia,OFF-BI-2891,Office Supplies,Binders,"Acco Binder Covers, Clear",5.112,1,0.6,-2.177999999999999
CA-2015-SC20050140-42251,2015-09-04 00:00:00,SC-200501404,Sample Company A,Home Office,United States,USCA,Western US,TEC-AC-4935,Technology,Accessories,Kensington Expert Mouse Optical USB Trackball for PC or Mac,284.96999999999997,3,0,85.49099999999996
CA-2015-SC20050140-42251,2015-09-04 00:00:00,SC-200501404,Sample Company A,Home Office,United States,USCA,Western US,OFF-BI-6098,Office Supplies,Binders,"Square Ring Data Binders, Rigid 75 Pt. Covers, 11"" x 14-7/8""",82.56,5,0.2,28.896
MX-2015-JM1558018-42250,2015-09-03 00:00:00,JM-1558018,Jill Matthias,Consumer,Brazil,LATAM,South America,OFF-FA-6198,Office Supplies,Fasteners,"Stockwell Rubber Bands, Assorted Sizes",18.119999999999997,2,0,0.8800000000000001
US-2015-TT2146018-42276,2015-09-29 00:00:00,TT-2146018,Tonja Turnell,Home Office,Brazil,LATAM,South America,OFF-FA-6208,Office Supplies,Fasteners,"Stockwell Thumb Tacks, Metal",7.072000000000001,2,0.6,-8.328
US-2015-PJ1901598-42273,2015-09-26 00:00:00,PJ-1901598,Pauline Johnson,Consumer,Panama,LATAM,Central America,OFF-FA-6193,Office Supplies,Fasteners,"Stockwell Push Pins, 12 Pack",21.456,4,0.4,-13.984000000000004
MX-2015-TS2150518-42270,2015-09-23 00:00:00,TS-2150518,Tony Sayre,Consumer,Brazil,LATAM,South America,OFF-BI-4829,Office Supplies,Binders,"Ibico Index Tab, Durable",12.359999999999998,2,0,1.6
UP-2015-IM5070137-42273,2015-09-26 00:00:00,IM-5070137,Irene Maddox,Consumer,Ukraine,Europe,Eastern Europe,OFF-SU-4313,Office Supplies,Supplies,"Fiskars Ruler, Serrated",22.259999999999998,2,0,8.22
BO-2015-JF549013-42255,2015-09-08 00:00:00,JF-549013,Jeremy Farry,Consumer,Belarus,Europe,Eastern Europe,OFF-BI-3733,Office Supplies,Binders,"Cardinal Hole Reinforcements, Clear",19.200000000000003,4,0,8.76
IT-2015-JH1582091-42248,2015-09-01 00:00:00,JH-1582091,John Huston,Consumer,Netherlands,Europe,Western Europe,OFF-AR-5910,Office Supplies,Art,"Sanford Highlighters, Blue",15.749999999999996,2,0.5,-12.329999999999997
IZ-2015-RH949561-42273,2015-09-26 00:00:00,RH-949561,Rick Hansen,Consumer,Iraq,Asia Pacific,Western Asia,OFF-BI-3289,Office Supplies,Binders,"Avery Hole Reinforcements, Clear",3.87,1,0,0.36
ES-2015-SH19975139-42266,2015-09-19 00:00:00,SH-19975139,Sally Hughsby,Corporate,United Kingdom,Europe,Northern Europe,OFF-BI-3249,Office Supplies,Binders,"Avery Binder Covers, Recycled",11.43,1,0,4.11
IN-2015-SS2059090-42277,2015-09-30 00:00:00,SS-2059090,Sonia Sunley,Consumer,Nepal,Asia Pacific,Southern Asia,OFF-FA-6190,Office Supplies,Fasteners,"Stockwell Paper Clips, Bulk Pack",14.01,1,0,5.58
ES-2015-CS12460139-42248,2015-09-01 00:00:00,CS-12460139,Chuck Sachs,Consumer,United Kingdom,Europe,Northern Europe,OFF-BI-3733,Office Supplies,Binders,"Cardinal Hole Reinforcements, Clear",24.000000000000004,5,0,10.95
CA-2015-SJ20125140-42265,2015-09-18 00:00:00,SJ-201251402,Sanjit Jacobs,Home Office,United States,USCA,Central US,TEC-PH-5625,Technology,Phones,Polycom VoiceStation 500 Conference phone,1415.76,6,0.2,88.48500000000007
CA-2015-SJ20125140-42265,2015-09-18 00:00:00,SJ-201251402,Sanjit Jacobs,Home Office,United States,USCA,Central US,FUR-CH-4429,Furniture,Chairs,"Global Wood Trimmed Manager's Task Chair, Khaki",318.43,5,0.3,-77.33300000000001
CA-2015-SJ20125140-42274,2015-09-27 00:00:00,SJ-201251408,Sanjit Jacobs,Home Office,United States,USCA,Southern US,FUR-CH-5426,Furniture,Chairs,"Office Star - Contemporary Task Swivel chair with Loop Arms, Charcoal",419.13599999999997,4,0.2,-57.631200000000035
CA-2015-SJ20125140-42265,2015-09-18 00:00:00,SJ-201251402,Sanjit Jacobs,Home Office,United States,USCA,Central US,OFF-AR-5334,Office Supplies,Art,Newell Chalk Holder,9.912,3,0.2,3.2213999999999996
CA-2015-SJ20125140-42265,2015-09-18 00:00:00,SJ-201251402,Sanjit Jacobs,Home Office,United States,USCA,Central US,OFF-BI-6366,Office Supplies,Binders,Wilson Jones “Snap” Scratch Pad Binder Tool for Ring Binders,5.799999999999999,5,0.8,-10.15
MX-2015-TS2120537-42250,2015-09-03 00:00:00,TS-2120537,Thomas Seio,Corporate,Ecuador,LATAM,South America,OFF-AR-3460,Office Supplies,Art,"BIC Pencil Sharpener, Blue",38.68,2,0,18.16
CA-2015-SS20140140-42266,2015-09-19 00:00:00,SS-201401408,Saphhira Shifley,Corporate,United States,USCA,Southern US,TEC-PH-3167,Technology,Phones,AT&T CL83451 4-Handset Telephone,411.98,2,0,119.4742
CA-2015-SS20140140-42266,2015-09-19 00:00:00,SS-201401408,Saphhira Shifley,Corporate,United States,USCA,Southern US,OFF-PA-6469,Office Supplies,Paper,Xerox 1917,244.54999999999998,5,0,114.93849999999998
CA-2015-SS20140140-42266,2015-09-19 00:00:00,SS-201401408,Saphhira Shifley,Corporate,United States,USCA,Southern US,OFF-AR-4798,Office Supplies,Art,"Hunt PowerHouse Electric Pencil Sharpener, Blue",113.94,3,0,34.18199999999999
CA-2015-SS20140140-42266,2015-09-19 00:00:00,SS-201401408,Saphhira Shifley,Corporate,United States,USCA,Southern US,TEC-PH-4800,Technology,Phones,I Need's 3d Hello Kitty Hybrid Silicone Case Cover for HTC One X 4g with 3d Hello Kitty Stylus Pen Green/pink,95.68,8,0,26.790400000000005
IN-2015-MM1726027-42262,2015-09-15 00:00:00,MM-1726027,Magdelene Morse,Consumer,China,Asia Pacific,Eastern Asia,OFF-BI-2882,Office Supplies,Binders,"Acco 3-Hole Punch, Durable",63.24000000000001,2,0,0.6000000000000001
CA-2015-SS20140140-42266,2015-09-19 00:00:00,SS-201401408,Saphhira Shifley,Corporate,United States,USCA,Southern US,OFF-PA-5629,Office Supplies,Paper,"Post-it “Important Message” Note Pad, Neon Colors, 50 Sheets/Pad",50.96,7,0,24.460800000000003
CA-2015-SS20140140-42266,2015-09-19 00:00:00,SS-201401408,Saphhira Shifley,Corporate,United States,USCA,Southern US,OFF-SU-4302,Office Supplies,Supplies,"Fiskars 8"" Scissors, 2/Pack",34.48,2,0,9.999199999999995
CA-2015-SS20140140-42266,2015-09-19 00:00:00,SS-201401408,Saphhira Shifley,Corporate,United States,USCA,Southern US,OFF-PA-6556,Office Supplies,Paper,Xerox 1997,25.92,4,0,12.441600000000001
CA-2015-SS20140140-42266,2015-09-19 00:00:00,SS-201401408,Saphhira Shifley,Corporate,United States,USCA,Southern US,FUR-FU-5172,Furniture,Furnishings,"Master Caster Door Stop, Gray",20.32,4,0,6.908799999999999
NI-2015-TB1135595-42256,2015-09-09 00:00:00,TB-1135595,Todd Boyes,Corporate,Nigeria,Africa,Western Africa,OFF-FA-5477,Office Supplies,Fasteners,"OIC Rubber Bands, Bulk Pack",10.242,2,0.7,-9.918
MX-2015-RH1951082-42262,2015-09-15 00:00:00,RH-1951082,Rick Huthwaite,Home Office,Mexico,LATAM,Central America,OFF-LA-4543,Office Supplies,Labels,"Harbour Creations Removable Labels, Laser Printer Compatible",6.779999999999999,1,0,0.26
CA-2015-SL20155140-42274,2015-09-27 00:00:00,SL-201551404,Sara Luxemburg,Home Office,United States,USCA,Western US,OFF-AR-5632,Office Supplies,Art,Prang Drawing Pencil Set,2.2239999999999998,1,0.2,0.5559999999999999
ID-2015-DH13675102-42277,2015-09-30 00:00:00,DH-13675102,Duane Huffman,Home Office,Philippines,Asia Pacific,Southeastern Asia,OFF-FA-2947,Office Supplies,Fasteners,"Accos Push Pins, 12 Pack",7.672500000000001,1,0.45,0.11249999999999893
MX-2015-HG1484531-42260,2015-09-13 00:00:00,HG-1484531,Harry Greene,Consumer,Cuba,LATAM,Caribbean,OFF-LA-5399,Office Supplies,Labels,"Novimex Round Labels, Adjustable",8.34,3,0,3.72
IN-2015-KB162407-42273,2015-09-26 00:00:00,KB-162407,Karen Bern,Corporate,Australia,Asia Pacific,Oceania,FUR-CH-5757,Furniture,Chairs,"SAFCO Chairmat, Black",34.434,1,0.4,-13.206000000000003
MX-2015-VP2176018-42266,2015-09-19 00:00:00,VP-2176018,Victoria Pisteka,Corporate,Brazil,LATAM,South America,OFF-BI-2919,Office Supplies,Binders,"Acco Index Tab, Economy",26.880000000000003,4,0,4.8
ID-2015-AS1013592-42253,2015-09-06 00:00:00,AS-1013592,Adrian Shami,Home Office,New Zealand,Asia Pacific,Oceania,OFF-PA-6609,Office Supplies,Paper,"Xerox Memo Slips, 8.5 x 11",21.204,2,0.4,-13.116000000000003
NI-2015-GM444095-42251,2015-09-04 00:00:00,GM-444095,Gary McGarr,Consumer,Nigeria,Africa,Western Africa,OFF-FA-6204,Office Supplies,Fasteners,"Stockwell Staples, Metal",6.3180000000000005,2,0.7,-9.101999999999997
NI-2015-GM444095-42251,2015-09-04 00:00:00,GM-444095,Gary McGarr,Consumer,Nigeria,Africa,Western Africa,OFF-FA-3070,Office Supplies,Fasteners,"Advantus Staples, Bulk Pack",19.548000000000002,6,0.7,-19.691999999999993
US-2015-RP1939055-42255,2015-09-08 00:00:00,RP-1939055,Resi Pölking,Consumer,Honduras,LATAM,Central America,FUR-FU-3050,Furniture,Furnishings,"Advantus Photo Frame, Erganomic",20.64,1,0.4,-5.859999999999999
TU-2015-HP4815134-42272,2015-09-25 00:00:00,HP-4815134,Harold Pawlan,Home Office,Turkey,Asia Pacific,Western Asia,OFF-EN-3111,Office Supplies,Envelopes,"Ames Peel and Seal, with clear poly window",35.568000000000005,4,0.6,-12.552
ES-2015-LE168108-42270,2015-09-23 00:00:00,LE-168108,Laurel Elliston,Consumer,Austria,Europe,Western Europe,OFF-BI-4823,Office Supplies,Binders,"Ibico Hole Reinforcements, Clear",12.899999999999999,2,0,4.9799999999999995
IN-2015-MC178457-42272,2015-09-25 00:00:00,MC-178457,Michael Chen,Consumer,Australia,Asia Pacific,Oceania,OFF-LA-4663,Office Supplies,Labels,"Hon Legal Exhibit Labels, Adjustable",23.652,3,0.1,8.622
CA-2015-SB20290140-42257,2015-09-10 00:00:00,SB-202901408,Sean Braxton,Corporate,United States,USCA,Southern US,OFF-ST-4273,Office Supplies,Storage,Fellowes Officeware Wire Shelving,628.81,7,0,12.576199999999986
IR-2015-SR1074060-42266,2015-09-19 00:00:00,SR-1074060,Steven Roelle,Home Office,Iran,Asia Pacific,Southern Asia,OFF-BI-2915,Office Supplies,Binders,"Acco Hole Reinforcements, Recycled",7.02,1,0,3.51
MX-2015-VP2176018-42266,2015-09-19 00:00:00,VP-2176018,Victoria Pisteka,Corporate,Brazil,LATAM,South America,OFF-SU-2984,Office Supplies,Supplies,"Acme Ruler, Easy Grip",24.44,2,0,6.840000000000001
US-2015-SN2056082-42271,2015-09-24 00:00:00,SN-2056082,Skye Norling,Home Office,Mexico,LATAM,Central America,OFF-LA-5392,Office Supplies,Labels,"Novimex Removable Labels, Adjustable",13.680000000000001,2,0,0.8
MX-2015-BP1105018-42270,2015-09-23 00:00:00,BP-1105018,Barry Pond,Corporate,Brazil,LATAM,South America,OFF-AR-6113,Office Supplies,Art,"Stanley Highlighters, Water Color",59.6,5,0,16
MX-2015-SK1999018-42252,2015-09-05 00:00:00,SK-1999018,Sally Knutson,Consumer,Brazil,LATAM,South America,OFF-LA-5398,Office Supplies,Labels,"Novimex Round Labels, 5000 Label Set",4.4399999999999995,1,0,0.08
CA-2015-SB20290140-42257,2015-09-10 00:00:00,SB-202901408,Sean Braxton,Corporate,United States,USCA,Southern US,OFF-ST-6627,Office Supplies,Storage,X-Rack File for Hanging Folders,56.449999999999996,5,0,14.676999999999998
IT-2015-HR14770124-42273,2015-09-26 00:00:00,HR-14770124,Hallie Redmond,Home Office,Sweden,Europe,Northern Europe,OFF-LA-4550,Office Supplies,Labels,"Harbour Creations Round Labels, Alphabetical",6.57,2,0.5,-1.3500000000000005
MO-2015-PO919586-42264,2015-09-17 00:00:00,PO-919586,Phillina Ober,Home Office,Morocco,Africa,North Africa,OFF-FA-6197,Office Supplies,Fasteners,"Stockwell Rubber Bands, 12 Pack",15.959999999999997,1,0,1.59
MX-2015-AH1046582-42249,2015-09-02 00:00:00,AH-1046582,Amy Hunt,Consumer,Mexico,LATAM,Central America,OFF-AR-3548,Office Supplies,Art,"Boston Pens, Fluorescent",20.64,2,0,7.840000000000001
NI-2015-BP105095-42249,2015-09-02 00:00:00,BP-105095,Barry Pond,Corporate,Nigeria,Africa,Western Africa,OFF-SU-6167,Office Supplies,Supplies,"Stiletto Letter Opener, Steel",7.524000000000003,1,0.7,-14.556000000000001
AO-2015-JF54154-42272,2015-09-25 00:00:00,JF-54154,Jennifer Ferguson,Consumer,Angola,Africa,Central Africa,OFF-BI-6400,Office Supplies,Binders,"Wilson Jones Hole Reinforcements, Recycled",4.890000000000001,1,0,1.17
US-2015-JR1621055-42264,2015-09-17 00:00:00,JR-1621055,Justin Ritter,Corporate,Honduras,LATAM,Central America,OFF-BI-3718,Office Supplies,Binders,"Cardinal Binder Covers, Economy",14.4,3,0.4,-5.76
CA-2015-SO20335140-42257,2015-09-10 00:00:00,SO-203351408,Sean O'Donnell,Consumer,United States,USCA,Southern US,OFF-ST-4291,Office Supplies,Storage,Fellowes Super Stor/Drawer Files,258.48,2,0.2,-3.2309999999999945
CA-2015-SO20335140-42257,2015-09-10 00:00:00,SO-203351408,Sean O'Donnell,Consumer,United States,USCA,Southern US,OFF-PA-6437,Office Supplies,Paper,Xerox 1888,177.536,4,0.2,62.13759999999999
CA-2015-SO20335140-42257,2015-09-10 00:00:00,SO-203351408,Sean O'Donnell,Consumer,United States,USCA,Southern US,OFF-FA-6129,Office Supplies,Fasteners,Staples,8.832,3,0.2,-1.9872000000000005
CA-2015-SO20335140-42257,2015-09-10 00:00:00,SO-203351408,Sean O'Donnell,Consumer,United States,USCA,Southern US,FUR-FU-4109,Furniture,Furnishings,Eldon Wave Desk Accessories,14.136,3,0.2,4.240800000000001
CA-2015-SV20365140-42268,2015-09-21 00:00:00,SV-203651406,Seth Vernon,Consumer,United States,USCA,Eastern US,FUR-CH-4618,Furniture,Chairs,Hon 4070 Series Pagoda Armless Upholstered Stacking Chairs,2888.1270000000004,11,0.1,609.7157
CA-2015-SV20365140-42268,2015-09-21 00:00:00,SV-203651406,Seth Vernon,Consumer,United States,USCA,Eastern US,FUR-CH-4426,Furniture,Chairs,Global Troy Executive Leather Low-Back Tilter,2254.41,5,0.1,375.735
CA-2015-SV20365140-42268,2015-09-21 00:00:00,SV-203651406,Seth Vernon,Consumer,United States,USCA,Eastern US,TEC-PH-3136,Technology,Phones,Apple iPhone 5,1299.66,2,0,350.9082000000001
TU-2015-JW5955134-42263,2015-09-16 00:00:00,JW-5955134,Joni Wasserman,Consumer,Turkey,Asia Pacific,Western Asia,OFF-ST-4028,Office Supplies,Storage,"Eldon Box, Blue",8.207999999999998,2,0.6,-7.031999999999997
CA-2015-SV20365140-42268,2015-09-21 00:00:00,SV-203651406,Seth Vernon,Consumer,United States,USCA,Eastern US,FUR-CH-4709,Furniture,Chairs,Hon Valutask Swivel Chairs,272.646,3,0.1,18.176400000000008
CA-2015-SV20365140-42268,2015-09-21 00:00:00,SV-203651406,Seth Vernon,Consumer,United States,USCA,Eastern US,TEC-AC-5152,Technology,Accessories,"Logitech Wireless Boombox Speaker - portable - wireless, wired",212.8,2,0,95.75999999999999
US-2015-CM11815101-42271,2015-09-24 00:00:00,CM-11815101,Candace McMahon,Corporate,Peru,LATAM,South America,OFF-LA-3311,Office Supplies,Labels,"Avery Removable Labels, Adjustable",20.735999999999997,6,0.4,-10.464000000000002
CA-2015-SV20365140-42268,2015-09-21 00:00:00,SV-203651406,Seth Vernon,Consumer,United States,USCA,Eastern US,TEC-PH-5603,Technology,Phones,Plantronics Cordless Phone Headset with In-line Volume - M214C,104.85000000000001,3,0,28.309500000000007
CA-2015-SV20365140-42268,2015-09-21 00:00:00,SV-203651406,Seth Vernon,Consumer,United States,USCA,Eastern US,FUR-CH-4418,Furniture,Chairs,"Global Leather Task Chair, Black",80.991,1,0.1,8.099099999999988
CA-2015-SV20365140-42268,2015-09-21 00:00:00,SV-203651406,Seth Vernon,Consumer,United States,USCA,Eastern US,TEC-AC-5148,Technology,Accessories,Logitech LS21 Speaker System - PC Multimedia - 2.1-CH - Wired,59.97,3,0,20.389799999999994
IN-2015-BE1141027-42249,2015-09-02 00:00:00,BE-1141027,Bobby Elias,Consumer,China,Asia Pacific,Eastern Asia,FUR-FU-6258,Furniture,Furnishings,"Tenex Light Bulb, Duo Pack",75.96000000000001,4,0,6.720000000000001
CA-2015-SV20365140-42268,2015-09-21 00:00:00,SV-203651406,Seth Vernon,Consumer,United States,USCA,Eastern US,TEC-AC-5858,Technology,Accessories,SanDisk Cruzer 64 GB USB Flash Drive,72.64,2,0,21.791999999999994
CA-2015-SV20365140-42268,2015-09-21 00:00:00,SV-203651406,Seth Vernon,Consumer,United States,USCA,Eastern US,OFF-ST-6015,Office Supplies,Storage,"SimpliFile Personal File, Black Granite, 15w x 6-15/16d x 11-1/4h",45.4,4,0,12.712000000000003
CA-2015-SV20365140-42268,2015-09-21 00:00:00,SV-203651406,Seth Vernon,Consumer,United States,USCA,Eastern US,OFF-PA-6305,Office Supplies,Paper,"TOPS ""Important Message"" Pads, Canary, 4-1/4 x 5-1/2, 50 Sheets per Pad",38.52,9,0,18.104400000000002
IN-2015-EH1400527-42276,2015-09-29 00:00:00,EH-1400527,Erica Hernandez,Home Office,China,Asia Pacific,Eastern Asia,OFF-SU-4312,Office Supplies,Supplies,"Fiskars Ruler, High Speed",14.43,1,0,2.16
CA-2015-SV20365140-42268,2015-09-21 00:00:00,SV-203651406,Seth Vernon,Consumer,United States,USCA,Eastern US,OFF-PA-3008,Office Supplies,Paper,"Adams Phone Message Book, 200 Message Capacity, 8 1/16” x 11”",13.76,2,0,6.329599999999999
CA-2015-SV20365140-42268,2015-09-21 00:00:00,SV-203651406,Seth Vernon,Consumer,United States,USCA,Eastern US,OFF-BI-5640,Office Supplies,Binders,"Pressboard Covers with Storage Hooks, 9 1/2"" x 11"", Light Blue",11.784,3,0.2,3.9770999999999996
CA-2015-SV20365140-42268,2015-09-21 00:00:00,SV-203651406,Seth Vernon,Consumer,United States,USCA,Eastern US,OFF-FA-3052,Office Supplies,Fasteners,Advantus Push Pins,4.36,2,0,1.7876000000000003
CA-2015-SC20380140-42265,2015-09-18 00:00:00,SC-203801404,Shahid Collister,Consumer,United States,USCA,Western US,TEC-AC-5138,Technology,Accessories,Logitech Trackman Marble Mouse,89.97,3,0,37.787400000000005
TU-2015-SS10410134-42252,2015-09-05 00:00:00,SS-10410134,Shahid Shariari,Consumer,Turkey,Asia Pacific,Western Asia,OFF-BI-3718,Office Supplies,Binders,"Cardinal Binder Covers, Economy",4.800000000000001,1,0.6,-6.719999999999999
SF-2015-TT11265117-42275,2015-09-28 00:00:00,TT-11265117,Tim Taslimi,Corporate,South Africa,Africa,Southern Africa,FUR-FU-3037,Furniture,Furnishings,"Advantus Light Bulb, Duo Pack",40.26,2,0,8.040000000000001
CA-2015-SH20395140-42258,2015-09-11 00:00:00,SH-203951406,Shahid Hopkins,Consumer,United States,USCA,Eastern US,OFF-PA-5674,Office Supplies,Paper,"Rediform S.O.S. 1-Up Phone Message Bk, 4-1/4x3-1/16 Bk, 1 Form/Pg, 40 Messages/Bk, 3/Pk",18.76,2,0,9.004800000000001
IT-2015-PB1921064-42249,2015-09-02 00:00:00,PB-1921064,Phillip Breyer,Corporate,Italy,Europe,Southern Europe,OFF-ST-4060,Office Supplies,Storage,"Eldon Folders, Blue",20.376,2,0.4,-7.824000000000002
BN-2015-TP1156515-42266,2015-09-19 00:00:00,TP-1156515,Tracy Poddar,Corporate,Benin,Africa,Western Africa,OFF-BI-6398,Office Supplies,Binders,"Wilson Jones Hole Reinforcements, Durable",6.030000000000001,1,0,1.8599999999999999
CA-2015-SS20410140-42259,2015-09-12 00:00:00,SS-204101408,Shahid Shariari,Consumer,United States,USCA,Southern US,OFF-AP-4279,Office Supplies,Appliances,"Fellowes Premier Superior Surge Suppressor, 10-Outlet, With Phone and Remote",195.68,4,0,50.8768
MX-2015-JF1529518-42265,2015-09-18 00:00:00,JF-1529518,Jason Fortune-,Consumer,Brazil,LATAM,South America,OFF-BI-6399,Office Supplies,Binders,"Wilson Jones Hole Reinforcements, Economy",21.140000000000004,7,0,8.54
IR-2015-AR51060-42265,2015-09-18 00:00:00,AR-51060,Andrew Roberts,Consumer,Iran,Asia Pacific,Southern Asia,OFF-BI-3291,Office Supplies,Binders,"Avery Hole Reinforcements, Economy",8.82,2,0,0
CA-2015-SS20410140-42259,2015-09-12 00:00:00,SS-204101408,Shahid Shariari,Consumer,United States,USCA,Southern US,OFF-FA-2903,Office Supplies,Fasteners,"Acco Clips to Go Binder Clips, 24 Clips in Two Sizes",14.2,4,0,6.6739999999999995
CA-2015-SS20410140-42258,2015-09-11 00:00:00,SS-204101408,Shahid Shariari,Consumer,United States,USCA,Southern US,OFF-BI-6411,Office Supplies,Binders,Wilson Jones Suede Grain Vinyl Binders,2.78,1,0,1.3621999999999999
ID-2015-Dl1360059-42258,2015-09-11 00:00:00,Dl-1360059,Dorris liebe,Corporate,Indonesia,Asia Pacific,Southeastern Asia,OFF-FA-3046,Office Supplies,Fasteners,"Advantus Paper Clips, Metal",21.2742,3,0.47000000000000003,-3.2958000000000016
IT-2015-MG17890139-42252,2015-09-05 00:00:00,MG-17890139,Michael Granlund,Home Office,United Kingdom,Europe,Northern Europe,OFF-LA-4685,Office Supplies,Labels,"Hon Round Labels, 5000 Label Set",7.050000000000001,2,0.5,-2.5500000000000007
CA-2015-SC20440140-42270,2015-09-23 00:00:00,SC-204401406,Shaun Chance,Corporate,United States,USCA,Eastern US,OFF-BI-4354,Office Supplies,Binders,GBC Poly Designer Binding Covers,40.176,3,0.2,14.563799999999997
RO-2015-BH1710107-42250,2015-09-03 00:00:00,BH-1710107,Brosina Hoffman,Consumer,Romania,Europe,Eastern Europe,OFF-ST-4060,Office Supplies,Storage,"Eldon Folders, Blue",16.98,1,0,2.88
IN-2015-RR1931566-42253,2015-09-06 00:00:00,RR-1931566,Ralph Ritter,Consumer,Japan,Asia Pacific,Eastern Asia,OFF-FA-6208,Office Supplies,Fasteners,"Stockwell Thumb Tacks, Metal",27.299999999999997,4,0.5,-9.299999999999997
MX-2015-ED1388518-42248,2015-09-01 00:00:00,ED-1388518,Emily Ducich,Home Office,Brazil,LATAM,South America,OFF-AP-4748,Office Supplies,Appliances,"Hoover Toaster, Silver",112.52000000000001,2,0,51.720000000000006
IN-2015-JD161507-42251,2015-09-04 00:00:00,JD-161507,Justin Deggeller,Corporate,Australia,Asia Pacific,Oceania,OFF-BI-4826,Office Supplies,Binders,"Ibico Hole Reinforcements, Recycled",6.615,1,0.1,1.905
IT-2015-SG2047091-42263,2015-09-16 00:00:00,SG-2047091,Sheri Gordon,Consumer,Netherlands,Europe,Western Europe,OFF-FA-6204,Office Supplies,Fasteners,"Stockwell Staples, Metal",21.06,4,0.5,-9.78
CA-2015-SN20560140-42258,2015-09-11 00:00:00,SN-205601402,Skye Norling,Home Office,United States,USCA,Central US,OFF-BI-4276,Office Supplies,Binders,Fellowes PB500 Electric Punch Plastic Comb Binding Machine with Manual Bind,762.5939999999998,3,0.8,-1143.891
IN-2015-MS17710102-42276,2015-09-29 00:00:00,MS-17710102,Maurice Satty,Consumer,Philippines,Asia Pacific,Southeastern Asia,OFF-BI-3295,Office Supplies,Binders,"Avery Index Tab, Economy",6.6555,1,0.15000000000000002,0.5354999999999999
US-2015-SC20575140-42277,2015-09-30 00:00:00,SC-205751404,Sonia Cooley,Consumer,United States,USCA,Western US,OFF-AR-5313,Office Supplies,Art,Newell 334,99.2,5,0,25.792
SF-2015-PW9240117-42250,2015-09-03 00:00:00,PW-9240117,Pierre Wener,Consumer,South Africa,Africa,Southern Africa,OFF-BI-6397,Office Supplies,Binders,"Wilson Jones Hole Reinforcements, Clear",23.94,6,0,2.5200000000000005
US-2015-PK1891018-42271,2015-09-24 00:00:00,PK-1891018,Paul Knutson,Home Office,Brazil,LATAM,South America,OFF-EN-5034,Office Supplies,Envelopes,"Kraft Mailers, Security-Tint",32.040000000000006,3,0.6,-10.439999999999998
CA-2015-SG20605140-42261,2015-09-14 00:00:00,SG-206051408,Speros Goranitis,Consumer,United States,USCA,Southern US,OFF-AR-4332,Office Supplies,Art,Fluorescent Highlighters by Dixon,15.920000000000002,5,0.2,2.785999999999998
US-2015-SP20620140-42257,2015-09-10 00:00:00,SP-206201406,Stefania Perrino,Corporate,United States,USCA,Eastern US,TEC-PH-5818,Technology,Phones,Samsung Galaxy Note 2,1931.9579999999999,7,0.4,-386.3915999999997
IN-2015-RH1949559-42257,2015-09-10 00:00:00,RH-1949559,Rick Hansen,Consumer,Indonesia,Asia Pacific,Southeastern Asia,OFF-BI-6397,Office Supplies,Binders,"Wilson Jones Hole Reinforcements, Clear",9.9351,3,0.17,1.2950999999999993
CA-2015-SP20620140-42255,2015-09-08 00:00:00,SP-206201406,Stefania Perrino,Corporate,United States,USCA,Eastern US,OFF-ST-3018,Office Supplies,Storage,"Advantus 10-Drawer Portable Organizer, Chrome Metal Frame, Smoke Drawers",478.08,8,0,133.86240000000004
US-2015-SP20620140-42257,2015-09-10 00:00:00,SP-206201406,Stefania Perrino,Corporate,United States,USCA,Eastern US,TEC-AC-5609,Technology,Accessories,Plantronics S12 Corded Telephone Headset System,258.696,3,0.2,64.674
SF-2015-TT11265117-42275,2015-09-28 00:00:00,TT-11265117,Tim Taslimi,Corporate,South Africa,Africa,Southern Africa,OFF-BI-6400,Office Supplies,Binders,"Wilson Jones Hole Reinforcements, Recycled",19.560000000000002,4,0,4.68
US-2015-SP20620140-42257,2015-09-10 00:00:00,SP-206201406,Stefania Perrino,Corporate,United States,USCA,Eastern US,FUR-CH-4419,Furniture,Chairs,Global Low Back Tilter Chair,141.37199999999999,2,0.3,-48.47040000000002
US-2015-SP20620140-42257,2015-09-10 00:00:00,SP-206201406,Stefania Perrino,Corporate,United States,USCA,Eastern US,TEC-AC-5237,Technology,Accessories,Microsoft Sculpt Comfort Mouse,95.88000000000001,3,0.2,28.764000000000006
US-2015-SP20620140-42257,2015-09-10 00:00:00,SP-206201406,Stefania Perrino,Corporate,United States,USCA,Eastern US,FUR-FU-4051,Furniture,Furnishings,"Eldon Expressions Punched Metal & Wood Desk Accessories, Pewter & Cherry",17.024,2,0.2,1.7024000000000008
US-2015-SP20620140-42257,2015-09-10 00:00:00,SP-206201406,Stefania Perrino,Corporate,United States,USCA,Eastern US,OFF-BI-4357,Office Supplies,Binders,"GBC Prepunched Paper, 19-Hole, for Binding Systems, 24-lb",4.503000000000001,1,0.7,-3.602400000000001
US-2015-SP20620140-42257,2015-09-10 00:00:00,SP-206201406,Stefania Perrino,Corporate,United States,USCA,Eastern US,OFF-AR-5653,Office Supplies,Art,"Quartet Omega Colored Chalk, 12/Pack",4.672,1,0.2,1.5767999999999998
US-2015-SP20620140-42257,2015-09-10 00:00:00,SP-206201406,Stefania Perrino,Corporate,United States,USCA,Eastern US,OFF-BI-6410,Office Supplies,Binders,Wilson Jones Standard D-Ring Binders,3.036,2,0.7,-2.3275999999999994
US-2015-DB1340555-42262,2015-09-15 00:00:00,DB-1340555,Denny Blanton,Consumer,Honduras,LATAM,Central America,OFF-BI-3734,Office Supplies,Binders,"Cardinal Hole Reinforcements, Durable",8.208,3,0.4,-2.3520000000000003
CA-2015-SU20665140-42250,2015-09-03 00:00:00,SU-206651404,Stephanie Ulpright,Home Office,United States,USCA,Western US,FUR-CH-4418,Furniture,Chairs,"Global Leather Task Chair, Black",215.976,3,0.2,-2.6997000000000355
IN-2015-RF1984058-42273,2015-09-26 00:00:00,RF-1984058,Roy Französisch,Consumer,India,Asia Pacific,Southern Asia,OFF-BI-2913,Office Supplies,Binders,"Acco Hole Reinforcements, Durable",8.16,1,0,1.9500000000000002
UP-2015-VD11670137-42253,2015-09-06 00:00:00,VD-11670137,Valerie Dominguez,Consumer,Ukraine,Europe,Eastern Europe,OFF-BI-3737,Office Supplies,Binders,"Cardinal Index Tab, Clear",6.719999999999999,1,0,2.82
MX-2015-TB2135582-42248,2015-09-01 00:00:00,TB-2135582,Todd Boyes,Corporate,Mexico,LATAM,Central America,OFF-FA-6194,Office Supplies,Fasteners,"Stockwell Push Pins, Assorted Sizes",15.24,2,0,4.56
IT-2015-GT1475548-42266,2015-09-19 00:00:00,GT-1475548,Guy Thornton,Consumer,Germany,Europe,Western Europe,OFF-BI-2915,Office Supplies,Binders,"Acco Hole Reinforcements, Recycled",6.318,1,0.1,2.808
IT-2015-TP2113091-42255,2015-09-08 00:00:00,TP-2113091,Theone Pippenger,Consumer,Netherlands,Europe,Western Europe,OFF-BI-6376,Office Supplies,Binders,"Wilson Jones Binder Covers, Economy",27.974999999999998,5,0.5,-13.575
US-2015-BT1168055-42250,2015-09-03 00:00:00,BT-1168055,Brian Thompson,Consumer,Honduras,LATAM,Central America,OFF-SU-4312,Office Supplies,Supplies,"Fiskars Ruler, High Speed",23.087999999999997,4,0.4,-5.071999999999998
MX-2015-AS1022598-42264,2015-09-17 00:00:00,AS-1022598,Alan Schoenberger,Corporate,Panama,LATAM,Central America,OFF-BI-3713,Office Supplies,Binders,"Cardinal 3-Hole Punch, Durable",24.24,2,0.4,-6.880000000000003
MX-2015-CS1217537-42251,2015-09-04 00:00:00,CS-1217537,Charles Sheldon,Corporate,Ecuador,LATAM,South America,OFF-LA-5399,Office Supplies,Labels,"Novimex Round Labels, Adjustable",5.56,2,0,2.48
IZ-2015-NW840061-42252,2015-09-05 00:00:00,NW-840061,Natalie Webber,Consumer,Iraq,Asia Pacific,Western Asia,FUR-FU-6244,Furniture,Furnishings,"Tenex Door Stop, Erganomic",42.510000000000005,1,0,6.779999999999999
TU-2015-BT1485134-42272,2015-09-25 00:00:00,BT-1485134,Brad Thomas,Home Office,Turkey,Asia Pacific,Western Asia,OFF-BI-3722,Office Supplies,Binders,"Cardinal Binder, Economy",5.532,1,0.6,-3.1979999999999986
MX-2015-TB2162598-42274,2015-09-27 00:00:00,TB-2162598,Trudy Brown,Consumer,Panama,LATAM,Central America,OFF-FA-2943,Office Supplies,Fasteners,"Accos Clamps, Metal",23.400000000000006,3,0.4,3.119999999999996
MX-2015-VG2180518-42265,2015-09-18 00:00:00,VG-2180518,Vivek Grady,Corporate,Brazil,LATAM,South America,OFF-BI-6400,Office Supplies,Binders,"Wilson Jones Hole Reinforcements, Recycled",3.2600000000000002,1,0,0.8800000000000001
MX-2015-LC1705082-42262,2015-09-15 00:00:00,LC-1705082,Liz Carlisle,Consumer,Mexico,LATAM,Central America,FUR-FU-5732,Furniture,Furnishings,"Rubbermaid Light Bulb, Duo Pack",45.36,6,0.4,2.1599999999999966
CA-2015-SP20860140-42276,2015-09-29 00:00:00,SP-208601408,Sung Pak,Corporate,United States,USCA,Southern US,OFF-PA-6584,Office Supplies,Paper,Xerox 220,10.368000000000002,2,0.2,3.6288
MX-2015-PF19120132-42272,2015-09-25 00:00:00,PF-19120132,Peter Fuller,Consumer,Trinidad and Tobago,LATAM,Caribbean,OFF-PA-6615,Office Supplies,Paper,"Xerox Message Books, Premium",40.74,3,0,15.48
TU-2015-AG495134-42259,2015-09-12 00:00:00,AG-495134,Andrew Gjertsen,Corporate,Turkey,Asia Pacific,Western Asia,OFF-AR-6124,Office Supplies,Art,"Stanley Pens, Water Color",5.292000000000001,1,0.6,-3.708
MD-2015-AP91583-42277,2015-09-30 00:00:00,AP-91583,Arthur Prichep,Consumer,Moldova,Europe,Eastern Europe,OFF-BI-3293,Office Supplies,Binders,"Avery Index Tab, Clear",6.33,1,0,0.24
CA-2015-SS20875140-42249,2015-09-02 00:00:00,SS-208751404,Sung Shariari,Consumer,United States,USCA,Western US,TEC-AC-5148,Technology,Accessories,Logitech LS21 Speaker System - PC Multimedia - 2.1-CH - Wired,19.99,1,0,6.796599999999998
CA-2015-SS20875140-42249,2015-09-02 00:00:00,SS-208751404,Sung Shariari,Consumer,United States,USCA,Western US,OFF-BI-3301,Office Supplies,Binders,Avery Metallic Poly Binders,22.92,5,0.2,8.021999999999998
BO-2015-JF549013-42255,2015-09-08 00:00:00,JF-549013,Jeremy Farry,Consumer,Belarus,Europe,Eastern Europe,OFF-AR-6110,Office Supplies,Art,"Stanley Highlighters, Blue",14.7,1,0,2.94
ID-2015-RD199307-42269,2015-09-22 00:00:00,RD-199307,Russell D'Ascenzo,Consumer,Australia,Asia Pacific,Oceania,OFF-FA-5471,Office Supplies,Fasteners,"OIC Push Pins, 12 Pack",43.019999999999996,5,0.4,7.169999999999998
HR-2015-TS1116030-42264,2015-09-17 00:00:00,TS-1116030,Theresa Swint,Corporate,Croatia,Europe,Southern Europe,OFF-AR-3546,Office Supplies,Art,"Boston Pens, Blue",14.22,1,0,0.27
TU-2015-KN6450134-42249,2015-09-02 00:00:00,KN-6450134,Kean Nguyen,Corporate,Turkey,Asia Pacific,Western Asia,OFF-LA-6056,Office Supplies,Labels,"Smead Round Labels, Laser Printer Compatible",5.52,2,0.6,-3.3599999999999994
NI-2015-RE945095-42274,2015-09-27 00:00:00,RE-945095,Richard Eichhorn,Consumer,Nigeria,Africa,Western Africa,OFF-FA-5473,Office Supplies,Fasteners,"OIC Push Pins, Bulk Pack",4.473000000000001,1,0.7,-7.316999999999999
CA-2015-SF20965140-42276,2015-09-29 00:00:00,SF-209651406,Sylvia Foulston,Corporate,United States,USCA,Eastern US,OFF-BI-4365,Office Supplies,Binders,GBC Standard Plastic Binding Systems Combs,2.6550000000000002,1,0.7,-1.8584999999999994
ES-2015-WB21850139-42248,2015-09-01 00:00:00,WB-21850139,William Brown,Consumer,United Kingdom,Europe,Northern Europe,OFF-SU-4313,Office Supplies,Supplies,"Fiskars Ruler, Serrated",11.129999999999999,1,0,4.11
ES-2015-MH1802564-42269,2015-09-22 00:00:00,MH-1802564,Michelle Huthwaite,Consumer,Italy,Europe,Southern Europe,OFF-PA-5851,Office Supplies,Paper,"SanDisk Computer Printout Paper, 8.5 x 11",67.86,2,0,7.4399999999999995
YM-2015-TB11400145-42258,2015-09-11 00:00:00,TB-11400145,Tom Boeckenhauer,Consumer,Yemen,Asia Pacific,Western Asia,OFF-BI-3716,Office Supplies,Binders,"Cardinal Binder Covers, Clear",3.438,1,0.7,-5.051999999999999
CA-2015-TM21010140-42266,2015-09-19 00:00:00,TM-210101402,Tamara Manning,Consumer,United States,USCA,Central US,OFF-PA-3012,Office Supplies,Paper,"Adams Telephone Message Book w/Frequently-Called Numbers Space, 400 Messages per Book",15.96,2,0,7.98
TU-2015-SB10170134-42256,2015-09-09 00:00:00,SB-10170134,Sarah Bern,Consumer,Turkey,Asia Pacific,Western Asia,OFF-BI-3256,Office Supplies,Binders,"Avery Binding Machine, Durable",20.136000000000003,1,0.6,-27.204
MX-2015-FC1433582-42262,2015-09-15 00:00:00,FC-1433582,Fred Chung,Corporate,Mexico,LATAM,Central America,OFF-BI-3293,Office Supplies,Binders,"Avery Index Tab, Clear",3.8600000000000003,1,0,1.4199999999999997
MX-2015-LC1688582-42252,2015-09-05 00:00:00,LC-1688582,Lena Creighton,Consumer,Mexico,LATAM,Central America,OFF-AR-6112,Office Supplies,Art,"Stanley Highlighters, Fluorescent",10.64,1,0,5.1
CA-2015-TB21055140-42250,2015-09-03 00:00:00,TB-210551406,Ted Butterfield,Consumer,United States,USCA,Eastern US,OFF-PA-6440,Office Supplies,Paper,Xerox 1890,146.82,3,0,73.41
CA-2015-TB21055140-42250,2015-09-03 00:00:00,TB-210551406,Ted Butterfield,Consumer,United States,USCA,Eastern US,OFF-PA-6461,Office Supplies,Paper,Xerox 191,79.92,4,0,37.5624
IN-2015-EH141257-42267,2015-09-20 00:00:00,EH-141257,Eugene Hildebrand,Home Office,Australia,Asia Pacific,Oceania,OFF-LA-4536,Office Supplies,Labels,"Harbour Creations File Folder Labels, Laser Printer Compatible",15.714,2,0.1,4.314
IT-2015-JH1582091-42248,2015-09-01 00:00:00,JH-1582091,John Huston,Consumer,Netherlands,Europe,Western Europe,OFF-FA-5472,Office Supplies,Fasteners,"OIC Push Pins, Assorted Sizes",12.36,2,0.5,-7.4399999999999995
CA-2015-TB21055140-42250,2015-09-03 00:00:00,TB-210551406,Ted Butterfield,Consumer,United States,USCA,Eastern US,OFF-ST-3851,Office Supplies,Storage,Crate-A-Files,10.9,1,0,2.8339999999999996
IT-2015-AS10045124-42262,2015-09-15 00:00:00,AS-10045124,Aaron Smayling,Corporate,Sweden,Europe,Northern Europe,OFF-LA-4679,Office Supplies,Labels,"Hon Removable Labels, Adjustable",4.08,1,0.5,-2.94
NI-2015-CG252095-42250,2015-09-03 00:00:00,CG-252095,Claire Gute,Consumer,Nigeria,Africa,Western Africa,OFF-BI-6399,Office Supplies,Binders,"Wilson Jones Hole Reinforcements, Economy",2.7180000000000013,2,0.7,-1.8420000000000014
IN-2015-MP1817559-42269,2015-09-22 00:00:00,MP-1817559,Mike Pelletier,Home Office,Indonesia,Asia Pacific,Southeastern Asia,OFF-BI-3723,Office Supplies,Binders,"Cardinal Binder, Recycled",23.555399999999995,2,0.17,2.2554000000000007
CA-2015-TC21145140-42263,2015-09-16 00:00:00,TC-211451406,Theresa Coyne,Corporate,United States,USCA,Eastern US,FUR-CH-5781,Furniture,Chairs,SAFCO Folding Chair Trolley,512.96,4,0,143.6288
CA-2015-TC21145140-42263,2015-09-16 00:00:00,TC-211451406,Theresa Coyne,Corporate,United States,USCA,Eastern US,TEC-PH-5599,Technology,Phones,Plantronics 81402,395.93999999999994,6,0,102.94440000000002
CA-2015-TC21145140-42263,2015-09-16 00:00:00,TC-211451406,Theresa Coyne,Corporate,United States,USCA,Eastern US,OFF-ST-3848,Office Supplies,Storage,"Contico 72""H Heavy-Duty Storage System",81.96,2,0,0
CA-2015-TC21145140-42263,2015-09-16 00:00:00,TC-211451406,Theresa Coyne,Corporate,United States,USCA,Eastern US,FUR-FU-3921,Furniture,Furnishings,"DAX Two-Tone Rosewood/Black Document Frame, Desktop, 5 x 7",47.400000000000006,5,0,18.960000000000004
AO-2015-GM45004-42265,2015-09-18 00:00:00,GM-45004,Gene McClure,Consumer,Angola,Africa,Central Africa,OFF-BI-2894,Office Supplies,Binders,"Acco Binder Covers, Recycled",13.68,1,0,4.08
TU-2015-LS7230134-42270,2015-09-23 00:00:00,LS-7230134,Lycoris Saunders,Consumer,Turkey,Asia Pacific,Western Asia,OFF-AR-3527,Office Supplies,Art,"Boston Canvas, Fluorescent",21.960000000000004,1,0.6,-23.070000000000004
MX-2015-JG1516082-42256,2015-09-09 00:00:00,JG-1516082,James Galang,Consumer,Mexico,LATAM,Central America,OFF-BI-3737,Office Supplies,Binders,"Cardinal Index Tab, Clear",4.479999999999999,1,0,1.9600000000000002
US-2015-CM11815101-42271,2015-09-24 00:00:00,CM-11815101,Candace McMahon,Corporate,Peru,LATAM,South America,OFF-LA-4693,Office Supplies,Labels,"Hon Shipping Labels, 5000 Label Set",4.704,1,0.4,0.1439999999999994
IT-2015-BF1102091-42272,2015-09-25 00:00:00,BF-1102091,Barry Französisch,Corporate,Netherlands,Europe,Western Europe,OFF-ST-6059,Office Supplies,Storage,"Smead Shelving, Single Width",48.96,2,0.5,-4.920000000000002
CA-2015-TH21235140-42252,2015-09-05 00:00:00,TH-212351404,Tiffany House,Corporate,United States,USCA,Western US,OFF-ST-5699,Office Supplies,Storage,"Rogers Jumbo File, Granite",54.32,4,0,0.5431999999999988
IV-2015-HG502529-42273,2015-09-26 00:00:00,HG-502529,Hunter Glantz,Consumer,Cote d'Ivoire,Africa,Western Africa,OFF-BI-3720,Office Supplies,Binders,"Cardinal Binder, Clear",13.29,1,0,0.39
EG-2015-BD172538-42269,2015-09-22 00:00:00,BD-172538,Bruce Degenhardt,Consumer,Egypt,Africa,North Africa,OFF-ST-5686,Office Supplies,Storage,"Rogers Box, Blue",23.97,1,0,0.44999999999999996
SA-2015-CL1890110-42277,2015-09-30 00:00:00,CL-1890110,Carl Ludwig,Consumer,Saudi Arabia,Asia Pacific,Western Asia,OFF-BI-4813,Office Supplies,Binders,"Ibico Binder, Economy",15.479999999999997,1,0,4.32
ID-2015-MD1735092-42271,2015-09-24 00:00:00,MD-1735092,Maribeth Dona,Consumer,New Zealand,Asia Pacific,Oceania,FUR-FU-4076,Furniture,Furnishings,"Eldon Light Bulb, Durable",26.675999999999995,2,0.4,2.1960000000000015
ES-2015-DL1286591-42250,2015-09-03 00:00:00,DL-1286591,Dan Lawera,Consumer,Netherlands,Europe,Western Europe,OFF-EN-3092,Office Supplies,Envelopes,"Ames Clasp Envelope, Security-Tint",19.200000000000003,4,0.5,-18.480000000000004
MX-2015-DW1354093-42275,2015-09-28 00:00:00,DW-1354093,Don Weiss,Consumer,Nicaragua,LATAM,Central America,OFF-BI-6397,Office Supplies,Binders,"Wilson Jones Hole Reinforcements, Clear",7.980000000000001,3,0,2.7
ID-2015-JB159257-42273,2015-09-26 00:00:00,JB-159257,Joni Blumstein,Consumer,Australia,Asia Pacific,Oceania,OFF-LA-3261,Office Supplies,Labels,"Avery Color Coded Labels, Adjustable",20.141999999999996,2,0.1,3.5220000000000002
NI-2015-PB880595-42249,2015-09-02 00:00:00,PB-880595,Patrick Bzostek,Home Office,Nigeria,Africa,Western Africa,OFF-BI-3734,Office Supplies,Binders,"Cardinal Hole Reinforcements, Durable",2.0520000000000005,1,0.7,-3.378
MX-2015-PK1891093-42256,2015-09-09 00:00:00,PK-1891093,Paul Knutson,Home Office,Nicaragua,LATAM,Central America,OFF-BI-6398,Office Supplies,Binders,"Wilson Jones Hole Reinforcements, Durable",12.06,3,0,3.4799999999999995
MX-2015-CA1205582-42276,2015-09-29 00:00:00,CA-1205582,Cathy Armstrong,Home Office,Mexico,LATAM,Central America,OFF-FA-5467,Office Supplies,Fasteners,"OIC Paper Clips, 12 Pack",18.48,2,0,4.96
IN-2015-BP11290113-42269,2015-09-22 00:00:00,BP-11290113,Beth Paige,Consumer,Singapore,Asia Pacific,Southeastern Asia,OFF-BI-6398,Office Supplies,Binders,"Wilson Jones Hole Reinforcements, Durable",12.060000000000002,2,0,0.36
CA-2015-TP21415140-42265,2015-09-18 00:00:00,TP-214151404,Tom Prescott,Consumer,United States,USCA,Western US,OFF-PA-6542,Office Supplies,Paper,Xerox 1984,12.96,2,0,6.3504000000000005
ES-2015-GW1460545-42262,2015-09-15 00:00:00,GW-1460545,Giulietta Weimer,Consumer,France,Europe,Western Europe,FUR-BO-4858,Furniture,Bookcases,"Ikea Floating Shelf Set, Pine",618.0840000000001,4,0.1,27.444000000000003
ES-2015-MG1769545-42263,2015-09-16 00:00:00,MG-1769545,Maureen Gnade,Consumer,France,Europe,Western Europe,OFF-BI-3738,Office Supplies,Binders,"Cardinal Index Tab, Durable",15.24,2,0,6.84
BN-2015-TS1143015-42251,2015-09-04 00:00:00,TS-1143015,Tom Stivers,Corporate,Benin,Africa,Western Africa,OFF-AR-5933,Office Supplies,Art,"Sanford Sketch Pad, Water Color",48.66,1,0,22.86
CA-2015-TS21505140-42266,2015-09-19 00:00:00,TS-215051404,Tony Sayre,Consumer,United States,USCA,Western US,TEC-AC-4947,Technology,Accessories,Kingston Digital DataTraveler 64GB USB 2.0,101.34,3,0,8.107199999999992
TU-2015-NZ8565134-42270,2015-09-23 00:00:00,NZ-8565134,Nick Zandusky,Home Office,Turkey,Asia Pacific,Western Asia,OFF-AR-3463,Office Supplies,Art,"BIC Pencil Sharpener, Water Color",12.876,1,0.6,-7.103999999999996
CA-2015-TS21505140-42266,2015-09-19 00:00:00,TS-215051404,Tony Sayre,Consumer,United States,USCA,Western US,OFF-BI-6391,Office Supplies,Binders,Wilson Jones Easy Flow II Sheet Lifters,10.080000000000002,7,0.2,3.5279999999999996
US-2015-TT2146036-42276,2015-09-29 00:00:00,TT-2146036,Tonja Turnell,Home Office,Dominican Republic,LATAM,Caribbean,OFF-BI-4830,Office Supplies,Binders,"Ibico Index Tab, Economy",5.552000000000001,1,0.2,-0.7680000000000002
TZ-2015-AF870129-42259,2015-09-12 00:00:00,AF-870129,Art Ferguson,Consumer,Tanzania,Africa,Eastern Africa,OFF-BI-3723,Office Supplies,Binders,"Cardinal Binder, Recycled",14.189999999999998,1,0,2.9699999999999998
TU-2015-EM4140134-42276,2015-09-29 00:00:00,EM-4140134,Eugene Moren,Home Office,Turkey,Asia Pacific,Western Asia,OFF-ST-6274,Office Supplies,Storage,"Tenex Shelving, Single Width",43.752,2,0.6,-38.328
CA-2015-TB21520140-42262,2015-09-15 00:00:00,TB-215201402,Tracy Blumstein,Consumer,United States,USCA,Central US,OFF-PA-6222,Office Supplies,Paper,"Telephone Message Books with Fax/Mobile Section, 5 1/2"" x 3 3/16""",19.049999999999997,3,0,8.763
TU-2015-LO7170134-42271,2015-09-24 00:00:00,LO-7170134,Lori Olson,Corporate,Turkey,Asia Pacific,Western Asia,OFF-AR-5903,Office Supplies,Art,"Sanford Canvas, Easy-Erase",20.316000000000003,1,0.6,-23.873999999999995
TU-2015-SB10170134-42256,2015-09-09 00:00:00,SB-10170134,Sarah Bern,Consumer,Turkey,Asia Pacific,Western Asia,OFF-ST-6231,Office Supplies,Storage,"Tenex Box, Wire Frame",6.228,1,0.6,-2.201999999999999
US-2015-MN1793518-42250,2015-09-03 00:00:00,MN-1793518,Michael Nguyen,Consumer,Brazil,LATAM,South America,OFF-SU-4973,Office Supplies,Supplies,"Kleencut Box Cutter, Easy Grip",19.343999999999998,2,0.6,-15.975999999999994
TU-2015-BT1440134-42276,2015-09-29 00:00:00,BT-1440134,Bobby Trafton,Consumer,Turkey,Asia Pacific,Western Asia,OFF-BI-2894,Office Supplies,Binders,"Acco Binder Covers, Recycled",21.888,4,0.6,-16.512
EG-2015-ST1053038-42274,2015-09-27 00:00:00,ST-1053038,Shui Tom,Consumer,Egypt,Africa,North Africa,OFF-AR-6121,Office Supplies,Art,"Stanley Pens, Blue",10.05,1,0,4.92
MX-2015-JM1558018-42250,2015-09-03 00:00:00,JM-1558018,Jill Matthias,Consumer,Brazil,LATAM,South America,FUR-FU-5739,Furniture,Furnishings,"Rubbermaid Stacking Tray, Black",16.8,1,0,1.34
CA-2015-TG21640140-42255,2015-09-08 00:00:00,TG-216401402,Trudy Glocke,Consumer,United States,USCA,Central US,TEC-AC-5178,Technology,Accessories,Maxell 4.7GB DVD-R,113.52,4,0,46.5432
CA-2015-TG21640140-42255,2015-09-08 00:00:00,TG-216401402,Trudy Glocke,Consumer,United States,USCA,Central US,FUR-FU-3908,Furniture,Furnishings,"DataProducts Ampli Magnifier Task Lamp, Black,",135.29999999999998,5,0,37.88399999999999
IN-2015-BP1123027-42263,2015-09-16 00:00:00,BP-1123027,Benjamin Patterson,Consumer,China,Asia Pacific,Eastern Asia,OFF-BI-3736,Office Supplies,Binders,"Cardinal Hole Reinforcements, Recycled",11.4,2,0,2.82
NI-2015-CV229595-42259,2015-09-12 00:00:00,CV-229595,Christina VanderZanden,Consumer,Nigeria,Africa,Western Africa,OFF-SU-4986,Office Supplies,Supplies,"Kleencut Scissors, High Speed",6.687000000000002,1,0.7,-8.703000000000003
IN-2015-LW1682527-42261,2015-09-14 00:00:00,LW-1682527,Laurel Workman,Corporate,China,Asia Pacific,Eastern Asia,OFF-EN-3654,Office Supplies,Envelopes,"Cameo Business Envelopes, Recycled",31.5,2,0,6.8999999999999995
TU-2015-TB11520134-42263,2015-09-16 00:00:00,TB-11520134,Tracy Blumstein,Consumer,Turkey,Asia Pacific,Western Asia,TEC-AC-5130,Technology,Accessories,"Logitech Numeric Keypad, Bluetooth",18.528000000000002,1,0.6,-20.862000000000005
MX-2015-AM1036018-42273,2015-09-26 00:00:00,AM-1036018,Alice McCarthy,Corporate,Brazil,LATAM,South America,OFF-PA-4177,Office Supplies,Paper,"Enermax Note Cards, Premium",19.94,1,0,5.179999999999999
MX-2015-JM1558018-42250,2015-09-03 00:00:00,JM-1558018,Jill Matthias,Consumer,Brazil,LATAM,South America,OFF-AR-5927,Office Supplies,Art,"Sanford Pens, Water Color",19.04,2,0,6.08
ID-2015-LC1693097-42264,2015-09-17 00:00:00,LC-1693097,Linda Cazamias,Corporate,Pakistan,Asia Pacific,Southern Asia,OFF-FA-5480,Office Supplies,Fasteners,"OIC Staples, 12 Pack",16.155,3,0.5,-10.035
ID-2015-MC181007-42252,2015-09-05 00:00:00,MC-181007,Mick Crebagga,Consumer,Australia,Asia Pacific,Oceania,OFF-BI-2917,Office Supplies,Binders,"Acco Index Tab, Clear",21.708,3,0.1,6.228000000000001
NI-2015-TB1135595-42256,2015-09-09 00:00:00,TB-1135595,Todd Boyes,Corporate,Nigeria,Africa,Western Africa,OFF-BI-3293,Office Supplies,Binders,"Avery Index Tab, Clear",1.8990000000000002,1,0.7,-4.191
ZA-2015-AP720147-42264,2015-09-17 00:00:00,AP-720147,Anne Pryor,Home Office,Zimbabwe,Africa,Eastern Africa,OFF-BI-6399,Office Supplies,Binders,"Wilson Jones Hole Reinforcements, Economy",1.3590000000000007,1,0.7,-0.9210000000000007
US-2015-SS20410143-42248,2015-09-01 00:00:00,SS-20410143,Shahid Shariari,Consumer,Venezuela,LATAM,South America,OFF-PA-4476,Office Supplies,Paper,"Green Bar Message Books, Premium",9.516,1,0.4,-0.8039999999999999
MX-2015-BT1148551-42272,2015-09-25 00:00:00,BT-1148551,Brad Thomas,Home Office,Guatemala,LATAM,Central America,OFF-FA-6194,Office Supplies,Fasteners,"Stockwell Push Pins, Assorted Sizes",31.520000000000003,4,0,4.08
ES-2015-BP1105045-42263,2015-09-16 00:00:00,BP-1105045,Barry Pond,Corporate,France,Europe,Western Europe,OFF-BI-6402,Office Supplies,Binders,"Wilson Jones Index Tab, Clear",17.73,3,0,1.53
TU-2015-FM4215134-42273,2015-09-26 00:00:00,FM-4215134,Filia McAdams,Corporate,Turkey,Asia Pacific,Western Asia,OFF-SU-2986,Office Supplies,Supplies,"Acme Ruler, Serrated",42.912000000000006,8,0.6,-34.367999999999995
EG-2015-JH582038-42252,2015-09-05 00:00:00,JH-582038,John Huston,Consumer,Egypt,Africa,North Africa,OFF-AR-3452,Office Supplies,Art,"BIC Highlighters, Easy-Erase",19.200000000000003,1,0,4.41
NI-2015-RE945095-42274,2015-09-27 00:00:00,RE-945095,Richard Eichhorn,Consumer,Nigeria,Africa,Western Africa,OFF-SU-2994,Office Supplies,Supplies,"Acme Shears, High Speed",14.976000000000003,1,0.7,-9.983999999999995
US-2015-TT2146018-42276,2015-09-29 00:00:00,TT-2146018,Tonja Turnell,Home Office,Brazil,LATAM,South America,OFF-BI-4830,Office Supplies,Binders,"Ibico Index Tab, Economy",2.7760000000000007,1,0.6,-3.5439999999999996
TU-2015-GG4650134-42266,2015-09-19 00:00:00,GG-4650134,Greg Guthrie,Corporate,Turkey,Asia Pacific,Western Asia,OFF-BI-3189,Office Supplies,Binders,"Avery 3-Hole Punch, Recycled",11.292000000000002,1,0.6,-16.938000000000002
US-2015-VM21835140-42252,2015-09-05 00:00:00,VM-218351406,Vivian Mathis,Consumer,United States,USCA,Eastern US,OFF-FA-6129,Office Supplies,Fasteners,Staples,14.82,6,0,6.965400000000001
MX-2015-HD1478582-42270,2015-09-23 00:00:00,HD-1478582,Harold Dahlen,Home Office,Mexico,LATAM,Central America,OFF-EN-4453,Office Supplies,Envelopes,"GlobeWeis Peel and Seal, Set of 50",14.26,1,0,6.9799999999999995
CA-2015-YC1189523-42270,2015-09-23 00:00:00,YC-1189523,Yoseph Carroll,Corporate,Canada,USCA,Canada,FUR-CH-4630,Furniture,Chairs,"Hon Chairmat, Adjustable",58.019999999999996,1,0,13.919999999999998
CA-2015-YC1189523-42270,2015-09-23 00:00:00,YC-1189523,Yoseph Carroll,Corporate,Canada,USCA,Canada,OFF-BI-2912,Office Supplies,Binders,"Acco Hole Reinforcements, Clear",12.24,2,0,0.48
MX-2015-SL2015518-42258,2015-09-11 00:00:00,SL-2015518,Sara Luxemburg,Home Office,Brazil,LATAM,South America,OFF-LA-5403,Office Supplies,Labels,"Novimex Shipping Labels, Adjustable",5.92,1,0,0.04
