Order ID,Order Date,Customer ID,Customer Name,Segment,Country,Market,Region,Product ID,Category,Sub-Category,Product Name,Sales,Quantity,Discount,Profit
MO-2015-DP310586-42305,2015-10-28 00:00:00,DP-310586,Dave Poirier,Corporate,Morocco,Africa,North Africa,TEC-CO-3710,Technology,Copiers,"Canon Wireless Fax, Laser",5301.240000000001,14,0,2597.28
CA-2015-AS10045140-42281,2015-10-04 00:00:00,AS-100451404,Aaron Smayling,Corporate,United States,USCA,Western US,FUR-TA-5066,Furniture,Tables,"Lesro Sheffield Collection Coffee Table, End Table, Center Table, Corner Table",171.288,3,0.2,-6.423300000000026
CA-2015-AH10075140-42301,2015-10-24 00:00:00,AH-100751406,Adam Hart,Corporate,United States,USCA,Eastern US,FUR-TA-5421,Furniture,Tables,"Office Impressions End Table, 20-1/2""H x 24""W x 20""D",637.896,3,0.3,-127.57919999999996
CA-2015-AH10075140-42301,2015-10-24 00:00:00,AH-100751406,Adam Hart,Corporate,United States,USCA,Eastern US,FUR-FU-3936,Furniture,Furnishings,Deflect-o DuraMat Antistatic Studded Beveled Mat for Medium Pile Carpeting,210.68,2,0,50.563199999999995
CA-2015-AH10075140-42301,2015-10-24 00:00:00,AH-100751406,Adam Hart,Corporate,United States,USCA,Eastern US,FUR-TA-4943,Furniture,Tables,KI Adjustable-Height Table,240.744,4,0.3,-13.756799999999984
CA-2015-AH10075140-42301,2015-10-24 00:00:00,AH-100751406,Adam Hart,Corporate,United States,USCA,Eastern US,FUR-FU-4022,Furniture,Furnishings,"Eldon 400 Class Desk Accessories, Black Carbon",35,4,0,14.700000000000003
IN-2015-DK1309027-42308,2015-10-31 00:00:00,DK-1309027,Dave Kipp,Consumer,China,Asia Pacific,Eastern Asia,TEC-CO-3611,Technology,Copiers,"Brother Wireless Fax, Laser",2272.8600000000006,6,0,977.22
IN-2015-AP1072058-42284,2015-10-07 00:00:00,AP-1072058,Anne Pryor,Home Office,India,Asia Pacific,Southern Asia,TEC-PH-5269,Technology,Phones,"Motorola Smart Phone, with Caller ID",2582.16,4,0,361.44
IN-2015-CR1282058-42294,2015-10-17 00:00:00,CR-1282058,Cyra Reiten,Home Office,India,Asia Pacific,Southern Asia,TEC-PH-5356,Technology,Phones,"Nokia Smart Phone, with Caller ID",3194.55,5,0,830.55
CA-2015-AH10075140-42301,2015-10-24 00:00:00,AH-100751406,Adam Hart,Corporate,United States,USCA,Eastern US,OFF-PA-6415,Office Supplies,Paper,"Wirebound Message Book, 4 per Page",43.44,8,0,21.2856
CA-2015-AH10075140-42301,2015-10-24 00:00:00,AH-100751406,Adam Hart,Corporate,United States,USCA,Eastern US,OFF-AP-4739,Office Supplies,Appliances,Hoover Replacement Belt for Commercial Guardsman Heavy-Duty Upright Vacuum,2.22,1,0,0.6659999999999999
IN-2015-PS1876059-42288,2015-10-11 00:00:00,PS-1876059,Pamela Stobb,Consumer,Indonesia,Asia Pacific,Southeastern Asia,FUR-BO-3648,Furniture,Bookcases,"Bush Stackable Bookrack, Traditional",1029.2588999999998,9,0.07,10.818900000000014
HU-2015-EH412557-42300,2015-10-23 00:00:00,EH-412557,Eugene Hildebrand,Home Office,Hungary,Europe,Eastern Europe,OFF-ST-5702,Office Supplies,Storage,"Rogers Lockers, Single Width",1269.8999999999999,6,0,558.72
ES-2015-CS118608-42292,2015-10-15 00:00:00,CS-118608,Cari Schnelling,Consumer,Austria,Europe,Western Europe,OFF-ST-4057,Office Supplies,Storage,"Eldon File Cart, Single Width",1026.96,8,0,441.36
ID-2015-DV1304559-42304,2015-10-27 00:00:00,DV-1304559,Darrin Van Huff,Corporate,Indonesia,Asia Pacific,Southeastern Asia,FUR-BO-5786,Furniture,Bookcases,"Safco Library with Doors, Mobile",2189.0897999999997,6,0.07,541.3697999999999
IN-2015-CY1274558-42300,2015-10-23 00:00:00,CY-1274558,Craig Yedwab,Corporate,India,Asia Pacific,Southern Asia,TEC-CO-4578,Technology,Copiers,"Hewlett Fax Machine, Laser",959.76,3,0,460.62
IN-2015-MO1780066-42308,2015-10-31 00:00:00,MO-1780066,Meg O'Connel,Home Office,Japan,Asia Pacific,Eastern Asia,OFF-AP-3873,Office Supplies,Appliances,"Cuisinart Stove, Red",4306.32,8,0,1722.48
MX-2015-TB2125031-42289,2015-10-12 00:00:00,TB-2125031,Tim Brockman,Consumer,Cuba,LATAM,Caribbean,FUR-TA-3760,Furniture,Tables,"Chromcraft Computer Table, Fully Assembled",1483,5,0,741.5
IN-2015-NF1838511-42279,2015-10-02 00:00:00,NF-1838511,Natalie Fritzler,Consumer,Bangladesh,Asia Pacific,Southern Asia,TEC-PH-5268,Technology,Phones,"Motorola Smart Phone, Full Size",2575.92,4,0,978.8399999999999
IN-2015-JK1609058-42288,2015-10-11 00:00:00,JK-1609058,Juliana Krohn,Consumer,India,Asia Pacific,Southern Asia,OFF-AP-4958,Office Supplies,Appliances,"KitchenAid Microwave, Silver",2488.56,8,0,348.24
US-2015-GR1456082-42302,2015-10-25 00:00:00,GR-1456082,Georgia Rosenberg,Corporate,Mexico,LATAM,Central America,FUR-TA-5062,Furniture,Tables,"Lesro Round Table, Adjustable Height",726.72,3,0.2,-18.180000000000017
IT-2015-TB2117564-42284,2015-10-07 00:00:00,TB-2117564,Thomas Boland,Corporate,Italy,Europe,Southern Europe,FUR-BO-5972,Furniture,Bookcases,"Sauder Stackable Bookrack, Pine",597.36,4,0,226.92000000000002
IN-2015-QJ1925527-42283,2015-10-06 00:00:00,QJ-1925527,Quincy Jones,Corporate,China,Asia Pacific,Eastern Asia,TEC-CO-3709,Technology,Copiers,"Canon Wireless Fax, High-Speed",3391.7400000000002,9,0,271.08
ID-2015-AR105707-42290,2015-10-13 00:00:00,AR-105707,Anemone Ratner,Consumer,Australia,Asia Pacific,Oceania,TEC-CO-4791,Technology,Copiers,"HP Wireless Fax, High-Speed",1612.8449999999998,5,0.1,394.245
SF-2015-LT7110117-42280,2015-10-03 00:00:00,LT-7110117,Liz Thompson,Consumer,South Africa,Africa,Southern Africa,TEC-MA-5503,Technology,Machines,"Okidata Inkjet, Wireless",1885.3200000000002,6,0,18.72
ES-2015-CS118608-42292,2015-10-15 00:00:00,CS-118608,Cari Schnelling,Consumer,Austria,Europe,Western Europe,TEC-CO-3587,Technology,Copiers,"Brother Copy Machine, Color",1318.65,5,0,567
ID-2015-KD1627059-42306,2015-10-29 00:00:00,KD-1627059,Karen Daniels,Consumer,Indonesia,Asia Pacific,Southeastern Asia,TEC-MA-5512,Technology,Machines,"Okidata Printer, White",886.1412,4,0.17,106.74119999999999
IN-2015-TS2150527-42286,2015-10-09 00:00:00,TS-2150527,Tony Sayre,Consumer,China,Asia Pacific,Eastern Asia,FUR-BO-3625,Furniture,Bookcases,"Bush Classic Bookcase, Mobile",2906.3999999999996,7,0,1220.52
IN-2015-PB191057-42281,2015-10-04 00:00:00,PB-191057,Peter Bühler,Consumer,Australia,Asia Pacific,Oceania,TEC-CO-4578,Technology,Copiers,"Hewlett Fax Machine, Laser",2015.496,7,0.1,850.836
IN-2015-GK1462092-42294,2015-10-17 00:00:00,GK-1462092,Grace Kelly,Corporate,New Zealand,Asia Pacific,Oceania,TEC-CO-3597,Technology,Copiers,"Brother Fax Machine, High-Speed",2533.92,8,0,278.64
US-2015-AH10210140-42291,2015-10-14 00:00:00,AH-102101408,Alan Hwang,Consumer,United States,USCA,Southern US,OFF-ST-6315,Office Supplies,Storage,"Trav-L-File Heavy-Duty Shuttle II, Black",348.56,8,0,104.56799999999998
MX-2015-LS1720080-42294,2015-10-17 00:00:00,LS-1720080,Luke Schmidt,Corporate,Martinique,LATAM,Caribbean,FUR-TA-3762,Furniture,Tables,"Chromcraft Computer Table, with Bottom Storage",1773.7199999999998,6,0,212.76000000000005
SF-2015-LT7110117-42280,2015-10-03 00:00:00,LT-7110117,Liz Thompson,Consumer,South Africa,Africa,Southern Africa,TEC-CO-3599,Technology,Copiers,"Brother Ink, Color",1487.4,10,0,728.7
US-2015-RB1933082-42286,2015-10-09 00:00:00,RB-1933082,Randy Bradley,Consumer,Mexico,LATAM,Central America,FUR-TA-5054,Furniture,Tables,"Lesro Computer Table, Adjustable Height",908.608,4,0.2,-193.152
ID-2015-LW172157-42293,2015-10-16 00:00:00,LW-172157,Luke Weiss,Consumer,Australia,Asia Pacific,Oceania,FUR-CH-4654,Furniture,Chairs,"Hon Executive Leather Armchair, Adjustable",1241.001,3,0.1,124.01100000000005
IN-2015-JW1607592-42301,2015-10-24 00:00:00,JW-1607592,Julia West,Consumer,New Zealand,Asia Pacific,Oceania,FUR-CH-5441,Furniture,Chairs,"Office Star Executive Leather Armchair, Adjustable",3719.999999999999,8,0,632.4000000000001
IN-2015-BT113957-42284,2015-10-07 00:00:00,BT-113957,Bill Tyler,Corporate,Australia,Asia Pacific,Oceania,FUR-CH-4654,Furniture,Chairs,"Hon Executive Leather Armchair, Adjustable",1241.001,3,0.1,124.01100000000005
IN-2015-MG1789027-42279,2015-10-02 00:00:00,MG-1789027,Michael Granlund,Home Office,China,Asia Pacific,Eastern Asia,FUR-BO-3641,Furniture,Bookcases,"Bush Library with Doors, Pine",1828.3500000000001,5,0,438.75
IN-2015-SP2065059-42290,2015-10-13 00:00:00,SP-2065059,Stephanie Phelps,Corporate,Indonesia,Asia Pacific,Southeastern Asia,OFF-ST-4079,Office Supplies,Storage,"Eldon Lockers, Industrial",1317.3095999999998,8,0.17,396.6696
ID-2015-PC18745102-42287,2015-10-10 00:00:00,PC-18745102,Pamela Coakley,Corporate,Philippines,Asia Pacific,Southeastern Asia,FUR-CH-4532,Furniture,Chairs,"Harbour Creations Executive Leather Armchair, Red",1070.6849999999997,3,0.25,-14.354999999999905
IN-2015-MG1769527-42294,2015-10-17 00:00:00,MG-1769527,Maureen Gnade,Consumer,China,Asia Pacific,Eastern Asia,FUR-BO-5948,Furniture,Bookcases,"Sauder Classic Bookcase, Metal",3048.1500000000005,7,0,1463.07
IN-2015-TZ2144527-42300,2015-10-23 00:00:00,TZ-2144527,Tom Zandusky,Corporate,China,Asia Pacific,Eastern Asia,FUR-BO-3646,Furniture,Bookcases,"Bush Stackable Bookrack, Mobile",617.55,5,0,172.8
ID-2015-RB1943559-42301,2015-10-24 00:00:00,RB-1943559,Richard Bierner,Consumer,Indonesia,Asia Pacific,Southeastern Asia,FUR-BO-3635,Furniture,Bookcases,"Bush Floating Shelf Set, Mobile",646.4988,4,0.07,-13.981200000000001
ID-2015-AC10660144-42306,2015-10-29 00:00:00,AC-10660144,Anna Chung,Consumer,Vietnam,Asia Pacific,Southeastern Asia,FUR-CH-4545,Furniture,Chairs,"Harbour Creations Rocking Chair, Black",528.009,5,0.27,-72.441
IT-2015-AR1082545-42290,2015-10-13 00:00:00,AR-1082545,Anthony Rawles,Corporate,France,Europe,Western Europe,TEC-MA-5014,Technology,Machines,"Konica Printer, Durable",1138.8300000000002,5,0.15,187.52999999999992
ES-2015-RB1936045-42294,2015-10-17 00:00:00,RB-1936045,Raymond Buch,Consumer,France,Europe,Western Europe,FUR-BO-5777,Furniture,Bookcases,"Safco Floating Shelf Set, Metal",529.74,3,0.1,117.71999999999997
ES-2015-TM2101048-42305,2015-10-28 00:00:00,TM-2101048,Tamara Manning,Consumer,Germany,Europe,Western Europe,TEC-CO-5997,Technology,Copiers,"Sharp Fax Machine, Color",2970.8999999999996,10,0,237.59999999999997
IN-2015-PH1879092-42290,2015-10-13 00:00:00,PH-1879092,Patricia Hirasaki,Home Office,New Zealand,Asia Pacific,Oceania,TEC-PH-3807,Technology,Phones,"Cisco Smart Phone, with Caller ID",1308.48,2,0,536.46
ES-2015-PO1886545-42306,2015-10-29 00:00:00,PO-1886545,Patrick O'Donnell,Consumer,France,Europe,Western Europe,TEC-CO-5992,Technology,Copiers,"Sharp Copy Machine, Laser",1015.9199999999998,5,0.15,-24.029999999999973
ES-2015-HR14770139-42290,2015-10-13 00:00:00,HR-14770139,Hallie Redmond,Home Office,United Kingdom,Europe,Northern Europe,OFF-AP-3575,Office Supplies,Appliances,"Breville Refrigerator, Red",2077.3199999999997,4,0,394.68
ES-2015-BN1151545-42304,2015-10-27 00:00:00,BN-1151545,Bradley Nguyen,Consumer,France,Europe,Western Europe,FUR-BO-5960,Furniture,Bookcases,"Sauder Floating Shelf Set, Mobile",709.5600000000001,4,0.1,212.76
IN-2015-JM1526511-42289,2015-10-12 00:00:00,JM-1526511,Janet Molinari,Corporate,Bangladesh,Asia Pacific,Southern Asia,TEC-PH-3148,Technology,Phones,"Apple Smart Phone, Full Size",1275,2,0,140.22
ES-2015-VP21760139-42280,2015-10-03 00:00:00,VP-21760139,Victoria Pisteka,Corporate,United Kingdom,Europe,Northern Europe,OFF-AP-4967,Office Supplies,Appliances,"KitchenAid Stove, White",1704.87,3,0,409.14
UP-2015-JC5775137-42305,2015-10-28 00:00:00,JC-5775137,John Castell,Consumer,Ukraine,Europe,Eastern Europe,OFF-ST-5700,Office Supplies,Storage,"Rogers Lockers, Blue",1269.72,6,0,88.74
IN-2015-MS175307-42290,2015-10-13 00:00:00,MS-175307,MaryBeth Skach,Consumer,Australia,Asia Pacific,Oceania,TEC-CO-4773,Technology,Copiers,"HP Fax Machine, Color",542.484,2,0.1,126.564
MX-2015-KT16465141-42301,2015-10-24 00:00:00,KT-16465141,Kean Takahito,Consumer,Uruguay,LATAM,South America,FUR-TA-3346,Furniture,Tables,"Barricks Conference Table, with Bottom Storage",1935.104,4,0.2,-411.216
MX-2015-VP2173082-42297,2015-10-20 00:00:00,VP-2173082,Victor Preis,Home Office,Mexico,LATAM,Central America,TEC-MA-6147,Technology,Machines,"StarTech Printer, Durable",1196.02,7,0,478.3800000000001
MX-2015-NG1843018-42298,2015-10-21 00:00:00,NG-1843018,Nathan Gelder,Consumer,Brazil,LATAM,South America,FUR-FU-6253,Furniture,Furnishings,"Tenex Frame, Black",439.9200000000001,6,0,197.87999999999997
IN-2015-MS175307-42290,2015-10-13 00:00:00,MS-175307,MaryBeth Skach,Consumer,Australia,Asia Pacific,Oceania,TEC-CO-4791,Technology,Copiers,"HP Wireless Fax, High-Speed",645.1379999999999,2,0.1,157.69799999999998
IN-2015-MC17575130-42278,2015-10-01 00:00:00,MC-17575130,Matt Collins,Consumer,Thailand,Asia Pacific,Southeastern Asia,FUR-BO-5787,Furniture,Bookcases,"Safco Library with Doors, Pine",1971.3455999999999,8,0.37,-813.6144
SF-2015-LT7110117-42280,2015-10-03 00:00:00,LT-7110117,Liz Thompson,Consumer,South Africa,Africa,Southern Africa,TEC-PH-3152,Technology,Phones,"Apple Speaker Phone, VoIP",1727.4600000000003,14,0,690.8999999999999
CA-2015-AC10450140-42281,2015-10-04 00:00:00,AC-104501402,Amy Cox,Consumer,United States,USCA,Central US,OFF-BI-4343,Office Supplies,Binders,GBC DocuBind TL300 Electric Binding System,1793.98,2,0,843.1705999999999
MX-2015-KC1625555-42308,2015-10-31 00:00:00,KC-1625555,Karen Carlisle,Corporate,Honduras,LATAM,Central America,FUR-BO-3892,Furniture,Bookcases,"Dania Classic Bookcase, Traditional",492.912,3,0.4,73.93199999999993
IR-2015-AH58560-42294,2015-10-17 00:00:00,AH-58560,Angele Hood,Consumer,Iran,Asia Pacific,Southern Asia,OFF-ST-4294,Office Supplies,Storage,"Fellowes Trays, Industrial",347.21999999999997,6,0,83.16
MX-2015-AJ1094582-42290,2015-10-13 00:00:00,AJ-1094582,Ashley Jarboe,Consumer,Mexico,LATAM,Central America,OFF-AP-4962,Office Supplies,Appliances,"KitchenAid Refrigerator, Silver",1762.3,5,0,475.8
EG-2015-RD966038-42283,2015-10-06 00:00:00,RD-966038,Robert Dilbeck,Home Office,Egypt,Africa,North Africa,TEC-CO-6009,Technology,Copiers,"Sharp Wireless Fax, Color",714.7199999999999,2,0,235.79999999999998
ES-2015-MS17710139-42290,2015-10-13 00:00:00,MS-17710139,Maurice Satty,Consumer,United Kingdom,Europe,Northern Europe,TEC-PH-5355,Technology,Phones,"Nokia Smart Phone, Full Size",2549.4,4,0,280.32
IN-2015-BE1145559-42305,2015-10-28 00:00:00,BE-1145559,Brad Eason,Home Office,Indonesia,Asia Pacific,Southeastern Asia,OFF-AP-3577,Office Supplies,Appliances,"Breville Refrigerator, White",1718.0003999999997,4,0.17,372.56039999999996
CA-2015-AG10495140-42291,2015-10-14 00:00:00,AG-104951406,Andrew Gjertsen,Corporate,United States,USCA,Eastern US,OFF-ST-4098,Office Supplies,Storage,Eldon Simplefile Box Office,59.712,6,0.2,5.9712
MX-2015-EB1375018-42279,2015-10-02 00:00:00,EB-1375018,Edward Becker,Corporate,Brazil,LATAM,South America,TEC-PH-5356,Technology,Phones,"Nokia Smart Phone, with Caller ID",1703.7599999999998,4,0,681.4399999999999
IN-2015-OT1873059-42297,2015-10-20 00:00:00,OT-1873059,Olvera Toch,Consumer,Indonesia,Asia Pacific,Southeastern Asia,TEC-CO-4592,Technology,Copiers,"Hewlett Wireless Fax, High-Speed",1759.5135,5,0.07,624.3135000000001
US-2015-KL165555-42284,2015-10-07 00:00:00,KL-165555,Kelly Lampkin,Corporate,Argentina,LATAM,South America,OFF-AP-4503,Office Supplies,Appliances,"Hamilton Beach Refrigerator, Silver",1001.7599999999999,5,0.4,50.06000000000013
CA-2015-AG10495140-42291,2015-10-14 00:00:00,AG-104951406,Andrew Gjertsen,Corporate,United States,USCA,Eastern US,OFF-LA-3208,Office Supplies,Labels,Avery 489,24.839999999999996,3,0.2,8.694
CA-2015-AG10495140-42291,2015-10-14 00:00:00,AG-104951406,Andrew Gjertsen,Corporate,United States,USCA,Eastern US,OFF-PA-3014,Office Supplies,Paper,"Adams Write n' Stick Phone Message Book, 11"" X 5 1/4"", 200 Messages",18.176,4,0.2,5.907199999999999
CA-2015-AG10495140-42291,2015-10-14 00:00:00,AG-104951406,Andrew Gjertsen,Corporate,United States,USCA,Eastern US,OFF-PA-5629,Office Supplies,Paper,"Post-it “Important Message” Note Pad, Neon Colors, 50 Sheets/Pad",11.648000000000001,2,0.2,4.0768
ES-2015-NF1838545-42290,2015-10-13 00:00:00,NF-1838545,Natalie Fritzler,Consumer,France,Europe,Western Europe,TEC-CO-3608,Technology,Copiers,"Brother Wireless Fax, Color",1616.0625,5,0.15,113.96249999999998
ES-2015-TH21550139-42294,2015-10-17 00:00:00,TH-21550139,Tracy Hopkins,Home Office,United Kingdom,Europe,Northern Europe,TEC-CO-4778,Technology,Copiers,"HP Ink, Digital",898.38,7,0,116.75999999999999
MX-2015-SG2060582-42294,2015-10-17 00:00:00,SG-2060582,Speros Goranitis,Consumer,Mexico,LATAM,Central America,TEC-CO-3689,Technology,Copiers,"Canon Fax Machine, Laser",1482.84836,7,0.002,308.9483600000001
MX-2015-DW13585132-42285,2015-10-08 00:00:00,DW-13585132,Dorothy Wardle,Corporate,Trinidad and Tobago,LATAM,Caribbean,TEC-CO-3595,Technology,Copiers,"Brother Fax Machine, Color",851.5734399999999,4,0.002,356.61343999999997
MX-2015-AR1057039-42307,2015-10-30 00:00:00,AR-1057039,Anemone Ratner,Consumer,El Salvador,LATAM,Central America,TEC-PH-3815,Technology,Phones,"Cisco Speaker Phone, Cordless",659.5400000000001,7,0,151.62
IN-2015-NM184457-42284,2015-10-07 00:00:00,NM-184457,Nathan Mautz,Home Office,Australia,Asia Pacific,Oceania,TEC-AC-3387,Technology,Accessories,"Belkin Keyboard, USB",378.4050000000001,5,0.1,113.50500000000001
MX-2015-KD1627093-42287,2015-10-10 00:00:00,KD-1627093,Karen Daniels,Consumer,Nicaragua,LATAM,Central America,FUR-CH-5796,Furniture,Chairs,"SAFCO Rocking Chair, Set of Two",640.08,7,0,185.5
ES-2015-BN1151545-42304,2015-10-27 00:00:00,BN-1151545,Bradley Nguyen,Consumer,France,Europe,Western Europe,TEC-CO-4769,Technology,Copiers,"HP Fax and Copier, Color",444.5415,3,0.15,135.93150000000003
ES-2015-TH2110048-42306,2015-10-29 00:00:00,TH-2110048,Thea Hendricks,Consumer,Germany,Europe,Western Europe,OFF-AP-4959,Office Supplies,Appliances,"KitchenAid Microwave, White",832.8419999999999,3,0.1,212.832
IT-2015-PA1906048-42295,2015-10-18 00:00:00,PA-1906048,Pete Armstrong,Home Office,Germany,Europe,Western Europe,TEC-CO-4775,Technology,Copiers,"HP Fax Machine, High-Speed",1192.56,4,0,59.519999999999996
MX-2015-DB1336018-42280,2015-10-03 00:00:00,DB-1336018,Dennis Bolton,Home Office,Brazil,LATAM,South America,FUR-BO-3904,Furniture,Bookcases,"Dania Library with Doors, Traditional",483.2,2,0,57.96
ES-2015-EM14200139-42283,2015-10-06 00:00:00,EM-14200139,Evan Minnotte,Home Office,United Kingdom,Europe,Northern Europe,TEC-PH-5353,Technology,Phones,"Nokia Signal Booster, with Caller ID",955.5,7,0,276.99
IN-2015-BE1145559-42305,2015-10-28 00:00:00,BE-1145559,Brad Eason,Home Office,Indonesia,Asia Pacific,Southeastern Asia,FUR-FU-6254,Furniture,Furnishings,"Tenex Frame, Duo Pack",642.6335999999999,8,0.27,105.51360000000005
IT-2015-JD1589564-42294,2015-10-17 00:00:00,JD-1589564,Jonathan Doherty,Corporate,Italy,Europe,Southern Europe,TEC-MA-4207,Technology,Machines,"Epson Printer, White",1096.3260000000002,7,0.4,-657.8040000000001
IN-2015-LT1676511-42286,2015-10-09 00:00:00,LT-1676511,Larry Tron,Consumer,Bangladesh,Asia Pacific,Southern Asia,TEC-MA-5017,Technology,Machines,"Konica Printer, Wireless",535.6800000000001,2,0,246.36
MX-2015-KN1639031-42307,2015-10-30 00:00:00,KN-1639031,Katherine Nockton,Corporate,Cuba,LATAM,Caribbean,TEC-CO-4593,Technology,Copiers,"Hewlett Wireless Fax, Laser",758.85924,3,0.002,21.279239999999998
IN-2015-MG1768027-42281,2015-10-04 00:00:00,MG-1768027,Maureen Gastineau,Home Office,China,Asia Pacific,Eastern Asia,FUR-CH-5796,Furniture,Chairs,"SAFCO Rocking Chair, Set of Two",822.96,6,0,189.18
MX-2015-RA1994528-42286,2015-10-09 00:00:00,RA-1994528,Ryan Akin,Consumer,Colombia,LATAM,South America,FUR-BO-5952,Furniture,Bookcases,"Sauder Corner Shelving, Metal",1174.0800000000002,12,0,222.96000000000004
ES-2015-FG142608-42278,2015-10-01 00:00:00,FG-142608,Frank Gastineau,Home Office,Austria,Europe,Western Europe,TEC-CO-3595,Technology,Copiers,"Brother Fax Machine, Color",319.98,1,0,143.97
EG-2015-EG390038-42280,2015-10-03 00:00:00,EG-390038,Emily Grady,Consumer,Egypt,Africa,North Africa,TEC-PH-5360,Technology,Phones,"Nokia Speaker Phone, with Caller ID",985.1999999999999,8,0,78.72
EG-2015-EG390038-42280,2015-10-03 00:00:00,EG-390038,Emily Grady,Consumer,Egypt,Africa,North Africa,FUR-BO-5971,Furniture,Bookcases,"Sauder Stackable Bookrack, Mobile",1174.56,8,0,340.56
US-2015-KW1643598-42287,2015-10-10 00:00:00,KW-1643598,Katrina Willman,Consumer,Panama,LATAM,Central America,TEC-PH-5268,Technology,Phones,"Motorola Smart Phone, Full Size",772.7759999999998,3,0.4,-257.604
MX-2015-GH1466536-42294,2015-10-17 00:00:00,GH-1466536,Greg Hansen,Consumer,Dominican Republic,LATAM,Caribbean,TEC-CO-5991,Technology,Copiers,"Sharp Copy Machine, High-Speed",891.5256000000002,7,0.202,109.48559999999998
MX-2015-MW1823518-42306,2015-10-29 00:00:00,MW-1823518,Mitch Willingham,Corporate,Brazil,LATAM,South America,FUR-CH-5773,Furniture,Chairs,"SAFCO Executive Leather Armchair, Adjustable",618.5600000000001,2,0,235.04000000000002
ID-2015-SM2032059-42296,2015-10-19 00:00:00,SM-2032059,Sean Miller,Home Office,Indonesia,Asia Pacific,Southeastern Asia,FUR-BO-4850,Furniture,Bookcases,"Ikea Classic Bookcase, Pine",768.3659999999999,2,0.07,-41.334
MX-2015-PV1898518-42305,2015-10-28 00:00:00,PV-1898518,Paul Van Hugh,Home Office,Brazil,LATAM,South America,FUR-CH-4702,Furniture,Chairs,"Hon Swivel Stool, Black",429.9200000000001,4,0,116
ES-2015-AG1030045-42297,2015-10-20 00:00:00,AG-1030045,Aleksandra Gannaway,Corporate,France,Europe,Western Europe,TEC-AC-3390,Technology,Accessories,"Belkin Memory Card, Programmable",465.23999999999995,4,0,139.56
ES-2015-EM14200139-42283,2015-10-06 00:00:00,EM-14200139,Evan Minnotte,Home Office,United Kingdom,Europe,Northern Europe,TEC-MA-5574,Technology,Machines,"Panasonic Printer, Wireless",799.47,3,0,199.79999999999998
ES-2015-JG1531045-42290,2015-10-13 00:00:00,JG-1531045,Jason Gross,Corporate,France,Europe,Western Europe,TEC-MA-5573,Technology,Machines,"Panasonic Printer, White",1350.9900000000002,6,0.15,111.15000000000003
IN-2015-BE113357-42302,2015-10-25 00:00:00,BE-113357,Bill Eplett,Home Office,Australia,Asia Pacific,Oceania,FUR-BO-5961,Furniture,Bookcases,"Sauder Floating Shelf Set, Pine",1234.3590000000002,7,0.1,-0.021000000000015007
IN-2015-LM170657-42285,2015-10-08 00:00:00,LM-170657,Liz MacKendrick,Consumer,Australia,Asia Pacific,Oceania,TEC-CO-3709,Technology,Copiers,"Canon Wireless Fax, High-Speed",1695.8700000000001,5,0.1,-37.83000000000001
IN-2015-OT1873059-42297,2015-10-20 00:00:00,OT-1873059,Olvera Toch,Consumer,Indonesia,Asia Pacific,Southeastern Asia,FUR-BO-3625,Furniture,Bookcases,"Bush Classic Bookcase, Mobile",1158.4079999999997,3,0.07,435.8879999999999
ES-2015-SC2057545-42291,2015-10-14 00:00:00,SC-2057545,Sonia Cooley,Consumer,France,Europe,Western Europe,OFF-AR-3478,Office Supplies,Art,"Binney & Smith Canvas, Water Color",381.78,7,0,183.12000000000003
IN-2015-IG150857-42305,2015-10-28 00:00:00,IG-150857,Ivan Gibson,Consumer,Australia,Asia Pacific,Oceania,OFF-AP-4508,Office Supplies,Appliances,"Hamilton Beach Stove, White",972.864,2,0.1,32.42400000000001
IN-2015-JR1570058-42290,2015-10-13 00:00:00,JR-1570058,Jocasta Rupert,Consumer,India,Asia Pacific,Southern Asia,TEC-AC-4185,Technology,Accessories,"Enermax Router, Bluetooth",1291.6499999999999,5,0,413.25
IN-2015-VP2176058-42293,2015-10-16 00:00:00,VP-2176058,Victoria Pisteka,Corporate,India,Asia Pacific,Southern Asia,TEC-PH-3130,Technology,Phones,"Apple Audio Dock, with Caller ID",667.5600000000001,4,0,153.48
MX-2015-RH1949518-42291,2015-10-14 00:00:00,RH-1949518,Rick Hansen,Consumer,Brazil,LATAM,South America,FUR-CH-4532,Furniture,Chairs,"Harbour Creations Executive Leather Armchair, Red",1268.9599999999998,4,0,583.68
CA-2015-AG10765140-42292,2015-10-15 00:00:00,AG-107651402,Anthony Garverick,Home Office,United States,USCA,Central US,OFF-BI-3749,Office Supplies,Binders,Catalog Binders with Expanding Posts,13.455999999999998,1,0.8,-23.54800000000001
CA-2015-AG10765140-42292,2015-10-15 00:00:00,AG-107651402,Anthony Garverick,Home Office,United States,USCA,Central US,OFF-BI-4371,Office Supplies,Binders,"GBC Twin Loop Wire Binding Elements, 9/16"" Spine, Black",27.395999999999997,9,0.8,-42.46380000000002
CA-2015-AJ10780140-42294,2015-10-17 00:00:00,AJ-107801404,Anthony Jacobs,Corporate,United States,USCA,Western US,OFF-PA-4465,Office Supplies,Paper,Green Bar Computer Printout Paper,307.776,7,0.2,111.5688
MX-2015-HH1501039-42308,2015-10-31 00:00:00,HH-1501039,Hilary Holden,Corporate,El Salvador,LATAM,Central America,FUR-TA-5064,Furniture,Tables,"Lesro Round Table, Rectangular",959.1039999999999,4,0.2,11.984000000000014
ES-2015-SE201108-42284,2015-10-07 00:00:00,SE-201108,Sanjit Engle,Consumer,Austria,Europe,Western Europe,TEC-PH-3786,Technology,Phones,"Cisco Audio Dock, VoIP",910.8,5,0,355.19999999999993
MX-2015-DK1309039-42285,2015-10-08 00:00:00,DK-1309039,Dave Kipp,Consumer,El Salvador,LATAM,Central America,TEC-CO-4593,Technology,Copiers,"Hewlett Wireless Fax, Laser",505.90616,2,0.002,14.186160000000001
ID-2015-JA15970130-42295,2015-10-18 00:00:00,JA-15970130,Joseph Airdo,Consumer,Thailand,Asia Pacific,Southeastern Asia,FUR-BO-5779,Furniture,Bookcases,"Safco Floating Shelf Set, Pine",1123.1703,9,0.37,-196.3197
MX-2015-TB2128018-42298,2015-10-21 00:00:00,TB-2128018,Toby Braunhardt,Consumer,Brazil,LATAM,South America,FUR-CH-4633,Furniture,Chairs,"Hon Chairmat, Set of Two",269.64000000000004,7,0,121.23999999999998
IT-2015-GT14635139-42304,2015-10-27 00:00:00,GT-14635139,Grant Thornton,Corporate,United Kingdom,Europe,Northern Europe,FUR-BO-5949,Furniture,Bookcases,"Sauder Classic Bookcase, Mobile",877.02,2,0,394.62
EG-2015-PW924038-42308,2015-10-31 00:00:00,PW-924038,Pierre Wener,Consumer,Egypt,Africa,North Africa,TEC-CO-4792,Technology,Copiers,"HP Wireless Fax, Laser",720.4200000000001,2,0,43.2
ES-2015-DB1355548-42297,2015-10-20 00:00:00,DB-1355548,Dorothy Badders,Corporate,Germany,Europe,Western Europe,OFF-SU-4319,Office Supplies,Supplies,"Fiskars Shears, Easy Grip",246.3,5,0,24.6
MX-2015-JE1574555-42278,2015-10-01 00:00:00,JE-1574555,Joel Eaton,Consumer,Honduras,LATAM,Central America,TEC-AC-4186,Technology,Accessories,"Enermax Router, Erganomic",204.91199999999998,2,0.4,-122.96799999999999
IN-2015-AP1072058-42284,2015-10-07 00:00:00,AP-1072058,Anne Pryor,Home Office,India,Asia Pacific,Southern Asia,TEC-CO-4766,Technology,Copiers,"HP Copy Machine, High-Speed",487.38,2,0,107.22
IN-2015-PL1892527-42279,2015-10-02 00:00:00,PL-1892527,Paul Lucas,Home Office,China,Asia Pacific,Eastern Asia,FUR-BO-4854,Furniture,Bookcases,"Ikea Corner Shelving, Pine",248.82000000000005,2,0,59.699999999999996
ES-2015-NS1864048-42307,2015-10-30 00:00:00,NS-1864048,Noel Staavos,Corporate,Germany,Europe,Western Europe,TEC-MA-4211,Technology,Machines,"Epson Receipt Printer, White",1269.8400000000001,11,0,545.8199999999999
MX-2015-KT16465141-42301,2015-10-24 00:00:00,KT-16465141,Kean Takahito,Consumer,Uruguay,LATAM,South America,OFF-AP-3578,Office Supplies,Appliances,"Breville Stove, Black",1495.9200000000003,4,0,688.08
SA-2015-EM4065110-42299,2015-10-22 00:00:00,EM-4065110,Erin Mull,Consumer,Saudi Arabia,Asia Pacific,Western Asia,TEC-CO-3598,Technology,Copiers,"Brother Fax Machine, Laser",637.08,2,0,261.18
MX-2015-BH1171018-42299,2015-10-22 00:00:00,BH-1171018,Brosina Hoffman,Consumer,Brazil,LATAM,South America,TEC-CO-3680,Technology,Copiers,"Canon Copy Machine, High-Speed",866.0644,5,0.002,232.56439999999998
IT-2015-GA1472545-42290,2015-10-13 00:00:00,GA-1472545,Guy Armstrong,Consumer,France,Europe,Western Europe,FUR-BO-3618,Furniture,Bookcases,"Bush 3-Shelf Cabinet, Traditional",516.1320000000001,4,0.1,68.77199999999999
MX-2015-RB1933082-42294,2015-10-17 00:00:00,RB-1933082,Randy Bradley,Consumer,Mexico,LATAM,Central America,TEC-AC-3403,Technology,Accessories,"Belkin Router, Erganomic",513.1200000000001,3,0,0
MX-2015-TB2128018-42298,2015-10-21 00:00:00,TB-2128018,Toby Braunhardt,Consumer,Brazil,LATAM,South America,FUR-TA-3765,Furniture,Tables,"Chromcraft Conference Table, Rectangular",928.2560000000001,2,0.2,-81.22400000000002
ID-2015-HA1490592-42287,2015-10-10 00:00:00,HA-1490592,Helen Abelman,Consumer,New Zealand,Asia Pacific,Oceania,TEC-AC-5134,Technology,Accessories,"Logitech Router, Bluetooth",593.568,6,0.6,-875.592
MX-2015-LS1694531-42287,2015-10-10 00:00:00,LS-1694531,Linda Southworth,Corporate,Cuba,LATAM,Caribbean,TEC-CO-3685,Technology,Copiers,"Canon Fax and Copier, Laser",636.5243999999999,5,0.002,132.62439999999998
IN-2015-TT2107066-42288,2015-10-11 00:00:00,TT-2107066,Ted Trevino,Consumer,Japan,Asia Pacific,Eastern Asia,FUR-BO-3906,Furniture,Bookcases,"Dania Stackable Bookrack, Pine",737.64,6,0,125.28
US-2015-NS1850582-42308,2015-10-31 00:00:00,NS-1850582,Neola Schneider,Consumer,Mexico,LATAM,Central America,FUR-FU-3940,Furniture,Furnishings,"Deflect-O Frame, Black",484.17600000000004,11,0.4,-137.324
SU-2015-BB990122-42279,2015-10-02 00:00:00,BB-990122,Barry Blumstein,Corporate,Sudan,Africa,North Africa,FUR-BO-5967,Furniture,Bookcases,"Sauder Library with Doors, Mobile",390.15,1,0,58.5
CA-2015-AJ10945140-42284,2015-10-07 00:00:00,AJ-109451404,Ashley Jarboe,Consumer,United States,USCA,Western US,OFF-AR-3287,Office Supplies,Art,Avery Hi-Liter Smear-Safe Highlighters,9.344,2,0.2,1.8687999999999998
CA-2015-AJ10960140-42295,2015-10-18 00:00:00,AJ-109601404,Astrea Jones,Consumer,United States,USCA,Western US,OFF-AR-4011,Office Supplies,Art,Economy #2 Pencils,10.64,4,0,2.7664
IN-2015-TS2150527-42286,2015-10-09 00:00:00,TS-2150527,Tony Sayre,Consumer,China,Asia Pacific,Eastern Asia,TEC-MA-6139,Technology,Machines,"StarTech Card Printer, Wireless",1144.5,7,0,263.13
IT-2015-GA1472545-42290,2015-10-13 00:00:00,GA-1472545,Guy Armstrong,Consumer,France,Europe,Western Europe,FUR-TA-3769,Furniture,Tables,"Chromcraft Round Table, Adjustable Height",610.077,2,0.35,-65.70300000000003
IT-2015-TC2129548-42307,2015-10-30 00:00:00,TC-2129548,Toby Carlisle,Consumer,Germany,Europe,Western Europe,TEC-MA-5512,Technology,Machines,"Okidata Printer, White",533.82,2,0,5.28
MX-2015-EB1375018-42279,2015-10-02 00:00:00,EB-1375018,Edward Becker,Corporate,Brazil,LATAM,South America,TEC-MA-6146,Technology,Machines,"StarTech Phone, Wireless",198.72,4,0,65.52000000000001
MX-2015-DL1349539-42305,2015-10-28 00:00:00,DL-1349539,Dionis Lloyd,Corporate,El Salvador,LATAM,Central America,FUR-FU-3049,Furniture,Furnishings,"Advantus Photo Frame, Durable",266.71999999999997,8,0,16
US-2015-BF10975140-42278,2015-10-01 00:00:00,BF-109751406,Barbara Fisher,Corporate,United States,USCA,Eastern US,OFF-LA-5977,Office Supplies,Labels,Self-Adhesive Address Labels for Typewriters with Dispenser Box,20.664,7,0.2,6.9741
IN-2015-MM1726027-42291,2015-10-14 00:00:00,MM-1726027,Magdelene Morse,Consumer,China,Asia Pacific,Eastern Asia,FUR-CH-4703,Furniture,Chairs,"Hon Swivel Stool, Red",818.25,5,0,376.34999999999997
IN-2015-JO151457-42300,2015-10-23 00:00:00,JO-151457,Jack O'Briant,Corporate,Australia,Asia Pacific,Oceania,FUR-BO-5966,Furniture,Bookcases,"Sauder Library with Doors, Metal",696.7620000000001,2,0.1,247.72199999999998
IN-2015-JC153407-42283,2015-10-06 00:00:00,JC-153407,Jasper Cacioppo,Consumer,Australia,Asia Pacific,Oceania,TEC-CO-3600,Technology,Copiers,"Brother Ink, Digital",793.4760000000001,6,0.1,343.836
ES-2015-SC2057545-42291,2015-10-14 00:00:00,SC-2057545,Sonia Cooley,Consumer,France,Europe,Western Europe,TEC-AC-4157,Technology,Accessories,"Enermax Keyboard, Programmable",254.88000000000002,3,0,109.53
IT-2015-BC11125139-42308,2015-10-31 00:00:00,BC-11125139,Becky Castell,Home Office,United Kingdom,Europe,Northern Europe,TEC-MA-5514,Technology,Machines,"Okidata Receipt Printer, Durable",221.45400000000004,2,0.1,-14.766000000000005
CA-2015-BF11020140-42295,2015-10-18 00:00:00,BF-110201404,Barry Französisch,Corporate,United States,USCA,Western US,TEC-PH-5563,Technology,Phones,Panasonic KX-TG6844B Expandable Digital Cordless Telephone,52.792,1,0.2,4.619300000000003
ES-2015-DB1355548-42297,2015-10-20 00:00:00,DB-1355548,Dorothy Badders,Corporate,Germany,Europe,Western Europe,OFF-ST-6057,Office Supplies,Storage,"Smead Shelving, Blue",396.3329999999999,9,0.1,87.99299999999997
IN-2015-OT1873059-42297,2015-10-20 00:00:00,OT-1873059,Olvera Toch,Consumer,Indonesia,Asia Pacific,Southeastern Asia,OFF-ST-6246,Office Supplies,Storage,"Tenex File Cart, Blue",884.4480000000001,8,0.17,308.928
EG-2015-MM792038-42286,2015-10-09 00:00:00,MM-792038,Michael Moore,Consumer,Egypt,Africa,North Africa,OFF-AR-6105,Office Supplies,Art,"Stanley Canvas, Blue",197.88,4,0,31.56
MX-2015-PV1898518-42305,2015-10-28 00:00:00,PV-1898518,Paul Van Hugh,Home Office,Brazil,LATAM,South America,FUR-BO-4856,Furniture,Bookcases,"Ikea Floating Shelf Set, Metal",566,5,0,84.9
CA-2015-BP11050140-42286,2015-10-09 00:00:00,BP-110501406,Barry Pond,Corporate,United States,USCA,Eastern US,OFF-ST-5789,Office Supplies,Storage,"SAFCO Mobile Desk Side File, Wire Frame",42.76,1,0,11.1176
MX-2015-TB2162582-42297,2015-10-20 00:00:00,TB-2162582,Trudy Brown,Consumer,Mexico,LATAM,Central America,OFF-ST-5691,Office Supplies,Storage,"Rogers File Cart, Blue",562.6800000000002,6,0,22.439999999999998
ES-2015-ER13855139-42300,2015-10-23 00:00:00,ER-13855139,Elpida Rittenbach,Corporate,United Kingdom,Europe,Northern Europe,FUR-CH-4699,Furniture,Chairs,"Hon Steel Folding Chair, Red",325.68,4,0,153
US-2015-HA1490598-42291,2015-10-14 00:00:00,HA-1490598,Helen Abelman,Consumer,Panama,LATAM,Central America,TEC-AC-3388,Technology,Accessories,"Belkin Memory Card, Bluetooth",413.316,9,0.4,-144.684
IN-2015-BP112307-42297,2015-10-20 00:00:00,BP-112307,Benjamin Patterson,Consumer,Australia,Asia Pacific,Oceania,TEC-CO-6012,Technology,Copiers,"Sharp Wireless Fax, Laser",640.6560000000001,2,0.1,234.87599999999998
MX-2015-RA1991518-42302,2015-10-25 00:00:00,RA-1991518,Russell Applegate,Consumer,Brazil,LATAM,South America,FUR-CH-5775,Furniture,Chairs,"SAFCO Executive Leather Armchair, Red",2460.9599999999996,8,0,49.12
ES-2015-BE11410139-42285,2015-10-08 00:00:00,BE-11410139,Bobby Elias,Consumer,United Kingdom,Europe,Northern Europe,TEC-PH-5812,Technology,Phones,"Samsung Audio Dock, Cordless",339.36,2,0,61.08
MX-2015-NM1844518-42284,2015-10-07 00:00:00,NM-1844518,Nathan Mautz,Home Office,Brazil,LATAM,South America,OFF-AP-4951,Office Supplies,Appliances,"KitchenAid Blender, White",331.99999999999994,5,0,23.2
US-2015-PJ190155-42286,2015-10-09 00:00:00,PJ-190155,Pauline Johnson,Consumer,Argentina,LATAM,South America,TEC-CO-4575,Technology,Copiers,"Hewlett Fax Machine, Color",384.34655999999995,3,0.402,-162.01344000000003
ES-2015-AI10855139-42284,2015-10-07 00:00:00,AI-10855139,Arianne Irving,Consumer,United Kingdom,Europe,Northern Europe,TEC-MA-5571,Technology,Machines,"Panasonic Printer, Durable",799.83,3,0,167.94
ID-2015-AR105707-42290,2015-10-13 00:00:00,AR-105707,Anemone Ratner,Consumer,Australia,Asia Pacific,Oceania,TEC-CO-6001,Technology,Copiers,"Sharp Ink, Color",339.7950000000001,3,0.1,-0.045000000000001705
CA-2015-BP11155140-42280,2015-10-03 00:00:00,BP-111551406,Becky Pak,Consumer,United States,USCA,Eastern US,OFF-PA-6458,Office Supplies,Paper,Xerox 1907,49.12,4,0,23.086399999999998
IN-2015-IG150857-42305,2015-10-28 00:00:00,IG-150857,Ivan Gibson,Consumer,Australia,Asia Pacific,Oceania,FUR-CH-4682,Furniture,Chairs,"Hon Rocking Chair, Black",1038.339,9,0.1,149.76899999999998
IN-2015-CR1282058-42294,2015-10-17 00:00:00,CR-1282058,Cyra Reiten,Home Office,India,Asia Pacific,Southern Asia,TEC-PH-5829,Technology,Phones,"Samsung Office Telephone, Cordless",476.48999999999995,7,0,47.459999999999994
ES-2015-ER13855139-42300,2015-10-23 00:00:00,ER-13855139,Elpida Rittenbach,Corporate,United Kingdom,Europe,Northern Europe,TEC-CO-4588,Technology,Copiers,"Hewlett Personal Copier, High-Speed",427.4099999999999,3,0,132.48000000000002
MX-2015-KT16465141-42301,2015-10-24 00:00:00,KT-16465141,Kean Takahito,Consumer,Uruguay,LATAM,South America,OFF-ST-5702,Office Supplies,Storage,"Rogers Lockers, Single Width",987.7,7,0,59.21999999999999
IN-2015-DP13000144-42308,2015-10-31 00:00:00,DP-13000144,Darren Powers,Consumer,Vietnam,Asia Pacific,Southeastern Asia,FUR-CH-5776,Furniture,Chairs,"SAFCO Executive Leather Armchair, Set of Two",676.9727999999999,2,0.27,120.53280000000004
IN-2015-KD164957-42286,2015-10-09 00:00:00,KD-164957,Keith Dawkins,Corporate,Australia,Asia Pacific,Oceania,TEC-CO-6002,Technology,Copiers,"Sharp Ink, Digital",1116.45,10,0.1,37.04999999999998
ES-2015-CM119358-42295,2015-10-18 00:00:00,CM-119358,Carlos Meador,Consumer,Austria,Europe,Western Europe,TEC-MA-5567,Technology,Machines,"Panasonic Phone, Durable",509.76000000000005,6,0,234.36
IN-2015-DK1315011-42298,2015-10-21 00:00:00,DK-1315011,David Kendrick,Corporate,Bangladesh,Asia Pacific,Southern Asia,OFF-ST-5712,Office Supplies,Storage,"Rogers Trays, Wire Frame",648,8,0,265.6
ES-2015-EM1381064-42291,2015-10-14 00:00:00,EM-1381064,Eleni McCrary,Corporate,Italy,Europe,Southern Europe,OFF-AP-3875,Office Supplies,Appliances,"Cuisinart Stove, White",1072.8600000000001,2,0,182.34
ID-2015-CC1214597-42287,2015-10-10 00:00:00,CC-1214597,Charles Crestani,Consumer,Pakistan,Asia Pacific,Southern Asia,TEC-CO-6006,Technology,Copiers,"Sharp Personal Copier, Digital",538.3800000000001,9,0.5,-506.2500000000001
MX-2015-DP1316593-42293,2015-10-16 00:00:00,DP-1316593,David Philippe,Consumer,Nicaragua,LATAM,Central America,OFF-EN-3100,Office Supplies,Envelopes,"Ames Mailers, Recycled",207.89999999999995,9,0,101.7
ID-2015-DM1334559-42279,2015-10-02 00:00:00,DM-1334559,Denise Monton,Corporate,Indonesia,Asia Pacific,Southeastern Asia,FUR-BO-4859,Furniture,Bookcases,"Ikea Floating Shelf Set, Traditional",475.2486,3,0.07,-15.341400000000007
MX-2015-CR1282093-42305,2015-10-28 00:00:00,CR-1282093,Cyra Reiten,Home Office,Nicaragua,LATAM,Central America,TEC-MA-6140,Technology,Machines,"StarTech Inkjet, Durable",1600.9600000000005,8,0,368.16
ID-2015-LC169607-42290,2015-10-13 00:00:00,LC-169607,Lindsay Castell,Home Office,Australia,Asia Pacific,Oceania,OFF-AP-3571,Office Supplies,Appliances,"Breville Microwave, Red",724.1039999999999,4,0.4,-84.57600000000002
MX-2015-BN1147018-42301,2015-10-24 00:00:00,BN-1147018,Brad Norvell,Corporate,Brazil,LATAM,South America,FUR-BO-4850,Furniture,Bookcases,"Ikea Classic Bookcase, Pine",826.2,3,0,181.73999999999998
ID-2015-DK133757-42284,2015-10-07 00:00:00,DK-133757,Dennis Kane,Consumer,Australia,Asia Pacific,Oceania,FUR-FU-4034,Furniture,Furnishings,"Eldon Clock, Black",457.81199999999995,9,0.1,121.93200000000002
CA-2015-BF11215140-42304,2015-10-27 00:00:00,BF-112151402,Benjamin Farhat,Home Office,United States,USCA,Central US,OFF-ST-5276,Office Supplies,Storage,"Multi-Use Personal File Cart and Caster Set, Three Stacking Bins",55.616,2,0.2,5.561600000000002
US-2015-LP1709598-42291,2015-10-14 00:00:00,LP-1709598,Liz Preis,Consumer,Panama,LATAM,Central America,FUR-BO-4862,Furniture,Bookcases,"Ikea Library with Doors, Pine",583.584,4,0.4,-330.736
US-2015-RK1930036-42284,2015-10-07 00:00:00,RK-1930036,Ralph Kennedy,Consumer,Dominican Republic,LATAM,Caribbean,FUR-TA-3418,Furniture,Tables,"Bevis Computer Table, Fully Assembled",692.3280000000002,7,0.7,-1315.552
IN-2015-LP1709558-42292,2015-10-15 00:00:00,LP-1709558,Liz Preis,Consumer,India,Asia Pacific,Southern Asia,FUR-BO-5950,Furniture,Bookcases,"Sauder Classic Bookcase, Pine",874.6800000000001,2,0,192.42000000000002
CG-2015-JM586533-42299,2015-10-22 00:00:00,JM-586533,John Murray,Consumer,Democratic Republic of the Congo,Africa,Central Africa,FUR-BO-4845,Furniture,Bookcases,"Ikea 3-Shelf Cabinet, Mobile",289.9200000000001,2,0,69.53999999999999
IN-2015-AP1072058-42284,2015-10-07 00:00:00,AP-1072058,Anne Pryor,Home Office,India,Asia Pacific,Southern Asia,TEC-PH-5829,Technology,Phones,"Samsung Office Telephone, Cordless",340.34999999999997,5,0,33.9
MX-2015-RD1990018-42280,2015-10-03 00:00:00,RD-1990018,Ruben Dartt,Consumer,Brazil,LATAM,South America,OFF-AP-4512,Office Supplies,Appliances,"Hamilton Beach Toaster, White",259.7,7,0,72.66000000000001
CA-2015-BK11260140-42292,2015-10-15 00:00:00,BK-112601404,Berenike Kampe,Consumer,United States,USCA,Western US,TEC-AC-6340,Technology,Accessories,"Verbatim 25 GB 6x Blu-ray Single Layer Recordable Disc, 10/Pack",46.36,4,0,15.298799999999996
IN-2015-SS201407-42298,2015-10-21 00:00:00,SS-201407,Saphhira Shifley,Corporate,Australia,Asia Pacific,Oceania,TEC-CO-3595,Technology,Copiers,"Brother Fax Machine, Color",1151.928,4,0.1,25.48799999999997
IN-2015-MG1768027-42281,2015-10-04 00:00:00,MG-1768027,Maureen Gastineau,Home Office,China,Asia Pacific,Eastern Asia,TEC-MA-4212,Technology,Machines,"Epson Receipt Printer, Wireless",585.15,5,0,140.39999999999998
US-2015-HM1498098-42298,2015-10-21 00:00:00,HM-1498098,Henry MacAllister,Consumer,Panama,LATAM,Central America,OFF-AP-4747,Office Supplies,Appliances,"Hoover Toaster, Red",133.824,4,0.4,-75.85600000000001
IN-2015-HG1496527-42308,2015-10-31 00:00:00,HG-1496527,Henry Goldwyn,Corporate,China,Asia Pacific,Eastern Asia,FUR-CH-5434,Furniture,Chairs,"Office Star Bag Chairs, Black",371.06999999999994,7,0,33.39
ES-2015-BD1156048-42294,2015-10-17 00:00:00,BD-1156048,Brendan Dodson,Home Office,Germany,Europe,Western Europe,TEC-PH-3153,Technology,Phones,"Apple Speaker Phone, with Caller ID",554.85,5,0.1,92.39999999999998
ES-2015-TS2161045-42297,2015-10-20 00:00:00,TS-2161045,Troy Staebel,Consumer,France,Europe,Western Europe,FUR-CH-5441,Furniture,Chairs,"Office Star Executive Leather Armchair, Adjustable",845.856,2,0.1,9.396
ID-2015-JC1534097-42299,2015-10-22 00:00:00,JC-1534097,Jasper Cacioppo,Consumer,Pakistan,Asia Pacific,Southern Asia,FUR-BO-3902,Furniture,Bookcases,"Dania Library with Doors, Mobile",583.8720000000001,2,0.2,-21.948000000000008
ES-2015-MH1802564-42296,2015-10-19 00:00:00,MH-1802564,Michelle Huthwaite,Consumer,Italy,Europe,Southern Europe,FUR-BO-4852,Furniture,Bookcases,"Ikea Corner Shelving, Metal",490.08000000000004,4,0,19.56
MX-2015-KC1625555-42308,2015-10-31 00:00:00,KC-1625555,Karen Carlisle,Corporate,Honduras,LATAM,Central America,TEC-AC-5866,Technology,Accessories,"SanDisk Keyboard, Programmable",232.344,7,0.4,-23.296000000000028
ID-2015-LC169607-42290,2015-10-13 00:00:00,LC-169607,Lindsay Castell,Home Office,Australia,Asia Pacific,Oceania,TEC-CO-3686,Technology,Copiers,"Canon Fax Machine, Color",383.796,2,0.4,-134.364
MX-2015-NF1859518-42293,2015-10-16 00:00:00,NF-1859518,Nicole Fjeld,Home Office,Brazil,LATAM,South America,TEC-CO-4577,Technology,Copiers,"Hewlett Fax Machine, High-Speed",634.9675200000001,3,0.002,-1.27248
IN-2015-DK1289559-42284,2015-10-07 00:00:00,DK-1289559,Dana Kaydos,Consumer,Indonesia,Asia Pacific,Southeastern Asia,OFF-AP-3567,Office Supplies,Appliances,"Breville Coffee Grinder, Red",256.719,5,0.17,46.26899999999999
US-2015-PJ1901582-42280,2015-10-03 00:00:00,PJ-1901582,Pauline Johnson,Consumer,Mexico,LATAM,Central America,FUR-CH-5807,Furniture,Chairs,"SAFCO Swivel Stool, Red",358.272,4,0.2,-71.728
ES-2015-Dp1324064-42279,2015-10-02 00:00:00,Dp-1324064,Dean percer,Home Office,Italy,Europe,Southern Europe,TEC-CO-3594,Technology,Copiers,"Brother Fax and Copier, Laser",574.47,3,0,143.54999999999998
MX-2015-RF1934582-42305,2015-10-28 00:00:00,RF-1934582,Randy Ferguson,Corporate,Mexico,LATAM,Central America,OFF-AP-3867,Office Supplies,Appliances,"Cuisinart Microwave, White",737.5999999999999,4,0,228.64000000000001
MX-2015-RD1948082-42306,2015-10-29 00:00:00,RD-1948082,Rick Duston,Consumer,Mexico,LATAM,Central America,TEC-CO-3680,Technology,Copiers,"Canon Copy Machine, High-Speed",866.0644,5,0.002,232.56439999999998
LE-2015-JF541571-42294,2015-10-17 00:00:00,JF-541571,Jennifer Ferguson,Consumer,Lebanon,Asia Pacific,Western Asia,FUR-CH-4531,Furniture,Chairs,"Harbour Creations Executive Leather Armchair, Black",473.6099999999999,1,0,137.34
CA-2015-BO11425140-42294,2015-10-17 00:00:00,BO-114251408,Bobby Odegard,Consumer,United States,USCA,Southern US,OFF-BI-5046,Office Supplies,Binders,Large Capacity Hanging Post Binders,124.75,5,0,57.38499999999999
ID-2015-AO10810102-42300,2015-10-23 00:00:00,AO-10810102,Anthony O'Donnell,Corporate,Philippines,Asia Pacific,Southeastern Asia,TEC-MA-5006,Technology,Machines,"Konica Inkjet, Durable",701.6625,3,0.25,177.68249999999998
IN-2015-MG1769527-42294,2015-10-17 00:00:00,MG-1769527,Maureen Gnade,Consumer,China,Asia Pacific,Eastern Asia,FUR-FU-3034,Furniture,Furnishings,"Advantus Frame, Durable",648.9000000000001,6,0,136.26
CG-2015-MH778533-42292,2015-10-15 00:00:00,MH-778533,Maya Herman,Corporate,Democratic Republic of the Congo,Africa,Central Africa,TEC-MA-5501,Technology,Machines,"Okidata Inkjet, Durable",312.51000000000005,1,0,3.12
ID-2015-RR193157-42307,2015-10-30 00:00:00,RR-193157,Ralph Ritter,Consumer,Australia,Asia Pacific,Oceania,FUR-BO-4863,Furniture,Bookcases,"Ikea Library with Doors, Traditional",654.102,2,0.1,-50.897999999999996
MX-2015-RW1963018-42292,2015-10-15 00:00:00,RW-1963018,Rob Williams,Corporate,Brazil,LATAM,South America,OFF-ST-5693,Office Supplies,Storage,"Rogers File Cart, Single Width",378.88000000000005,4,0,151.52
IN-2015-Co1264027-42280,2015-10-03 00:00:00,Co-1264027,Corey-Lock,Consumer,China,Asia Pacific,Eastern Asia,FUR-CH-5454,Furniture,Chairs,"Office Star Swivel Stool, Adjustable",705.7200000000001,4,0,91.67999999999999
MX-2015-KC1625555-42308,2015-10-31 00:00:00,KC-1625555,Karen Carlisle,Corporate,Honduras,LATAM,Central America,OFF-ST-6048,Office Supplies,Storage,"Smead Lockers, Single Width",238.13999999999996,3,0.4,23.75999999999999
ES-2015-SN20560120-42298,2015-10-21 00:00:00,SN-20560120,Skye Norling,Home Office,Spain,Europe,Southern Europe,FUR-CH-5456,Furniture,Chairs,"Office Star Swivel Stool, Red",417.456,3,0.2,-78.35400000000001
MX-2015-DW1358531-42287,2015-10-10 00:00:00,DW-1358531,Dorothy Wardle,Corporate,Cuba,LATAM,Caribbean,TEC-PH-5337,Technology,Phones,"Nokia Audio Dock, VoIP",556.1,5,0,5.5
EZ-2015-BD156032-42279,2015-10-02 00:00:00,BD-156032,Brendan Dodson,Home Office,Czech Republic,Europe,Eastern Europe,FUR-FU-3941,Furniture,Furnishings,"Deflect-O Frame, Duo Pack",880.8000000000001,8,0,70.32000000000001
ID-2015-GH144107-42308,2015-10-31 00:00:00,GH-144107,Gary Hansen,Home Office,Australia,Asia Pacific,Oceania,FUR-BO-3640,Furniture,Bookcases,"Bush Library with Doors, Mobile",660.3120000000001,2,0.1,242.11200000000002
CA-2015-BT11530140-42278,2015-10-01 00:00:00,BT-115301404,Bradley Talbott,Home Office,United States,USCA,Western US,TEC-AC-5656,Technology,Accessories,Razer Kraken PRO Over Ear PC and Music Headset,159.98,2,0,47.993999999999986
ID-2015-ES1402097-42304,2015-10-27 00:00:00,ES-1402097,Erica Smith,Consumer,Pakistan,Asia Pacific,Southern Asia,TEC-CO-3611,Technology,Copiers,"Brother Wireless Fax, Laser",568.2150000000001,3,0.5,-79.60500000000013
IN-2015-SV203657-42282,2015-10-05 00:00:00,SV-203657,Seth Vernon,Consumer,Australia,Asia Pacific,Oceania,TEC-MA-4212,Technology,Machines,"Epson Receipt Printer, Wireless",526.635,5,0.1,81.88499999999996
IN-2015-PF1922592-42283,2015-10-06 00:00:00,PF-1922592,Phillip Flathmann,Consumer,New Zealand,Asia Pacific,Oceania,FUR-CH-4557,Furniture,Chairs,"Harbour Creations Steel Folding Chair, Adjustable",803.04,8,0,345.12
ID-2015-DM1334559-42279,2015-10-02 00:00:00,DM-1334559,Denise Monton,Corporate,Indonesia,Asia Pacific,Southeastern Asia,FUR-TA-5070,Furniture,Tables,"Lesro Training Table, with Bottom Storage",854.7839999999999,6,0.47000000000000003,-241.9559999999998
MX-2015-LS1720080-42294,2015-10-17 00:00:00,LS-1720080,Luke Schmidt,Corporate,Martinique,LATAM,Caribbean,OFF-AR-5923,Office Supplies,Art,"Sanford Pencil Sharpener, Water Color",243.6,14,0,102.2
ID-2015-PP189557-42306,2015-10-29 00:00:00,PP-189557,Paul Prost,Home Office,Australia,Asia Pacific,Oceania,TEC-PH-5272,Technology,Phones,"Motorola Speaker Phone, VoIP",701.298,9,0.4,-257.202
ES-2015-DC1285048-42298,2015-10-21 00:00:00,DC-1285048,Dan Campbell,Consumer,Germany,Europe,Western Europe,TEC-PH-5336,Technology,Phones,"Nokia Audio Dock, Full Size",504.09000000000003,3,0,85.67999999999999
MX-2015-RW1963018-42292,2015-10-15 00:00:00,RW-1963018,Rob Williams,Corporate,Brazil,LATAM,South America,FUR-BO-4849,Furniture,Bookcases,"Ikea Classic Bookcase, Mobile",276.1799999999999,1,0,60.739999999999995
IN-2015-JL1523558-42278,2015-10-01 00:00:00,JL-1523558,Janet Lee,Consumer,India,Asia Pacific,Southern Asia,OFF-AR-3447,Office Supplies,Art,"BIC Canvas, Blue",375.9,7,0,7.349999999999999
MX-2015-DB1336018-42280,2015-10-03 00:00:00,DB-1336018,Dennis Bolton,Home Office,Brazil,LATAM,South America,FUR-BO-3895,Furniture,Bookcases,"Dania Corner Shelving, Pine",246.83999999999997,3,0,51.78000000000001
US-2015-CC1261018-42281,2015-10-04 00:00:00,CC-1261018,Corey Catlett,Corporate,Brazil,LATAM,South America,FUR-TA-3417,Furniture,Tables,"Bevis Computer Table, Adjustable Height",524.896,2,0.2,-124.66400000000002
CA-2015-BD11620140-42300,2015-10-23 00:00:00,BD-116201402,Brian DeCherney,Consumer,United States,USCA,Central US,OFF-ST-4281,Office Supplies,Storage,Fellowes Recycled Storage Drawers,333.09000000000003,3,0,23.316299999999984
CA-2015-BD11620140-42300,2015-10-23 00:00:00,BD-116201402,Brian DeCherney,Consumer,United States,USCA,Central US,FUR-TA-3410,Furniture,Tables,Bevis 36 x 72 Conference Tables,248.98,2,0,54.7756
MX-2015-FM1429018-42289,2015-10-12 00:00:00,FM-1429018,Frank Merwin,Home Office,Brazil,LATAM,South America,FUR-BO-5942,Furniture,Bookcases,"Sauder 3-Shelf Cabinet, Pine",560.1,5,0,5.6
UP-2015-MF8250137-42307,2015-10-30 00:00:00,MF-8250137,Monica Federle,Corporate,Ukraine,Europe,Eastern Europe,TEC-MA-5004,Technology,Machines,"Konica Card Printer, White",694.32,4,0,180.48
MX-2015-NR1855051-42287,2015-10-10 00:00:00,NR-1855051,Nick Radford,Consumer,Guatemala,LATAM,Central America,OFF-ST-6248,Office Supplies,Storage,"Tenex File Cart, Single Width",447.2,5,0,147.5
IN-2015-DR1294058-42283,2015-10-06 00:00:00,DR-1294058,Daniel Raglin,Home Office,India,Asia Pacific,Southern Asia,TEC-AC-4178,Technology,Accessories,"Enermax Numeric Keypad, Bluetooth",172.62,3,0,58.67999999999999
IT-2015-JD1589564-42294,2015-10-17 00:00:00,JD-1589564,Jonathan Doherty,Corporate,Italy,Europe,Southern Europe,TEC-PH-5251,Technology,Phones,"Motorola Headset, Cordless",545.0939999999999,11,0.4,-72.99599999999992
MX-2015-PO1885082-42279,2015-10-02 00:00:00,PO-1885082,Patrick O'Brill,Consumer,Mexico,LATAM,Central America,TEC-PH-3802,Technology,Phones,"Cisco Signal Booster, VoIP",405.12,4,0,52.64
IN-2015-GK1462092-42294,2015-10-17 00:00:00,GK-1462092,Grace Kelly,Corporate,New Zealand,Asia Pacific,Oceania,FUR-TA-3413,Furniture,Tables,"Bevis Coffee Table, Adjustable Height",320.37,1,0,32.01
SF-2015-LT7110117-42280,2015-10-03 00:00:00,LT-7110117,Liz Thompson,Consumer,South Africa,Africa,Southern Africa,FUR-BO-3625,Furniture,Bookcases,"Bush Classic Bookcase, Mobile",415.19999999999993,1,0,20.759999999999998
MX-2015-VW2177582-42295,2015-10-18 00:00:00,VW-2177582,Victoria Wilson,Corporate,Mexico,LATAM,Central America,TEC-PH-5252,Technology,Phones,"Motorola Headset, Full Size",594.22,11,0,148.5
ID-2015-SV2081559-42301,2015-10-24 00:00:00,SV-2081559,Stuart Van,Corporate,Indonesia,Asia Pacific,Southeastern Asia,TEC-MA-4196,Technology,Machines,"Epson Card Printer, Wireless",423.17549999999994,3,0.17,35.63549999999999
MX-2015-SG2047031-42279,2015-10-02 00:00:00,SG-2047031,Sheri Gordon,Consumer,Cuba,LATAM,Caribbean,TEC-AC-3398,Technology,Accessories,"Belkin Numeric Keypad, USB",333.36,9,0,49.86
MX-2015-NR1855051-42287,2015-10-10 00:00:00,NR-1855051,Nick Radford,Consumer,Guatemala,LATAM,Central America,FUR-CH-5413,Furniture,Chairs,"Novimex Swivel Stool, Red",657.84,6,0,236.76000000000005
MX-2015-MT1781582-42306,2015-10-29 00:00:00,MT-1781582,Meg Tillman,Consumer,Mexico,LATAM,Central America,OFF-AP-4505,Office Supplies,Appliances,"Hamilton Beach Stove, Black",722.36,2,0,50.56000000000001
ES-2015-DP1300048-42280,2015-10-03 00:00:00,DP-1300048,Darren Powers,Consumer,Germany,Europe,Western Europe,TEC-CO-3591,Technology,Copiers,"Brother Fax and Copier, Color",771.72,4,0,185.16
ID-2015-AR105707-42290,2015-10-13 00:00:00,AR-105707,Anemone Ratner,Consumer,Australia,Asia Pacific,Oceania,FUR-CH-5395,Furniture,Chairs,"Novimex Rocking Chair, Black",232.20000000000002,2,0.1,15.48
MX-2015-MH1802582-42283,2015-10-06 00:00:00,MH-1802582,Michelle Huthwaite,Consumer,Mexico,LATAM,Central America,FUR-CH-4532,Furniture,Chairs,"Harbour Creations Executive Leather Armchair, Red",1015.168,4,0.2,329.8879999999999
IN-2015-MS178307-42306,2015-10-29 00:00:00,MS-178307,Melanie Seite,Consumer,Australia,Asia Pacific,Oceania,TEC-PH-5265,Technology,Phones,"Motorola Signal Booster, VoIP",773.3879999999999,6,0.1,326.448
US-2015-HA1490598-42291,2015-10-14 00:00:00,HA-1490598,Helen Abelman,Consumer,Panama,LATAM,Central America,TEC-CO-4575,Technology,Copiers,"Hewlett Fax Machine, Color",384.34655999999995,3,0.402,-162.01344000000003
MX-2015-DD1357018-42292,2015-10-15 00:00:00,DD-1357018,Dorothy Dickinson,Consumer,Brazil,LATAM,South America,OFF-BI-2899,Office Supplies,Binders,"Acco Binding Machine, Clear",303.30000000000007,9,0,60.660000000000004
MX-2015-DD1357018-42292,2015-10-15 00:00:00,DD-1357018,Dorothy Dickinson,Consumer,Brazil,LATAM,South America,FUR-CH-4519,Furniture,Chairs,"Harbour Creations Bag Chairs, Black",236.76000000000005,6,0,47.279999999999994
MX-2015-MH1802582-42283,2015-10-06 00:00:00,MH-1802582,Michelle Huthwaite,Consumer,Mexico,LATAM,Central America,OFF-ST-6263,Office Supplies,Storage,"Tenex Lockers, Single Width",408.35999999999996,3,0,77.58000000000001
IN-2015-TZ2144527-42300,2015-10-23 00:00:00,TZ-2144527,Tom Zandusky,Corporate,China,Asia Pacific,Eastern Asia,FUR-CH-5366,Furniture,Chairs,"Novimex Bag Chairs, Adjustable",145.35000000000002,3,0,62.46
IN-2015-SC2038027-42306,2015-10-29 00:00:00,SC-2038027,Shahid Collister,Consumer,China,Asia Pacific,Eastern Asia,FUR-FU-5737,Furniture,Furnishings,"Rubbermaid Photo Frame, Durable",341.46,7,0,160.44
MX-2015-TB2128018-42298,2015-10-21 00:00:00,TB-2128018,Toby Braunhardt,Consumer,Brazil,LATAM,South America,OFF-EN-4910,Office Supplies,Envelopes,"Jiffy Interoffice Envelope, Recycled",211.12000000000003,7,0,71.68
IN-2015-BM1178559-42280,2015-10-03 00:00:00,BM-1178559,Bryan Mills,Consumer,Indonesia,Asia Pacific,Southeastern Asia,TEC-MA-5508,Technology,Machines,"Okidata Phone, White",495.36059999999986,7,0.17,149.0706
US-2015-PJ1901582-42280,2015-10-03 00:00:00,PJ-1901582,Pauline Johnson,Consumer,Mexico,LATAM,Central America,TEC-PH-5246,Technology,Phones,"Motorola Audio Dock, Cordless",352.43999999999994,3,0,59.88000000000001
IT-2015-SC20380124-42283,2015-10-06 00:00:00,SC-20380124,Shahid Collister,Consumer,Sweden,Europe,Northern Europe,FUR-CH-5450,Furniture,Chairs,"Office Star Steel Folding Chair, Adjustable",423.9,9,0.5,-17.00999999999999
ES-2015-HR14770139-42290,2015-10-13 00:00:00,HR-14770139,Hallie Redmond,Home Office,United Kingdom,Europe,Northern Europe,TEC-MA-5020,Technology,Machines,"Konica Receipt Printer, White",603.3000000000002,5,0,205.04999999999998
IN-2015-TC214757-42304,2015-10-27 00:00:00,TC-214757,Tony Chapman,Home Office,Australia,Asia Pacific,Oceania,FUR-BO-5768,Furniture,Bookcases,"Safco Corner Shelving, Metal",402.08400000000006,3,0.1,-44.67600000000001
CA-2015-CS11845140-42278,2015-10-01 00:00:00,CS-118451404,Cari Sayre,Corporate,United States,USCA,Western US,OFF-PA-6431,Office Supplies,Paper,Xerox 1882,167.94,3,0,82.2906
IN-2015-AP1091558-42293,2015-10-16 00:00:00,AP-1091558,Arthur Prichep,Consumer,India,Asia Pacific,Southern Asia,FUR-CH-5794,Furniture,Chairs,"SAFCO Rocking Chair, Black",264.96000000000004,2,0,10.56
CA-2015-CS11845140-42278,2015-10-01 00:00:00,CS-118451404,Cari Sayre,Corporate,United States,USCA,Western US,OFF-PA-3011,Office Supplies,Paper,"Adams Telephone Message Book W/Dividers/Space For Phone Numbers, 5 1/4""X8 1/2"", 300/Messages",11.76,2,0,5.7623999999999995
CA-2015-CS11845140-42278,2015-10-01 00:00:00,CS-118451404,Cari Sayre,Corporate,United States,USCA,Western US,OFF-AP-3838,Office Supplies,Appliances,"Commercial WindTunnel Clean Air Upright Vacuum, Replacement Belts, Filtration Bags",3.89,1,0,1.0114
MX-2015-DW13585132-42285,2015-10-08 00:00:00,DW-13585132,Dorothy Wardle,Corporate,Trinidad and Tobago,LATAM,Caribbean,OFF-BI-3726,Office Supplies,Binders,"Cardinal Binding Machine, Economy",265.44000000000005,8,0,31.839999999999996
MX-2015-PV1898518-42305,2015-10-28 00:00:00,PV-1898518,Paul Van Hugh,Home Office,Brazil,LATAM,South America,OFF-SU-4326,Office Supplies,Supplies,"Fiskars Trimmer, High Speed",84.60000000000002,3,0,6.719999999999999
MX-2015-MD17860132-42293,2015-10-16 00:00:00,MD-17860132,Michael Dominguez,Corporate,Trinidad and Tobago,LATAM,Caribbean,OFF-PA-4463,Office Supplies,Paper,"Green Bar Cards & Envelopes, Premium",225.82000000000008,7,0,8.96
IN-2015-LP170807-42294,2015-10-17 00:00:00,LP-170807,Liz Pelletier,Consumer,Australia,Asia Pacific,Oceania,OFF-PA-6603,Office Supplies,Paper,"Xerox Cards & Envelopes, Recycled",282.744,7,0.1,62.66400000000001
EG-2015-MM792038-42286,2015-10-09 00:00:00,MM-792038,Michael Moore,Consumer,Egypt,Africa,North Africa,FUR-BO-4866,Furniture,Bookcases,"Ikea Stackable Bookrack, Pine",123.93,1,0,61.949999999999996
US-2015-PJ190155-42286,2015-10-09 00:00:00,PJ-190155,Pauline Johnson,Consumer,Argentina,LATAM,South America,OFF-AP-3574,Office Supplies,Appliances,"Breville Refrigerator, Black",415.0079999999999,2,0.4,-228.272
MX-2015-JE1574555-42278,2015-10-01 00:00:00,JE-1574555,Joel Eaton,Consumer,Honduras,LATAM,Central America,TEC-CO-3605,Technology,Copiers,"Brother Personal Copier, Digital",284.10980000000006,5,0.402,18.00979999999995
CA-2015-CS11950140-42302,2015-10-25 00:00:00,CS-119501408,Carlos Soltero,Consumer,United States,USCA,Southern US,OFF-FA-6129,Office Supplies,Fasteners,Staples,11.68,4,0,5.255999999999999
TU-2015-BG1740134-42293,2015-10-16 00:00:00,BG-1740134,Bruce Geld,Consumer,Turkey,Asia Pacific,Western Asia,OFF-ST-6031,Office Supplies,Storage,"Smead File Cart, Blue",407.904,8,0.6,-601.776
SY-2015-FO4305126-42296,2015-10-19 00:00:00,FO-4305126,Frank Olsen,Consumer,Syria,Asia Pacific,Western Asia,TEC-PH-5268,Technology,Phones,"Motorola Smart Phone, Full Size",386.388,1,0.4,-64.42200000000003
ES-2015-NS1850545-42307,2015-10-30 00:00:00,NS-1850545,Neola Schneider,Consumer,France,Europe,Western Europe,FUR-TA-4705,Furniture,Tables,"Hon Training Table, Adjustable Height",435.35699999999997,2,0.35,40.13700000000003
MX-2015-PV1898518-42305,2015-10-28 00:00:00,PV-1898518,Paul Van Hugh,Home Office,Brazil,LATAM,South America,FUR-BO-3617,Furniture,Bookcases,"Bush 3-Shelf Cabinet, Pine",96.47999999999999,1,0,34.72
IN-2015-JL1523558-42278,2015-10-01 00:00:00,JL-1523558,Janet Lee,Consumer,India,Asia Pacific,Southern Asia,OFF-PA-6600,Office Supplies,Paper,"Xerox Cards & Envelopes, 8.5 x 11",392.88,8,0,137.28
MX-2015-LS1720080-42294,2015-10-17 00:00:00,LS-1720080,Luke Schmidt,Corporate,Martinique,LATAM,Caribbean,FUR-CH-5395,Furniture,Chairs,"Novimex Rocking Chair, Black",516,6,0,175.44
ID-2015-CM118157-42292,2015-10-15 00:00:00,CM-118157,Candace McMahon,Corporate,Australia,Asia Pacific,Oceania,FUR-TA-5073,Furniture,Tables,"Lesro Wood Table, Rectangular",651,2,0.3,-158.10000000000002
MX-2015-RB1933082-42294,2015-10-17 00:00:00,RB-1933082,Randy Bradley,Consumer,Mexico,LATAM,Central America,OFF-AR-6107,Office Supplies,Art,"Stanley Canvas, Fluorescent",270.56,8,0,129.76
MX-2015-MC1759082-42299,2015-10-22 00:00:00,MC-1759082,Matt Collister,Corporate,Mexico,LATAM,Central America,FUR-BO-5787,Furniture,Bookcases,"Safco Library with Doors, Pine",417.216,2,0.2,104.296
US-2015-RK1930036-42284,2015-10-07 00:00:00,RK-1930036,Ralph Kennedy,Consumer,Dominican Republic,LATAM,Caribbean,TEC-CO-3594,Technology,Copiers,"Brother Fax and Copier, Laser",509.3634,5,0.202,-58.736599999999996
IN-2015-TC214757-42306,2015-10-29 00:00:00,TC-214757,Tony Chapman,Home Office,Australia,Asia Pacific,Oceania,OFF-AP-4491,Office Supplies,Appliances,"Hamilton Beach Blender, Silver",319.68000000000006,5,0.1,56.73000000000001
IN-2015-VM216857-42306,2015-10-29 00:00:00,VM-216857,Valerie Mitchum,Home Office,Australia,Asia Pacific,Oceania,FUR-CH-5407,Furniture,Chairs,"Novimex Steel Folding Chair, Black",646.3799999999999,9,0.1,57.239999999999995
IN-2015-CR1282058-42294,2015-10-17 00:00:00,CR-1282058,Cyra Reiten,Home Office,India,Asia Pacific,Southern Asia,OFF-ST-4079,Office Supplies,Storage,"Eldon Lockers, Industrial",595.17,3,0,249.93
ES-2015-TH21550139-42294,2015-10-17 00:00:00,TH-21550139,Tracy Hopkins,Home Office,United Kingdom,Europe,Northern Europe,OFF-ST-6032,Office Supplies,Storage,"Smead File Cart, Industrial",256.79999999999995,2,0,71.88
ES-2015-DK13225139-42279,2015-10-02 00:00:00,DK-13225139,Dean Katz,Corporate,United Kingdom,Europe,Northern Europe,TEC-CO-3606,Technology,Copiers,"Brother Personal Copier, High-Speed",761.8860000000001,6,0.1,101.466
IN-2015-SC2030558-42283,2015-10-06 00:00:00,SC-2030558,Sean Christensen,Consumer,India,Asia Pacific,Southern Asia,TEC-PH-3796,Technology,Phones,"Cisco Office Telephone, Cordless",333.24,4,0,79.92
MX-2015-AA1064593-42306,2015-10-29 00:00:00,AA-1064593,Anna Andreadi,Consumer,Nicaragua,LATAM,Central America,FUR-BO-3905,Furniture,Bookcases,"Dania Stackable Bookrack, Mobile",567.4199999999998,7,0,164.5
IR-2015-DO343560-42298,2015-10-21 00:00:00,DO-343560,Denny Ordway,Consumer,Iran,Asia Pacific,Southern Asia,TEC-AC-4158,Technology,Accessories,"Enermax Keyboard, USB",334.68,4,0,110.39999999999999
ID-2015-JC1534097-42299,2015-10-22 00:00:00,JC-1534097,Jasper Cacioppo,Consumer,Pakistan,Asia Pacific,Southern Asia,FUR-CH-4532,Furniture,Chairs,"Harbour Creations Executive Leather Armchair, Red",380.68799999999993,1,0.2,19.008000000000024
ID-2015-TB2105592-42292,2015-10-15 00:00:00,TB-2105592,Ted Butterfield,Consumer,New Zealand,Asia Pacific,Oceania,TEC-PH-3151,Technology,Phones,"Apple Speaker Phone, Full Size",398.68800000000005,8,0.6,-358.992
MX-2015-CL1270093-42284,2015-10-07 00:00:00,CL-1270093,Craig Leslie,Home Office,Nicaragua,LATAM,Central America,FUR-BO-5778,Furniture,Bookcases,"Safco Floating Shelf Set, Mobile",398.52000000000004,3,0,191.28000000000003
RS-2015-MB8085108-42278,2015-10-01 00:00:00,MB-8085108,Mick Brown,Consumer,Russia,Europe,Eastern Europe,FUR-CH-5367,Furniture,Chairs,"Novimex Bag Chairs, Black",174.12,4,0,76.56
CA-2015-CP12085140-42287,2015-10-10 00:00:00,CP-120851406,Cathy Prescott,Corporate,United States,USCA,Eastern US,FUR-FU-5419,Furniture,Furnishings,Nu-Dell Leatherette Frames,45.888000000000005,4,0.2,9.177599999999998
ID-2015-KB1660092-42283,2015-10-06 00:00:00,KB-1660092,Ken Brennan,Corporate,New Zealand,Asia Pacific,Oceania,TEC-AC-3386,Technology,Accessories,"Belkin Keyboard, Programmable",409.82399999999996,8,0.4,-27.456000000000017
ID-2015-AF1088559-42293,2015-10-16 00:00:00,AF-1088559,Art Foster,Consumer,Indonesia,Asia Pacific,Southeastern Asia,FUR-CH-5409,Furniture,Chairs,"Novimex Steel Folding Chair, Set of Two",555.0336,9,0.27,-175.0464
CA-2015-CM12115140-42280,2015-10-03 00:00:00,CM-121151404,Chad McGuire,Consumer,United States,USCA,Western US,TEC-MA-5681,Technology,Machines,Ricoh - Ink Collector Unit for GX3000 Series Printers,369.16,11,0.2,32.30150000000002
MX-2015-BS1180082-42305,2015-10-28 00:00:00,BS-1180082,Bryan Spruell,Home Office,Mexico,LATAM,Central America,OFF-ST-4097,Office Supplies,Storage,"Eldon Shelving, Wire Frame",221.62000000000003,7,0,97.43999999999998
MX-2015-CJ12010141-42298,2015-10-21 00:00:00,CJ-12010141,Caroline Jumper,Consumer,Uruguay,LATAM,South America,FUR-CH-4698,Furniture,Chairs,"Hon Steel Folding Chair, Black",157.98000000000002,3,0,37.86
CA-2015-CM12115140-42280,2015-10-03 00:00:00,CM-121151404,Chad McGuire,Consumer,United States,USCA,Western US,FUR-FU-3911,Furniture,Furnishings,Dax Clear Box Frame,17.46,2,0,5.936399999999999
MX-2015-NM1844518-42284,2015-10-07 00:00:00,NM-1844518,Nathan Mautz,Home Office,Brazil,LATAM,South America,FUR-BO-5973,Furniture,Bookcases,"Sauder Stackable Bookrack, Traditional",487.6,5,0,4.8
MX-2015-DW1358531-42287,2015-10-10 00:00:00,DW-1358531,Dorothy Wardle,Corporate,Cuba,LATAM,Caribbean,TEC-CO-4588,Technology,Copiers,"Hewlett Personal Copier, High-Speed",379.16015999999996,4,0.002,29.560159999999996
US-2015-CB1202582-42305,2015-10-28 00:00:00,CB-1202582,Cassandra Brandow,Consumer,Mexico,LATAM,Central America,FUR-CH-5801,Furniture,Chairs,"SAFCO Steel Folding Chair, Black",177.66400000000004,4,0.2,-42.25600000000001
IN-2015-HM149807-42297,2015-10-20 00:00:00,HM-149807,Henry MacAllister,Consumer,Australia,Asia Pacific,Oceania,TEC-PH-5342,Technology,Phones,"Nokia Headset, with Caller ID",328.99499999999995,5,0.1,94.99499999999999
IN-2015-SC2038027-42306,2015-10-29 00:00:00,SC-2038027,Shahid Collister,Consumer,China,Asia Pacific,Eastern Asia,FUR-CH-5373,Furniture,Chairs,"Novimex Chairmat, Set of Two",234.36,4,0,86.64
CA-2015-CM12160140-42299,2015-10-22 00:00:00,CM-121601406,Charles McCrossin,Consumer,United States,USCA,Eastern US,TEC-PH-5241,Technology,Phones,Mitel MiVoice 5330e IP Phone,329.988,2,0.4,-76.99720000000002
CA-2015-CM12160140-42299,2015-10-22 00:00:00,CM-121601406,Charles McCrossin,Consumer,United States,USCA,Eastern US,OFF-ST-2920,Office Supplies,Storage,Acco Perma 2700 Stacking Storage Drawers,71.376,3,0.2,-4.460999999999995
IN-2015-MG1768027-42281,2015-10-04 00:00:00,MG-1768027,Maureen Gastineau,Home Office,China,Asia Pacific,Eastern Asia,FUR-CH-4701,Furniture,Chairs,"Hon Swivel Stool, Adjustable",332.2800000000001,2,0,29.880000000000003
MX-2015-TB2128018-42298,2015-10-21 00:00:00,TB-2128018,Toby Braunhardt,Consumer,Brazil,LATAM,South America,TEC-CO-3609,Technology,Copiers,"Brother Wireless Fax, Digital",503.59080000000006,2,0.002,104.95079999999999
US-2015-NP18685101-42283,2015-10-06 00:00:00,NP-18685101,Nora Pelletier,Home Office,Peru,LATAM,South America,FUR-TA-5072,Furniture,Tables,"Lesro Wood Table, Fully Assembled",375.12000000000006,4,0.7,-437.67999999999995
IT-2015-GT14635139-42304,2015-10-27 00:00:00,GT-14635139,Grant Thornton,Corporate,United Kingdom,Europe,Northern Europe,TEC-PH-5259,Technology,Phones,"Motorola Office Telephone, Cordless",223.82999999999996,3,0,58.14
IV-2015-BP118529-42285,2015-10-08 00:00:00,BP-118529,Ben Peterman,Corporate,Cote d'Ivoire,Africa,Western Africa,OFF-AP-4749,Office Supplies,Appliances,"Hoover Toaster, White",327.12,4,0,114.47999999999999
US-2015-TS21655101-42285,2015-10-08 00:00:00,TS-21655101,Trudy Schmidt,Consumer,Peru,LATAM,South America,FUR-BO-3906,Furniture,Bookcases,"Dania Stackable Bookrack, Pine",196.70399999999998,4,0.4,-72.17599999999999
MX-2015-MF1825031-42292,2015-10-15 00:00:00,MF-1825031,Monica Federle,Corporate,Cuba,LATAM,Caribbean,FUR-CH-5367,Furniture,Chairs,"Novimex Bag Chairs, Black",203.14,7,0,89.32
MO-2015-RE940586-42298,2015-10-21 00:00:00,RE-940586,Ricardo Emerson,Consumer,Morocco,Africa,North Africa,TEC-MA-5006,Technology,Machines,"Konica Inkjet, Durable",623.7,2,0,37.38
MX-2015-JD1606039-42304,2015-10-27 00:00:00,JD-1606039,Julia Dunbar,Consumer,El Salvador,LATAM,Central America,OFF-ST-4267,Office Supplies,Storage,"Fellowes Lockers, Industrial",415.62000000000006,3,0,8.280000000000001
MX-2015-MB1808531-42286,2015-10-09 00:00:00,MB-1808531,Mick Brown,Consumer,Cuba,LATAM,Caribbean,FUR-BO-3898,Furniture,Bookcases,"Dania Floating Shelf Set, Mobile",343.73999999999995,3,0,164.94
MX-2015-GH1441051-42279,2015-10-02 00:00:00,GH-1441051,Gary Hansen,Home Office,Guatemala,LATAM,Central America,OFF-EN-3666,Office Supplies,Envelopes,"Cameo Mailers, Security-Tint",135.2,5,0,44.6
MX-2015-PO1885082-42279,2015-10-02 00:00:00,PO-1885082,Patrick O'Brill,Consumer,Mexico,LATAM,Central America,FUR-CH-4700,Furniture,Chairs,"Hon Steel Folding Chair, Set of Two",267.744,6,0.2,20.064
ID-2015-ME1772597-42308,2015-10-31 00:00:00,ME-1772597,Max Engle,Consumer,Pakistan,Asia Pacific,Southern Asia,OFF-ST-4258,Office Supplies,Storage,"Fellowes File Cart, Industrial",206.68500000000003,3,0.5,-173.65500000000003
MX-2015-JD1606039-42304,2015-10-27 00:00:00,JD-1606039,Julia Dunbar,Consumer,El Salvador,LATAM,Central America,TEC-CO-6004,Technology,Copiers,"Sharp Ink, Laser",662.19296,8,0.002,197.71296
ID-2015-PC18745102-42287,2015-10-10 00:00:00,PC-18745102,Pamela Coakley,Corporate,Philippines,Asia Pacific,Southeastern Asia,FUR-BO-5953,Furniture,Bookcases,"Sauder Corner Shelving, Mobile",194.76600000000005,2,0.35,-95.93400000000001
MX-2015-CC1243051-42306,2015-10-29 00:00:00,CC-1243051,Chuck Clark,Home Office,Guatemala,LATAM,Central America,FUR-FU-3032,Furniture,Furnishings,"Advantus Frame, Black",666.72,9,0,53.28000000000001
CA-2015-CS12250140-42286,2015-10-09 00:00:00,CS-122501404,Chris Selesnick,Corporate,United States,USCA,Western US,TEC-AC-5147,Technology,Accessories,Logitech Illuminated - Keyboard,239.96,4,0,115.1808
CA-2015-CS12250140-42286,2015-10-09 00:00:00,CS-122501404,Chris Selesnick,Corporate,United States,USCA,Western US,TEC-PH-3966,Technology,Phones,Digium D40 VoIP phone,103.19200000000001,1,0.2,11.609099999999998
CA-2015-CS12250140-42286,2015-10-09 00:00:00,CS-122501404,Chris Selesnick,Corporate,United States,USCA,Western US,TEC-AC-4940,Technology,Accessories,KeyTronic E03601U1 - Keyboard - Beige,36,2,0,6.479999999999997
CA-2015-CS12250140-42286,2015-10-09 00:00:00,CS-122501404,Chris Selesnick,Corporate,United States,USCA,Western US,OFF-ST-6288,Office Supplies,Storage,Tennsco Commercial Shelving,40.68,2,0,0.40679999999999694
IN-2015-DW1348058-42304,2015-10-27 00:00:00,DW-1348058,Dianna Wilson,Home Office,India,Asia Pacific,Southern Asia,FUR-CH-4681,Furniture,Chairs,"Hon Rocking Chair, Adjustable",266.22,2,0,69.17999999999999
ES-2015-DR12940120-42279,2015-10-02 00:00:00,DR-12940120,Daniel Raglin,Home Office,Spain,Europe,Southern Europe,OFF-BI-3186,Office Supplies,Binders,"Avery 3-Hole Punch, Clear",300.63000000000005,11,0,38.94
ES-2015-AR1034544-42301,2015-10-24 00:00:00,AR-1034544,Alex Russell,Corporate,Finland,Europe,Northern Europe,FUR-CH-5456,Furniture,Chairs,"Office Star Swivel Stool, Red",173.94,1,0,8.67
ID-2015-MO17800130-42290,2015-10-13 00:00:00,MO-17800130,Meg O'Connel,Home Office,Thailand,Asia Pacific,Southeastern Asia,OFF-ST-4283,Office Supplies,Storage,"Fellowes Shelving, Industrial",247.27679999999998,8,0.47000000000000003,-149.4432
CA-2015-CA12265140-42297,2015-10-20 00:00:00,CA-122651402,Christina Anderson,Consumer,United States,USCA,Central US,FUR-BO-5743,Furniture,Bookcases,Rush Hierlooms Collection Rich Wood Bookcases,328.39919999999995,3,0.32,-91.75859999999997
CA-2015-CA12265140-42290,2015-10-13 00:00:00,CA-122651406,Christina Anderson,Consumer,United States,USCA,Eastern US,OFF-PA-6508,Office Supplies,Paper,Xerox 1952,9.96,2,0,4.6812000000000005
CA-2015-CA12265140-42297,2015-10-20 00:00:00,CA-122651402,Christina Anderson,Consumer,United States,USCA,Central US,OFF-BI-6018,Office Supplies,Binders,"SlimView Poly Binder, 3/8""",2.0719999999999996,2,0.8,-3.522400000000001
IN-2015-SW20455118-42304,2015-10-27 00:00:00,SW-20455118,Shaun Weien,Consumer,South Korea,Asia Pacific,Eastern Asia,FUR-BO-3624,Furniture,Bookcases,"Bush Classic Bookcase, Metal",329.712,1,0.2,94.78200000000001
IN-2015-SV203657-42282,2015-10-05 00:00:00,SV-203657,Seth Vernon,Consumer,Australia,Asia Pacific,Oceania,TEC-PH-5829,Technology,Phones,"Samsung Office Telephone, Cordless",367.578,6,0.1,-0.16200000000000614
ES-2015-EM14200139-42283,2015-10-06 00:00:00,EM-14200139,Evan Minnotte,Home Office,United Kingdom,Europe,Northern Europe,FUR-BO-3628,Furniture,Bookcases,"Bush Corner Shelving, Metal",246.89999999999998,2,0,34.56
RS-2015-HA4920108-42279,2015-10-02 00:00:00,HA-4920108,Helen Andreada,Consumer,Russia,Europe,Eastern Europe,FUR-BO-3637,Furniture,Bookcases,"Bush Floating Shelf Set, Traditional",171.26999999999998,1,0,30.81
IT-2015-KB1631564-42301,2015-10-24 00:00:00,KB-1631564,Karl Braun,Consumer,Italy,Europe,Southern Europe,OFF-ST-6048,Office Supplies,Storage,"Smead Lockers, Single Width",238.14,2,0.4,19.80000000000001
UZ-2015-FP4320142-42287,2015-10-10 00:00:00,FP-4320142,Frank Preis,Consumer,Uzbekistan,Asia Pacific,Central Asia,OFF-AP-4965,Office Supplies,Appliances,"KitchenAid Stove, Red",570.1500000000001,1,0,159.63
ID-2015-LW172157-42293,2015-10-16 00:00:00,LW-172157,Luke Weiss,Consumer,Australia,Asia Pacific,Oceania,OFF-EN-3661,Office Supplies,Envelopes,"Cameo Interoffice Envelope, Recycled",208.03500000000003,5,0.1,62.385
SF-2015-LT7110117-42280,2015-10-03 00:00:00,LT-7110117,Liz Thompson,Consumer,South Africa,Africa,Southern Africa,TEC-MA-5018,Technology,Machines,"Konica Receipt Printer, Durable",244.74000000000004,2,0,70.92
IN-2015-AG1027027-42304,2015-10-27 00:00:00,AG-1027027,Alejandro Grove,Consumer,China,Asia Pacific,Eastern Asia,TEC-PH-3151,Technology,Phones,"Apple Speaker Phone, Full Size",249.18,2,0,59.760000000000005
MX-2015-MC1742593-42304,2015-10-27 00:00:00,MC-1742593,Mark Cousins,Corporate,Nicaragua,LATAM,Central America,TEC-CO-3587,Technology,Copiers,"Brother Copy Machine, Color",526.4050799999999,3,0.002,188.78508
MX-2015-MT17815100-42306,2015-10-29 00:00:00,MT-17815100,Meg Tillman,Consumer,Paraguay,LATAM,South America,OFF-BI-2899,Office Supplies,Binders,"Acco Binding Machine, Clear",303.30000000000007,9,0,60.660000000000004
MX-2015-FW143955-42306,2015-10-29 00:00:00,FW-143955,Fred Wasserman,Corporate,Argentina,LATAM,South America,OFF-AP-4958,Office Supplies,Appliances,"KitchenAid Microwave, Silver",373.284,3,0.4,49.76399999999999
MX-2015-Dp1324018-42304,2015-10-27 00:00:00,Dp-1324018,Dean percer,Home Office,Brazil,LATAM,South America,TEC-AC-5206,Technology,Accessories,"Memorex Memory Card, USB",204.96000000000004,3,0,53.28000000000001
IN-2015-RF198407-42300,2015-10-23 00:00:00,RF-198407,Roy Französisch,Consumer,Australia,Asia Pacific,Oceania,OFF-ST-6067,Office Supplies,Storage,"Smead Trays, Single Width",349.27199999999993,8,0.1,31.03200000000001
EG-2015-MM792038-42286,2015-10-09 00:00:00,MM-792038,Michael Moore,Consumer,Egypt,Africa,North Africa,TEC-AC-4180,Technology,Accessories,"Enermax Numeric Keypad, USB",110.28,2,0,31.98
US-2015-MT1781518-42306,2015-10-29 00:00:00,MT-1781518,Meg Tillman,Consumer,Brazil,LATAM,South America,TEC-MA-5548,Technology,Machines,"Panasonic Inkjet, White",165.60000000000005,2,0.6,-202.88000000000005
US-2015-DK1283555-42280,2015-10-03 00:00:00,DK-1283555,Damala Kotsonis,Corporate,Honduras,LATAM,Central America,FUR-BO-5787,Furniture,Bookcases,"Safco Library with Doors, Pine",312.912,2,0.4,-0.007999999999992725
ES-2015-CW11905139-42288,2015-10-11 00:00:00,CW-11905139,Carl Weiss,Home Office,United Kingdom,Europe,Northern Europe,OFF-ST-4094,Office Supplies,Storage,"Eldon Shelving, Blue",261.468,6,0.1,49.24799999999999
US-2015-LL1684055-42284,2015-10-07 00:00:00,LL-1684055,Lauren Leatherbury,Consumer,Honduras,LATAM,Central America,FUR-BO-3636,Furniture,Bookcases,"Bush Floating Shelf Set, Pine",138.09599999999998,2,0.4,-27.624000000000002
IN-2015-GK1462058-42307,2015-10-30 00:00:00,GK-1462058,Grace Kelly,Corporate,India,Asia Pacific,Southern Asia,OFF-ST-4296,Office Supplies,Storage,"Fellowes Trays, Wire Frame",225.84,4,0,29.28
IN-2015-JM1586558-42301,2015-10-24 00:00:00,JM-1586558,John Murray,Consumer,India,Asia Pacific,Southern Asia,TEC-CO-3705,Technology,Copiers,"Canon Personal Copier, High-Speed",140.94,1,0,4.199999999999999
IN-2015-TT2107066-42288,2015-10-11 00:00:00,TT-2107066,Ted Trevino,Consumer,Japan,Asia Pacific,Eastern Asia,FUR-CH-5807,Furniture,Chairs,"SAFCO Swivel Stool, Red",503.82,3,0,196.46999999999997
MX-2015-MB1808531-42286,2015-10-09 00:00:00,MB-1808531,Mick Brown,Consumer,Cuba,LATAM,Caribbean,OFF-SU-4135,Office Supplies,Supplies,"Elite Trimmer, Easy Grip",404.0400000000001,14,0,100.8
ID-2015-TS2137097-42300,2015-10-23 00:00:00,TS-2137097,Todd Sumrall,Corporate,Pakistan,Asia Pacific,Southern Asia,OFF-ST-6059,Office Supplies,Storage,"Smead Shelving, Single Width",171.36,7,0.5,-157.71
ES-2015-TH21550139-42294,2015-10-17 00:00:00,TH-21550139,Tracy Hopkins,Home Office,United Kingdom,Europe,Northern Europe,OFF-SU-4974,Office Supplies,Supplies,"Kleencut Box Cutter, High Speed",173.25,5,0,0
IN-2015-EB1370559-42294,2015-10-17 00:00:00,EB-1370559,Ed Braxton,Corporate,Indonesia,Asia Pacific,Southeastern Asia,TEC-CO-3594,Technology,Copiers,"Brother Fax and Copier, Laser",178.0857,1,0.07,22.955699999999997
ES-2015-MB1730548-42290,2015-10-13 00:00:00,MB-1730548,Maria Bertelson,Consumer,Germany,Europe,Western Europe,TEC-MA-5541,Technology,Machines,"Panasonic Calculator, Wireless",201.12,4,0,3.96
CA-2015-CC12430140-42281,2015-10-04 00:00:00,CC-124301406,Chuck Clark,Home Office,United States,USCA,Eastern US,TEC-AC-5105,Technology,Accessories,Logitech G19 Programmable Gaming Keyboard,371.96999999999997,3,0,66.95459999999997
IN-2015-MM1792058-42299,2015-10-22 00:00:00,MM-1792058,Michael Moore,Consumer,India,Asia Pacific,Southern Asia,FUR-BO-3885,Furniture,Bookcases,"Dania 3-Shelf Cabinet, Metal",281.82,2,0,98.58
CA-2015-CC12430140-42281,2015-10-04 00:00:00,CC-124301406,Chuck Clark,Home Office,United States,USCA,Eastern US,FUR-FU-5165,Furniture,Furnishings,Magnifier Swing Arm Lamp,83.92,4,0,21.819200000000002
CA-2015-CC12430140-42281,2015-10-04 00:00:00,CC-124301406,Chuck Clark,Home Office,United States,USCA,Eastern US,OFF-AR-5652,Office Supplies,Art,"Quartet Alpha White Chalk, 12/Pack",6.63,3,0,3.1161
IT-2015-KB1631564-42301,2015-10-24 00:00:00,KB-1631564,Karl Braun,Consumer,Italy,Europe,Southern Europe,TEC-PH-5260,Technology,Phones,"Motorola Office Telephone, Full Size",350.64,8,0.4,-46.79999999999998
IN-2015-DH1307592-42294,2015-10-17 00:00:00,DH-1307592,Dave Hallsten,Corporate,New Zealand,Asia Pacific,Oceania,OFF-FA-5476,Office Supplies,Fasteners,"OIC Rubber Bands, Assorted Sizes",145.2,10,0,23.1
HU-2015-EH412557-42300,2015-10-23 00:00:00,EH-412557,Eugene Hildebrand,Home Office,Hungary,Europe,Eastern Europe,TEC-AC-5865,Technology,Accessories,"SanDisk Keyboard, Erganomic",158.58,2,0,20.580000000000002
MX-2015-ES1402093-42293,2015-10-16 00:00:00,ES-1402093,Erica Smith,Consumer,Nicaragua,LATAM,Central America,TEC-PH-5813,Technology,Phones,"Samsung Audio Dock, Full Size",336.23999999999995,3,0,100.85999999999999
MX-2015-JB1604536-42298,2015-10-21 00:00:00,JB-1604536,Julia Barnett,Home Office,Dominican Republic,LATAM,Caribbean,TEC-PH-5273,Technology,Phones,"Motorola Speaker Phone, with Caller ID",346.08000000000004,5,0.2,108.08000000000001
ES-2015-TM2101048-42305,2015-10-28 00:00:00,TM-2101048,Tamara Manning,Consumer,Germany,Europe,Western Europe,TEC-AC-4164,Technology,Accessories,"Enermax Memory Card, Erganomic",336.5999999999999,3,0,158.13
ES-2015-TS2161045-42297,2015-10-20 00:00:00,TS-2161045,Troy Staebel,Consumer,France,Europe,Western Europe,OFF-PA-5876,Office Supplies,Paper,"SanDisk Message Books, 8.5 x 11",139.8,5,0,68.4
IR-2015-MD735060-42287,2015-10-10 00:00:00,MD-735060,Maribeth Dona,Consumer,Iran,Asia Pacific,Southern Asia,FUR-CH-4558,Furniture,Chairs,"Harbour Creations Steel Folding Chair, Black",572.76,6,0,91.62
MX-2015-RW1963018-42292,2015-10-15 00:00:00,RW-1963018,Rob Williams,Corporate,Brazil,LATAM,South America,TEC-PH-3148,Technology,Phones,"Apple Smart Phone, Full Size",425,1,0,59.5
MX-2015-EH1394582-42284,2015-10-07 00:00:00,EH-1394582,Eric Hoffmann,Consumer,Mexico,LATAM,Central America,TEC-AC-3388,Technology,Accessories,"Belkin Memory Card, Bluetooth",306.15999999999997,4,0,58.160000000000004
ES-2015-DC1285048-42298,2015-10-21 00:00:00,DC-1285048,Dan Campbell,Consumer,Germany,Europe,Western Europe,OFF-ST-6047,Office Supplies,Storage,"Smead Lockers, Industrial",358.02,2,0.1,71.57999999999998
CA-2015-CC12475140-42278,2015-10-01 00:00:00,CC-124751406,Cindy Chapman,Consumer,United States,USCA,Eastern US,OFF-PA-4465,Office Supplies,Paper,Green Bar Computer Printout Paper,164.88,3,0,80.7912
IN-2015-MO1780066-42308,2015-10-31 00:00:00,MO-1780066,Meg O'Connel,Home Office,Japan,Asia Pacific,Eastern Asia,TEC-CO-4588,Technology,Copiers,"Hewlett Personal Copier, High-Speed",427.4099999999999,3,0,4.2299999999999995
ES-2015-TS2134045-42299,2015-10-22 00:00:00,TS-2134045,Toby Swindell,Consumer,France,Europe,Western Europe,TEC-MA-5549,Technology,Machines,"Panasonic Inkjet, Wireless",795.8295,3,0.15,-74.92050000000002
IN-2015-QJ1925527-42283,2015-10-06 00:00:00,QJ-1925527,Quincy Jones,Corporate,China,Asia Pacific,Eastern Asia,TEC-AC-4153,Technology,Accessories,"Enermax Flash Drive, Programmable",344.15999999999997,8,0,13.68
CG-2015-RD972033-42299,2015-10-22 00:00:00,RD-972033,Roger Demir,Consumer,Democratic Republic of the Congo,Africa,Central Africa,TEC-PH-5251,Technology,Phones,"Motorola Headset, Cordless",165.17999999999998,2,0,52.800000000000004
EG-2015-JH543038-42287,2015-10-10 00:00:00,JH-543038,Jennifer Halladay,Consumer,Egypt,Africa,North Africa,FUR-FU-5718,Furniture,Furnishings,"Rubbermaid Clock, Black",100.32000000000002,2,0,49.14
US-2015-KW1643598-42287,2015-10-10 00:00:00,KW-1643598,Katrina Willman,Consumer,Panama,LATAM,Central America,TEC-AC-3397,Technology,Accessories,"Belkin Numeric Keypad, Erganomic",165.9,7,0.4,-74.75999999999999
MX-2015-NG1843018-42298,2015-10-21 00:00:00,NG-1843018,Nathan Gelder,Consumer,Brazil,LATAM,South America,TEC-CO-4568,Technology,Copiers,"Hewlett Copy Machine, Color",176.38652000000002,1,0.002,26.14652
MX-2015-BD1132039-42293,2015-10-16 00:00:00,BD-1132039,Bill Donatelli,Consumer,El Salvador,LATAM,Central America,FUR-CH-5805,Furniture,Chairs,"SAFCO Swivel Stool, Adjustable",227.24,2,0,6.8
IN-2015-MC1757558-42290,2015-10-13 00:00:00,MC-1757558,Matt Collins,Consumer,India,Asia Pacific,Southern Asia,OFF-EN-3666,Office Supplies,Envelopes,"Cameo Mailers, Security-Tint",243.36,6,0,80.28
MX-2015-MC1760531-42291,2015-10-14 00:00:00,MC-1760531,Matt Connell,Corporate,Cuba,LATAM,Caribbean,TEC-AC-5222,Technology,Accessories,"Memorex Numeric Keypad, USB",114.72,4,0,49.28
MX-2015-CS1249082-42286,2015-10-09 00:00:00,CS-1249082,Cindy Schnelling,Corporate,Mexico,LATAM,Central America,OFF-ST-4057,Office Supplies,Storage,"Eldon File Cart, Single Width",256.7400000000001,3,0,0
US-2015-BS1175598-42282,2015-10-05 00:00:00,BS-1175598,Bruce Stewart,Consumer,Panama,LATAM,Central America,OFF-AP-3564,Office Supplies,Appliances,"Breville Blender, Silver",108.28799999999998,3,0.4,-7.272000000000003
US-2015-MT1781518-42306,2015-10-29 00:00:00,MT-1781518,Meg Tillman,Consumer,Brazil,LATAM,South America,OFF-AP-4505,Office Supplies,Appliances,"Hamilton Beach Stove, Black",288.9440000000001,2,0.6,-382.856
US-2015-SJ202155-42287,2015-10-10 00:00:00,SJ-202155,Sarah Jordon,Consumer,Argentina,LATAM,South America,TEC-AC-4187,Technology,Accessories,"Enermax Router, Programmable",207.86399999999998,2,0.4,-90.09600000000003
ES-2015-NS1850545-42307,2015-10-30 00:00:00,NS-1850545,Neola Schneider,Consumer,France,Europe,Western Europe,TEC-MA-5007,Technology,Machines,"Konica Inkjet, White",528.003,2,0.15,142.863
ID-2015-EJ1415592-42299,2015-10-22 00:00:00,EJ-1415592,Eva Jacobs,Consumer,New Zealand,Asia Pacific,Oceania,TEC-MA-6138,Technology,Machines,"StarTech Card Printer, White",194.29200000000003,2,0.4,-3.288000000000025
MX-2015-JB1604536-42298,2015-10-21 00:00:00,JB-1604536,Julia Barnett,Home Office,Dominican Republic,LATAM,Caribbean,TEC-CO-4571,Technology,Copiers,"Hewlett Fax and Copier, Color",206.74584000000004,2,0.202,59.065839999999994
ID-2015-LW172157-42293,2015-10-16 00:00:00,LW-172157,Luke Weiss,Consumer,Australia,Asia Pacific,Oceania,OFF-EN-3096,Office Supplies,Envelopes,"Ames Interoffice Envelope, Recycled",197.64,5,0.1,-21.959999999999997
ID-2015-DB1306059-42299,2015-10-22 00:00:00,DB-1306059,Dave Brooks,Consumer,Indonesia,Asia Pacific,Southeastern Asia,TEC-PH-5832,Technology,Phones,"Samsung Office Telephone, with Caller ID",162.3978,3,0.17,-23.5422
US-2015-CL1270018-42284,2015-10-07 00:00:00,CL-1270018,Craig Leslie,Home Office,Brazil,LATAM,South America,FUR-BO-5778,Furniture,Bookcases,"Safco Floating Shelf Set, Mobile",159.408,3,0.6,-47.832000000000015
IN-2015-TS2150527-42286,2015-10-09 00:00:00,TS-2150527,Tony Sayre,Consumer,China,Asia Pacific,Eastern Asia,OFF-ST-6275,Office Supplies,Storage,"Tenex Shelving, Wire Frame",214.92000000000002,4,0,36.480000000000004
IT-2015-TB2117564-42284,2015-10-07 00:00:00,TB-2117564,Thomas Boland,Corporate,Italy,Europe,Southern Europe,OFF-EN-3090,Office Supplies,Envelopes,"Ames Business Envelopes, Set of 50",109.08,6,0,31.5
MX-2015-MC1760536-42283,2015-10-06 00:00:00,MC-1760536,Matt Connell,Corporate,Dominican Republic,LATAM,Caribbean,OFF-AP-3565,Office Supplies,Appliances,"Breville Blender, White",242.64000000000001,5,0.2,-18.26
MX-2015-BH1171018-42299,2015-10-22 00:00:00,BH-1171018,Brosina Hoffman,Consumer,Brazil,LATAM,South America,FUR-BO-4853,Furniture,Bookcases,"Ikea Corner Shelving, Mobile",251.16000000000003,3,0,107.93999999999998
IN-2015-BN1151558-42294,2015-10-17 00:00:00,BN-1151558,Bradley Nguyen,Consumer,India,Asia Pacific,Southern Asia,FUR-TA-5068,Furniture,Tables,"Lesro Training Table, Fully Assembled",270.27,1,0,10.8
CA-2015-CM12655140-42279,2015-10-02 00:00:00,CM-126551406,Corinna Mitchell,Home Office,United States,USCA,Eastern US,TEC-MA-4278,Technology,Machines,Fellowes Powershred HS-440 4-Sheet High Security Shredder,1704.89,11,0,767.2004999999999
US-2015-GB1457536-42299,2015-10-22 00:00:00,GB-1457536,Giulietta Baptist,Consumer,Dominican Republic,LATAM,Caribbean,TEC-AC-4186,Technology,Accessories,"Enermax Router, Erganomic",409.82399999999996,3,0.2,-81.996
ID-2015-DK133757-42284,2015-10-07 00:00:00,DK-133757,Dennis Kane,Consumer,Australia,Asia Pacific,Oceania,FUR-CH-5367,Furniture,Chairs,"Novimex Bag Chairs, Black",195.885,5,0.1,-19.665000000000003
IZ-2015-AY55561-42281,2015-10-04 00:00:00,AY-55561,Andy Yotov,Corporate,Iraq,Asia Pacific,Western Asia,OFF-AP-3869,Office Supplies,Appliances,"Cuisinart Refrigerator, Red",496.0799999999999,1,0,124.02000000000001
MX-2015-GH1466536-42294,2015-10-17 00:00:00,GH-1466536,Greg Hansen,Consumer,Dominican Republic,LATAM,Caribbean,FUR-BO-5943,Furniture,Bookcases,"Sauder 3-Shelf Cabinet, Traditional",466.704,7,0.4,-62.35600000000004
ES-2015-SV20785139-42284,2015-10-07 00:00:00,SV-20785139,Stewart Visinsky,Consumer,United Kingdom,Europe,Northern Europe,TEC-MA-5021,Technology,Machines,"Konica Receipt Printer, Wireless",366.75,3,0,73.35000000000001
ES-2015-HZ1495045-42283,2015-10-06 00:00:00,HZ-1495045,Henia Zydlo,Consumer,France,Europe,Western Europe,TEC-PH-3143,Technology,Phones,"Apple Signal Booster, Cordless",474.30000000000007,4,0.15,55.73999999999998
IN-2015-LD1700558-42285,2015-10-08 00:00:00,LD-1700558,Lisa DeCherney,Consumer,India,Asia Pacific,Southern Asia,FUR-BO-4866,Furniture,Bookcases,"Ikea Stackable Bookrack, Pine",247.86,2,0,59.46
ES-2015-CP1208545-42300,2015-10-23 00:00:00,CP-1208545,Cathy Prescott,Corporate,France,Europe,Western Europe,TEC-AC-3379,Technology,Accessories,"Belkin Flash Drive, Erganomic",238.5,6,0,7.02
IN-2015-EH14005102-42297,2015-10-20 00:00:00,EH-14005102,Erica Hernandez,Home Office,Philippines,Asia Pacific,Southeastern Asia,FUR-FU-3066,Furniture,Furnishings,"Advantus Stacking Tray, Durable",118.66500000000002,6,0.25,18.944999999999993
MX-2015-DS1318036-42287,2015-10-10 00:00:00,DS-1318036,David Smith,Corporate,Dominican Republic,LATAM,Caribbean,OFF-ST-6031,Office Supplies,Storage,"Smead File Cart, Blue",203.952,3,0.2,66.25199999999998
ES-2015-CS118608-42292,2015-10-15 00:00:00,CS-118608,Cari Schnelling,Consumer,Austria,Europe,Western Europe,OFF-BI-3257,Office Supplies,Binders,"Avery Binding Machine, Economy",97.68,2,0,11.7
IN-2015-BF109757-42286,2015-10-09 00:00:00,BF-109757,Barbara Fisher,Corporate,Australia,Asia Pacific,Oceania,TEC-AC-5864,Technology,Accessories,"SanDisk Keyboard, Bluetooth",366.6600000000001,5,0.1,56.91
IN-2015-BT1148559-42291,2015-10-14 00:00:00,BT-1148559,Brad Thomas,Home Office,Indonesia,Asia Pacific,Southeastern Asia,OFF-ST-6033,Office Supplies,Storage,"Smead File Cart, Single Width",213.19379999999995,2,0.17,64.21379999999999
IN-2015-AZ107507-42291,2015-10-14 00:00:00,AZ-107507,Annie Zypern,Consumer,Australia,Asia Pacific,Oceania,FUR-CH-5372,Furniture,Chairs,"Novimex Chairmat, Red",354.942,7,0.1,70.812
CA-2015-CR12730140-42291,2015-10-14 00:00:00,CR-127301406,Craig Reiter,Consumer,United States,USCA,Eastern US,OFF-AP-3179,Office Supplies,Appliances,Avanti 4.4 Cu. Ft. Refrigerator,904.9,5,0,253.37199999999996
IN-2015-DB13360144-42284,2015-10-07 00:00:00,DB-13360144,Dennis Bolton,Home Office,Vietnam,Asia Pacific,Southeastern Asia,OFF-FA-6184,Office Supplies,Fasteners,"Stockwell Clamps, 12 Pack",121.3128,8,0.17,48.11280000000001
IN-2015-HJ1487578-42291,2015-10-14 00:00:00,HJ-1487578,Heather Jas,Home Office,Malaysia,Asia Pacific,Southeastern Asia,OFF-EN-3662,Office Supplies,Envelopes,"Cameo Interoffice Envelope, Security-Tint",348.81,7,0,156.87
IN-2015-JL1583592-42308,2015-10-31 00:00:00,JL-1583592,John Lee,Consumer,New Zealand,Asia Pacific,Oceania,FUR-CH-5440,Furniture,Chairs,"Office Star Chairmat, Set of Two",272.28000000000003,4,0,100.68
ID-2015-BT1153059-42278,2015-10-01 00:00:00,BT-1153059,Bradley Talbott,Home Office,Indonesia,Asia Pacific,Southeastern Asia,TEC-PH-5353,Technology,Phones,"Nokia Signal Booster, with Caller ID",339.885,3,0.17,-24.61500000000001
US-2015-CK12760140-42287,2015-10-10 00:00:00,CK-127601402,Cyma Kinney,Corporate,United States,USCA,Central US,FUR-TA-3423,Furniture,Tables,"Bevis Oval Conference Table, Walnut",652.45,5,0.5,-430.6170000000002
US-2015-CK12760140-42287,2015-10-10 00:00:00,CK-127601402,Cyma Kinney,Corporate,United States,USCA,Central US,FUR-TA-4624,Furniture,Tables,Hon 61000 Series Interactive Training Tables,66.645,3,0.5,-42.6528
MX-2015-RD19585143-42284,2015-10-07 00:00:00,RD-19585143,Rob Dowd,Consumer,Venezuela,LATAM,South America,FUR-BO-5771,Furniture,Bookcases,"Safco Corner Shelving, Traditional",298.91999999999996,5,0.4,24.820000000000004
RW-2015-LT7110109-42279,2015-10-02 00:00:00,LT-7110109,Liz Thompson,Consumer,Rwanda,Africa,Eastern Africa,FUR-BO-4851,Furniture,Bookcases,"Ikea Classic Bookcase, Traditional",411.75,1,0,156.45
MX-2015-JH1591093-42308,2015-10-31 00:00:00,JH-1591093,Jonathan Howell,Consumer,Nicaragua,LATAM,Central America,FUR-FU-3928,Furniture,Furnishings,"Deflect-O Clock, Black",201.23999999999998,6,0,30.120000000000005
MX-2015-RB1933082-42294,2015-10-17 00:00:00,RB-1933082,Randy Bradley,Consumer,Mexico,LATAM,Central America,FUR-BO-3888,Furniture,Bookcases,"Dania 3-Shelf Cabinet, Traditional",226.32000000000002,3,0.2,-36.78000000000001
IN-2015-AG1027027-42304,2015-10-27 00:00:00,AG-1027027,Alejandro Grove,Consumer,China,Asia Pacific,Eastern Asia,OFF-BI-3186,Office Supplies,Binders,"Avery 3-Hole Punch, Clear",109.32000000000002,4,0,12
IN-2015-JS156857-42302,2015-10-25 00:00:00,JS-156857,Jim Sink,Corporate,Australia,Asia Pacific,Oceania,TEC-CO-6008,Technology,Copiers,"Sharp Personal Copier, Laser",216,2,0.1,64.80000000000001
US-2015-KL165555-42284,2015-10-07 00:00:00,KL-165555,Kelly Lampkin,Corporate,Argentina,LATAM,South America,FUR-CH-5453,Furniture,Chairs,"Office Star Steel Folding Chair, Set of Two",112.752,3,0.4,-48.88800000000001
US-2015-CR12820140-42284,2015-10-07 00:00:00,CR-128201406,Cyra Reiten,Home Office,United States,USCA,Eastern US,OFF-ST-6089,Office Supplies,Storage,Space Solutions HD Industrial Steel Shelving.,344.90999999999997,3,0,10.347300000000004
IN-2015-HW149357-42288,2015-10-11 00:00:00,HW-149357,Helen Wasserman,Corporate,Australia,Asia Pacific,Oceania,FUR-CH-4563,Furniture,Chairs,"Harbour Creations Swivel Stool, Red",324.216,2,0.1,-25.224
US-2015-CR12820140-42284,2015-10-07 00:00:00,CR-128201406,Cyra Reiten,Home Office,United States,USCA,Eastern US,TEC-AC-5107,Technology,Accessories,Logitech G430 Surround Sound Gaming Headset with Dolby 7.1 Technology,319.96,4,0,115.1856
US-2015-CR12820140-42284,2015-10-07 00:00:00,CR-128201406,Cyra Reiten,Home Office,United States,USCA,Eastern US,OFF-PA-3010,Office Supplies,Paper,"Adams Telephone Message Book W/Dividers/Space For Phone Numbers, 5 1/4""X8 1/2"", 200/Messages",17.04,3,0,7.667999999999999
CA-2015-DK12835140-42299,2015-10-22 00:00:00,DK-128351404,Damala Kotsonis,Corporate,United States,USCA,Western US,FUR-CH-4397,Furniture,Chairs,Global Comet Stacking Armless Chair,478.48,2,0.2,47.84800000000001
ID-2015-DK133757-42284,2015-10-07 00:00:00,DK-133757,Dennis Kane,Consumer,Australia,Asia Pacific,Oceania,FUR-BO-5797,Furniture,Bookcases,"Safco Stackable Bookrack, Mobile",402.246,3,0.1,8.856000000000002
CA-2015-DK12835140-42299,2015-10-22 00:00:00,DK-128351404,Damala Kotsonis,Corporate,United States,USCA,Western US,TEC-AC-5198,Technology,Accessories,Memorex Froggy Flash Drive 8 GB,28.400000000000002,2,0.2,6.744999999999998
IN-2015-ME1732027-42283,2015-10-06 00:00:00,ME-1732027,Maria Etezadi,Home Office,China,Asia Pacific,Eastern Asia,FUR-BO-5942,Furniture,Bookcases,"Sauder 3-Shelf Cabinet, Pine",252.04500000000004,3,0.5,-191.56500000000005
IN-2015-BF110807-42297,2015-10-20 00:00:00,BF-110807,Bart Folk,Consumer,Australia,Asia Pacific,Oceania,OFF-BI-4812,Office Supplies,Binders,"Ibico Binder, Durable",137.53799999999998,9,0.1,16.578000000000003
ES-2015-DP1300048-42280,2015-10-03 00:00:00,DP-1300048,Darren Powers,Consumer,Germany,Europe,Western Europe,OFF-ST-5708,Office Supplies,Storage,"Rogers Shelving, Wire Frame",440.64,8,0.1,102.72
ID-2015-CK1220597-42291,2015-10-14 00:00:00,CK-1220597,Chloris Kastensmidt,Consumer,Pakistan,Asia Pacific,Southern Asia,TEC-PH-5824,Technology,Phones,"Samsung Headset, Cordless",152.1,4,0.5,-36.53999999999999
CA-2015-DK12835140-42299,2015-10-22 00:00:00,DK-128351404,Damala Kotsonis,Corporate,United States,USCA,Western US,OFF-PA-6581,Office Supplies,Paper,Xerox 218,5.184000000000001,1,0.2,1.8144
ID-2015-HA1490592-42287,2015-10-10 00:00:00,HA-1490592,Helen Abelman,Consumer,New Zealand,Asia Pacific,Oceania,OFF-ST-6264,Office Supplies,Storage,"Tenex Lockers, Wire Frame",162.576,2,0.6,-65.06399999999994
SF-2015-CD2280117-42291,2015-10-14 00:00:00,CD-2280117,Christina DeMoss,Consumer,South Africa,Africa,Southern Africa,FUR-CH-4630,Furniture,Chairs,"Hon Chairmat, Adjustable",232.07999999999998,4,0,55.67999999999999
US-2015-KL165555-42284,2015-10-07 00:00:00,KL-165555,Kelly Lampkin,Corporate,Argentina,LATAM,South America,TEC-MA-4205,Technology,Machines,"Epson Printer, Durable",210.19199999999995,2,0.4,-59.568
IN-2015-OT1873059-42297,2015-10-20 00:00:00,OT-1873059,Olvera Toch,Consumer,Indonesia,Asia Pacific,Southeastern Asia,FUR-CH-4547,Furniture,Chairs,"Harbour Creations Rocking Chair, Set of Two",436.0727999999999,4,0.27,-149.4072
IN-2015-TB2159527-42286,2015-10-09 00:00:00,TB-2159527,Troy Blackwell,Consumer,China,Asia Pacific,Eastern Asia,FUR-BO-3907,Furniture,Bookcases,"Dania Stackable Bookrack, Traditional",302.62499999999994,5,0.5,-36.37499999999994
SA-2015-AR570110-42299,2015-10-22 00:00:00,AR-570110,Anemone Ratner,Consumer,Saudi Arabia,Asia Pacific,Western Asia,OFF-BI-4817,Office Supplies,Binders,"Ibico Binding Machine, Economy",205.68,4,0,18.48
US-2015-BS1175598-42282,2015-10-05 00:00:00,BS-1175598,Bruce Stewart,Consumer,Panama,LATAM,Central America,OFF-SU-4128,Office Supplies,Supplies,"Elite Scissors, High Speed",81.10799999999999,9,0.4,-42.012
US-2015-KL165555-42284,2015-10-07 00:00:00,KL-165555,Kelly Lampkin,Corporate,Argentina,LATAM,South America,FUR-CH-4564,Furniture,Chairs,"Harbour Creations Swivel Stool, Set of Two",145.896,2,0.4,-65.664
SF-2015-LT7110117-42280,2015-10-03 00:00:00,LT-7110117,Liz Thompson,Consumer,South Africa,Africa,Southern Africa,TEC-CO-3604,Technology,Copiers,"Brother Personal Copier, Color",144.33,1,0,44.730000000000004
ES-2015-HF149958-42286,2015-10-09 00:00:00,HF-149958,Herbert Flentye,Consumer,Austria,Europe,Western Europe,TEC-PH-3134,Technology,Phones,"Apple Headset, VoIP",146.7,2,0,20.52
MX-2015-DB1336018-42280,2015-10-03 00:00:00,DB-1336018,Dennis Bolton,Home Office,Brazil,LATAM,South America,OFF-ST-6274,Office Supplies,Storage,"Tenex Shelving, Single Width",109.38000000000002,3,0,28.379999999999995
MX-2015-MT1781582-42306,2015-10-29 00:00:00,MT-1781582,Meg Tillman,Consumer,Mexico,LATAM,Central America,TEC-MA-5548,Technology,Machines,"Panasonic Inkjet, White",414.0000000000001,2,0,45.52
MX-2015-NP1868593-42307,2015-10-30 00:00:00,NP-1868593,Nora Pelletier,Home Office,Nicaragua,LATAM,Central America,OFF-ST-6272,Office Supplies,Storage,"Tenex Shelving, Blue",255.07999999999993,7,0,30.52
MX-2015-DB1291051-42300,2015-10-23 00:00:00,DB-1291051,Daniel Byrd,Home Office,Guatemala,LATAM,Central America,OFF-AR-3458,Office Supplies,Art,"BIC Markers, Fluorescent",129.22000000000003,7,0,10.22
ES-2015-DB13210139-42299,2015-10-22 00:00:00,DB-13210139,Dean Braden,Consumer,United Kingdom,Europe,Northern Europe,OFF-ST-6066,Office Supplies,Storage,"Smead Trays, Industrial",195.84,8,0.5,-66.72
IN-2015-BP11230144-42293,2015-10-16 00:00:00,BP-11230144,Benjamin Patterson,Consumer,Vietnam,Asia Pacific,Southeastern Asia,TEC-PH-5259,Technology,Phones,"Motorola Office Telephone, Cordless",123.85259999999997,2,0.17,7.452600000000004
IN-2015-JR162107-42304,2015-10-27 00:00:00,JR-162107,Justin Ritter,Corporate,Australia,Asia Pacific,Oceania,TEC-PH-3151,Technology,Phones,"Apple Speaker Phone, Full Size",224.262,2,0.1,34.842
ID-2015-AO10810102-42300,2015-10-23 00:00:00,AO-10810102,Anthony O'Donnell,Corporate,Philippines,Asia Pacific,Southeastern Asia,OFF-SU-4991,Office Supplies,Supplies,"Kleencut Shears, Serrated",286.902,12,0.45,-203.778
EG-2015-GH448538-42284,2015-10-07 00:00:00,GH-448538,Gene Hale,Corporate,Egypt,Africa,North Africa,OFF-ST-6252,Office Supplies,Storage,"Tenex Folders, Wire Frame",267.48,12,0,128.16
MX-2015-PO1885082-42279,2015-10-02 00:00:00,PO-1885082,Patrick O'Brill,Consumer,Mexico,LATAM,Central America,TEC-AC-4165,Technology,Accessories,"Enermax Memory Card, Programmable",540.8199999999999,7,0,237.85999999999996
US-2015-BH1171055-42304,2015-10-27 00:00:00,BH-1171055,Brosina Hoffman,Consumer,Honduras,LATAM,Central America,TEC-PH-5270,Technology,Phones,"Motorola Speaker Phone, Cordless",212.208,4,0.4,-74.35200000000002
IN-2015-SV2078527-42278,2015-10-01 00:00:00,SV-2078527,Stewart Visinsky,Consumer,China,Asia Pacific,Eastern Asia,TEC-AC-5134,Technology,Accessories,"Logitech Router, Bluetooth",247.32,1,0,2.46
MX-2015-SS20140143-42283,2015-10-06 00:00:00,SS-20140143,Saphhira Shifley,Corporate,Venezuela,LATAM,South America,TEC-CO-3611,Technology,Copiers,"Brother Wireless Fax, Laser",755.0946,5,0.402,-419.3054
ES-2015-LE1681045-42288,2015-10-11 00:00:00,LE-1681045,Laurel Elliston,Consumer,France,Europe,Western Europe,TEC-CO-4779,Technology,Copiers,"HP Ink, High-Speed",215.73,2,0.15,-22.889999999999993
IT-2015-GA1472545-42290,2015-10-13 00:00:00,GA-1472545,Guy Armstrong,Consumer,France,Europe,Western Europe,FUR-FU-3934,Furniture,Furnishings,"Deflect-O Door Stop, Durable",122.94000000000001,3,0,17.189999999999998
ES-2015-AR1051096-42307,2015-10-30 00:00:00,AR-1051096,Andrew Roberts,Consumer,Norway,Europe,Northern Europe,TEC-MA-5012,Technology,Machines,"Konica Phone, White",338.4,4,0,118.44
MX-2015-LT1676582-42298,2015-10-21 00:00:00,LT-1676582,Larry Tron,Consumer,Mexico,LATAM,Central America,TEC-MA-5508,Technology,Machines,"Okidata Phone, White",113.67999999999999,2,0,44.32
US-2015-DM13015140-42301,2015-10-24 00:00:00,DM-130151402,Darrin Martin,Consumer,United States,USCA,Central US,TEC-PH-4895,Technology,Phones,Jabra SPEAK 410 Multidevice Speakerphone,823.9600000000002,5,0.2,51.497499999999974
IN-2015-GK1462058-42307,2015-10-30 00:00:00,GK-1462058,Grace Kelly,Corporate,India,Asia Pacific,Southern Asia,FUR-CH-5758,Furniture,Chairs,"SAFCO Chairmat, Red",179.46000000000004,3,0,69.92999999999999
US-2015-CR1262555-42304,2015-10-27 00:00:00,CR-1262555,Corey Roper,Home Office,Honduras,LATAM,Central America,TEC-CO-5993,Technology,Copiers,"Sharp Fax and Copier, Color",67.78927999999999,1,0.402,-11.57072
SA-2015-MP8175110-42279,2015-10-02 00:00:00,MP-8175110,Mike Pelletier,Home Office,Saudi Arabia,Asia Pacific,Western Asia,OFF-EN-3102,Office Supplies,Envelopes,"Ames Mailers, Set of 50",215.09999999999997,6,0,30.06
US-2015-DM13015140-42301,2015-10-24 00:00:00,DM-130151402,Darrin Martin,Consumer,United States,USCA,Central US,OFF-AR-5298,Office Supplies,Art,Newell 320,10.272000000000002,3,0.2,0.8988
US-2015-DM13015140-42301,2015-10-24 00:00:00,DM-130151402,Darrin Martin,Consumer,United States,USCA,Central US,OFF-BI-6209,Office Supplies,Binders,Storex Dura Pro Binders,3.563999999999999,3,0.8,-6.237000000000002
MX-2015-KN1639031-42307,2015-10-30 00:00:00,KN-1639031,Katherine Nockton,Corporate,Cuba,LATAM,Caribbean,OFF-BI-6384,Office Supplies,Binders,"Wilson Jones Binding Machine, Economy",163.2,5,0,45.599999999999994
MX-2015-CS1213018-42285,2015-10-08 00:00:00,CS-1213018,Chad Sievert,Consumer,Brazil,LATAM,South America,FUR-BO-3897,Furniture,Bookcases,"Dania Floating Shelf Set, Metal",225.08,2,0,92.28
KZ-2015-CV229568-42284,2015-10-07 00:00:00,CV-229568,Christina VanderZanden,Consumer,Kazakhstan,Asia Pacific,Central Asia,FUR-BO-4844,Furniture,Bookcases,"Ikea 3-Shelf Cabinet, Metal",170.28000000000003,4,0.7,-306.6
SA-2015-MP8175110-42279,2015-10-02 00:00:00,MP-8175110,Mike Pelletier,Home Office,Saudi Arabia,Asia Pacific,Western Asia,OFF-ST-6033,Office Supplies,Storage,"Smead File Cart, Single Width",257.76,2,0,18
UP-2015-JH5820137-42301,2015-10-24 00:00:00,JH-5820137,John Huston,Consumer,Ukraine,Europe,Eastern Europe,OFF-EN-3103,Office Supplies,Envelopes,"Ames Mailers, with clear poly window",236.34,6,0,115.74
MX-2015-MT17815100-42306,2015-10-29 00:00:00,MT-17815100,Meg Tillman,Consumer,Paraguay,LATAM,South America,FUR-BO-5798,Furniture,Bookcases,"Safco Stackable Bookrack, Pine",200.44,2,0,82.16
SA-2015-MP8175110-42279,2015-10-02 00:00:00,MP-8175110,Mike Pelletier,Home Office,Saudi Arabia,Asia Pacific,Western Asia,TEC-MA-6146,Technology,Machines,"StarTech Phone, Wireless",149.04,2,0,11.879999999999999
ID-2015-EB13975102-42301,2015-10-24 00:00:00,EB-13975102,Erica Bern,Corporate,Philippines,Asia Pacific,Southeastern Asia,TEC-PH-5349,Technology,Phones,"Nokia Office Telephone, with Caller ID",146.5425,3,0.25,-1.957499999999996
MX-2015-GZ1454582-42293,2015-10-16 00:00:00,GZ-1454582,George Zrebassa,Corporate,Mexico,LATAM,Central America,TEC-AC-4187,Technology,Accessories,"Enermax Router, Programmable",346.44,2,0,48.48
IT-2015-AR1082545-42290,2015-10-13 00:00:00,AR-1082545,Anthony Rawles,Corporate,France,Europe,Western Europe,OFF-ST-4105,Office Supplies,Storage,"Eldon Trays, Blue",129.519,3,0.1,11.439
CA-2015-DK13090140-42279,2015-10-02 00:00:00,DK-130901402,Dave Kipp,Consumer,United States,USCA,Central US,OFF-PA-6467,Office Supplies,Paper,Xerox 1915,104.85,1,0,50.327999999999996
ES-2015-LE1681045-42288,2015-10-11 00:00:00,LE-1681045,Laurel Elliston,Consumer,France,Europe,Western Europe,FUR-BO-5748,Furniture,Bookcases,"Safco 3-Shelf Cabinet, Traditional",303.91200000000003,2,0.1,64.152
ID-2015-DM1334559-42279,2015-10-02 00:00:00,DM-1334559,Denise Monton,Corporate,Indonesia,Asia Pacific,Southeastern Asia,FUR-FU-5738,Furniture,Furnishings,"Rubbermaid Photo Frame, Erganomic",110.3103,3,0.27,-22.709700000000005
ID-2015-JC1534097-42299,2015-10-22 00:00:00,JC-1534097,Jasper Cacioppo,Consumer,Pakistan,Asia Pacific,Southern Asia,FUR-BO-3642,Furniture,Bookcases,"Bush Library with Doors, Traditional",291.456,1,0.2,58.26599999999999
MX-2015-NG1843018-42298,2015-10-21 00:00:00,NG-1843018,Nathan Gelder,Consumer,Brazil,LATAM,South America,OFF-PA-5853,Office Supplies,Paper,"SanDisk Computer Printout Paper, Premium",99.3,5,0,15.800000000000002
MX-2015-BF1100539-42278,2015-10-01 00:00:00,BF-1100539,Barry Franz,Home Office,El Salvador,LATAM,Central America,TEC-CO-4570,Technology,Copiers,"Hewlett Copy Machine, Laser",350.37784,2,0.002,37.89784
MX-2015-LS1694531-42287,2015-10-10 00:00:00,LS-1694531,Linda Southworth,Corporate,Cuba,LATAM,Caribbean,FUR-CH-5369,Furniture,Chairs,"Novimex Bag Chairs, Set of Two",224.97999999999996,7,0,29.119999999999997
AO-2015-EP39154-42294,2015-10-17 00:00:00,EP-39154,Emily Phan,Consumer,Angola,Africa,Central Africa,OFF-PA-4471,Office Supplies,Paper,"Green Bar Memo Slips, Multicolor",110.16,6,0,39.6
MX-2015-CH1207082-42280,2015-10-03 00:00:00,CH-1207082,Cathy Hwang,Home Office,Mexico,LATAM,Central America,OFF-SU-4973,Office Supplies,Supplies,"Kleencut Box Cutter, Easy Grip",72.53999999999998,3,0,19.560000000000002
US-2015-FH1427582-42285,2015-10-08 00:00:00,FH-1427582,Frank Hawley,Corporate,Mexico,LATAM,Central America,FUR-CH-4703,Furniture,Chairs,"Hon Swivel Stool, Red",174.56000000000003,2,0.2,-15.280000000000006
ES-2015-NS1850545-42307,2015-10-30 00:00:00,NS-1850545,Neola Schneider,Consumer,France,Europe,Western Europe,OFF-ST-5710,Office Supplies,Storage,"Rogers Trays, Industrial",279.71999999999997,5,0.1,93.11999999999999
MX-2015-AR1051051-42293,2015-10-16 00:00:00,AR-1051051,Andrew Roberts,Consumer,Guatemala,LATAM,Central America,OFF-AP-3571,Office Supplies,Appliances,"Breville Microwave, Red",201.14000000000001,1,0,38.2
IN-2015-BD1150078-42281,2015-10-04 00:00:00,BD-1150078,Bradley Drucker,Consumer,Malaysia,Asia Pacific,Southeastern Asia,OFF-BI-3253,Office Supplies,Binders,"Avery Binder, Economy",180.59999999999997,14,0,73.92
ID-2015-RB1943559-42301,2015-10-24 00:00:00,RB-1943559,Richard Bierner,Consumer,Indonesia,Asia Pacific,Southeastern Asia,OFF-AR-3499,Office Supplies,Art,"Binney & Smith Sketch Pad, Blue",169.068,5,0.27,-39.432
IN-2015-DL1292559-42306,2015-10-29 00:00:00,DL-1292559,Daniel Lacy,Consumer,Indonesia,Asia Pacific,Southeastern Asia,FUR-FU-3027,Furniture,Furnishings,"Advantus Door Stop, Black",131.4876,4,0.27,25.167600000000007
SA-2015-MP8175110-42279,2015-10-02 00:00:00,MP-8175110,Mike Pelletier,Home Office,Saudi Arabia,Asia Pacific,Western Asia,TEC-AC-5223,Technology,Accessories,"Memorex Router, Bluetooth",246.20999999999998,1,0,93.53999999999999
MX-2015-SP2054551-42284,2015-10-07 00:00:00,SP-2054551,Sibella Parks,Corporate,Guatemala,LATAM,Central America,TEC-PH-5251,Technology,Phones,"Motorola Headset, Cordless",110.12,2,0,7.68
ES-2015-MH1802564-42296,2015-10-19 00:00:00,MH-1802564,Michelle Huthwaite,Consumer,Italy,Europe,Southern Europe,OFF-ST-4106,Office Supplies,Storage,"Eldon Trays, Industrial",174.42,6,0.4,20.340000000000003
IN-2015-JC153407-42283,2015-10-06 00:00:00,JC-153407,Jasper Cacioppo,Consumer,Australia,Asia Pacific,Oceania,OFF-AR-5902,Office Supplies,Art,"Sanford Canvas, Blue",136.404,3,0.1,24.174
IN-2015-CS1225078-42294,2015-10-17 00:00:00,CS-1225078,Chris Selesnick,Corporate,Malaysia,Asia Pacific,Southeastern Asia,OFF-ST-4295,Office Supplies,Storage,"Fellowes Trays, Single Width",287.1,5,0,129.14999999999998
MX-2015-MG1768031-42284,2015-10-07 00:00:00,MG-1768031,Maureen Gastineau,Home Office,Cuba,LATAM,Caribbean,TEC-PH-5337,Technology,Phones,"Nokia Audio Dock, VoIP",333.66,3,0,3.3
CA-2015-DW13195140-42300,2015-10-23 00:00:00,DW-131951404,David Wiener,Corporate,United States,USCA,Western US,FUR-TA-4944,Furniture,Tables,KI Conference Tables,177.225,5,0.5,-120.51299999999998
ES-2015-LP17080120-42292,2015-10-15 00:00:00,LP-17080120,Liz Pelletier,Consumer,Spain,Europe,Southern Europe,OFF-AR-3454,Office Supplies,Art,"BIC Highlighters, Water Color",88.44,4,0,15.84
CA-2015-DB13210140-42285,2015-10-08 00:00:00,DB-132101402,Dean Braden,Consumer,United States,USCA,Central US,OFF-ST-5789,Office Supplies,Storage,"SAFCO Mobile Desk Side File, Wire Frame",85.52,2,0,22.2352
MX-2015-PV1898518-42305,2015-10-28 00:00:00,PV-1898518,Paul Van Hugh,Home Office,Brazil,LATAM,South America,OFF-PA-3988,Office Supplies,Paper,"Eaton Cards & Envelopes, Premium",60.239999999999995,2,0,18.04
IN-2015-JG151151-42301,2015-10-24 00:00:00,JG-151151,Jack Garza,Consumer,Afghanistan,Asia Pacific,Southern Asia,OFF-AR-3457,Office Supplies,Art,"BIC Markers, Easy-Erase",160.20000000000002,6,0,35.099999999999994
IN-2015-DK1315011-42298,2015-10-21 00:00:00,DK-1315011,David Kendrick,Corporate,Bangladesh,Asia Pacific,Southern Asia,OFF-ST-4063,Office Supplies,Storage,"Eldon Folders, Wire Frame",112.34999999999998,7,0,32.550000000000004
IZ-2015-KB660061-42306,2015-10-29 00:00:00,KB-660061,Ken Brennan,Corporate,Iraq,Asia Pacific,Western Asia,OFF-PA-6600,Office Supplies,Paper,"Xerox Cards & Envelopes, 8.5 x 11",294.65999999999997,6,0,46.980000000000004
IN-2015-DK1289578-42298,2015-10-21 00:00:00,DK-1289578,Dana Kaydos,Consumer,Malaysia,Asia Pacific,Southeastern Asia,OFF-SU-6183,Office Supplies,Supplies,"Stiletto Trimmer, Steel",295.05000000000007,7,0,123.90000000000002
US-2015-GR1456082-42302,2015-10-25 00:00:00,GR-1456082,Georgia Rosenberg,Corporate,Mexico,LATAM,Central America,OFF-AP-4953,Office Supplies,Appliances,"KitchenAid Coffee Grinder, Red",140.94,3,0,28.140000000000004
US-2015-Dp13240140-42280,2015-10-03 00:00:00,Dp-132401408,Dean percer,Home Office,United States,USCA,Southern US,FUR-TA-3753,Furniture,Tables,Chromcraft Bull-Nose Wood Oval Conference Tables & Bases,2314.116,7,0.4,-1002.7836000000001
CA-2015-Dp13240140-42285,2015-10-08 00:00:00,Dp-132401408,Dean percer,Home Office,United States,USCA,Southern US,OFF-ST-3015,Office Supplies,Storage,Adjustable Depth Letter/Legal Cart,580.672,4,0.2,65.3255999999999
CA-2015-Dp13240140-42285,2015-10-08 00:00:00,Dp-132401408,Dean percer,Home Office,United States,USCA,Southern US,TEC-PH-6313,Technology,Phones,Toshiba IPT2010-SD IP Telephone,222.38400000000001,2,0.2,16.678799999999995
CA-2015-Dp13240140-42285,2015-10-08 00:00:00,Dp-132401408,Dean percer,Home Office,United States,USCA,Southern US,FUR-TA-4943,Furniture,Tables,KI Adjustable-Height Table,154.764,3,0.4,-36.11160000000001
TU-2015-JO5550134-42292,2015-10-15 00:00:00,JO-5550134,Jesus Ocampo,Home Office,Turkey,Asia Pacific,Western Asia,FUR-BO-5799,Furniture,Bookcases,"Safco Stackable Bookrack, Traditional",237.50400000000002,4,0.6,-261.33599999999996
CA-2015-Dp13240140-42285,2015-10-08 00:00:00,Dp-132401408,Dean percer,Home Office,United States,USCA,Southern US,OFF-BI-5588,Office Supplies,Binders,"Performers Binder/Pad Holder, Black",50.454000000000015,6,0.7,-33.635999999999996
ID-2015-DN1369059-42297,2015-10-20 00:00:00,DN-1369059,Duane Noonan,Consumer,Indonesia,Asia Pacific,Southeastern Asia,OFF-AR-6125,Office Supplies,Art,"Stanley Sketch Pad, Blue",259.4712,8,0.27,49.711200000000005
ES-2015-EM1381064-42291,2015-10-14 00:00:00,EM-1381064,Eleni McCrary,Corporate,Italy,Europe,Southern Europe,TEC-MA-5516,Technology,Machines,"Okidata Receipt Printer, White",145.58400000000003,2,0.4,-82.53600000000003
US-2015-Dp13240140-42280,2015-10-03 00:00:00,Dp-132401408,Dean percer,Home Office,United States,USCA,Southern US,OFF-BI-5093,Office Supplies,Binders,Lock-Up Easel 'Spel-Binder',34.236000000000004,4,0.7,-26.2476
US-2015-Dp13240140-42280,2015-10-03 00:00:00,Dp-132401408,Dean percer,Home Office,United States,USCA,Southern US,OFF-PA-6555,Office Supplies,Paper,Xerox 1996,20.736000000000004,4,0.2,7.2576
ES-2015-SL2015545-42287,2015-10-10 00:00:00,SL-2015545,Sara Luxemburg,Home Office,France,Europe,Western Europe,OFF-PA-5878,Office Supplies,Paper,"SanDisk Message Books, Premium",71.46000000000001,3,0,18.54
US-2015-Dp13240140-42280,2015-10-03 00:00:00,Dp-132401408,Dean percer,Home Office,United States,USCA,Southern US,FUR-FU-4072,Furniture,Furnishings,"Eldon Image Series Desk Accessories, Ebony",19.76,2,0.2,5.928
US-2015-Dp13240140-42280,2015-10-03 00:00:00,Dp-132401408,Dean percer,Home Office,United States,USCA,Southern US,FUR-FU-4023,Furniture,Furnishings,Eldon 500 Class Desk Accessories,9.656,1,0.2,1.5691000000000002
CA-2015-Dp13240140-42285,2015-10-08 00:00:00,Dp-132401408,Dean percer,Home Office,United States,USCA,Southern US,OFF-FA-6129,Office Supplies,Fasteners,Staples,18.936,3,0.2,5.917499999999999
US-2015-Dp13240140-42280,2015-10-03 00:00:00,Dp-132401408,Dean percer,Home Office,United States,USCA,Southern US,FUR-FU-4054,Furniture,Furnishings,"Eldon Expressions Wood Desk Accessories, Oak",11.808,2,0.2,1.3283999999999985
US-2015-Dp13240140-42280,2015-10-03 00:00:00,Dp-132401408,Dean percer,Home Office,United States,USCA,Southern US,OFF-BI-4833,Office Supplies,Binders,Ibico Plastic Spiral Binding Combs,27.360000000000003,3,0.7,-21.88799999999999
IN-2015-BD1177058-42294,2015-10-17 00:00:00,BD-1177058,Bryan Davis,Consumer,India,Asia Pacific,Southern Asia,OFF-EN-3099,Office Supplies,Envelopes,"Ames Interoffice Envelope, with clear poly window",389.28,8,0,19.44
IN-2015-DW1348058-42304,2015-10-27 00:00:00,DW-1348058,Dianna Wilson,Home Office,India,Asia Pacific,Southern Asia,OFF-ST-5686,Office Supplies,Storage,"Rogers Box, Blue",71.91,3,0,20.79
IN-2015-HG1502527-42279,2015-10-02 00:00:00,HG-1502527,Hunter Glantz,Consumer,China,Asia Pacific,Eastern Asia,TEC-AC-5121,Technology,Accessories,"Logitech Memory Card, Bluetooth",310.14,3,0,43.38
CA-2015-DC13285140-42285,2015-10-08 00:00:00,DC-132851404,Debra Catini,Consumer,United States,USCA,Western US,FUR-BO-5530,Furniture,Bookcases,O'Sullivan Manor Hill 2-Door Library in Brianna Oak,307.666,2,0.15,-14.47839999999998
US-2015-BS1175598-42282,2015-10-05 00:00:00,BS-1175598,Bruce Stewart,Consumer,Panama,LATAM,Central America,OFF-AP-4723,Office Supplies,Appliances,"Hoover Coffee Grinder, Red",55.032000000000004,2,0.4,-18.368000000000013
ID-2015-KD1627059-42306,2015-10-29 00:00:00,KD-1627059,Karen Daniels,Consumer,Indonesia,Asia Pacific,Southeastern Asia,OFF-ST-6282,Office Supplies,Storage,"Tenex Trays, Industrial",136.17809999999997,3,0.17,-23.0319
IS-2015-KT648063-42285,2015-10-08 00:00:00,KT-648063,Kean Thornton,Consumer,Israel,Asia Pacific,Western Asia,TEC-MA-5494,Technology,Machines,"Okidata Calculator, Red",49.44,1,0,14.309999999999999
ES-2015-SU2066548-42298,2015-10-21 00:00:00,SU-2066548,Stephanie Ulpright,Home Office,Germany,Europe,Western Europe,OFF-AP-4721,Office Supplies,Appliances,"Hoover Blender, White",264.384,3,0.1,-26.496000000000006
MX-2015-MW1823518-42306,2015-10-29 00:00:00,MW-1823518,Mitch Willingham,Corporate,Brazil,LATAM,South America,OFF-SU-2979,Office Supplies,Supplies,"Acme Letter Opener, Serrated",53.82000000000001,3,0,19.32
ES-2015-CR1282045-42300,2015-10-23 00:00:00,CR-1282045,Cyra Reiten,Home Office,France,Europe,Western Europe,OFF-EN-5031,Office Supplies,Envelopes,"Kraft Interoffice Envelope, Set of 50",281.52,6,0,61.92
ES-2015-TS2134045-42299,2015-10-22 00:00:00,TS-2134045,Toby Swindell,Consumer,France,Europe,Western Europe,OFF-SU-2996,Office Supplies,Supplies,"Acme Shears, Steel",246.60000000000002,5,0,88.65
MX-2015-JK1520518-42299,2015-10-22 00:00:00,JK-1520518,Jamie Kunitz,Consumer,Brazil,LATAM,South America,OFF-AR-6106,Office Supplies,Art,"Stanley Canvas, Easy-Erase",165.8,5,0,44.7
ID-2015-ED1388559-42290,2015-10-13 00:00:00,ED-1388559,Emily Ducich,Home Office,Indonesia,Asia Pacific,Southeastern Asia,OFF-SU-4138,Office Supplies,Supplies,"Elite Trimmer, Steel",65.30130000000003,3,0.47000000000000003,-8.678700000000006
MX-2015-NF1859518-42293,2015-10-16 00:00:00,NF-1859518,Nicole Fjeld,Home Office,Brazil,LATAM,South America,OFF-ST-6264,Office Supplies,Storage,"Tenex Lockers, Wire Frame",270.96,2,0,13.52
ES-2015-TM2101048-42305,2015-10-28 00:00:00,TM-2101048,Tamara Manning,Consumer,Germany,Europe,Western Europe,OFF-EN-3097,Office Supplies,Envelopes,"Ames Interoffice Envelope, Security-Tint",142.56,3,0,69.84
IN-2015-JK153707-42283,2015-10-06 00:00:00,JK-153707,Jay Kimmel,Consumer,Australia,Asia Pacific,Oceania,TEC-CO-4769,Technology,Copiers,"HP Fax and Copier, Color",348.65999999999997,2,0,146.39999999999998
MX-2015-HH1501039-42308,2015-10-31 00:00:00,HH-1501039,Hilary Holden,Corporate,El Salvador,LATAM,Central America,OFF-EN-3674,Office Supplies,Envelopes,"Cameo Peel and Seal, Security-Tint",78,5,0,3.9
MX-2015-PO1885082-42279,2015-10-02 00:00:00,PO-1885082,Patrick O'Brill,Consumer,Mexico,LATAM,Central America,TEC-MA-6147,Technology,Machines,"StarTech Printer, Durable",341.71999999999997,2,0,136.68
IR-2015-MM805560-42279,2015-10-02 00:00:00,MM-805560,Michelle Moray,Consumer,Iran,Asia Pacific,Southern Asia,OFF-AR-3450,Office Supplies,Art,"BIC Canvas, Water Color",56.88,1,0,0.54
NI-2015-SH997595-42305,2015-10-28 00:00:00,SH-997595,Sally Hughsby,Corporate,Nigeria,Africa,Western Africa,TEC-PH-5355,Technology,Phones,"Nokia Smart Phone, Full Size",191.20500000000004,1,0.7,-376.065
US-2015-JC1610555-42285,2015-10-08 00:00:00,JC-1610555,Julie Creighton,Corporate,Honduras,LATAM,Central America,FUR-BO-5960,Furniture,Bookcases,"Sauder Floating Shelf Set, Mobile",315.36,4,0.4,-89.36000000000001
IN-2015-BF109757-42286,2015-10-09 00:00:00,BF-109757,Barbara Fisher,Corporate,Australia,Asia Pacific,Oceania,FUR-TA-5053,Furniture,Tables,"Lesro Coffee Table, with Bottom Storage",176.39999999999998,1,0.3,7.560000000000002
SG-2015-GH4425111-42286,2015-10-09 00:00:00,GH-4425111,Gary Hwang,Consumer,Senegal,Africa,Western Africa,TEC-AC-3385,Technology,Accessories,"Belkin Keyboard, Erganomic",81.69,1,0,4.89
ID-2015-DV1304559-42304,2015-10-27 00:00:00,DV-1304559,Darrin Van Huff,Corporate,Indonesia,Asia Pacific,Southeastern Asia,OFF-AP-4746,Office Supplies,Appliances,"Hoover Toaster, Black",137.8962,2,0.17,18.256199999999996
ZA-2015-DD3570146-42306,2015-10-29 00:00:00,DD-3570146,Dorothy Dickinson,Consumer,Zambia,Africa,Eastern Africa,FUR-CH-4563,Furniture,Chairs,"Harbour Creations Swivel Stool, Red",180.12,1,0,63.03
ES-2015-EM14200139-42283,2015-10-06 00:00:00,EM-14200139,Evan Minnotte,Home Office,United Kingdom,Europe,Northern Europe,TEC-MA-4201,Technology,Machines,"Epson Phone, Durable",162.17999999999998,2,0,22.68
MX-2015-DL1349539-42305,2015-10-28 00:00:00,DL-1349539,Dionis Lloyd,Corporate,El Salvador,LATAM,Central America,OFF-EN-4925,Office Supplies,Envelopes,"Jiffy Peel and Seal, Set of 50",80.04,6,0,25.560000000000002
ID-2015-JP154607-42289,2015-10-12 00:00:00,JP-154607,Jennifer Patt,Corporate,Australia,Asia Pacific,Oceania,FUR-CH-4626,Furniture,Chairs,"Hon Bag Chairs, Adjustable",257.25600000000003,6,0.1,39.995999999999995
IN-2015-SW2075558-42295,2015-10-18 00:00:00,SW-2075558,Steven Ward,Corporate,India,Asia Pacific,Southern Asia,OFF-AP-4720,Office Supplies,Appliances,"Hoover Blender, Silver",194.34,2,0,36.900000000000006
UP-2015-ND8370137-42280,2015-10-03 00:00:00,ND-8370137,Natalie DeCherney,Consumer,Ukraine,Europe,Eastern Europe,FUR-BO-4863,Furniture,Bookcases,"Ikea Library with Doors, Traditional",726.78,2,0,319.74
ES-2015-AR1051096-42307,2015-10-30 00:00:00,AR-1051096,Andrew Roberts,Consumer,Norway,Europe,Northern Europe,OFF-AR-5932,Office Supplies,Art,"Sanford Sketch Pad, Fluorescent",233.70000000000002,5,0,109.80000000000001
ES-2015-SE201108-42284,2015-10-07 00:00:00,SE-201108,Sanjit Engle,Consumer,Austria,Europe,Western Europe,FUR-FU-6237,Furniture,Furnishings,"Tenex Clock, Duo Pack",100.62,2,0,38.22
MX-2015-NP1868593-42307,2015-10-30 00:00:00,NP-1868593,Nora Pelletier,Home Office,Nicaragua,LATAM,Central America,FUR-CH-5408,Furniture,Chairs,"Novimex Steel Folding Chair, Red",164.46,3,0,0
MX-2015-CR1282093-42305,2015-10-28 00:00:00,CR-1282093,Cyra Reiten,Home Office,Nicaragua,LATAM,Central America,OFF-SU-2987,Office Supplies,Supplies,"Acme Ruler, Steel",53.7,5,0,13.4
MX-2015-MV1819082-42279,2015-10-02 00:00:00,MV-1819082,Mike Vittorini,Consumer,Mexico,LATAM,Central America,OFF-PA-4160,Office Supplies,Paper,"Enermax Memo Slips, Multicolor",147.94,13,0,56.16000000000001
CA-2015-DL13495140-42293,2015-10-16 00:00:00,DL-134951404,Dionis Lloyd,Corporate,United States,USCA,Western US,OFF-LA-3190,Office Supplies,Labels,"Avery 4027 File Folder Labels for Dot Matrix Printers, 5000 Labels per Box, White",152.65,5,0,70.21900000000001
ID-2015-LS1720059-42308,2015-10-31 00:00:00,LS-1720059,Luke Schmidt,Corporate,Indonesia,Asia Pacific,Southeastern Asia,FUR-CH-4682,Furniture,Chairs,"Hon Rocking Chair, Black",280.73609999999996,3,0.27,-15.453900000000004
CA-2015-DL13495140-42293,2015-10-16 00:00:00,DL-134951404,Dionis Lloyd,Corporate,United States,USCA,Western US,FUR-FU-4233,Furniture,Furnishings,"Executive Impressions 14"" Two-Color Numerals Wall Clock",22.72,1,0,9.3152
ES-2015-KB1660048-42283,2015-10-06 00:00:00,KB-1660048,Ken Brennan,Corporate,Germany,Europe,Western Europe,OFF-AR-5931,Office Supplies,Art,"Sanford Sketch Pad, Easy-Erase",91.5,2,0,42.06
IN-2015-JJ1576027-42304,2015-10-27 00:00:00,JJ-1576027,Joel Jenkins,Home Office,China,Asia Pacific,Eastern Asia,OFF-PA-6617,Office Supplies,Paper,"Xerox Note Cards, 8.5 x 11",61.019999999999996,2,0,0
MX-2015-MO1780051-42280,2015-10-03 00:00:00,MO-1780051,Meg O'Connel,Home Office,Guatemala,LATAM,Central America,TEC-PH-5360,Technology,Phones,"Nokia Speaker Phone, with Caller ID",246.3,3,0,39.36
ID-2015-PC18745102-42287,2015-10-10 00:00:00,PC-18745102,Pamela Coakley,Corporate,Philippines,Asia Pacific,Southeastern Asia,FUR-CH-4697,Furniture,Chairs,"Hon Steel Folding Chair, Adjustable",125.865,2,0.25,40.24499999999999
MX-2015-JK1609031-42302,2015-10-25 00:00:00,JK-1609031,Juliana Krohn,Consumer,Cuba,LATAM,Caribbean,FUR-CH-5802,Furniture,Chairs,"SAFCO Steel Folding Chair, Red",285.7,5,0,97.1
ES-2015-GK1462048-42290,2015-10-13 00:00:00,GK-1462048,Grace Kelly,Corporate,Germany,Europe,Western Europe,TEC-PH-5832,Technology,Phones,"Samsung Office Telephone, with Caller ID",130.44,2,0,30
IN-2015-GK1462058-42307,2015-10-30 00:00:00,GK-1462058,Grace Kelly,Corporate,India,Asia Pacific,Southern Asia,OFF-ST-4282,Office Supplies,Storage,"Fellowes Shelving, Blue",115.67999999999998,2,0,32.339999999999996
MX-2015-HH1501039-42308,2015-10-31 00:00:00,HH-1501039,Hilary Holden,Corporate,El Salvador,LATAM,Central America,OFF-ST-6058,Office Supplies,Storage,"Smead Shelving, Industrial",164.7,5,0,11.5
MX-2015-MC1742593-42304,2015-10-27 00:00:00,MC-1742593,Mark Cousins,Corporate,Nicaragua,LATAM,Central America,FUR-CH-4682,Furniture,Chairs,"Hon Rocking Chair, Black",170.92000000000002,2,0,82.04
IN-2015-BD1177058-42294,2015-10-17 00:00:00,BD-1177058,Bryan Davis,Consumer,India,Asia Pacific,Southern Asia,FUR-FU-3931,Furniture,Furnishings,"Deflect-O Clock, Erganomic",195.71999999999997,4,0,97.80000000000001
MX-2015-DB1306093-42283,2015-10-06 00:00:00,DB-1306093,Dave Brooks,Consumer,Nicaragua,LATAM,Central America,OFF-ST-5707,Office Supplies,Storage,"Rogers Shelving, Single Width",124.31999999999998,3,0,3.72
UP-2015-JC5775137-42305,2015-10-28 00:00:00,JC-5775137,John Castell,Consumer,Ukraine,Europe,Eastern Europe,OFF-AR-5905,Office Supplies,Art,"Sanford Canvas, Water Color",107.4,2,0,0
ID-2015-FO1430527-42291,2015-10-14 00:00:00,FO-1430527,Frank Olsen,Consumer,China,Asia Pacific,Eastern Asia,FUR-CH-4532,Furniture,Chairs,"Harbour Creations Executive Leather Armchair, Red",475.8599999999999,1,0,114.18
IT-2015-GT14635139-42304,2015-10-27 00:00:00,GT-14635139,Grant Thornton,Corporate,United Kingdom,Europe,Northern Europe,OFF-SU-6163,Office Supplies,Supplies,"Stiletto Box Cutter, Steel",141.48,4,0,9.84
IN-2015-DW1358558-42301,2015-10-24 00:00:00,DW-1358558,Dorothy Wardle,Corporate,India,Asia Pacific,Southern Asia,OFF-EN-5032,Office Supplies,Envelopes,"Kraft Interoffice Envelope, with clear poly window",151.38,3,0,52.92
MX-2015-BH1171018-42299,2015-10-22 00:00:00,BH-1171018,Brosina Hoffman,Consumer,Brazil,LATAM,South America,OFF-AP-3573,Office Supplies,Appliances,"Breville Microwave, White",199.89999999999998,1,0,83.94
IN-2015-EG1390088-42286,2015-10-09 00:00:00,EG-1390088,Emily Grady,Consumer,Myanmar (Burma),Asia Pacific,Southeastern Asia,TEC-PH-5247,Technology,Phones,"Motorola Audio Dock, Full Size",144.96779999999998,1,0.17,12.2178
MX-2015-TT2146018-42308,2015-10-31 00:00:00,TT-2146018,Tonja Turnell,Home Office,Brazil,LATAM,South America,TEC-CO-3704,Technology,Copiers,"Canon Personal Copier, Digital",378.92064,4,0.002,63.72063999999999
UP-2015-ND8370137-42280,2015-10-03 00:00:00,ND-8370137,Natalie DeCherney,Consumer,Ukraine,Europe,Eastern Europe,OFF-ST-4284,Office Supplies,Storage,"Fellowes Shelving, Single Width",115.74,2,0,30.06
SG-2015-GH4425111-42286,2015-10-09 00:00:00,GH-4425111,Gary Hwang,Consumer,Senegal,Africa,Western Africa,TEC-AC-4179,Technology,Accessories,"Enermax Numeric Keypad, Erganomic",58.83,1,0,6.449999999999999
ID-2015-CD11920102-42285,2015-10-08 00:00:00,CD-11920102,Carlos Daly,Consumer,Philippines,Asia Pacific,Southeastern Asia,TEC-CO-3703,Technology,Copiers,"Canon Personal Copier, Color",281.15100000000007,3,0.35,-95.22900000000001
IN-2015-MG1768027-42281,2015-10-04 00:00:00,MG-1768027,Maureen Gastineau,Home Office,China,Asia Pacific,Eastern Asia,OFF-PA-4479,Office Supplies,Paper,"Green Bar Note Cards, Multicolor",135.72,4,0,31.200000000000003
CA-2015-EB13705140-42298,2015-10-21 00:00:00,EB-137051406,Ed Braxton,Corporate,United States,USCA,Eastern US,FUR-TA-3767,Furniture,Tables,Chromcraft Rectangular Conference Tables,284.364,2,0.4,-75.83040000000005
ES-2015-CS118608-42292,2015-10-15 00:00:00,CS-118608,Cari Schnelling,Consumer,Austria,Europe,Western Europe,OFF-BI-4805,Office Supplies,Binders,"Ibico 3-Hole Punch, Economy",60.900000000000006,2,0,30.42
ES-2015-LC1696045-42308,2015-10-31 00:00:00,LC-1696045,Lindsay Castell,Home Office,France,Europe,Western Europe,OFF-FA-6184,Office Supplies,Fasteners,"Stockwell Clamps, 12 Pack",93.3,5,0,44.699999999999996
CA-2015-EB13705140-42298,2015-10-21 00:00:00,EB-137051406,Ed Braxton,Corporate,United States,USCA,Eastern US,OFF-ST-3962,Office Supplies,Storage,Deluxe Rollaway Locking File with Drawer,665.408,2,0.2,66.54079999999996
KE-2015-RK930069-42305,2015-10-28 00:00:00,RK-930069,Ralph Kennedy,Consumer,Kenya,Africa,Eastern Africa,TEC-PH-3784,Technology,Phones,"Cisco Audio Dock, Cordless",184.92000000000002,1,0,24.03
ES-2015-TH21550139-42294,2015-10-17 00:00:00,TH-21550139,Tracy Hopkins,Home Office,United Kingdom,Europe,Northern Europe,OFF-FA-2945,Office Supplies,Fasteners,"Accos Paper Clips, Bulk Pack",56.64,4,0,20.88
TO-2015-AB600131-42299,2015-10-22 00:00:00,AB-600131,Ann Blume,Corporate,Togo,Africa,Western Africa,TEC-MA-5013,Technology,Machines,"Konica Phone, Wireless",86.19,1,0,17.22
ID-2015-MK17905102-42306,2015-10-29 00:00:00,MK-17905102,Michael Kennedy,Corporate,Philippines,Asia Pacific,Southeastern Asia,OFF-AR-3525,Office Supplies,Art,"Boston Canvas, Blue",59.004000000000005,2,0.45,-7.536000000000001
CA-2015-EL13735140-42292,2015-10-15 00:00:00,EL-137351406,Ed Ludwig,Home Office,United States,USCA,Eastern US,OFF-BI-2927,Office Supplies,Binders,"Acco PRESSTEX Data Binder with Storage Hooks, Dark Blue, 14 7/8"" X 11""",37.66,7,0,18.453400000000002
IT-2015-TS21505125-42290,2015-10-13 00:00:00,TS-21505125,Tony Sayre,Consumer,Switzerland,Europe,Western Europe,OFF-SU-4131,Office Supplies,Supplies,"Elite Shears, Easy Grip",340.41,7,0,20.37
IN-2015-HW1493558-42299,2015-10-22 00:00:00,HW-1493558,Helen Wasserman,Corporate,India,Asia Pacific,Southern Asia,OFF-ST-6248,Office Supplies,Storage,"Tenex File Cart, Single Width",134.61,1,0,39.03
ES-2015-TS2161045-42297,2015-10-20 00:00:00,TS-2161045,Troy Staebel,Consumer,France,Europe,Western Europe,TEC-PH-3152,Technology,Phones,"Apple Speaker Phone, VoIP",209.76300000000003,2,0.15,61.682999999999986
ZA-2015-LC6930146-42298,2015-10-21 00:00:00,LC-6930146,Linda Cazamias,Corporate,Zambia,Africa,Eastern Africa,OFF-AP-3584,Office Supplies,Appliances,"Breville Toaster, Silver",77.46000000000001,1,0,3.09
MX-2015-GZ1454582-42293,2015-10-16 00:00:00,GZ-1454582,George Zrebassa,Corporate,Mexico,LATAM,Central America,FUR-CH-5373,Furniture,Chairs,"Novimex Chairmat, Set of Two",218.73600000000005,7,0.2,71.03600000000002
IN-2015-PF1922559-42287,2015-10-10 00:00:00,PF-1922559,Phillip Flathmann,Consumer,Indonesia,Asia Pacific,Southeastern Asia,TEC-CO-4765,Technology,Copiers,"HP Copy Machine, Color",449.9153999999999,2,0.07,203.1354
ES-2015-CS1184548-42301,2015-10-24 00:00:00,CS-1184548,Cari Sayre,Corporate,Germany,Europe,Western Europe,OFF-SU-4980,Office Supplies,Supplies,"Kleencut Letter Opener, Steel",71.28,3,0,17.82
MX-2015-GH1466536-42294,2015-10-17 00:00:00,GH-1466536,Greg Hansen,Consumer,Dominican Republic,LATAM,Caribbean,TEC-CO-3683,Technology,Copiers,"Canon Fax and Copier, Digital",203.20272000000003,2,0.202,45.32271999999999
MX-2015-BD1172582-42301,2015-10-24 00:00:00,BD-1172582,Bruce Degenhardt,Consumer,Mexico,LATAM,Central America,FUR-BO-3647,Furniture,Bookcases,"Bush Stackable Bookrack, Pine",201.64800000000002,3,0.2,55.428
SA-2015-AR570110-42299,2015-10-22 00:00:00,AR-570110,Anemone Ratner,Consumer,Saudi Arabia,Asia Pacific,Western Asia,TEC-AC-5130,Technology,Accessories,"Logitech Numeric Keypad, Bluetooth",185.28000000000003,4,0,27.72
MX-2015-CB1253551-42280,2015-10-03 00:00:00,CB-1253551,Claudia Bergmann,Corporate,Guatemala,LATAM,Central America,OFF-EN-4438,Office Supplies,Envelopes,"GlobeWeis Clasp Envelope, with clear poly window",80.63999999999999,9,0,38.7
IT-2015-TC2129548-42307,2015-10-30 00:00:00,TC-2129548,Toby Carlisle,Consumer,Germany,Europe,Western Europe,OFF-ST-6250,Office Supplies,Storage,"Tenex Folders, Industrial",42.660000000000004,2,0.1,-4.740000000000001
ID-2015-KC1625558-42308,2015-10-31 00:00:00,KC-1625558,Karen Carlisle,Corporate,India,Asia Pacific,Southern Asia,FUR-CH-5433,Furniture,Chairs,"Office Star Bag Chairs, Adjustable",86.89499999999998,3,0.5,-33.074999999999974
ES-2015-DR12940120-42279,2015-10-02 00:00:00,DR-12940120,Daniel Raglin,Home Office,Spain,Europe,Southern Europe,OFF-PA-4479,Office Supplies,Paper,"Green Bar Note Cards, Multicolor",135.72,4,0,55.56
MX-2015-EB1375018-42279,2015-10-02 00:00:00,EB-1375018,Edward Becker,Corporate,Brazil,LATAM,South America,OFF-ST-6067,Office Supplies,Storage,"Smead Trays, Single Width",97.02,3,0,35.879999999999995
IN-2015-TN2104092-42299,2015-10-22 00:00:00,TN-2104092,Tanja Norvell,Home Office,New Zealand,Asia Pacific,Oceania,OFF-EN-4445,Office Supplies,Envelopes,"GlobeWeis Mailers, Set of 50",154.2,4,0,66.24
IN-2015-GT1475527-42283,2015-10-06 00:00:00,GT-1475527,Guy Thornton,Consumer,China,Asia Pacific,Eastern Asia,FUR-BO-4857,Furniture,Bookcases,"Ikea Floating Shelf Set, Mobile",172.86,1,0,57.03
IN-2015-MM1726027-42291,2015-10-14 00:00:00,MM-1726027,Magdelene Morse,Consumer,China,Asia Pacific,Eastern Asia,OFF-BI-3726,Office Supplies,Binders,"Cardinal Binding Machine, Economy",99.54000000000002,2,0,33.839999999999996
CA-2015-EB13840140-42279,2015-10-02 00:00:00,EB-138401404,Ellis Ballard,Corporate,United States,USCA,Western US,FUR-CH-4653,Furniture,Chairs,Hon Every-Day Series Multi-Task Chairs,451.15199999999993,3,0.2,0
CA-2015-EB13840140-42279,2015-10-02 00:00:00,EB-138401404,Ellis Ballard,Corporate,United States,USCA,Western US,OFF-PA-5593,Office Supplies,Paper,Personal Creations Ink Jet Cards and Labels,91.84,8,0,45.0016
CA-2015-EB13840140-42279,2015-10-02 00:00:00,EB-138401404,Ellis Ballard,Corporate,United States,USCA,Western US,OFF-BI-4377,Office Supplies,Binders,"GBC White Gloss Covers, Plain Front",81.08800000000001,7,0.2,27.3672
MX-2015-MO1780051-42280,2015-10-03 00:00:00,MO-1780051,Meg O'Connel,Home Office,Guatemala,LATAM,Central America,OFF-PA-4145,Office Supplies,Paper,"Enermax Cards & Envelopes, Premium",157.00000000000003,5,0,18.8
CA-2015-EB13840140-42279,2015-10-02 00:00:00,EB-138401404,Ellis Ballard,Corporate,United States,USCA,Western US,OFF-PA-6586,Office Supplies,Paper,Xerox 222,19.44,3,0,9.3312
US-2015-GB1457536-42299,2015-10-22 00:00:00,GB-1457536,Giulietta Baptist,Consumer,Dominican Republic,LATAM,Caribbean,OFF-ST-5693,Office Supplies,Storage,"Rogers File Cart, Single Width",227.32800000000006,3,0.2,56.80799999999999
RS-2015-AR825108-42295,2015-10-18 00:00:00,AR-825108,Anthony Rawles,Corporate,Russia,Europe,Eastern Europe,TEC-PH-5264,Technology,Phones,"Motorola Signal Booster, Full Size",144.42000000000002,1,0,23.1
IN-2015-HG1496527-42293,2015-10-16 00:00:00,HG-1496527,Henry Goldwyn,Corporate,China,Asia Pacific,Eastern Asia,OFF-ST-4284,Office Supplies,Storage,"Fellowes Shelving, Single Width",173.60999999999999,3,0,22.5
MX-2015-JE1574518-42302,2015-10-25 00:00:00,JE-1574518,Joel Eaton,Consumer,Brazil,LATAM,South America,OFF-ST-4057,Office Supplies,Storage,"Eldon File Cart, Single Width",171.16000000000005,2,0,0
IN-2015-MS178307-42306,2015-10-29 00:00:00,MS-178307,Melanie Seite,Consumer,Australia,Asia Pacific,Oceania,OFF-PA-3987,Office Supplies,Paper,"Eaton Cards & Envelopes, Multicolor",209.65500000000003,5,0.1,34.905
IN-2015-MM1792058-42299,2015-10-22 00:00:00,MM-1792058,Michael Moore,Consumer,India,Asia Pacific,Southern Asia,OFF-BI-3725,Office Supplies,Binders,"Cardinal Binding Machine, Durable",205.08000000000004,4,0,36.839999999999996
ES-2015-KT16465139-42308,2015-10-31 00:00:00,KT-16465139,Kean Takahito,Consumer,United Kingdom,Europe,Northern Europe,OFF-BI-6374,Office Supplies,Binders,"Wilson Jones Binder Covers, Clear",42.599999999999994,4,0,10.56
US-2015-FW1439518-42306,2015-10-29 00:00:00,FW-1439518,Fred Wasserman,Corporate,Brazil,LATAM,South America,OFF-AP-4958,Office Supplies,Appliances,"KitchenAid Microwave, Silver",248.85600000000005,3,0.6,-74.66399999999999
US-2015-GZ1447055-42307,2015-10-30 00:00:00,GZ-1447055,Gary Zandusky,Consumer,Honduras,LATAM,Central America,FUR-CH-5370,Furniture,Chairs,"Novimex Chairmat, Adjustable",164.724,7,0.4,-79.71599999999998
IN-2015-JW1595558-42287,2015-10-10 00:00:00,JW-1595558,Joni Wasserman,Consumer,India,Asia Pacific,Southern Asia,OFF-EN-4441,Office Supplies,Envelopes,"GlobeWeis Interoffice Envelope, Set of 50",95.64,2,0,14.34
IN-2015-MC17575130-42278,2015-10-01 00:00:00,MC-17575130,Matt Collins,Consumer,Thailand,Asia Pacific,Southeastern Asia,TEC-CO-3600,Technology,Copiers,"Brother Ink, Digital",277.71659999999997,3,0.37,52.89660000000001
IN-2015-CM1223527-42290,2015-10-13 00:00:00,CM-1223527,Chris McAfee,Consumer,China,Asia Pacific,Eastern Asia,FUR-CH-5451,Furniture,Chairs,"Office Star Steel Folding Chair, Black",178.56,2,0,10.68
ES-2015-GA1451545-42290,2015-10-13 00:00:00,GA-1451545,George Ashbrook,Consumer,France,Europe,Western Europe,OFF-ST-4262,Office Supplies,Storage,"Fellowes Folders, Industrial",217.72799999999998,9,0.1,31.428
IN-2015-SC2038027-42306,2015-10-29 00:00:00,SC-2038027,Shahid Collister,Consumer,China,Asia Pacific,Eastern Asia,OFF-AR-6121,Office Supplies,Art,"Stanley Pens, Blue",90.45,9,0,40.5
ES-2015-NH1861048-42299,2015-10-22 00:00:00,NH-1861048,Nicole Hansen,Corporate,Germany,Europe,Western Europe,OFF-SU-4322,Office Supplies,Supplies,"Fiskars Shears, Steel",141.12,3,0,40.86
IN-2015-SC2002058-42279,2015-10-02 00:00:00,SC-2002058,Sam Craven,Consumer,India,Asia Pacific,Southern Asia,TEC-MA-5496,Technology,Machines,"Okidata Calculator, Wireless",156.87,3,0,39.15
IN-2015-JR1570058-42290,2015-10-13 00:00:00,JR-1570058,Jocasta Rupert,Consumer,India,Asia Pacific,Southern Asia,TEC-CO-5993,Technology,Copiers,"Sharp Fax and Copier, Color",340.08,2,0,33.96
ES-2015-ER13855139-42300,2015-10-23 00:00:00,ER-13855139,Elpida Rittenbach,Corporate,United Kingdom,Europe,Northern Europe,OFF-EN-3656,Office Supplies,Envelopes,"Cameo Business Envelopes, Set of 50",81.96000000000001,4,0,32.76
IN-2015-SS2014027-42279,2015-10-02 00:00:00,SS-2014027,Saphhira Shifley,Corporate,China,Asia Pacific,Eastern Asia,OFF-ST-5705,Office Supplies,Storage,"Rogers Shelving, Blue",434.90999999999997,7,0,182.49
IN-2015-JW1607592-42301,2015-10-24 00:00:00,JW-1607592,Julia West,Consumer,New Zealand,Asia Pacific,Oceania,OFF-PA-3991,Office Supplies,Paper,"Eaton Computer Printout Paper, Multicolor",111.84,4,0,41.28
AJ-2015-LW68259-42300,2015-10-23 00:00:00,LW-68259,Laurel Workman,Corporate,Azerbaijan,Asia Pacific,Western Asia,OFF-AR-3543,Office Supplies,Art,"Boston Pencil Sharpener, Easy-Erase",60.42,2,0,9.66
TO-2015-AB600131-42299,2015-10-22 00:00:00,AB-600131,Ann Blume,Corporate,Togo,Africa,Western Africa,FUR-BO-5942,Furniture,Bookcases,"Sauder 3-Shelf Cabinet, Pine",168.03000000000003,1,0,38.64
IN-2015-MS178307-42306,2015-10-29 00:00:00,MS-178307,Melanie Seite,Consumer,Australia,Asia Pacific,Oceania,OFF-SU-6182,Office Supplies,Supplies,"Stiletto Trimmer, Serrated",177.525,5,0.1,41.325
IN-2015-VT2170059-42281,2015-10-04 00:00:00,VT-2170059,Valerie Takahito,Home Office,Indonesia,Asia Pacific,Southeastern Asia,OFF-BI-6372,Office Supplies,Binders,"Wilson Jones 3-Hole Punch, Recycled",94.122,4,0.17,36.282
IN-2015-MC1757558-42290,2015-10-13 00:00:00,MC-1757558,Matt Collins,Consumer,India,Asia Pacific,Southern Asia,OFF-PA-4480,Office Supplies,Paper,"Green Bar Note Cards, Premium",62.400000000000006,2,0,3.12
MX-2015-GZ1454582-42293,2015-10-16 00:00:00,GZ-1454582,George Zrebassa,Corporate,Mexico,LATAM,Central America,OFF-BI-4816,Office Supplies,Binders,"Ibico Binding Machine, Durable",282.24,8,0,2.72
IN-2015-MC17575130-42278,2015-10-01 00:00:00,MC-17575130,Matt Collins,Consumer,Thailand,Asia Pacific,Southeastern Asia,OFF-BI-3257,Office Supplies,Binders,"Avery Binding Machine, Economy",162.1488,4,0.17,-5.971200000000003
IN-2015-RF198407-42300,2015-10-23 00:00:00,RF-198407,Roy Französisch,Consumer,Australia,Asia Pacific,Oceania,OFF-AR-3471,Office Supplies,Art,"BIC Sketch Pad, Water Color",279.93600000000004,6,0.1,111.816
MX-2015-PO1885082-42279,2015-10-02 00:00:00,PO-1885082,Patrick O'Brill,Consumer,Mexico,LATAM,Central America,TEC-MA-5012,Technology,Machines,"Konica Phone, White",169.2,3,0,25.38
IR-2015-JM558060-42300,2015-10-23 00:00:00,JM-558060,Jill Matthias,Consumer,Iran,Asia Pacific,Southern Asia,OFF-BI-3727,Office Supplies,Binders,"Cardinal Binding Machine, Recycled",50.13,1,0,10.5
ID-2015-JA15970130-42295,2015-10-18 00:00:00,JA-15970130,Joseph Airdo,Consumer,Thailand,Asia Pacific,Southeastern Asia,TEC-AC-5862,Technology,Accessories,"SanDisk Flash Drive, Programmable",152.2584,7,0.47000000000000003,-86.30160000000001
MX-2015-CM1211528-42296,2015-10-19 00:00:00,CM-1211528,Chad McGuire,Consumer,Colombia,LATAM,South America,FUR-FU-5730,Furniture,Furnishings,"Rubbermaid Frame, Erganomic",217.02000000000004,3,0,19.5
IN-2015-DP13000144-42308,2015-10-31 00:00:00,DP-13000144,Darren Powers,Consumer,Vietnam,Asia Pacific,Southeastern Asia,OFF-ST-5693,Office Supplies,Storage,"Rogers File Cart, Single Width",235.8528,2,0.17,-25.62720000000001
IN-2015-SW2075558-42295,2015-10-18 00:00:00,SW-2075558,Steven Ward,Corporate,India,Asia Pacific,Southern Asia,FUR-CH-4703,Furniture,Chairs,"Hon Swivel Stool, Red",163.65,1,0,75.27
SY-2015-FO4305126-42296,2015-10-19 00:00:00,FO-4305126,Frank Olsen,Consumer,Syria,Asia Pacific,Western Asia,TEC-AC-4155,Technology,Accessories,"Enermax Keyboard, Bluetooth",166.92000000000002,2,0,80.1
IN-2015-AA1064578-42290,2015-10-13 00:00:00,AA-1064578,Anna Andreadi,Consumer,Malaysia,Asia Pacific,Southeastern Asia,OFF-BI-3720,Office Supplies,Binders,"Cardinal Binder, Clear",93.03,7,0,46.41
KE-2015-RK930069-42305,2015-10-28 00:00:00,RK-930069,Ralph Kennedy,Consumer,Kenya,Africa,Eastern Africa,FUR-CH-5438,Furniture,Chairs,"Office Star Chairmat, Black",63.39,1,0,17.73
IN-2015-MS175307-42290,2015-10-13 00:00:00,MS-175307,MaryBeth Skach,Consumer,Australia,Asia Pacific,Oceania,OFF-ST-6039,Office Supplies,Storage,"Smead Folders, Industrial",32.346,2,0.1,12.906
IN-2015-RH1955592-42297,2015-10-20 00:00:00,RH-1955592,Ritsa Hightower,Consumer,New Zealand,Asia Pacific,Oceania,OFF-ST-4295,Office Supplies,Storage,"Fellowes Trays, Single Width",229.68,4,0,103.32
ES-2015-MH1802564-42296,2015-10-19 00:00:00,MH-1802564,Michelle Huthwaite,Consumer,Italy,Europe,Southern Europe,OFF-PA-5878,Office Supplies,Paper,"SanDisk Message Books, Premium",71.46000000000001,3,0,18.54
MX-2015-RA1994528-42286,2015-10-09 00:00:00,RA-1994528,Ryan Akin,Consumer,Colombia,LATAM,South America,OFF-BI-3725,Office Supplies,Binders,"Cardinal Binding Machine, Durable",136.72,4,0,17.76
ID-2015-KC1625558-42308,2015-10-31 00:00:00,KC-1625558,Karen Carlisle,Corporate,India,Asia Pacific,Southern Asia,OFF-ST-4108,Office Supplies,Storage,"Eldon Trays, Wire Frame",70.56,3,0.5,-49.41
IN-2015-TC214757-42304,2015-10-27 00:00:00,TC-214757,Tony Chapman,Home Office,Australia,Asia Pacific,Oceania,OFF-FA-5477,Office Supplies,Fasteners,"OIC Rubber Bands, Bulk Pack",76.81500000000001,5,0.1,20.415
MX-2015-CH1207082-42280,2015-10-03 00:00:00,CH-1207082,Cathy Hwang,Home Office,Mexico,LATAM,Central America,OFF-SU-2979,Office Supplies,Supplies,"Acme Letter Opener, Serrated",35.88,2,0,12.88
ID-2015-MC1757527-42307,2015-10-30 00:00:00,MC-1757527,Matt Collins,Consumer,China,Asia Pacific,Eastern Asia,FUR-FU-3067,Furniture,Furnishings,"Advantus Stacking Tray, Erganomic",74.97,3,0,17.91
ID-2015-CC1214597-42287,2015-10-10 00:00:00,CC-1214597,Charles Crestani,Consumer,Pakistan,Asia Pacific,Southern Asia,FUR-TA-4711,Furniture,Tables,"Hon Wood Table, Fully Assembled",213.11999999999995,2,0.8,-490.2
IN-2015-DK1309027-42308,2015-10-31 00:00:00,DK-1309027,Dave Kipp,Consumer,China,Asia Pacific,Eastern Asia,OFF-PA-3987,Office Supplies,Paper,"Eaton Cards & Envelopes, Multicolor",46.59,1,0,11.64
CA-2015-EB14170140-42287,2015-10-10 00:00:00,EB-141701408,Evan Bailliet,Consumer,United States,USCA,Southern US,OFF-PA-3328,Office Supplies,Paper,Avoid Verbal Orders Carbonless Minifold Book,10.816,4,0.2,3.5151999999999988
MX-2015-HW1493582-42290,2015-10-13 00:00:00,HW-1493582,Helen Wasserman,Corporate,Mexico,LATAM,Central America,OFF-FA-2941,Office Supplies,Fasteners,"Accos Clamps, Assorted Sizes",56.10000000000001,5,0,15.1
US-2015-PJ190155-42286,2015-10-09 00:00:00,PJ-190155,Pauline Johnson,Consumer,Argentina,LATAM,South America,FUR-CH-5753,Furniture,Chairs,"SAFCO Bag Chairs, Set of Two",144.73200000000003,7,0.4,21.672000000000015
UP-2015-JB6045137-42286,2015-10-09 00:00:00,JB-6045137,Julia Barnett,Home Office,Ukraine,Europe,Eastern Europe,OFF-EN-4903,Office Supplies,Envelopes,"Jiffy Business Envelopes, Recycled",88.56,6,0,14.04
ID-2015-ME1772597-42308,2015-10-31 00:00:00,ME-1772597,Max Engle,Consumer,Pakistan,Asia Pacific,Southern Asia,OFF-PA-4160,Office Supplies,Paper,"Enermax Memo Slips, Multicolor",42.675,5,0.5,-13.724999999999998
MX-2015-BF1127593-42282,2015-10-05 00:00:00,BF-1127593,Beth Fritzler,Corporate,Nicaragua,LATAM,Central America,OFF-ST-4108,Office Supplies,Storage,"Eldon Trays, Wire Frame",156.8,5,0,31.3
MX-2015-PV1898518-42305,2015-10-28 00:00:00,PV-1898518,Paul Van Hugh,Home Office,Brazil,LATAM,South America,OFF-LA-3298,Office Supplies,Labels,"Avery Legal Exhibit Labels, Adjustable",43.12,7,0,5.039999999999999
CA-2015-FC14245140-42299,2015-10-22 00:00:00,FC-142451406,Frank Carlisle,Home Office,United States,USCA,Eastern US,OFF-AP-3178,Office Supplies,Appliances,Avanti 1.7 Cu. Ft. Refrigerator,161.568,2,0.2,16.156799999999997
IN-2015-BP112307-42278,2015-10-01 00:00:00,BP-112307,Benjamin Patterson,Consumer,Australia,Asia Pacific,Oceania,OFF-FA-6184,Office Supplies,Fasteners,"Stockwell Clamps, 12 Pack",147.98700000000002,9,0.1,65.63700000000001
CA-2015-FC14245140-42299,2015-10-22 00:00:00,FC-142451406,Frank Carlisle,Home Office,United States,USCA,Eastern US,OFF-BI-6018,Office Supplies,Binders,"SlimView Poly Binder, 3/8""",6.216,4,0.7,-4.972799999999999
CA-2015-FC14245140-42299,2015-10-22 00:00:00,FC-142451406,Frank Carlisle,Home Office,United States,USCA,Eastern US,OFF-PA-5716,Office Supplies,Paper,"RSVP Cards & Envelopes, Blank White, 8-1/2"" X 11"", 24 Cards/25 Envelopes/Set",4.064,1,0.2,1.3716
ES-2015-ST2053045-42293,2015-10-16 00:00:00,ST-2053045,Shui Tom,Consumer,France,Europe,Western Europe,OFF-BI-3737,Office Supplies,Binders,"Cardinal Index Tab, Clear",47.03999999999999,7,0,19.74
CA-2015-FG14260140-42280,2015-10-03 00:00:00,FG-142601404,Frank Gastineau,Home Office,United States,USCA,Western US,TEC-PH-4802,Technology,Phones,i.Sound Portable Power - 8000 mAh,84.784,2,0.2,-20.136200000000006
IN-2015-AT1073527-42292,2015-10-15 00:00:00,AT-1073527,Annie Thurman,Consumer,China,Asia Pacific,Eastern Asia,TEC-AC-5864,Technology,Accessories,"SanDisk Keyboard, Bluetooth",325.9200000000001,4,0,78.12
CA-2015-FG14260140-42293,2015-10-16 00:00:00,FG-142601404,Frank Gastineau,Home Office,United States,USCA,Western US,OFF-AR-5551,Office Supplies,Art,Panasonic KP-310 Heavy-Duty Electric Pencil Sharpener,87.92,4,0,26.375999999999998
IN-2015-MC1810027-42308,2015-10-31 00:00:00,MC-1810027,Mick Crebagga,Consumer,China,Asia Pacific,Eastern Asia,OFF-EN-3673,Office Supplies,Envelopes,"Cameo Peel and Seal, Recycled",59.39999999999999,3,0,7.11
IN-2015-RP1927058-42296,2015-10-19 00:00:00,RP-1927058,Rachel Payne,Corporate,India,Asia Pacific,Southern Asia,OFF-AR-3527,Office Supplies,Art,"Boston Canvas, Fluorescent",109.80000000000001,2,0,43.92
IN-2015-GK1462058-42307,2015-10-30 00:00:00,GK-1462058,Grace Kelly,Corporate,India,Asia Pacific,Southern Asia,OFF-PA-3987,Office Supplies,Paper,"Eaton Cards & Envelopes, Multicolor",93.18,2,0,23.28
CA-2015-FG14260140-42280,2015-10-03 00:00:00,FG-142601404,Frank Gastineau,Home Office,United States,USCA,Western US,OFF-FA-6129,Office Supplies,Fasteners,Staples,8.94,3,0,4.112399999999999
US-2015-GT1471055-42299,2015-10-22 00:00:00,GT-1471055,Greg Tran,Consumer,Honduras,LATAM,Central America,OFF-AR-3471,Office Supplies,Art,"BIC Sketch Pad, Water Color",145.15200000000002,7,0.4,-87.10800000000003
ES-2015-GT1475564-42301,2015-10-24 00:00:00,GT-1475564,Guy Thornton,Consumer,Italy,Europe,Southern Europe,OFF-PA-5885,Office Supplies,Paper,"SanDisk Note Cards, Multicolor",67.92,2,0,28.5
MX-2015-GH1466536-42294,2015-10-17 00:00:00,GH-1466536,Greg Hansen,Consumer,Dominican Republic,LATAM,Caribbean,FUR-FU-3931,Furniture,Furnishings,"Deflect-O Clock, Erganomic",114.17,7,0.5,-6.930000000000018
US-2015-LP1709598-42291,2015-10-14 00:00:00,LP-1709598,Liz Preis,Consumer,Panama,LATAM,Central America,TEC-PH-3143,Technology,Phones,"Apple Signal Booster, Cordless",167.4,3,0.4,-94.86000000000003
IT-2015-TC2129548-42307,2015-10-30 00:00:00,TC-2129548,Toby Carlisle,Consumer,Germany,Europe,Western Europe,OFF-SU-6171,Office Supplies,Supplies,"Stiletto Ruler, Steel",42.839999999999996,3,0,21.419999999999998
MX-2015-PO1885082-42279,2015-10-02 00:00:00,PO-1885082,Patrick O'Brill,Consumer,Mexico,LATAM,Central America,OFF-EN-5032,Office Supplies,Envelopes,"Kraft Interoffice Envelope, with clear poly window",168.2,5,0,74
ES-2015-JD1606034-42300,2015-10-23 00:00:00,JD-1606034,Julia Dunbar,Consumer,Denmark,Europe,Northern Europe,OFF-SU-4321,Office Supplies,Supplies,"Fiskars Shears, Serrated",88.68,4,0.5,-37.32000000000001
US-2015-AT10435143-42281,2015-10-04 00:00:00,AT-10435143,Alyssa Tate,Home Office,Venezuela,LATAM,South America,OFF-ST-5708,Office Supplies,Storage,"Rogers Shelving, Wire Frame",171.35999999999999,7,0.4,-34.30000000000001
TO-2015-AB600131-42299,2015-10-22 00:00:00,AB-600131,Ann Blume,Corporate,Togo,Africa,Western Africa,TEC-AC-5115,Technology,Accessories,"Logitech Keyboard, Bluetooth",72.45,1,0,7.23
IN-2015-JK153257-42292,2015-10-15 00:00:00,JK-153257,Jason Klamczynski,Corporate,Australia,Asia Pacific,Oceania,OFF-SU-4990,Office Supplies,Supplies,"Kleencut Shears, High Speed",168.37199999999999,4,0.1,1.8120000000000012
IT-2015-TS21505125-42290,2015-10-13 00:00:00,TS-21505125,Tony Sayre,Consumer,Switzerland,Europe,Western Europe,TEC-PH-3817,Technology,Phones,"Cisco Speaker Phone, VoIP",415.71,3,0,137.16
ES-2015-PF1922548-42306,2015-10-29 00:00:00,PF-1922548,Phillip Flathmann,Consumer,Germany,Europe,Western Europe,OFF-BI-2893,Office Supplies,Binders,"Acco Binder Covers, Economy",39.959999999999994,3,0,16.38
IT-2015-SG20470104-42278,2015-10-01 00:00:00,SG-20470104,Sheri Gordon,Consumer,Portugal,Europe,Southern Europe,TEC-PH-5265,Technology,Phones,"Motorola Signal Booster, VoIP",143.22,2,0.5,-128.94
IN-2015-CR1282058-42294,2015-10-17 00:00:00,CR-1282058,Cyra Reiten,Home Office,India,Asia Pacific,Southern Asia,OFF-AR-3500,Office Supplies,Art,"Binney & Smith Sketch Pad, Easy-Erase",93.17999999999999,2,0,36.3
US-2015-RH1949555-42300,2015-10-23 00:00:00,RH-1949555,Rick Hansen,Consumer,Honduras,LATAM,Central America,TEC-PH-3132,Technology,Phones,"Apple Headset, Cordless",213.10799999999995,7,0.4,-81.732
MX-2015-MB1808518-42283,2015-10-06 00:00:00,MB-1808518,Mick Brown,Consumer,Brazil,LATAM,South America,OFF-SU-4992,Office Supplies,Supplies,"Kleencut Shears, Steel",123.12,4,0,54.160000000000004
MX-2015-TT2146018-42308,2015-10-31 00:00:00,TT-2146018,Tonja Turnell,Home Office,Brazil,LATAM,South America,OFF-ST-4080,Office Supplies,Storage,"Eldon Lockers, Single Width",131.95999999999998,1,0,2.62
KE-2015-RK930069-42305,2015-10-28 00:00:00,RK-930069,Ralph Kennedy,Consumer,Kenya,Africa,Eastern Africa,OFF-AR-3500,Office Supplies,Art,"Binney & Smith Sketch Pad, Easy-Erase",93.17999999999999,2,0,13.919999999999998
CA-2015-GH14410140-42294,2015-10-17 00:00:00,GH-144101404,Gary Hansen,Home Office,United States,USCA,Western US,TEC-MA-6220,Technology,Machines,Swingline SM12-08 MicroCut Jam Free Shredder,599.9850000000001,5,0.7,-479.98799999999994
MO-2015-RE940586-42298,2015-10-21 00:00:00,RE-940586,Ricardo Emerson,Consumer,Morocco,Africa,North Africa,OFF-ST-6031,Office Supplies,Storage,"Smead File Cart, Blue",127.47,1,0,1.26
IR-2015-DO343560-42298,2015-10-21 00:00:00,DO-343560,Denny Ordway,Consumer,Iran,Asia Pacific,Southern Asia,OFF-AR-6114,Office Supplies,Art,"Stanley Markers, Blue",44.4,2,0,3.96
ES-2015-MH1802564-42296,2015-10-19 00:00:00,MH-1802564,Michelle Huthwaite,Consumer,Italy,Europe,Southern Europe,OFF-LA-4537,Office Supplies,Labels,"Harbour Creations Legal Exhibit Labels, 5000 Label Set",79.38,7,0,12.599999999999998
MX-2015-FP1432039-42279,2015-10-02 00:00:00,FP-1432039,Frank Preis,Consumer,El Salvador,LATAM,Central America,FUR-CH-4525,Furniture,Chairs,"Harbour Creations Chairmat, Set of Two",148.50000000000003,3,0,44.52
MX-2015-JO1514582-42279,2015-10-02 00:00:00,JO-1514582,Jack O'Briant,Corporate,Mexico,LATAM,Central America,TEC-PH-5272,Technology,Phones,"Motorola Speaker Phone, VoIP",173.16,2,0,13.84
NI-2015-JF529595-42306,2015-10-29 00:00:00,JF-529595,Jason Fortune-,Consumer,Nigeria,Africa,Western Africa,TEC-PH-5831,Technology,Phones,"Samsung Office Telephone, VoIP",156.74400000000003,8,0.7,-214.296
RO-2015-KM6660107-42286,2015-10-09 00:00:00,KM-6660107,Khloe Miller,Consumer,Romania,Europe,Eastern Europe,OFF-AR-3463,Office Supplies,Art,"BIC Pencil Sharpener, Water Color",32.19,1,0,12.21
US-2015-GM14440140-42286,2015-10-09 00:00:00,GM-144401406,Gary McGarr,Consumer,United States,USCA,Eastern US,FUR-CH-5428,Furniture,Chairs,Office Star - Ergonomically Designed Knee Chair,145.764,2,0.1,3.2392000000000074
MX-2015-EM1414031-42284,2015-10-07 00:00:00,EM-1414031,Eugene Moren,Home Office,Cuba,LATAM,Caribbean,TEC-CO-3597,Technology,Copiers,"Brother Fax Machine, High-Speed",421.47536,2,0.002,176.51536
ES-2015-NS1850545-42307,2015-10-30 00:00:00,NS-1850545,Neola Schneider,Consumer,France,Europe,Western Europe,TEC-MA-5013,Technology,Machines,"Konica Phone, Wireless",146.523,2,0.15,8.582999999999998
ES-2015-GT1475564-42301,2015-10-24 00:00:00,GT-1475564,Guy Thornton,Consumer,Italy,Europe,Southern Europe,OFF-ST-5705,Office Supplies,Storage,"Rogers Shelving, Blue",74.556,2,0.4,-43.524
IN-2015-BG1169559-42301,2015-10-24 00:00:00,BG-1169559,Brooke Gillingham,Corporate,Indonesia,Asia Pacific,Southeastern Asia,FUR-BO-3637,Furniture,Bookcases,"Bush Floating Shelf Set, Traditional",318.56219999999996,2,0.07,68.4822
MX-2015-PO1885082-42279,2015-10-02 00:00:00,PO-1885082,Patrick O'Brill,Consumer,Mexico,LATAM,Central America,TEC-PH-5844,Technology,Phones,"Samsung Speaker Phone, Full Size",747.1800000000001,9,0,358.56
SA-2015-EM4065110-42299,2015-10-22 00:00:00,EM-4065110,Erin Mull,Consumer,Saudi Arabia,Asia Pacific,Western Asia,OFF-PA-3990,Office Supplies,Paper,"Eaton Computer Printout Paper, 8.5 x 11",122.76,4,0,56.400000000000006
US-2015-CS1249018-42286,2015-10-09 00:00:00,CS-1249018,Cindy Schnelling,Corporate,Brazil,LATAM,South America,OFF-ST-4057,Office Supplies,Storage,"Eldon File Cart, Single Width",102.69600000000003,3,0.6,-154.04400000000004
CG-2015-RD972033-42299,2015-10-22 00:00:00,RD-972033,Roger Demir,Consumer,Democratic Republic of the Congo,Africa,Central Africa,OFF-BI-6379,Office Supplies,Binders,"Wilson Jones Binder, Durable",58.08,4,0,2.2800000000000002
IN-2015-JC153407-42283,2015-10-06 00:00:00,JC-153407,Jasper Cacioppo,Consumer,Australia,Asia Pacific,Oceania,OFF-PA-4476,Office Supplies,Paper,"Green Bar Message Books, Premium",64.233,3,0.1,15.633
ES-2015-MW18220120-42301,2015-10-24 00:00:00,MW-18220120,Mitch Webber,Consumer,Spain,Europe,Southern Europe,OFF-ST-4057,Office Supplies,Storage,"Eldon File Cart, Single Width",462.132,4,0.1,169.332
CA-2015-GB14530140-42307,2015-10-30 00:00:00,GB-145301406,George Bell,Corporate,United States,USCA,Eastern US,OFF-PA-6303,Office Supplies,Paper,Things To Do Today Pad,46.96,8,0,22.5408
ES-2015-MW18220120-42301,2015-10-24 00:00:00,MW-18220120,Mitch Webber,Consumer,Spain,Europe,Southern Europe,TEC-MA-5502,Technology,Machines,"Okidata Inkjet, White",280.12500000000006,1,0.1,9.31499999999999
MX-2015-EL1373536-42278,2015-10-01 00:00:00,EL-1373536,Ed Ludwig,Home Office,Dominican Republic,LATAM,Caribbean,OFF-FA-6203,Office Supplies,Fasteners,"Stockwell Staples, Bulk Pack",49.968,9,0.2,2.447999999999999
US-2015-KD166155-42294,2015-10-17 00:00:00,KD-166155,Ken Dana,Corporate,Argentina,LATAM,South America,OFF-FA-6184,Office Supplies,Fasteners,"Stockwell Clamps, 12 Pack",44.784000000000006,6,0.4,-20.256000000000007
MX-2015-EH1399080-42302,2015-10-25 00:00:00,EH-1399080,Erica Hackney,Consumer,Martinique,LATAM,Caribbean,OFF-SU-4137,Office Supplies,Supplies,"Elite Trimmer, Serrated",102.32000000000002,4,0,37.839999999999996
IN-2015-CK1232592-42299,2015-10-22 00:00:00,CK-1232592,Christine Kargatis,Home Office,New Zealand,Asia Pacific,Oceania,OFF-SU-4122,Office Supplies,Supplies,"Elite Letter Opener, Steel",57.59999999999999,4,0.4,0.9600000000000009
ES-2015-BE1133545-42279,2015-10-02 00:00:00,BE-1133545,Bill Eplett,Home Office,France,Europe,Western Europe,FUR-CH-4544,Furniture,Chairs,"Harbour Creations Rocking Chair, Adjustable",269.24399999999997,2,0.1,65.78399999999999
IN-2015-SW2075558-42295,2015-10-18 00:00:00,SW-2075558,Steven Ward,Corporate,India,Asia Pacific,Southern Asia,OFF-SU-4137,Office Supplies,Supplies,"Elite Trimmer, Serrated",115.11000000000001,3,0,13.77
MX-2015-AH1046528-42299,2015-10-22 00:00:00,AH-1046528,Amy Hunt,Consumer,Colombia,LATAM,South America,OFF-SU-4134,Office Supplies,Supplies,"Elite Shears, Steel",154.7,5,0,0
ES-2015-EB1393045-42294,2015-10-17 00:00:00,EB-1393045,Eric Barreto,Consumer,France,Europe,Western Europe,OFF-EN-3670,Office Supplies,Envelopes,"Cameo Manila Envelope, Security-Tint",117.60000000000001,4,0,57.599999999999994
MX-2015-TB2162582-42297,2015-10-20 00:00:00,TB-2162582,Trudy Brown,Consumer,Mexico,LATAM,Central America,TEC-MA-5013,Technology,Machines,"Konica Phone, Wireless",114.92,2,0,13.76
MX-2015-DJ1351018-42285,2015-10-08 00:00:00,DJ-1351018,Don Jones,Corporate,Brazil,LATAM,South America,OFF-ST-6283,Office Supplies,Storage,"Tenex Trays, Single Width",108.48000000000002,3,0,21.660000000000004
IN-2015-KC1667527-42291,2015-10-14 00:00:00,KC-1667527,Kimberly Carter,Corporate,China,Asia Pacific,Eastern Asia,OFF-SU-6176,Office Supplies,Supplies,"Stiletto Shears, Easy Grip",149.13,3,0,47.699999999999996
PL-2015-MZ7515103-42291,2015-10-14 00:00:00,MZ-7515103,Mary Zewe,Corporate,Poland,Europe,Eastern Europe,OFF-AP-4954,Office Supplies,Appliances,"KitchenAid Coffee Grinder, Silver",71.22,1,0,14.940000000000001
CA-2015-GG14650140-42283,2015-10-06 00:00:00,GG-146501404,Greg Guthrie,Corporate,United States,USCA,Western US,FUR-CH-4401,Furniture,Chairs,Global Deluxe High-Back Office Chair in Storm,435.16800000000006,4,0.2,-59.83560000000004
IZ-2015-AY55561-42281,2015-10-04 00:00:00,AY-55561,Andy Yotov,Corporate,Iraq,Asia Pacific,Western Asia,OFF-BI-3258,Office Supplies,Binders,"Avery Binding Machine, Recycled",196.8,4,0,84.6
ID-2015-KC1654059-42292,2015-10-15 00:00:00,KC-1654059,Kelly Collister,Consumer,Indonesia,Asia Pacific,Southeastern Asia,FUR-CH-4546,Furniture,Chairs,"Harbour Creations Rocking Chair, Red",322.1270999999999,3,0.27,-4.482899999999987
US-2015-KL165555-42284,2015-10-07 00:00:00,KL-165555,Kelly Lampkin,Corporate,Argentina,LATAM,South America,TEC-PH-5838,Technology,Phones,"Samsung Signal Booster, with Caller ID",54.636,1,0.4,5.456
CA-2015-GG14650140-42283,2015-10-06 00:00:00,GG-146501404,Greg Guthrie,Corporate,United States,USCA,Western US,FUR-TA-4943,Furniture,Tables,KI Adjustable-Height Table,206.35200000000003,3,0.2,5.158799999999985
ES-2015-GB1457591-42284,2015-10-07 00:00:00,GB-1457591,Giulietta Baptist,Consumer,Netherlands,Europe,Western Europe,FUR-FU-3048,Furniture,Furnishings,"Advantus Photo Frame, Duo Pack",127.296,3,0.2,28.566
MX-2015-AR1051051-42293,2015-10-16 00:00:00,AR-1051051,Andrew Roberts,Consumer,Guatemala,LATAM,Central America,TEC-CO-4587,Technology,Copiers,"Hewlett Personal Copier, Digital",287.24436,3,0.002,65.60436
CA-2015-GG14650140-42283,2015-10-06 00:00:00,GG-146501404,Greg Guthrie,Corporate,United States,USCA,Western US,FUR-FU-3912,Furniture,Furnishings,DAX Clear Channel Poster Frame,72.9,5,0,26.973000000000003
CA-2015-GG14650140-42283,2015-10-06 00:00:00,GG-146501404,Greg Guthrie,Corporate,United States,USCA,Western US,OFF-FA-6129,Office Supplies,Fasteners,Staples,14.9,5,0,6.853999999999999
CA-2015-GG14650140-42283,2015-10-06 00:00:00,GG-146501404,Greg Guthrie,Corporate,United States,USCA,Western US,OFF-AP-4740,Office Supplies,Appliances,"Hoover Replacement Belts For Soft Guard & Commercial Ltweight Upright Vacs, 2/Pk",15.8,4,0,4.1080000000000005
CA-2015-GG14650140-42283,2015-10-06 00:00:00,GG-146501404,Greg Guthrie,Corporate,United States,USCA,Western US,TEC-PH-6097,Technology,Phones,"Square Credit Card Reader, 4 1/2"" x 4 1/2"" x 1"", White",7.992000000000001,1,0.2,2.6972999999999994
US-2015-JP1546055-42281,2015-10-04 00:00:00,JP-1546055,Jennifer Patt,Corporate,Honduras,LATAM,Central America,TEC-CO-3682,Technology,Copiers,"Canon Fax and Copier, Color",76.85495999999998,1,0.402,-27.26504
IN-2015-CR1282058-42294,2015-10-17 00:00:00,CR-1282058,Cyra Reiten,Home Office,India,Asia Pacific,Southern Asia,FUR-CH-5800,Furniture,Chairs,"SAFCO Steel Folding Chair, Adjustable",176.39999999999998,2,0,82.86
TO-2015-AB600131-42299,2015-10-22 00:00:00,AB-600131,Ann Blume,Corporate,Togo,Africa,Western Africa,OFF-PA-5890,Office Supplies,Paper,"SanDisk Parchment Paper, 8.5 x 11",41.699999999999996,2,0,6.24
MX-2015-JE1574518-42302,2015-10-25 00:00:00,JE-1574518,Joel Eaton,Consumer,Brazil,LATAM,South America,OFF-FA-2940,Office Supplies,Fasteners,"Accos Clamps, 12 Pack",112.86000000000001,9,0,12.24
IN-2015-JO151457-42300,2015-10-23 00:00:00,JO-151457,Jack O'Briant,Corporate,Australia,Asia Pacific,Oceania,TEC-AC-5220,Technology,Accessories,"Memorex Numeric Keypad, Bluetooth",122.06700000000001,3,0.1,14.877000000000002
MX-2015-SO2033551-42305,2015-10-28 00:00:00,SO-2033551,Sean O'Donnell,Consumer,Guatemala,LATAM,Central America,FUR-BO-5745,Furniture,Bookcases,"Safco 3-Shelf Cabinet, Metal",561,5,0,44.8
MX-2015-LT1676582-42298,2015-10-21 00:00:00,LT-1676582,Larry Tron,Consumer,Mexico,LATAM,Central America,OFF-PA-4470,Office Supplies,Paper,"Green Bar Memo Slips, 8.5 x 11",42.17999999999999,3,0,5.459999999999999
IN-2015-MC17575130-42278,2015-10-01 00:00:00,MC-17575130,Matt Collins,Consumer,Thailand,Asia Pacific,Southeastern Asia,OFF-EN-3096,Office Supplies,Envelopes,"Ames Interoffice Envelope, Recycled",116.388,5,0.47000000000000003,-103.21199999999999
IN-2015-JJ1576027-42304,2015-10-27 00:00:00,JJ-1576027,Joel Jenkins,Home Office,China,Asia Pacific,Eastern Asia,OFF-EN-3089,Office Supplies,Envelopes,"Ames Business Envelopes, Security-Tint",29.280000000000005,2,0,2.34
IN-2015-MG1768027-42281,2015-10-04 00:00:00,MG-1768027,Maureen Gastineau,Home Office,China,Asia Pacific,Eastern Asia,OFF-AR-3484,Office Supplies,Art,"Binney & Smith Highlighters, Water Color",79.08,4,0,33.96
MX-2015-VP2173082-42297,2015-10-20 00:00:00,VP-2173082,Victor Preis,Home Office,Mexico,LATAM,Central America,OFF-PA-4471,Office Supplies,Paper,"Green Bar Memo Slips, Multicolor",73.44000000000001,6,0,20.520000000000003
IN-2015-BG117407-42285,2015-10-08 00:00:00,BG-117407,Bruce Geld,Consumer,Australia,Asia Pacific,Oceania,TEC-CO-3685,Technology,Copiers,"Canon Fax and Copier, Laser",172.206,1,0.1,9.546000000000003
IN-2015-JC1538558-42285,2015-10-08 00:00:00,JC-1538558,Jenna Caffey,Consumer,India,Asia Pacific,Southern Asia,OFF-FA-6187,Office Supplies,Fasteners,"Stockwell Clamps, Metal",37.92,2,0,2.2199999999999998
IN-2015-JD1589558-42288,2015-10-11 00:00:00,JD-1589558,Jonathan Doherty,Corporate,India,Asia Pacific,Southern Asia,OFF-SU-4306,Office Supplies,Supplies,"Fiskars Box Cutter, Steel",69.84,2,0,27.900000000000002
ID-2015-BF1117097-42292,2015-10-15 00:00:00,BF-1117097,Ben Ferrer,Home Office,Pakistan,Asia Pacific,Southern Asia,OFF-AR-5923,Office Supplies,Art,"Sanford Pencil Sharpener, Water Color",52.199999999999996,4,0.5,-14.639999999999993
ES-2015-Dp1324064-42279,2015-10-02 00:00:00,Dp-1324064,Dean percer,Home Office,Italy,Europe,Southern Europe,OFF-BI-6383,Office Supplies,Binders,"Wilson Jones Binding Machine, Durable",252.3,5,0,4.95
SA-2015-MP8175110-42279,2015-10-02 00:00:00,MP-8175110,Mike Pelletier,Home Office,Saudi Arabia,Asia Pacific,Western Asia,OFF-BI-3187,Office Supplies,Binders,"Avery 3-Hole Punch, Durable",58.74000000000001,2,0,20.52
ES-2015-SU2066548-42298,2015-10-21 00:00:00,SU-2066548,Stephanie Ulpright,Home Office,Germany,Europe,Western Europe,OFF-BI-3255,Office Supplies,Binders,"Avery Binding Machine, Clear",96.60000000000001,2,0,11.58
IT-2015-BC11125139-42308,2015-10-31 00:00:00,BC-11125139,Becky Castell,Home Office,United Kingdom,Europe,Northern Europe,OFF-BI-3718,Office Supplies,Binders,"Cardinal Binder Covers, Economy",64.80000000000001,6,0.1,-4.320000000000001
IN-2015-DK1315011-42298,2015-10-21 00:00:00,DK-1315011,David Kendrick,Corporate,Bangladesh,Asia Pacific,Southern Asia,OFF-PA-6613,Office Supplies,Paper,"Xerox Message Books, 8.5 x 11",49.019999999999996,2,0,1.44
IN-2015-HW1493592-42300,2015-10-23 00:00:00,HW-1493592,Helen Wasserman,Corporate,New Zealand,Asia Pacific,Oceania,OFF-SU-4318,Office Supplies,Supplies,"Fiskars Scissors, Steel",180.48000000000002,8,0,61.199999999999996
IN-2015-PB1915078-42302,2015-10-25 00:00:00,PB-1915078,Philip Brown,Consumer,Malaysia,Asia Pacific,Southeastern Asia,OFF-BI-2918,Office Supplies,Binders,"Acco Index Tab, Durable",62.579999999999984,7,0,14.280000000000001
ES-2015-SE201108-42284,2015-10-07 00:00:00,SE-201108,Sanjit Engle,Consumer,Austria,Europe,Western Europe,FUR-FU-3050,Furniture,Furnishings,"Advantus Photo Frame, Erganomic",103.19999999999999,2,0,49.5
MX-2015-BH1171018-42299,2015-10-22 00:00:00,BH-1171018,Brosina Hoffman,Consumer,Brazil,LATAM,South America,TEC-PH-5252,Technology,Phones,"Motorola Headset, Full Size",108.04,2,0,27
CA-2015-HG14845140-42287,2015-10-10 00:00:00,HG-148451406,Harry Greene,Consumer,United States,USCA,Eastern US,FUR-BO-5526,Furniture,Bookcases,"O'Sullivan Elevations Bookcase, Cherry Finish",314.352,3,0.2,-15.71759999999999
US-2015-PJ190155-42286,2015-10-09 00:00:00,PJ-190155,Pauline Johnson,Consumer,Argentina,LATAM,South America,OFF-PA-3992,Office Supplies,Paper,"Eaton Computer Printout Paper, Premium",31.860000000000003,3,0.4,-13.319999999999999
CA-2015-HG14845140-42287,2015-10-10 00:00:00,HG-148451406,Harry Greene,Consumer,United States,USCA,Eastern US,OFF-BI-5642,Office Supplies,Binders,Pressboard Data Binders by Wilson Jones,12.816,3,0.2,4.325399999999998
CA-2015-HG14845140-42287,2015-10-10 00:00:00,HG-148451406,Harry Greene,Consumer,United States,USCA,Eastern US,OFF-PA-6306,Office Supplies,Paper,"TOPS 4 x 6 Fluorescent Color Memo Sheets, 500 Sheets per Pack",18.98,2,0,8.9206
CA-2015-HG14845140-42287,2015-10-10 00:00:00,HG-148451406,Harry Greene,Consumer,United States,USCA,Eastern US,OFF-BI-3982,Office Supplies,Binders,Durable Pressboard Binders,18.240000000000002,6,0.2,6.156000000000001
MX-2015-CD1198051-42281,2015-10-04 00:00:00,CD-1198051,Carol Darley,Consumer,Guatemala,LATAM,Central America,TEC-CO-3593,Technology,Copiers,"Brother Fax and Copier, High-Speed",252.41415999999998,2,0.002,34.89416
CA-2015-HM14860140-42297,2015-10-20 00:00:00,HM-148601406,Harry Marie,Corporate,United States,USCA,Eastern US,TEC-PH-3966,Technology,Phones,Digium D40 VoIP phone,309.576,4,0.4,-56.755600000000015
CA-2015-HM14860140-42297,2015-10-20 00:00:00,HM-148601406,Harry Marie,Corporate,United States,USCA,Eastern US,OFF-AR-3519,Office Supplies,Art,Boston 16801 Nautilus Battery Pencil Sharpener,123.256,7,0.2,9.2442
CA-2015-HM14860140-42297,2015-10-20 00:00:00,HM-148601406,Harry Marie,Corporate,United States,USCA,Eastern US,OFF-PA-4892,Office Supplies,Paper,"It's Hot Message Books with Stickers, 2 3/4"" x 5""",23.680000000000003,4,0.2,7.3999999999999995
IZ-2015-BE141061-42305,2015-10-28 00:00:00,BE-141061,Bobby Elias,Consumer,Iraq,Asia Pacific,Western Asia,OFF-AR-3553,Office Supplies,Art,"Boston Sketch Pad, Easy-Erase",48.87,1,0,14.16
MX-2015-TH2111526-42294,2015-10-17 00:00:00,TH-2111526,Thea Hudgings,Corporate,Chile,LATAM,South America,TEC-AC-5860,Technology,Accessories,"SanDisk Flash Drive, Bluetooth",105.44000000000001,4,0,32.64
IN-2015-CR1282058-42294,2015-10-17 00:00:00,CR-1282058,Cyra Reiten,Home Office,India,Asia Pacific,Southern Asia,OFF-EN-5022,Office Supplies,Envelopes,"Kraft Business Envelopes, Recycled",56.519999999999996,3,0,5.58
CA-2015-HA14905140-42300,2015-10-23 00:00:00,HA-149051404,Helen Abelman,Consumer,United States,USCA,Western US,FUR-CH-5427,Furniture,Chairs,Office Star - Ergonomic Mid Back Chair with 2-Way Adjustable Arms,579.136,4,0.2,-28.95679999999993
IN-2015-MS178307-42306,2015-10-29 00:00:00,MS-178307,Melanie Seite,Consumer,Australia,Asia Pacific,Oceania,FUR-FU-4042,Furniture,Furnishings,"Eldon Door Stop, Durable",127.41299999999998,3,0.1,38.223
CA-2015-HA14905140-42300,2015-10-23 00:00:00,HA-149051404,Helen Abelman,Consumer,United States,USCA,Western US,OFF-BI-6211,Office Supplies,Binders,Storex Flexible Poly Binders with Double Pockets,3.1680000000000006,4,0.7,-2.5343999999999998
IT-2015-TS21340139-42287,2015-10-10 00:00:00,TS-21340139,Toby Swindell,Consumer,United Kingdom,Europe,Northern Europe,FUR-BO-5971,Furniture,Bookcases,"Sauder Stackable Bookrack, Mobile",73.41,1,0.5,-30.839999999999996
MX-2015-CR1282093-42305,2015-10-28 00:00:00,CR-1282093,Cyra Reiten,Home Office,Nicaragua,LATAM,Central America,OFF-AP-3565,Office Supplies,Appliances,"Breville Blender, White",303.3,5,0,42.4
IN-2015-DW1358558-42301,2015-10-24 00:00:00,DW-1358558,Dorothy Wardle,Corporate,India,Asia Pacific,Southern Asia,FUR-CH-5438,Furniture,Chairs,"Office Star Chairmat, Black",507.12,8,0,182.39999999999998
ZA-2015-DD3570146-42306,2015-10-29 00:00:00,DD-3570146,Dorothy Dickinson,Consumer,Zambia,Africa,Eastern Africa,TEC-CO-3604,Technology,Copiers,"Brother Personal Copier, Color",144.33,1,0,44.730000000000004
ID-2015-SG20605144-42286,2015-10-09 00:00:00,SG-20605144,Speros Goranitis,Consumer,Vietnam,Asia Pacific,Southeastern Asia,OFF-LA-3260,Office Supplies,Labels,"Avery Color Coded Labels, 5000 Label Set",45.4176,4,0.17,-1.1424000000000003
ID-2015-NH1861059-42278,2015-10-01 00:00:00,NH-1861059,Nicole Hansen,Corporate,Indonesia,Asia Pacific,Southeastern Asia,OFF-BI-3714,Office Supplies,Binders,"Cardinal 3-Hole Punch, Economy",95.61599999999999,4,0.17,-2.3039999999999985
MX-2015-SC2002051-42299,2015-10-22 00:00:00,SC-2002051,Sam Craven,Consumer,Guatemala,LATAM,Central America,FUR-CH-4563,Furniture,Chairs,"Harbour Creations Swivel Stool, Red",120.08,1,0,34.82
MX-2015-HW1493582-42290,2015-10-13 00:00:00,HW-1493582,Helen Wasserman,Corporate,Mexico,LATAM,Central America,OFF-FA-2944,Office Supplies,Fasteners,"Accos Paper Clips, Assorted Sizes",37.43999999999999,4,0,2.56
US-2015-JF1529598-42278,2015-10-01 00:00:00,JF-1529598,Jason Fortune-,Consumer,Panama,LATAM,Central America,FUR-CH-5369,Furniture,Chairs,"Novimex Bag Chairs, Set of Two",96.41999999999999,5,0.4,-43.48
MX-2015-BH1171018-42299,2015-10-22 00:00:00,BH-1171018,Brosina Hoffman,Consumer,Brazil,LATAM,South America,OFF-FA-3021,Office Supplies,Fasteners,"Advantus Clamps, Bulk Pack",102.88,8,0,27.68
IN-2015-MG1768027-42281,2015-10-04 00:00:00,MG-1768027,Maureen Gastineau,Home Office,China,Asia Pacific,Eastern Asia,FUR-FU-3066,Furniture,Furnishings,"Advantus Stacking Tray, Durable",52.74000000000001,2,0,19.5
IN-2015-HA1492027-42285,2015-10-08 00:00:00,HA-1492027,Helen Andreada,Consumer,China,Asia Pacific,Eastern Asia,OFF-AR-3532,Office Supplies,Art,"Boston Highlighters, Easy-Erase",114.83999999999997,6,0,22.86
ES-2015-KH1663045-42291,2015-10-14 00:00:00,KH-1663045,Ken Heidel,Corporate,France,Europe,Western Europe,OFF-AR-3537,Office Supplies,Art,"Boston Markers, Blue",105.48000000000002,4,0,43.2
RO-2015-JM6195107-42307,2015-10-30 00:00:00,JM-6195107,Justin MacKendrick,Consumer,Romania,Europe,Eastern Europe,OFF-AR-6107,Office Supplies,Art,"Stanley Canvas, Fluorescent",101.46000000000001,2,0,32.46
ES-2015-PO1886545-42306,2015-10-29 00:00:00,PO-1886545,Patrick O'Donnell,Consumer,France,Europe,Western Europe,OFF-AR-6114,Office Supplies,Art,"Stanley Markers, Blue",88.8,4,0,7.92
MX-2015-KN1639031-42307,2015-10-30 00:00:00,KN-1639031,Katherine Nockton,Corporate,Cuba,LATAM,Caribbean,OFF-EN-4918,Office Supplies,Envelopes,"Jiffy Manila Envelope, Recycled",82.7,5,0,1.6
CA-2015-HH15010140-42297,2015-10-20 00:00:00,HH-150101404,Hilary Holden,Corporate,United States,USCA,Western US,FUR-FU-5091,Furniture,Furnishings,"Linden 10"" Round Wall Clock, Black",30.56,2,0,10.3904
CA-2015-HH15010140-42297,2015-10-20 00:00:00,HH-150101404,Hilary Holden,Corporate,United States,USCA,Western US,OFF-LA-3240,Office Supplies,Labels,Avery 518,31.5,10,0,15.120000000000001
CA-2015-HH15010140-42297,2015-10-20 00:00:00,HH-150101404,Hilary Holden,Corporate,United States,USCA,Western US,FUR-TA-3117,Furniture,Tables,Anderson Hickey Conga Table Tops & Accessories,24.368000000000002,2,0.2,-3.350600000000002
CA-2015-HH15010140-42297,2015-10-20 00:00:00,HH-150101404,Hilary Holden,Corporate,United States,USCA,Western US,OFF-EN-3112,Office Supplies,Envelopes,Ampad #10 Peel & Seel Holiday Envelopes,8.96,2,0,4.300800000000001
MX-2015-MC1760531-42291,2015-10-14 00:00:00,MC-1760531,Matt Connell,Corporate,Cuba,LATAM,Caribbean,OFF-PA-4167,Office Supplies,Paper,"Enermax Message Books, 8.5 x 11",53.28000000000001,3,0,21.3
CA-2015-HL15040140-42281,2015-10-04 00:00:00,HL-150401406,Hunter Lopez,Consumer,United States,USCA,Eastern US,OFF-ST-6627,Office Supplies,Storage,X-Rack File for Hanging Folders,22.58,2,0,5.870799999999999
ES-2015-EM14200139-42283,2015-10-06 00:00:00,EM-14200139,Evan Minnotte,Home Office,United Kingdom,Europe,Northern Europe,OFF-AR-5904,Office Supplies,Art,"Sanford Canvas, Fluorescent",51.78,1,0,19.14
MX-2015-AB100605-42293,2015-10-16 00:00:00,AB-100605,Adam Bellavance,Home Office,Argentina,LATAM,South America,OFF-SU-4317,Office Supplies,Supplies,"Fiskars Scissors, Serrated",63.552,8,0.4,-20.128000000000007
ES-2015-DW1358564-42305,2015-10-28 00:00:00,DW-1358564,Dorothy Wardle,Corporate,Italy,Europe,Southern Europe,OFF-FA-6199,Office Supplies,Fasteners,"Stockwell Rubber Bands, Bulk Pack",64.56,4,0,10.92
US-2015-SM20950101-42291,2015-10-14 00:00:00,SM-20950101,Suzanne McNair,Corporate,Peru,LATAM,South America,OFF-ST-6046,Office Supplies,Storage,"Smead Lockers, Blue",79.368,1,0.4,-29.112000000000002
AJ-2015-LW68259-42300,2015-10-23 00:00:00,LW-68259,Laurel Workman,Corporate,Azerbaijan,Asia Pacific,Western Asia,FUR-FU-6271,Furniture,Furnishings,"Tenex Photo Frame, Erganomic",50.46,1,0,0.99
CA-2015-IG15085140-42298,2015-10-21 00:00:00,IG-150851408,Ivan Gibson,Consumer,United States,USCA,Southern US,OFF-BI-3474,Office Supplies,Binders,Binding Machine Supplies,145.85000000000002,5,0,70.008
US-2015-CM1211555-42308,2015-10-31 00:00:00,CM-1211555,Chad McGuire,Consumer,Honduras,LATAM,Central America,FUR-FU-6260,Furniture,Furnishings,"Tenex Light Bulb, Erganomic",35.1,5,0.4,-18.200000000000003
CA-2015-IG15085140-42298,2015-10-21 00:00:00,IG-150851408,Ivan Gibson,Consumer,United States,USCA,Southern US,OFF-AR-4099,Office Supplies,Art,"Eldon Spacemaker Box, Quick-Snap Lid, Clear",13.36,4,0,4.141599999999999
US-2015-MO1795018-42293,2015-10-16 00:00:00,MO-1795018,Michael Oakman,Consumer,Brazil,LATAM,South America,FUR-CH-5396,Furniture,Chairs,"Novimex Rocking Chair, Red",70.096,2,0.6,-71.864
CA-2015-IG15085140-42298,2015-10-21 00:00:00,IG-150851408,Ivan Gibson,Consumer,United States,USCA,Southern US,OFF-PA-6433,Office Supplies,Paper,Xerox 1884,39.96,2,0,18.7812
MX-2015-VP2173093-42293,2015-10-16 00:00:00,VP-2173093,Victor Preis,Home Office,Nicaragua,LATAM,Central America,TEC-AC-5889,Technology,Accessories,"SanDisk Numeric Keypad, USB",106.31999999999998,3,0,42.48
IR-2015-DO343560-42298,2015-10-21 00:00:00,DO-343560,Denny Ordway,Consumer,Iran,Asia Pacific,Southern Asia,OFF-PA-4480,Office Supplies,Paper,"Green Bar Note Cards, Premium",31.200000000000003,1,0,3.42
NI-2015-TB1152095-42289,2015-10-12 00:00:00,TB-1152095,Tracy Blumstein,Consumer,Nigeria,Africa,Western Africa,OFF-FA-6187,Office Supplies,Fasteners,"Stockwell Clamps, Metal",81.27000000000002,14,0.7,-67.83000000000001
CA-2015-JO15145140-42305,2015-10-28 00:00:00,JO-151451404,Jack O'Briant,Corporate,United States,USCA,Western US,FUR-BO-5526,Furniture,Bookcases,"O'Sullivan Elevations Bookcase, Cherry Finish",556.665,5,0.15,6.549000000000021
UP-2015-MF8250137-42307,2015-10-30 00:00:00,MF-8250137,Monica Federle,Corporate,Ukraine,Europe,Eastern Europe,OFF-AR-5930,Office Supplies,Art,"Sanford Sketch Pad, Blue",90.96000000000001,2,0,2.7
IN-2015-SW2075558-42295,2015-10-18 00:00:00,SW-2075558,Steven Ward,Corporate,India,Asia Pacific,Southern Asia,FUR-FU-5727,Furniture,Furnishings,"Rubbermaid Frame, Black",109.89000000000001,1,0,29.67
IN-2015-JM1586558-42301,2015-10-24 00:00:00,JM-1586558,John Murray,Consumer,India,Asia Pacific,Southern Asia,OFF-LA-3262,Office Supplies,Labels,"Avery Color Coded Labels, Alphabetical",65.55,5,0,28.799999999999997
MX-2015-MS1798028-42300,2015-10-23 00:00:00,MS-1798028,Michael Stewart,Corporate,Colombia,LATAM,South America,TEC-PH-3817,Technology,Phones,"Cisco Speaker Phone, VoIP",184.75999999999996,2,0,40.64
MX-2015-EL1373536-42278,2015-10-01 00:00:00,EL-1373536,Ed Ludwig,Home Office,Dominican Republic,LATAM,Caribbean,OFF-PA-6620,Office Supplies,Paper,"Xerox Note Cards, Recycled",70.08,5,0.2,3.4800000000000013
CA-2015-JO15145140-42305,2015-10-28 00:00:00,JO-151451404,Jack O'Briant,Corporate,United States,USCA,Western US,TEC-PH-4897,Technology,Phones,Jackery Bar Premium Fast-charging Portable Charger,95.84,4,0.2,34.742
MX-2015-BS1180082-42305,2015-10-28 00:00:00,BS-1180082,Bryan Spruell,Home Office,Mexico,LATAM,Central America,FUR-FU-4036,Furniture,Furnishings,"Eldon Clock, Durable",42.83999999999999,2,0.4,-22.159999999999997
MX-2015-CB1241598-42299,2015-10-22 00:00:00,CB-1241598,Christy Brittain,Consumer,Panama,LATAM,Central America,TEC-AC-5894,Technology,Accessories,"SanDisk Router, Bluetooth",102.53999999999999,1,0.4,13.660000000000014
IN-2015-JC1538558-42285,2015-10-08 00:00:00,JC-1538558,Jenna Caffey,Consumer,India,Asia Pacific,Southern Asia,OFF-PA-6622,Office Supplies,Paper,"Xerox Parchment Paper, Multicolor",88.01999999999998,6,0,33.300000000000004
IN-2015-GG1465058-42292,2015-10-15 00:00:00,GG-1465058,Greg Guthrie,Corporate,India,Asia Pacific,Southern Asia,OFF-ST-5687,Office Supplies,Storage,"Rogers Box, Industrial",97.80000000000001,4,0,13.68
IN-2015-SC2068058-42290,2015-10-13 00:00:00,SC-2068058,Steve Carroll,Home Office,India,Asia Pacific,Southern Asia,OFF-LA-3262,Office Supplies,Labels,"Avery Color Coded Labels, Alphabetical",78.66,6,0,34.56
TO-2015-AB600131-42299,2015-10-22 00:00:00,AB-600131,Ann Blume,Corporate,Togo,Africa,Western Africa,OFF-AR-5902,Office Supplies,Art,"Sanford Canvas, Blue",50.519999999999996,1,0,14.64
IN-2015-DK1289578-42298,2015-10-21 00:00:00,DK-1289578,Dana Kaydos,Consumer,Malaysia,Asia Pacific,Southeastern Asia,OFF-ST-4028,Office Supplies,Storage,"Eldon Box, Blue",71.82,7,0,24.359999999999996
US-2015-JF15190140-42304,2015-10-27 00:00:00,JF-151901406,Jamie Frazer,Consumer,United States,USCA,Eastern US,TEC-PH-5245,Technology,Phones,Motorla HX550 Universal Bluetooth Headset,118.64999999999998,5,0.4,19.775000000000006
MX-2015-JE1574518-42302,2015-10-25 00:00:00,JE-1574518,Joel Eaton,Consumer,Brazil,LATAM,South America,TEC-MA-4191,Technology,Machines,"Epson Calculator, White",89.64000000000001,3,0,8.940000000000001
IN-2015-JL1523558-42278,2015-10-01 00:00:00,JL-1523558,Janet Lee,Consumer,India,Asia Pacific,Southern Asia,OFF-LA-3312,Office Supplies,Labels,"Avery Removable Labels, Alphabetical",52.800000000000004,5,0,10.499999999999998
US-2015-JF15190140-42304,2015-10-27 00:00:00,JF-151901406,Jamie Frazer,Consumer,United States,USCA,Eastern US,OFF-BI-4373,Office Supplies,Binders,"GBC Velobind Prepunched Cover Sets, Regency Series",33.282000000000004,3,0.7,-27.734999999999992
US-2015-JF15190140-42304,2015-10-27 00:00:00,JF-151901406,Jamie Frazer,Consumer,United States,USCA,Eastern US,OFF-LA-3239,Office Supplies,Labels,Avery 517,14.76,5,0.2,4.9815000000000005
CA-2015-JK15205140-42308,2015-10-31 00:00:00,JK-152051404,Jamie Kunitz,Consumer,United States,USCA,Western US,OFF-AP-2889,Office Supplies,Appliances,"Acco 7-Outlet Masterpiece Power Center, Wihtout Fax/Phone Line Protection",1702.12,14,0,510.63599999999985
SF-2015-LT7110117-42280,2015-10-03 00:00:00,LT-7110117,Liz Thompson,Consumer,South Africa,Africa,Southern Africa,OFF-ST-4106,Office Supplies,Storage,"Eldon Trays, Industrial",48.449999999999996,1,0,22.77
CA-2015-JK15205140-42308,2015-10-31 00:00:00,JK-152051404,Jamie Kunitz,Consumer,United States,USCA,Western US,OFF-LA-3222,Office Supplies,Labels,Avery 500,43.86,6,0,20.614199999999997
CA-2015-JK15205140-42308,2015-10-31 00:00:00,JK-152051404,Jamie Kunitz,Consumer,United States,USCA,Western US,FUR-CH-4418,Furniture,Chairs,"Global Leather Task Chair, Black",71.992,1,0.2,-0.899900000000013
CA-2015-JK15205140-42308,2015-10-31 00:00:00,JK-152051404,Jamie Kunitz,Consumer,United States,USCA,Western US,OFF-AR-2874,Office Supplies,Art,4009 Highlighters by Sanford,19.9,5,0,6.566999999999998
CA-2015-JK15205140-42308,2015-10-31 00:00:00,JK-152051404,Jamie Kunitz,Consumer,United States,USCA,Western US,OFF-PA-2847,Office Supplies,Paper,"""While you Were Out"" Message Book, One Form per Page",7.42,2,0,3.71
CA-2015-JK15205140-42308,2015-10-31 00:00:00,JK-152051404,Jamie Kunitz,Consumer,United States,USCA,Western US,TEC-PH-4389,Technology,Phones,Geemarc AmpliPOWER60,148.48,2,0.2,16.703999999999986
CA-2015-JW15220140-42291,2015-10-14 00:00:00,JW-152201404,Jane Waco,Corporate,United States,USCA,Western US,OFF-BI-4276,Office Supplies,Binders,Fellowes PB500 Electric Punch Plastic Comb Binding Machine with Manual Bind,5083.96,5,0.2,1906.485
CA-2015-JW15220140-42291,2015-10-14 00:00:00,JW-152201404,Jane Waco,Corporate,United States,USCA,Western US,TEC-AC-5120,Technology,Accessories,Logitech Media Keyboard K200,209.94,6,0,39.8886
MX-2015-MC1760536-42283,2015-10-06 00:00:00,MC-1760536,Matt Connell,Corporate,Dominican Republic,LATAM,Caribbean,OFF-PA-5886,Office Supplies,Paper,"SanDisk Note Cards, Premium",116.59200000000001,7,0.2,23.212
CA-2015-JW15220140-42291,2015-10-14 00:00:00,JW-152201404,Jane Waco,Corporate,United States,USCA,Western US,TEC-PH-3123,Technology,Phones,Anker Astro Mini 3000mAh Ultra-Compact Portable Charger,31.983999999999998,2,0.2,-7.9959999999999996
IN-2015-PW1903088-42304,2015-10-27 00:00:00,PW-1903088,Pauline Webber,Corporate,Myanmar (Burma),Asia Pacific,Southeastern Asia,OFF-LA-5405,Office Supplies,Labels,"Novimex Shipping Labels, Laser Printer Compatible",63.79379999999999,7,0.17,-0.8862000000000005
CA-2015-JW15220140-42308,2015-10-31 00:00:00,JW-152201404,Jane Waco,Corporate,United States,USCA,Western US,FUR-FU-5164,Furniture,Furnishings,Magna Visual Magnetic Picture Hangers,9.64,2,0,3.6632000000000007
CA-2015-JW15220140-42280,2015-10-03 00:00:00,JW-152201408,Jane Waco,Corporate,United States,USCA,Southern US,FUR-FU-5172,Furniture,Furnishings,"Master Caster Door Stop, Gray",10.16,2,0,3.4543999999999997
CA-2015-JM15250140-42306,2015-10-29 00:00:00,JM-152501408,Janet Martin,Consumer,United States,USCA,Southern US,OFF-ST-4456,Office Supplies,Storage,"Gould Plastics 18-Pocket Panel Bin, 34w x 5-1/4d x 20-1/2h",147.184,2,0.2,-29.436800000000012
CA-2015-JM15250140-42306,2015-10-29 00:00:00,JM-152501408,Janet Martin,Consumer,United States,USCA,Southern US,FUR-FU-3844,Furniture,Furnishings,"Computer Room Manger, 14""",77.952,3,0.2,15.590399999999995
CA-2015-JM15250140-42306,2015-10-29 00:00:00,JM-152501408,Janet Martin,Consumer,United States,USCA,Southern US,OFF-PA-6490,Office Supplies,Paper,Xerox 1936,47.952000000000005,3,0.2,16.183799999999998
ES-2015-CV1229548-42297,2015-10-20 00:00:00,CV-1229548,Christina VanderZanden,Consumer,Germany,Europe,Western Europe,OFF-FA-6200,Office Supplies,Fasteners,"Stockwell Rubber Bands, Metal",97.55999999999999,6,0,48.779999999999994
IZ-2015-GM468061-42297,2015-10-20 00:00:00,GM-468061,Greg Matthias,Consumer,Iraq,Asia Pacific,Western Asia,OFF-AR-3502,Office Supplies,Art,"Binney & Smith Sketch Pad, Water Color",49.5,1,0,16.32
MX-2015-TH2111526-42294,2015-10-17 00:00:00,TH-2111526,Thea Hudgings,Corporate,Chile,LATAM,South America,OFF-PA-6603,Office Supplies,Paper,"Xerox Cards & Envelopes, Recycled",89.75999999999999,3,0,41.279999999999994
ID-2015-SG20605144-42286,2015-10-09 00:00:00,SG-20605144,Speros Goranitis,Consumer,Vietnam,Asia Pacific,Southeastern Asia,OFF-PA-4483,Office Supplies,Paper,"Green Bar Parchment Paper, Premium",27.688799999999997,2,0.17,-2.6712000000000007
MX-2015-CK1232536-42308,2015-10-31 00:00:00,CK-1232536,Christine Kargatis,Home Office,Dominican Republic,LATAM,Caribbean,OFF-SU-2987,Office Supplies,Supplies,"Acme Ruler, Steel",68.73600000000002,8,0.2,4.255999999999998
IN-2015-PW1903088-42304,2015-10-27 00:00:00,PW-1903088,Pauline Webber,Corporate,Myanmar (Burma),Asia Pacific,Southeastern Asia,OFF-ST-6039,Office Supplies,Storage,"Smead Folders, Industrial",59.660399999999996,4,0.17,20.7804
IN-2015-HJ1487578-42291,2015-10-14 00:00:00,HJ-1487578,Heather Jas,Home Office,Malaysia,Asia Pacific,Southeastern Asia,OFF-ST-4294,Office Supplies,Storage,"Fellowes Trays, Industrial",173.60999999999999,3,0,32.94
ID-2015-SC2069597-42280,2015-10-03 00:00:00,SC-2069597,Steve Chapman,Corporate,Pakistan,Asia Pacific,Southern Asia,OFF-SU-4121,Office Supplies,Supplies,"Elite Letter Opener, High Speed",80.1,6,0.5,-1.6199999999999761
MX-2015-MF1766539-42307,2015-10-30 00:00:00,MF-1766539,Maureen Fritzler,Corporate,El Salvador,LATAM,Central America,OFF-EN-5032,Office Supplies,Envelopes,"Kraft Interoffice Envelope, with clear poly window",100.91999999999999,3,0,44.4
ES-2015-HZ1495045-42283,2015-10-06 00:00:00,HZ-1495045,Henia Zydlo,Consumer,France,Europe,Western Europe,TEC-PH-5251,Technology,Phones,"Motorola Headset, Cordless",140.403,2,0.15,28.023000000000007
ID-2015-MK17905102-42306,2015-10-29 00:00:00,MK-17905102,Michael Kennedy,Corporate,Philippines,Asia Pacific,Southeastern Asia,OFF-PA-4161,Office Supplies,Paper,"Enermax Memo Slips, Premium",17.226000000000003,2,0.45,-3.774000000000001
MX-2015-SC2009528-42294,2015-10-17 00:00:00,SC-2009528,Sanjit Chand,Consumer,Colombia,LATAM,South America,OFF-ST-6283,Office Supplies,Storage,"Tenex Trays, Single Width",108.48000000000002,3,0,21.660000000000004
IN-2015-JO1555027-42298,2015-10-21 00:00:00,JO-1555027,Jesus Ocampo,Home Office,China,Asia Pacific,Eastern Asia,OFF-BI-6380,Office Supplies,Binders,"Wilson Jones Binder, Economy",91.14,7,0,17.22
MX-2015-JP1552031-42307,2015-10-30 00:00:00,JP-1552031,Jeremy Pistek,Consumer,Cuba,LATAM,Caribbean,OFF-ST-4296,Office Supplies,Storage,"Fellowes Trays, Wire Frame",75.28,2,0,8.28
ES-2015-CC1261048-42300,2015-10-23 00:00:00,CC-1261048,Corey Catlett,Corporate,Germany,Europe,Western Europe,OFF-EN-4450,Office Supplies,Envelopes,"GlobeWeis Manila Envelope, with clear poly window",30.93,1,0,9.57
ES-2015-CC12370120-42290,2015-10-13 00:00:00,CC-12370120,Christopher Conant,Consumer,Spain,Europe,Southern Europe,OFF-BI-6377,Office Supplies,Binders,"Wilson Jones Binder Covers, Recycled",103.94999999999999,9,0,24.840000000000003
ID-2015-ME1772597-42308,2015-10-31 00:00:00,ME-1772597,Max Engle,Consumer,Pakistan,Asia Pacific,Southern Asia,OFF-EN-4920,Office Supplies,Envelopes,"Jiffy Manila Envelope, Set of 50",65.02499999999999,5,0.5,-9.224999999999994
US-2015-DP1310555-42305,2015-10-28 00:00:00,DP-1310555,Dave Poirier,Corporate,Honduras,LATAM,Central America,TEC-AC-5129,Technology,Accessories,"Logitech Mouse, USB",82.57199999999999,7,0.4,-17.948
IN-2015-BS11590102-42287,2015-10-10 00:00:00,BS-11590102,Brendan Sweed,Corporate,Philippines,Asia Pacific,Southeastern Asia,FUR-FU-6268,Furniture,Furnishings,"Tenex Photo Frame, Black",77.76,2,0.25,13.439999999999998
CA-2015-JB15400140-42299,2015-10-22 00:00:00,JB-154001402,Jennifer Braxton,Corporate,United States,USCA,Central US,OFF-BI-4348,Office Supplies,Binders,GBC Instant Report Kit,38.82,6,0,19.41
CA-2015-JB15400140-42299,2015-10-22 00:00:00,JB-154001402,Jennifer Braxton,Corporate,United States,USCA,Central US,OFF-BI-2880,Office Supplies,Binders,Acco 3-Hole Punch,21.9,5,0,10.511999999999999
ES-2015-AR1051096-42307,2015-10-30 00:00:00,AR-1051096,Andrew Roberts,Consumer,Norway,Europe,Northern Europe,OFF-ST-4269,Office Supplies,Storage,"Fellowes Lockers, Wire Frame",412.79999999999995,2,0,185.76
MZ-2015-MG768087-42295,2015-10-18 00:00:00,MG-768087,Maureen Gastineau,Home Office,Mozambique,Africa,Eastern Africa,OFF-PA-4177,Office Supplies,Paper,"Enermax Note Cards, Premium",28.5,1,0,2.8499999999999996
ES-2015-MH1802564-42296,2015-10-19 00:00:00,MH-1802564,Michelle Huthwaite,Consumer,Italy,Europe,Southern Europe,OFF-BI-2897,Office Supplies,Binders,"Acco Binder, Economy",90.89999999999999,6,0,12.599999999999998
MX-2015-TH2110082-42280,2015-10-03 00:00:00,TH-2110082,Thea Hendricks,Consumer,Mexico,LATAM,Central America,OFF-EN-3106,Office Supplies,Envelopes,"Ames Manila Envelope, Set of 50",32.92,2,0,7.56
US-2015-HF1499518-42293,2015-10-16 00:00:00,HF-1499518,Herbert Flentye,Consumer,Brazil,LATAM,South America,TEC-PH-5830,Technology,Phones,"Samsung Office Telephone, Full Size",70.944,4,0.6,-51.45599999999998
MX-2015-SF2006518-42307,2015-10-30 00:00:00,SF-2006518,Sandra Flanagan,Consumer,Brazil,LATAM,South America,FUR-FU-3950,Furniture,Furnishings,"Deflect-O Photo Frame, Black",103.8,3,0,23.82
TO-2015-AB600131-42299,2015-10-22 00:00:00,AB-600131,Ann Blume,Corporate,Togo,Africa,Western Africa,OFF-PA-4468,Office Supplies,Paper,"Green Bar Computer Printout Paper, Premium",59.519999999999996,2,0,25.56
IN-2015-SC2026059-42306,2015-10-29 00:00:00,SC-2026059,Scott Cohen,Corporate,Indonesia,Asia Pacific,Southeastern Asia,FUR-CH-4699,Furniture,Chairs,"Hon Steel Folding Chair, Red",178.3098,3,0.27,26.839799999999983
IN-2015-AA1064578-42290,2015-10-13 00:00:00,AA-1064578,Anna Andreadi,Consumer,Malaysia,Asia Pacific,Southeastern Asia,OFF-BI-3718,Office Supplies,Binders,"Cardinal Binder Covers, Economy",36,3,0,3.6000000000000005
IN-2015-MM1792058-42299,2015-10-22 00:00:00,MM-1792058,Michael Moore,Consumer,India,Asia Pacific,Southern Asia,OFF-EN-3669,Office Supplies,Envelopes,"Cameo Manila Envelope, Recycled",77.39999999999999,3,0,34.83
IN-2015-AJ1079558-42307,2015-10-30 00:00:00,AJ-1079558,Anthony Johnson,Corporate,India,Asia Pacific,Southern Asia,TEC-PH-3134,Technology,Phones,"Apple Headset, VoIP",293.4,4,0,8.76
ES-2015-GA1451545-42290,2015-10-13 00:00:00,GA-1451545,George Ashbrook,Consumer,France,Europe,Western Europe,OFF-AR-3526,Office Supplies,Art,"Boston Canvas, Easy-Erase",107.82,2,0,24.78
PL-2015-MZ7515103-42291,2015-10-14 00:00:00,MZ-7515103,Mary Zewe,Corporate,Poland,Europe,Eastern Europe,OFF-ST-6065,Office Supplies,Storage,"Smead Trays, Blue",48.480000000000004,1,0,6.300000000000001
ES-2015-AI10855139-42284,2015-10-07 00:00:00,AI-10855139,Arianne Irving,Consumer,United Kingdom,Europe,Northern Europe,OFF-FA-2947,Office Supplies,Fasteners,"Accos Push Pins, 12 Pack",55.800000000000004,4,0,17.759999999999998
IN-2015-MS1753058-42299,2015-10-22 00:00:00,MS-1753058,MaryBeth Skach,Consumer,India,Asia Pacific,Southern Asia,OFF-PA-6621,Office Supplies,Paper,"Xerox Parchment Paper, 8.5 x 11",87,5,0,40.8
ES-2015-GK1462048-42290,2015-10-13 00:00:00,GK-1462048,Grace Kelly,Corporate,Germany,Europe,Western Europe,OFF-BI-4808,Office Supplies,Binders,"Ibico Binder Covers, Durable",45.449999999999996,3,0,5.3999999999999995
US-2015-BD117705-42293,2015-10-16 00:00:00,BD-117705,Bryan Davis,Consumer,Argentina,LATAM,South America,FUR-CH-4626,Furniture,Chairs,"Hon Bag Chairs, Adjustable",95.28,5,0.4,-27.020000000000003
ES-2015-ST2053045-42293,2015-10-16 00:00:00,ST-2053045,Shui Tom,Consumer,France,Europe,Western Europe,OFF-AR-6116,Office Supplies,Art,"Stanley Markers, Fluorescent",70.38,3,0,23.849999999999998
ID-2015-SV2081559-42301,2015-10-24 00:00:00,SV-2081559,Stuart Van,Corporate,Indonesia,Asia Pacific,Southeastern Asia,OFF-SU-6182,Office Supplies,Supplies,"Stiletto Trimmer, Serrated",62.72550000000001,3,0.47000000000000003,-18.99450000000001
IN-2015-LW168251-42307,2015-10-30 00:00:00,LW-168251,Laurel Workman,Corporate,Afghanistan,Asia Pacific,Southern Asia,OFF-PA-3990,Office Supplies,Paper,"Eaton Computer Printout Paper, 8.5 x 11",122.76,4,0,42.96
HR-2015-DV304530-42301,2015-10-24 00:00:00,DV-304530,Darrin Van Huff,Corporate,Croatia,Europe,Southern Europe,OFF-ST-4108,Office Supplies,Storage,"Eldon Trays, Wire Frame",94.08,2,0,36.660000000000004
SG-2015-JE5715111-42283,2015-10-06 00:00:00,JE-5715111,Joe Elijah,Consumer,Senegal,Africa,Western Africa,FUR-FU-5725,Furniture,Furnishings,"Rubbermaid Door Stop, Durable",81.66000000000001,2,0,10.56
CA-2015-JK15625140-42308,2015-10-31 00:00:00,JK-156251404,Jim Karlsson,Consumer,United States,USCA,Western US,FUR-CH-4424,Furniture,Chairs,Global Super Steno Chair,614.272,8,0.2,-23.03520000000006
MX-2015-TH2110082-42280,2015-10-03 00:00:00,TH-2110082,Thea Hendricks,Consumer,Mexico,LATAM,Central America,OFF-AR-5924,Office Supplies,Art,"Sanford Pens, Blue",37,5,0,13.6
CA-2015-JK15625140-42308,2015-10-31 00:00:00,JK-156251404,Jim Karlsson,Consumer,United States,USCA,Western US,FUR-CH-5381,Furniture,Chairs,Novimex Fabric Task Chair,97.568,2,0.2,-6.0980000000000025
IR-2015-MM805560-42279,2015-10-02 00:00:00,MM-805560,Michelle Moray,Consumer,Iran,Asia Pacific,Southern Asia,OFF-BI-2881,Office Supplies,Binders,"Acco 3-Hole Punch, Clear",29.580000000000005,1,0,5.01
CA-2015-JK15625140-42308,2015-10-31 00:00:00,JK-156251404,Jim Karlsson,Consumer,United States,USCA,Western US,FUR-BO-3409,Furniture,Bookcases,Bestar Classic Bookcase,199.98,2,0,37.99619999999999
MX-2015-EH1394582-42284,2015-10-07 00:00:00,EH-1394582,Eric Hoffmann,Consumer,Mexico,LATAM,Central America,OFF-EN-3663,Office Supplies,Envelopes,"Cameo Interoffice Envelope, Set of 50",94.85999999999999,3,0,36
IT-2015-GA1472545-42290,2015-10-13 00:00:00,GA-1472545,Guy Armstrong,Consumer,France,Europe,Western Europe,OFF-AR-5919,Office Supplies,Art,"Sanford Markers, Fluorescent",73.53,3,0,29.339999999999996
IN-2015-LH171557-42294,2015-10-17 00:00:00,LH-171557,Logan Haushalter,Consumer,Australia,Asia Pacific,Oceania,OFF-PA-4001,Office Supplies,Paper,"Eaton Message Books, Recycled",92.205,5,0.1,32.655
CA-2015-JM15655140-42305,2015-10-28 00:00:00,JM-156551404,Jim Mitchum,Corporate,United States,USCA,Western US,FUR-TA-3767,Furniture,Tables,Chromcraft Rectangular Conference Tables,189.57600000000002,1,0.2,9.478799999999978
CA-2015-JM15655140-42305,2015-10-28 00:00:00,JM-156551404,Jim Mitchum,Corporate,United States,USCA,Western US,TEC-PH-4486,Technology,Phones,Griffin GC17055 Auxiliary Audio Cable,71.96,5,0.2,7.1960000000000015
MX-2015-BN1147018-42301,2015-10-24 00:00:00,BN-1147018,Brad Norvell,Corporate,Brazil,LATAM,South America,TEC-CO-5990,Technology,Copiers,"Sharp Copy Machine, Color",160.23887999999997,1,0.002,2.87888
ES-2015-GK1462048-42290,2015-10-13 00:00:00,GK-1462048,Grace Kelly,Corporate,Germany,Europe,Western Europe,TEC-AC-3381,Technology,Accessories,"Belkin Flash Drive, USB",84.3,2,0,27.78
IN-2015-SC2030558-42283,2015-10-06 00:00:00,SC-2030558,Sean Christensen,Consumer,India,Asia Pacific,Southern Asia,OFF-ST-5688,Office Supplies,Storage,"Rogers Box, Single Width",72,3,0,4.32
CA-2015-JR15700140-42301,2015-10-24 00:00:00,JR-157001408,Jocasta Rupert,Consumer,United States,USCA,Southern US,TEC-PH-6413,Technology,Phones,Wilson SignalBoost 841262 DB PRO Amplifier Kit,863.8799999999999,3,0.2,107.98499999999996
MX-2015-JK1562518-42295,2015-10-18 00:00:00,JK-1562518,Jim Karlsson,Consumer,Brazil,LATAM,South America,OFF-AR-6106,Office Supplies,Art,"Stanley Canvas, Easy-Erase",132.64000000000001,4,0,35.760000000000005
ES-2015-BE1133545-42279,2015-10-02 00:00:00,BE-1133545,Bill Eplett,Home Office,France,Europe,Western Europe,OFF-EN-3659,Office Supplies,Envelopes,"Cameo Clasp Envelope, Set of 50",85.59,9,0,6.75
ES-2015-SG20080120-42301,2015-10-24 00:00:00,SG-20080120,Sandra Glassco,Consumer,Spain,Europe,Southern Europe,TEC-CO-3595,Technology,Copiers,"Brother Fax Machine, Color",639.96,2,0,287.94
ID-2015-TB2105592-42292,2015-10-15 00:00:00,TB-2105592,Ted Butterfield,Consumer,New Zealand,Asia Pacific,Oceania,OFF-AR-3494,Office Supplies,Art,"Binney & Smith Pencil Sharpener, Water Color",64.656,6,0.6,-29.12400000000001
CA-2015-JK15730140-42285,2015-10-08 00:00:00,JK-157301402,Joe Kamberova,Consumer,United States,USCA,Central US,OFF-BI-6210,Office Supplies,Binders,Storex DuraTech Recycled Plastic Frosted Binders,4.239999999999999,5,0.8,-6.359999999999999
US-2015-DL1292582-42301,2015-10-24 00:00:00,DL-1292582,Daniel Lacy,Consumer,Mexico,LATAM,Central America,TEC-CO-5995,Technology,Copiers,"Sharp Fax and Copier, High-Speed",221.95519999999996,2,0.002,81.8352
MX-2015-EH1399080-42302,2015-10-25 00:00:00,EH-1399080,Erica Hackney,Consumer,Martinique,LATAM,Caribbean,OFF-SU-4134,Office Supplies,Supplies,"Elite Shears, Steel",154.7,5,0,0
IN-2015-SV203657-42282,2015-10-05 00:00:00,SV-203657,Seth Vernon,Consumer,Australia,Asia Pacific,Oceania,OFF-AR-3468,Office Supplies,Art,"BIC Sketch Pad, Blue",131.382,3,0.1,-10.277999999999999
MX-2015-DL1349539-42305,2015-10-28 00:00:00,DL-1349539,Dionis Lloyd,Corporate,El Salvador,LATAM,Central America,OFF-FA-3061,Office Supplies,Fasteners,"Advantus Rubber Bands, Assorted Sizes",37.43999999999999,4,0,14.559999999999999
MX-2015-SL2015539-42302,2015-10-25 00:00:00,SL-2015539,Sara Luxemburg,Home Office,El Salvador,LATAM,Central America,OFF-AR-3488,Office Supplies,Art,"Binney & Smith Markers, Blue",64.24,4,0,31.439999999999998
IN-2015-DK1289578-42298,2015-10-21 00:00:00,DK-1289578,Dana Kaydos,Consumer,Malaysia,Asia Pacific,Southeastern Asia,OFF-AR-3451,Office Supplies,Art,"BIC Highlighters, Blue",56.79,3,0,28.349999999999998
ES-2015-SG20080120-42301,2015-10-24 00:00:00,SG-20080120,Sandra Glassco,Consumer,Spain,Europe,Southern Europe,OFF-AR-3502,Office Supplies,Art,"Binney & Smith Sketch Pad, Water Color",148.5,3,0,48.96
ES-2015-NS1850545-42307,2015-10-30 00:00:00,NS-1850545,Neola Schneider,Consumer,France,Europe,Western Europe,OFF-FA-6204,Office Supplies,Fasteners,"Stockwell Staples, Metal",94.77,9,0,25.38
MX-2015-TH2110082-42280,2015-10-03 00:00:00,TH-2110082,Thea Hendricks,Consumer,Mexico,LATAM,Central America,FUR-CH-5440,Furniture,Chairs,"Office Star Chairmat, Set of Two",72.608,2,0.2,19.927999999999994
ES-2015-RB1936045-42294,2015-10-17 00:00:00,RB-1936045,Raymond Buch,Consumer,France,Europe,Western Europe,OFF-BI-3293,Office Supplies,Binders,"Avery Index Tab, Clear",23.16,4,0,6.24
MX-2015-PB1880555-42297,2015-10-20 00:00:00,PB-1880555,Patrick Bzostek,Home Office,Honduras,LATAM,Central America,FUR-FU-5741,Furniture,Furnishings,"Rubbermaid Stacking Tray, Erganomic",38.016000000000005,4,0.4,-10.144000000000002
IN-2015-AH1046527-42283,2015-10-06 00:00:00,AH-1046527,Amy Hunt,Consumer,China,Asia Pacific,Eastern Asia,OFF-LA-3322,Office Supplies,Labels,"Avery Shipping Labels, Alphabetical",46.67999999999999,4,0,18.6
IN-2015-OT1873059-42297,2015-10-20 00:00:00,OT-1873059,Olvera Toch,Consumer,Indonesia,Asia Pacific,Southeastern Asia,OFF-ST-4283,Office Supplies,Storage,"Fellowes Shelving, Industrial",96.81119999999999,2,0.17,-2.3687999999999967
IN-2015-MS178307-42306,2015-10-29 00:00:00,MS-178307,Melanie Seite,Consumer,Australia,Asia Pacific,Oceania,OFF-SU-4990,Office Supplies,Supplies,"Kleencut Shears, High Speed",126.279,3,0.1,1.3590000000000018
MX-2015-BF1117055-42305,2015-10-28 00:00:00,BF-1117055,Ben Ferrer,Home Office,Honduras,LATAM,Central America,OFF-SU-6173,Office Supplies,Supplies,"Stiletto Scissors, High Speed",37.775999999999996,4,0.4,4.975999999999999
ID-2015-JC1534097-42299,2015-10-22 00:00:00,JC-1534097,Jasper Cacioppo,Consumer,Pakistan,Asia Pacific,Southern Asia,FUR-FU-5737,Furniture,Furnishings,"Rubbermaid Photo Frame, Durable",78.048,2,0.2,26.327999999999996
CG-2015-RD972033-42299,2015-10-22 00:00:00,RD-972033,Roger Demir,Consumer,Democratic Republic of the Congo,Africa,Central Africa,OFF-AR-3460,Office Supplies,Art,"BIC Pencil Sharpener, Blue",29.009999999999998,1,0,11.879999999999999
MX-2015-CM1183028-42298,2015-10-21 00:00:00,CM-1183028,Cari MacIntyre,Corporate,Colombia,LATAM,South America,OFF-AR-5917,Office Supplies,Art,"Sanford Markers, Blue",61.999999999999986,4,0,6.16
TU-2015-HP4815134-42306,2015-10-29 00:00:00,HP-4815134,Harold Pawlan,Home Office,Turkey,Asia Pacific,Western Asia,OFF-BI-3716,Office Supplies,Binders,"Cardinal Binder Covers, Clear",18.336,4,0.6,-15.623999999999999
IN-2015-JO1555027-42298,2015-10-21 00:00:00,JO-1555027,Jesus Ocampo,Home Office,China,Asia Pacific,Eastern Asia,OFF-PA-6620,Office Supplies,Paper,"Xerox Note Cards, Recycled",78.84,3,0,33.03
ID-2015-NC185357-42289,2015-10-12 00:00:00,NC-185357,Nick Crebassa,Corporate,Australia,Asia Pacific,Oceania,OFF-LA-6051,Office Supplies,Labels,"Smead Removable Labels, Adjustable",25.199999999999996,5,0.4,-7.649999999999997
MX-2015-RB1933082-42294,2015-10-17 00:00:00,RB-1933082,Randy Bradley,Consumer,Mexico,LATAM,Central America,OFF-PA-4480,Office Supplies,Paper,"Green Bar Note Cards, Premium",39.72,2,0,5.16
ES-2015-SN20560120-42298,2015-10-21 00:00:00,SN-20560120,Skye Norling,Home Office,Spain,Europe,Southern Europe,OFF-ST-4283,Office Supplies,Storage,"Fellowes Shelving, Industrial",104.97599999999998,2,0.1,39.636
MX-2015-DJ1351018-42285,2015-10-08 00:00:00,DJ-1351018,Don Jones,Corporate,Brazil,LATAM,South America,OFF-ST-6024,Office Supplies,Storage,"Smead Box, Industrial",45,6,0,3.6
IN-2015-AS1022588-42298,2015-10-21 00:00:00,AS-1022588,Alan Schoenberger,Corporate,Myanmar (Burma),Asia Pacific,Southeastern Asia,FUR-FU-4034,Furniture,Furnishings,"Eldon Clock, Black",82.5192,2,0.27,7.879200000000004
US-2015-BM1178555-42300,2015-10-23 00:00:00,BM-1178555,Bryan Mills,Consumer,Honduras,LATAM,Central America,FUR-CH-4626,Furniture,Chairs,"Hon Bag Chairs, Adjustable",95.28,5,0.4,-27.020000000000003
CA-2015-JD589523-42297,2015-10-20 00:00:00,JD-589523,Jonathan Doherty,Corporate,Canada,USCA,Canada,TEC-MA-6140,Technology,Machines,"StarTech Inkjet, Durable",300.18000000000006,1,0,33
CA-2015-JD589523-42297,2015-10-20 00:00:00,JD-589523,Jonathan Doherty,Corporate,Canada,USCA,Canada,FUR-BO-3629,Furniture,Bookcases,"Bush Corner Shelving, Mobile",253.02,2,0,106.26
CA-2015-JD589523-42297,2015-10-20 00:00:00,JD-589523,Jonathan Doherty,Corporate,Canada,USCA,Canada,OFF-AP-3864,Office Supplies,Appliances,"Cuisinart Microwave, Black",277.89,1,0,13.89
CA-2015-JD589523-42297,2015-10-20 00:00:00,JD-589523,Jonathan Doherty,Corporate,Canada,USCA,Canada,OFF-AR-3545,Office Supplies,Art,"Boston Pencil Sharpener, Water Color",116.88,4,0,15.120000000000001
MX-2015-GH1466518-42292,2015-10-15 00:00:00,GH-1466518,Greg Hansen,Consumer,Brazil,LATAM,South America,FUR-CH-5449,Furniture,Chairs,"Office Star Rocking Chair, Set of Two",95.44,1,0,21.94
IN-2015-AJ1094558-42278,2015-10-01 00:00:00,AJ-1094558,Ashley Jarboe,Consumer,India,Asia Pacific,Southern Asia,FUR-CH-5808,Furniture,Chairs,"SAFCO Swivel Stool, Set of Two",510.57,3,0,56.16
CA-2015-JD589523-42297,2015-10-20 00:00:00,JD-589523,Jonathan Doherty,Corporate,Canada,USCA,Canada,OFF-BI-3739,Office Supplies,Binders,"Cardinal Index Tab, Economy",8.76,1,0,4.0200000000000005
CA-2015-JD589523-42297,2015-10-20 00:00:00,JD-589523,Jonathan Doherty,Corporate,Canada,USCA,Canada,OFF-BI-6397,Office Supplies,Binders,"Wilson Jones Hole Reinforcements, Clear",3.99,1,0,0.42000000000000004
TU-2015-GA4725134-42299,2015-10-22 00:00:00,GA-4725134,Guy Armstrong,Consumer,Turkey,Asia Pacific,Western Asia,OFF-PA-6602,Office Supplies,Paper,"Xerox Cards & Envelopes, Premium",107.928,6,0.6,-81.07199999999999
ES-2015-AI10855139-42284,2015-10-07 00:00:00,AI-10855139,Arianne Irving,Consumer,United Kingdom,Europe,Northern Europe,OFF-LA-5385,Office Supplies,Labels,"Novimex File Folder Labels, Laser Printer Compatible",74.25,9,0,14.040000000000001
IN-2015-HJ1487578-42291,2015-10-14 00:00:00,HJ-1487578,Heather Jas,Home Office,Malaysia,Asia Pacific,Southeastern Asia,TEC-AC-4154,Technology,Accessories,"Enermax Flash Drive, USB",125.19,3,0,29.97
ID-2015-ST2053059-42302,2015-10-25 00:00:00,ST-2053059,Shui Tom,Consumer,Indonesia,Asia Pacific,Southeastern Asia,FUR-CH-4560,Furniture,Chairs,"Harbour Creations Steel Folding Chair, Set of Two",73.10220000000001,1,0.27,-21.037800000000004
TO-2015-AB600131-42299,2015-10-22 00:00:00,AB-600131,Ann Blume,Corporate,Togo,Africa,Western Africa,OFF-LA-6062,Office Supplies,Labels,"Smead Shipping Labels, Adjustable",76.08,8,0,5.28
CA-2015-JW15955140-42292,2015-10-15 00:00:00,JW-159551404,Joni Wasserman,Consumer,United States,USCA,Western US,FUR-FU-3829,Furniture,Furnishings,C-Line Cubicle Keepers Polyproplyene Holder With Velcro Backings,9.46,2,0,3.689400000000001
MX-2015-TB2128018-42298,2015-10-21 00:00:00,TB-2128018,Toby Braunhardt,Consumer,Brazil,LATAM,South America,OFF-LA-4542,Office Supplies,Labels,"Harbour Creations Removable Labels, Adjustable",27.5,5,0,9.3
ID-2015-JW1595592-42288,2015-10-11 00:00:00,JW-1595592,Joni Wasserman,Consumer,New Zealand,Asia Pacific,Oceania,TEC-CO-3605,Technology,Copiers,"Brother Personal Copier, Digital",171.03600000000003,2,0.4,-28.52400000000003
ID-2015-DM1301559-42280,2015-10-03 00:00:00,DM-1301559,Darrin Martin,Consumer,Indonesia,Asia Pacific,Southeastern Asia,FUR-CH-5367,Furniture,Chairs,"Novimex Bag Chairs, Black",127.1076,4,0.27,-45.33240000000001
NI-2015-MG768095-42288,2015-10-11 00:00:00,MG-768095,Maureen Gastineau,Home Office,Nigeria,Africa,Western Africa,TEC-AC-5201,Technology,Accessories,"Memorex Keyboard, Programmable",87.40800000000002,4,0.7,-81.672
MX-2015-BN1147018-42301,2015-10-24 00:00:00,BN-1147018,Brad Norvell,Corporate,Brazil,LATAM,South America,TEC-PH-5346,Technology,Phones,"Nokia Office Telephone, Cordless",90.64,2,0,7.24
MX-2015-LT1676582-42298,2015-10-21 00:00:00,LT-1676582,Larry Tron,Consumer,Mexico,LATAM,Central America,OFF-EN-4447,Office Supplies,Envelopes,"GlobeWeis Manila Envelope, Recycled",34.92,2,0,1.04
ES-2015-CM12445139-42285,2015-10-08 00:00:00,CM-12445139,Chuck Magee,Consumer,United Kingdom,Europe,Northern Europe,FUR-CH-4628,Furniture,Chairs,"Hon Bag Chairs, Red",40.635,1,0.1,10.364999999999998
MX-2015-DL1349539-42305,2015-10-28 00:00:00,DL-1349539,Dionis Lloyd,Corporate,El Salvador,LATAM,Central America,OFF-FA-3073,Office Supplies,Fasteners,"Advantus Thumb Tacks, Assorted Sizes",36.8,5,0,0
IT-2015-MM1792091-42278,2015-10-01 00:00:00,MM-1792091,Michael Moore,Consumer,Netherlands,Europe,Western Europe,FUR-BO-5943,Furniture,Bookcases,"Sauder 3-Shelf Cabinet, Traditional",83.34,1,0.5,-48.36
MX-2015-TB2128082-42293,2015-10-16 00:00:00,TB-2128082,Toby Braunhardt,Consumer,Mexico,LATAM,Central America,OFF-ST-6249,Office Supplies,Storage,"Tenex Folders, Blue",46.440000000000005,3,0,18.54
MX-2015-TB2128082-42293,2015-10-16 00:00:00,TB-2128082,Toby Braunhardt,Consumer,Mexico,LATAM,Central America,OFF-PA-6600,Office Supplies,Paper,"Xerox Cards & Envelopes, 8.5 x 11",98.22,3,0,35.339999999999996
CA-2015-JS16030140-42297,2015-10-20 00:00:00,JS-160301404,Joy Smith,Consumer,United States,USCA,Western US,OFF-BI-4927,Office Supplies,Binders,JM Magazine Binder,39.62400000000001,3,0.2,13.868400000000001
MX-2015-MS1783036-42297,2015-10-20 00:00:00,MS-1783036,Melanie Seite,Consumer,Dominican Republic,LATAM,Caribbean,FUR-BO-3647,Furniture,Bookcases,"Bush Stackable Bookrack, Pine",151.23600000000002,3,0.4,5.0159999999999965
US-2015-SJ202155-42287,2015-10-10 00:00:00,SJ-202155,Sarah Jordon,Consumer,Argentina,LATAM,South America,OFF-FA-3020,Office Supplies,Fasteners,"Advantus Clamps, Assorted Sizes",60.263999999999996,9,0.4,-32.256
IN-2015-DR1294058-42294,2015-10-17 00:00:00,DR-1294058,Daniel Raglin,Home Office,India,Asia Pacific,Southern Asia,OFF-PA-4162,Office Supplies,Paper,"Enermax Memo Slips, Recycled",46.71,3,0,19.53
CA-2015-JK16090140-42280,2015-10-03 00:00:00,JK-160901404,Juliana Krohn,Consumer,United States,USCA,Western US,FUR-BO-5522,Furniture,Bookcases,O'Sullivan 4-Shelf Bookcase in Odessa Pine,217.764,6,0.7,-384.7164
IN-2015-MO1780066-42308,2015-10-31 00:00:00,MO-1780066,Meg O'Connel,Home Office,Japan,Asia Pacific,Eastern Asia,OFF-ST-6252,Office Supplies,Storage,"Tenex Folders, Wire Frame",66.87,3,0,11.97
CA-2015-JK16090140-42280,2015-10-03 00:00:00,JK-160901404,Juliana Krohn,Consumer,United States,USCA,Western US,OFF-AR-3408,Office Supplies,Art,Berol Giant Pencil Sharpener,95.14399999999999,7,0.2,10.703699999999987
MX-2015-CS1250531-42278,2015-10-01 00:00:00,CS-1250531,Cindy Stewart,Consumer,Cuba,LATAM,Caribbean,OFF-BI-3247,Office Supplies,Binders,"Avery Binder Covers, Durable",117.32000000000001,14,0,43.4
MX-2015-SS20140143-42283,2015-10-06 00:00:00,SS-20140143,Saphhira Shifley,Corporate,Venezuela,LATAM,South America,OFF-SU-4973,Office Supplies,Supplies,"Kleencut Box Cutter, Easy Grip",72.53999999999998,5,0.4,-15.759999999999986
CA-2015-JK16090140-42280,2015-10-03 00:00:00,JK-160901404,Juliana Krohn,Consumer,United States,USCA,Western US,OFF-SU-2997,Office Supplies,Supplies,Acme Softgrip Scissors,39.072,6,0.2,4.395599999999998
CA-2015-JK16090140-42280,2015-10-03 00:00:00,JK-160901404,Juliana Krohn,Consumer,United States,USCA,Western US,OFF-BI-4367,Office Supplies,Binders,"GBC Standard Recycled Report Covers, Clear Plastic Sheets",22.638,7,0.7,-16.6012
CA-2015-JC16105140-42301,2015-10-24 00:00:00,JC-161051406,Julie Creighton,Corporate,United States,USCA,Eastern US,FUR-FU-4020,Furniture,Furnishings,"Eldon 200 Class Desk Accessories, Smoke",69.08,11,0,29.013600000000004
IN-2015-MG1769527-42294,2015-10-17 00:00:00,MG-1769527,Maureen Gnade,Consumer,China,Asia Pacific,Eastern Asia,OFF-BI-6380,Office Supplies,Binders,"Wilson Jones Binder, Economy",91.14,7,0,17.22
US-2015-KD166155-42294,2015-10-17 00:00:00,KD-166155,Ken Dana,Corporate,Argentina,LATAM,South America,OFF-PA-4008,Office Supplies,Paper,"Eaton Parchment Paper, Recycled",21.407999999999994,4,0.4,-0.752000000000001
IN-2015-DR1294058-42294,2015-10-17 00:00:00,DR-1294058,Daniel Raglin,Home Office,India,Asia Pacific,Southern Asia,OFF-FA-3021,Office Supplies,Fasteners,"Advantus Clamps, Bulk Pack",96.45000000000002,5,0,38.55
CA-2015-JC16105140-42301,2015-10-24 00:00:00,JC-161051406,Julie Creighton,Corporate,United States,USCA,Eastern US,OFF-PA-6598,Office Supplies,Paper,Xerox 4200 Series MultiUse Premium Copy Paper (20Lb. and 84 Bright),26.400000000000002,5,0,11.879999999999999
CA-2015-JC16105140-42301,2015-10-24 00:00:00,JC-161051406,Julie Creighton,Corporate,United States,USCA,Eastern US,TEC-PH-4800,Technology,Phones,I Need's 3d Hello Kitty Hybrid Silicone Case Cover for HTC One X 4g with 3d Hello Kitty Stylus Pen Green/pink,35.88,3,0,10.046400000000002
US-2015-BM111405-42284,2015-10-07 00:00:00,BM-111405,Becky Martin,Consumer,Argentina,LATAM,South America,OFF-AR-5903,Office Supplies,Art,"Sanford Canvas, Easy-Erase",101.58,5,0.4,-64.42000000000002
MX-2015-BF1127593-42282,2015-10-05 00:00:00,BF-1127593,Beth Fritzler,Corporate,Nicaragua,LATAM,Central America,FUR-FU-3934,Furniture,Furnishings,"Deflect-O Door Stop, Durable",109.28,4,0,49.12
CA-2015-JC16105140-42301,2015-10-24 00:00:00,JC-161051406,Julie Creighton,Corporate,United States,USCA,Eastern US,OFF-PA-6525,Office Supplies,Paper,Xerox 1969,11.56,2,0,5.6644000000000005
US-2015-DL1292582-42301,2015-10-24 00:00:00,DL-1292582,Daniel Lacy,Consumer,Mexico,LATAM,Central America,FUR-CH-5752,Furniture,Chairs,"SAFCO Bag Chairs, Red",52.736000000000004,2,0.2,-0.02400000000000091
ES-2015-Dp1324064-42279,2015-10-02 00:00:00,Dp-1324064,Dean percer,Home Office,Italy,Europe,Southern Europe,OFF-LA-5398,Office Supplies,Labels,"Novimex Round Labels, 5000 Label Set",46.62,7,0,21.84
ES-2015-TH21550139-42294,2015-10-17 00:00:00,TH-21550139,Tracy Hopkins,Home Office,United Kingdom,Europe,Northern Europe,OFF-PA-6610,Office Supplies,Paper,"Xerox Memo Slips, Multicolor",29.880000000000003,2,0,0.8400000000000001
US-2015-EB1397518-42304,2015-10-27 00:00:00,EB-1397518,Erica Bern,Corporate,Brazil,LATAM,South America,OFF-ST-6068,Office Supplies,Storage,"Smead Trays, Wire Frame",50.720000000000006,4,0.6,-49.519999999999996
ES-2015-GK1462048-42290,2015-10-13 00:00:00,GK-1462048,Grace Kelly,Corporate,Germany,Europe,Western Europe,OFF-AR-5920,Office Supplies,Art,"Sanford Markers, Water Color",52.85999999999999,2,0,4.74
SF-2015-LT7110117-42280,2015-10-03 00:00:00,LT-7110117,Liz Thompson,Consumer,South Africa,Africa,Southern Africa,OFF-ST-5708,Office Supplies,Storage,"Rogers Shelving, Wire Frame",61.199999999999996,1,0,18.96
TU-2015-RR9525134-42280,2015-10-03 00:00:00,RR-9525134,Rick Reed,Corporate,Turkey,Asia Pacific,Western Asia,TEC-MA-5015,Technology,Machines,"Konica Printer, Red",105.99600000000001,1,0.6,-39.774
RS-2015-KD6345108-42294,2015-10-17 00:00:00,KD-6345108,Katherine Ducich,Consumer,Russia,Europe,Eastern Europe,OFF-ST-5705,Office Supplies,Storage,"Rogers Shelving, Blue",62.129999999999995,1,0,3.09
ES-2015-JK1564064-42297,2015-10-20 00:00:00,JK-1564064,Jim Kriz,Home Office,Italy,Europe,Southern Europe,OFF-EN-3088,Office Supplies,Envelopes,"Ames Business Envelopes, Recycled",53.760000000000005,4,0,20.4
US-2015-JE16165140-42298,2015-10-21 00:00:00,JE-161651404,Justin Ellison,Corporate,United States,USCA,Western US,OFF-BI-6393,Office Supplies,Binders,Wilson Jones Four-Pocket Poly Binders,20.928,4,0.2,7.5864
US-2015-JE16165140-42298,2015-10-21 00:00:00,JE-161651404,Justin Ellison,Corporate,United States,USCA,Western US,OFF-LA-3232,Office Supplies,Labels,Avery 510,3.75,1,0,1.7999999999999998
IN-2015-JG1580558-42308,2015-10-31 00:00:00,JG-1580558,John Grady,Corporate,India,Asia Pacific,Southern Asia,FUR-CH-5434,Furniture,Chairs,"Office Star Bag Chairs, Black",106.01999999999998,2,0,9.540000000000001
ID-2015-SF20965118-42291,2015-10-14 00:00:00,SF-20965118,Sylvia Foulston,Corporate,South Korea,Asia Pacific,Eastern Asia,TEC-MA-4191,Technology,Machines,"Epson Calculator, White",22.41,1,0.5,-16.59
SA-2015-BB990110-42291,2015-10-14 00:00:00,BB-990110,Barry Blumstein,Corporate,Saudi Arabia,Asia Pacific,Western Asia,OFF-AR-3540,Office Supplies,Art,"Boston Markers, Water Color",118.19999999999999,4,0,0
MX-2015-CK1232536-42308,2015-10-31 00:00:00,CK-1232536,Christine Kargatis,Home Office,Dominican Republic,LATAM,Caribbean,OFF-PA-4467,Office Supplies,Paper,"Green Bar Computer Printout Paper, Multicolor",49.872000000000014,3,0.2,-7.488000000000002
MX-2015-RS1987082-42292,2015-10-15 00:00:00,RS-1987082,Roy Skaria,Home Office,Mexico,LATAM,Central America,OFF-PA-4147,Office Supplies,Paper,"Enermax Computer Printout Paper, 8.5 x 11",65.22,3,0,14.339999999999998
MX-2015-AH1046528-42299,2015-10-22 00:00:00,AH-1046528,Amy Hunt,Consumer,Colombia,LATAM,South America,OFF-FA-6197,Office Supplies,Fasteners,"Stockwell Rubber Bands, 12 Pack",31.920000000000005,3,0,15
MX-2015-MB1808531-42286,2015-10-09 00:00:00,MB-1808531,Mick Brown,Consumer,Cuba,LATAM,Caribbean,TEC-AC-3384,Technology,Accessories,"Belkin Keyboard, Bluetooth",279.6,5,0,16.7
SF-2015-LT7110117-42280,2015-10-03 00:00:00,LT-7110117,Liz Thompson,Consumer,South Africa,Africa,Southern Africa,OFF-AR-3539,Office Supplies,Art,"Boston Markers, Fluorescent",55.260000000000005,2,0,8.28
MX-2015-JH1618093-42300,2015-10-23 00:00:00,JH-1618093,Justin Hirsh,Consumer,Nicaragua,LATAM,Central America,OFF-FA-6208,Office Supplies,Fasteners,"Stockwell Thumb Tacks, Metal",53.040000000000006,6,0,6.839999999999999
ES-2015-AR1051096-42307,2015-10-30 00:00:00,AR-1051096,Andrew Roberts,Consumer,Norway,Europe,Northern Europe,OFF-AR-3454,Office Supplies,Art,"BIC Highlighters, Water Color",44.22,2,0,7.92
MX-2015-HF1499536-42293,2015-10-16 00:00:00,HF-1499536,Herbert Flentye,Consumer,Dominican Republic,LATAM,Caribbean,TEC-PH-5830,Technology,Phones,"Samsung Office Telephone, Full Size",141.88799999999998,4,0.2,19.488000000000007
ES-2015-NS1850545-42307,2015-10-30 00:00:00,NS-1850545,Neola Schneider,Consumer,France,Europe,Western Europe,OFF-AR-3466,Office Supplies,Art,"BIC Pens, Fluorescent",46.62,3,0,15.299999999999999
MX-2015-BS1180036-42301,2015-10-24 00:00:00,BS-1180036,Bryan Spruell,Home Office,Dominican Republic,LATAM,Caribbean,FUR-CH-5435,Furniture,Chairs,"Office Star Bag Chairs, Red",59.136,2,0.2,3.6960000000000006
US-2015-KL165555-42284,2015-10-07 00:00:00,KL-165555,Kelly Lampkin,Corporate,Argentina,LATAM,South America,OFF-PA-4000,Office Supplies,Paper,"Eaton Message Books, Premium",41.16,5,0.4,-8.239999999999998
SY-2015-FO4305126-42296,2015-10-19 00:00:00,FO-4305126,Frank Olsen,Consumer,Syria,Asia Pacific,Western Asia,OFF-SU-4328,Office Supplies,Supplies,"Fiskars Trimmer, Steel",41.7,1,0,4.9799999999999995
MX-2015-MB1808518-42283,2015-10-06 00:00:00,MB-1808518,Mick Brown,Consumer,Brazil,LATAM,South America,OFF-ST-5705,Office Supplies,Storage,"Rogers Shelving, Blue",41.42,1,0,10.76
KZ-2015-CV229568-42284,2015-10-07 00:00:00,CV-229568,Christina VanderZanden,Consumer,Kazakhstan,Asia Pacific,Central Asia,OFF-AR-3554,Office Supplies,Art,"Boston Sketch Pad, Fluorescent",59.83200000000001,4,0.7,-139.60799999999998
MX-2015-DK1309036-42294,2015-10-17 00:00:00,DK-1309036,Dave Kipp,Consumer,Dominican Republic,LATAM,Caribbean,OFF-ST-4096,Office Supplies,Storage,"Eldon Shelving, Single Width",51.67999999999999,2,0.2,11.6
MX-2015-CK1232536-42308,2015-10-31 00:00:00,CK-1232536,Christine Kargatis,Home Office,Dominican Republic,LATAM,Caribbean,OFF-BI-6370,Office Supplies,Binders,"Wilson Jones 3-Hole Punch, Durable",47.184000000000005,3,0.2,13.524000000000001
US-2015-RB1943555-42294,2015-10-17 00:00:00,RB-1943555,Richard Bierner,Consumer,Honduras,LATAM,Central America,TEC-MA-6143,Technology,Machines,"StarTech Phone, Durable",44.784000000000006,3,0.7,-100.05600000000001
US-2015-DK1283555-42280,2015-10-03 00:00:00,DK-1283555,Damala Kotsonis,Corporate,Honduras,LATAM,Central America,OFF-SU-6179,Office Supplies,Supplies,"Stiletto Shears, Steel",37.992000000000004,2,0.4,-10.768000000000004
TO-2015-AB600131-42299,2015-10-22 00:00:00,AB-600131,Ann Blume,Corporate,Togo,Africa,Western Africa,OFF-FA-6198,Office Supplies,Fasteners,"Stockwell Rubber Bands, Assorted Sizes",27.96,2,0,5.28
SF-2015-JH5430117-42293,2015-10-16 00:00:00,JH-5430117,Jennifer Halladay,Consumer,South Africa,Africa,Southern Africa,OFF-ST-4283,Office Supplies,Storage,"Fellowes Shelving, Industrial",116.63999999999999,2,0,51.300000000000004
ID-2015-PF1916559-42278,2015-10-01 00:00:00,PF-1916559,Philip Fox,Consumer,Indonesia,Asia Pacific,Southeastern Asia,TEC-AC-4153,Technology,Accessories,"Enermax Flash Drive, Programmable",45.6012,2,0.47000000000000003,-37.0188
IN-2015-DR1294058-42294,2015-10-17 00:00:00,DR-1294058,Daniel Raglin,Home Office,India,Asia Pacific,Southern Asia,OFF-ST-4060,Office Supplies,Storage,"Eldon Folders, Blue",33.96,2,0,10.5
ES-2015-RB1936045-42294,2015-10-17 00:00:00,RB-1936045,Raymond Buch,Consumer,France,Europe,Western Europe,OFF-BI-3737,Office Supplies,Binders,"Cardinal Index Tab, Clear",20.159999999999997,3,0,8.459999999999999
MX-2015-PO1885082-42279,2015-10-02 00:00:00,PO-1885082,Patrick O'Brill,Consumer,Mexico,LATAM,Central America,OFF-BI-4805,Office Supplies,Binders,"Ibico 3-Hole Punch, Economy",40.6,2,0,10.52
ES-2015-HZ1495045-42283,2015-10-06 00:00:00,HZ-1495045,Henia Zydlo,Consumer,France,Europe,Western Europe,OFF-BI-2881,Office Supplies,Binders,"Acco 3-Hole Punch, Clear",59.16000000000001,2,0,10.02
US-2015-KL165555-42284,2015-10-07 00:00:00,KL-165555,Kelly Lampkin,Corporate,Argentina,LATAM,South America,OFF-AR-3538,Office Supplies,Art,"Boston Markers, Easy-Erase",31.968000000000007,3,0.4,-13.872
ES-2015-CV1229548-42297,2015-10-20 00:00:00,CV-1229548,Christina VanderZanden,Consumer,Germany,Europe,Western Europe,OFF-AR-3552,Office Supplies,Art,"Boston Sketch Pad, Blue",97.19999999999999,2,0,41.76
US-2015-JF1549082-42304,2015-10-27 00:00:00,JF-1549082,Jeremy Farry,Consumer,Costa Rica,LATAM,Central America,FUR-CH-5452,Furniture,Chairs,"Office Star Steel Folding Chair, Red",48.912,1,0.2,-5.508
US-2015-PJ190155-42286,2015-10-09 00:00:00,PJ-190155,Pauline Johnson,Consumer,Argentina,LATAM,South America,OFF-PA-4464,Office Supplies,Paper,"Green Bar Cards & Envelopes, Recycled",96.60000000000001,5,0.4,-33.90000000000002
MX-2015-RD1990018-42280,2015-10-03 00:00:00,RD-1990018,Ruben Dartt,Consumer,Brazil,LATAM,South America,OFF-FA-3074,Office Supplies,Fasteners,"Advantus Thumb Tacks, Bulk Pack",18.119999999999997,2,0,7.76
PL-2015-AG495103-42300,2015-10-23 00:00:00,AG-495103,Andrew Gjertsen,Corporate,Poland,Europe,Eastern Europe,OFF-FA-5471,Office Supplies,Fasteners,"OIC Push Pins, 12 Pack",14.34,1,0,5.85
ID-2015-CK1220597-42291,2015-10-14 00:00:00,CK-1220597,Chloris Kastensmidt,Consumer,Pakistan,Asia Pacific,Southern Asia,OFF-LA-4537,Office Supplies,Labels,"Harbour Creations Legal Exhibit Labels, 5000 Label Set",17.009999999999998,3,0.5,-9.54
ES-2015-SG20080120-42301,2015-10-24 00:00:00,SG-20080120,Sandra Glassco,Consumer,Spain,Europe,Southern Europe,OFF-AR-3539,Office Supplies,Art,"Boston Markers, Fluorescent",55.260000000000005,2,0,8.28
ES-2015-AS1063045-42304,2015-10-27 00:00:00,AS-1063045,Ann Steele,Home Office,France,Europe,Western Europe,OFF-AR-6111,Office Supplies,Art,"Stanley Highlighters, Easy-Erase",74.85000000000001,5,0,26.85
MX-2015-SG2047031-42279,2015-10-02 00:00:00,SG-2047031,Sheri Gordon,Consumer,Cuba,LATAM,Caribbean,OFF-BI-4818,Office Supplies,Binders,"Ibico Binding Machine, Recycled",34.519999999999996,1,0,11.38
ES-2015-SC20305139-42306,2015-10-29 00:00:00,SC-20305139,Sean Christensen,Consumer,United Kingdom,Europe,Northern Europe,OFF-ST-5686,Office Supplies,Storage,"Rogers Box, Blue",47.94,2,0,0.8999999999999999
CA-2015-KH16510140-42306,2015-10-29 00:00:00,KH-165101402,Keith Herrera,Consumer,United States,USCA,Central US,TEC-AC-4874,Technology,Accessories,Imation 8gb Micro Traveldrive Usb 2.0 Flash Drive,24,2,0.2,-2.6999999999999993
CA-2015-KH16510140-42306,2015-10-29 00:00:00,KH-165101402,Keith Herrera,Consumer,United States,USCA,Central US,TEC-AC-5097,Technology,Accessories,Logitech Desktop MK120 Mouse and keyboard Combo,26.176000000000002,2,0.2,-3.272000000000002
ID-2015-DV1304559-42304,2015-10-27 00:00:00,DV-1304559,Darrin Van Huff,Corporate,Indonesia,Asia Pacific,Southeastern Asia,OFF-BI-2895,Office Supplies,Binders,"Acco Binder, Clear",24.252599999999997,2,0.17,1.7526000000000002
TU-2015-ED3885134-42292,2015-10-15 00:00:00,ED-3885134,Emily Ducich,Home Office,Turkey,Asia Pacific,Western Asia,OFF-ST-4285,Office Supplies,Storage,"Fellowes Shelving, Wire Frame",45.528,2,0.6,-21.67199999999999
ID-2015-HA1490592-42287,2015-10-10 00:00:00,HA-1490592,Helen Abelman,Consumer,New Zealand,Asia Pacific,Oceania,OFF-BI-4830,Office Supplies,Binders,"Ibico Index Tab, Economy",24.984,6,0.6,-8.855999999999995
CA-2015-KH16510140-42306,2015-10-29 00:00:00,KH-165101402,Keith Herrera,Consumer,United States,USCA,Central US,OFF-PA-6572,Office Supplies,Paper,Xerox 21,15.552000000000003,3,0.2,5.4432
IN-2015-DW1358558-42301,2015-10-24 00:00:00,DW-1358558,Dorothy Wardle,Corporate,India,Asia Pacific,Southern Asia,TEC-PH-3798,Technology,Phones,"Cisco Office Telephone, VoIP",161.10000000000002,2,0,14.46
SU-2015-BB990122-42279,2015-10-02 00:00:00,BB-990122,Barry Blumstein,Corporate,Sudan,Africa,North Africa,OFF-PA-5851,Office Supplies,Paper,"SanDisk Computer Printout Paper, 8.5 x 11",33.93,1,0,3.7199999999999998
ID-2015-DK133757-42284,2015-10-07 00:00:00,DK-133757,Dennis Kane,Consumer,Australia,Asia Pacific,Oceania,OFF-ST-4262,Office Supplies,Storage,"Fellowes Folders, Industrial",48.38399999999999,2,0.1,2.6640000000000015
MX-2015-AJ1078093-42308,2015-10-31 00:00:00,AJ-1078093,Anthony Jacobs,Corporate,Nicaragua,LATAM,Central America,FUR-FU-5739,Furniture,Furnishings,"Rubbermaid Stacking Tray, Black",50.4,3,0,4.0200000000000005
IN-2015-MG1768027-42281,2015-10-04 00:00:00,MG-1768027,Maureen Gastineau,Home Office,China,Asia Pacific,Eastern Asia,OFF-LA-4537,Office Supplies,Labels,"Harbour Creations Legal Exhibit Labels, 5000 Label Set",45.36,4,0,9.959999999999999
ID-2015-DK133757-42284,2015-10-07 00:00:00,DK-133757,Dennis Kane,Consumer,Australia,Asia Pacific,Oceania,OFF-BI-6370,Office Supplies,Binders,"Wilson Jones 3-Hole Punch, Durable",53.08200000000001,2,0.1,19.422
IN-2015-DK1289578-42298,2015-10-21 00:00:00,DK-1289578,Dana Kaydos,Consumer,Malaysia,Asia Pacific,Southeastern Asia,OFF-SU-4978,Office Supplies,Supplies,"Kleencut Letter Opener, Easy Grip",86.03999999999999,3,0,30.96
ES-2015-PC1874564-42282,2015-10-05 00:00:00,PC-1874564,Pamela Coakley,Corporate,Italy,Europe,Southern Europe,OFF-EN-4910,Office Supplies,Envelopes,"Jiffy Interoffice Envelope, Recycled",45.24,1,0,12.21
MX-2015-EB13870141-42297,2015-10-20 00:00:00,EB-13870141,Emily Burns,Consumer,Uruguay,LATAM,South America,OFF-PA-4176,Office Supplies,Paper,"Enermax Note Cards, Multicolor",43.52,2,0,10.440000000000001
IN-2015-BT1148559-42291,2015-10-14 00:00:00,BT-1148559,Brad Thomas,Home Office,Indonesia,Asia Pacific,Southeastern Asia,OFF-EN-4909,Office Supplies,Envelopes,"Jiffy Clasp Envelope, with clear poly window",51.1344,8,0.47000000000000003,-12.705599999999997
MX-2015-DK1309036-42294,2015-10-17 00:00:00,DK-1309036,Dave Kipp,Consumer,Dominican Republic,LATAM,Caribbean,OFF-AR-5920,Office Supplies,Art,"Sanford Markers, Water Color",56.38399999999999,4,0.2,3.5040000000000022
TU-2015-RR9525134-42280,2015-10-03 00:00:00,RR-9525134,Rick Reed,Corporate,Turkey,Asia Pacific,Western Asia,OFF-ST-4294,Office Supplies,Storage,"Fellowes Trays, Industrial",46.296,2,0.6,-41.72399999999999
TO-2015-AB600131-42299,2015-10-22 00:00:00,AB-600131,Ann Blume,Corporate,Togo,Africa,Western Africa,TEC-PH-5832,Technology,Phones,"Samsung Office Telephone, with Caller ID",65.22,1,0,15
IN-2015-SW2035058-42301,2015-10-24 00:00:00,SW-2035058,Sean Wendt,Home Office,India,Asia Pacific,Southern Asia,OFF-FA-5475,Office Supplies,Fasteners,"OIC Rubber Bands, 12 Pack",66,4,0,1.92
CA-2015-KH16630140-42279,2015-10-02 00:00:00,KH-166301402,Ken Heidel,Corporate,United States,USCA,Central US,OFF-AR-3963,Office Supplies,Art,Design Ebony Sketching Pencil,6.671999999999999,6,0.2,0.5004
US-2015-DW1319598-42280,2015-10-03 00:00:00,DW-1319598,David Wiener,Corporate,Panama,LATAM,Central America,OFF-BI-2899,Office Supplies,Binders,"Acco Binding Machine, Clear",60.660000000000004,3,0.4,-20.220000000000006
MO-2015-DP310586-42305,2015-10-28 00:00:00,DP-310586,Dave Poirier,Corporate,Morocco,Africa,North Africa,FUR-CH-4630,Furniture,Chairs,"Hon Chairmat, Adjustable",58.019999999999996,1,0,13.919999999999998
IN-2015-BT1148559-42291,2015-10-14 00:00:00,BT-1148559,Brad Thomas,Home Office,Indonesia,Asia Pacific,Southeastern Asia,OFF-PA-4170,Office Supplies,Paper,"Enermax Message Books, Recycled",23.7546,2,0.47000000000000003,-18.4254
MX-2015-DJ1351018-42285,2015-10-08 00:00:00,DJ-1351018,Don Jones,Corporate,Brazil,LATAM,South America,FUR-FU-4076,Furniture,Furnishings,"Eldon Light Bulb, Durable",29.639999999999997,2,0,5.6
IT-2015-SC20380124-42283,2015-10-06 00:00:00,SC-20380124,Shahid Collister,Consumer,Sweden,Europe,Northern Europe,OFF-ST-6231,Office Supplies,Storage,"Tenex Box, Wire Frame",31.139999999999997,4,0.5,-2.5799999999999983
US-2015-TB2135555-42287,2015-10-10 00:00:00,TB-2135555,Todd Boyes,Corporate,Honduras,LATAM,Central America,OFF-EN-3105,Office Supplies,Envelopes,"Ames Manila Envelope, Security-Tint",32.508,3,0.4,-13.572000000000003
MX-2015-SS20140143-42283,2015-10-06 00:00:00,SS-20140143,Saphhira Shifley,Corporate,Venezuela,LATAM,South America,OFF-AR-6107,Office Supplies,Art,"Stanley Canvas, Fluorescent",81.16799999999999,4,0.4,10.767999999999995
US-2015-KW1643598-42287,2015-10-10 00:00:00,KW-1643598,Katrina Willman,Consumer,Panama,LATAM,Central America,OFF-EN-5038,Office Supplies,Envelopes,"Kraft Manila Envelope, Security-Tint",46.224,4,0.4,-27.776000000000003
ES-2015-KB1660048-42283,2015-10-06 00:00:00,KB-1660048,Ken Brennan,Corporate,Germany,Europe,Western Europe,OFF-BI-3293,Office Supplies,Binders,"Avery Index Tab, Clear",28.95,5,0,7.800000000000001
MO-2015-JB592586-42301,2015-10-24 00:00:00,JB-592586,Joni Blumstein,Consumer,Morocco,Africa,North Africa,OFF-ST-6249,Office Supplies,Storage,"Tenex Folders, Blue",46.44,2,0,15.299999999999999
MX-2015-GZ1454582-42293,2015-10-16 00:00:00,GZ-1454582,George Zrebassa,Corporate,Mexico,LATAM,Central America,OFF-PA-4001,Office Supplies,Paper,"Eaton Message Books, Recycled",54.64,4,0,16.880000000000003
IZ-2015-PF912061-42286,2015-10-09 00:00:00,PF-912061,Peter Fuller,Consumer,Iraq,Asia Pacific,Western Asia,FUR-CH-5803,Furniture,Chairs,"SAFCO Steel Folding Chair, Set of Two",87.96000000000001,1,0,37.8
MX-2015-JH1582080-42299,2015-10-22 00:00:00,JH-1582080,John Huston,Consumer,Martinique,LATAM,Caribbean,OFF-LA-3320,Office Supplies,Labels,"Avery Shipping Labels, 5000 Label Set",48.959999999999994,6,0,2.4
IN-2015-BP112307-42278,2015-10-01 00:00:00,BP-112307,Benjamin Patterson,Consumer,Australia,Asia Pacific,Oceania,OFF-EN-3658,Office Supplies,Envelopes,"Cameo Clasp Envelope, Security-Tint",42.876000000000005,4,0.1,12.276
ES-2015-PF1912048-42285,2015-10-08 00:00:00,PF-1912048,Peter Fuller,Consumer,Germany,Europe,Western Europe,FUR-BO-3647,Furniture,Bookcases,"Bush Stackable Bookrack, Pine",50.412000000000006,1,0.6,-49.157999999999994
ES-2015-PF1912048-42285,2015-10-08 00:00:00,PF-1912048,Peter Fuller,Consumer,Germany,Europe,Western Europe,TEC-PH-5261,Technology,Phones,"Motorola Office Telephone, VoIP",107.77499999999999,3,0.5,-13.00500000000001
IN-2015-BE1145559-42305,2015-10-28 00:00:00,BE-1145559,Brad Eason,Home Office,Indonesia,Asia Pacific,Southeastern Asia,OFF-SU-4306,Office Supplies,Supplies,"Fiskars Box Cutter, Steel",37.01520000000001,2,0.47000000000000003,-4.924800000000001
ID-2015-RR193157-42307,2015-10-30 00:00:00,RR-193157,Ralph Ritter,Consumer,Australia,Asia Pacific,Oceania,OFF-EN-4451,Office Supplies,Envelopes,"GlobeWeis Peel and Seal, Recycled",90.85499999999999,5,0.1,37.30500000000001
US-2015-BM1178555-42300,2015-10-23 00:00:00,BM-1178555,Bryan Mills,Consumer,Honduras,LATAM,Central America,OFF-AR-3540,Office Supplies,Art,"Boston Markers, Water Color",59.1,5,0.4,-5.000000000000005
ES-2015-CC12370120-42290,2015-10-13 00:00:00,CC-12370120,Christopher Conant,Consumer,Spain,Europe,Southern Europe,OFF-AR-6122,Office Supplies,Art,"Stanley Pens, Easy-Erase",61.92,6,0,27.18
NI-2015-MG768095-42288,2015-10-11 00:00:00,MG-768095,Maureen Gastineau,Home Office,Nigeria,Africa,Western Africa,OFF-AR-6119,Office Supplies,Art,"Stanley Pencil Sharpener, Fluorescent",59.47200000000001,8,0.7,-75.408
MX-2015-MC1760536-42283,2015-10-06 00:00:00,MC-1760536,Matt Connell,Corporate,Dominican Republic,LATAM,Caribbean,OFF-PA-4463,Office Supplies,Paper,"Green Bar Cards & Envelopes, Premium",103.23200000000004,4,0.2,-20.68800000000001
ID-2015-MC1727592-42290,2015-10-13 00:00:00,MC-1727592,Marc Crier,Consumer,New Zealand,Asia Pacific,Oceania,OFF-LA-4637,Office Supplies,Labels,"Hon Color Coded Labels, 5000 Label Set",31.679999999999996,4,0.4,-4.320000000000004
MX-2015-PO1885082-42279,2015-10-02 00:00:00,PO-1885082,Patrick O'Brill,Consumer,Mexico,LATAM,Central America,OFF-EN-3658,Office Supplies,Envelopes,"Cameo Clasp Envelope, Security-Tint",39.7,5,0,5.1
IN-2015-AP1072058-42284,2015-10-07 00:00:00,AP-1072058,Anne Pryor,Home Office,India,Asia Pacific,Southern Asia,FUR-FU-4076,Furniture,Furnishings,"Eldon Light Bulb, Durable",66.69,3,0,29.97
ES-2015-NF1838545-42290,2015-10-13 00:00:00,NF-1838545,Natalie Fritzler,Consumer,France,Europe,Western Europe,OFF-AR-3447,Office Supplies,Art,"BIC Canvas, Blue",107.39999999999999,2,0,8.58
IN-2015-CM1238527-42306,2015-10-29 00:00:00,CM-1238527,Christopher Martinez,Consumer,China,Asia Pacific,Eastern Asia,OFF-BI-6376,Office Supplies,Binders,"Wilson Jones Binder Covers, Economy",89.52,8,0,35.76
US-2015-LP1709598-42291,2015-10-14 00:00:00,LP-1709598,Liz Preis,Consumer,Panama,LATAM,Central America,OFF-PA-5886,Office Supplies,Paper,"SanDisk Note Cards, Premium",35.784000000000006,3,0.4,2.9640000000000013
CA-2015-LW16825140-42281,2015-10-04 00:00:00,LW-168251402,Laurel Workman,Corporate,United States,USCA,Central US,OFF-AR-3837,Office Supplies,Art,Colorific Watercolor Pencils,20.64,5,0.2,2.3219999999999974
IN-2015-MC17575130-42278,2015-10-01 00:00:00,MC-17575130,Matt Collins,Consumer,Thailand,Asia Pacific,Southeastern Asia,OFF-FA-2948,Office Supplies,Fasteners,"Accos Push Pins, Assorted Sizes",44.40870000000001,7,0.47000000000000003,-35.3913
ID-2015-SB2018559-42295,2015-10-18 00:00:00,SB-2018559,Sarah Brown,Consumer,Indonesia,Asia Pacific,Southeastern Asia,OFF-EN-4434,Office Supplies,Envelopes,"GlobeWeis Business Envelopes, with clear poly window",33.1992,3,0.47000000000000003,-10.090800000000005
MX-2015-FP1432039-42279,2015-10-02 00:00:00,FP-1432039,Frank Preis,Consumer,El Salvador,LATAM,Central America,FUR-FU-6278,Furniture,Furnishings,"Tenex Stacking Tray, Erganomic",47.7,3,0,0.9
TZ-2015-CM1815129-42308,2015-10-31 00:00:00,CM-1815129,Candace McMahon,Corporate,Tanzania,Africa,Eastern Africa,OFF-BI-4803,Office Supplies,Binders,"Ibico 3-Hole Punch, Clear",29.910000000000004,1,0,11.94
IN-2015-SW2075558-42295,2015-10-18 00:00:00,SW-2075558,Steven Ward,Corporate,India,Asia Pacific,Southern Asia,OFF-PA-4470,Office Supplies,Paper,"Green Bar Memo Slips, 8.5 x 11",63.269999999999996,3,0,31.589999999999996
MX-2015-MC1759082-42299,2015-10-22 00:00:00,MC-1759082,Matt Collister,Corporate,Mexico,LATAM,Central America,OFF-EN-5028,Office Supplies,Envelopes,"Kraft Clasp Envelope, with clear poly window",25.08,3,0,2.22
MX-2015-DL1349539-42305,2015-10-28 00:00:00,DL-1349539,Dionis Lloyd,Corporate,El Salvador,LATAM,Central America,OFF-AR-5925,Office Supplies,Art,"Sanford Pens, Easy-Erase",15.160000000000002,2,0,2.2399999999999998
ID-2015-NL1831059-42283,2015-10-06 00:00:00,NL-1831059,Nancy Lomonaco,Home Office,Indonesia,Asia Pacific,Southeastern Asia,OFF-PA-5885,Office Supplies,Paper,"SanDisk Note Cards, Multicolor",35.997600000000006,2,0.47000000000000003,-16.982400000000002
MX-2015-CM1183028-42298,2015-10-21 00:00:00,CM-1183028,Cari MacIntyre,Corporate,Colombia,LATAM,South America,OFF-AR-3481,Office Supplies,Art,"Binney & Smith Highlighters, Blue",55.29999999999999,5,0,9.9
AO-2015-EP39154-42294,2015-10-17 00:00:00,EP-39154,Emily Phan,Consumer,Angola,Africa,Central Africa,OFF-BI-2917,Office Supplies,Binders,"Acco Index Tab, Clear",34.32,4,0,5.4
MX-2015-KT16465141-42301,2015-10-24 00:00:00,KT-16465141,Kean Takahito,Consumer,Uruguay,LATAM,South America,TEC-AC-5863,Technology,Accessories,"SanDisk Flash Drive, USB",79.49999999999997,3,0,1.56
IN-2015-PF1922592-42283,2015-10-06 00:00:00,PF-1922592,Phillip Flathmann,Consumer,New Zealand,Asia Pacific,Oceania,OFF-PA-4473,Office Supplies,Paper,"Green Bar Memo Slips, Recycled",67.44,4,0,21.48
MX-2015-PB1880555-42297,2015-10-20 00:00:00,PB-1880555,Patrick Bzostek,Home Office,Honduras,LATAM,Central America,OFF-PA-6622,Office Supplies,Paper,"Xerox Parchment Paper, Multicolor",23.471999999999998,4,0.4,-11.008000000000001
IN-2015-GK1462092-42294,2015-10-17 00:00:00,GK-1462092,Grace Kelly,Corporate,New Zealand,Asia Pacific,Oceania,OFF-BI-4814,Office Supplies,Binders,"Ibico Binder, Recycled",31.679999999999996,2,0,12.299999999999999
PL-2015-LT7110103-42292,2015-10-15 00:00:00,LT-7110103,Liz Thompson,Consumer,Poland,Europe,Eastern Europe,FUR-CH-5759,Furniture,Chairs,"SAFCO Chairmat, Set of Two",62.07000000000001,1,0,23.580000000000002
TO-2015-AB600131-42299,2015-10-22 00:00:00,AB-600131,Ann Blume,Corporate,Togo,Africa,Western Africa,OFF-BI-3186,Office Supplies,Binders,"Avery 3-Hole Punch, Clear",27.330000000000005,1,0,3.54
US-2015-GB1457536-42299,2015-10-22 00:00:00,GB-1457536,Giulietta Baptist,Consumer,Dominican Republic,LATAM,Caribbean,FUR-CH-5756,Furniture,Chairs,"SAFCO Chairmat, Adjustable",66.464,2,0.2,-12.495999999999999
MX-2015-BH1171018-42299,2015-10-22 00:00:00,BH-1171018,Brosina Hoffman,Consumer,Brazil,LATAM,South America,OFF-LA-5375,Office Supplies,Labels,"Novimex Color Coded Labels, Adjustable",34.4,5,0,7.900000000000001
MX-2015-PB1880555-42297,2015-10-20 00:00:00,PB-1880555,Patrick Bzostek,Home Office,Honduras,LATAM,Central America,OFF-ST-4250,Office Supplies,Storage,"Fellowes Box, Blue",31.487999999999992,4,0.4,-1.0719999999999998
IN-2015-LM170657-42285,2015-10-08 00:00:00,LM-170657,Liz MacKendrick,Consumer,Australia,Asia Pacific,Oceania,OFF-BI-6377,Office Supplies,Binders,"Wilson Jones Binder Covers, Recycled",83.16,8,0.1,19.32
MX-2015-CM1183028-42298,2015-10-21 00:00:00,CM-1183028,Cari MacIntyre,Corporate,Colombia,LATAM,South America,OFF-FA-3057,Office Supplies,Fasteners,"Advantus Push Pins, Metal",48.50000000000001,5,0,15
US-2015-DW1319518-42280,2015-10-03 00:00:00,DW-1319518,David Wiener,Corporate,Brazil,LATAM,South America,OFF-BI-2899,Office Supplies,Binders,"Acco Binding Machine, Clear",40.440000000000005,3,0.6,-40.43999999999998
ES-2015-DK13225139-42279,2015-10-02 00:00:00,DK-13225139,Dean Katz,Corporate,United Kingdom,Europe,Northern Europe,OFF-PA-5879,Office Supplies,Paper,"SanDisk Message Books, Recycled",42.714,2,0.1,16.554
ID-2015-JC1534097-42299,2015-10-22 00:00:00,JC-1534097,Jasper Cacioppo,Consumer,Pakistan,Asia Pacific,Southern Asia,OFF-AR-3549,Office Supplies,Art,"Boston Pens, Water Color",69.60000000000001,8,0.5,-4.320000000000007
MX-2015-DW1358531-42287,2015-10-10 00:00:00,DW-1358531,Dorothy Wardle,Corporate,Cuba,LATAM,Caribbean,OFF-EN-4452,Office Supplies,Envelopes,"GlobeWeis Peel and Seal, Security-Tint",47.58,3,0,15.179999999999998
IN-2015-MG1769527-42299,2015-10-22 00:00:00,MG-1769527,Maureen Gnade,Consumer,China,Asia Pacific,Eastern Asia,OFF-BI-3721,Office Supplies,Binders,"Cardinal Binder, Durable",76.64999999999999,5,0,22.199999999999996
US-2015-PJ190155-42286,2015-10-09 00:00:00,PJ-190155,Pauline Johnson,Consumer,Argentina,LATAM,South America,OFF-BI-4817,Office Supplies,Binders,"Ibico Binding Machine, Economy",30.852000000000004,3,0.7,-32.92799999999999
MX-2015-KH1663082-42305,2015-10-28 00:00:00,KH-1663082,Ken Heidel,Corporate,Mexico,LATAM,Central America,OFF-BI-2891,Office Supplies,Binders,"Acco Binder Covers, Clear",34.08,4,0,15.280000000000001
IN-2015-BD1177058-42294,2015-10-17 00:00:00,BD-1177058,Bryan Davis,Consumer,India,Asia Pacific,Southern Asia,FUR-FU-4103,Furniture,Furnishings,"Eldon Stacking Tray, Durable",85.59,3,0,23.04
MO-2015-DP310586-42305,2015-10-28 00:00:00,DP-310586,Dave Poirier,Corporate,Morocco,Africa,North Africa,OFF-AR-5923,Office Supplies,Art,"Sanford Pencil Sharpener, Water Color",29.009999999999998,1,0,3.18
IN-2015-EB1370559-42294,2015-10-17 00:00:00,EB-1370559,Ed Braxton,Corporate,Indonesia,Asia Pacific,Southeastern Asia,OFF-PA-4468,Office Supplies,Paper,"Green Bar Computer Printout Paper, Premium",31.5456,2,0.47000000000000003,-0.014399999999998414
MX-2015-LS1724531-42285,2015-10-08 00:00:00,LS-1724531,Lynn Smith,Consumer,Cuba,LATAM,Caribbean,OFF-EN-4920,Office Supplies,Envelopes,"Jiffy Manila Envelope, Set of 50",34.68,2,0,14.2
IN-2015-DK1289559-42281,2015-10-04 00:00:00,DK-1289559,Dana Kaydos,Consumer,Indonesia,Asia Pacific,Southeastern Asia,OFF-AR-5910,Office Supplies,Art,"Sanford Highlighters, Blue",34.49249999999999,3,0.27,1.3725000000000005
IN-2015-TS2120527-42306,2015-10-29 00:00:00,TS-2120527,Thomas Seio,Corporate,China,Asia Pacific,Eastern Asia,OFF-AR-3466,Office Supplies,Art,"BIC Pens, Fluorescent",31.08,2,0,9
MX-2015-DL1333082-42305,2015-10-28 00:00:00,DL-1333082,Denise Leinenbach,Consumer,Mexico,LATAM,Central America,OFF-FA-5464,Office Supplies,Fasteners,"OIC Clamps, Bulk Pack",39.540000000000006,3,0,1.9200000000000004
MX-2015-DL1349539-42305,2015-10-28 00:00:00,DL-1349539,Dionis Lloyd,Corporate,El Salvador,LATAM,Central America,OFF-BI-3737,Office Supplies,Binders,"Cardinal Index Tab, Clear",33.88,7,0,15.540000000000003
ES-2015-BE1133545-42279,2015-10-02 00:00:00,BE-1133545,Bill Eplett,Home Office,France,Europe,Western Europe,OFF-AR-3492,Office Supplies,Art,"Binney & Smith Pencil Sharpener, Easy-Erase",83.78999999999999,3,0,9.18
US-2015-GR1456082-42302,2015-10-25 00:00:00,GR-1456082,Georgia Rosenberg,Corporate,Mexico,LATAM,Central America,OFF-LA-3322,Office Supplies,Labels,"Avery Shipping Labels, Alphabetical",15.559999999999999,2,0,1.8399999999999999
UP-2015-MM8280137-42298,2015-10-21 00:00:00,MM-8280137,Muhammed MacIntyre,Corporate,Ukraine,Europe,Eastern Europe,OFF-BI-3725,Office Supplies,Binders,"Cardinal Binding Machine, Durable",51.27000000000001,1,0,17.94
MX-2015-CB1241598-42299,2015-10-22 00:00:00,CB-1241598,Christy Brittain,Consumer,Panama,LATAM,Central America,FUR-BO-5745,Furniture,Bookcases,"Safco 3-Shelf Cabinet, Metal",67.32,1,0.4,-35.92
IN-2015-AG1027027-42304,2015-10-27 00:00:00,AG-1027027,Alejandro Grove,Consumer,China,Asia Pacific,Eastern Asia,OFF-LA-3310,Office Supplies,Labels,"Avery Removable Labels, 5000 Label Set",55.64999999999999,5,0,19.950000000000003
MX-2015-PO1885082-42279,2015-10-02 00:00:00,PO-1885082,Patrick O'Brill,Consumer,Mexico,LATAM,Central America,OFF-SU-6165,Office Supplies,Supplies,"Stiletto Letter Opener, Easy Grip",60,3,0,14.4
ID-2015-MC1727592-42290,2015-10-13 00:00:00,MC-1727592,Marc Crier,Consumer,New Zealand,Asia Pacific,Oceania,TEC-AC-5100,Technology,Accessories,"Logitech Flash Drive, Erganomic",33.984,2,0.4,2.2439999999999998
ID-2015-DV1304559-42304,2015-10-27 00:00:00,DV-1304559,Darrin Van Huff,Corporate,Indonesia,Asia Pacific,Southeastern Asia,OFF-BI-2897,Office Supplies,Binders,"Acco Binder, Economy",25.148999999999997,2,0.17,4.209
CA-2015-LO17170140-42306,2015-10-29 00:00:00,LO-171701406,Lori Olson,Corporate,United States,USCA,Eastern US,OFF-EN-5668,Office Supplies,Envelopes,"Recycled Interoffice Envelopes with String and Button Closure, 10 x 13",47.98,2,0,23.99
ES-2015-HZ1495045-42283,2015-10-06 00:00:00,HZ-1495045,Henia Zydlo,Consumer,France,Europe,Western Europe,OFF-BI-3248,Office Supplies,Binders,"Avery Binder Covers, Economy",33.21,3,0,10.26
MX-2015-JE1574518-42302,2015-10-25 00:00:00,JE-1574518,Joel Eaton,Consumer,Brazil,LATAM,South America,OFF-BI-4813,Office Supplies,Binders,"Ibico Binder, Economy",41.279999999999994,4,0,15.2
MX-2015-AJ1078082-42300,2015-10-23 00:00:00,AJ-1078082,Anthony Jacobs,Corporate,Mexico,LATAM,Central America,OFF-SU-2985,Office Supplies,Supplies,"Acme Ruler, High Speed",44.56000000000001,4,0,5.279999999999999
ID-2015-JR157007-42299,2015-10-22 00:00:00,JR-157007,Jocasta Rupert,Consumer,Australia,Asia Pacific,Oceania,OFF-EN-4437,Office Supplies,Envelopes,"GlobeWeis Clasp Envelope, Set of 50",26.729999999999997,3,0.1,-2.9699999999999998
ID-2015-JC1534097-42299,2015-10-22 00:00:00,JC-1534097,Jasper Cacioppo,Consumer,Pakistan,Asia Pacific,Southern Asia,OFF-AR-6116,Office Supplies,Art,"Stanley Markers, Fluorescent",35.19,3,0.5,-16.199999999999996
ID-2015-DJ1363059-42304,2015-10-27 00:00:00,DJ-1363059,Doug Jacobs,Consumer,Indonesia,Asia Pacific,Southeastern Asia,OFF-BI-4825,Office Supplies,Binders,"Ibico Hole Reinforcements, Economy",17.4051,3,0.17,-1.1349000000000005
ZA-2015-EH4125147-42307,2015-10-30 00:00:00,EH-4125147,Eugene Hildebrand,Home Office,Zimbabwe,Africa,Eastern Africa,OFF-ST-5705,Office Supplies,Storage,"Rogers Shelving, Blue",18.639000000000003,1,0.7,-40.400999999999996
ES-2015-DR12940120-42279,2015-10-02 00:00:00,DR-12940120,Daniel Raglin,Home Office,Spain,Europe,Southern Europe,OFF-SU-6168,Office Supplies,Supplies,"Stiletto Ruler, Easy Grip",49.5,3,0,20.25
SA-2015-BP1230110-42286,2015-10-09 00:00:00,BP-1230110,Benjamin Patterson,Consumer,Saudi Arabia,Asia Pacific,Western Asia,OFF-EN-3662,Office Supplies,Envelopes,"Cameo Interoffice Envelope, Security-Tint",49.83,1,0,4.9799999999999995
IN-2015-BT1148559-42291,2015-10-14 00:00:00,BT-1148559,Brad Thomas,Home Office,Indonesia,Asia Pacific,Southeastern Asia,OFF-BI-4809,Office Supplies,Binders,"Ibico Binder Covers, Economy",22.658999999999995,2,0.17,2.6790000000000003
CA-2015-MC17275140-42293,2015-10-16 00:00:00,MC-172751404,Marc Crier,Consumer,United States,USCA,Western US,OFF-LA-3196,Office Supplies,Labels,Avery 478,14.73,3,0,7.2177
ID-2015-KD1627059-42306,2015-10-29 00:00:00,KD-1627059,Karen Daniels,Consumer,Indonesia,Asia Pacific,Southeastern Asia,OFF-AR-3489,Office Supplies,Art,"Binney & Smith Markers, Easy-Erase",17.782799999999998,1,0.27,-5.1372
SA-2015-SV10785110-42294,2015-10-17 00:00:00,SV-10785110,Stewart Visinsky,Consumer,Saudi Arabia,Asia Pacific,Western Asia,OFF-SU-4120,Office Supplies,Supplies,"Elite Letter Opener, Easy Grip",54.599999999999994,2,0,2.16
MX-2015-AB1060082-42285,2015-10-08 00:00:00,AB-1060082,Ann Blume,Corporate,Mexico,LATAM,Central America,OFF-FA-3022,Office Supplies,Fasteners,"Advantus Clamps, Metal",38.82000000000001,3,0,3.0599999999999996
CA-2015-MB17305140-42287,2015-10-10 00:00:00,MB-173051402,Maria Bertelson,Consumer,United States,USCA,Central US,FUR-CH-4652,Furniture,Chairs,Hon Every-Day Chair Series Swivel Task Chairs,254.058,3,0.3,-32.66459999999999
CA-2015-MB17305140-42287,2015-10-10 00:00:00,MB-173051402,Maria Bertelson,Consumer,United States,USCA,Central US,OFF-AR-3614,Office Supplies,Art,Bulldog Vacuum Base Pencil Sharpener,67.144,7,0.2,5.875099999999996
SA-2015-LE6810110-42306,2015-10-29 00:00:00,LE-6810110,Laurel Elliston,Consumer,Saudi Arabia,Asia Pacific,Western Asia,FUR-CH-5371,Furniture,Chairs,"Novimex Chairmat, Black",53.91,1,0,11.850000000000001
EG-2015-RD966038-42283,2015-10-06 00:00:00,RD-966038,Robert Dilbeck,Home Office,Egypt,Africa,North Africa,TEC-MA-5020,Technology,Machines,"Konica Receipt Printer, White",120.66000000000003,1,0,41.01
US-2015-TS21655101-42285,2015-10-08 00:00:00,TS-21655101,Trudy Schmidt,Consumer,Peru,LATAM,South America,OFF-BI-4807,Office Supplies,Binders,"Ibico Binder Covers, Clear",26.220000000000006,5,0.4,-5.280000000000001
MX-2015-ES1402093-42293,2015-10-16 00:00:00,ES-1402093,Erica Smith,Consumer,Nicaragua,LATAM,Central America,OFF-PA-6617,Office Supplies,Paper,"Xerox Note Cards, 8.5 x 11",40.68,2,0,6.08
NI-2015-TB1152095-42289,2015-10-12 00:00:00,TB-1152095,Tracy Blumstein,Consumer,Nigeria,Africa,Western Africa,TEC-CO-3604,Technology,Copiers,"Brother Personal Copier, Color",43.299000000000014,1,0.7,-56.301
EG-2015-JP613538-42283,2015-10-06 00:00:00,JP-613538,Julie Prescott,Home Office,Egypt,Africa,North Africa,OFF-AR-5925,Office Supplies,Art,"Sanford Pens, Easy-Erase",11.370000000000001,1,0,2.61
MX-2015-TH2110082-42280,2015-10-03 00:00:00,TH-2110082,Thea Hendricks,Consumer,Mexico,LATAM,Central America,OFF-SU-4134,Office Supplies,Supplies,"Elite Shears, Steel",30.939999999999998,1,0,0
ES-2015-AI10855139-42284,2015-10-07 00:00:00,AI-10855139,Arianne Irving,Consumer,United Kingdom,Europe,Northern Europe,OFF-BI-3737,Office Supplies,Binders,"Cardinal Index Tab, Clear",33.599999999999994,5,0,14.1
US-2015-DB12910143-42284,2015-10-07 00:00:00,DB-12910143,Daniel Byrd,Home Office,Venezuela,LATAM,South America,OFF-BI-6385,Office Supplies,Binders,"Wilson Jones Binding Machine, Recycled",39.456,2,0.4,-21.704
ES-2015-EM14200139-42283,2015-10-06 00:00:00,EM-14200139,Evan Minnotte,Home Office,United Kingdom,Europe,Northern Europe,OFF-EN-5028,Office Supplies,Envelopes,"Kraft Clasp Envelope, with clear poly window",25.08,2,0,12
MX-2015-EB13870141-42297,2015-10-20 00:00:00,EB-13870141,Emily Burns,Consumer,Uruguay,LATAM,South America,OFF-BI-4830,Office Supplies,Binders,"Ibico Index Tab, Economy",48.580000000000005,7,0,4.34
CA-2015-MY17380140-42294,2015-10-17 00:00:00,MY-173801406,Maribeth Yedwab,Corporate,United States,USCA,Eastern US,FUR-FU-4236,Furniture,Furnishings,Executive Impressions Supervisor Wall Clock,547.3000000000001,13,0,175.13599999999997
MX-2015-LS1697531-42306,2015-10-29 00:00:00,LS-1697531,Lindsay Shagiari,Home Office,Cuba,LATAM,Caribbean,OFF-FA-3044,Office Supplies,Fasteners,"Advantus Paper Clips, Assorted Sizes",27.9,3,0,9.180000000000001
MX-2015-DB1312028-42285,2015-10-08 00:00:00,DB-1312028,David Bremer,Corporate,Colombia,LATAM,South America,OFF-LA-4695,Office Supplies,Labels,"Hon Shipping Labels, Alphabetical",14.919999999999998,2,0,1.64
CA-2015-ML17395140-42300,2015-10-23 00:00:00,ML-173951406,Marina Lichtenstein,Corporate,United States,USCA,Eastern US,OFF-EN-2854,Office Supplies,Envelopes,#6 3/4 Gummed Flap White Envelopes,31.680000000000003,4,0.2,11.087999999999997
CA-2015-ML17395140-42300,2015-10-23 00:00:00,ML-173951406,Marina Lichtenstein,Corporate,United States,USCA,Eastern US,TEC-PH-5085,Technology,Phones,"LF Elite 3D Dazzle Designer Hard Case Cover, Lf Stylus Pen and Wiper For Apple Iphone 5c Mini Lite",32.7,5,0.4,-6.539999999999999
IZ-2015-GM468061-42297,2015-10-20 00:00:00,GM-468061,Greg Matthias,Consumer,Iraq,Asia Pacific,Western Asia,OFF-BI-3718,Office Supplies,Binders,"Cardinal Binder Covers, Economy",24,2,0,0.96
MX-2015-SN2056018-42294,2015-10-17 00:00:00,SN-2056018,Skye Norling,Home Office,Brazil,LATAM,South America,OFF-PA-5893,Office Supplies,Paper,"SanDisk Parchment Paper, Recycled",77.56,7,0,28.559999999999995
CA-2015-MH17455140-42284,2015-10-07 00:00:00,MH-174551402,Mark Hamilton,Consumer,United States,USCA,Central US,OFF-ST-3015,Office Supplies,Storage,Adjustable Depth Letter/Legal Cart,290.336,2,0.2,32.66279999999995
MX-2015-EH1394582-42284,2015-10-07 00:00:00,EH-1394582,Eric Hoffmann,Consumer,Mexico,LATAM,Central America,OFF-LA-6030,Office Supplies,Labels,"Smead Color Coded Labels, Laser Printer Compatible",26.1,3,0,6.24
IN-2015-CR1282058-42294,2015-10-17 00:00:00,CR-1282058,Cyra Reiten,Home Office,India,Asia Pacific,Southern Asia,OFF-BI-6379,Office Supplies,Binders,"Wilson Jones Binder, Durable",58.08,4,0,16.799999999999997
CA-2015-MH17455140-42284,2015-10-07 00:00:00,MH-174551402,Mark Hamilton,Consumer,United States,USCA,Central US,OFF-FA-6129,Office Supplies,Fasteners,Staples,19.152,2,0.2,1.1969999999999992
MX-2015-KC1625518-42281,2015-10-04 00:00:00,KC-1625518,Karen Carlisle,Corporate,Brazil,LATAM,South America,OFF-SU-6163,Office Supplies,Supplies,"Stiletto Box Cutter, Steel",70.74000000000001,3,0,33.239999999999995
ID-2015-HA1490592-42287,2015-10-10 00:00:00,HA-1490592,Helen Abelman,Consumer,New Zealand,Asia Pacific,Oceania,OFF-EN-4905,Office Supplies,Envelopes,"Jiffy Business Envelopes, Set of 50",31.200000000000003,4,0.6,-32.04
PL-2015-MZ7515103-42291,2015-10-14 00:00:00,MZ-7515103,Mary Zewe,Corporate,Poland,Europe,Eastern Europe,OFF-AR-6120,Office Supplies,Art,"Stanley Pencil Sharpener, Water Color",25.049999999999997,1,0,1.5
MX-2015-NG1843082-42290,2015-10-13 00:00:00,NG-1843082,Nathan Gelder,Consumer,Mexico,LATAM,Central America,OFF-LA-4539,Office Supplies,Labels,"Harbour Creations Legal Exhibit Labels, Alphabetical",35.9,5,0,17.5
MX-2015-AR1051051-42293,2015-10-16 00:00:00,AR-1051051,Andrew Roberts,Consumer,Guatemala,LATAM,Central America,OFF-SU-2986,Office Supplies,Supplies,"Acme Ruler, Serrated",62.580000000000005,7,0,1.12
CA-2015-MO17500140-42297,2015-10-20 00:00:00,MO-175001402,Mary O'Rourke,Consumer,United States,USCA,Central US,FUR-TA-5061,Furniture,Tables,"Lesro Round Back Collection Coffee Table, End Table",91.275,1,0.5,-67.5435
US-2015-TT2107082-42304,2015-10-27 00:00:00,TT-2107082,Ted Trevino,Consumer,Mexico,LATAM,Central America,FUR-FU-6278,Furniture,Furnishings,"Tenex Stacking Tray, Erganomic",38.16,4,0.4,-24.240000000000002
MX-2015-AJ1078093-42308,2015-10-31 00:00:00,AJ-1078093,Anthony Jacobs,Corporate,Nicaragua,LATAM,Central America,OFF-PA-4481,Office Supplies,Paper,"Green Bar Parchment Paper, 8.5 x 11",27.76,2,0,13.88
TU-2015-BG1740134-42293,2015-10-16 00:00:00,BG-1740134,Bruce Geld,Consumer,Turkey,Asia Pacific,Western Asia,OFF-SU-4304,Office Supplies,Supplies,"Fiskars Box Cutter, High Speed",28.415999999999997,2,0.6,-17.784
ES-2015-SG20080120-42301,2015-10-24 00:00:00,SG-20080120,Sandra Glassco,Consumer,Spain,Europe,Southern Europe,OFF-LA-4538,Office Supplies,Labels,"Harbour Creations Legal Exhibit Labels, Adjustable",35.400000000000006,4,0,16.200000000000003
US-2015-RK1930036-42284,2015-10-07 00:00:00,RK-1930036,Ralph Kennedy,Consumer,Dominican Republic,LATAM,Caribbean,TEC-AC-5118,Technology,Accessories,"Logitech Keyboard, USB",155.00799999999998,4,0.2,-19.392
MX-2015-SG2047031-42279,2015-10-02 00:00:00,SG-2047031,Sheri Gordon,Consumer,Cuba,LATAM,Caribbean,OFF-FA-6195,Office Supplies,Fasteners,"Stockwell Push Pins, Bulk Pack",19.16,2,0,0.16
CA-2015-MA17560140-42298,2015-10-21 00:00:00,MA-175601406,Matt Abelman,Home Office,United States,USCA,Eastern US,OFF-PA-6436,Office Supplies,Paper,Xerox 1887,45.528,3,0.2,15.934799999999997
ID-2015-JC1534097-42299,2015-10-22 00:00:00,JC-1534097,Jasper Cacioppo,Consumer,Pakistan,Asia Pacific,Southern Asia,OFF-PA-5871,Office Supplies,Paper,"SanDisk Memo Slips, Recycled",33.78,4,0.5,-19.62
CA-2015-MA17560140-42297,2015-10-20 00:00:00,MA-175601402,Matt Abelman,Home Office,United States,USCA,Central US,OFF-FA-6129,Office Supplies,Fasteners,Staples,29.472,3,0.2,9.946799999999998
ES-2015-CV1229548-42297,2015-10-20 00:00:00,CV-1229548,Christina VanderZanden,Consumer,Germany,Europe,Western Europe,OFF-AR-6124,Office Supplies,Art,"Stanley Pens, Water Color",39.69,3,0,12.689999999999998
CA-2015-MA17560140-42305,2015-10-28 00:00:00,MA-175601402,Matt Abelman,Home Office,United States,USCA,Central US,TEC-PH-6093,Technology,Phones,Spigen Samsung Galaxy S5 Case Wallet,27.183999999999997,2,0.2,2.0387999999999984
CA-2015-MA17560140-42305,2015-10-28 00:00:00,MA-175601402,Matt Abelman,Home Office,United States,USCA,Central US,OFF-AR-5631,Office Supplies,Art,Prang Colored Pencils,7.055999999999999,3,0.2,2.205
IR-2015-JB540060-42287,2015-10-10 00:00:00,JB-540060,Jennifer Braxton,Corporate,Iran,Asia Pacific,Southern Asia,OFF-BI-4807,Office Supplies,Binders,"Ibico Binder Covers, Clear",26.22,2,0,1.7999999999999998
IN-2015-BF1100558-42290,2015-10-13 00:00:00,BF-1100558,Barry Franz,Home Office,India,Asia Pacific,Southern Asia,OFF-LA-4551,Office Supplies,Labels,"Harbour Creations Round Labels, Laser Printer Compatible",20.25,3,0,5.67
US-2015-AT10435143-42281,2015-10-04 00:00:00,AT-10435143,Alyssa Tate,Home Office,Venezuela,LATAM,South America,FUR-FU-4074,Furniture,Furnishings,"Eldon Light Bulb, Black",40.32,4,0.4,-7.44
US-2015-AB1015055-42300,2015-10-23 00:00:00,AB-1015055,Aimee Bixby,Consumer,Honduras,LATAM,Central America,OFF-FA-3072,Office Supplies,Fasteners,"Advantus Thumb Tacks, 12 Pack",36.456,7,0.4,-8.624
MX-2015-MB1808518-42283,2015-10-06 00:00:00,MB-1808518,Mick Brown,Consumer,Brazil,LATAM,South America,OFF-BI-2881,Office Supplies,Binders,"Acco 3-Hole Punch, Clear",39.44,2,0,6.68
MX-2015-DB1291018-42298,2015-10-21 00:00:00,DB-1291018,Daniel Byrd,Home Office,Brazil,LATAM,South America,OFF-PA-3999,Office Supplies,Paper,"Eaton Message Books, Multicolor",43.98,3,0,15.779999999999998
IN-2015-AF10885102-42286,2015-10-09 00:00:00,AF-10885102,Art Foster,Consumer,Philippines,Asia Pacific,Southeastern Asia,OFF-PA-4143,Office Supplies,Paper,"Enermax Cards & Envelopes, 8.5 x 11",28.182000000000006,1,0.45,1.511999999999997
CA-2015-MG17650140-42290,2015-10-13 00:00:00,MG-176501402,Matthew Grinstein,Home Office,United States,USCA,Central US,TEC-AC-5605,Technology,Accessories,Plantronics CS510 - Over-the-Head monaural Wireless Headset System,791.8799999999999,3,0.2,128.68049999999994
CA-2015-MG17650140-42290,2015-10-13 00:00:00,MG-176501402,Matthew Grinstein,Home Office,United States,USCA,Central US,TEC-PH-3821,Technology,Phones,Clarity 53712,369.544,7,0.2,27.71580000000003
ES-2015-SV20785139-42284,2015-10-07 00:00:00,SV-20785139,Stewart Visinsky,Consumer,United Kingdom,Europe,Northern Europe,OFF-AR-3454,Office Supplies,Art,"BIC Highlighters, Water Color",66.33,3,0,11.879999999999999
MX-2015-DL1349539-42305,2015-10-28 00:00:00,DL-1349539,Dionis Lloyd,Corporate,El Salvador,LATAM,Central America,OFF-BI-3738,Office Supplies,Binders,"Cardinal Index Tab, Durable",10.16,2,0,4.04
MX-2015-EH1394582-42284,2015-10-07 00:00:00,EH-1394582,Eric Hoffmann,Consumer,Mexico,LATAM,Central America,TEC-AC-5195,Technology,Accessories,"Memorex Flash Drive, Programmable",41.2,2,0,18.119999999999997
CA-2015-MG17650140-42290,2015-10-13 00:00:00,MG-176501402,Matthew Grinstein,Home Office,United States,USCA,Central US,OFF-PA-6552,Office Supplies,Paper,Xerox 1993,10.368000000000002,2,0.2,3.7584
MX-2015-JP1552031-42307,2015-10-30 00:00:00,JP-1552031,Jeremy Pistek,Consumer,Cuba,LATAM,Caribbean,FUR-FU-4074,Furniture,Furnishings,"Eldon Light Bulb, Black",33.6,2,0,9.72
TZ-2015-BM1785129-42285,2015-10-08 00:00:00,BM-1785129,Bryan Mills,Consumer,Tanzania,Africa,Eastern Africa,OFF-BI-2917,Office Supplies,Binders,"Acco Index Tab, Clear",8.58,1,0,1.35
MX-2015-NL1831031-42308,2015-10-31 00:00:00,NL-1831031,Nancy Lomonaco,Home Office,Cuba,LATAM,Caribbean,FUR-FU-4037,Furniture,Furnishings,"Eldon Clock, Erganomic",36.760000000000005,1,0,17.64
ES-2015-AI10855139-42284,2015-10-07 00:00:00,AI-10855139,Arianne Irving,Consumer,United Kingdom,Europe,Northern Europe,FUR-FU-6278,Furniture,Furnishings,"Tenex Stacking Tray, Erganomic",31.163999999999994,2,0.3,6.624000000000002
US-2015-NC18535143-42295,2015-10-18 00:00:00,NC-18535143,Nick Crebassa,Corporate,Venezuela,LATAM,South America,FUR-TA-3440,Furniture,Tables,"Bevis Wood Table, Fully Assembled",107.01599999999999,1,0.7,-196.20399999999995
MX-2015-AB100605-42293,2015-10-16 00:00:00,AB-100605,Adam Bellavance,Home Office,Argentina,LATAM,South America,OFF-LA-4688,Office Supplies,Labels,"Hon Round Labels, Laser Printer Compatible",13.319999999999999,5,0.4,0.4199999999999989
MX-2015-NP1868593-42307,2015-10-30 00:00:00,NP-1868593,Nora Pelletier,Home Office,Nicaragua,LATAM,Central America,OFF-EN-3657,Office Supplies,Envelopes,"Cameo Clasp Envelope, Recycled",22.16,4,0,9.28
ID-2015-JC1534097-42299,2015-10-22 00:00:00,JC-1534097,Jasper Cacioppo,Consumer,Pakistan,Asia Pacific,Southern Asia,OFF-EN-4445,Office Supplies,Envelopes,"GlobeWeis Mailers, Set of 50",38.55,2,0.5,-5.43
MO-2015-RE940586-42298,2015-10-21 00:00:00,RE-940586,Ricardo Emerson,Consumer,Morocco,Africa,North Africa,OFF-AR-6105,Office Supplies,Art,"Stanley Canvas, Blue",49.47,1,0,7.89
IN-2015-AF10885102-42286,2015-10-09 00:00:00,AF-10885102,Art Foster,Consumer,Philippines,Asia Pacific,Southeastern Asia,OFF-BI-6371,Office Supplies,Binders,"Wilson Jones 3-Hole Punch, Economy",47.583000000000006,2,0.15000000000000002,-0.5970000000000013
MX-2015-MT1781582-42306,2015-10-29 00:00:00,MT-1781582,Meg Tillman,Consumer,Mexico,LATAM,Central America,TEC-AC-5216,Technology,Accessories,"Memorex Mouse, Bluetooth",56.34000000000001,3,0,3.9
IN-2015-HJ1487578-42291,2015-10-14 00:00:00,HJ-1487578,Heather Jas,Home Office,Malaysia,Asia Pacific,Southeastern Asia,OFF-FA-6184,Office Supplies,Fasteners,"Stockwell Clamps, 12 Pack",37.32,2,0,2.94
MX-2015-SF2006518-42307,2015-10-30 00:00:00,SF-2006518,Sandra Flanagan,Consumer,Brazil,LATAM,South America,OFF-PA-6601,Office Supplies,Paper,"Xerox Cards & Envelopes, Multicolor",30.919999999999998,1,0,4
ID-2015-GH144107-42308,2015-10-31 00:00:00,GH-144107,Gary Hansen,Home Office,Australia,Asia Pacific,Oceania,OFF-LA-5382,Office Supplies,Labels,"Novimex File Folder Labels, 5000 Label Set",38.88,5,0.1,-0.1200000000000001
IN-2015-GH1466527-42302,2015-10-25 00:00:00,GH-1466527,Greg Hansen,Consumer,China,Asia Pacific,Eastern Asia,OFF-AR-3501,Office Supplies,Art,"Binney & Smith Sketch Pad, Fluorescent",47.58,1,0,13.32
MX-2015-MH1802582-42283,2015-10-06 00:00:00,MH-1802582,Michelle Huthwaite,Consumer,Mexico,LATAM,Central America,OFF-PA-6623,Office Supplies,Paper,"Xerox Parchment Paper, Premium",26.520000000000003,3,0,5.28
IT-2015-SC20800125-42308,2015-10-31 00:00:00,SC-20800125,Stuart Calhoun,Consumer,Switzerland,Europe,Western Europe,OFF-AR-5926,Office Supplies,Art,"Sanford Pens, Fluorescent",12.36,1,0,3.4499999999999997
MX-2015-BN1147018-42301,2015-10-24 00:00:00,BN-1147018,Brad Norvell,Corporate,Brazil,LATAM,South America,OFF-ST-4105,Office Supplies,Storage,"Eldon Trays, Blue",31.98,1,0,11.5
CA-2015-MD17860140-42299,2015-10-22 00:00:00,MD-178601402,Michael Dominguez,Corporate,United States,USCA,Central US,OFF-ST-5754,Office Supplies,Storage,SAFCO Boltless Steel Shelving,909.12,8,0,9.091199999999958
TU-2015-BG1740134-42293,2015-10-16 00:00:00,BG-1740134,Bruce Geld,Consumer,Turkey,Asia Pacific,Western Asia,FUR-FU-6271,Furniture,Furnishings,"Tenex Photo Frame, Erganomic",20.184,1,0.6,-29.286
IT-2015-GA1472545-42290,2015-10-13 00:00:00,GA-1472545,Guy Armstrong,Consumer,France,Europe,Western Europe,OFF-BI-4809,Office Supplies,Binders,"Ibico Binder Covers, Economy",13.649999999999999,1,0,1.8900000000000001
ES-2015-RD1972045-42307,2015-10-30 00:00:00,RD-1972045,Roger Demir,Consumer,France,Europe,Western Europe,OFF-EN-5042,Office Supplies,Envelopes,"Kraft Peel and Seal, Security-Tint",45.78,2,0,7.32
ES-2015-CV1229548-42297,2015-10-20 00:00:00,CV-1229548,Christina VanderZanden,Consumer,Germany,Europe,Western Europe,OFF-EN-3111,Office Supplies,Envelopes,"Ames Peel and Seal, with clear poly window",66.69,3,0,30.599999999999998
CG-2015-MS771033-42306,2015-10-29 00:00:00,MS-771033,Maurice Satty,Consumer,Democratic Republic of the Congo,Africa,Central Africa,OFF-ST-4105,Office Supplies,Storage,"Eldon Trays, Blue",47.97,1,0,8.61
MX-2015-AG1027082-42283,2015-10-06 00:00:00,AG-1027082,Alejandro Grove,Consumer,Mexico,LATAM,Central America,TEC-PH-5348,Technology,Phones,"Nokia Office Telephone, VoIP",86.96000000000001,2,0,22.6
IN-2015-BE113357-42302,2015-10-25 00:00:00,BE-113357,Bill Eplett,Home Office,Australia,Asia Pacific,Oceania,OFF-AR-3525,Office Supplies,Art,"Boston Canvas, Blue",48.276,1,0.1,15.006
MX-2015-EH1399080-42302,2015-10-25 00:00:00,EH-1399080,Erica Hackney,Consumer,Martinique,LATAM,Caribbean,OFF-FA-5477,Office Supplies,Fasteners,"OIC Rubber Bands, Bulk Pack",34.14,3,0,0.3
CA-2015-MP17965140-42297,2015-10-20 00:00:00,MP-179651406,Michael Paige,Corporate,United States,USCA,Eastern US,FUR-FU-6356,Furniture,Furnishings,"Westinghouse Mesh Shade Clip-On Gooseneck Lamp, Black",56.56,4,0,14.705600000000004
IN-2015-BG1169559-42301,2015-10-24 00:00:00,BG-1169559,Brooke Gillingham,Corporate,Indonesia,Asia Pacific,Southeastern Asia,OFF-EN-5044,Office Supplies,Envelopes,"Kraft Peel and Seal, with clear poly window",25.4718,2,0.47000000000000003,-0.5082000000000022
ID-2015-JP154607-42289,2015-10-12 00:00:00,JP-154607,Jennifer Patt,Corporate,Australia,Asia Pacific,Oceania,OFF-FA-5478,Office Supplies,Fasteners,"OIC Rubber Bands, Metal",30.942000000000004,2,0.1,-3.138000000000001
CA-2015-MP17965140-42297,2015-10-20 00:00:00,MP-179651406,Michael Paige,Corporate,United States,USCA,Eastern US,OFF-ST-3851,Office Supplies,Storage,Crate-A-Files,32.7,3,0,8.501999999999999
ID-2015-HA1490592-42287,2015-10-10 00:00:00,HA-1490592,Helen Abelman,Consumer,New Zealand,Asia Pacific,Oceania,OFF-LA-3297,Office Supplies,Labels,"Avery Legal Exhibit Labels, 5000 Label Set",18.768,4,0.6,-7.992000000000001
ES-2015-AR1051096-42307,2015-10-30 00:00:00,AR-1051096,Andrew Roberts,Consumer,Norway,Europe,Northern Europe,OFF-AR-6115,Office Supplies,Art,"Stanley Markers, Easy-Erase",44.94,2,0,0
MX-2015-ME1801039-42299,2015-10-22 00:00:00,ME-1801039,Michelle Ellison,Corporate,El Salvador,LATAM,Central America,OFF-ST-6231,Office Supplies,Storage,"Tenex Box, Wire Frame",31.139999999999997,3,0,4.319999999999999
ES-2015-AR1051096-42307,2015-10-30 00:00:00,AR-1051096,Andrew Roberts,Consumer,Norway,Europe,Northern Europe,OFF-LA-4640,Office Supplies,Labels,"Hon Color Coded Labels, Laser Printer Compatible",38.42999999999999,3,0,13.41
CA-2015-MH18025140-42291,2015-10-14 00:00:00,MH-180251408,Michelle Huthwaite,Consumer,United States,USCA,Southern US,FUR-TA-3562,Furniture,Tables,Bretford Rectangular Conference Table Tops,1504.52,4,0,346.03960000000006
CA-2015-MH18025140-42291,2015-10-14 00:00:00,MH-180251408,Michelle Huthwaite,Consumer,United States,USCA,Southern US,OFF-PA-6596,Office Supplies,Paper,Xerox 231,25.92,4,0,12.441600000000001
MX-2015-EB1375018-42279,2015-10-02 00:00:00,EB-1375018,Edward Becker,Corporate,Brazil,LATAM,South America,OFF-FA-6195,Office Supplies,Fasteners,"Stockwell Push Pins, Bulk Pack",18.64,2,0,8.2
CA-2015-MH802523-42307,2015-10-30 00:00:00,MH-802523,Michelle Huthwaite,Consumer,Canada,USCA,Canada,OFF-FA-3073,Office Supplies,Fasteners,"Advantus Thumb Tacks, Assorted Sizes",22.080000000000002,2,0,3.3000000000000003
CA-2015-MH18025140-42291,2015-10-14 00:00:00,MH-180251408,Michelle Huthwaite,Consumer,United States,USCA,Southern US,OFF-LA-3242,Office Supplies,Labels,Avery 52,11.07,3,0,5.2029
CA-2015-ML18040140-42290,2015-10-13 00:00:00,ML-180401404,Michelle Lonsdale,Corporate,United States,USCA,Western US,TEC-AC-6352,Technology,Accessories,WD My Passport Ultra 2TB Portable External Hard Drive,595,5,0,95.20000000000003
CA-2015-ML18040140-42290,2015-10-13 00:00:00,ML-180401404,Michelle Lonsdale,Corporate,United States,USCA,Western US,OFF-BI-4370,Office Supplies,Binders,GBC Twin Loop Wire Binding Elements,79.87200000000001,3,0.2,29.951999999999998
NI-2015-JF529595-42306,2015-10-29 00:00:00,JF-529595,Jason Fortune-,Consumer,Nigeria,Africa,Western Africa,TEC-MA-5572,Technology,Machines,"Panasonic Printer, Red",158.18400000000005,2,0.7,-290.0160000000001
CA-2015-MM18055140-42308,2015-10-31 00:00:00,MM-180551404,Michelle Moray,Consumer,United States,USCA,Western US,OFF-BI-4373,Office Supplies,Binders,"GBC Velobind Prepunched Cover Sets, Regency Series",88.752,3,0.2,27.734999999999996
TU-2015-RR9525134-42280,2015-10-03 00:00:00,RR-9525134,Rick Reed,Corporate,Turkey,Asia Pacific,Western Asia,OFF-PA-4462,Office Supplies,Paper,"Green Bar Cards & Envelopes, Multicolor",19.92,1,0.6,-23.910000000000004
CA-2015-MM18055140-42308,2015-10-31 00:00:00,MM-180551404,Michelle Moray,Consumer,United States,USCA,Western US,OFF-BI-3742,Office Supplies,Binders,Cardinal Slant-D Ring Binders,13.904,2,0.2,5.2139999999999995
CA-2015-MC18100140-42308,2015-10-31 00:00:00,MC-181001406,Mick Crebagga,Consumer,United States,USCA,Eastern US,TEC-AC-4300,Technology,Accessories,First Data FD10 PIN Pad,442.40000000000003,7,0.2,-55.30000000000007
CA-2015-MC18100140-42308,2015-10-31 00:00:00,MC-181001406,Mick Crebagga,Consumer,United States,USCA,Eastern US,OFF-PA-6596,Office Supplies,Paper,Xerox 231,20.736000000000004,4,0.2,7.2576
CA-2015-MC18100140-42308,2015-10-31 00:00:00,MC-181001406,Mick Crebagga,Consumer,United States,USCA,Eastern US,FUR-FU-6100,Furniture,Furnishings,"Stacking Tray, Side-Loading, Legal, Smoke",7.168000000000001,2,0.2,0.9855999999999994
CA-2015-MC18100140-42308,2015-10-31 00:00:00,MC-181001406,Mick Crebagga,Consumer,United States,USCA,Eastern US,OFF-ST-4093,Office Supplies,Storage,Eldon Shelf Savers Cubes and Bins,11.168000000000001,2,0.2,-2.512800000000001
ES-2015-TS2161045-42297,2015-10-20 00:00:00,TS-2161045,Troy Staebel,Consumer,France,Europe,Western Europe,OFF-FA-2950,Office Supplies,Fasteners,"Accos Push Pins, Metal",14.64,1,0,2.46
IN-2015-CS1249092-42292,2015-10-15 00:00:00,CS-1249092,Cindy Schnelling,Corporate,New Zealand,Asia Pacific,Oceania,OFF-SU-6160,Office Supplies,Supplies,"Stiletto Box Cutter, Easy Grip",37.589999999999996,1,0,11.25
CA-2015-MG18145140-42285,2015-10-08 00:00:00,MG-181451404,Mike Gockenbach,Consumer,United States,USCA,Western US,TEC-AC-5105,Technology,Accessories,Logitech G19 Programmable Gaming Keyboard,1115.9099999999999,9,0,200.8637999999999
IN-2015-HW149357-42288,2015-10-11 00:00:00,HW-149357,Helen Wasserman,Corporate,Australia,Asia Pacific,Oceania,OFF-SU-6166,Office Supplies,Supplies,"Stiletto Letter Opener, High Speed",25.002000000000006,1,0.1,5.532
IN-2015-HG1496558-42307,2015-10-30 00:00:00,HG-1496558,Henry Goldwyn,Corporate,India,Asia Pacific,Southern Asia,OFF-SU-2986,Office Supplies,Supplies,"Acme Ruler, Serrated",147.51,11,0,39.599999999999994
CA-2015-MG18145140-42285,2015-10-08 00:00:00,MG-181451404,Mike Gockenbach,Consumer,United States,USCA,Western US,TEC-PH-5255,Technology,Phones,Motorola HK250 Universal Bluetooth Headset,128.744,7,0.2,-28.96739999999999
MX-2015-NG1843018-42298,2015-10-21 00:00:00,NG-1843018,Nathan Gelder,Consumer,Brazil,LATAM,South America,OFF-LA-4657,Office Supplies,Labels,"Hon File Folder Labels, 5000 Label Set",12.040000000000001,2,0,3
CA-2015-MG18145140-42285,2015-10-08 00:00:00,MG-181451404,Mike Gockenbach,Consumer,United States,USCA,Western US,TEC-PH-6097,Technology,Phones,"Square Credit Card Reader, 4 1/2"" x 4 1/2"" x 1"", White",79.92000000000002,10,0.2,26.972999999999992
US-2015-GT1471055-42299,2015-10-22 00:00:00,GT-1471055,Greg Tran,Consumer,Honduras,LATAM,Central America,OFF-PA-6621,Office Supplies,Paper,"Xerox Parchment Paper, 8.5 x 11",20.88,3,0.4,-2.460000000000001
ES-2015-SM2032045-42293,2015-10-16 00:00:00,SM-2032045,Sean Miller,Home Office,France,Europe,Western Europe,OFF-BI-2895,Office Supplies,Binders,"Acco Binder, Clear",43.83,3,0,14.400000000000002
MX-2015-IG1508518-42306,2015-10-29 00:00:00,IG-1508518,Ivan Gibson,Consumer,Brazil,LATAM,South America,OFF-EN-5043,Office Supplies,Envelopes,"Kraft Peel and Seal, Set of 50",13.66,1,0,5.320000000000001
IT-2015-AM1070564-42297,2015-10-20 00:00:00,AM-1070564,Anne McFarland,Consumer,Italy,Europe,Southern Europe,OFF-ST-6023,Office Supplies,Storage,"Smead Box, Blue",32.31,5,0.4,-21.54
CA-2015-MP18175140-42283,2015-10-06 00:00:00,MP-181751404,Mike Pelletier,Home Office,United States,USCA,Western US,OFF-PA-6507,Office Supplies,Paper,Xerox 1951,61.96,2,0,27.881999999999998
CA-2015-MP18175140-42283,2015-10-06 00:00:00,MP-181751404,Mike Pelletier,Home Office,United States,USCA,Western US,OFF-BI-3277,Office Supplies,Binders,"Avery Framed View Binder, EZD Ring (Locking), Navy, 1 1/2""",39.92,5,0.2,13.472999999999999
CA-2015-MP18175140-42283,2015-10-06 00:00:00,MP-181751404,Mike Pelletier,Home Office,United States,USCA,Western US,OFF-BI-3288,Office Supplies,Binders,Avery Hole Reinforcements,19.936000000000003,4,0.2,7.2268
MX-2015-RD19585143-42284,2015-10-07 00:00:00,RD-19585143,Rob Dowd,Consumer,Venezuela,LATAM,South America,OFF-EN-5040,Office Supplies,Envelopes,"Kraft Manila Envelope, with clear poly window",24.023999999999997,2,0.4,3.184
US-2015-Dl1360055-42284,2015-10-07 00:00:00,Dl-1360055,Dorris liebe,Corporate,Honduras,LATAM,Central America,OFF-PA-5854,Office Supplies,Paper,"SanDisk Computer Printout Paper, Recycled",47.519999999999996,4,0.4,-20.64
ID-2015-AO10810102-42300,2015-10-23 00:00:00,AO-10810102,Anthony O'Donnell,Corporate,Philippines,Asia Pacific,Southeastern Asia,OFF-AR-3531,Office Supplies,Art,"Boston Highlighters, Blue",31.135499999999997,3,0.45,1.0755000000000088
IN-2015-BE1145559-42305,2015-10-28 00:00:00,BE-1145559,Brad Eason,Home Office,Indonesia,Asia Pacific,Southeastern Asia,OFF-PA-5870,Office Supplies,Paper,"SanDisk Memo Slips, Premium",35.997600000000006,4,0.47000000000000003,-8.882400000000004
MZ-2015-DP300087-42293,2015-10-16 00:00:00,DP-300087,Darren Powers,Consumer,Mozambique,Africa,Eastern Africa,OFF-BI-4805,Office Supplies,Binders,"Ibico 3-Hole Punch, Economy",30.450000000000003,1,0,15.21
ID-2015-KB164057-42283,2015-10-06 00:00:00,KB-164057,Katrina Bavinger,Home Office,Australia,Asia Pacific,Oceania,OFF-LA-3312,Office Supplies,Labels,"Avery Removable Labels, Alphabetical",12.672,2,0.4,-4.248000000000001
TO-2015-AB600131-42299,2015-10-22 00:00:00,AB-600131,Ann Blume,Corporate,Togo,Africa,Western Africa,OFF-ST-6250,Office Supplies,Storage,"Tenex Folders, Industrial",23.700000000000003,1,0,0
MX-2015-KN1639031-42307,2015-10-30 00:00:00,KN-1639031,Katherine Nockton,Corporate,Cuba,LATAM,Caribbean,OFF-EN-3655,Office Supplies,Envelopes,"Cameo Business Envelopes, Security-Tint",22.6,2,0,7.44
MX-2015-CD1279080-42293,2015-10-16 00:00:00,CD-1279080,Cynthia Delaney,Home Office,Martinique,LATAM,Caribbean,OFF-LA-6056,Office Supplies,Labels,"Smead Round Labels, Laser Printer Compatible",32.2,7,0,4.48
CA-2015-MM18280140-42284,2015-10-07 00:00:00,MM-182801406,Muhammed MacIntyre,Corporate,United States,USCA,Eastern US,OFF-PA-6443,Office Supplies,Paper,Xerox 1893,40.99,1,0,20.0851
MX-2015-JD1606039-42304,2015-10-27 00:00:00,JD-1606039,Julia Dunbar,Consumer,El Salvador,LATAM,Central America,OFF-FA-6204,Office Supplies,Fasteners,"Stockwell Staples, Metal",21.060000000000002,3,0,3.12
US-2015-MY18295140-42298,2015-10-21 00:00:00,MY-182951408,Muhammed Yedwab,Corporate,United States,USCA,Southern US,OFF-PA-4460,Office Supplies,Paper,Great White Multi-Use Recycled Paper (20Lb. and 84 Bright),14.352000000000002,3,0.2,4.484999999999999
ID-2015-AO10810102-42300,2015-10-23 00:00:00,AO-10810102,Anthony O'Donnell,Corporate,Philippines,Asia Pacific,Southeastern Asia,OFF-LA-4693,Office Supplies,Labels,"Hon Shipping Labels, 5000 Label Set",12.936,2,0.45,-5.904
US-2015-MY18295140-42298,2015-10-21 00:00:00,MY-182951408,Muhammed Yedwab,Corporate,United States,USCA,Southern US,TEC-PH-5581,Technology,Phones,PayAnywhere Card Reader,15.984000000000002,2,0.2,1.3986
IT-2015-GA1472545-42290,2015-10-13 00:00:00,GA-1472545,Guy Armstrong,Consumer,France,Europe,Western Europe,OFF-BI-3718,Office Supplies,Binders,"Cardinal Binder Covers, Economy",24,2,0,0.96
MO-2015-DP310586-42305,2015-10-28 00:00:00,DP-310586,Dave Poirier,Corporate,Morocco,Africa,North Africa,OFF-PA-3998,Office Supplies,Paper,"Eaton Message Books, 8.5 x 11",24.72,1,0,10.86
MX-2015-SC2057582-42279,2015-10-02 00:00:00,SC-2057582,Sonia Cooley,Consumer,Mexico,LATAM,Central America,OFF-LA-4658,Office Supplies,Labels,"Hon File Folder Labels, Adjustable",13.079999999999998,3,0,4.56
IT-2015-SF2096548-42280,2015-10-03 00:00:00,SF-2096548,Sylvia Foulston,Corporate,Germany,Europe,Western Europe,OFF-ST-4061,Office Supplies,Storage,"Eldon Folders, Industrial",15.714,1,0.1,-1.2360000000000002
ID-2015-DN1369059-42297,2015-10-20 00:00:00,DN-1369059,Duane Noonan,Consumer,Indonesia,Asia Pacific,Southeastern Asia,OFF-PA-5877,Office Supplies,Paper,"SanDisk Message Books, Multicolor",26.7438,2,0.47000000000000003,-22.2162
US-2015-ND18370140-42299,2015-10-22 00:00:00,ND-183701404,Natalie DeCherney,Consumer,United States,USCA,Western US,OFF-BI-5093,Office Supplies,Binders,Lock-Up Easel 'Spel-Binder',8.559000000000001,1,0.7,-6.5619
UP-2015-MM8280137-42298,2015-10-21 00:00:00,MM-8280137,Muhammed MacIntyre,Corporate,Ukraine,Europe,Eastern Europe,OFF-PA-4006,Office Supplies,Paper,"Eaton Parchment Paper, Multicolor",14.879999999999997,1,0,3.2700000000000005
ES-2015-NS1850545-42307,2015-10-30 00:00:00,NS-1850545,Neola Schneider,Consumer,France,Europe,Western Europe,OFF-ST-6041,Office Supplies,Storage,"Smead Folders, Wire Frame",29.808,2,0.1,-1.3319999999999999
NI-2015-SH997595-42305,2015-10-28 00:00:00,SH-997595,Sally Hughsby,Corporate,Nigeria,Africa,Western Africa,OFF-AR-5930,Office Supplies,Art,"Sanford Sketch Pad, Blue",13.644000000000004,1,0.7,-30.486
MX-2015-BE1133531-42290,2015-10-13 00:00:00,BE-1133531,Bill Eplett,Home Office,Cuba,LATAM,Caribbean,OFF-BI-3716,Office Supplies,Binders,"Cardinal Binder Covers, Clear",15.280000000000001,2,0,1.9600000000000002
CA-2015-NF18385140-42290,2015-10-13 00:00:00,NF-183851406,Natalie Fritzler,Consumer,United States,USCA,Eastern US,FUR-TA-3751,Furniture,Tables,"Chromcraft 48"" x 96"" Racetrack Double Pedestal Table",673.3439999999999,3,0.3,-76.9536
US-2015-DB1336055-42302,2015-10-25 00:00:00,DB-1336055,Dennis Bolton,Home Office,Honduras,LATAM,Central America,OFF-SU-4133,Office Supplies,Supplies,"Elite Shears, Serrated",17.483999999999998,1,0.4,-11.656
MX-2015-PO1885082-42279,2015-10-02 00:00:00,PO-1885082,Patrick O'Brill,Consumer,Mexico,LATAM,Central America,OFF-AR-3484,Office Supplies,Art,"Binney & Smith Highlighters, Water Color",13.180000000000001,1,0,1.3
SF-2015-LT7110117-42280,2015-10-03 00:00:00,LT-7110117,Liz Thompson,Consumer,South Africa,Africa,Southern Africa,OFF-LA-4533,Office Supplies,Labels,"Harbour Creations File Folder Labels, 5000 Label Set",18.240000000000002,2,0,3.96
ES-2015-GK1462048-42290,2015-10-13 00:00:00,GK-1462048,Grace Kelly,Corporate,Germany,Europe,Western Europe,OFF-BI-3291,Office Supplies,Binders,"Avery Hole Reinforcements, Economy",13.23,3,0,0
UP-2015-MF8250137-42307,2015-10-30 00:00:00,MF-8250137,Monica Federle,Corporate,Ukraine,Europe,Eastern Europe,OFF-BI-2917,Office Supplies,Binders,"Acco Index Tab, Clear",17.16,2,0,2.7
US-2015-EB1397518-42304,2015-10-27 00:00:00,EB-1397518,Erica Bern,Corporate,Brazil,LATAM,South America,OFF-AR-3545,Office Supplies,Art,"Boston Pencil Sharpener, Water Color",31.168000000000006,4,0.6,-16.432
CA-2015-NK18490140-42290,2015-10-13 00:00:00,NK-184901404,Neil Knudson,Home Office,United States,USCA,Western US,OFF-BI-3711,Office Supplies,Binders,Canvas Sectional Post Binders,101.84,5,0.2,36.917
CA-2015-NK18490140-42299,2015-10-22 00:00:00,NK-184901408,Neil Knudson,Home Office,United States,USCA,Southern US,OFF-AR-5308,Office Supplies,Art,Newell 33,17.856,4,0.2,2.0087999999999973
CA-2015-NK18490140-42290,2015-10-13 00:00:00,NK-184901404,Neil Knudson,Home Office,United States,USCA,Western US,TEC-AC-5179,Technology,Accessories,Maxell 4.7GB DVD-R 5/Pack,0.99,1,0,0.4356000000000001
CA-2015-NS18505140-42279,2015-10-02 00:00:00,NS-185051404,Neola Schneider,Consumer,United States,USCA,Western US,OFF-AP-3362,Office Supplies,Appliances,"Belkin 325VA UPS Surge Protector, 6'",241.96,2,0,60.49000000000001
CA-2015-NS18505140-42279,2015-10-02 00:00:00,NS-185051404,Neola Schneider,Consumer,United States,USCA,Western US,OFF-BI-6209,Office Supplies,Binders,Storex Dura Pro Binders,61.77600000000001,13,0.2,20.849399999999996
CA-2015-NS18505140-42279,2015-10-02 00:00:00,NS-185051404,Neola Schneider,Consumer,United States,USCA,Western US,FUR-CH-5230,Furniture,Chairs,"Metal Folding Chairs, Beige, 4/Carton",108.608,4,0.2,9.503199999999993
CA-2015-NS18505140-42279,2015-10-02 00:00:00,NS-185051404,Neola Schneider,Consumer,United States,USCA,Western US,OFF-BI-6391,Office Supplies,Binders,Wilson Jones Easy Flow II Sheet Lifters,1.4400000000000002,1,0.2,0.504
MX-2015-RD1990018-42280,2015-10-03 00:00:00,RD-1990018,Ruben Dartt,Consumer,Brazil,LATAM,South America,FUR-FU-5719,Furniture,Furnishings,"Rubbermaid Clock, Duo Pack",33.480000000000004,1,0,5.34
ID-2015-JC1534097-42299,2015-10-22 00:00:00,JC-1534097,Jasper Cacioppo,Consumer,Pakistan,Asia Pacific,Southern Asia,OFF-FA-5464,Office Supplies,Fasteners,"OIC Clamps, Bulk Pack",19.770000000000003,2,0.5,-9.930000000000003
AJ-2015-LW68259-42300,2015-10-23 00:00:00,LW-68259,Laurel Workman,Corporate,Azerbaijan,Asia Pacific,Western Asia,OFF-LA-5398,Office Supplies,Labels,"Novimex Round Labels, 5000 Label Set",13.319999999999999,2,0,6.24
US-2015-HA1490598-42291,2015-10-14 00:00:00,HA-1490598,Helen Abelman,Consumer,Panama,LATAM,Central America,OFF-LA-4542,Office Supplies,Labels,"Harbour Creations Removable Labels, Adjustable",25.776,6,0.4,-9.024
ES-2015-DW1358564-42305,2015-10-28 00:00:00,DW-1358564,Dorothy Wardle,Corporate,Italy,Europe,Southern Europe,OFF-BI-3738,Office Supplies,Binders,"Cardinal Index Tab, Durable",7.62,1,0,3.42
US-2015-NZ18565140-42284,2015-10-07 00:00:00,NZ-185651404,Nick Zandusky,Home Office,United States,USCA,Western US,OFF-AP-3845,Office Supplies,Appliances,"Conquest 14 Commercial Heavy-Duty Upright Vacuum, Collection System, Accessory Kit",227.84,4,0,66.07359999999997
US-2015-NZ18565140-42284,2015-10-07 00:00:00,NZ-185651404,Nick Zandusky,Home Office,United States,USCA,Western US,OFF-PA-3843,Office Supplies,Paper,Computer Printout Paper with Letter-Trim Perforations,37.94,2,0,18.211199999999998
ES-2015-SC2068048-42300,2015-10-23 00:00:00,SC-2068048,Steve Carroll,Home Office,Germany,Europe,Western Europe,OFF-BI-2896,Office Supplies,Binders,"Acco Binder, Durable",33.3,2,0,9.3
US-2015-NZ18565140-42284,2015-10-07 00:00:00,NZ-185651404,Nick Zandusky,Home Office,United States,USCA,Western US,FUR-FU-2864,Furniture,Furnishings,36X48 HARDFLOOR CHAIRMAT,41.96,2,0,2.937199999999997
MX-2015-LA1678051-42286,2015-10-09 00:00:00,LA-1678051,Laura Armstrong,Corporate,Guatemala,LATAM,Central America,OFF-LA-6037,Office Supplies,Labels,"Smead File Folder Labels, Laser Printer Compatible",17.76,3,0,8.16
MX-2015-AJ1078082-42300,2015-10-23 00:00:00,AJ-1078082,Anthony Jacobs,Corporate,Mexico,LATAM,Central America,OFF-LA-6052,Office Supplies,Labels,"Smead Removable Labels, Laser Printer Compatible",27.52,4,0,7.68
MX-2015-PB1880555-42297,2015-10-20 00:00:00,PB-1880555,Patrick Bzostek,Home Office,Honduras,LATAM,Central America,OFF-SU-4313,Office Supplies,Supplies,"Fiskars Ruler, Serrated",8.904,2,0.4,0.26399999999999935
SF-2015-RE9450117-42299,2015-10-22 00:00:00,RE-9450117,Richard Eichhorn,Consumer,South Africa,Africa,Southern Africa,OFF-SU-4980,Office Supplies,Supplies,"Kleencut Letter Opener, Steel",23.759999999999998,1,0,5.9399999999999995
NI-2015-SH997595-42305,2015-10-28 00:00:00,SH-997595,Sally Hughsby,Corporate,Nigeria,Africa,Western Africa,OFF-FA-6207,Office Supplies,Fasteners,"Stockwell Thumb Tacks, Bulk Pack",24.354,6,0.7,-31.805999999999994
IN-2015-JL1523558-42278,2015-10-01 00:00:00,JL-1523558,Janet Lee,Consumer,India,Asia Pacific,Southern Asia,OFF-FA-5485,Office Supplies,Fasteners,"OIC Thumb Tacks, Assorted Sizes",11.52,1,0,3.7800000000000002
MX-2015-KH16360101-42293,2015-10-16 00:00:00,KH-16360101,Katherine Hughes,Consumer,Peru,LATAM,South America,FUR-FU-5737,Furniture,Furnishings,"Rubbermaid Photo Frame, Durable",58.53599999999999,3,0.4,3.875999999999999
CA-2015-NB18655140-42305,2015-10-28 00:00:00,NB-186551408,Nona Balk,Corporate,United States,USCA,Southern US,OFF-FA-6129,Office Supplies,Fasteners,Staples,56.784,7,0.2,20.584200000000003
CA-2015-NB18655140-42305,2015-10-28 00:00:00,NB-186551408,Nona Balk,Corporate,United States,USCA,Southern US,OFF-AR-5698,Office Supplies,Art,Rogers Handheld Barrel Pencil Sharpener,6.5760000000000005,3,0.2,0.5754000000000006
CA-2015-NB18655140-42305,2015-10-28 00:00:00,NB-186551408,Nona Balk,Corporate,United States,USCA,Southern US,OFF-BI-3288,Office Supplies,Binders,Avery Hole Reinforcements,5.607000000000001,3,0.7,-3.9248999999999974
CA-2015-NP18670140-42290,2015-10-13 00:00:00,NP-186701406,Nora Paige,Consumer,United States,USCA,Eastern US,FUR-BO-4391,Furniture,Bookcases,"Global Adaptabilites Bookcase, Cherry/Storm Gray Finish",2154.9,5,0,129.29399999999987
CA-2015-NP18670140-42290,2015-10-13 00:00:00,NP-186701406,Nora Paige,Consumer,United States,USCA,Eastern US,TEC-AC-4874,Technology,Accessories,Imation 8gb Micro Traveldrive Usb 2.0 Flash Drive,45,3,0,4.950000000000001
CA-2015-NP18670140-42290,2015-10-13 00:00:00,NP-186701406,Nora Paige,Consumer,United States,USCA,Eastern US,FUR-FU-3922,Furniture,Furnishings,DAX Two-Tone Silver Metal Document Frame,40.48,2,0,17.4064
CA-2015-NP18670140-42290,2015-10-13 00:00:00,NP-186701406,Nora Paige,Consumer,United States,USCA,Eastern US,OFF-FA-5466,Office Supplies,Fasteners,"OIC Colored Binder Clips, Assorted Sizes",17.9,5,0,8.771
MX-2015-GZ1454582-42293,2015-10-16 00:00:00,GZ-1454582,George Zrebassa,Corporate,Mexico,LATAM,Central America,OFF-BI-3187,Office Supplies,Binders,"Avery 3-Hole Punch, Durable",39.16000000000001,2,0,10.959999999999999
US-2015-NP18685101-42283,2015-10-06 00:00:00,NP-18685101,Nora Pelletier,Home Office,Peru,LATAM,South America,OFF-BI-6403,Office Supplies,Binders,"Wilson Jones Index Tab, Durable",22.259999999999998,7,0.4,-6.720000000000003
IN-2015-CR1282058-42294,2015-10-17 00:00:00,CR-1282058,Cyra Reiten,Home Office,India,Asia Pacific,Southern Asia,TEC-PH-5838,Technology,Phones,"Samsung Signal Booster, with Caller ID",136.59,1,0,57.36
ES-2015-SN20560120-42298,2015-10-21 00:00:00,SN-20560120,Skye Norling,Home Office,Spain,Europe,Southern Europe,OFF-BI-3738,Office Supplies,Binders,"Cardinal Index Tab, Durable",7.62,1,0,3.42
ES-2015-SR2074045-42307,2015-10-30 00:00:00,SR-2074045,Steven Roelle,Home Office,France,Europe,Western Europe,OFF-PA-6610,Office Supplies,Paper,"Xerox Memo Slips, Multicolor",44.82000000000001,3,0,1.2600000000000002
CA-2015-OT18730140-42304,2015-10-27 00:00:00,OT-187301408,Olvera Toch,Consumer,United States,USCA,Southern US,FUR-TA-5066,Furniture,Tables,"Lesro Sheffield Collection Coffee Table, End Table, Center Table, Corner Table",356.85,5,0,60.66449999999996
CA-2015-OT18730140-42304,2015-10-27 00:00:00,OT-187301408,Olvera Toch,Consumer,United States,USCA,Southern US,OFF-EN-6324,Office Supplies,Envelopes,"Tyvek  Top-Opening Peel & Seel  Envelopes, Gray",251.57999999999998,7,0,113.21099999999998
TU-2015-DS3180134-42298,2015-10-21 00:00:00,DS-3180134,David Smith,Corporate,Turkey,Asia Pacific,Western Asia,OFF-LA-6034,Office Supplies,Labels,"Smead File Folder Labels, 5000 Label Set",7.416,2,0.6,-2.603999999999999
IN-2015-RD198107-42284,2015-10-07 00:00:00,RD-198107,Ross DeVincentis,Home Office,Australia,Asia Pacific,Oceania,OFF-BI-2893,Office Supplies,Binders,"Acco Binder Covers, Economy",59.94,5,0.1,3.240000000000001
CA-2015-PH18790140-42299,2015-10-22 00:00:00,PH-187901408,Patricia Hirasaki,Home Office,United States,USCA,Southern US,FUR-CH-4398,Furniture,Chairs,Global Commerce Series High-Back Swivel/Tilt Chairs,683.9520000000001,3,0.2,42.746999999999986
CA-2015-PH18790140-42299,2015-10-22 00:00:00,PH-187901408,Patricia Hirasaki,Home Office,United States,USCA,Southern US,FUR-FU-4048,Furniture,Furnishings,"Eldon Expressions Desk Accessory, Wood Photo Frame, Mahogany",45.696,3,0.2,5.140799999999992
IN-2015-AZ107507-42299,2015-10-22 00:00:00,AZ-107507,Annie Zypern,Consumer,Australia,Asia Pacific,Oceania,OFF-LA-4664,Office Supplies,Labels,"Hon Legal Exhibit Labels, Alphabetical",28.836,3,0.1,7.325999999999999
ES-2015-MW18220120-42301,2015-10-24 00:00:00,MW-18220120,Mitch Webber,Consumer,Spain,Europe,Southern Europe,OFF-BI-3293,Office Supplies,Binders,"Avery Index Tab, Clear",28.95,5,0,7.800000000000001
HU-2015-AT73557-42300,2015-10-23 00:00:00,AT-73557,Annie Thurman,Consumer,Hungary,Europe,Eastern Europe,OFF-BI-3724,Office Supplies,Binders,"Cardinal Binding Machine, Clear",98.46000000000002,2,0,39.36
CA-2015-PO18850140-42302,2015-10-25 00:00:00,PO-188501402,Patrick O'Brill,Consumer,United States,USCA,Central US,FUR-TA-4615,Furniture,Tables,Hon 2111 Invitation Series Straight Table,517.4050000000001,5,0.3,-81.30650000000003
ID-2015-JC1534097-42299,2015-10-22 00:00:00,JC-1534097,Jasper Cacioppo,Consumer,Pakistan,Asia Pacific,Southern Asia,OFF-BI-6400,Office Supplies,Binders,"Wilson Jones Hole Reinforcements, Recycled",12.225000000000001,5,0.5,-3.6750000000000007
CA-2015-PO18850140-42281,2015-10-04 00:00:00,PO-188501408,Patrick O'Brill,Consumer,United States,USCA,Southern US,OFF-AP-4734,Office Supplies,Appliances,Hoover Portapower Portable Vacuum,17.92,5,0.2,1.12
US-2015-KW1643598-42287,2015-10-10 00:00:00,KW-1643598,Katrina Willman,Consumer,Panama,LATAM,Central America,OFF-BI-6377,Office Supplies,Binders,"Wilson Jones Binder Covers, Recycled",18.479999999999997,4,0.4,-10.479999999999999
IN-2015-AA1064578-42290,2015-10-13 00:00:00,AA-1064578,Anna Andreadi,Consumer,Malaysia,Asia Pacific,Southeastern Asia,OFF-BI-2913,Office Supplies,Binders,"Acco Hole Reinforcements, Durable",8.16,1,0,1.9500000000000002
CA-2015-PO18850140-42281,2015-10-04 00:00:00,PO-188501408,Patrick O'Brill,Consumer,United States,USCA,Southern US,OFF-PA-6570,Office Supplies,Paper,Xerox 208,15.552000000000003,3,0.2,5.4432
ID-2015-DV1304559-42304,2015-10-27 00:00:00,DV-1304559,Darrin Van Huff,Corporate,Indonesia,Asia Pacific,Southeastern Asia,OFF-BI-3292,Office Supplies,Binders,"Avery Hole Reinforcements, Recycled",11.877300000000002,3,0.17,4.227299999999999
MX-2015-PO1885082-42279,2015-10-02 00:00:00,PO-1885082,Patrick O'Brill,Consumer,Mexico,LATAM,Central America,OFF-EN-3110,Office Supplies,Envelopes,"Ames Peel and Seal, Set of 50",24.919999999999998,2,0,0.24
TU-2015-BG1740134-42293,2015-10-16 00:00:00,BG-1740134,Bruce Geld,Consumer,Turkey,Asia Pacific,Western Asia,OFF-BI-4809,Office Supplies,Binders,"Ibico Binder Covers, Economy",21.84,4,0.6,-25.199999999999996
ID-2015-DJ1363059-42304,2015-10-27 00:00:00,DJ-1363059,Doug Jacobs,Consumer,Indonesia,Asia Pacific,Southeastern Asia,OFF-FA-3056,Office Supplies,Fasteners,"Advantus Push Pins, Bulk Pack",7.647900000000001,1,0.47000000000000003,-1.3221000000000007
ES-2015-GK1462048-42290,2015-10-13 00:00:00,GK-1462048,Grace Kelly,Corporate,Germany,Europe,Western Europe,OFF-AR-5911,Office Supplies,Art,"Sanford Highlighters, Easy-Erase",16.02,1,0,0.63
CA-2015-PG18895140-42304,2015-10-27 00:00:00,PG-188951402,Paul Gonzalez,Consumer,United States,USCA,Central US,TEC-AC-5148,Technology,Accessories,Logitech LS21 Speaker System - PC Multimedia - 2.1-CH - Wired,19.99,1,0,6.796599999999998
CA-2015-PG18895140-42304,2015-10-27 00:00:00,PG-188951402,Paul Gonzalez,Consumer,United States,USCA,Central US,OFF-LA-3233,Office Supplies,Labels,Avery 511,6.16,2,0,2.9568
TO-2015-AB600131-42299,2015-10-22 00:00:00,AB-600131,Ann Blume,Corporate,Togo,Africa,Western Africa,OFF-SU-6169,Office Supplies,Supplies,"Stiletto Ruler, High Speed",14.879999999999999,1,0,1.92
MO-2015-RE940586-42298,2015-10-21 00:00:00,RE-940586,Ricardo Emerson,Consumer,Morocco,Africa,North Africa,OFF-BI-3722,Office Supplies,Binders,"Cardinal Binder, Economy",13.829999999999998,1,0,5.1
IN-2015-CS1225078-42294,2015-10-17 00:00:00,CS-1225078,Chris Selesnick,Corporate,Malaysia,Asia Pacific,Southeastern Asia,OFF-BI-3290,Office Supplies,Binders,"Avery Hole Reinforcements, Durable",11.82,2,0,1.98
US-2015-PS18970140-42300,2015-10-23 00:00:00,PS-189701402,Paul Stevenson,Home Office,United States,USCA,Central US,OFF-AR-3971,Office Supplies,Art,Dixon Ticonderoga Core-Lock Colored Pencils,36.44,4,0,12.025199999999998
CA-2015-PS18970140-42282,2015-10-05 00:00:00,PS-189701406,Paul Stevenson,Home Office,United States,USCA,Eastern US,FUR-FU-2862,Furniture,Furnishings,24-Hour Round Wall Clock,19.98,1,0,8.591400000000002
CA-2015-PV18985140-42280,2015-10-03 00:00:00,PV-189851404,Paul Van Hugh,Home Office,United States,USCA,Western US,OFF-ST-6289,Office Supplies,Storage,Tennsco Double-Tier Lockers,1575.14,7,0,204.7682
CA-2015-PV18985140-42280,2015-10-03 00:00:00,PV-189851404,Paul Van Hugh,Home Office,United States,USCA,Western US,OFF-BI-5588,Office Supplies,Binders,"Performers Binder/Pad Holder, Black",112.12000000000002,5,0.2,42.045
US-2015-AB1015055-42300,2015-10-23 00:00:00,AB-1015055,Aimee Bixby,Consumer,Honduras,LATAM,Central America,FUR-FU-5732,Furniture,Furnishings,"Rubbermaid Light Bulb, Duo Pack",7.56,1,0.4,0.35999999999999943
MX-2015-JE1571536-42305,2015-10-28 00:00:00,JE-1571536,Joe Elijah,Consumer,Dominican Republic,LATAM,Caribbean,OFF-BI-4817,Office Supplies,Binders,"Ibico Binding Machine, Economy",82.272,3,0.2,18.491999999999997
IN-2015-AB100607-42288,2015-10-11 00:00:00,AB-100607,Adam Bellavance,Home Office,Australia,Asia Pacific,Oceania,OFF-PA-4159,Office Supplies,Paper,"Enermax Memo Slips, 8.5 x 11",11.88,1,0.4,0.5699999999999994
MX-2015-DO1343518-42305,2015-10-28 00:00:00,DO-1343518,Denny Ordway,Consumer,Brazil,LATAM,South America,OFF-BI-4823,Office Supplies,Binders,"Ibico Hole Reinforcements, Clear",8.6,2,0,3.6
IN-2015-MC17575130-42278,2015-10-01 00:00:00,MC-17575130,Matt Collins,Consumer,Thailand,Asia Pacific,Southeastern Asia,OFF-FA-6189,Office Supplies,Fasteners,"Stockwell Paper Clips, Assorted Sizes",36.0612,6,0.47000000000000003,-22.618800000000004
ID-2015-RR193157-42307,2015-10-30 00:00:00,RR-193157,Ralph Ritter,Consumer,Australia,Asia Pacific,Oceania,OFF-SU-4984,Office Supplies,Supplies,"Kleencut Ruler, Steel",11.664000000000001,1,0.1,1.404
MX-2015-CM1183028-42298,2015-10-21 00:00:00,CM-1183028,Cari MacIntyre,Corporate,Colombia,LATAM,South America,OFF-LA-3271,Office Supplies,Labels,"Avery File Folder Labels, 5000 Label Set",12.68,2,0,1.7600000000000002
MX-2015-RS1987082-42292,2015-10-15 00:00:00,RS-1987082,Roy Skaria,Home Office,Mexico,LATAM,Central America,OFF-EN-4452,Office Supplies,Envelopes,"GlobeWeis Peel and Seal, Security-Tint",31.72,2,0,10.12
MX-2015-IG1508518-42306,2015-10-29 00:00:00,IG-1508518,Ivan Gibson,Consumer,Brazil,LATAM,South America,OFF-ST-4028,Office Supplies,Storage,"Eldon Box, Blue",20.52,3,0,10.02
CA-2015-PT19090140-42298,2015-10-21 00:00:00,PT-190901408,Pete Takahito,Consumer,United States,USCA,Southern US,FUR-FU-3925,Furniture,Furnishings,DAX Wood Document Frame.,43.93600000000001,4,0.2,6.041199999999996
CA-2015-PT19090140-42298,2015-10-21 00:00:00,PT-190901408,Pete Takahito,Consumer,United States,USCA,Southern US,OFF-PA-5673,Office Supplies,Paper,"REDIFORM Incoming/Outgoing Call Register, 11"" X 8 1/2"", 100 Messages",6.672000000000001,1,0.2,2.502
CA-2015-PT19090140-42298,2015-10-21 00:00:00,PT-190901408,Pete Takahito,Consumer,United States,USCA,Southern US,OFF-AR-5632,Office Supplies,Art,Prang Drawing Pencil Set,4.4479999999999995,2,0.2,1.1119999999999999
CA-2015-PT19090140-42298,2015-10-21 00:00:00,PT-190901408,Pete Takahito,Consumer,United States,USCA,Southern US,OFF-ST-6426,Office Supplies,Storage,Woodgrain Magazine Files by Perma,4.768,2,0.2,-0.7748000000000006
IT-2015-TS21340139-42287,2015-10-10 00:00:00,TS-21340139,Toby Swindell,Consumer,United Kingdom,Europe,Northern Europe,OFF-FA-5484,Office Supplies,Fasteners,"OIC Thumb Tacks, 12 Pack",13.5,2,0.5,-2.6999999999999993
UP-2015-MF8250137-42307,2015-10-30 00:00:00,MF-8250137,Monica Federle,Corporate,Ukraine,Europe,Eastern Europe,OFF-ST-6228,Office Supplies,Storage,"Tenex Box, Blue",16.5,1,0,4.11
US-2015-PO19195140-42283,2015-10-06 00:00:00,PO-191951406,Phillina Ober,Home Office,United States,USCA,Eastern US,TEC-PH-5255,Technology,Phones,Motorola HK250 Universal Bluetooth Headset,160.92999999999998,7,0,3.2186000000000092
MX-2015-JH1582080-42299,2015-10-22 00:00:00,JH-1582080,John Huston,Consumer,Martinique,LATAM,Caribbean,OFF-BI-4828,Office Supplies,Binders,"Ibico Index Tab, Clear",29.7,5,0,0.5
US-2015-PO19195140-42283,2015-10-06 00:00:00,PO-191951406,Phillina Ober,Home Office,United States,USCA,Eastern US,OFF-BI-6322,Office Supplies,Binders,Tuf-Vin Binders,75.792,3,0.2,25.57979999999999
US-2015-DK1283555-42280,2015-10-03 00:00:00,DK-1283555,Damala Kotsonis,Corporate,Honduras,LATAM,Central America,OFF-FA-6201,Office Supplies,Fasteners,"Stockwell Staples, 12 Pack",8.184000000000001,2,0.4,-2.056
MX-2015-VP2173093-42293,2015-10-16 00:00:00,VP-2173093,Victor Preis,Home Office,Nicaragua,LATAM,Central America,OFF-BI-3291,Office Supplies,Binders,"Avery Hole Reinforcements, Economy",8.820000000000004,3,0,2.64
ES-2015-SG20080120-42301,2015-10-24 00:00:00,SG-20080120,Sandra Glassco,Consumer,Spain,Europe,Southern Europe,OFF-AR-5925,Office Supplies,Art,"Sanford Pens, Easy-Erase",56.85000000000001,5,0,13.049999999999999
MX-2015-SC2009593-42284,2015-10-07 00:00:00,SC-2009593,Sanjit Chand,Consumer,Nicaragua,LATAM,Central America,OFF-PA-6614,Office Supplies,Paper,"Xerox Message Books, Multicolor",29.04,2,0,5.2
US-2015-PJ190155-42286,2015-10-09 00:00:00,PJ-190155,Pauline Johnson,Consumer,Argentina,LATAM,South America,OFF-BI-4813,Office Supplies,Binders,"Ibico Binder, Economy",6.192,2,0.7,-6.847999999999996
CA-2015-RB19330140-42301,2015-10-24 00:00:00,RB-193301402,Randy Bradley,Consumer,United States,USCA,Central US,OFF-ST-3744,Office Supplies,Storage,"Carina 42""Hx23 3/4""W Media Storage Unit",259.136,4,0.2,-58.305599999999984
CA-2015-RB19330140-42301,2015-10-24 00:00:00,RB-193301402,Randy Bradley,Consumer,United States,USCA,Central US,TEC-AC-6351,Technology,Accessories,WD My Passport Ultra 1TB Portable External Hard Drive,55.2,1,0.2,-2.070000000000004
CA-2015-RB19330140-42301,2015-10-24 00:00:00,RB-193301402,Randy Bradley,Consumer,United States,USCA,Central US,OFF-BI-2908,Office Supplies,Binders,"Acco Flexible ACCOHIDE Square Ring Data Binder, Dark Blue, 11 1/2"" X 14"" 7/8""",9.761999999999997,3,0.8,-15.131100000000004
CA-2015-RB19330140-42301,2015-10-24 00:00:00,RB-193301402,Randy Bradley,Consumer,United States,USCA,Central US,OFF-ST-3059,Office Supplies,Storage,Advantus Rolling Storage Box,13.719999999999999,1,0.2,1.2005
EG-2015-EG390038-42280,2015-10-03 00:00:00,EG-390038,Emily Grady,Consumer,Egypt,Africa,North Africa,OFF-PA-6620,Office Supplies,Paper,"Xerox Note Cards, Recycled",26.28,1,0,5.25
MX-2015-SP2065028-42295,2015-10-18 00:00:00,SP-2065028,Stephanie Phelps,Corporate,Colombia,LATAM,South America,OFF-PA-4170,Office Supplies,Paper,"Enermax Message Books, Recycled",29.880000000000003,2,0,13.440000000000001
ES-2015-CP1208545-42300,2015-10-23 00:00:00,CP-1208545,Cathy Prescott,Corporate,France,Europe,Western Europe,OFF-BI-3737,Office Supplies,Binders,"Cardinal Index Tab, Clear",26.879999999999995,4,0,11.28
TU-2015-RR9525134-42280,2015-10-03 00:00:00,RR-9525134,Rick Reed,Corporate,Turkey,Asia Pacific,Western Asia,OFF-EN-4434,Office Supplies,Envelopes,"GlobeWeis Business Envelopes, with clear poly window",8.352,1,0.6,-6.2879999999999985
CA-2015-RS19420140-42293,2015-10-16 00:00:00,RS-194201406,Ricardo Sperren,Corporate,United States,USCA,Eastern US,OFF-LA-5591,Office Supplies,Labels,Permanent Self-Adhesive File Folder Labels for Typewriters by Universal,13.049999999999999,5,0,6.002999999999999
MX-2015-AG1027082-42283,2015-10-06 00:00:00,AG-1027082,Alejandro Grove,Consumer,Mexico,LATAM,Central America,OFF-SU-4988,Office Supplies,Supplies,"Kleencut Scissors, Steel",28.919999999999998,2,0,10.68
IN-2015-HJ1487578-42291,2015-10-14 00:00:00,HJ-1487578,Heather Jas,Home Office,Malaysia,Asia Pacific,Southeastern Asia,OFF-BI-4826,Office Supplies,Binders,"Ibico Hole Reinforcements, Recycled",22.05,3,0,7.92
MO-2015-JB592586-42301,2015-10-24 00:00:00,JB-592586,Joni Blumstein,Consumer,Morocco,Africa,North Africa,OFF-FA-2943,Office Supplies,Fasteners,"Accos Clamps, Metal",19.500000000000004,1,0,7.800000000000001
US-2015-EH141855-42302,2015-10-25 00:00:00,EH-141855,Evan Henry,Consumer,Argentina,LATAM,South America,OFF-SU-2979,Office Supplies,Supplies,"Acme Letter Opener, Serrated",21.528,2,0.4,-1.472
US-2015-DK1322555-42286,2015-10-09 00:00:00,DK-1322555,Dean Katz,Corporate,Honduras,LATAM,Central America,OFF-BI-6402,Office Supplies,Binders,"Wilson Jones Index Tab, Clear",7.091999999999999,3,0.4,-2.388
CA-2015-RB19465140-42298,2015-10-21 00:00:00,RB-194651406,Rick Bensley,Home Office,United States,USCA,Eastern US,OFF-LA-3196,Office Supplies,Labels,Avery 478,24.55,5,0,12.029499999999999
NI-2015-CR273095-42285,2015-10-08 00:00:00,CR-273095,Craig Reiter,Consumer,Nigeria,Africa,Western Africa,OFF-ST-5688,Office Supplies,Storage,"Rogers Box, Single Width",14.400000000000002,2,0.7,-27.839999999999996
IN-2015-KC1667527-42291,2015-10-14 00:00:00,KC-1667527,Kimberly Carter,Corporate,China,Asia Pacific,Eastern Asia,OFF-BI-3738,Office Supplies,Binders,"Cardinal Index Tab, Durable",22.86,3,0,7.469999999999999
MZ-2015-LA678087-42291,2015-10-14 00:00:00,LA-678087,Laura Armstrong,Corporate,Mozambique,Africa,Eastern Africa,OFF-LA-5391,Office Supplies,Labels,"Novimex Removable Labels, 5000 Label Set",9.870000000000001,1,0,4.0200000000000005
CA-2015-RD19480140-42297,2015-10-20 00:00:00,RD-194801402,Rick Duston,Consumer,United States,USCA,Central US,TEC-PH-5654,Technology,Phones,QVS USB Car Charger 2-Port 2.1Amp for iPod/iPhone/iPad/iPad 2/iPad 3,16.68,3,0.2,5.2125
MZ-2015-PS904587-42308,2015-10-31 00:00:00,PS-904587,Penelope Sewall,Home Office,Mozambique,Africa,Eastern Africa,OFF-AR-5917,Office Supplies,Art,"Sanford Markers, Blue",23.249999999999996,1,0,4.41
IN-2015-TC214757-42306,2015-10-29 00:00:00,TC-214757,Tony Chapman,Home Office,Australia,Asia Pacific,Oceania,OFF-EN-5022,Office Supplies,Envelopes,"Kraft Business Envelopes, Recycled",13.716000000000001,1,0.1,0.6059999999999999
TU-2015-BG1740134-42293,2015-10-16 00:00:00,BG-1740134,Bruce Geld,Consumer,Turkey,Asia Pacific,Western Asia,OFF-FA-6185,Office Supplies,Fasteners,"Stockwell Clamps, Assorted Sizes",13.032,2,0.6,-8.148
MX-2015-DK1309036-42294,2015-10-17 00:00:00,DK-1309036,Dave Kipp,Consumer,Dominican Republic,LATAM,Caribbean,OFF-LA-6045,Office Supplies,Labels,"Smead Legal Exhibit Labels, Laser Printer Compatible",5.919999999999999,1,0.2,-1.4799999999999998
TU-2015-JO5550134-42292,2015-10-15 00:00:00,JO-5550134,Jesus Ocampo,Home Office,Turkey,Asia Pacific,Western Asia,OFF-BI-3726,Office Supplies,Binders,"Cardinal Binding Machine, Economy",39.81600000000001,2,0.6,-31.884000000000015
US-2015-GB1457536-42299,2015-10-22 00:00:00,GB-1457536,Giulietta Baptist,Consumer,Dominican Republic,LATAM,Caribbean,OFF-BI-4813,Office Supplies,Binders,"Ibico Binder, Economy",24.768,3,0.2,5.208
HR-2015-DV304530-42301,2015-10-24 00:00:00,DV-304530,Darrin Van Huff,Corporate,Croatia,Europe,Southern Europe,OFF-FA-6189,Office Supplies,Fasteners,"Stockwell Paper Clips, Assorted Sizes",13.5,1,0,0.54
MX-2015-DW1358531-42287,2015-10-10 00:00:00,DW-1358531,Dorothy Wardle,Corporate,Cuba,LATAM,Caribbean,OFF-BI-4823,Office Supplies,Binders,"Ibico Hole Reinforcements, Clear",21.5,5,0,9
MX-2015-LS1720080-42294,2015-10-17 00:00:00,LS-1720080,Luke Schmidt,Corporate,Martinique,LATAM,Caribbean,OFF-FA-2959,Office Supplies,Fasteners,"Accos Thumb Tacks, 12 Pack",17.48,2,0,0
ES-2015-SU2066548-42298,2015-10-21 00:00:00,SU-2066548,Stephanie Ulpright,Home Office,Germany,Europe,Western Europe,OFF-BI-3722,Office Supplies,Binders,"Cardinal Binder, Economy",13.829999999999998,1,0,5.1
IN-2015-PW1903088-42304,2015-10-27 00:00:00,PW-1903088,Pauline Webber,Corporate,Myanmar (Burma),Asia Pacific,Southeastern Asia,FUR-FU-4077,Furniture,Furnishings,"Eldon Light Bulb, Erganomic",17.3886,1,0.27,3.318599999999999
SF-2015-RE9450117-42299,2015-10-22 00:00:00,RE-9450117,Richard Eichhorn,Consumer,South Africa,Africa,Southern Africa,OFF-AR-3548,Office Supplies,Art,"Boston Pens, Fluorescent",15.48,1,0,2.61
US-2015-GT1471055-42299,2015-10-22 00:00:00,GT-1471055,Greg Tran,Consumer,Honduras,LATAM,Central America,OFF-BI-3738,Office Supplies,Binders,"Cardinal Index Tab, Durable",12.191999999999998,4,0.4,-0.048000000000000397
MX-2015-DK1309036-42294,2015-10-17 00:00:00,DK-1309036,Dave Kipp,Consumer,Dominican Republic,LATAM,Caribbean,OFF-BI-6375,Office Supplies,Binders,"Wilson Jones Binder Covers, Durable",13.535999999999998,2,0.2,4.216
CA-2015-RW19630140-42280,2015-10-03 00:00:00,RW-196301406,Rob Williams,Corporate,United States,USCA,Eastern US,TEC-PH-5599,Technology,Phones,Plantronics 81402,65.99,1,0,17.157400000000003
SF-2015-LT7110117-42280,2015-10-03 00:00:00,LT-7110117,Liz Thompson,Consumer,South Africa,Africa,Southern Africa,OFF-ST-6025,Office Supplies,Storage,"Smead Box, Single Width",10.8,1,0,2.79
US-2015-TS21655101-42285,2015-10-08 00:00:00,TS-21655101,Trudy Schmidt,Consumer,Peru,LATAM,South America,OFF-BI-6380,Office Supplies,Binders,"Wilson Jones Binder, Economy",15.624,3,0.4,2.3039999999999994
US-2015-TS21655101-42285,2015-10-08 00:00:00,TS-21655101,Trudy Schmidt,Consumer,Peru,LATAM,South America,OFF-BI-3291,Office Supplies,Binders,"Avery Hole Reinforcements, Economy",7.056000000000002,4,0.4,-1.1840000000000017
MX-2015-JR1570093-42290,2015-10-13 00:00:00,JR-1570093,Jocasta Rupert,Consumer,Nicaragua,LATAM,Central America,OFF-FA-6194,Office Supplies,Fasteners,"Stockwell Push Pins, Assorted Sizes",22.860000000000003,3,0,6.839999999999999
CA-2015-RW19690140-42290,2015-10-13 00:00:00,RW-196901404,Robert Waldorf,Consumer,United States,USCA,Western US,TEC-AC-5858,Technology,Accessories,SanDisk Cruzer 64 GB USB Flash Drive,435.84000000000003,12,0,130.75199999999995
CA-2015-RW19690140-42290,2015-10-13 00:00:00,RW-196901404,Robert Waldorf,Consumer,United States,USCA,Western US,OFF-AR-5323,Office Supplies,Art,Newell 343,5.88,2,0,1.5876000000000001
MX-2015-RB1933082-42294,2015-10-17 00:00:00,RB-1933082,Randy Bradley,Consumer,Mexico,LATAM,Central America,OFF-BI-2912,Office Supplies,Binders,"Acco Hole Reinforcements, Clear",16.32,4,0,6.959999999999999
ID-2015-DB1306059-42299,2015-10-22 00:00:00,DB-1306059,Dave Brooks,Consumer,Indonesia,Asia Pacific,Southeastern Asia,OFF-LA-6028,Office Supplies,Labels,"Smead Color Coded Labels, Adjustable",11.607,2,0.47000000000000003,-4.653
ID-2015-TB215207-42286,2015-10-09 00:00:00,TB-215207,Tracy Blumstein,Consumer,Australia,Asia Pacific,Oceania,TEC-AC-5127,Technology,Accessories,"Logitech Mouse, Erganomic",24.381000000000004,1,0.1,-2.4390000000000005
CA-2015-RF19735140-42280,2015-10-03 00:00:00,RF-197351402,Roland Fjeld,Consumer,United States,USCA,Central US,FUR-FU-5419,Furniture,Furnishings,Nu-Dell Leatherette Frames,157.74,11,0,56.7864
CA-2015-RF19735140-42280,2015-10-03 00:00:00,RF-197351402,Roland Fjeld,Consumer,United States,USCA,Central US,OFF-BI-4344,Office Supplies,Binders,GBC Durable Plastic Covers,58.050000000000004,3,0,26.703
CA-2015-RF19735140-42280,2015-10-03 00:00:00,RF-197351402,Roland Fjeld,Consumer,United States,USCA,Central US,OFF-AR-3283,Office Supplies,Art,"Avery Hi-Liter EverBold Pen Style Fluorescent Highlighters, 4/Pack",56.980000000000004,7,0,22.792
CA-2015-RF19735140-42280,2015-10-03 00:00:00,RF-197351402,Roland Fjeld,Consumer,United States,USCA,Central US,OFF-BI-3264,Office Supplies,Binders,Avery Durable Binders,2.88,1,0,1.4112
CA-2015-RS19765140-42293,2015-10-16 00:00:00,RS-197651404,Roland Schwarz,Corporate,United States,USCA,Western US,FUR-TA-3620,Furniture,Tables,Bush Advantage Collection Round Conference Table,510.24,3,0.2,6.3779999999999575
CA-2015-RS19765140-42293,2015-10-16 00:00:00,RS-197651404,Roland Schwarz,Corporate,United States,USCA,Western US,OFF-PA-6471,Office Supplies,Paper,Xerox 1919,204.95000000000002,5,0,100.4255
ID-2015-RB1943559-42301,2015-10-24 00:00:00,RB-1943559,Richard Bierner,Consumer,Indonesia,Asia Pacific,Southeastern Asia,OFF-SU-4123,Office Supplies,Supplies,"Elite Ruler, Easy Grip",57.20819999999999,7,0.47000000000000003,-24.9018
ES-2015-TH2110048-42306,2015-10-29 00:00:00,TH-2110048,Thea Hendricks,Consumer,Germany,Europe,Western Europe,OFF-FA-5485,Office Supplies,Fasteners,"OIC Thumb Tacks, Assorted Sizes",46.08,4,0,18.36
IN-2015-CS1225078-42294,2015-10-17 00:00:00,CS-1225078,Chris Selesnick,Corporate,Malaysia,Asia Pacific,Southeastern Asia,OFF-EN-3676,Office Supplies,Envelopes,"Cameo Peel and Seal, with clear poly window",24.54,1,0,7.11
CA-2015-RB19795140-42283,2015-10-06 00:00:00,RB-197951404,Ross Baird,Home Office,United States,USCA,Western US,TEC-AC-5149,Technology,Accessories,Logitech MX Performance Wireless Mouse,63.824000000000005,2,0.2,13.562599999999998
CA-2015-RD19810140-42308,2015-10-31 00:00:00,RD-198101408,Ross DeVincentis,Home Office,United States,USCA,Southern US,OFF-ST-4068,Office Supplies,Storage,Eldon Gobal File Keepers,105.98,7,0,4.239199999999993
CA-2015-RD19810140-42308,2015-10-31 00:00:00,RD-198101408,Ross DeVincentis,Home Office,United States,USCA,Southern US,FUR-CH-5230,Furniture,Chairs,"Metal Folding Chairs, Beige, 4/Carton",33.94,1,0,9.163799999999998
CA-2015-RD19810140-42308,2015-10-31 00:00:00,RD-198101408,Ross DeVincentis,Home Office,United States,USCA,Southern US,OFF-LA-6021,Office Supplies,Labels,Smead Alpha-Z Color-Coded Name Labels First Letter Starter Set,30,8,0,14.399999999999999
CA-2015-RD19810140-42308,2015-10-31 00:00:00,RD-198101408,Ross DeVincentis,Home Office,United States,USCA,Southern US,OFF-SU-2963,Office Supplies,Supplies,"Acme 10"" Easy Grip Assistive Scissors",35.06,2,0,10.517999999999997
QA-2015-AR570105-42291,2015-10-14 00:00:00,AR-570105,Anemone Ratner,Consumer,Qatar,Asia Pacific,Western Asia,OFF-AR-3481,Office Supplies,Art,"Binney & Smith Highlighters, Blue",33.17999999999999,2,0,4.92
ID-2015-SM2032059-42296,2015-10-19 00:00:00,SM-2032059,Sean Miller,Home Office,Indonesia,Asia Pacific,Southeastern Asia,OFF-LA-4663,Office Supplies,Labels,"Hon Legal Exhibit Labels, Adjustable",9.2856,2,0.47000000000000003,-0.7344000000000008
ES-2015-SU2066548-42298,2015-10-21 00:00:00,SU-2066548,Stephanie Ulpright,Home Office,Germany,Europe,Western Europe,OFF-FA-2942,Office Supplies,Fasteners,"Accos Clamps, Bulk Pack",38.760000000000005,2,0,18.18
US-2015-KW1643598-42287,2015-10-10 00:00:00,KW-1643598,Katrina Willman,Consumer,Panama,LATAM,Central America,OFF-ST-6067,Office Supplies,Storage,"Smead Trays, Single Width",38.808,2,0.4,-1.9519999999999982
MX-2015-CL1270082-42306,2015-10-29 00:00:00,CL-1270082,Craig Leslie,Home Office,Mexico,LATAM,Central America,OFF-FA-6199,Office Supplies,Fasteners,"Stockwell Rubber Bands, Bulk Pack",22.04,2,0,7.92
US-2015-AT10435143-42281,2015-10-04 00:00:00,AT-10435143,Alyssa Tate,Home Office,Venezuela,LATAM,South America,OFF-LA-4540,Office Supplies,Labels,"Harbour Creations Legal Exhibit Labels, Laser Printer Compatible",17.52,4,0.4,-0.6400000000000006
US-2015-GT1471055-42299,2015-10-22 00:00:00,GT-1471055,Greg Tran,Consumer,Honduras,LATAM,Central America,OFF-ST-4294,Office Supplies,Storage,"Fellowes Trays, Industrial",23.147999999999996,1,0.4,-7.331999999999999
MX-2015-CK1276036-42283,2015-10-06 00:00:00,CK-1276036,Cyma Kinney,Corporate,Dominican Republic,LATAM,Caribbean,OFF-BI-2918,Office Supplies,Binders,"Acco Index Tab, Durable",9.536,2,0.2,0.21600000000000003
NI-2015-MG768095-42288,2015-10-11 00:00:00,MG-768095,Maureen Gastineau,Home Office,Nigeria,Africa,Western Africa,OFF-AR-6113,Office Supplies,Art,"Stanley Highlighters, Water Color",10.728000000000002,2,0.7,-12.911999999999995
US-2015-JM15250143-42297,2015-10-20 00:00:00,JM-15250143,Janet Martin,Consumer,Venezuela,LATAM,South America,OFF-PA-3999,Office Supplies,Paper,"Eaton Message Books, Multicolor",17.592,2,0.4,-1.2080000000000013
MX-2015-DJ1351018-42285,2015-10-08 00:00:00,DJ-1351018,Don Jones,Corporate,Brazil,LATAM,South America,OFF-BI-3247,Office Supplies,Binders,"Avery Binder Covers, Durable",25.139999999999997,3,0,9.3
CA-2015-RA19945140-42308,2015-10-31 00:00:00,RA-199451402,Ryan Akin,Consumer,United States,USCA,Central US,FUR-TA-3428,Furniture,Tables,"Bevis Round Conference Table Top, X-Base",251.00599999999997,2,0.3,-68.13019999999999
CA-2015-RA19945140-42308,2015-10-31 00:00:00,RA-199451402,Ryan Akin,Consumer,United States,USCA,Central US,OFF-ST-6627,Office Supplies,Storage,X-Rack File for Hanging Folders,54.192,6,0.2,4.064399999999997
CA-2015-RA19945140-42308,2015-10-31 00:00:00,RA-199451402,Ryan Akin,Consumer,United States,USCA,Central US,FUR-FU-3918,Furniture,Furnishings,"DAX Metal Frame, Desktop, Stepped-Edge",16.192,2,0.6,-8.500799999999998
ES-2015-GB1457591-42284,2015-10-07 00:00:00,GB-1457591,Giulietta Baptist,Consumer,Netherlands,Europe,Western Europe,OFF-FA-6203,Office Supplies,Fasteners,"Stockwell Staples, Bulk Pack",10.41,2,0.5,-1.8900000000000006
CA-2015-SH19975140-42305,2015-10-28 00:00:00,SH-199751402,Sally Hughsby,Corporate,United States,USCA,Central US,OFF-EN-2854,Office Supplies,Envelopes,#6 3/4 Gummed Flap White Envelopes,15.840000000000002,2,0.2,5.543999999999999
CA-2015-SH19975140-42305,2015-10-28 00:00:00,SH-199751402,Sally Hughsby,Corporate,United States,USCA,Central US,OFF-PA-6529,Office Supplies,Paper,Xerox 1972,8.448,2,0.2,2.6399999999999997
ID-2015-DM1334559-42279,2015-10-02 00:00:00,DM-1334559,Denise Monton,Corporate,Indonesia,Asia Pacific,Southeastern Asia,OFF-LA-4688,Office Supplies,Labels,"Hon Round Labels, Laser Printer Compatible",7.0596,2,0.47000000000000003,-3.9204
TU-2015-RR9525134-42280,2015-10-03 00:00:00,RR-9525134,Rick Reed,Corporate,Turkey,Asia Pacific,Western Asia,OFF-AR-3495,Office Supplies,Art,"Binney & Smith Pens, Blue",4.776000000000001,1,0.6,-2.154000000000001
IV-2015-BP118529-42285,2015-10-08 00:00:00,BP-118529,Ben Peterman,Corporate,Cote d'Ivoire,Africa,Western Africa,OFF-AR-3490,Office Supplies,Art,"Binney & Smith Markers, Fluorescent",25.349999999999998,1,0,6.84
MX-2015-EH1399082-42291,2015-10-14 00:00:00,EH-1399082,Erica Hackney,Consumer,Mexico,LATAM,Central America,OFF-LA-5399,Office Supplies,Labels,"Novimex Round Labels, Adjustable",5.56,2,0,2.48
US-2015-SC20050140-42278,2015-10-01 00:00:00,SC-200501402,Sample Company A,Home Office,United States,USCA,Central US,OFF-BI-4348,Office Supplies,Binders,GBC Instant Report Kit,11.645999999999997,9,0.8,-17.469000000000005
US-2015-FW1439518-42306,2015-10-29 00:00:00,FW-1439518,Fred Wasserman,Corporate,Brazil,LATAM,South America,OFF-BI-6371,Office Supplies,Binders,"Wilson Jones 3-Hole Punch, Economy",7.464,1,0.6,-11.196
MX-2015-CC1267082-42280,2015-10-03 00:00:00,CC-1267082,Craig Carreira,Consumer,Mexico,LATAM,Central America,OFF-BI-6377,Office Supplies,Binders,"Wilson Jones Binder Covers, Recycled",23.099999999999994,3,0,1.38
ES-2015-GK1462048-42290,2015-10-13 00:00:00,GK-1462048,Grace Kelly,Corporate,Germany,Europe,Western Europe,OFF-BI-3249,Office Supplies,Binders,"Avery Binder Covers, Recycled",11.43,1,0,4.11
IN-2015-AT1073527-42292,2015-10-15 00:00:00,AT-1073527,Annie Thurman,Consumer,China,Asia Pacific,Eastern Asia,OFF-EN-5025,Office Supplies,Envelopes,"Kraft Clasp Envelope, Recycled",7.799999999999999,1,0,3.2700000000000005
TU-2015-BG1740134-42293,2015-10-16 00:00:00,BG-1740134,Bruce Geld,Consumer,Turkey,Asia Pacific,Western Asia,OFF-AR-3531,Office Supplies,Art,"Boston Highlighters, Blue",7.547999999999999,1,0.6,-6.611999999999997
US-2015-VP2173098-42301,2015-10-24 00:00:00,VP-2173098,Victor Preis,Home Office,Panama,LATAM,Central America,OFF-LA-4638,Office Supplies,Labels,"Hon Color Coded Labels, Adjustable",17.136,4,0.4,-11.424
ES-2015-GT1475564-42301,2015-10-24 00:00:00,GT-1475564,Guy Thornton,Consumer,Italy,Europe,Southern Europe,OFF-BI-2919,Office Supplies,Binders,"Acco Index Tab, Economy",20.16,2,0,9.24
RW-2015-LT7110109-42279,2015-10-02 00:00:00,LT-7110109,Liz Thompson,Consumer,Rwanda,Africa,Eastern Africa,OFF-LA-4543,Office Supplies,Labels,"Harbour Creations Removable Labels, Laser Printer Compatible",20.34,2,0,9.120000000000001
CA-2015-SS20140140-42295,2015-10-18 00:00:00,SS-201401406,Saphhira Shifley,Corporate,United States,USCA,Eastern US,OFF-ST-2860,Office Supplies,Storage,2300 Heavy-Duty Transfer File Systems by Perma,49.96,2,0,9.492399999999996
ID-2015-NP1867059-42307,2015-10-30 00:00:00,NP-1867059,Nora Paige,Consumer,Indonesia,Asia Pacific,Southeastern Asia,OFF-LA-4540,Office Supplies,Labels,"Harbour Creations Legal Exhibit Labels, Laser Printer Compatible",29.0175,5,0.47000000000000003,-9.982499999999996
CA-2015-SS20140140-42295,2015-10-18 00:00:00,SS-201401406,Saphhira Shifley,Corporate,United States,USCA,Eastern US,OFF-PA-6514,Office Supplies,Paper,Xerox 1958,12.96,2,0,6.2208000000000006
US-2015-NC18535143-42295,2015-10-18 00:00:00,NC-18535143,Nick Crebassa,Corporate,Venezuela,LATAM,South America,OFF-LA-6030,Office Supplies,Labels,"Smead Color Coded Labels, Laser Printer Compatible",5.22,1,0.4,-1.4000000000000004
CA-2015-SL20155140-42299,2015-10-22 00:00:00,SL-201551402,Sara Luxemburg,Home Office,United States,USCA,Central US,TEC-PH-5626,Technology,Phones,Polycom VVX 310 VoIP phone,1439.92,8,0,374.3792000000001
CA-2015-SL20155140-42299,2015-10-22 00:00:00,SL-201551402,Sara Luxemburg,Home Office,United States,USCA,Central US,FUR-TA-3412,Furniture,Tables,Bevis Boat-Shaped Conference Table,262.11,1,0,62.90639999999999
NI-2015-MG768095-42288,2015-10-11 00:00:00,MG-768095,Maureen Gastineau,Home Office,Nigeria,Africa,Western Africa,OFF-ST-5687,Office Supplies,Storage,"Rogers Box, Industrial",7.335000000000002,1,0.7,-17.115000000000002
US-2015-JK1562518-42295,2015-10-18 00:00:00,JK-1562518,Jim Karlsson,Consumer,Brazil,LATAM,South America,OFF-AR-6106,Office Supplies,Art,"Stanley Canvas, Easy-Erase",53.056,4,0.6,-43.824
MX-2015-AH1021036-42301,2015-10-24 00:00:00,AH-1021036,Alan Hwang,Consumer,Dominican Republic,LATAM,Caribbean,OFF-FA-2944,Office Supplies,Fasteners,"Accos Paper Clips, Assorted Sizes",6.128,1,0.2,-1.532
NI-2015-DK309095-42301,2015-10-24 00:00:00,DK-309095,Dave Kipp,Consumer,Nigeria,Africa,Western Africa,OFF-BI-3737,Office Supplies,Binders,"Cardinal Index Tab, Clear",16.128,8,0.7,-15.071999999999992
IZ-2015-PF912061-42286,2015-10-09 00:00:00,PF-912061,Peter Fuller,Consumer,Iraq,Asia Pacific,Western Asia,OFF-FA-2955,Office Supplies,Fasteners,"Accos Staples, 12 Pack",10.379999999999999,1,0,2.16
CA-2015-SW20245140-42288,2015-10-11 00:00:00,SW-202451402,Scot Wooten,Consumer,United States,USCA,Central US,FUR-CH-4641,Furniture,Chairs,Hon Comfortask Task/Swivel Chairs,239.358,3,0.3,-47.8716
NI-2015-SB1018595-42291,2015-10-14 00:00:00,SB-1018595,Sarah Brown,Consumer,Nigeria,Africa,Western Africa,OFF-FA-2957,Office Supplies,Fasteners,"Accos Staples, Bulk Pack",19.710000000000004,6,0.7,-32.85
NI-2015-SB1018595-42291,2015-10-14 00:00:00,SB-1018595,Sarah Brown,Consumer,Nigeria,Africa,Western Africa,OFF-EN-3097,Office Supplies,Envelopes,"Ames Interoffice Envelope, Security-Tint",14.256,1,0.7,-9.983999999999995
ES-2015-SU2066548-42298,2015-10-21 00:00:00,SU-2066548,Stephanie Ulpright,Home Office,Germany,Europe,Western Europe,OFF-BI-4829,Office Supplies,Binders,"Ibico Index Tab, Durable",18.54,2,0,8.100000000000001
CA-2015-SW1027523-42285,2015-10-08 00:00:00,SW-1027523,Scott Williamson,Consumer,Canada,USCA,Canada,FUR-CH-4702,Furniture,Chairs,"Hon Swivel Stool, Black",967.3200000000002,6,0,270.71999999999997
CA-2015-SW1027523-42285,2015-10-08 00:00:00,SW-1027523,Scott Williamson,Consumer,Canada,USCA,Canada,OFF-ST-6231,Office Supplies,Storage,"Tenex Box, Wire Frame",31.139999999999997,2,0,14.28
CA-2015-SW1027523-42285,2015-10-08 00:00:00,SW-1027523,Scott Williamson,Consumer,Canada,USCA,Canada,OFF-EN-3105,Office Supplies,Envelopes,"Ames Manila Envelope, Security-Tint",27.090000000000003,1,0,10.83
US-2015-DO1343518-42305,2015-10-28 00:00:00,DO-1343518,Denny Ordway,Consumer,Brazil,LATAM,South America,OFF-BI-4823,Office Supplies,Binders,"Ibico Hole Reinforcements, Clear",3.44,2,0.6,-1.56
TZ-2015-NH8610129-42298,2015-10-21 00:00:00,NH-8610129,Nicole Hansen,Corporate,Tanzania,Africa,Eastern Africa,OFF-LA-5388,Office Supplies,Labels,"Novimex Legal Exhibit Labels, Adjustable",8.370000000000001,1,0,0.5700000000000001
MX-2015-NG1843082-42290,2015-10-13 00:00:00,NG-1843082,Nathan Gelder,Consumer,Mexico,LATAM,Central America,OFF-LA-4538,Office Supplies,Labels,"Harbour Creations Legal Exhibit Labels, Adjustable",17.7,3,0,7.919999999999999
CA-2015-SM20320140-42290,2015-10-13 00:00:00,SM-203201408,Sean Miller,Home Office,United States,USCA,Southern US,OFF-PA-6547,Office Supplies,Paper,Xerox 1989,7.968000000000001,2,0.2,2.6892000000000005
CG-2015-SH1039533-42306,2015-10-29 00:00:00,SH-1039533,Shahid Hopkins,Consumer,Democratic Republic of the Congo,Africa,Central Africa,OFF-BI-3738,Office Supplies,Binders,"Cardinal Index Tab, Durable",7.62,1,0,3.42
MX-2015-JK1562518-42295,2015-10-18 00:00:00,JK-1562518,Jim Karlsson,Consumer,Brazil,LATAM,South America,OFF-FA-3022,Office Supplies,Fasteners,"Advantus Clamps, Metal",12.940000000000001,1,0,1.02
MX-2015-LD1700518-42283,2015-10-06 00:00:00,LD-1700518,Lisa DeCherney,Consumer,Brazil,LATAM,South America,OFF-BI-6400,Office Supplies,Binders,"Wilson Jones Hole Reinforcements, Recycled",16.3,5,0,4.4
MX-2015-JE1574555-42278,2015-10-01 00:00:00,JE-1574555,Joel Eaton,Consumer,Honduras,LATAM,Central America,TEC-CO-3706,Technology,Copiers,"Canon Personal Copier, Laser",113.81136,2,0.402,5.291359999999997
EG-2015-EG390038-42280,2015-10-03 00:00:00,EG-390038,Emily Grady,Consumer,Egypt,Africa,North Africa,OFF-BI-3294,Office Supplies,Binders,"Avery Index Tab, Durable",13.379999999999999,2,0,3.42
SA-2015-MP8175110-42279,2015-10-02 00:00:00,MP-8175110,Mike Pelletier,Home Office,Saudi Arabia,Asia Pacific,Western Asia,OFF-BI-4830,Office Supplies,Binders,"Ibico Index Tab, Economy",10.41,1,0,3.51
IN-2015-PB1915078-42302,2015-10-25 00:00:00,PB-1915078,Philip Brown,Consumer,Malaysia,Asia Pacific,Southeastern Asia,OFF-EN-3093,Office Supplies,Envelopes,"Ames Clasp Envelope, Set of 50",14.399999999999999,2,0,6.18
ID-2015-PS190457-42280,2015-10-03 00:00:00,PS-190457,Penelope Sewall,Home Office,Australia,Asia Pacific,Oceania,OFF-FA-6201,Office Supplies,Fasteners,"Stockwell Staples, 12 Pack",17.712,2,0.1,-0.4079999999999999
IN-2015-PB1915078-42302,2015-10-25 00:00:00,PB-1915078,Philip Brown,Consumer,Malaysia,Asia Pacific,Southeastern Asia,OFF-AR-6120,Office Supplies,Art,"Stanley Pencil Sharpener, Water Color",50.099999999999994,2,0,16.98
MX-2015-MC1784539-42299,2015-10-22 00:00:00,MC-1784539,Michael Chen,Consumer,El Salvador,LATAM,Central America,OFF-LA-5403,Office Supplies,Labels,"Novimex Shipping Labels, Adjustable",29.6,5,0,0.2
ES-2015-EM14200139-42283,2015-10-06 00:00:00,EM-14200139,Evan Minnotte,Home Office,United Kingdom,Europe,Northern Europe,OFF-SU-4313,Office Supplies,Supplies,"Fiskars Ruler, Serrated",11.129999999999999,1,0,4.11
TU-2015-SC10725134-42278,2015-10-01 00:00:00,SC-10725134,Steven Cartwright,Consumer,Turkey,Asia Pacific,Western Asia,OFF-BI-4830,Office Supplies,Binders,"Ibico Index Tab, Economy",8.328000000000001,2,0.6,-5.4719999999999995
CA-2015-SC20440140-42304,2015-10-27 00:00:00,SC-204401406,Shaun Chance,Corporate,United States,USCA,Eastern US,OFF-BI-5638,Office Supplies,Binders,"Premium Transparent Presentation Covers, No Pattern/Clear, 8 1/2"" x 11""",81.43800000000002,7,0.7,-65.15039999999999
CA-2015-SC20440140-42304,2015-10-27 00:00:00,SC-204401406,Shaun Chance,Corporate,United States,USCA,Eastern US,TEC-PH-3804,Technology,Phones,Cisco Small Business SPA 502G VoIP phone,61.541999999999994,1,0.4,-13.3341
US-2015-JK1562518-42295,2015-10-18 00:00:00,JK-1562518,Jim Karlsson,Consumer,Brazil,LATAM,South America,OFF-FA-3022,Office Supplies,Fasteners,"Advantus Clamps, Metal",5.176,1,0.6,-6.744
US-2015-BS1166555-42306,2015-10-29 00:00:00,BS-1166555,Brian Stugart,Consumer,Honduras,LATAM,Central America,OFF-BI-4824,Office Supplies,Binders,"Ibico Hole Reinforcements, Durable",10.187999999999999,3,0.4,-2.772
IN-2015-AS1004559-42293,2015-10-16 00:00:00,AS-1004559,Aaron Smayling,Corporate,Indonesia,Asia Pacific,Southeastern Asia,FUR-FU-5733,Furniture,Furnishings,"Rubbermaid Light Bulb, Durable",23.170199999999994,2,0.27,0.31020000000000003
IN-2015-JR1570058-42290,2015-10-13 00:00:00,JR-1570058,Jocasta Rupert,Consumer,India,Asia Pacific,Southern Asia,OFF-BI-3289,Office Supplies,Binders,"Avery Hole Reinforcements, Clear",7.74,2,0,3.66
NI-2015-MG768095-42288,2015-10-11 00:00:00,MG-768095,Maureen Gastineau,Home Office,Nigeria,Africa,Western Africa,OFF-FA-5476,Office Supplies,Fasteners,"OIC Rubber Bands, Assorted Sizes",8.712000000000002,2,0.7,-11.088
MO-2015-RE940586-42298,2015-10-21 00:00:00,RE-940586,Ricardo Emerson,Consumer,Morocco,Africa,North Africa,OFF-LA-6053,Office Supplies,Labels,"Smead Round Labels, 5000 Label Set",7.290000000000001,1,0,0.36
US-2015-KW1643598-42287,2015-10-10 00:00:00,KW-1643598,Katrina Willman,Consumer,Panama,LATAM,Central America,OFF-ST-6038,Office Supplies,Storage,"Smead Folders, Blue",13.991999999999999,2,0.4,-6.5680000000000005
US-2015-Dl1360055-42284,2015-10-07 00:00:00,Dl-1360055,Dorris liebe,Corporate,Honduras,LATAM,Central America,OFF-AR-3464,Office Supplies,Art,"BIC Pens, Blue",11.423999999999998,2,0.4,-7.456
AG-2015-DK32253-42304,2015-10-27 00:00:00,DK-32253,Dean Katz,Corporate,Algeria,Africa,North Africa,OFF-PA-3994,Office Supplies,Paper,"Eaton Memo Slips, 8.5 x 11",35.76,2,0,9.600000000000001
ZA-2015-EH4125147-42307,2015-10-30 00:00:00,EH-4125147,Eugene Hildebrand,Home Office,Zimbabwe,Africa,Eastern Africa,OFF-ST-6273,Office Supplies,Storage,"Tenex Shelving, Industrial",16.542,1,0.7,-28.128
ES-2015-PF1912048-42285,2015-10-08 00:00:00,PF-1912048,Peter Fuller,Consumer,Germany,Europe,Western Europe,OFF-LA-5392,Office Supplies,Labels,"Novimex Removable Labels, Adjustable",10.26,2,0.5,-8.219999999999999
MX-2015-FW143955-42306,2015-10-29 00:00:00,FW-143955,Fred Wasserman,Corporate,Argentina,LATAM,South America,OFF-BI-6371,Office Supplies,Binders,"Wilson Jones 3-Hole Punch, Economy",5.598000000000001,1,0.7,-13.061999999999998
NI-2015-MG768095-42288,2015-10-11 00:00:00,MG-768095,Maureen Gastineau,Home Office,Nigeria,Africa,Western Africa,OFF-LA-4695,Office Supplies,Labels,"Hon Shipping Labels, Alphabetical",6.714,2,0.7,-5.645999999999999
US-2015-RB1943555-42294,2015-10-17 00:00:00,RB-1943555,Richard Bierner,Consumer,Honduras,LATAM,Central America,OFF-LA-3312,Office Supplies,Labels,"Avery Removable Labels, Alphabetical",4.224,1,0.4,-0.7760000000000005
IN-2015-HG1496558-42307,2015-10-30 00:00:00,HG-1496558,Henry Goldwyn,Corporate,India,Asia Pacific,Southern Asia,OFF-SU-4984,Office Supplies,Supplies,"Kleencut Ruler, Steel",38.88,3,0,8.100000000000001
US-2015-AB1015055-42300,2015-10-23 00:00:00,AB-1015055,Aimee Bixby,Consumer,Honduras,LATAM,Central America,OFF-LA-6062,Office Supplies,Labels,"Smead Shipping Labels, Adjustable",19.02,5,0.4,-1.6799999999999997
IN-2015-DF1313558-42290,2015-10-13 00:00:00,DF-1313558,David Flashing,Consumer,India,Asia Pacific,Southern Asia,OFF-LA-6036,Office Supplies,Labels,"Smead File Folder Labels, Alphabetical",17.4,2,0,1.3800000000000001
NI-2015-SH997595-42305,2015-10-28 00:00:00,SH-997595,Sally Hughsby,Corporate,Nigeria,Africa,Western Africa,OFF-BI-4811,Office Supplies,Binders,"Ibico Binder, Clear",4.482,1,0.7,-9.137999999999998
IT-2015-TS21340139-42287,2015-10-10 00:00:00,TS-21340139,Toby Swindell,Consumer,United Kingdom,Europe,Northern Europe,OFF-EN-3654,Office Supplies,Envelopes,"Cameo Business Envelopes, Recycled",9.675,1,0.5,-7.575000000000001
NI-2015-TB1152095-42289,2015-10-12 00:00:00,TB-1152095,Tracy Blumstein,Consumer,Nigeria,Africa,Western Africa,OFF-LA-4540,Office Supplies,Labels,"Harbour Creations Legal Exhibit Labels, Laser Printer Compatible",13.14,4,0.7,-21.059999999999995
US-2015-EB1397518-42304,2015-10-27 00:00:00,EB-1397518,Erica Bern,Corporate,Brazil,LATAM,South America,OFF-AP-3860,Office Supplies,Appliances,"Cuisinart Coffee Grinder, Black",20.288,2,0.6,-23.351999999999997
ES-2015-Dp1324064-42279,2015-10-02 00:00:00,Dp-1324064,Dean percer,Home Office,Italy,Europe,Southern Europe,OFF-FA-6207,Office Supplies,Fasteners,"Stockwell Thumb Tacks, Bulk Pack",26.28,2,0,6.540000000000001
CA-2015-SC20695140-42280,2015-10-03 00:00:00,SC-206951402,Steve Chapman,Corporate,United States,USCA,Central US,OFF-AP-2886,Office Supplies,Appliances,Acco 6 Outlet Guardian Premium Plus Surge Suppressor,21.983999999999995,6,0.8,-56.05920000000001
CA-2015-SC20695140-42280,2015-10-03 00:00:00,SC-206951402,Steve Chapman,Corporate,United States,USCA,Central US,OFF-AP-4292,Office Supplies,Appliances,Fellowes Superior 10 Outlet Split Surge Protector,15.223999999999997,2,0.8,-38.82120000000001
CA-2015-SN20710140-42290,2015-10-13 00:00:00,SN-207101402,Steve Nguyen,Home Office,United States,USCA,Central US,FUR-CH-4423,Furniture,Chairs,"Global Stack Chair without Arms, Black",254.60399999999998,14,0.3,-18.185999999999993
ID-2015-SN20560118-42286,2015-10-09 00:00:00,SN-20560118,Skye Norling,Home Office,South Korea,Asia Pacific,Eastern Asia,OFF-LA-6051,Office Supplies,Labels,"Smead Removable Labels, Adjustable",21.78,4,0.5,-0.060000000000002274
IN-2015-AS1022588-42298,2015-10-21 00:00:00,AS-1022588,Alan Schoenberger,Corporate,Myanmar (Burma),Asia Pacific,Southeastern Asia,FUR-FU-3038,Furniture,Furnishings,"Advantus Light Bulb, Durable",49.931999999999995,4,0.27,-0.708000000000002
CA-2015-SW1075523-42299,2015-10-22 00:00:00,SW-1075523,Steven Ward,Corporate,Canada,USCA,Canada,TEC-PH-5247,Technology,Phones,"Motorola Audio Dock, Full Size",698.64,4,0,209.52
CA-2015-SW1075523-42299,2015-10-22 00:00:00,SW-1075523,Steven Ward,Corporate,Canada,USCA,Canada,TEC-AC-5863,Technology,Accessories,"SanDisk Flash Drive, USB",79.49999999999999,2,0,3.18
MO-2015-LD685586-42289,2015-10-12 00:00:00,LD-685586,Lela Donovan,Corporate,Morocco,Africa,North Africa,OFF-AR-3464,Office Supplies,Art,"BIC Pens, Blue",14.28,1,0,1.56
PL-2015-LT7110103-42292,2015-10-15 00:00:00,LT-7110103,Liz Thompson,Consumer,Poland,Europe,Eastern Europe,OFF-BI-3292,Office Supplies,Binders,"Avery Hole Reinforcements, Recycled",4.7700000000000005,1,0,2.04
MX-2015-CL1270082-42306,2015-10-29 00:00:00,CL-1270082,Craig Leslie,Home Office,Mexico,LATAM,Central America,OFF-BI-4830,Office Supplies,Binders,"Ibico Index Tab, Economy",13.88,2,0,1.24
CA-2015-SV20815140-42293,2015-10-16 00:00:00,SV-208151404,Stuart Van,Corporate,United States,USCA,Western US,OFF-AR-3287,Office Supplies,Art,Avery Hi-Liter Smear-Safe Highlighters,11.68,2,0,4.2048
TO-2015-AB600131-42299,2015-10-22 00:00:00,AB-600131,Ann Blume,Corporate,Togo,Africa,Western Africa,OFF-LA-6030,Office Supplies,Labels,"Smead Color Coded Labels, Laser Printer Compatible",13.049999999999999,1,0,6
CA-2015-SA20830140-42306,2015-10-29 00:00:00,SA-208301406,Sue Ann Reed,Consumer,United States,USCA,Eastern US,OFF-LA-3241,Office Supplies,Labels,Avery 519,21.93,3,0,10.307099999999998
CA-2015-SP20860140-42290,2015-10-13 00:00:00,SP-208601402,Sung Pak,Corporate,United States,USCA,Central US,TEC-AC-5145,Technology,Accessories,Logitech Wireless Touch Keyboard K400,39.984,2,0.2,-1.4994000000000067
TU-2015-RR9525134-42280,2015-10-03 00:00:00,RR-9525134,Rick Reed,Corporate,Turkey,Asia Pacific,Western Asia,OFF-AR-3496,Office Supplies,Art,"Binney & Smith Pens, Easy-Erase",4.884,1,0.6,-7.3260000000000005
TZ-2015-HE4800129-42308,2015-10-31 00:00:00,HE-4800129,Harold Engle,Corporate,Tanzania,Africa,Eastern Africa,OFF-EN-3110,Office Supplies,Envelopes,"Ames Peel and Seal, Set of 50",18.69,1,0,8.58
MX-2015-AJ1094582-42290,2015-10-13 00:00:00,AJ-1094582,Ashley Jarboe,Consumer,Mexico,LATAM,Central America,FUR-FU-6278,Furniture,Furnishings,"Tenex Stacking Tray, Erganomic",26.712,3,0.4,-6.288000000000002
CA-2015-SP20920140-42299,2015-10-22 00:00:00,SP-209201402,Susan Pistek,Consumer,United States,USCA,Central US,OFF-AP-3369,Office Supplies,Appliances,Belkin 8 Outlet SurgeMaster II Gold Surge Protector,23.991999999999994,2,0.8,-62.3792
MO-2015-RE940586-42298,2015-10-21 00:00:00,RE-940586,Ricardo Emerson,Consumer,Morocco,Africa,North Africa,OFF-BI-4808,Office Supplies,Binders,"Ibico Binder Covers, Durable",15.149999999999999,1,0,1.7999999999999998
US-2015-DP1310555-42305,2015-10-28 00:00:00,DP-1310555,Dave Poirier,Corporate,Honduras,LATAM,Central America,OFF-FA-3062,Office Supplies,Fasteners,"Advantus Rubber Bands, Bulk Pack",13.272,2,0.4,-6.008000000000001
US-2015-HA1490598-42291,2015-10-14 00:00:00,HA-1490598,Helen Abelman,Consumer,Panama,LATAM,Central America,OFF-BI-4805,Office Supplies,Binders,"Ibico 3-Hole Punch, Economy",24.36,2,0.4,-5.7200000000000015
ID-2015-PP189557-42306,2015-10-29 00:00:00,PP-189557,Paul Prost,Home Office,Australia,Asia Pacific,Oceania,OFF-BI-6399,Office Supplies,Binders,"Wilson Jones Hole Reinforcements, Economy",5.436000000000001,2,0.4,0.21599999999999886
CA-2015-TW21025140-42305,2015-10-28 00:00:00,TW-210251404,Tamara Willingham,Home Office,United States,USCA,Western US,OFF-PA-6431,Office Supplies,Paper,Xerox 1882,44.784,1,0.2,16.2342
US-2015-TN21040140-42279,2015-10-02 00:00:00,TN-210401404,Tanja Norvell,Home Office,United States,USCA,Western US,TEC-AC-6073,Technology,Accessories,Sony 32GB Class 10 Micro SDHC R40 Memory Card,104.75,5,0,21.9975
US-2015-BD117705-42293,2015-10-16 00:00:00,BD-117705,Bryan Davis,Consumer,Argentina,LATAM,South America,OFF-LA-4554,Office Supplies,Labels,"Harbour Creations Shipping Labels, Alphabetical",27.071999999999996,6,0.4,-14.448000000000002
US-2015-SC2057518-42279,2015-10-02 00:00:00,SC-2057518,Sonia Cooley,Consumer,Brazil,LATAM,South America,OFF-LA-4658,Office Supplies,Labels,"Hon File Folder Labels, Adjustable",5.231999999999999,3,0.6,-3.2879999999999994
NI-2015-CK220595-42290,2015-10-13 00:00:00,CK-220595,Chloris Kastensmidt,Consumer,Nigeria,Africa,Western Africa,OFF-FA-6201,Office Supplies,Fasteners,"Stockwell Staples, 12 Pack",2.9520000000000004,1,0.7,-3.258
MX-2015-PO1885082-42279,2015-10-02 00:00:00,PO-1885082,Patrick O'Brill,Consumer,Mexico,LATAM,Central America,OFF-EN-4440,Office Supplies,Envelopes,"GlobeWeis Interoffice Envelope, Security-Tint",66.96,2,0,20.719999999999995
US-2015-FW1439518-42306,2015-10-29 00:00:00,FW-1439518,Fred Wasserman,Corporate,Brazil,LATAM,South America,OFF-LA-4688,Office Supplies,Labels,"Hon Round Labels, Laser Printer Compatible",8.879999999999999,5,0.6,-4.019999999999996
EG-2015-GH448538-42284,2015-10-07 00:00:00,GH-448538,Gene Hale,Corporate,Egypt,Africa,North Africa,OFF-EN-4909,Office Supplies,Envelopes,"Jiffy Clasp Envelope, with clear poly window",12.059999999999999,1,0,3.3600000000000003
MX-2015-SF2006518-42307,2015-10-30 00:00:00,SF-2006518,Sandra Flanagan,Consumer,Brazil,LATAM,South America,OFF-LA-6061,Office Supplies,Labels,"Smead Shipping Labels, 5000 Label Set",16,2,0,4.96
IN-2015-EH1400558-42280,2015-10-03 00:00:00,EH-1400558,Erica Hernandez,Home Office,India,Asia Pacific,Southern Asia,OFF-LA-4662,Office Supplies,Labels,"Hon Legal Exhibit Labels, 5000 Label Set",22.5,2,0,9
IN-2015-OT1873059-42297,2015-10-20 00:00:00,OT-1873059,Olvera Toch,Consumer,Indonesia,Asia Pacific,Southeastern Asia,OFF-LA-5391,Office Supplies,Labels,"Novimex Removable Labels, 5000 Label Set",15.6933,3,0.47000000000000003,-13.646700000000003
IN-2015-DR1294058-42294,2015-10-17 00:00:00,DR-1294058,Daniel Raglin,Home Office,India,Asia Pacific,Southern Asia,OFF-PA-6616,Office Supplies,Paper,"Xerox Message Books, Recycled",40.56,2,0,2.82
CA-2015-TS21370140-42283,2015-10-06 00:00:00,TS-213701406,Todd Sumrall,Corporate,United States,USCA,Eastern US,TEC-MA-2865,Technology,Machines,"3D Systems Cube Printer, 2nd Generation, Magenta",5199.96,4,0,1351.9895999999999
US-2015-MT1781518-42306,2015-10-29 00:00:00,MT-1781518,Meg Tillman,Consumer,Brazil,LATAM,South America,TEC-AC-5216,Technology,Accessories,"Memorex Mouse, Bluetooth",22.536,3,0.6,-29.904000000000003
CA-2015-TS21370140-42283,2015-10-06 00:00:00,TS-213701406,Todd Sumrall,Corporate,United States,USCA,Eastern US,FUR-CH-4412,Furniture,Chairs,"Global High-Back Leather Tilter, Burgundy",221.382,2,0.1,2.459799999999987
CA-2015-TS21370140-42283,2015-10-06 00:00:00,TS-213701406,Todd Sumrall,Corporate,United States,USCA,Eastern US,TEC-PH-5828,Technology,Phones,Samsung HM1900 Bluetooth Headset,87.8,4,0,43.9
CA-2015-TA21385140-42300,2015-10-23 00:00:00,TA-213851406,Tom Ashbrook,Home Office,United States,USCA,Eastern US,TEC-PH-5621,Technology,Phones,Polycom CX600 IP Phone VoIP phone,2399.6,8,0,647.892
CA-2015-TA21385140-42300,2015-10-23 00:00:00,TA-213851406,Tom Ashbrook,Home Office,United States,USCA,Eastern US,TEC-CO-3691,Technology,Copiers,Canon imageCLASS 2200 Advanced Copier,11199.968,4,0.2,3919.988799999999
CA-2015-TA21385140-42300,2015-10-23 00:00:00,TA-213851406,Tom Ashbrook,Home Office,United States,USCA,Eastern US,OFF-EN-4430,Office Supplies,Envelopes,Globe Weis Peel & Seel First Class Envelopes,63.9,5,0,28.754999999999995
CA-2015-TA21385140-42300,2015-10-23 00:00:00,TA-213851406,Tom Ashbrook,Home Office,United States,USCA,Eastern US,TEC-PH-4802,Technology,Phones,i.Sound Portable Power - 8000 mAh,52.99,1,0,0.5298999999999978
NI-2015-MG768095-42288,2015-10-11 00:00:00,MG-768095,Maureen Gastineau,Home Office,Nigeria,Africa,Western Africa,OFF-AR-6125,Office Supplies,Art,"Stanley Sketch Pad, Blue",13.329000000000002,1,0.7,-16.461
MX-2015-DB1312028-42285,2015-10-08 00:00:00,DB-1312028,David Bremer,Corporate,Colombia,LATAM,South America,OFF-SU-4981,Office Supplies,Supplies,"Kleencut Ruler, Easy Grip",10.12,1,0,1.6
ZA-2015-EH4125147-42307,2015-10-30 00:00:00,EH-4125147,Eugene Hildebrand,Home Office,Zimbabwe,Africa,Eastern Africa,OFF-PA-4002,Office Supplies,Paper,"Eaton Note Cards, 8.5 x 11",15.894000000000004,2,0.7,-27.605999999999998
US-2015-JF1549082-42304,2015-10-27 00:00:00,JF-1549082,Jeremy Farry,Consumer,Costa Rica,LATAM,Central America,OFF-BI-2881,Office Supplies,Binders,"Acco 3-Hole Punch, Clear",59.15999999999999,3,0,10.02
ES-2015-GT1471048-42300,2015-10-23 00:00:00,GT-1471048,Greg Tran,Consumer,Germany,Europe,Western Europe,TEC-MA-5549,Technology,Machines,"Panasonic Inkjet, Wireless",936.2700000000001,3,0,65.52
US-2015-TH21550140-42297,2015-10-20 00:00:00,TH-215501408,Tracy Hopkins,Home Office,United States,USCA,Southern US,OFF-BI-4340,Office Supplies,Binders,GBC DocuBind P400 Electric Binding System,1633.1880000000003,4,0.7,-1306.5504
NI-2015-SH997595-42305,2015-10-28 00:00:00,SH-997595,Sally Hughsby,Corporate,Nigeria,Africa,Western Africa,OFF-BI-3734,Office Supplies,Binders,"Cardinal Hole Reinforcements, Durable",2.0520000000000005,1,0.7,-3.378
ES-2015-AS1024064-42297,2015-10-20 00:00:00,AS-1024064,Alan Shonely,Consumer,Italy,Europe,Southern Europe,OFF-LA-5385,Office Supplies,Labels,"Novimex File Folder Labels, Laser Printer Compatible",8.25,1,0,1.56
TU-2015-GA4725134-42299,2015-10-22 00:00:00,GA-4725134,Guy Armstrong,Consumer,Turkey,Asia Pacific,Western Asia,OFF-BI-3255,Office Supplies,Binders,"Avery Binding Machine, Clear",38.64000000000001,2,0.6,-46.38
ES-2015-JD1589545-42287,2015-10-10 00:00:00,JD-1589545,Jonathan Doherty,Corporate,France,Europe,Western Europe,OFF-AR-5926,Office Supplies,Art,"Sanford Pens, Fluorescent",24.72,2,0,6.8999999999999995
NI-2015-SM1032095-42293,2015-10-16 00:00:00,SM-1032095,Sean Miller,Home Office,Nigeria,Africa,Western Africa,OFF-EN-4440,Office Supplies,Envelopes,"GlobeWeis Interoffice Envelope, Security-Tint",60.26400000000001,4,0.7,-56.255999999999986
CA-2015-TS21610140-42291,2015-10-14 00:00:00,TS-216101402,Troy Staebel,Consumer,United States,USCA,Central US,OFF-FA-6129,Office Supplies,Fasteners,Staples,63.312,3,0.2,20.576399999999996
CA-2015-TS21610140-42291,2015-10-14 00:00:00,TS-216101402,Troy Staebel,Consumer,United States,USCA,Central US,OFF-BI-4374,Office Supplies,Binders,GBC VeloBinder Electric Binding Machine,96.78399999999998,4,0.8,-145.17600000000002
NI-2015-EL373595-42279,2015-10-02 00:00:00,EL-373595,Ed Ludwig,Home Office,Nigeria,Africa,Western Africa,OFF-LA-5405,Office Supplies,Labels,"Novimex Shipping Labels, Laser Printer Compatible",19.764,6,0.7,-17.135999999999985
CA-2015-TS21610140-42291,2015-10-14 00:00:00,TS-216101402,Troy Staebel,Consumer,United States,USCA,Central US,FUR-FU-3911,Furniture,Furnishings,Dax Clear Box Frame,10.476,3,0.6,-6.809400000000004
ID-2015-RR193157-42307,2015-10-30 00:00:00,RR-193157,Ralph Ritter,Consumer,Australia,Asia Pacific,Oceania,OFF-PA-4008,Office Supplies,Paper,"Eaton Parchment Paper, Recycled",24.083999999999996,2,0.1,8.783999999999999
ID-2015-DV1304559-42304,2015-10-27 00:00:00,DV-1304559,Darrin Van Huff,Corporate,Indonesia,Asia Pacific,Southeastern Asia,OFF-FA-6205,Office Supplies,Fasteners,"Stockwell Thumb Tacks, 12 Pack",19.9863,3,0.47000000000000003,-10.613700000000001
IN-2015-MM1792058-42299,2015-10-22 00:00:00,MM-1792058,Michael Moore,Consumer,India,Asia Pacific,Southern Asia,OFF-BI-3292,Office Supplies,Binders,"Avery Hole Reinforcements, Recycled",9.540000000000001,2,0,4.4399999999999995
CM-2015-GM444022-42308,2015-10-31 00:00:00,GM-444022,Gary McGarr,Consumer,Cameroon,Africa,Central Africa,OFF-BI-6399,Office Supplies,Binders,"Wilson Jones Hole Reinforcements, Economy",4.530000000000001,1,0,2.25
NI-2015-JF529595-42306,2015-10-29 00:00:00,JF-529595,Jason Fortune-,Consumer,Nigeria,Africa,Western Africa,OFF-BI-6384,Office Supplies,Binders,"Wilson Jones Binding Machine, Economy",14.688000000000002,1,0.7,-16.662
SF-2015-JH5430117-42293,2015-10-16 00:00:00,JH-5430117,Jennifer Halladay,Consumer,South Africa,Africa,Southern Africa,OFF-BI-6397,Office Supplies,Binders,"Wilson Jones Hole Reinforcements, Clear",3.99,1,0,0.42000000000000004
IN-2015-SC2030558-42283,2015-10-06 00:00:00,SC-2030558,Sean Christensen,Consumer,India,Asia Pacific,Southern Asia,OFF-EN-5034,Office Supplies,Envelopes,"Kraft Mailers, Security-Tint",40.050000000000004,1,0,18.81
CA-2015-VP21760140-42294,2015-10-17 00:00:00,VP-217601408,Victoria Pisteka,Corporate,United States,USCA,Southern US,FUR-TA-3332,Furniture,Tables,Balt Solid Wood Round Tables,1875.258,7,0.4,-968.8833
CA-2015-VP21760140-42294,2015-10-17 00:00:00,VP-217601408,Victoria Pisteka,Corporate,United States,USCA,Southern US,TEC-AC-5215,Technology,Accessories,Memorex Mini Travel Drive 8 GB USB 2.0 Flash Drive,18.528000000000002,2,0.2,4.4004
TU-2015-JE5475134-42284,2015-10-07 00:00:00,JE-5475134,Jeremy Ellison,Consumer,Turkey,Asia Pacific,Western Asia,OFF-BI-2898,Office Supplies,Binders,"Acco Binder, Recycled",12.408000000000001,2,0.6,-17.712
ID-2015-LS1720059-42308,2015-10-31 00:00:00,LS-1720059,Luke Schmidt,Corporate,Indonesia,Asia Pacific,Southeastern Asia,OFF-SU-4306,Office Supplies,Supplies,"Fiskars Box Cutter, Steel",18.507600000000004,1,0.47000000000000003,-2.4624000000000006
SF-2015-QJ9255117-42308,2015-10-31 00:00:00,QJ-9255117,Quincy Jones,Corporate,South Africa,Africa,Southern Africa,OFF-AR-3546,Office Supplies,Art,"Boston Pens, Blue",14.22,1,0,0.27
MX-2015-AH1021036-42301,2015-10-24 00:00:00,AH-1021036,Alan Hwang,Consumer,Dominican Republic,LATAM,Caribbean,OFF-LA-6051,Office Supplies,Labels,"Smead Removable Labels, Adjustable",11.616,2,0.2,1.8559999999999994
MX-2015-FW143955-42306,2015-10-29 00:00:00,FW-143955,Fred Wasserman,Corporate,Argentina,LATAM,South America,OFF-LA-4688,Office Supplies,Labels,"Hon Round Labels, Laser Printer Compatible",13.319999999999999,5,0.4,0.4199999999999989
IN-2015-VT2170059-42281,2015-10-04 00:00:00,VT-2170059,Valerie Takahito,Home Office,Indonesia,Asia Pacific,Southeastern Asia,OFF-AR-6122,Office Supplies,Art,"Stanley Pens, Easy-Erase",22.6008,3,0.27,2.4407999999999976
ES-2015-DR12940120-42279,2015-10-02 00:00:00,DR-12940120,Daniel Raglin,Home Office,Spain,Europe,Southern Europe,OFF-BI-3733,Office Supplies,Binders,"Cardinal Hole Reinforcements, Clear",9.600000000000001,2,0,4.38
IR-2015-JB540060-42287,2015-10-10 00:00:00,JB-540060,Jennifer Braxton,Corporate,Iran,Asia Pacific,Southern Asia,OFF-AR-5924,Office Supplies,Art,"Sanford Pens, Blue",22.200000000000003,2,0,5.28
IR-2015-SE1011060-42291,2015-10-14 00:00:00,SE-1011060,Sanjit Engle,Consumer,Iran,Asia Pacific,Southern Asia,OFF-FA-6191,Office Supplies,Fasteners,"Stockwell Paper Clips, Metal",12.93,1,0,0.36
MX-2015-CS1213018-42285,2015-10-08 00:00:00,CS-1213018,Chad Sievert,Consumer,Brazil,LATAM,South America,OFF-BI-3289,Office Supplies,Binders,"Avery Hole Reinforcements, Clear",12.9,5,0,1.1
US-2015-SJ202155-42287,2015-10-10 00:00:00,SJ-202155,Sarah Jordon,Consumer,Argentina,LATAM,South America,OFF-LA-5388,Office Supplies,Labels,"Novimex Legal Exhibit Labels, Adjustable",10.044,3,0.4,-6.0360000000000005
MX-2015-AA1064593-42306,2015-10-29 00:00:00,AA-1064593,Anna Andreadi,Consumer,Nicaragua,LATAM,Central America,OFF-LA-6029,Office Supplies,Labels,"Smead Color Coded Labels, Alphabetical",17.16,2,0,8.2
ID-2015-RB1943559-42301,2015-10-24 00:00:00,RB-1943559,Richard Bierner,Consumer,Indonesia,Asia Pacific,Southeastern Asia,OFF-PA-4478,Office Supplies,Paper,"Green Bar Note Cards, 8.5 x 11",31.482000000000003,2,0.47000000000000003,-1.818000000000005
CA-2015-XP21865140-42284,2015-10-07 00:00:00,XP-218651406,Xylona Preis,Consumer,United States,USCA,Eastern US,OFF-PA-6435,Office Supplies,Paper,Xerox 1886,143.7,3,0,68.976
US-2015-XP21865140-42287,2015-10-10 00:00:00,XP-218651404,Xylona Preis,Consumer,United States,USCA,Western US,OFF-PA-6416,Office Supplies,Paper,"Wirebound Message Books, 2 7/8"" x 5"", 3 Forms per Page",35.2,5,0,16.543999999999997
CA-2015-XP21865140-42284,2015-10-07 00:00:00,XP-218651406,Xylona Preis,Consumer,United States,USCA,Eastern US,OFF-PA-6580,Office Supplies,Paper,Xerox 217,6.48,1,0,3.1104000000000003
IN-2015-NR18550102-42308,2015-10-31 00:00:00,NR-18550102,Nick Radford,Consumer,Philippines,Asia Pacific,Southeastern Asia,OFF-LA-5401,Office Supplies,Labels,"Novimex Round Labels, Laser Printer Compatible",10.345500000000001,3,0.45,0.35550000000000104
ES-2015-GB1457591-42284,2015-10-07 00:00:00,GB-1457591,Giulietta Baptist,Consumer,Netherlands,Europe,Western Europe,OFF-BI-6403,Office Supplies,Binders,"Wilson Jones Index Tab, Durable",15.899999999999999,4,0.5,-15.299999999999999
