Order ID,Order Date,Customer ID,Customer Name,Segment,Country,Market,Region,Product ID,Category,Sub-Category,Product Name,Sales,Quantity,Discount,Profit
IN-2015-BF1100558-42319,2015-11-11 00:00:00,BF-1100558,Barry Franz,Home Office,India,Asia Pacific,Southern Asia,TEC-PH-5269,Technology,Phones,"Motorola Smart Phone, with Caller ID",4518.78,7,0,632.52
MX-2015-EM1420082-42328,2015-11-20 00:00:00,EM-1420082,Evan Minnotte,Home Office,Mexico,LATAM,Central America,TEC-PH-5839,Technology,Phones,"Samsung Smart Phone, Cordless",1704.0000000000005,4,0,119.28
ES-2015-HG1484545-42327,2015-11-19 00:00:00,HG-1484545,Harry Greene,Consumer,France,Europe,Western Europe,FUR-CH-4654,Furniture,Chairs,"Hon Executive Leather Armchair, Adjustable",5729.345999999999,14,0.1,63.54600000000016
IN-2015-RW195407-42327,2015-11-19 00:00:00,RW-195407,Rick Wilson,Corporate,Australia,Asia Pacific,Oceania,TEC-PH-3806,Technology,Phones,"Cisco Smart Phone, Full Size",3524.472,6,0.1,861.372
CA-2015-AB10060140-42315,2015-11-07 00:00:00,AB-100601404,Adam Bellavance,Home Office,United States,USCA,Western US,FUR-TA-4622,Furniture,Tables,Hon 5100 Series Wood Tables,2036.8600000000001,7,0,366.6347999999999
CA-2015-AB10060140-42315,2015-11-07 00:00:00,AB-100601404,Adam Bellavance,Home Office,United States,USCA,Western US,FUR-CH-4613,Furniture,Chairs,Hon 2090 “Pillow Soft” Series Mid Back Swivel/Tilt Chairs,449.56800000000004,2,0.2,-73.05480000000007
CA-2015-AB10060140-42315,2015-11-07 00:00:00,AB-100601404,Adam Bellavance,Home Office,United States,USCA,Western US,TEC-AC-5858,Technology,Accessories,SanDisk Cruzer 64 GB USB Flash Drive,108.96000000000001,3,0,32.68799999999999
CA-2015-AB10060140-42314,2015-11-06 00:00:00,AB-100601402,Adam Bellavance,Home Office,United States,USCA,Central US,OFF-PA-6214,Office Supplies,Paper,Strathmore Photo Mount Cards,67.8,10,0,31.188
CA-2015-AB10060140-42314,2015-11-06 00:00:00,AB-100601402,Adam Bellavance,Home Office,United States,USCA,Central US,OFF-FA-6129,Office Supplies,Fasteners,Staples,167.94,3,0,82.2906
ES-2015-MF1825045-42330,2015-11-22 00:00:00,MF-1825045,Monica Federle,Corporate,France,Europe,Western Europe,TEC-MA-4205,Technology,Machines,"Epson Printer, Durable",2456.619,11,0.15,664.719
CA-2015-AB10060140-42314,2015-11-06 00:00:00,AB-100601402,Adam Bellavance,Home Office,United States,USCA,Central US,OFF-PA-3114,Office Supplies,Paper,"Ampad Gold Fibre Wirebound Steno Books, 6"" x 9"", Gregg Ruled",4.41,1,0,2.0286
IN-2015-BF1100558-42319,2015-11-11 00:00:00,BF-1100558,Barry Franz,Home Office,India,Asia Pacific,Southern Asia,OFF-AP-3577,Office Supplies,Appliances,"Breville Refrigerator, White",3622.2899999999995,7,0,1267.77
IN-2015-JM15265102-42316,2015-11-08 00:00:00,JM-15265102,Janet Molinari,Corporate,Philippines,Asia Pacific,Southeastern Asia,OFF-AP-3571,Office Supplies,Appliances,"Breville Microwave, Red",1538.7209999999998,6,0.15000000000000002,325.701
SF-2015-AB10060117-42334,2015-11-26 00:00:00,AB-10060117,Adam Bellavance,Home Office,South Africa,Africa,Southern Africa,OFF-AP-4732,Office Supplies,Appliances,"Hoover Microwave, Silver",1237.56,4,0,606.36
CA-2015-AH10075140-42335,2015-11-27 00:00:00,AH-100751408,Adam Hart,Corporate,United States,USCA,Southern US,OFF-AR-5327,Office Supplies,Art,Newell 347,12.84,3,0,3.723599999999999
ID-2015-DK1289559-42315,2015-11-07 00:00:00,DK-1289559,Dana Kaydos,Consumer,Indonesia,Asia Pacific,Southeastern Asia,OFF-AP-4964,Office Supplies,Appliances,"KitchenAid Stove, Black",3309.2598,7,0.17,318.85979999999995
MX-2015-KD1627018-42330,2015-11-22 00:00:00,KD-1627018,Karen Daniels,Consumer,Brazil,LATAM,South America,FUR-CH-4544,Furniture,Chairs,"Harbour Creations Rocking Chair, Adjustable",897.4800000000001,9,0,322.92
MX-2015-TM2149031-42329,2015-11-21 00:00:00,TM-2149031,Tony Molinari,Consumer,Cuba,LATAM,Caribbean,TEC-CO-3597,Technology,Copiers,"Brother Fax Machine, High-Speed",1053.6884,5,0.002,441.2884
IT-2015-TB2105545-42334,2015-11-26 00:00:00,TB-2105545,Ted Butterfield,Consumer,France,Europe,Western Europe,OFF-AP-4502,Office Supplies,Appliances,"Hamilton Beach Refrigerator, Red",3150.8189999999995,7,0.1,-35.09100000000001
ID-2015-VF21715102-42321,2015-11-13 00:00:00,VF-21715102,Vicky Freymann,Home Office,Philippines,Asia Pacific,Southeastern Asia,FUR-CH-5380,Furniture,Chairs,"Novimex Executive Leather Armchair, Red",1725.75,5,0.25,-483.2999999999999
ES-2015-HW1493545-42335,2015-11-27 00:00:00,HW-1493545,Helen Wasserman,Corporate,France,Europe,Western Europe,FUR-BO-5798,Furniture,Bookcases,"Safco Stackable Bookrack, Pine",676.485,5,0.1,195.28500000000005
IN-2015-AC1045058-42311,2015-11-03 00:00:00,AC-1045058,Amy Cox,Consumer,India,Asia Pacific,Southern Asia,FUR-TA-4711,Furniture,Tables,"Hon Wood Table, Fully Assembled",2664,5,0,905.7
CA-2015-AB10105140-42328,2015-11-20 00:00:00,AB-101051408,Adrian Barton,Consumer,United States,USCA,Southern US,FUR-FU-2871,Furniture,Furnishings,"3M Polarizing Task Lamp with Clamp Arm, Light Gray",821.8799999999999,6,0,213.68880000000001
ES-2015-BB1154548-42336,2015-11-28 00:00:00,BB-1154548,Brenda Bowman,Corporate,Germany,Europe,Western Europe,FUR-BO-5788,Furniture,Bookcases,"Safco Library with Doors, Traditional",2455.677,7,0.1,-191.16300000000007
MX-2015-LS1724582-42319,2015-11-11 00:00:00,LS-1724582,Lynn Smith,Consumer,Mexico,LATAM,Central America,TEC-PH-5355,Technology,Phones,"Nokia Smart Phone, Full Size",849.8000000000002,2,0,195.44
IN-2015-CM124457-42315,2015-11-07 00:00:00,CM-124457,Chuck Magee,Consumer,Australia,Asia Pacific,Oceania,FUR-CH-4531,Furniture,Chairs,"Harbour Creations Executive Leather Armchair, Black",2841.6599999999994,6,0,852.4799999999999
IN-2015-MP18175144-42328,2015-11-20 00:00:00,MP-18175144,Mike Pelletier,Home Office,Vietnam,Asia Pacific,Southeastern Asia,OFF-AP-4961,Office Supplies,Appliances,"KitchenAid Refrigerator, Red",2190.9509999999996,5,0.17,316.7010000000001
CA-2015-AB10105140-42328,2015-11-20 00:00:00,AB-101051408,Adrian Barton,Consumer,United States,USCA,Southern US,OFF-BI-4346,Office Supplies,Binders,GBC Imprintable Covers,21.96,2,0,10.7604
MX-2015-ML1741031-42320,2015-11-12 00:00:00,ML-1741031,Maris LaWare,Consumer,Cuba,LATAM,Caribbean,FUR-BO-3892,Furniture,Bookcases,"Dania Classic Bookcase, Traditional",1916.8799999999999,7,0,939.26
CA-2015-AH10120140-42309,2015-11-01 00:00:00,AH-101201402,Adrian Hane,Home Office,United States,USCA,Central US,OFF-AR-5331,Office Supplies,Art,Newell 350,5.248,2,0.2,0.5903999999999991
ES-2015-PC1900048-42337,2015-11-29 00:00:00,PC-1900048,Pauline Chand,Home Office,Germany,Europe,Western Europe,TEC-CO-6011,Technology,Copiers,"Sharp Wireless Fax, High-Speed",2478.84,7,0,272.58
CA-2015-AS10135140-42328,2015-11-20 00:00:00,AS-101351406,Adrian Shami,Home Office,United States,USCA,Eastern US,OFF-BI-3307,Office Supplies,Binders,Avery Printable Repositionable Plastic Tabs,41.28,6,0.2,13.931999999999999
CA-2015-AS10135140-42328,2015-11-20 00:00:00,AS-101351406,Adrian Shami,Home Office,United States,USCA,Eastern US,OFF-PA-6448,Office Supplies,Paper,Xerox 1898,13.36,2,0,6.4128
CA-2015-AB10150140-42328,2015-11-20 00:00:00,AB-101501402,Aimee Bixby,Consumer,United States,USCA,Central US,OFF-AR-3551,Office Supplies,Art,"Boston School Pro Electric Pencil Sharpener, 1670",99.13600000000001,4,0.2,8.674399999999995
CA-2015-AB10150140-42328,2015-11-20 00:00:00,AB-101501402,Aimee Bixby,Consumer,United States,USCA,Central US,OFF-PA-6453,Office Supplies,Paper,Xerox 1901,16.896,4,0.2,5.279999999999999
CA-2015-AB10150140-42328,2015-11-20 00:00:00,AB-101501402,Aimee Bixby,Consumer,United States,USCA,Central US,OFF-SU-2971,Office Supplies,Supplies,Acme Elite Stainless Steel Scissors,6.672000000000001,1,0.2,0.5004
CA-2015-AB10150140-42328,2015-11-20 00:00:00,AB-101501402,Aimee Bixby,Consumer,United States,USCA,Central US,FUR-FU-6223,Furniture,Furnishings,Telescoping Adjustable Floor Lamp,15.991999999999999,2,0.6,-13.992999999999999
IN-2015-KN164507-42332,2015-11-24 00:00:00,KN-164507,Kean Nguyen,Corporate,Australia,Asia Pacific,Oceania,TEC-PH-3147,Technology,Phones,"Apple Smart Phone, Cordless",2863.35,5,0.1,858.9
ES-2015-CK1276045-42312,2015-11-04 00:00:00,CK-1276045,Cyma Kinney,Corporate,France,Europe,Western Europe,TEC-MA-6140,Technology,Machines,"StarTech Inkjet, Durable",765.4590000000002,3,0.15,-36.08100000000002
IN-2015-FC142457-42326,2015-11-18 00:00:00,FC-142457,Frank Carlisle,Home Office,Australia,Asia Pacific,Oceania,TEC-PH-3152,Technology,Phones,"Apple Speaker Phone, VoIP",1221.5610000000001,11,0.1,325.611
SA-2015-MC7575110-42326,2015-11-18 00:00:00,MC-7575110,Matt Collins,Consumer,Saudi Arabia,Asia Pacific,Western Asia,TEC-MA-5548,Technology,Machines,"Panasonic Inkjet, White",621.0000000000001,2,0,180.06
MX-2015-LC1688582-42329,2015-11-21 00:00:00,LC-1688582,Lena Creighton,Consumer,Mexico,LATAM,Central America,FUR-TA-3777,Furniture,Tables,"Chromcraft Wood Table, Adjustable Height",775.536,3,0.2,213.2159999999999
ID-2015-ST205307-42336,2015-11-28 00:00:00,ST-205307,Shui Tom,Consumer,Australia,Asia Pacific,Oceania,FUR-TA-3766,Furniture,Tables,"Chromcraft Conference Table, with Bottom Storage",1832.6069999999997,3,0.3,-445.113
CA-2015-AD10180140-42322,2015-11-14 00:00:00,AD-101801406,Alan Dominguez,Home Office,United States,USCA,Eastern US,TEC-AC-4939,Technology,Accessories,KeyTronic 6101 Series - Keyboard - Black,163.96,4,0,70.50280000000001
MX-2015-PS1904518-42335,2015-11-27 00:00:00,PS-1904518,Penelope Sewall,Home Office,Brazil,LATAM,South America,TEC-PH-5355,Technology,Phones,"Nokia Smart Phone, Full Size",2124.5000000000005,5,0,488.6
CA-2015-AH10195140-42314,2015-11-06 00:00:00,AH-101951402,Alan Haines,Corporate,United States,USCA,Central US,OFF-BI-3308,Office Supplies,Binders,Avery Recycled Flexi-View Covers for Binding Systems,16.029999999999998,5,0.8,-25.648000000000003
CA-2015-AH10210140-42332,2015-11-24 00:00:00,AH-102101402,Alan Hwang,Consumer,United States,USCA,Central US,TEC-PH-5560,Technology,Phones,Panasonic KX TS208W Corded phone,195.96000000000004,5,0.2,19.596000000000018
CG-2015-LL684033-42334,2015-11-26 00:00:00,LL-684033,Lauren Leatherbury,Consumer,Democratic Republic of the Congo,Africa,Central Africa,TEC-PH-5360,Technology,Phones,"Nokia Speaker Phone, with Caller ID",985.1999999999999,8,0,78.72
IN-2015-ML1741027-42313,2015-11-05 00:00:00,ML-1741027,Maris LaWare,Consumer,China,Asia Pacific,Eastern Asia,TEC-AC-5121,Technology,Accessories,"Logitech Memory Card, Bluetooth",723.66,7,0,101.22
IN-2015-BB115457-42326,2015-11-18 00:00:00,BB-115457,Brenda Bowman,Corporate,Australia,Asia Pacific,Oceania,TEC-AC-5225,Technology,Accessories,"Memorex Router, Programmable",891.756,4,0.1,207.99599999999998
ID-2015-CS123557-42328,2015-11-20 00:00:00,CS-123557,Christine Sundaresam,Consumer,Australia,Asia Pacific,Oceania,TEC-MA-5547,Technology,Machines,"Panasonic Inkjet, Red",1113.2640000000001,6,0.4,-705.096
ID-2015-CS123557-42328,2015-11-20 00:00:00,CS-123557,Christine Sundaresam,Consumer,Australia,Asia Pacific,Oceania,TEC-PH-5268,Technology,Phones,"Motorola Smart Phone, Full Size",771.228,2,0.4,-321.3719999999999
ES-2015-SE2011048-42335,2015-11-27 00:00:00,SE-2011048,Sanjit Engle,Consumer,Germany,Europe,Western Europe,TEC-CO-3596,Technology,Copiers,"Brother Fax Machine, Digital",954.54,3,0,305.37
CA-2015-AB25523-42326,2015-11-18 00:00:00,AB-25523,Alejandro Ballentine,Home Office,Canada,USCA,Canada,OFF-ST-4260,Office Supplies,Storage,"Fellowes File Cart, Wire Frame",272.76000000000005,2,0,57.239999999999995
MX-2015-CM1193518-42333,2015-11-25 00:00:00,CM-1193518,Carlos Meador,Consumer,Brazil,LATAM,South America,FUR-CH-4530,Furniture,Chairs,"Harbour Creations Executive Leather Armchair, Adjustable",1570.5999999999997,5,0,486.8
ES-2015-OT18730120-42328,2015-11-20 00:00:00,OT-18730120,Olvera Toch,Consumer,Spain,Europe,Southern Europe,TEC-CO-5999,Technology,Copiers,"Sharp Fax Machine, High-Speed",2056.95,7,0,431.75999999999993
ES-2015-HW1493545-42335,2015-11-27 00:00:00,HW-1493545,Helen Wasserman,Corporate,France,Europe,Western Europe,TEC-AC-4188,Technology,Accessories,"Enermax Router, USB",775.6200000000001,3,0,139.59
IN-2015-MH1744027-42334,2015-11-26 00:00:00,MH-1744027,Mark Haberlin,Corporate,China,Asia Pacific,Eastern Asia,FUR-BO-3890,Furniture,Bookcases,"Dania Classic Bookcase, Mobile",2066.3999999999996,5,0,103.2
CA-2015-AB25523-42326,2015-11-18 00:00:00,AB-25523,Alejandro Ballentine,Home Office,Canada,USCA,Canada,OFF-FA-3068,Office Supplies,Fasteners,"Advantus Staples, 12 Pack",10.29,1,0,0.72
IN-2015-HD1478527-42327,2015-11-19 00:00:00,HD-1478527,Harold Dahlen,Home Office,China,Asia Pacific,Eastern Asia,FUR-BO-3624,Furniture,Bookcases,"Bush Classic Bookcase, Metal",2060.7,5,0,886.0500000000001
MX-2015-AF1088582-42316,2015-11-08 00:00:00,AF-1088582,Art Foster,Consumer,Mexico,LATAM,Central America,TEC-CO-3595,Technology,Copiers,"Brother Fax Machine, Color",1703.1468799999998,8,0.002,713.2268799999999
IN-2015-JD1601592-42321,2015-11-13 00:00:00,JD-1601592,Joy Daniels,Consumer,New Zealand,Asia Pacific,Oceania,FUR-CH-4564,Furniture,Chairs,"Harbour Creations Swivel Stool, Set of Two",1458.96,8,0,495.84000000000003
MX-2015-AW1093051-42314,2015-11-06 00:00:00,AW-1093051,Arthur Wiediger,Home Office,Guatemala,LATAM,Central America,TEC-PH-3147,Technology,Phones,"Apple Smart Phone, Cordless",1272.6,3,0,496.25999999999993
MX-2015-EL1373582-42316,2015-11-08 00:00:00,EL-1373582,Ed Ludwig,Home Office,Mexico,LATAM,Central America,TEC-AC-5203,Technology,Accessories,"Memorex Memory Card, Bluetooth",409.08,6,0,110.4
IN-2015-ZC219107-42333,2015-11-25 00:00:00,ZC-219107,Zuschuss Carroll,Consumer,Australia,Asia Pacific,Oceania,TEC-MA-5008,Technology,Machines,"Konica Inkjet, Wireless",1411.02,5,0.1,580.02
MO-2015-PO919586-42336,2015-11-28 00:00:00,PO-919586,Phillina Ober,Home Office,Morocco,Africa,North Africa,TEC-MA-4199,Technology,Machines,"Epson Inkjet, Wireless",1849.3200000000002,6,0,203.40000000000003
ES-2015-MV17485120-42314,2015-11-06 00:00:00,MV-17485120,Mark Van Huff,Consumer,Spain,Europe,Southern Europe,OFF-ST-6262,Office Supplies,Storage,"Tenex Lockers, Industrial",552.501,3,0.1,110.42099999999999
IN-2015-NF1838527-42329,2015-11-21 00:00:00,NF-1838527,Natalie Fritzler,Consumer,China,Asia Pacific,Eastern Asia,OFF-AP-4957,Office Supplies,Appliances,"KitchenAid Microwave, Red",1241.28,4,0,434.40000000000003
ES-2015-BM11785120-42320,2015-11-12 00:00:00,BM-11785120,Bryan Mills,Consumer,Spain,Europe,Southern Europe,TEC-PH-3147,Technology,Phones,"Apple Smart Phone, Cordless",2863.35,5,0.1,381.75
MX-2015-SP2065018-42313,2015-11-05 00:00:00,SP-2065018,Stephanie Phelps,Corporate,Brazil,LATAM,South America,OFF-AP-3579,Office Supplies,Appliances,"Breville Stove, Red",1123.0800000000002,3,0,224.58
IN-2015-MC1763559-42309,2015-11-01 00:00:00,MC-1763559,Matthew Clasen,Corporate,Indonesia,Asia Pacific,Southeastern Asia,FUR-BO-5968,Furniture,Bookcases,"Sauder Library with Doors, Pine",1808.757,5,0.07,155.457
MX-2015-DM1352582-42334,2015-11-26 00:00:00,DM-1352582,Don Miller,Corporate,Mexico,LATAM,Central America,TEC-PH-5248,Technology,Phones,"Motorola Audio Dock, VoIP",578.2,5,0,0
ES-2015-LF17185139-42320,2015-11-12 00:00:00,LF-17185139,Luke Foster,Consumer,United Kingdom,Europe,Northern Europe,TEC-PH-3148,Technology,Phones,"Apple Smart Phone, Full Size",1275,2,0,357
ID-2015-AA1064559-42332,2015-11-24 00:00:00,AA-1064559,Anna Andreadi,Consumer,Indonesia,Asia Pacific,Southeastern Asia,TEC-CO-5996,Technology,Copiers,"Sharp Fax and Copier, Laser",783.9899999999999,5,0.07,337.14000000000004
GH-2015-TT1107049-42332,2015-11-24 00:00:00,TT-1107049,Ted Trevino,Consumer,Ghana,Africa,Western Africa,TEC-AC-4186,Technology,Accessories,"Enermax Router, Erganomic",1536.8400000000001,6,0,614.6999999999999
IN-2015-CD1192059-42326,2015-11-18 00:00:00,CD-1192059,Carlos Daly,Consumer,Indonesia,Asia Pacific,Southeastern Asia,TEC-CO-4590,Technology,Copiers,"Hewlett Wireless Fax, Color",2129.4954,6,0.07,938.7954
IN-2015-DV1304558-42329,2015-11-21 00:00:00,DV-1304558,Darrin Van Huff,Corporate,India,Asia Pacific,Southern Asia,OFF-ST-6263,Office Supplies,Storage,"Tenex Lockers, Single Width",1429.2599999999998,7,0,199.92
IN-2015-MM1792058-42325,2015-11-17 00:00:00,MM-1792058,Michael Moore,Consumer,India,Asia Pacific,Southern Asia,OFF-AR-3525,Office Supplies,Art,"Boston Canvas, Blue",482.76,9,0,183.33
IN-2015-DB1361558-42333,2015-11-25 00:00:00,DB-1361558,Doug Bickford,Consumer,India,Asia Pacific,Southern Asia,FUR-CH-5443,Furniture,Chairs,"Office Star Executive Leather Armchair, Red",1409.04,3,0,436.77
US-2015-RE1940536-42334,2015-11-26 00:00:00,RE-1940536,Ricardo Emerson,Consumer,Dominican Republic,LATAM,Caribbean,TEC-CO-4767,Technology,Copiers,"HP Copy Machine, Laser",517.8062400000001,4,0.202,-118.11376000000003
ES-2015-DK1298548-42319,2015-11-11 00:00:00,DK-1298548,Darren Koutras,Consumer,Germany,Europe,Western Europe,TEC-PH-3129,Technology,Phones,"Apple Audio Dock, VoIP",834.9000000000001,5,0,267.15
EG-2015-CR258038-42335,2015-11-27 00:00:00,CR-258038,Clay Rozendal,Home Office,Egypt,Africa,North Africa,FUR-TA-4705,Furniture,Tables,"Hon Training Table, Adjustable Height",2679.12,8,0,1098.24
ES-2015-CS1195096-42324,2015-11-16 00:00:00,CS-1195096,Carlos Soltero,Consumer,Norway,Europe,Northern Europe,FUR-BO-3894,Furniture,Bookcases,"Dania Corner Shelving, Mobile",872.13,7,0,252.83999999999997
IN-2015-JL1523527-42322,2015-11-14 00:00:00,JL-1523527,Janet Lee,Consumer,China,Asia Pacific,Eastern Asia,TEC-MA-5008,Technology,Machines,"Konica Inkjet, Wireless",2194.92,7,0,1031.52
IN-2015-PP1895566-42315,2015-11-07 00:00:00,PP-1895566,Paul Prost,Home Office,Japan,Asia Pacific,Eastern Asia,TEC-AC-5224,Technology,Accessories,"Memorex Router, Erganomic",1464.1200000000001,6,0,541.62
TZ-2015-LT7110129-42314,2015-11-06 00:00:00,LT-7110129,Liz Thompson,Consumer,Tanzania,Africa,Eastern Africa,OFF-ST-4259,Office Supplies,Storage,"Fellowes File Cart, Single Width",1236.0600000000002,10,0.1,-137.34000000000003
MX-2015-JJ1544598-42336,2015-11-28 00:00:00,JJ-1544598,Jennifer Jackson,Consumer,Panama,LATAM,Central America,FUR-BO-3902,Furniture,Bookcases,"Dania Library with Doors, Mobile",1459.68,10,0.4,-535.32
MX-2015-HR1477082-42328,2015-11-20 00:00:00,HR-1477082,Hallie Redmond,Home Office,Mexico,LATAM,Central America,FUR-CH-5441,Furniture,Chairs,"Office Star Executive Leather Armchair, Adjustable",744,3,0.2,269.7
ES-2015-DL133158-42320,2015-11-12 00:00:00,DL-133158,Delfina Latchford,Consumer,Austria,Europe,Western Europe,TEC-CO-3587,Technology,Copiers,"Brother Copy Machine, Color",1846.1100000000001,7,0,793.8
IN-2015-RB1946558-42326,2015-11-18 00:00:00,RB-1946558,Rick Bensley,Home Office,India,Asia Pacific,Southern Asia,TEC-AC-5201,Technology,Accessories,"Memorex Keyboard, Programmable",655.5600000000001,9,0,91.53
IT-2015-DR1294048-42330,2015-11-22 00:00:00,DR-1294048,Daniel Raglin,Home Office,Germany,Europe,Western Europe,OFF-AP-3577,Office Supplies,Appliances,"Breville Refrigerator, White",1397.1689999999999,3,0.1,155.16899999999998
MX-2015-LB1673536-42312,2015-11-04 00:00:00,LB-1673536,Larry Blacks,Consumer,Dominican Republic,LATAM,Caribbean,TEC-PH-3806,Technology,Phones,"Cisco Smart Phone, Full Size",696.192,2,0.2,121.83200000000002
ES-2015-MZ17515124-42326,2015-11-18 00:00:00,MZ-17515124,Mary Zewe,Corporate,Sweden,Europe,Northern Europe,TEC-CO-4568,Technology,Copiers,"Hewlett Copy Machine, Color",662.7749999999999,5,0.5,-212.17499999999984
MR-2015-RD981081-42316,2015-11-08 00:00:00,RD-981081,Ross DeVincentis,Home Office,Mauritania,Africa,Western Africa,TEC-CO-4568,Technology,Copiers,"Hewlett Copy Machine, Color",1571.22,6,0,785.5200000000001
ES-2015-MG1769591-42335,2015-11-27 00:00:00,MG-1769591,Maureen Gnade,Consumer,Netherlands,Europe,Western Europe,FUR-BO-4848,Furniture,Bookcases,"Ikea Classic Bookcase, Metal",616.8149999999999,3,0.5,-382.4549999999999
CG-2015-LL684033-42334,2015-11-26 00:00:00,LL-684033,Lauren Leatherbury,Consumer,Democratic Republic of the Congo,Africa,Central Africa,TEC-PH-3127,Technology,Phones,"Apple Audio Dock, Cordless",678.96,4,0,129
CA-2015-AG49523-42321,2015-11-13 00:00:00,AG-49523,Andrew Gjertsen,Corporate,Canada,USCA,Canada,OFF-BI-4829,Office Supplies,Binders,"Ibico Index Tab, Durable",9.27,1,0,4.050000000000001
IN-2015-BM1178527-42329,2015-11-21 00:00:00,BM-1178527,Bryan Mills,Consumer,China,Asia Pacific,Eastern Asia,TEC-AC-5137,Technology,Accessories,"Logitech Router, USB",990.1200000000001,4,0,356.4
US-2015-BT115305-42336,2015-11-28 00:00:00,BT-115305,Bradley Talbott,Home Office,Argentina,LATAM,South America,TEC-PH-5356,Technology,Phones,"Nokia Smart Phone, with Caller ID",1277.82,5,0.4,-0.07999999999992724
IN-2015-DW1319527-42321,2015-11-13 00:00:00,DW-1319527,David Wiener,Corporate,China,Asia Pacific,Eastern Asia,FUR-TA-3343,Furniture,Tables,"Barricks Conference Table, Adjustable Height",636.4889999999999,1,0.3,109.089
IN-2015-NG184307-42322,2015-11-14 00:00:00,NG-184307,Nathan Gelder,Consumer,Australia,Asia Pacific,Oceania,FUR-CH-4654,Furniture,Chairs,"Hon Executive Leather Armchair, Adjustable",2068.335,5,0.1,206.6850000000001
MX-2015-RD1990036-42337,2015-11-29 00:00:00,RD-1990036,Ruben Dartt,Consumer,Dominican Republic,LATAM,Caribbean,FUR-CH-5775,Furniture,Chairs,"SAFCO Executive Leather Armchair, Red",738.2879999999999,3,0.2,-166.152
IN-2015-PG1882027-42334,2015-11-26 00:00:00,PG-1882027,Patrick Gardner,Consumer,China,Asia Pacific,Eastern Asia,TEC-MA-4205,Technology,Machines,"Epson Printer, Durable",1839.18,7,0,238.98000000000002
IT-2015-IM1507091-42329,2015-11-21 00:00:00,IM-1507091,Irene Maddox,Consumer,Netherlands,Europe,Western Europe,FUR-BO-3642,Furniture,Bookcases,"Bush Library with Doors, Traditional",1275.12,7,0.5,-1147.6499999999999
ID-2015-TB214007-42322,2015-11-14 00:00:00,TB-214007,Tom Boeckenhauer,Consumer,Australia,Asia Pacific,Oceania,FUR-TA-4643,Furniture,Tables,"Hon Computer Table, Fully Assembled",689.1359999999999,2,0.3,-226.46399999999994
IN-2015-EJ1372059-42319,2015-11-11 00:00:00,EJ-1372059,Ed Jacobs,Consumer,Indonesia,Asia Pacific,Southeastern Asia,FUR-CH-5450,Furniture,Chairs,"Office Star Steel Folding Chair, Adjustable",550.1279999999999,8,0.27,143.08800000000002
US-2015-AB10600140-42319,2015-11-11 00:00:00,AB-106001404,Ann Blume,Corporate,United States,USCA,Western US,FUR-CH-4613,Furniture,Chairs,Hon 2090 “Pillow Soft” Series Mid Back Swivel/Tilt Chairs,899.1360000000001,4,0.2,-146.10960000000014
US-2015-AB10600140-42319,2015-11-11 00:00:00,AB-106001404,Ann Blume,Corporate,United States,USCA,Western US,TEC-PH-3017,Technology,Phones,Adtran 1202752G1,201.584,2,0.2,15.118800000000007
ID-2015-GT14710118-42329,2015-11-21 00:00:00,GT-14710118,Greg Tran,Consumer,South Korea,Asia Pacific,Eastern Asia,FUR-CH-4656,Furniture,Chairs,"Hon Executive Leather Armchair, Red",1837.5599999999997,5,0.2,-114.98999999999995
US-2015-AB10600140-42319,2015-11-11 00:00:00,AB-106001404,Ann Blume,Corporate,United States,USCA,Western US,TEC-AC-3748,Technology,Accessories,Case Logic 2.4GHz Wireless Keyboard,239.95200000000003,6,0.2,-35.99280000000004
MX-2015-MZ1733555-42333,2015-11-25 00:00:00,MZ-1733555,Maria Zettner,Home Office,Honduras,LATAM,Central America,FUR-BO-3903,Furniture,Bookcases,"Dania Library with Doors, Pine",727.5,5,0.4,121.2
US-2015-AB10600140-42319,2015-11-11 00:00:00,AB-106001404,Ann Blume,Corporate,United States,USCA,Western US,TEC-MA-3985,Technology,Machines,DYMO CardScan Personal V9 Business Card Scanner,95.99400000000001,2,0.7,-63.99599999999998
US-2015-AB10600140-42319,2015-11-11 00:00:00,AB-106001404,Ann Blume,Corporate,United States,USCA,Western US,OFF-BI-3728,Office Supplies,Binders,Cardinal EasyOpen D-Ring Binders,38.388000000000005,14,0.7,-25.592
MX-2015-TM2149031-42329,2015-11-21 00:00:00,TM-2149031,Tony Molinari,Consumer,Cuba,LATAM,Caribbean,OFF-AP-3874,Office Supplies,Appliances,"Cuisinart Stove, Silver",1078.0800000000002,3,0,452.75999999999993
US-2015-MC181305-42318,2015-11-10 00:00:00,MC-181305,Mike Caudle,Corporate,Argentina,LATAM,South America,TEC-PH-5840,Technology,Phones,"Samsung Smart Phone, Full Size",1019.9040000000001,4,0.4,-408.0160000000001
IN-2015-PB1880558-42314,2015-11-06 00:00:00,PB-1880558,Patrick Bzostek,Home Office,India,Asia Pacific,Southern Asia,OFF-AP-3576,Office Supplies,Appliances,"Breville Refrigerator, Silver",2080.3199999999997,4,0,603.24
ID-2015-BT11440102-42318,2015-11-10 00:00:00,BT-11440102,Bobby Trafton,Consumer,Philippines,Asia Pacific,Southeastern Asia,OFF-AP-4745,Office Supplies,Appliances,"Hoover Stove, White",2408.0924999999997,5,0.15000000000000002,339.8924999999999
ES-2015-DL133158-42320,2015-11-12 00:00:00,DL-133158,Delfina Latchford,Consumer,Austria,Europe,Western Europe,FUR-CH-5380,Furniture,Chairs,"Novimex Executive Leather Armchair, Red",3221.3999999999996,7,0,1127.49
MX-2015-HL1504039-42333,2015-11-25 00:00:00,HL-1504039,Hunter Lopez,Consumer,El Salvador,LATAM,Central America,FUR-TA-3429,Furniture,Tables,"Bevis Round Table, Adjustable Height",1387.6799999999998,5,0.2,242.78000000000003
IN-2015-MO1780027-42311,2015-11-03 00:00:00,MO-1780027,Meg O'Connel,Home Office,China,Asia Pacific,Eastern Asia,FUR-CH-5380,Furniture,Chairs,"Novimex Executive Leather Armchair, Red",1380.6,3,0,55.17
MX-2015-LB1673539-42326,2015-11-18 00:00:00,LB-1673539,Larry Blacks,Consumer,El Salvador,LATAM,Central America,OFF-AP-4498,Office Supplies,Appliances,"Hamilton Beach Microwave, Red",1318.38,7,0,382.2
MX-2015-DB1291082-42321,2015-11-13 00:00:00,DB-1291082,Daniel Byrd,Home Office,Mexico,LATAM,Central America,OFF-ST-4080,Office Supplies,Storage,"Eldon Lockers, Single Width",1187.6399999999999,9,0,23.580000000000002
CA-2015-AA10645140-42314,2015-11-06 00:00:00,AA-106451404,Anna Andreadi,Consumer,United States,USCA,Western US,OFF-PA-6555,Office Supplies,Paper,Xerox 1996,12.96,2,0,6.2208000000000006
IT-2015-CB1253564-42325,2015-11-17 00:00:00,CB-1253564,Claudia Bergmann,Corporate,Italy,Europe,Southern Europe,TEC-PH-5269,Technology,Phones,"Motorola Smart Phone, with Caller ID",1549.2959999999998,4,0.4,-438.98400000000004
ES-2015-BW1120045-42313,2015-11-05 00:00:00,BW-1120045,Ben Wallace,Consumer,France,Europe,Western Europe,FUR-FU-6239,Furniture,Furnishings,"Tenex Clock, Erganomic",342.09,7,0,153.93
ID-2015-MZ1751578-42325,2015-11-17 00:00:00,MZ-1751578,Mary Zewe,Corporate,Malaysia,Asia Pacific,Southeastern Asia,TEC-PH-5260,Technology,Phones,"Motorola Office Telephone, Full Size",292.2,4,0,119.76
IN-2015-CD119807-42333,2015-11-25 00:00:00,CD-119807,Carol Darley,Consumer,Australia,Asia Pacific,Oceania,TEC-MA-5503,Technology,Machines,"Okidata Inkjet, Wireless",1130.7600000000002,4,0.1,414.6
US-2015-NS1864055-42312,2015-11-04 00:00:00,NS-1864055,Noel Staavos,Corporate,Honduras,LATAM,Central America,TEC-AC-5897,Technology,Accessories,"SanDisk Router, USB",513.12,5,0.4,-153.98000000000002
US-2015-AH1019582-42318,2015-11-10 00:00:00,AH-1019582,Alan Haines,Corporate,Mexico,LATAM,Central America,TEC-CO-4791,Technology,Copiers,"HP Wireless Fax, High-Speed",1192.3106,5,0.002,57.3106
MX-2015-HK1489018-42326,2015-11-18 00:00:00,HK-1489018,Heather Kirkland,Corporate,Brazil,LATAM,South America,FUR-BO-3890,Furniture,Bookcases,"Dania Classic Bookcase, Mobile",551.0399999999998,2,0,99.16
IZ-2015-MS783061-42322,2015-11-14 00:00:00,MS-783061,Melanie Seite,Consumer,Iraq,Asia Pacific,Western Asia,TEC-PH-3805,Technology,Phones,"Cisco Smart Phone, Cordless",651.48,1,0,260.58
MX-2015-HK1489018-42326,2015-11-18 00:00:00,HK-1489018,Heather Kirkland,Corporate,Brazil,LATAM,South America,TEC-PH-3128,Technology,Phones,"Apple Audio Dock, Full Size",448.48,4,0,49.28
MX-2015-MM1828036-42320,2015-11-12 00:00:00,MM-1828036,Muhammed MacIntyre,Corporate,Dominican Republic,LATAM,Caribbean,TEC-AC-5896,Technology,Accessories,"SanDisk Router, Programmable",412.55999999999995,3,0.2,56.7
IN-2015-PB1921027-42337,2015-11-29 00:00:00,PB-1921027,Phillip Breyer,Corporate,China,Asia Pacific,Eastern Asia,TEC-CO-4767,Technology,Copiers,"HP Copy Machine, Laser",973.3199999999999,4,0,9.72
ID-2015-JC153407-42324,2015-11-16 00:00:00,JC-153407,Jasper Cacioppo,Consumer,Australia,Asia Pacific,Oceania,FUR-CH-5776,Furniture,Chairs,"SAFCO Executive Leather Armchair, Set of Two",2503.872,6,0.1,834.552
CA-2015-AP10720140-42328,2015-11-20 00:00:00,AP-107201406,Anne Pryor,Home Office,United States,USCA,Eastern US,OFF-BI-2904,Office Supplies,Binders,"Acco Data Flex Cable Posts For Top & Bottom Load Binders, 6"" Capacity",58.407999999999994,7,0.2,18.252499999999998
CA-2015-AP10720140-42328,2015-11-20 00:00:00,AP-107201406,Anne Pryor,Home Office,United States,USCA,Eastern US,FUR-TA-4624,Furniture,Tables,Hon 61000 Series Interactive Training Tables,79.97399999999999,3,0.4,-29.323800000000006
IN-2015-SV2093558-42321,2015-11-13 00:00:00,SV-2093558,Susan Vittorini,Consumer,India,Asia Pacific,Southern Asia,TEC-CO-3597,Technology,Copiers,"Brother Fax Machine, High-Speed",633.48,2,0,69.66
MX-2015-LC1688582-42329,2015-11-21 00:00:00,LC-1688582,Lena Creighton,Consumer,Mexico,LATAM,Central America,FUR-BO-5966,Furniture,Bookcases,"Sauder Library with Doors, Metal",825.792,4,0.2,41.23200000000001
IN-2015-MP18175144-42328,2015-11-20 00:00:00,MP-18175144,Mike Pelletier,Home Office,Vietnam,Asia Pacific,Southeastern Asia,FUR-BO-4859,Furniture,Bookcases,"Ikea Floating Shelf Set, Traditional",643.8851999999999,6,0.37,-337.2948
IN-2015-PG1882027-42334,2015-11-26 00:00:00,PG-1882027,Patrick Gardner,Consumer,China,Asia Pacific,Eastern Asia,TEC-CO-4574,Technology,Copiers,"Hewlett Fax and Copier, Laser",1157.22,6,0,300.78000000000003
IN-2015-JL1523527-42322,2015-11-14 00:00:00,JL-1523527,Janet Lee,Consumer,China,Asia Pacific,Eastern Asia,FUR-BO-5971,Furniture,Bookcases,"Sauder Stackable Bookrack, Mobile",1174.56,8,0,187.92000000000002
ES-2015-LS1697548-42316,2015-11-08 00:00:00,LS-1697548,Lindsay Shagiari,Home Office,Luxembourg,Europe,Western Europe,OFF-ST-5693,Office Supplies,Storage,"Rogers File Cart, Single Width",637.335,5,0.1,113.23500000000001
PU-2015-TS1134053-42329,2015-11-21 00:00:00,TS-1134053,Toby Swindell,Consumer,Guinea-Bissau,Africa,Western Africa,TEC-PH-5355,Technology,Phones,"Nokia Smart Phone, Full Size",637.35,1,0,70.08
MX-2015-EM1420082-42328,2015-11-20 00:00:00,EM-1420082,Evan Minnotte,Home Office,Mexico,LATAM,Central America,TEC-PH-3805,Technology,Phones,"Cisco Smart Phone, Cordless",868.64,2,0,26.04
MX-2015-SH2039539-42316,2015-11-08 00:00:00,SH-2039539,Shahid Hopkins,Consumer,El Salvador,LATAM,Central America,OFF-ST-6047,Office Supplies,Storage,"Smead Lockers, Industrial",1193.4,9,0,286.38
MX-2015-EM1420082-42328,2015-11-20 00:00:00,EM-1420082,Evan Minnotte,Home Office,Mexico,LATAM,Central America,TEC-AC-5202,Technology,Accessories,"Memorex Keyboard, USB",333.9,7,0,153.57999999999998
MX-2015-JP1613582-42326,2015-11-18 00:00:00,JP-1613582,Julie Prescott,Home Office,Mexico,LATAM,Central America,FUR-BO-4855,Furniture,Bookcases,"Ikea Corner Shelving, Traditional",262.5280000000001,4,0.2,-29.55200000000002
ES-2015-NS18640120-42329,2015-11-21 00:00:00,NS-18640120,Noel Staavos,Corporate,Spain,Europe,Southern Europe,FUR-FU-3034,Furniture,Furnishings,"Advantus Frame, Durable",432.6,4,0,47.519999999999996
SU-2015-RD9585122-42334,2015-11-26 00:00:00,RD-9585122,Rob Dowd,Consumer,Sudan,Africa,North Africa,FUR-BO-3628,Furniture,Bookcases,"Bush Corner Shelving, Metal",740.6999999999999,6,0,103.68
ES-2015-KS1630014-42334,2015-11-26 00:00:00,KS-1630014,Karen Seio,Corporate,Belgium,Europe,Western Europe,TEC-AC-4157,Technology,Accessories,"Enermax Keyboard, Programmable",424.80000000000007,5,0,182.54999999999998
ES-2015-AG1052545-42332,2015-11-24 00:00:00,AG-1052545,Andy Gerbode,Corporate,France,Europe,Western Europe,FUR-BO-5770,Furniture,Bookcases,"Safco Corner Shelving, Pine",814.374,6,0.1,217.13400000000001
CG-2015-LH702033-42311,2015-11-03 00:00:00,LH-702033,Lisa Hazard,Consumer,Democratic Republic of the Congo,Africa,Central Africa,TEC-CO-5994,Technology,Copiers,"Sharp Fax and Copier, Digital",672.96,4,0,228.71999999999997
IN-2015-CB125357-42327,2015-11-19 00:00:00,CB-125357,Claudia Bergmann,Corporate,Australia,Asia Pacific,Oceania,TEC-AC-4185,Technology,Accessories,"Enermax Router, Bluetooth",929.9879999999999,4,0.1,227.26800000000003
US-2015-EH1400551-42315,2015-11-07 00:00:00,EH-1400551,Erica Hernandez,Home Office,Guatemala,LATAM,Central America,FUR-TA-5051,Furniture,Tables,"Lesro Coffee Table, Fully Assembled",811.104,6,0.2,-20.376000000000023
IN-2015-DK1283527-42312,2015-11-04 00:00:00,DK-1283527,Damala Kotsonis,Corporate,China,Asia Pacific,Eastern Asia,TEC-CO-3707,Technology,Copiers,"Canon Wireless Fax, Color",760.2,2,0,288.84000000000003
CA-2015-AR10825140-42311,2015-11-03 00:00:00,AR-108251406,Anthony Rawles,Corporate,United States,USCA,Eastern US,OFF-SU-5634,Office Supplies,Supplies,Premier Automatic Letter Opener,384.59200000000004,2,0.2,-81.72579999999998
IN-2015-DB1327059-42336,2015-11-28 00:00:00,DB-1327059,Deborah Brumfield,Home Office,Indonesia,Asia Pacific,Southeastern Asia,TEC-CO-4772,Technology,Copiers,"HP Fax and Copier, Laser",643.1507999999999,4,0.07,117.55080000000001
IN-2015-MK1816058-42330,2015-11-22 00:00:00,MK-1816058,Mike Kennedy,Consumer,India,Asia Pacific,Southern Asia,FUR-BO-5969,Furniture,Bookcases,"Sauder Library with Doors, Traditional",1162.8899999999999,3,0,81.35999999999999
IN-2015-CD1192021-42312,2015-11-04 00:00:00,CD-1192021,Carlos Daly,Consumer,Cambodia,Asia Pacific,Southeastern Asia,TEC-MA-4201,Technology,Machines,"Epson Phone, Durable",891.9899999999999,11,0,445.83000000000004
US-2015-SH20395143-42330,2015-11-22 00:00:00,SH-20395143,Shahid Hopkins,Consumer,Venezuela,LATAM,South America,FUR-BO-3901,Furniture,Bookcases,"Dania Library with Doors, Metal",578.976,4,0.4,-125.50399999999999
BN-2015-PF916515-42335,2015-11-27 00:00:00,PF-916515,Philip Fox,Consumer,Benin,Africa,Western Africa,TEC-CO-5999,Technology,Copiers,"Sharp Fax Machine, High-Speed",1175.3999999999999,4,0,246.71999999999997
ES-2015-KC1625514-42325,2015-11-17 00:00:00,KC-1625514,Karen Carlisle,Corporate,Belgium,Europe,Western Europe,FUR-CH-5806,Furniture,Chairs,"SAFCO Swivel Stool, Black",496.5300000000001,3,0,178.74
UP-2015-HK4890137-42313,2015-11-05 00:00:00,HK-4890137,Heather Kirkland,Corporate,Ukraine,Europe,Eastern Europe,FUR-BO-5960,Furniture,Bookcases,"Sauder Floating Shelf Set, Mobile",788.4000000000001,4,0,291.6
IN-2015-JH1582059-42328,2015-11-20 00:00:00,JH-1582059,John Huston,Consumer,Indonesia,Asia Pacific,Southeastern Asia,OFF-ST-5702,Office Supplies,Storage,"Rogers Lockers, Single Width",351.33899999999994,2,0.17,114.27900000000001
ES-2015-DP1316548-42313,2015-11-05 00:00:00,DP-1316548,David Philippe,Consumer,Germany,Europe,Western Europe,FUR-CH-4545,Furniture,Chairs,"Harbour Creations Rocking Chair, Black",911.358,7,0.1,202.39800000000002
MX-2015-GT1463531-42313,2015-11-05 00:00:00,GT-1463531,Grant Thornton,Corporate,Cuba,LATAM,Caribbean,TEC-CO-5999,Technology,Copiers,"Sharp Fax Machine, High-Speed",1173.0492,6,0.002,338.4492
US-2015-AF10870140-42328,2015-11-20 00:00:00,AF-108701402,Art Ferguson,Consumer,United States,USCA,Central US,FUR-CH-5445,Furniture,Chairs,Office Star Flex Back Scooter Chair with White Frame,233.058,3,0.3,-53.270399999999995
PU-2015-TS1134053-42329,2015-11-21 00:00:00,TS-1134053,Toby Swindell,Consumer,Guinea-Bissau,Africa,Western Africa,TEC-AC-3405,Technology,Accessories,"Belkin Router, USB",517.9200000000001,2,0,243.42000000000002
IN-2015-BW110657-42319,2015-11-11 00:00:00,BW-110657,Barry Weirich,Consumer,Australia,Asia Pacific,Oceania,TEC-AC-5223,Technology,Accessories,"Memorex Router, Bluetooth",664.767,3,0.1,162.477
CA-2015-AF10870140-42327,2015-11-19 00:00:00,AF-108701408,Art Ferguson,Consumer,United States,USCA,Southern US,OFF-PA-6494,Office Supplies,Paper,Xerox 194,44.384,1,0.2,15.534399999999998
CA-2015-AF10870140-42327,2015-11-19 00:00:00,AF-108701408,Art Ferguson,Consumer,United States,USCA,Southern US,OFF-FA-6129,Office Supplies,Fasteners,Staples,2.9440000000000004,1,0.2,-0.6624000000000002
IN-2015-DK132257-42311,2015-11-03 00:00:00,DK-132257,Dean Katz,Corporate,Australia,Asia Pacific,Oceania,TEC-CO-3695,Technology,Copiers,"Canon Ink, Digital",264.222,2,0.1,44.02199999999999
ES-2015-KH1651014-42333,2015-11-25 00:00:00,KH-1651014,Keith Herrera,Consumer,Belgium,Europe,Western Europe,OFF-ST-6057,Office Supplies,Storage,"Smead Shelving, Blue",293.5799999999999,6,0,88.01999999999998
MX-2015-SS2041018-42336,2015-11-28 00:00:00,SS-2041018,Shahid Shariari,Consumer,Brazil,LATAM,South America,TEC-PH-3817,Technology,Phones,"Cisco Speaker Phone, VoIP",461.8999999999999,5,0,101.6
IN-2015-GR1456027-42314,2015-11-06 00:00:00,GR-1456027,Georgia Rosenberg,Corporate,China,Asia Pacific,Eastern Asia,TEC-PH-5264,Technology,Phones,"Motorola Signal Booster, Full Size",577.6800000000001,4,0,75
ES-2015-MG1814545-42332,2015-11-24 00:00:00,MG-1814545,Mike Gockenbach,Consumer,France,Europe,Western Europe,FUR-BO-5960,Furniture,Bookcases,"Sauder Floating Shelf Set, Mobile",709.5600000000001,4,0.1,212.76
ES-2015-MZ17515124-42326,2015-11-18 00:00:00,MZ-17515124,Mary Zewe,Corporate,Sweden,Europe,Northern Europe,TEC-MA-5513,Technology,Machines,"Okidata Printer, Wireless",671.2500000000001,5,0.5,-308.8500000000001
SA-2015-NM8445110-42336,2015-11-28 00:00:00,NM-8445110,Nathan Mautz,Home Office,Saudi Arabia,Asia Pacific,Western Asia,TEC-MA-5501,Technology,Machines,"Okidata Inkjet, Durable",1250.0400000000002,4,0,12.48
ES-2015-RB19330139-42334,2015-11-26 00:00:00,RB-19330139,Randy Bradley,Consumer,United Kingdom,Europe,Northern Europe,OFF-AR-3528,Office Supplies,Art,"Boston Canvas, Water Color",227.28000000000003,4,0,34.08
ES-2015-BT1153048-42326,2015-11-18 00:00:00,BT-1153048,Bradley Talbott,Home Office,Germany,Europe,Western Europe,FUR-BO-5961,Furniture,Bookcases,"Sauder Floating Shelf Set, Pine",705.3480000000001,4,0.1,101.868
ES-2015-DL133158-42320,2015-11-12 00:00:00,DL-133158,Delfina Latchford,Consumer,Austria,Europe,Western Europe,OFF-ST-5700,Office Supplies,Storage,"Rogers Lockers, Blue",1269.72,6,0,88.74
IN-2015-Co1264027-42334,2015-11-26 00:00:00,Co-1264027,Corey-Lock,Consumer,China,Asia Pacific,Eastern Asia,FUR-CH-5367,Furniture,Chairs,"Novimex Bag Chairs, Black",304.71000000000004,7,0,2.9400000000000004
IN-2015-CD119807-42333,2015-11-25 00:00:00,CD-119807,Carol Darley,Consumer,Australia,Asia Pacific,Oceania,OFF-ST-4080,Office Supplies,Storage,"Eldon Lockers, Single Width",890.7299999999999,5,0.1,79.08000000000003
ES-2015-NB18655120-42331,2015-11-23 00:00:00,NB-18655120,Nona Balk,Corporate,Spain,Europe,Southern Europe,TEC-PH-3816,Technology,Phones,"Cisco Speaker Phone, Full Size",754.7579999999999,6,0.1,201.258
IN-2015-LF1718558-42320,2015-11-12 00:00:00,LF-1718558,Luke Foster,Consumer,India,Asia Pacific,Southern Asia,FUR-FU-5735,Furniture,Furnishings,"Rubbermaid Photo Frame, Black",621,12,0,99.35999999999999
IN-2015-JS1568527-42329,2015-11-21 00:00:00,JS-1568527,Jim Sink,Corporate,China,Asia Pacific,Eastern Asia,FUR-BO-4856,Furniture,Bookcases,"Ikea Floating Shelf Set, Metal",509.40000000000003,3,0,5.040000000000001
ES-2015-BT1153048-42326,2015-11-18 00:00:00,BT-1153048,Bradley Talbott,Home Office,Germany,Europe,Western Europe,OFF-BI-4815,Office Supplies,Binders,"Ibico Binding Machine, Clear",356.16,7,0,163.79999999999998
US-2015-AW10930140-42323,2015-11-15 00:00:00,AW-109301402,Arthur Wiediger,Home Office,United States,USCA,Central US,OFF-EN-5974,Office Supplies,Envelopes,Security-Tint Envelopes,15.28,2,0,7.4872
MX-2015-JC1538582-42335,2015-11-27 00:00:00,JC-1538582,Jenna Caffey,Consumer,Mexico,LATAM,Central America,TEC-CO-3587,Technology,Copiers,"Brother Copy Machine, Color",350.93672,2,0.002,125.85672
US-2015-FH1436582-42327,2015-11-19 00:00:00,FH-1436582,Fred Hopkins,Corporate,Mexico,LATAM,Central America,FUR-BO-5761,Furniture,Bookcases,"Safco Classic Bookcase, Mobile",705.0720000000001,3,0.2,-132.228
IN-2015-TC2114566-42318,2015-11-10 00:00:00,TC-2114566,Theresa Coyne,Corporate,Japan,Asia Pacific,Eastern Asia,TEC-PH-5831,Technology,Phones,"Samsung Office Telephone, VoIP",587.79,9,0,264.33
ES-2015-CK1220564-42325,2015-11-17 00:00:00,CK-1220564,Chloris Kastensmidt,Consumer,Italy,Europe,Southern Europe,TEC-CO-4582,Technology,Copiers,"Hewlett Ink, Laser",743.3999999999999,5,0,89.1
ID-2015-GP1474092-42313,2015-11-05 00:00:00,GP-1474092,Guy Phonely,Corporate,New Zealand,Asia Pacific,Oceania,TEC-PH-3815,Technology,Phones,"Cisco Speaker Phone, Cordless",339.19199999999995,4,0.4,-62.20799999999997
UP-2015-NF8385137-42320,2015-11-12 00:00:00,NF-8385137,Natalie Fritzler,Consumer,Ukraine,Europe,Eastern Europe,OFF-ST-6046,Office Supplies,Storage,"Smead Lockers, Blue",793.6800000000001,4,0,134.88
MX-2015-JB1592539-42323,2015-11-15 00:00:00,JB-1592539,Joni Blumstein,Consumer,El Salvador,LATAM,Central America,TEC-AC-5223,Technology,Accessories,"Memorex Router, Bluetooth",328.28000000000003,2,0,141.16
IN-2015-CM1183027-42312,2015-11-04 00:00:00,CM-1183027,Cari MacIntyre,Corporate,China,Asia Pacific,Eastern Asia,TEC-MA-5542,Technology,Machines,"Panasonic Card Printer, Durable",869.7,5,0,408.75
ES-2015-SW20455139-42325,2015-11-17 00:00:00,SW-20455139,Shaun Weien,Consumer,United Kingdom,Europe,Northern Europe,OFF-ST-6273,Office Supplies,Storage,"Tenex Shelving, Industrial",275.7,5,0,52.35
MX-2015-KC1654036-42316,2015-11-08 00:00:00,KC-1654036,Kelly Collister,Consumer,Dominican Republic,LATAM,Caribbean,OFF-ST-6031,Office Supplies,Storage,"Smead File Cart, Blue",883.792,13,0.2,287.092
IZ-2015-RD972061-42311,2015-11-03 00:00:00,RD-972061,Roger Demir,Consumer,Iraq,Asia Pacific,Western Asia,FUR-CH-5774,Furniture,Chairs,"SAFCO Executive Leather Armchair, Black",458.9999999999999,1,0,215.73
IT-2015-DW13540120-42336,2015-11-28 00:00:00,DW-13540120,Don Weiss,Consumer,Spain,Europe,Southern Europe,OFF-ST-5693,Office Supplies,Storage,"Rogers File Cart, Single Width",637.335,5,0.1,113.23500000000001
IN-2015-BW110657-42319,2015-11-11 00:00:00,BW-110657,Barry Weirich,Consumer,Australia,Asia Pacific,Oceania,TEC-AC-5874,Technology,Accessories,"SanDisk Memory Card, Programmable",717.633,7,0.1,-79.737
US-2015-KA1652582-42328,2015-11-20 00:00:00,KA-1652582,Kelly Andreada,Consumer,Mexico,LATAM,Central America,FUR-BO-3641,Furniture,Bookcases,"Bush Library with Doors, Pine",975.1200000000001,5,0.2,-219.48000000000002
CA-2015-BF11005140-42330,2015-11-22 00:00:00,BF-110051404,Barry Franz,Home Office,United States,USCA,Western US,TEC-PH-5241,Technology,Phones,Mitel MiVoice 5330e IP Phone,659.9760000000001,3,0.2,49.49819999999997
CA-2015-BF11005140-42330,2015-11-22 00:00:00,BF-110051404,Barry Franz,Home Office,United States,USCA,Western US,OFF-ST-4088,Office Supplies,Storage,Eldon Portable Mobile Manager,56.56,2,0,15.2712
MX-2015-JL1517593-42328,2015-11-20 00:00:00,JL-1517593,James Lanier,Home Office,Nicaragua,LATAM,Central America,TEC-CO-4578,Technology,Copiers,"Hewlett Fax Machine, Laser",1064.2672,5,0.002,531.0672
CA-2015-BF11005140-42330,2015-11-22 00:00:00,BF-110051404,Barry Franz,Home Office,United States,USCA,Western US,OFF-AP-2932,Office Supplies,Appliances,"Acco Six-Outlet Power Strip, 4' Cord Length",8.62,1,0,2.2412
IN-2015-CB125357-42327,2015-11-19 00:00:00,CB-125357,Claudia Bergmann,Corporate,Australia,Asia Pacific,Oceania,FUR-CH-4530,Furniture,Chairs,"Harbour Creations Executive Leather Armchair, Adjustable",1713.9599999999998,4,0.1,228.47999999999996
CA-2015-BF11005140-42330,2015-11-22 00:00:00,BF-110051404,Barry Franz,Home Office,United States,USCA,Western US,OFF-AR-5324,Office Supplies,Art,Newell 344,5.56,2,0,1.4455999999999998
CA-2015-BF11005140-42330,2015-11-22 00:00:00,BF-110051404,Barry Franz,Home Office,United States,USCA,Western US,OFF-FA-3076,Office Supplies,Fasteners,Advantus T-Pin Paper Clips,9.02,2,0,3.5178000000000003
IT-2015-BF1100548-42311,2015-11-03 00:00:00,BF-1100548,Barry Franz,Home Office,Germany,Europe,Western Europe,TEC-MA-5512,Technology,Machines,"Okidata Printer, White",934.1850000000001,7,0.5,-915.705
ES-2015-BB1154548-42336,2015-11-28 00:00:00,BB-1154548,Brenda Bowman,Corporate,Germany,Europe,Western Europe,FUR-BO-3647,Furniture,Bookcases,"Bush Stackable Bookrack, Pine",561.87,5,0.1,181.01999999999998
ES-2015-DW13540120-42326,2015-11-18 00:00:00,DW-13540120,Don Weiss,Consumer,Spain,Europe,Southern Europe,FUR-BO-3889,Furniture,Bookcases,"Dania Classic Bookcase, Metal",410.22,1,0,135.35999999999999
IN-2015-FH1435059-42321,2015-11-13 00:00:00,FH-1435059,Fred Harton,Consumer,Indonesia,Asia Pacific,Southeastern Asia,TEC-CO-3594,Technology,Copiers,"Brother Fax and Copier, Laser",712.3428,4,0.07,91.82279999999999
IN-2015-BF1100558-42319,2015-11-11 00:00:00,BF-1100558,Barry Franz,Home Office,India,Asia Pacific,Southern Asia,TEC-PH-5837,Technology,Phones,"Samsung Signal Booster, VoIP",683.4000000000001,5,0,34.050000000000004
CA-2015-BG11035140-42311,2015-11-03 00:00:00,BG-110351408,Barry Gonzalez,Consumer,United States,USCA,Southern US,OFF-AR-5295,Office Supplies,Art,Newell 318,5.56,2,0,1.4455999999999998
MX-2015-RP1939082-42336,2015-11-28 00:00:00,RP-1939082,Resi Pölking,Consumer,Mexico,LATAM,Central America,TEC-PH-5827,Technology,Phones,"Samsung Headset, with Caller ID",536.8,11,0,85.8
ES-2015-LC17140139-42323,2015-11-15 00:00:00,LC-17140139,Logan Currie,Consumer,United Kingdom,Europe,Northern Europe,TEC-CO-4765,Technology,Copiers,"HP Copy Machine, Color",735.39,3,0,250.02
ES-2015-PW1903045-42320,2015-11-12 00:00:00,PW-1903045,Pauline Webber,Corporate,France,Europe,Western Europe,FUR-BO-3640,Furniture,Bookcases,"Bush Library with Doors, Mobile",330.15600000000006,1,0.1,80.67599999999999
IN-2015-MK1816058-42330,2015-11-22 00:00:00,MK-1816058,Mike Kennedy,Consumer,India,Asia Pacific,Southern Asia,TEC-CO-3609,Technology,Copiers,"Brother Wireless Fax, Digital",1892.2500000000002,5,0,927.1500000000001
IT-2015-MJ1774045-42316,2015-11-08 00:00:00,MJ-1774045,Max Jones,Consumer,France,Europe,Western Europe,TEC-CO-3679,Technology,Copiers,"Canon Copy Machine, Digital",890.052,4,0.15,-41.988000000000014
MX-2015-TC2114593-42313,2015-11-05 00:00:00,TC-2114593,Theresa Coyne,Corporate,Nicaragua,LATAM,Central America,TEC-CO-3597,Technology,Copiers,"Brother Fax Machine, High-Speed",1053.6884,5,0.002,441.2884
IN-2015-CM1238597-42312,2015-11-04 00:00:00,CM-1238597,Christopher Martinez,Consumer,Pakistan,Asia Pacific,Southern Asia,TEC-CO-6000,Technology,Copiers,"Sharp Fax Machine, Laser",443.47499999999997,3,0.5,-381.465
ES-2015-AG1052545-42332,2015-11-24 00:00:00,AG-1052545,Andy Gerbode,Corporate,France,Europe,Western Europe,TEC-MA-6142,Technology,Machines,"StarTech Inkjet, Wireless",513.2130000000001,2,0.15,-90.56700000000001
RO-2015-GH4665107-42333,2015-11-25 00:00:00,GH-4665107,Greg Hansen,Consumer,Romania,Europe,Eastern Europe,OFF-AR-3460,Office Supplies,Art,"BIC Pencil Sharpener, Blue",232.07999999999998,8,0,95.03999999999999
ES-2015-BP1115545-42320,2015-11-12 00:00:00,BP-1115545,Becky Pak,Consumer,France,Europe,Western Europe,OFF-BI-3724,Office Supplies,Binders,"Cardinal Binding Machine, Clear",246.15000000000006,5,0,98.4
IN-2015-LF1718558-42320,2015-11-12 00:00:00,LF-1718558,Luke Foster,Consumer,India,Asia Pacific,Southern Asia,TEC-PH-5835,Technology,Phones,"Samsung Signal Booster, Cordless",697.2,5,0,132.45000000000002
IN-2015-BW110657-42319,2015-11-11 00:00:00,BW-110657,Barry Weirich,Consumer,Australia,Asia Pacific,Oceania,OFF-ST-6263,Office Supplies,Storage,"Tenex Lockers, Single Width",551.286,3,0.1,24.426000000000002
IN-2015-JK1573027-42321,2015-11-13 00:00:00,JK-1573027,Joe Kamberova,Consumer,China,Asia Pacific,Eastern Asia,OFF-ST-5703,Office Supplies,Storage,"Rogers Lockers, Wire Frame",632.0699999999999,3,0,101.07
SU-2015-RD9585122-42334,2015-11-26 00:00:00,RD-9585122,Rob Dowd,Consumer,Sudan,Africa,North Africa,OFF-AP-4959,Office Supplies,Appliances,"KitchenAid Microwave, White",1233.84,4,0,407.15999999999997
IN-2015-JL1523527-42322,2015-11-14 00:00:00,JL-1523527,Janet Lee,Consumer,China,Asia Pacific,Eastern Asia,FUR-BO-5942,Furniture,Bookcases,"Sauder 3-Shelf Cabinet, Pine",840.1500000000001,5,0,100.8
UP-2015-CD2280137-42309,2015-11-01 00:00:00,CD-2280137,Christina DeMoss,Consumer,Ukraine,Europe,Eastern Europe,OFF-ST-6047,Office Supplies,Storage,"Smead Lockers, Industrial",397.79999999999995,2,0,111.35999999999999
IN-2015-JF1549078-42334,2015-11-26 00:00:00,JF-1549078,Jeremy Farry,Consumer,Malaysia,Asia Pacific,Southeastern Asia,TEC-CO-3678,Technology,Copiers,"Canon Copy Machine, Color",527.16,2,0,0
ES-2015-SB20290139-42328,2015-11-20 00:00:00,SB-20290139,Sean Braxton,Corporate,United Kingdom,Europe,Northern Europe,OFF-AP-4958,Office Supplies,Appliances,"KitchenAid Microwave, Silver",933.21,3,0,27.990000000000002
ES-2015-RH19555139-42330,2015-11-22 00:00:00,RH-19555139,Ritsa Hightower,Consumer,United Kingdom,Europe,Northern Europe,FUR-BO-3647,Furniture,Bookcases,"Bush Stackable Bookrack, Pine",674.2439999999999,6,0.1,217.224
IN-2015-Co1264058-42326,2015-11-18 00:00:00,Co-1264058,Corey-Lock,Consumer,India,Asia Pacific,Southern Asia,TEC-PH-3807,Technology,Phones,"Cisco Smart Phone, with Caller ID",654.24,1,0,268.23
US-2015-VB2174598-42318,2015-11-10 00:00:00,VB-2174598,Victoria Brennan,Corporate,Panama,LATAM,Central America,TEC-CO-4792,Technology,Copiers,"HP Wireless Fax, Laser",718.0186,5,0.402,-314.68140000000005
IT-2015-LW17125139-42314,2015-11-06 00:00:00,LW-17125139,Liz Willingham,Consumer,United Kingdom,Europe,Northern Europe,FUR-FU-5728,Furniture,Furnishings,"Rubbermaid Frame, Duo Pack",538.755,7,0.3,-146.26500000000004
IN-2015-AH1007558-42338,2015-11-30 00:00:00,AH-1007558,Adam Hart,Corporate,India,Asia Pacific,Southern Asia,OFF-ST-6032,Office Supplies,Storage,"Smead File Cart, Industrial",641.9999999999999,5,0,179.7
MX-2015-TZ2144551-42331,2015-11-23 00:00:00,TZ-2144551,Tom Zandusky,Corporate,Guatemala,LATAM,Central America,FUR-BO-4863,Furniture,Bookcases,"Ikea Library with Doors, Traditional",484.52,2,0,58.120000000000005
MX-2015-LC1688582-42329,2015-11-21 00:00:00,LC-1688582,Lena Creighton,Consumer,Mexico,LATAM,Central America,FUR-FU-3034,Furniture,Furnishings,"Advantus Frame, Durable",346.08000000000004,8,0.4,-207.68
MX-2015-KC1654036-42316,2015-11-08 00:00:00,KC-1654036,Kelly Collister,Consumer,Dominican Republic,LATAM,Caribbean,FUR-CH-5441,Furniture,Chairs,"Office Star Executive Leather Armchair, Adjustable",751.8720000000001,3,0.2,56.351999999999954
MX-2015-LD1700582-42320,2015-11-12 00:00:00,LD-1700582,Lisa DeCherney,Consumer,Mexico,LATAM,Central America,TEC-CO-4765,Technology,Copiers,"HP Copy Machine, Color",652.3726399999999,4,0.002,129.41264
MX-2015-BP1115536-42327,2015-11-19 00:00:00,BP-1115536,Becky Pak,Consumer,Dominican Republic,LATAM,Caribbean,TEC-CO-3707,Technology,Copiers,"Canon Wireless Fax, Color",606.6396000000001,3,0.202,28.839599999999972
IT-2015-CL1256545-42326,2015-11-18 00:00:00,CL-1256545,Clay Ludtke,Consumer,France,Europe,Western Europe,OFF-ST-6049,Office Supplies,Storage,"Smead Lockers, Wire Frame",710.964,4,0.1,-7.956000000000017
ES-2015-EJ1415545-42321,2015-11-13 00:00:00,EJ-1415545,Eva Jacobs,Consumer,France,Europe,Western Europe,FUR-BO-3894,Furniture,Bookcases,"Dania Corner Shelving, Mobile",336.39300000000003,3,0.1,70.98299999999998
ID-2015-ST205307-42336,2015-11-28 00:00:00,ST-205307,Shui Tom,Consumer,Australia,Asia Pacific,Oceania,TEC-AC-5121,Technology,Accessories,"Logitech Memory Card, Bluetooth",372.168,4,0.1,16.488
ES-2015-HW1493545-42335,2015-11-27 00:00:00,HW-1493545,Helen Wasserman,Corporate,France,Europe,Western Europe,OFF-AR-3458,Office Supplies,Art,"BIC Markers, Fluorescent",138.45000000000002,5,0,10.95
ES-2015-MG1769591-42335,2015-11-27 00:00:00,MG-1769591,Maureen Gnade,Consumer,Netherlands,Europe,Western Europe,OFF-ST-6047,Office Supplies,Storage,"Smead Lockers, Industrial",397.79999999999995,4,0.5,-175.07999999999998
CA-2015-BP11230140-42330,2015-11-22 00:00:00,BP-112301404,Benjamin Patterson,Consumer,United States,USCA,Western US,FUR-TA-5772,Furniture,Tables,Safco Drafting Table,70.98,1,0,20.584199999999996
MX-2015-SC2044082-42325,2015-11-17 00:00:00,SC-2044082,Shaun Chance,Corporate,Mexico,LATAM,Central America,FUR-TA-3336,Furniture,Tables,"Barricks Coffee Table, Adjustable Height",971.8079999999998,6,0.2,72.76800000000007
ID-2015-EN137807-42312,2015-11-04 00:00:00,EN-137807,Edward Nazzal,Consumer,Australia,Asia Pacific,Oceania,TEC-CO-3694,Technology,Copiers,"Canon Ink, Color",356.616,4,0.4,-124.82400000000003
MX-2015-CB1241598-42333,2015-11-25 00:00:00,CB-1241598,Christy Brittain,Consumer,Panama,LATAM,Central America,TEC-CO-5990,Technology,Copiers,"Sharp Copy Machine, Color",672.1041599999999,7,0.402,-429.41583999999995
IN-2015-BF1097592-42334,2015-11-26 00:00:00,BF-1097592,Barbara Fisher,Corporate,New Zealand,Asia Pacific,Oceania,FUR-TA-5056,Furniture,Tables,"Lesro Computer Table, with Bottom Storage",516.636,2,0.4,-155.00399999999996
IN-2015-LR170357-42313,2015-11-05 00:00:00,LR-170357,Lisa Ryan,Corporate,Australia,Asia Pacific,Oceania,OFF-AP-4503,Office Supplies,Appliances,"Hamilton Beach Refrigerator, Silver",450.792,1,0.1,150.252
IN-2015-NF1838527-42329,2015-11-21 00:00:00,NF-1838527,Natalie Fritzler,Consumer,China,Asia Pacific,Eastern Asia,TEC-CO-4582,Technology,Copiers,"Hewlett Ink, Laser",594.7199999999999,4,0,291.36
IN-2015-SZ200357-42311,2015-11-03 00:00:00,SZ-200357,Sam Zeldin,Home Office,Australia,Asia Pacific,Oceania,TEC-CO-4580,Technology,Copiers,"Hewlett Ink, Digital",800.928,6,0.1,266.868
AO-2015-LM70654-42314,2015-11-06 00:00:00,LM-70654,Liz MacKendrick,Consumer,Angola,Africa,Central Africa,OFF-ST-6047,Office Supplies,Storage,"Smead Lockers, Industrial",795.5999999999999,4,0,222.71999999999997
CA-2015-BF11275140-42312,2015-11-04 00:00:00,BF-112751408,Beth Fritzler,Corporate,United States,USCA,Southern US,TEC-PH-5622,Technology,Phones,Polycom SoundPoint IP 450 VoIP phone,361.37600000000003,2,0.2,27.1032
CA-2015-BP11290140-42333,2015-11-25 00:00:00,BP-112901404,Beth Paige,Consumer,United States,USCA,Western US,FUR-TA-4675,Furniture,Tables,"Hon Practical Foundations 30 x 60 Training Table, Light Gray/Charcoal",364.08000000000004,2,0.2,9.102000000000004
CA-2015-BP11290140-42333,2015-11-25 00:00:00,BP-112901404,Beth Paige,Consumer,United States,USCA,Western US,FUR-TA-4624,Furniture,Tables,Hon 61000 Series Interactive Training Tables,71.08800000000001,2,0.2,-1.777200000000004
ES-2015-GG1465045-42336,2015-11-28 00:00:00,GG-1465045,Greg Guthrie,Corporate,France,Europe,Western Europe,OFF-ST-4096,Office Supplies,Storage,"Eldon Shelving, Single Width",261.63,6,0.1,-29.07
MX-2015-CR1262582-42326,2015-11-18 00:00:00,CR-1262582,Corey Roper,Home Office,Mexico,LATAM,Central America,TEC-PH-5248,Technology,Phones,"Motorola Audio Dock, VoIP",693.84,6,0,0
MX-2015-TS2137051-42321,2015-11-13 00:00:00,TS-2137051,Todd Sumrall,Corporate,Guatemala,LATAM,Central America,TEC-CO-3687,Technology,Copiers,"Canon Fax Machine, Digital",634.7878799999999,3,0.002,62.32788000000001
IN-2015-DN1369092-42329,2015-11-21 00:00:00,DN-1369092,Duane Noonan,Consumer,New Zealand,Asia Pacific,Oceania,TEC-AC-4188,Technology,Accessories,"Enermax Router, USB",517.08,2,0,149.94
IN-2015-EH1399058-42325,2015-11-17 00:00:00,EH-1399058,Erica Hackney,Consumer,India,Asia Pacific,Southern Asia,FUR-CH-5750,Furniture,Chairs,"SAFCO Bag Chairs, Adjustable",415.43999999999994,8,0,66.24
EG-2015-DS303038-42321,2015-11-13 00:00:00,DS-303038,Darrin Sayre,Home Office,Egypt,Africa,North Africa,OFF-AP-4733,Office Supplies,Appliances,"Hoover Microwave, White",613.56,2,0,165.66
CA-2015-BD11320140-42336,2015-11-28 00:00:00,BD-113201404,Bill Donatelli,Consumer,United States,USCA,Western US,OFF-BI-5637,Office Supplies,Binders,Premium Transparent Presentation Covers by GBC,117.48800000000001,7,0.2,41.12079999999999
ID-2015-DK1289559-42315,2015-11-07 00:00:00,DK-1289559,Dana Kaydos,Consumer,Indonesia,Asia Pacific,Southeastern Asia,FUR-BO-3888,Furniture,Bookcases,"Dania 3-Shelf Cabinet, Traditional",394.64549999999997,3,0.07,-4.324500000000008
CA-2015-BD11320140-42336,2015-11-28 00:00:00,BD-113201404,Bill Donatelli,Consumer,United States,USCA,Western US,FUR-FU-4017,Furniture,Furnishings,Eldon 200 Class Desk Accessories,18.84,3,0,6.0287999999999995
MX-2015-SV2081582-42335,2015-11-27 00:00:00,SV-2081582,Stuart Van,Corporate,Mexico,LATAM,Central America,TEC-CO-5990,Technology,Copiers,"Sharp Copy Machine, Color",316.16639999999995,2,0.002,151.40640000000002
SA-2015-DB3555110-42328,2015-11-20 00:00:00,DB-3555110,Dorothy Badders,Corporate,Saudi Arabia,Asia Pacific,Western Asia,FUR-BO-3889,Furniture,Bookcases,"Dania Classic Bookcase, Metal",820.44,2,0,270.71999999999997
ES-2015-MK1816048-42315,2015-11-07 00:00:00,MK-1816048,Mike Kennedy,Consumer,Germany,Europe,Western Europe,OFF-ST-6261,Office Supplies,Storage,"Tenex Lockers, Blue",551.2049999999999,3,0.1,97.96500000000003
US-2015-TH2111555-42326,2015-11-18 00:00:00,TH-2111555,Thea Hudgings,Corporate,Honduras,LATAM,Central America,TEC-PH-3805,Technology,Phones,"Cisco Smart Phone, Cordless",260.592,1,0.4,-160.708
MX-2015-DR1294039-42321,2015-11-13 00:00:00,DR-1294039,Daniel Raglin,Home Office,El Salvador,LATAM,Central America,TEC-CO-6002,Technology,Copiers,"Sharp Ink, Digital",412.67299999999994,5,0.002,56.973
CA-2015-BS11380140-42325,2015-11-17 00:00:00,BS-113801406,Bill Stewart,Corporate,United States,USCA,Eastern US,TEC-CO-4584,Technology,Copiers,Hewlett Packard 610 Color Digital Copier / Printer,899.982,3,0.4,74.99849999999992
ES-2015-BC11125139-42328,2015-11-20 00:00:00,BC-11125139,Becky Castell,Home Office,United Kingdom,Europe,Northern Europe,TEC-PH-5335,Technology,Phones,"Nokia Audio Dock, Cordless",508.77,3,0,101.70000000000002
CA-2015-BS11380140-42325,2015-11-17 00:00:00,BS-113801406,Bill Stewart,Corporate,United States,USCA,Eastern US,OFF-AR-5553,Office Supplies,Art,Panasonic KP-380BK Classic Electric Pencil Sharpener,86.352,3,0.2,5.396999999999991
CA-2015-BS11380140-42325,2015-11-17 00:00:00,BS-113801406,Bill Stewart,Corporate,United States,USCA,Eastern US,TEC-AC-5120,Technology,Accessories,Logitech Media Keyboard K200,139.96000000000004,5,0.2,-1.7495000000000118
ID-2015-LR170357-42315,2015-11-07 00:00:00,LR-170357,Lisa Ryan,Corporate,Australia,Asia Pacific,Oceania,TEC-CO-5997,Technology,Copiers,"Sharp Fax Machine, Color",534.762,2,0.1,-53.478
ES-2015-KS1630014-42334,2015-11-26 00:00:00,KS-1630014,Karen Seio,Corporate,Belgium,Europe,Western Europe,FUR-BO-3618,Furniture,Bookcases,"Bush 3-Shelf Cabinet, Traditional",143.37,1,0,31.53
IN-2015-BK1126059-42322,2015-11-14 00:00:00,BK-1126059,Berenike Kampe,Consumer,Indonesia,Asia Pacific,Southeastern Asia,TEC-CO-6000,Technology,Copiers,"Sharp Fax Machine, Laser",274.95449999999994,1,0.07,-0.025500000000000966
IN-2015-EJ137207-42314,2015-11-06 00:00:00,EJ-137207,Ed Jacobs,Consumer,Australia,Asia Pacific,Oceania,FUR-CH-5373,Furniture,Chairs,"Novimex Chairmat, Set of Two",369.117,7,0.1,110.607
ES-2015-PM1913596-42333,2015-11-25 00:00:00,PM-1913596,Peter McVee,Home Office,Norway,Europe,Northern Europe,TEC-CO-4774,Technology,Copiers,"HP Fax Machine, Digital",599.16,2,0,0
IN-2015-RB1946558-42326,2015-11-18 00:00:00,RB-1946558,Rick Bensley,Home Office,India,Asia Pacific,Southern Asia,FUR-CH-4518,Furniture,Chairs,"Harbour Creations Bag Chairs, Adjustable",448.77,7,0,170.51999999999998
US-2015-SU20665143-42335,2015-11-27 00:00:00,SU-20665143,Stephanie Ulpright,Home Office,Venezuela,LATAM,South America,FUR-TA-5072,Furniture,Tables,"Lesro Wood Table, Fully Assembled",656.4600000000002,7,0.7,-765.9399999999998
SA-2015-MC7575110-42326,2015-11-18 00:00:00,MC-7575110,Matt Collins,Consumer,Saudi Arabia,Asia Pacific,Western Asia,OFF-ST-6033,Office Supplies,Storage,"Smead File Cart, Single Width",256.85999999999996,2,0,2.52
MX-2015-CM1193518-42333,2015-11-25 00:00:00,CM-1193518,Carlos Meador,Consumer,Brazil,LATAM,South America,TEC-PH-5846,Technology,Phones,"Samsung Speaker Phone, with Caller ID",410.8,5,0,127.3
US-2015-BD11500140-42334,2015-11-26 00:00:00,BD-115001404,Bradley Drucker,Consumer,United States,USCA,Western US,FUR-BO-5964,Furniture,Bookcases,"Sauder Forest Hills Library, Woodland Oak Finish",359.49899999999997,3,0.15,-29.60579999999998
US-2015-BD11500140-42334,2015-11-26 00:00:00,BD-115001404,Bradley Drucker,Consumer,United States,USCA,Western US,OFF-ST-6157,Office Supplies,Storage,Sterilite Officeware Hinged File Box,10.48,1,0,2.8296
ES-2015-TB2125048-42315,2015-11-07 00:00:00,TB-2125048,Tim Brockman,Consumer,Germany,Europe,Western Europe,OFF-AR-3457,Office Supplies,Art,"BIC Markers, Easy-Erase",240.3,9,0,67.23
IN-2015-LF1718558-42320,2015-11-12 00:00:00,LF-1718558,Luke Foster,Consumer,India,Asia Pacific,Southern Asia,TEC-MA-5503,Technology,Machines,"Okidata Inkjet, Wireless",628.2,2,0,270.12
KE-2015-JH598569-42317,2015-11-09 00:00:00,JH-598569,Joseph Holt,Consumer,Kenya,Africa,Eastern Africa,TEC-MA-5515,Technology,Machines,"Okidata Receipt Printer, Red",480.24,4,0,81.6
MX-2015-EG1390082-42333,2015-11-25 00:00:00,EG-1390082,Emily Grady,Consumer,Mexico,LATAM,Central America,OFF-BI-6385,Office Supplies,Binders,"Wilson Jones Binding Machine, Recycled",361.68,11,0,25.3
US-2015-AB1006098-42327,2015-11-19 00:00:00,AB-1006098,Adam Bellavance,Home Office,Panama,LATAM,Central America,FUR-CH-5378,Furniture,Chairs,"Novimex Executive Leather Armchair, Adjustable",364.4159999999998,2,0.4,-109.34399999999991
PU-2015-NF847553-42326,2015-11-18 00:00:00,NF-847553,Neil Französisch,Home Office,Guinea-Bissau,Africa,Western Africa,TEC-PH-5839,Technology,Phones,"Samsung Smart Phone, Cordless",639.0000000000001,1,0,44.730000000000004
ES-2015-PW1903045-42320,2015-11-12 00:00:00,PW-1903045,Pauline Webber,Corporate,France,Europe,Western Europe,OFF-BI-3255,Office Supplies,Binders,"Avery Binding Machine, Clear",338.1,7,0,40.53
IN-2015-BM1178527-42329,2015-11-21 00:00:00,BM-1178527,Bryan Mills,Consumer,China,Asia Pacific,Eastern Asia,TEC-PH-3129,Technology,Phones,"Apple Audio Dock, VoIP",333.96000000000004,2,0,76.80000000000001
SA-2015-MC7575110-42326,2015-11-18 00:00:00,MC-7575110,Matt Collins,Consumer,Saudi Arabia,Asia Pacific,Western Asia,OFF-AR-6124,Office Supplies,Art,"Stanley Pens, Water Color",185.22,14,0,59.21999999999999
ID-2015-TB214007-42322,2015-11-14 00:00:00,TB-214007,Tom Boeckenhauer,Consumer,Australia,Asia Pacific,Oceania,TEC-AC-3391,Technology,Accessories,"Belkin Memory Card, USB",207.03599999999997,2,0.1,-16.104
IT-2015-NG1835548-42309,2015-11-01 00:00:00,NG-1835548,Nat Gilpin,Corporate,Germany,Europe,Western Europe,TEC-CO-4774,Technology,Copiers,"HP Fax Machine, Digital",539.244,2,0.1,-59.916
ES-2015-CK1220564-42325,2015-11-17 00:00:00,CK-1220564,Chloris Kastensmidt,Consumer,Italy,Europe,Southern Europe,OFF-AR-3553,Office Supplies,Art,"Boston Sketch Pad, Easy-Erase",390.96,8,0,113.28
ES-2015-CS1225045-42325,2015-11-17 00:00:00,CS-1225045,Chris Selesnick,Corporate,France,Europe,Western Europe,TEC-CO-3608,Technology,Copiers,"Brother Wireless Fax, Color",646.425,2,0.15,45.584999999999994
ES-2015-VD2167048-42333,2015-11-25 00:00:00,VD-2167048,Valerie Dominguez,Consumer,Germany,Europe,Western Europe,TEC-PH-5844,Technology,Phones,"Samsung Speaker Phone, Full Size",249.06,2,0,59.760000000000005
CA-2015-BB11545140-42320,2015-11-12 00:00:00,BB-115451408,Brenda Bowman,Corporate,United States,USCA,Southern US,OFF-AP-4750,Office Supplies,Appliances,Hoover Upright Vacuum With Dirt Cup,1158.12,5,0.2,130.28849999999983
ID-2015-AP1072059-42325,2015-11-17 00:00:00,AP-1072059,Anne Pryor,Home Office,Indonesia,Asia Pacific,Southeastern Asia,TEC-AC-4186,Technology,Accessories,"Enermax Router, Erganomic",407.2626000000001,3,0.47000000000000003,-192.1374000000001
ES-2015-AC1061564-42329,2015-11-21 00:00:00,AC-1061564,Ann Chong,Corporate,Italy,Europe,Southern Europe,OFF-ST-4081,Office Supplies,Storage,"Eldon Lockers, Wire Frame",709.1279999999999,6,0.4,-236.412
ES-2015-SE2011048-42335,2015-11-27 00:00:00,SE-2011048,Sanjit Engle,Consumer,Germany,Europe,Western Europe,OFF-AR-3477,Office Supplies,Art,"Binney & Smith Canvas, Fluorescent",263.09999999999997,5,0,49.95
IR-2015-PL892560-42320,2015-11-12 00:00:00,PL-892560,Paul Lucas,Home Office,Iran,Asia Pacific,Southern Asia,OFF-ST-5693,Office Supplies,Storage,"Rogers File Cart, Single Width",142.08,1,0,22.71
US-2015-BS11590140-42334,2015-11-26 00:00:00,BS-115901408,Brendan Sweed,Corporate,United States,USCA,Southern US,FUR-CH-5431,Furniture,Chairs,Office Star - Professional Matrix Back Chair with 2-to-1 Synchro Tilt and Mesh Fabric Seat,701.96,2,0,168.47040000000004
MX-2015-SN2071093-42325,2015-11-17 00:00:00,SN-2071093,Steve Nguyen,Home Office,Nicaragua,LATAM,Central America,FUR-BO-5763,Furniture,Bookcases,"Safco Classic Bookcase, Traditional",584.2,2,0,239.51999999999998
CG-2015-LL684033-42334,2015-11-26 00:00:00,LL-684033,Lauren Leatherbury,Consumer,Democratic Republic of the Congo,Africa,Central Africa,TEC-MA-5500,Technology,Machines,"Okidata Card Printer, Wireless",351.65999999999997,2,0,17.580000000000002
ES-2015-BV1124545-42325,2015-11-17 00:00:00,BV-1124545,Benjamin Venier,Corporate,France,Europe,Western Europe,FUR-CH-5793,Furniture,Chairs,"SAFCO Rocking Chair, Adjustable",618.3000000000001,5,0.1,178.49999999999997
IN-2015-PJ1901559-42325,2015-11-17 00:00:00,PJ-1901559,Pauline Johnson,Consumer,Indonesia,Asia Pacific,Southeastern Asia,OFF-ST-4081,Office Supplies,Storage,"Eldon Lockers, Wire Frame",490.48019999999997,3,0.17,153.6102
MX-2015-JP1613582-42326,2015-11-18 00:00:00,JP-1613582,Julie Prescott,Home Office,Mexico,LATAM,Central America,OFF-ST-6067,Office Supplies,Storage,"Smead Trays, Single Width",161.7,5,0,59.8
IT-2015-IM1507091-42329,2015-11-21 00:00:00,IM-1507091,Irene Maddox,Consumer,Netherlands,Europe,Western Europe,TEC-PH-5812,Technology,Phones,"Samsung Audio Dock, Cordless",424.20000000000005,5,0.5,-271.50000000000006
MX-2015-TB2159518-42332,2015-11-24 00:00:00,TB-2159518,Troy Blackwell,Consumer,Brazil,LATAM,South America,TEC-PH-5829,Technology,Phones,"Samsung Office Telephone, Cordless",408.41999999999996,9,0,32.58
IN-2015-HJ1487527-42333,2015-11-25 00:00:00,HJ-1487527,Heather Jas,Home Office,China,Asia Pacific,Eastern Asia,OFF-ST-4055,Office Supplies,Storage,"Eldon File Cart, Blue",253.92000000000004,2,0,68.52
MX-2015-DL1331582-42335,2015-11-27 00:00:00,DL-1331582,Delfina Latchford,Consumer,Mexico,LATAM,Central America,TEC-MA-6134,Technology,Machines,"StarTech Calculator, White",230.22000000000003,9,0,62.1
MX-2015-EG1390082-42333,2015-11-25 00:00:00,EG-1390082,Emily Grady,Consumer,Mexico,LATAM,Central America,TEC-CO-5997,Technology,Copiers,"Sharp Fax Machine, Color",395.32775999999996,2,0.002,50.68776
IN-2015-CD1192021-42312,2015-11-04 00:00:00,CD-1192021,Carlos Daly,Consumer,Cambodia,Asia Pacific,Southeastern Asia,TEC-CO-6003,Technology,Copiers,"Sharp Ink, High-Speed",245.21999999999997,2,0,31.86
ES-2015-CS1225045-42325,2015-11-17 00:00:00,CS-1225045,Chris Selesnick,Corporate,France,Europe,Western Europe,OFF-AR-3447,Office Supplies,Art,"BIC Canvas, Blue",322.2,6,0,25.740000000000002
SF-2015-JF5415117-42332,2015-11-24 00:00:00,JF-5415117,Jennifer Ferguson,Consumer,South Africa,Africa,Southern Africa,OFF-ST-4285,Office Supplies,Storage,"Fellowes Shelving, Wire Frame",113.82,2,0,46.62
CA-2015-BM11650140-42318,2015-11-10 00:00:00,BM-116501406,Brian Moss,Corporate,United States,USCA,Eastern US,OFF-ST-3015,Office Supplies,Storage,Adjustable Depth Letter/Legal Cart,1633.14,9,0,473.61059999999975
CA-2015-BM11650140-42318,2015-11-10 00:00:00,BM-116501406,Brian Moss,Corporate,United States,USCA,Eastern US,OFF-ST-3015,Office Supplies,Storage,Adjustable Depth Letter/Legal Cart,544.38,3,0,157.87019999999993
CA-2015-BM11650140-42318,2015-11-10 00:00:00,BM-116501406,Brian Moss,Corporate,United States,USCA,Eastern US,TEC-AC-5186,Technology,Accessories,Maxell iVDR EX 500GB Cartridge,826.6200000000001,3,0,355.4466000000001
CA-2015-BM11650140-42336,2015-11-28 00:00:00,BM-116501402,Brian Moss,Corporate,United States,USCA,Central US,TEC-AC-5211,Technology,Accessories,Memorex Mini Travel Drive 16 GB USB 2.0 Flash Drive,143.73000000000002,9,0,56.05470000000001
UP-2015-LB6795137-42313,2015-11-05 00:00:00,LB-6795137,Laurel Beltran,Home Office,Ukraine,Europe,Eastern Europe,OFF-LA-4662,Office Supplies,Labels,"Hon Legal Exhibit Labels, 5000 Label Set",157.5,14,0,28.140000000000004
CA-2015-BM11650140-42336,2015-11-28 00:00:00,BM-116501402,Brian Moss,Corporate,United States,USCA,Central US,FUR-FU-4758,Furniture,Furnishings,"Howard Miller 13"" Diameter Goldtone Round Wall Clock",46.94,1,0,19.2454
CA-2015-BM11650140-42318,2015-11-10 00:00:00,BM-116501406,Brian Moss,Corporate,United States,USCA,Eastern US,OFF-BI-6412,Office Supplies,Binders,Wilson Jones Turn Tabs Binder Tool for Ring Binders,9.64,2,0,4.4344
ES-2015-MG1769591-42335,2015-11-27 00:00:00,MG-1769591,Maureen Gnade,Consumer,Netherlands,Europe,Western Europe,TEC-CO-3678,Technology,Copiers,"Canon Copy Machine, Color",263.58,2,0.5,-131.82
CA-2015-BM11650140-42325,2015-11-17 00:00:00,BM-116501406,Brian Moss,Corporate,United States,USCA,Eastern US,OFF-BI-5645,Office Supplies,Binders,Prestige Round Ring Binders,1.8240000000000003,1,0.7,-1.3983999999999996
MX-2015-HK1489018-42326,2015-11-18 00:00:00,HK-1489018,Heather Kirkland,Corporate,Brazil,LATAM,South America,FUR-TA-3436,Furniture,Tables,"Bevis Training Table, Fully Assembled",358.87999999999994,2,0.2,49.32000000000003
ES-2015-MG1769591-42335,2015-11-27 00:00:00,MG-1769591,Maureen Gnade,Consumer,Netherlands,Europe,Western Europe,OFF-AR-3545,Office Supplies,Art,"Boston Pencil Sharpener, Water Color",144.58499999999998,9,0.5,-0.1349999999999909
MX-2015-BM1178528-42333,2015-11-25 00:00:00,BM-1178528,Bryan Mills,Consumer,Colombia,LATAM,South America,FUR-BO-4861,Furniture,Bookcases,"Ikea Library with Doors, Mobile",731.82,3,0,146.34
IR-2015-PL892560-42320,2015-11-12 00:00:00,PL-892560,Paul Lucas,Home Office,Iran,Asia Pacific,Southern Asia,OFF-ST-4282,Office Supplies,Storage,"Fellowes Shelving, Blue",231.35999999999996,4,0,85.56
ES-2015-AG1067564-42322,2015-11-14 00:00:00,AG-1067564,Anna Gayman,Consumer,Italy,Europe,Southern Europe,OFF-BI-3715,Office Supplies,Binders,"Cardinal 3-Hole Punch, Recycled",145.8,5,0,42.15
MX-2015-JM1565582-42322,2015-11-14 00:00:00,JM-1565582,Jim Mitchum,Corporate,Mexico,LATAM,Central America,TEC-CO-4778,Technology,Copiers,"HP Ink, Digital",341.55552,4,0.002,115.63552
US-2015-BT11680140-42329,2015-11-21 00:00:00,BT-116801406,Brian Thompson,Consumer,United States,USCA,Eastern US,FUR-FU-4331,Furniture,Furnishings,"Floodlight Indoor Halogen Bulbs, 1 Bulb per Pack, 60 Watts",77.6,5,0.2,28.129999999999995
US-2015-AH1019582-42318,2015-11-10 00:00:00,AH-1019582,Alan Haines,Corporate,Mexico,LATAM,Central America,FUR-TA-3431,Furniture,Tables,"Bevis Round Table, Rectangular",825.216,3,0.2,-144.44400000000002
IT-2015-DW13540120-42336,2015-11-28 00:00:00,DW-13540120,Don Weiss,Consumer,Spain,Europe,Southern Europe,FUR-CH-5412,Furniture,Chairs,"Novimex Swivel Stool, Black",388.87200000000007,3,0.2,-82.63800000000002
ID-2015-EN137807-42312,2015-11-04 00:00:00,EN-137807,Edward Nazzal,Consumer,Australia,Asia Pacific,Oceania,TEC-MA-5003,Technology,Machines,"Konica Card Printer, Red",206.78400000000002,2,0.4,-27.576000000000022
US-2015-RH1949554-42338,2015-11-30 00:00:00,RH-1949554,Rick Hansen,Consumer,Haiti,LATAM,Caribbean,FUR-CH-5413,Furniture,Chairs,"Novimex Swivel Stool, Red",263.136,4,0.4,-17.584000000000014
US-2015-BT11680140-42329,2015-11-21 00:00:00,BT-116801406,Brian Thompson,Consumer,United States,USCA,Eastern US,FUR-FU-4386,Furniture,Furnishings,"GE General Purpose, Extra Long Life, Showcase & Floodlight Incandescent Bulbs",4.656000000000001,2,0.2,1.5713999999999997
CA-2015-BG11695140-42333,2015-11-25 00:00:00,BG-116951402,Brooke Gillingham,Corporate,United States,USCA,Central US,OFF-ST-4246,Office Supplies,Storage,Fellowes Bases and Tops For Staxonsteel/High-Stak Systems,33.29,1,0,7.989599999999999
MX-2015-LC1688582-42329,2015-11-21 00:00:00,LC-1688582,Lena Creighton,Consumer,Mexico,LATAM,Central America,OFF-ST-5711,Office Supplies,Storage,"Rogers Trays, Single Width",205.7,5,0,41.1
MX-2015-SP2062093-42328,2015-11-20 00:00:00,SP-2062093,Stefania Perrino,Corporate,Nicaragua,LATAM,Central America,TEC-AC-5887,Technology,Accessories,"SanDisk Numeric Keypad, Bluetooth",184.50000000000003,5,0,77.4
ES-2015-MH1729045-42318,2015-11-10 00:00:00,MH-1729045,Marc Harrigan,Home Office,France,Europe,Western Europe,OFF-ST-4057,Office Supplies,Storage,"Eldon File Cart, Single Width",693.198,6,0.1,253.998
ID-2015-CC126857-42315,2015-11-07 00:00:00,CC-126857,Craig Carroll,Consumer,Australia,Asia Pacific,Oceania,OFF-AP-3867,Office Supplies,Appliances,"Cuisinart Microwave, White",663.8399999999999,4,0.4,-409.43999999999994
US-2015-PJ1883536-42319,2015-11-11 00:00:00,PJ-1883536,Patrick Jones,Corporate,Dominican Republic,LATAM,Caribbean,FUR-FU-4067,Furniture,Furnishings,"Eldon Frame, Erganomic",268.03,7,0.5,-230.51
MX-2015-AF1088582-42316,2015-11-08 00:00:00,AF-1088582,Art Foster,Consumer,Mexico,LATAM,Central America,TEC-CO-3707,Technology,Copiers,"Canon Wireless Fax, Color",505.78639999999996,2,0.002,120.5864
US-2015-AH1019582-42318,2015-11-10 00:00:00,AH-1019582,Alan Haines,Corporate,Mexico,LATAM,Central America,TEC-CO-3683,Technology,Copiers,"Canon Fax and Copier, Digital",508.26144000000005,4,0.002,192.50144
YM-2015-KF6285145-42335,2015-11-27 00:00:00,KF-6285145,Karen Ferguson,Home Office,Yemen,Asia Pacific,Western Asia,OFF-ST-4081,Office Supplies,Storage,"Eldon Lockers, Wire Frame",354.5640000000001,6,0.7,-590.976
NI-2015-HW493595-42313,2015-11-05 00:00:00,HW-493595,Helen Wasserman,Corporate,Nigeria,Africa,Western Africa,FUR-BO-5798,Furniture,Bookcases,"Safco Stackable Bookrack, Pine",270.59400000000005,6,0.7,-306.84599999999983
ES-2015-BW1111045-42315,2015-11-07 00:00:00,BW-1111045,Bart Watters,Corporate,France,Europe,Western Europe,TEC-MA-6151,Technology,Machines,"StarTech Receipt Printer, Durable",752.7600000000001,8,0.15,35.400000000000006
CA-2015-BG11740140-42312,2015-11-04 00:00:00,BG-117401404,Bruce Geld,Consumer,United States,USCA,Western US,FUR-TA-5791,Furniture,Tables,"SAFCO PlanMaster Boards, 60w x 37-1/2d, White Melamine",486.36800000000005,4,0.2,36.477600000000024
MO-2015-PM894086-42314,2015-11-06 00:00:00,PM-894086,Paul MacIntyre,Consumer,Morocco,Africa,North Africa,FUR-CH-5378,Furniture,Chairs,"Novimex Executive Leather Armchair, Adjustable",455.5199999999999,1,0,59.19
ID-2015-MZ1751578-42325,2015-11-17 00:00:00,MZ-1751578,Mary Zewe,Corporate,Malaysia,Asia Pacific,Southeastern Asia,TEC-AC-5200,Technology,Accessories,"Memorex Keyboard, Erganomic",138.3,2,0,52.5
ID-2015-LR170357-42315,2015-11-07 00:00:00,LR-170357,Lisa Ryan,Corporate,Australia,Asia Pacific,Oceania,OFF-ST-6283,Office Supplies,Storage,"Tenex Trays, Single Width",292.89599999999996,6,0.1,104.07600000000001
ES-2015-DL133158-42320,2015-11-12 00:00:00,DL-133158,Delfina Latchford,Consumer,Austria,Europe,Western Europe,OFF-ST-6032,Office Supplies,Storage,"Smead File Cart, Industrial",385.19999999999993,3,0,107.82
IN-2015-OT1873027-42336,2015-11-28 00:00:00,OT-1873027,Olvera Toch,Consumer,China,Asia Pacific,Eastern Asia,OFF-PA-3989,Office Supplies,Paper,"Eaton Cards & Envelopes, Recycled",495.99,11,0,74.25
ES-2015-CS1225045-42325,2015-11-17 00:00:00,CS-1225045,Chris Selesnick,Corporate,France,Europe,Western Europe,TEC-PH-3151,Technology,Phones,"Apple Speaker Phone, Full Size",317.7045,3,0.15,104.5845
MX-2015-LB1673536-42312,2015-11-04 00:00:00,LB-1673536,Larry Blacks,Consumer,Dominican Republic,LATAM,Caribbean,FUR-CH-4518,Furniture,Chairs,"Harbour Creations Bag Chairs, Adjustable",239.344,7,0.2,62.80399999999999
MX-2015-EG1390082-42333,2015-11-25 00:00:00,EG-1390082,Emily Grady,Consumer,Mexico,LATAM,Central America,TEC-CO-3601,Technology,Copiers,"Brother Ink, High-Speed",387.224,4,0.002,38.024
ES-2015-TB2125048-42315,2015-11-07 00:00:00,TB-2125048,Tim Brockman,Consumer,Germany,Europe,Western Europe,TEC-CO-3680,Technology,Copiers,"Canon Copy Machine, High-Speed",260.34000000000003,1,0,46.86
MX-2015-HL1504039-42333,2015-11-25 00:00:00,HL-1504039,Hunter Lopez,Consumer,El Salvador,LATAM,Central America,TEC-CO-3678,Technology,Copiers,"Canon Copy Machine, Color",526.10568,3,0.002,225.56568000000001
IR-2015-EM406560-42317,2015-11-09 00:00:00,EM-406560,Erin Mull,Consumer,Iran,Asia Pacific,Southern Asia,TEC-CO-3610,Technology,Copiers,"Brother Wireless Fax, High-Speed",377.01,1,0,82.92
US-2015-DK128355-42312,2015-11-04 00:00:00,DK-128355,Damala Kotsonis,Corporate,Argentina,LATAM,South America,TEC-PH-5842,Technology,Phones,"Samsung Smart Phone, with Caller ID",508.91999999999996,2,0.4,-305.36
IN-2015-BW112007-42329,2015-11-21 00:00:00,BW-112007,Ben Wallace,Consumer,Australia,Asia Pacific,Oceania,TEC-AC-5136,Technology,Accessories,"Logitech Router, Programmable",447.876,2,0.1,129.336
ID-2015-CS121307-42314,2015-11-06 00:00:00,CS-121307,Chad Sievert,Consumer,Australia,Asia Pacific,Oceania,FUR-BO-3629,Furniture,Bookcases,"Bush Corner Shelving, Mobile",341.577,3,0.1,-30.393
ES-2015-KC1625514-42325,2015-11-17 00:00:00,KC-1625514,Karen Carlisle,Corporate,Belgium,Europe,Western Europe,OFF-ST-4260,Office Supplies,Storage,"Fellowes File Cart, Wire Frame",409.1400000000001,3,0,85.85999999999999
ES-2015-CL1270064-42329,2015-11-21 00:00:00,CL-1270064,Craig Leslie,Home Office,Italy,Europe,Southern Europe,OFF-AR-3471,Office Supplies,Art,"BIC Sketch Pad, Water Color",414.72,8,0,62.16
MX-2015-LR1703593-42324,2015-11-16 00:00:00,LR-1703593,Lisa Ryan,Corporate,Nicaragua,LATAM,Central America,TEC-PH-5829,Technology,Phones,"Samsung Office Telephone, Cordless",408.41999999999996,9,0,32.58
ES-2015-HM14980139-42329,2015-11-21 00:00:00,HM-14980139,Henry MacAllister,Consumer,United Kingdom,Europe,Northern Europe,TEC-PH-5248,Technology,Phones,"Motorola Audio Dock, VoIP",520.38,3,0,150.84
MX-2015-DG1330082-42325,2015-11-17 00:00:00,DG-1330082,Deirdre Greer,Corporate,Mexico,LATAM,Central America,FUR-CH-4545,Furniture,Chairs,"Harbour Creations Rocking Chair, Black",385.76,5,0.2,38.56
ES-2015-RS19765139-42326,2015-11-18 00:00:00,RS-19765139,Roland Schwarz,Corporate,United Kingdom,Europe,Northern Europe,FUR-BO-3901,Furniture,Bookcases,"Dania Library with Doors, Metal",723.72,2,0,253.26
SU-2015-RM9375122-42335,2015-11-27 00:00:00,RM-9375122,Raymond Messe,Consumer,Sudan,Africa,North Africa,OFF-ST-6273,Office Supplies,Storage,"Tenex Shelving, Industrial",220.56,4,0,41.88
US-2015-DL1331555-42329,2015-11-21 00:00:00,DL-1331555,Delfina Latchford,Consumer,Honduras,LATAM,Central America,OFF-ST-5692,Office Supplies,Storage,"Rogers File Cart, Industrial",226.56,4,0.4,-147.28000000000003
MX-2015-TB2128031-42312,2015-11-04 00:00:00,TB-2128031,Toby Braunhardt,Consumer,Cuba,LATAM,Caribbean,FUR-CH-5803,Furniture,Chairs,"SAFCO Steel Folding Chair, Set of Two",586.4,10,0,275.6
MX-2015-LL1684082-42315,2015-11-07 00:00:00,LL-1684082,Lauren Leatherbury,Consumer,Mexico,LATAM,Central America,TEC-CO-5992,Technology,Copiers,"Sharp Copy Machine, Laser",477.12383999999986,3,0.002,147.24384
CA-2015-CD11920140-42329,2015-11-21 00:00:00,CD-119201406,Carlos Daly,Consumer,United States,USCA,Eastern US,TEC-PH-5817,Technology,Phones,Samsung Galaxy Mega 6.3,1259.97,3,0,327.59220000000005
CA-2015-CD11920140-42329,2015-11-21 00:00:00,CD-119201406,Carlos Daly,Consumer,United States,USCA,Eastern US,FUR-BO-5946,Furniture,Bookcases,"Sauder Camden County Collection Libraries, Planked Cherry Finish",183.96800000000002,2,0.2,-25.29560000000002
ES-2015-DF13135120-42323,2015-11-15 00:00:00,DF-13135120,David Flashing,Consumer,Spain,Europe,Southern Europe,OFF-AP-3866,Office Supplies,Appliances,"Cuisinart Microwave, Silver",558.42,2,0,0
MX-2015-EM1414093-42323,2015-11-15 00:00:00,EM-1414093,Eugene Moren,Home Office,Nicaragua,LATAM,Central America,FUR-BO-3639,Furniture,Bookcases,"Bush Library with Doors, Metal",727.56,3,0,116.4
MX-2015-TB2117551-42330,2015-11-22 00:00:00,TB-2117551,Thomas Boland,Corporate,Guatemala,LATAM,Central America,FUR-BO-5967,Furniture,Bookcases,"Sauder Library with Doors, Mobile",520.1999999999999,2,0,124.84
CA-2015-CD11920140-42329,2015-11-21 00:00:00,CD-119201406,Carlos Daly,Consumer,United States,USCA,Eastern US,OFF-AR-3536,Office Supplies,Art,Boston KS Multi-Size Manual Pencil Sharpener,68.97,3,0,19.311600000000002
MX-2015-SC2044082-42325,2015-11-17 00:00:00,SC-2044082,Shaun Chance,Corporate,Mexico,LATAM,Central America,TEC-CO-4791,Technology,Copiers,"HP Wireless Fax, High-Speed",715.3863600000001,3,0.002,34.38636
CA-2015-CD11920140-42329,2015-11-21 00:00:00,CD-119201406,Carlos Daly,Consumer,United States,USCA,Eastern US,OFF-PA-6524,Office Supplies,Paper,Xerox 1968,46.76,7,0,22.4448
ES-2015-MY17380120-42316,2015-11-08 00:00:00,MY-17380120,Maribeth Yedwab,Corporate,Spain,Europe,Southern Europe,TEC-PH-5836,Technology,Phones,"Samsung Signal Booster, Full Size",868.644,7,0.1,366.7439999999999
MX-2015-DR1294039-42321,2015-11-13 00:00:00,DR-1294039,Daniel Raglin,Home Office,El Salvador,LATAM,Central America,TEC-CO-4568,Technology,Copiers,"Hewlett Copy Machine, Color",348.46168,2,0.002,76.10168
IN-2015-TB216257-42328,2015-11-20 00:00:00,TB-216257,Trudy Brown,Consumer,Australia,Asia Pacific,Oceania,FUR-BO-4863,Furniture,Bookcases,"Ikea Library with Doors, Traditional",654.102,2,0.1,-50.897999999999996
IN-2015-BB115457-42326,2015-11-18 00:00:00,BB-115457,Brenda Bowman,Corporate,Australia,Asia Pacific,Oceania,TEC-PH-3135,Technology,Phones,"Apple Headset, with Caller ID",131.868,2,0.1,5.808000000000002
IT-2015-CV1280545-42335,2015-11-27 00:00:00,CV-1280545,Cynthia Voltz,Corporate,France,Europe,Western Europe,TEC-PH-3802,Technology,Phones,"Cisco Signal Booster, VoIP",258.264,2,0.15,-27.396
ES-2015-SM2032048-42315,2015-11-07 00:00:00,SM-2032048,Sean Miller,Home Office,Germany,Europe,Western Europe,OFF-ST-6065,Office Supplies,Storage,"Smead Trays, Blue",349.05600000000004,8,0.1,11.616
MX-2015-BS1180026-42316,2015-11-08 00:00:00,BS-1180026,Bryan Spruell,Home Office,Chile,LATAM,South America,FUR-CH-5406,Furniture,Chairs,"Novimex Steel Folding Chair, Adjustable",508.32,9,0,5.04
RS-2015-EG3900108-42318,2015-11-10 00:00:00,EG-3900108,Emily Grady,Consumer,Russia,Europe,Eastern Europe,TEC-AC-5134,Technology,Accessories,"Logitech Router, Bluetooth",494.64,2,0,39.54
ES-2015-NC1862564-42314,2015-11-06 00:00:00,NC-1862564,Noah Childs,Corporate,Italy,Europe,Southern Europe,FUR-FU-5728,Furniture,Furnishings,"Rubbermaid Frame, Duo Pack",549.7500000000001,5,0,60.45
MX-2015-SW2024582-42336,2015-11-28 00:00:00,SW-2024582,Scot Wooten,Consumer,Mexico,LATAM,Central America,TEC-CO-3610,Technology,Copiers,"Brother Wireless Fax, High-Speed",250.83732,1,0.002,44.73732
CA-2015-CD11980140-42315,2015-11-07 00:00:00,CD-119801406,Carol Darley,Consumer,United States,USCA,Eastern US,OFF-PA-6457,Office Supplies,Paper,Xerox 1906,318.96,9,0,149.91119999999998
MX-2015-SP2062093-42328,2015-11-20 00:00:00,SP-2062093,Stefania Perrino,Corporate,Nicaragua,LATAM,Central America,OFF-PA-6602,Office Supplies,Paper,"Xerox Cards & Envelopes, Premium",119.92,4,0,40.72
ES-2015-DW13540120-42326,2015-11-18 00:00:00,DW-13540120,Don Weiss,Consumer,Spain,Europe,Southern Europe,TEC-AC-5118,Technology,Accessories,"Logitech Keyboard, USB",363.30000000000007,5,0,76.2
RO-2015-TT11460107-42327,2015-11-19 00:00:00,TT-11460107,Tonja Turnell,Home Office,Romania,Europe,Eastern Europe,OFF-ST-6047,Office Supplies,Storage,"Smead Lockers, Industrial",198.89999999999998,1,0,55.67999999999999
IT-2015-DW13540120-42336,2015-11-28 00:00:00,DW-13540120,Don Weiss,Consumer,Spain,Europe,Southern Europe,OFF-ST-5692,Office Supplies,Storage,"Rogers File Cart, Industrial",382.32000000000005,3,0.1,29.69999999999998
MX-2015-CL1189031-42325,2015-11-17 00:00:00,CL-1189031,Carl Ludwig,Consumer,Cuba,LATAM,Caribbean,FUR-BO-5762,Furniture,Bookcases,"Safco Classic Bookcase, Pine",293,1,0,5.86
IN-2015-HD1478527-42327,2015-11-19 00:00:00,HD-1478527,Harold Dahlen,Home Office,China,Asia Pacific,Eastern Asia,TEC-AC-5204,Technology,Accessories,"Memorex Memory Card, Erganomic",400.31999999999994,4,0,112.08
ES-2015-HW1493545-42335,2015-11-27 00:00:00,HW-1493545,Helen Wasserman,Corporate,France,Europe,Western Europe,OFF-BI-3717,Office Supplies,Binders,"Cardinal Binder Covers, Durable",189,14,0,60.480000000000004
CM-2015-AH1007522-42330,2015-11-22 00:00:00,AH-1007522,Adam Hart,Corporate,Cameroon,Africa,Central Africa,TEC-MA-5517,Technology,Machines,"Okidata Receipt Printer, Wireless",245.82,2,0,66.36
SF-2015-JF5415117-42332,2015-11-24 00:00:00,JF-5415117,Jennifer Ferguson,Consumer,South Africa,Africa,Southern Africa,TEC-PH-3152,Technology,Phones,"Apple Speaker Phone, VoIP",123.39000000000001,1,0,49.349999999999994
MO-2015-PO919586-42336,2015-11-28 00:00:00,PO-919586,Phillina Ober,Home Office,Morocco,Africa,North Africa,TEC-PH-3815,Technology,Phones,"Cisco Speaker Phone, Cordless",565.3199999999999,4,0,56.519999999999996
US-2015-CB12025140-42322,2015-11-14 00:00:00,CB-120251408,Cassandra Brandow,Consumer,United States,USCA,Southern US,TEC-AC-3125,Technology,Accessories,Anker Ultrathin Bluetooth Wireless Keyboard Aluminum Cover with Stand ,239.92,8,0,23.99199999999999
ES-2015-MZ17515124-42326,2015-11-18 00:00:00,MZ-17515124,Mary Zewe,Corporate,Sweden,Europe,Northern Europe,FUR-CH-4520,Furniture,Chairs,"Harbour Creations Bag Chairs, Red",184.86,6,0.5,-25.920000000000016
RO-2015-SJ10215107-42313,2015-11-05 00:00:00,SJ-10215107,Sarah Jordon,Consumer,Romania,Europe,Eastern Europe,TEC-MA-4207,Technology,Machines,"Epson Printer, White",261.03000000000003,1,0,10.44
TU-2015-DV3045134-42336,2015-11-28 00:00:00,DV-3045134,Darrin Van Huff,Corporate,Turkey,Asia Pacific,Western Asia,OFF-ST-4107,Office Supplies,Storage,"Eldon Trays, Single Width",268.80000000000007,14,0.6,-181.43999999999994
IN-2015-CS1217558-42309,2015-11-01 00:00:00,CS-1217558,Charles Sheldon,Corporate,India,Asia Pacific,Southern Asia,OFF-AP-4968,Office Supplies,Appliances,"KitchenAid Toaster, Black",169.5,2,0,15.24
US-2015-DL1331555-42329,2015-11-21 00:00:00,DL-1331555,Delfina Latchford,Consumer,Honduras,LATAM,Central America,OFF-ST-4078,Office Supplies,Storage,"Eldon Lockers, Blue",158.328,2,0.4,-102.95200000000003
CA-2015-CG12040140-42320,2015-11-12 00:00:00,CG-120401402,Catherine Glotzbach,Home Office,United States,USCA,Central US,OFF-BI-5645,Office Supplies,Binders,Prestige Round Ring Binders,18.240000000000002,3,0,8.572799999999999
IT-2015-JE1574548-42337,2015-11-29 00:00:00,JE-1574548,Joel Eaton,Consumer,Germany,Europe,Western Europe,OFF-ST-4055,Office Supplies,Storage,"Eldon File Cart, Blue",457.0560000000001,4,0.1,-40.704000000000015
NI-2015-AA64595-42309,2015-11-01 00:00:00,AA-64595,Anna Andreadi,Consumer,Nigeria,Africa,Western Africa,TEC-CO-3680,Technology,Copiers,"Canon Copy Machine, High-Speed",156.20400000000004,2,0.7,-270.756
IT-2015-NS18640104-42325,2015-11-17 00:00:00,NS-18640104,Noel Staavos,Corporate,Portugal,Europe,Southern Europe,OFF-ST-4259,Office Supplies,Storage,"Fellowes File Cart, Single Width",274.68,4,0.5,-274.68
IN-2015-CS1225058-42315,2015-11-07 00:00:00,CS-1225058,Chris Selesnick,Corporate,India,Asia Pacific,Southern Asia,OFF-AP-4725,Office Supplies,Appliances,"Hoover Coffee Grinder, White",401.58000000000004,6,0,16.02
ES-2015-BF1117048-42311,2015-11-03 00:00:00,BF-1117048,Ben Ferrer,Home Office,Germany,Europe,Western Europe,OFF-ST-4056,Office Supplies,Storage,"Eldon File Cart, Industrial",575.5050000000001,5,0.1,12.704999999999998
ES-2015-AC1061564-42329,2015-11-21 00:00:00,AC-1061564,Ann Chong,Corporate,Italy,Europe,Southern Europe,FUR-TA-3757,Furniture,Tables,"Chromcraft Coffee Table, Rectangular",529.3199999999999,4,0.5,-391.79999999999995
ID-2015-GP1474092-42313,2015-11-05 00:00:00,GP-1474092,Guy Phonely,Corporate,New Zealand,Asia Pacific,Oceania,TEC-MA-5500,Technology,Machines,"Okidata Card Printer, Wireless",210.99599999999998,2,0.4,-126.624
ID-2015-AP1072059-42325,2015-11-17 00:00:00,AP-1072059,Anne Pryor,Home Office,Indonesia,Asia Pacific,Southeastern Asia,FUR-FU-3067,Furniture,Furnishings,"Advantus Stacking Tray, Erganomic",239.14799999999997,14,0.27,-39.312
ES-2015-JC1577548-42328,2015-11-20 00:00:00,JC-1577548,John Castell,Consumer,Germany,Europe,Western Europe,TEC-PH-3132,Technology,Phones,"Apple Headset, Cordless",380.54999999999995,5,0,79.80000000000001
IN-2015-DV1304559-42321,2015-11-13 00:00:00,DV-1304559,Darrin Van Huff,Corporate,Indonesia,Asia Pacific,Southeastern Asia,TEC-PH-5351,Technology,Phones,"Nokia Signal Booster, Full Size",457.46279999999996,4,0.17,60.6228
ES-2015-EB1375096-42337,2015-11-29 00:00:00,EB-1375096,Edward Becker,Corporate,Norway,Europe,Northern Europe,TEC-PH-5832,Technology,Phones,"Samsung Office Telephone, with Caller ID",391.32,6,0,90
ID-2015-BF11080102-42314,2015-11-06 00:00:00,BF-11080102,Bart Folk,Consumer,Philippines,Asia Pacific,Southeastern Asia,TEC-PH-3785,Technology,Phones,"Cisco Audio Dock, Full Size",550.0799999999999,4,0.25,-66.11999999999999
MX-2015-AC106155-42333,2015-11-25 00:00:00,AC-106155,Ann Chong,Corporate,Argentina,LATAM,South America,FUR-BO-5942,Furniture,Bookcases,"Sauder 3-Shelf Cabinet, Pine",268.848,4,0.4,-174.752
IN-2015-Co1264058-42326,2015-11-18 00:00:00,Co-1264058,Corey-Lock,Consumer,India,Asia Pacific,Southern Asia,OFF-EN-3663,Office Supplies,Envelopes,"Cameo Interoffice Envelope, Set of 50",379.44,8,0,174.48
ES-2015-TP2113064-42313,2015-11-05 00:00:00,TP-2113064,Theone Pippenger,Consumer,Italy,Europe,Southern Europe,FUR-BO-3618,Furniture,Bookcases,"Bush 3-Shelf Cabinet, Traditional",430.11,3,0,94.59
ES-2015-HZ1495048-42333,2015-11-25 00:00:00,HZ-1495048,Henia Zydlo,Consumer,Germany,Europe,Western Europe,OFF-BI-4816,Office Supplies,Binders,"Ibico Binding Machine, Durable",370.44,7,0,170.31
MX-2015-GT1463531-42313,2015-11-05 00:00:00,GT-1463531,Grant Thornton,Corporate,Cuba,LATAM,Caribbean,FUR-TA-3343,Furniture,Tables,"Barricks Conference Table, Adjustable Height",606.18,1,0,103.04
IN-2015-PP1895566-42315,2015-11-07 00:00:00,PP-1895566,Paul Prost,Home Office,Japan,Asia Pacific,Eastern Asia,FUR-CH-5434,Furniture,Chairs,"Office Star Bag Chairs, Black",477.0899999999999,9,0,42.93000000000001
MX-2015-PS1876082-42334,2015-11-26 00:00:00,PS-1876082,Pamela Stobb,Consumer,Mexico,LATAM,Central America,OFF-ST-6264,Office Supplies,Storage,"Tenex Lockers, Wire Frame",677.4,5,0,33.8
IN-2015-EH137657-42312,2015-11-04 00:00:00,EH-137657,Edward Hooks,Corporate,Australia,Asia Pacific,Oceania,FUR-CH-5443,Furniture,Chairs,"Office Star Executive Leather Armchair, Red",845.424,2,0.1,197.24400000000003
PL-2015-RM9750103-42329,2015-11-21 00:00:00,RM-9750103,Roland Murray,Consumer,Poland,Europe,Eastern Europe,FUR-BO-5959,Furniture,Bookcases,"Sauder Floating Shelf Set, Metal",388.08000000000004,2,0,93.12
ES-2015-SC2084545-42333,2015-11-25 00:00:00,SC-2084545,Sung Chung,Consumer,France,Europe,Western Europe,TEC-MA-5002,Technology,Machines,"Konica Card Printer, Durable",595.9860000000001,4,0.15,91.14599999999999
ZA-2015-BT1395147-42336,2015-11-28 00:00:00,BT-1395147,Bill Tyler,Corporate,Zimbabwe,Africa,Eastern Africa,FUR-BO-3886,Furniture,Bookcases,"Dania 3-Shelf Cabinet, Mobile",86.382,2,0.7,-181.458
IN-2015-JG1580592-42327,2015-11-19 00:00:00,JG-1580592,John Grady,Corporate,New Zealand,Asia Pacific,Oceania,FUR-BO-5780,Furniture,Bookcases,"Safco Floating Shelf Set, Traditional",236.088,2,0.4,39.347999999999985
ES-2015-TT21220139-42322,2015-11-14 00:00:00,TT-21220139,Thomas Thornton,Consumer,United Kingdom,Europe,Northern Europe,TEC-CO-4785,Technology,Copiers,"HP Personal Copier, Digital",371.79,3,0,59.39999999999999
US-2015-NS1864055-42312,2015-11-04 00:00:00,NS-1864055,Noel Staavos,Corporate,Honduras,LATAM,Central America,FUR-CH-4518,Furniture,Chairs,"Harbour Creations Bag Chairs, Adjustable",179.50799999999998,7,0.4,2.9679999999999835
IN-2015-DB1327059-42336,2015-11-28 00:00:00,DB-1327059,Deborah Brumfield,Home Office,Indonesia,Asia Pacific,Southeastern Asia,FUR-FU-3933,Furniture,Furnishings,"Deflect-O Door Stop, Duo Pack",224.8911,7,0.27,43.03110000000001
IN-2015-CM1183027-42312,2015-11-04 00:00:00,CM-1183027,Cari MacIntyre,Corporate,China,Asia Pacific,Eastern Asia,TEC-PH-3802,Technology,Phones,"Cisco Signal Booster, VoIP",303.84000000000003,2,0,103.26
IT-2015-MS1753048-42336,2015-11-28 00:00:00,MS-1753048,MaryBeth Skach,Consumer,Germany,Europe,Western Europe,TEC-MA-5005,Technology,Machines,"Konica Card Printer, Wireless",315.30600000000004,2,0.1,42.005999999999986
ID-2015-CC126857-42315,2015-11-07 00:00:00,CC-126857,Craig Carroll,Consumer,Australia,Asia Pacific,Oceania,FUR-BO-5785,Furniture,Bookcases,"Safco Library with Doors, Metal",311.40000000000003,2,0.6,-373.67999999999995
ZA-2015-CM1935146-42321,2015-11-13 00:00:00,CM-1935146,Carlos Meador,Consumer,Zambia,Africa,Eastern Africa,OFF-ST-4057,Office Supplies,Storage,"Eldon File Cart, Single Width",128.37,1,0,55.17
US-2015-CM12190140-42325,2015-11-17 00:00:00,CM-121901406,Charlotte Melton,Consumer,United States,USCA,Eastern US,TEC-PH-4888,Technology,Phones,iOttie HLCRIO102 Car Mount,119.94,6,0,5.996999999999986
MX-2015-NS1864082-42313,2015-11-05 00:00:00,NS-1864082,Noel Staavos,Corporate,Mexico,LATAM,Central America,OFF-AP-4730,Office Supplies,Appliances,"Hoover Microwave, Black",616.1400000000001,3,0,197.16000000000003
MX-2015-SH2063539-42335,2015-11-27 00:00:00,SH-2063539,Stefanie Holloman,Corporate,El Salvador,LATAM,Central America,OFF-PA-6622,Office Supplies,Paper,"Xerox Parchment Paper, Multicolor",97.8,10,0,11.6
CM-2015-AH1007522-42330,2015-11-22 00:00:00,AH-1007522,Adam Hart,Corporate,Cameroon,Africa,Central Africa,TEC-PH-3793,Technology,Phones,"Cisco Headset, with Caller ID",176.88,2,0,70.74
ID-2015-EM13960144-42332,2015-11-24 00:00:00,EM-13960144,Eric Murdock,Consumer,Laos,Asia Pacific,Southeastern Asia,FUR-BO-3639,Furniture,Bookcases,"Bush Library with Doors, Metal",458.36280000000005,2,0.37,-210.99720000000002
CA-2015-CK12205140-42330,2015-11-22 00:00:00,CK-122051404,Chloris Kastensmidt,Consumer,United States,USCA,Western US,TEC-MA-2866,Technology,Machines,"3D Systems Cube Printer, 2nd Generation, White",1039.992,1,0.2,103.99920000000003
CA-2015-CK12205140-42330,2015-11-22 00:00:00,CK-122051404,Chloris Kastensmidt,Consumer,United States,USCA,Western US,OFF-BI-6345,Office Supplies,Binders,Vinyl Sectional Post Binders,150.8,5,0.2,56.55
CA-2015-CK12205140-42330,2015-11-22 00:00:00,CK-122051404,Chloris Kastensmidt,Consumer,United States,USCA,Western US,OFF-PA-6571,Office Supplies,Paper,Xerox 209,51.84,8,0,24.883200000000002
ES-2015-AC1061564-42329,2015-11-21 00:00:00,AC-1061564,Ann Chong,Corporate,Italy,Europe,Southern Europe,FUR-BO-3902,Furniture,Bookcases,"Dania Library with Doors, Mobile",364.92,1,0,83.91
IT-2015-MH1744048-42325,2015-11-17 00:00:00,MH-1744048,Mark Haberlin,Corporate,Germany,Europe,Western Europe,FUR-CH-5396,Furniture,Chairs,"Novimex Rocking Chair, Red",473.1479999999999,4,0.1,41.98800000000001
SU-2015-RD9585122-42334,2015-11-26 00:00:00,RD-9585122,Rob Dowd,Consumer,Sudan,Africa,North Africa,TEC-CO-3680,Technology,Copiers,"Canon Copy Machine, High-Speed",520.6800000000001,2,0,93.72
IN-2015-BF1100558-42319,2015-11-11 00:00:00,BF-1100558,Barry Franz,Home Office,India,Asia Pacific,Southern Asia,OFF-ST-4061,Office Supplies,Storage,"Eldon Folders, Industrial",244.44,14,0,7.140000000000001
ES-2015-BH1171045-42318,2015-11-10 00:00:00,BH-1171045,Brosina Hoffman,Consumer,France,Europe,Western Europe,TEC-PH-5247,Technology,Phones,"Motorola Audio Dock, Full Size",296.92199999999997,2,0.15,52.36200000000001
US-2015-CC12220140-42325,2015-11-17 00:00:00,CC-122201404,Chris Cortes,Consumer,United States,USCA,Western US,FUR-FU-6224,Furniture,Furnishings,"Tenex ""The Solids"" Textured Chair Mats",139.92,2,0,23.786399999999986
US-2015-CC12220140-42325,2015-11-17 00:00:00,CC-122201404,Chris Cortes,Consumer,United States,USCA,Western US,OFF-ST-4246,Office Supplies,Storage,Fellowes Bases and Tops For Staxonsteel/High-Stak Systems,33.29,1,0,7.989599999999999
US-2015-CC12220140-42325,2015-11-17 00:00:00,CC-122201404,Chris Cortes,Consumer,United States,USCA,Western US,OFF-PA-6487,Office Supplies,Paper,Xerox 1933,73.67999999999999,6,0,34.629599999999996
ES-2015-EB1375096-42337,2015-11-29 00:00:00,EB-1375096,Edward Becker,Corporate,Norway,Europe,Northern Europe,OFF-ST-5701,Office Supplies,Storage,"Rogers Lockers, Industrial",424.20000000000005,2,0,161.16
US-2015-CC12220140-42325,2015-11-17 00:00:00,CC-122201404,Chris Cortes,Consumer,United States,USCA,Western US,TEC-PH-5606,Technology,Phones,Plantronics Encore H101 Dual Earpieces Headset,107.88,3,0.2,10.787999999999997
MX-2015-TS2137051-42321,2015-11-13 00:00:00,TS-2137051,Todd Sumrall,Corporate,Guatemala,LATAM,Central America,TEC-CO-4591,Technology,Copiers,"Hewlett Wireless Fax, Digital",505.42711999999995,2,0.002,226.86712000000003
IN-2015-GB1453092-42335,2015-11-27 00:00:00,GB-1453092,George Bell,Corporate,New Zealand,Asia Pacific,Oceania,TEC-PH-5844,Technology,Phones,"Samsung Speaker Phone, Full Size",249.06,2,0,12.419999999999998
ID-2015-SM209507-42336,2015-11-28 00:00:00,SM-209507,Suzanne McNair,Corporate,Australia,Asia Pacific,Oceania,TEC-PH-5340,Technology,Phones,"Nokia Headset, Full Size",267.84,4,0.1,62.4
ES-2015-MF1825045-42330,2015-11-22 00:00:00,MF-1825045,Monica Federle,Corporate,France,Europe,Western Europe,FUR-BO-3631,Furniture,Bookcases,"Bush Corner Shelving, Traditional",223.182,2,0.1,27.221999999999994
ES-2015-PC1874548-42325,2015-11-17 00:00:00,PC-1874548,Pamela Coakley,Corporate,Germany,Europe,Western Europe,OFF-AR-3553,Office Supplies,Art,"Boston Sketch Pad, Easy-Erase",351.864,8,0.1,74.184
IT-2015-IM1507091-42329,2015-11-21 00:00:00,IM-1507091,Irene Maddox,Consumer,Netherlands,Europe,Western Europe,TEC-PH-5336,Technology,Phones,"Nokia Audio Dock, Full Size",168.03,2,0.5,-110.91
US-2015-VD2167055-42311,2015-11-03 00:00:00,VD-2167055,Valerie Dominguez,Consumer,Honduras,LATAM,Central America,FUR-CH-5446,Furniture,Chairs,"Office Star Rocking Chair, Adjustable",286.8,5,0.4,-95.60000000000005
CA-2015-CS12250140-42332,2015-11-24 00:00:00,CS-122501402,Chris Selesnick,Corporate,United States,USCA,Central US,OFF-PA-6515,Office Supplies,Paper,Xerox 1959,10.688,2,0.2,3.7407999999999997
ES-2015-HH15010139-42315,2015-11-07 00:00:00,HH-15010139,Hilary Holden,Corporate,United Kingdom,Europe,Northern Europe,FUR-CH-4630,Furniture,Chairs,"Hon Chairmat, Adjustable",406.14,7,0,97.43999999999998
RO-2015-HM4860107-42335,2015-11-27 00:00:00,HM-4860107,Harry Marie,Corporate,Romania,Europe,Eastern Europe,OFF-AP-4966,Office Supplies,Appliances,"KitchenAid Stove, Silver",570.9000000000001,1,0,205.5
CA-2015-CA12265140-42313,2015-11-05 00:00:00,CA-122651408,Christina Anderson,Consumer,United States,USCA,Southern US,TEC-AC-5119,Technology,Accessories,Logitech M510 Wireless Mouse,95.97600000000001,3,0.2,15.596099999999996
CA-2015-CA12265140-42313,2015-11-05 00:00:00,CA-122651408,Christina Anderson,Consumer,United States,USCA,Southern US,TEC-PH-4889,Technology,Phones,iOttie XL Car Mount,143.928,9,0.2,-32.38380000000001
US-2015-JL1585082-42325,2015-11-17 00:00:00,JL-1585082,John Lucas,Consumer,Mexico,LATAM,Central America,FUR-CH-5807,Furniture,Chairs,"SAFCO Swivel Stool, Red",268.704,3,0.2,-53.79600000000001
CA-2015-CA12265140-42313,2015-11-05 00:00:00,CA-122651408,Christina Anderson,Consumer,United States,USCA,Southern US,OFF-LA-3200,Office Supplies,Labels,Avery 481,4.928000000000001,2,0.2,1.7247999999999997
RO-2015-TT11460107-42327,2015-11-19 00:00:00,TT-11460107,Tonja Turnell,Home Office,Romania,Europe,Eastern Europe,TEC-AC-4172,Technology,Accessories,"Enermax Mouse, Erganomic",304.79999999999995,8,0,21.12
CA-2015-CA12265140-42313,2015-11-05 00:00:00,CA-122651408,Christina Anderson,Consumer,United States,USCA,Southern US,OFF-BI-6209,Office Supplies,Binders,Storex Dura Pro Binders,3.564000000000001,2,0.7,-2.9700000000000006
US-2015-CD12280140-42327,2015-11-19 00:00:00,CD-122801404,Christina DeMoss,Consumer,United States,USCA,Western US,TEC-AC-4871,Technology,Accessories,Imation 16GB Mini TravelDrive USB 2.0 Flash Drive,132.52,4,0,54.333200000000005
CA-2015-CD12280140-42314,2015-11-06 00:00:00,CD-122801406,Christina DeMoss,Consumer,United States,USCA,Eastern US,OFF-PA-4009,Office Supplies,Paper,"Eaton Premium Continuous-Feed Paper, 25% Cotton, Letter Size, White, 1000 Shts/Box",110.96,2,0,53.260799999999996
CA-2015-CD12280140-42314,2015-11-06 00:00:00,CD-122801406,Christina DeMoss,Consumer,United States,USCA,Eastern US,FUR-CH-4517,Furniture,Chairs,Harbour Creations 67200 Series Stacking Chairs,128.12400000000002,2,0.1,24.2012
US-2015-CD12280140-42327,2015-11-19 00:00:00,CD-122801404,Christina DeMoss,Consumer,United States,USCA,Western US,OFF-ST-4245,Office Supplies,Storage,Fellowes Bankers Box Stor/Drawer Steel Plus,95.94,3,0,9.594000000000001
CA-2015-CD12280140-42314,2015-11-06 00:00:00,CD-122801406,Christina DeMoss,Consumer,United States,USCA,Eastern US,FUR-TA-3333,Furniture,Tables,Balt Split Level Computer Training Table,166.5,2,0.4,-66.6
US-2015-CD12280140-42327,2015-11-19 00:00:00,CD-122801404,Christina DeMoss,Consumer,United States,USCA,Western US,OFF-ST-4088,Office Supplies,Storage,Eldon Portable Mobile Manager,169.68,6,0,45.8136
CA-2015-CD12280140-42314,2015-11-06 00:00:00,CD-122801406,Christina DeMoss,Consumer,United States,USCA,Eastern US,OFF-BI-4358,Office Supplies,Binders,GBC Prestige Therm-A-Bind Covers,164.68800000000002,6,0.2,55.58220000000001
CA-2015-CD12280140-42314,2015-11-06 00:00:00,CD-122801406,Christina DeMoss,Consumer,United States,USCA,Eastern US,TEC-PH-3122,Technology,Phones,Anker Astro 15000mAh USB Portable Charger,99.98,2,0,3.9991999999999877
US-2015-CD12280140-42327,2015-11-19 00:00:00,CD-122801404,Christina DeMoss,Consumer,United States,USCA,Western US,OFF-BI-6367,Office Supplies,Binders,"Wilson Jones 1"" Hanging DublLock Ring Binders",8.448,2,0.2,2.9568000000000003
MX-2015-HK1489018-42326,2015-11-18 00:00:00,HK-1489018,Heather Kirkland,Corporate,Brazil,LATAM,South America,FUR-FU-4040,Furniture,Furnishings,"Eldon Door Stop, Black",200.64000000000001,6,0,62.15999999999999
IT-2015-BF1100548-42311,2015-11-03 00:00:00,BF-1100548,Barry Franz,Home Office,Germany,Europe,Western Europe,TEC-AC-5866,Technology,Accessories,"SanDisk Keyboard, Programmable",165.96000000000004,4,0.5,-112.92000000000004
US-2015-CD12280140-42327,2015-11-19 00:00:00,CD-122801404,Christina DeMoss,Consumer,United States,USCA,Western US,OFF-FA-3472,Office Supplies,Fasteners,Binder Clips by OIC,2.96,2,0,1.4207999999999998
CA-2015-CD12280140-42314,2015-11-06 00:00:00,CD-122801406,Christina DeMoss,Consumer,United States,USCA,Eastern US,OFF-BI-3306,Office Supplies,Binders,Avery Premier Heavy-Duty Binder with Round Locking Rings,11.424,1,0.2,3.7127999999999997
IN-2015-PB1880558-42314,2015-11-06 00:00:00,PB-1880558,Patrick Bzostek,Home Office,India,Asia Pacific,Southern Asia,TEC-MA-5499,Technology,Machines,"Okidata Card Printer, White",348.48,2,0,142.85999999999999
MX-2015-BP1115539-42318,2015-11-10 00:00:00,BP-1115539,Becky Pak,Consumer,El Salvador,LATAM,Central America,TEC-CO-4581,Technology,Copiers,"Hewlett Ink, High-Speed",488.62079999999986,5,0.002,43.0208
CA-2015-CD12280140-42314,2015-11-06 00:00:00,CD-122801406,Christina DeMoss,Consumer,United States,USCA,Eastern US,FUR-FU-3743,Furniture,Furnishings,"Career Cubicle Clock, 8 1/4"", Black",101.4,5,0,38.532000000000004
CA-2015-CD12280140-42314,2015-11-06 00:00:00,CD-122801406,Christina DeMoss,Consumer,United States,USCA,Eastern US,OFF-PA-6564,Office Supplies,Paper,Xerox 202,12.96,2,0,6.2208000000000006
IN-2015-CV1229588-42330,2015-11-22 00:00:00,CV-1229588,Christina VanderZanden,Consumer,Myanmar (Burma),Asia Pacific,Southeastern Asia,OFF-AP-4736,Office Supplies,Appliances,"Hoover Refrigerator, Red",2183.979,5,0.17,447.2790000000001
ID-2015-SP208607-42315,2015-11-07 00:00:00,SP-208607,Sung Pak,Corporate,Australia,Asia Pacific,Oceania,FUR-TA-3413,Furniture,Tables,"Bevis Coffee Table, Adjustable Height",224.259,1,0.3,-64.101
SF-2015-CS2355117-42314,2015-11-06 00:00:00,CS-2355117,Christine Sundaresam,Consumer,South Africa,Africa,Southern Africa,FUR-BO-4850,Furniture,Bookcases,"Ikea Classic Bookcase, Pine",413.09999999999997,1,0,8.25
MX-2015-LC1693018-42316,2015-11-08 00:00:00,LC-1693018,Linda Cazamias,Corporate,Brazil,LATAM,South America,TEC-CO-4580,Technology,Copiers,"Hewlett Ink, Digital",394.7289599999999,4,0.002,113.84896
IN-2015-BT1153027-42312,2015-11-04 00:00:00,BT-1153027,Bradley Talbott,Home Office,China,Asia Pacific,Eastern Asia,TEC-AC-5220,Technology,Accessories,"Memorex Numeric Keypad, Bluetooth",317.94,7,0,88.83000000000001
ES-2015-BB1154548-42336,2015-11-28 00:00:00,BB-1154548,Brenda Bowman,Corporate,Germany,Europe,Western Europe,FUR-BO-4865,Furniture,Bookcases,"Ikea Stackable Bookrack, Mobile",225.18,2,0.1,95.03999999999999
MX-2015-MG1820593-42322,2015-11-14 00:00:00,MG-1820593,Mitch Gastineau,Corporate,Nicaragua,LATAM,Central America,OFF-AP-3583,Office Supplies,Appliances,"Breville Toaster, Red",306.8400000000001,6,0,122.64000000000001
ID-2015-AS1009058-42316,2015-11-08 00:00:00,AS-1009058,Adam Shillingsburg,Consumer,India,Asia Pacific,Southern Asia,FUR-BO-3647,Furniture,Bookcases,"Bush Stackable Bookrack, Pine",312.15,5,0.5,-87.44999999999999
MX-2015-BF1127551-42314,2015-11-06 00:00:00,BF-1127551,Beth Fritzler,Corporate,Guatemala,LATAM,Central America,OFF-AP-4499,Office Supplies,Appliances,"Hamilton Beach Microwave, Silver",566.5200000000001,3,0,130.26000000000002
ES-2015-MH1745564-42315,2015-11-07 00:00:00,MH-1745564,Mark Hamilton,Consumer,Italy,Europe,Southern Europe,OFF-PA-4170,Office Supplies,Paper,"Enermax Message Books, Recycled",201.69,9,0,88.56
MX-2015-DB1321082-42315,2015-11-07 00:00:00,DB-1321082,Dean Braden,Consumer,Mexico,LATAM,Central America,FUR-BO-3634,Furniture,Bookcases,"Bush Floating Shelf Set, Metal",546.336,6,0.2,75.096
MX-2015-DG1330093-42319,2015-11-11 00:00:00,DG-1330093,Deirdre Greer,Corporate,Nicaragua,LATAM,Central America,OFF-ST-6046,Office Supplies,Storage,"Smead Lockers, Blue",396.84,3,0,71.4
ES-2015-DM1334548-42333,2015-11-25 00:00:00,DM-1334548,Denise Monton,Corporate,Germany,Europe,Western Europe,OFF-FA-6189,Office Supplies,Fasteners,"Stockwell Paper Clips, Assorted Sizes",120.44999999999999,11,0,46.86
MX-2015-JB1604593-42320,2015-11-12 00:00:00,JB-1604593,Julia Barnett,Home Office,Nicaragua,LATAM,Central America,TEC-CO-6009,Technology,Copiers,"Sharp Wireless Fax, Color",475.52704000000006,2,0.002,218.20704
ES-2015-VG2180564-42328,2015-11-20 00:00:00,VG-2180564,Vivek Grady,Corporate,Italy,Europe,Southern Europe,OFF-EN-4441,Office Supplies,Envelopes,"GlobeWeis Interoffice Envelope, Set of 50",286.92,6,0,65.88
CA-2015-CS12355140-42326,2015-11-18 00:00:00,CS-123551408,Christine Sundaresam,Consumer,United States,USCA,Southern US,OFF-AP-3503,Office Supplies,Appliances,Bionaire 99.97% HEPA Air Cleaner,35.04,2,0,12.264
US-2015-VD2167055-42311,2015-11-03 00:00:00,VD-2167055,Valerie Dominguez,Consumer,Honduras,LATAM,Central America,OFF-AP-3575,Office Supplies,Appliances,"Breville Refrigerator, Red",207.73199999999997,1,0.4,-135.028
ES-2015-HG1484545-42327,2015-11-19 00:00:00,HG-1484545,Harry Greene,Consumer,France,Europe,Western Europe,TEC-CO-3695,Technology,Copiers,"Canon Ink, Digital",249.54299999999998,2,0.15,-11.756999999999998
CA-2015-CS12355140-42321,2015-11-13 00:00:00,CS-123551404,Christine Sundaresam,Consumer,United States,USCA,Western US,OFF-LA-3202,Office Supplies,Labels,Avery 483,9.96,2,0,4.5816
CA-2015-CS12355140-42321,2015-11-13 00:00:00,CS-123551404,Christine Sundaresam,Consumer,United States,USCA,Western US,OFF-AR-3975,Office Supplies,Art,"Dixon Ticonderoga Maple Cedar Pencil, #2",9.209999999999999,3,0,2.3025
CA-2015-CS12355140-42321,2015-11-13 00:00:00,CS-123551404,Christine Sundaresam,Consumer,United States,USCA,Western US,OFF-SU-2972,Office Supplies,Supplies,Acme Forged Steel Scissors with Black Enamel Handles,27.93,3,0,8.099699999999999
IT-2015-MS1771045-42336,2015-11-28 00:00:00,MS-1771045,Maurice Satty,Consumer,France,Europe,Western Europe,FUR-CH-4633,Furniture,Chairs,"Hon Chairmat, Set of Two",312.012,6,0.1,41.47200000000001
MX-2015-AG1027082-42329,2015-11-21 00:00:00,AG-1027082,Alejandro Grove,Consumer,Mexico,LATAM,Central America,TEC-CO-5990,Technology,Copiers,"Sharp Copy Machine, Color",316.16639999999995,2,0.002,151.40640000000002
US-2015-CC12370140-42326,2015-11-18 00:00:00,CC-123701406,Christopher Conant,Consumer,United States,USCA,Eastern US,FUR-FU-4758,Furniture,Furnishings,"Howard Miller 13"" Diameter Goldtone Round Wall Clock",187.76,4,0,76.9816
ZA-2015-BT1305147-42338,2015-11-30 00:00:00,BT-1305147,Beth Thompson,Home Office,Zimbabwe,Africa,Eastern Africa,OFF-AP-3574,Office Supplies,Appliances,"Breville Refrigerator, Black",155.62800000000001,1,0.7,-134.89199999999994
US-2015-CC12370140-42326,2015-11-18 00:00:00,CC-123701406,Christopher Conant,Consumer,United States,USCA,Eastern US,OFF-PA-6456,Office Supplies,Paper,Xerox 1905,38.88,6,0,18.6624
CA-2015-CC12370140-42315,2015-11-07 00:00:00,CC-123701402,Christopher Conant,Consumer,United States,USCA,Central US,OFF-BI-6634,Office Supplies,Binders,Zipper Ring Binder Pockets,1.2479999999999998,2,0.8,-1.934400000000001
CA-2015-CM12385140-42332,2015-11-24 00:00:00,CM-123851402,Christopher Martinez,Consumer,United States,USCA,Central US,TEC-PH-6313,Technology,Phones,Toshiba IPT2010-SD IP Telephone,222.38400000000001,2,0.2,16.678799999999995
CA-2015-CM12385140-42332,2015-11-24 00:00:00,CM-123851402,Christopher Martinez,Consumer,United States,USCA,Central US,OFF-LA-3270,Office Supplies,Labels,Avery File Folder Labels,11.52,5,0.2,4.176
MX-2015-RD1990036-42337,2015-11-29 00:00:00,RD-1990036,Ruben Dartt,Consumer,Dominican Republic,LATAM,Caribbean,TEC-PH-5263,Technology,Phones,"Motorola Signal Booster, Cordless",233.56800000000004,3,0.2,67.12799999999997
CA-2015-CM12385140-42332,2015-11-24 00:00:00,CM-123851402,Christopher Martinez,Consumer,United States,USCA,Central US,FUR-FU-3847,Furniture,Furnishings,Contemporary Wood/Metal Frame,6.464,1,0.6,-4.040000000000001
US-2015-CS12400140-42322,2015-11-14 00:00:00,CS-124001402,Christopher Schild,Home Office,United States,USCA,Central US,OFF-ST-5783,Office Supplies,Storage,Safco Industrial Wire Shelving,230.376,3,0.2,-48.9549
US-2015-DL1331555-42329,2015-11-21 00:00:00,DL-1331555,Delfina Latchford,Consumer,Honduras,LATAM,Central America,TEC-PH-3805,Technology,Phones,"Cisco Smart Phone, Cordless",781.7759999999998,3,0.4,-482.12399999999997
US-2015-CB12415140-42325,2015-11-17 00:00:00,CB-124151406,Christy Brittain,Consumer,United States,USCA,Eastern US,OFF-PA-6308,Office Supplies,Paper,Tops Green Bar Computer Printout Paper,146.82,3,0,73.41
IN-2015-KN164507-42332,2015-11-24 00:00:00,KN-164507,Kean Nguyen,Corporate,Australia,Asia Pacific,Oceania,OFF-ST-5709,Office Supplies,Storage,"Rogers Trays, Blue",166.53599999999997,3,0.1,29.556000000000004
US-2015-AB1006098-42327,2015-11-19 00:00:00,AB-1006098,Adam Bellavance,Home Office,Panama,LATAM,Central America,FUR-CH-5433,Furniture,Chairs,"Office Star Bag Chairs, Adjustable",139.03199999999998,6,0.4,2.2319999999999824
MX-2015-ML1741031-42320,2015-11-12 00:00:00,ML-1741031,Maris LaWare,Consumer,Cuba,LATAM,Caribbean,OFF-AR-3494,Office Supplies,Art,"Binney & Smith Pencil Sharpener, Water Color",159.2,8,0,23.84
ES-2015-MG1769591-42335,2015-11-27 00:00:00,MG-1769591,Maureen Gnade,Consumer,Netherlands,Europe,Western Europe,OFF-PA-3988,Office Supplies,Paper,"Eaton Cards & Envelopes, Premium",158.13,7,0.5,-63.42
CA-2015-CC12430140-42315,2015-11-07 00:00:00,CC-124301402,Chuck Clark,Home Office,United States,USCA,Central US,OFF-AR-5318,Office Supplies,Art,Newell 339,13.899999999999999,5,0,3.6139999999999994
CA-2015-CC12430140-42315,2015-11-07 00:00:00,CC-124301402,Chuck Clark,Home Office,United States,USCA,Central US,OFF-FA-6129,Office Supplies,Fasteners,Staples,26.38,1,0,12.134799999999998
IT-2015-HR1483048-42318,2015-11-10 00:00:00,HR-1483048,Harold Ryan,Corporate,Germany,Europe,Western Europe,OFF-AP-4951,Office Supplies,Appliances,"KitchenAid Blender, White",268.92,3,0.1,110.51999999999998
MX-2015-MS1736551-42333,2015-11-25 00:00:00,MS-1736551,Maribeth Schnelling,Consumer,Guatemala,LATAM,Central America,FUR-BO-4849,Furniture,Bookcases,"Ikea Classic Bookcase, Mobile",276.1799999999999,1,0,60.739999999999995
SA-2015-TM11490110-42314,2015-11-06 00:00:00,TM-11490110,Tony Molinari,Consumer,Saudi Arabia,Asia Pacific,Western Asia,TEC-PH-3818,Technology,Phones,"Cisco Speaker Phone, with Caller ID",276.96,2,0,11.040000000000001
MX-2015-MM1828036-42320,2015-11-12 00:00:00,MM-1828036,Muhammed MacIntyre,Corporate,Dominican Republic,LATAM,Caribbean,OFF-PA-3990,Office Supplies,Paper,"Eaton Computer Printout Paper, 8.5 x 11",81.84000000000002,5,0.2,-17.460000000000004
MX-2015-LC1693018-42316,2015-11-08 00:00:00,LC-1693018,Linda Cazamias,Corporate,Brazil,LATAM,South America,TEC-PH-3817,Technology,Phones,"Cisco Speaker Phone, VoIP",277.14,3,0,60.959999999999994
MX-2015-AB1016531-42309,2015-11-01 00:00:00,AB-1016531,Alan Barnes,Consumer,Cuba,LATAM,Caribbean,OFF-AP-4971,Office Supplies,Appliances,"KitchenAid Toaster, White",278.2,5,0,116.8
IT-2015-JB15400120-42326,2015-11-18 00:00:00,JB-15400120,Jennifer Braxton,Corporate,Spain,Europe,Southern Europe,OFF-ST-4095,Office Supplies,Storage,"Eldon Shelving, Industrial",396.09000000000003,9,0.1,-31.050000000000004
CA-2015-CC12475140-42330,2015-11-22 00:00:00,CC-124751406,Cindy Chapman,Consumer,United States,USCA,Eastern US,OFF-ST-5666,Office Supplies,Storage,Recycled Eldon Regeneration Jumbo File,39.296,4,0.2,3.929599999999999
ID-2015-GP1474092-42313,2015-11-05 00:00:00,GP-1474092,Guy Phonely,Corporate,New Zealand,Asia Pacific,Oceania,OFF-ST-5703,Office Supplies,Storage,"Rogers Lockers, Wire Frame",505.65599999999995,4,0.4,-202.34400000000005
CA-2015-CC12475140-42330,2015-11-22 00:00:00,CC-124751406,Cindy Chapman,Consumer,United States,USCA,Eastern US,OFF-PA-6529,Office Supplies,Paper,Xerox 1972,8.448,2,0.2,2.6399999999999997
ES-2015-LP17080139-42314,2015-11-06 00:00:00,LP-17080139,Liz Pelletier,Consumer,United Kingdom,Europe,Northern Europe,OFF-AR-5931,Office Supplies,Art,"Sanford Sketch Pad, Easy-Erase",91.5,2,0,42.06
US-2015-DK128355-42312,2015-11-04 00:00:00,DK-128355,Damala Kotsonis,Corporate,Argentina,LATAM,South America,FUR-TA-3771,Furniture,Tables,"Chromcraft Round Table, Rectangular",464.6700000000002,5,0.7,-836.4300000000003
MX-2015-EB1411051-42334,2015-11-26 00:00:00,EB-1411051,Eugene Barchas,Consumer,Guatemala,LATAM,Central America,TEC-MA-5010,Technology,Machines,"Konica Phone, Durable",172.61999999999998,3,0,0
TZ-2015-CS2175129-42312,2015-11-04 00:00:00,CS-2175129,Charles Sheldon,Corporate,Tanzania,Africa,Eastern Africa,TEC-CO-3587,Technology,Copiers,"Brother Copy Machine, Color",527.46,2,0,226.79999999999998
MX-2015-MY1738051-42322,2015-11-14 00:00:00,MY-1738051,Maribeth Yedwab,Corporate,Guatemala,LATAM,Central America,FUR-BO-4844,Furniture,Bookcases,"Ikea 3-Shelf Cabinet, Metal",283.80000000000007,3,0,14.160000000000002
US-2015-CS12505140-42311,2015-11-03 00:00:00,CS-125051404,Cindy Stewart,Consumer,United States,USCA,Western US,OFF-AP-4240,Office Supplies,Appliances,Fellowes 8 Outlet Superior Workstation Surge Protector w/o Phone/Fax/Modem Protection,168.1,5,0,43.705999999999996
ES-2015-JF1529548-42313,2015-11-05 00:00:00,JF-1529548,Jason Fortune-,Consumer,Germany,Europe,Western Europe,FUR-FU-4076,Furniture,Furnishings,"Eldon Light Bulb, Durable",120.04199999999999,6,0.1,43.90200000000001
IN-2015-KM1666078-42321,2015-11-13 00:00:00,KM-1666078,Khloe Miller,Consumer,Malaysia,Asia Pacific,Southeastern Asia,OFF-ST-6057,Office Supplies,Storage,"Smead Shelving, Blue",293.5799999999999,6,0,129.06
ES-2015-KS1630014-42334,2015-11-26 00:00:00,KS-1630014,Karen Seio,Corporate,Belgium,Europe,Western Europe,OFF-SU-4986,Office Supplies,Supplies,"Kleencut Scissors, High Speed",111.45000000000002,5,0,34.5
IR-2015-PL892560-42320,2015-11-12 00:00:00,PL-892560,Paul Lucas,Home Office,Iran,Asia Pacific,Southern Asia,OFF-ST-5695,Office Supplies,Storage,"Rogers Folders, Industrial",124.67999999999998,4,0,17.4
IN-2015-JL1523527-42322,2015-11-14 00:00:00,JL-1523527,Janet Lee,Consumer,China,Asia Pacific,Eastern Asia,TEC-CO-4592,Technology,Copiers,"Hewlett Wireless Fax, High-Speed",378.39,1,0,151.35000000000002
ES-2015-KH1651014-42333,2015-11-25 00:00:00,KH-1651014,Keith Herrera,Consumer,Belgium,Europe,Western Europe,OFF-AR-5917,Office Supplies,Art,"Sanford Markers, Blue",69.74999999999999,3,0,13.23
IR-2015-NP870060-42332,2015-11-24 00:00:00,NP-870060,Nora Preis,Consumer,Iran,Asia Pacific,Southern Asia,OFF-ST-4260,Office Supplies,Storage,"Fellowes File Cart, Wire Frame",136.38000000000002,1,0,28.619999999999997
MX-2015-SV2081582-42335,2015-11-27 00:00:00,SV-2081582,Stuart Van,Corporate,Mexico,LATAM,Central America,TEC-PH-3142,Technology,Phones,"Apple Office Telephone, with Caller ID",348.15999999999997,8,0,80
ID-2015-CS123557-42328,2015-11-20 00:00:00,CS-123557,Christine Sundaresam,Consumer,Australia,Asia Pacific,Oceania,FUR-FU-4086,Furniture,Furnishings,"Eldon Photo Frame, Erganomic",204.228,6,0.4,-51.19200000000001
ID-2015-LR170357-42315,2015-11-07 00:00:00,LR-170357,Lisa Ryan,Corporate,Australia,Asia Pacific,Oceania,OFF-SU-3001,Office Supplies,Supplies,"Acme Trimmer, Easy Grip",207.90000000000003,5,0.1,-9.3
IZ-2015-RD972061-42311,2015-11-03 00:00:00,RD-972061,Roger Demir,Consumer,Iraq,Asia Pacific,Western Asia,OFF-ST-5700,Office Supplies,Storage,"Rogers Lockers, Blue",211.62,1,0,14.79
IN-2015-Co1264058-42326,2015-11-18 00:00:00,Co-1264058,Corey-Lock,Consumer,India,Asia Pacific,Southern Asia,OFF-BI-2900,Office Supplies,Binders,"Acco Binding Machine, Durable",262.95000000000005,5,0,110.4
US-2015-CR12580140-42312,2015-11-04 00:00:00,CR-125801404,Clay Rozendal,Home Office,United States,USCA,Western US,FUR-TA-3768,Furniture,Tables,Chromcraft Round Conference Tables,1673.1839999999997,12,0.2,20.914800000000014
US-2015-CR12580140-42312,2015-11-04 00:00:00,CR-125801404,Clay Rozendal,Home Office,United States,USCA,Western US,TEC-AC-5237,Technology,Accessories,Microsoft Sculpt Comfort Mouse,199.75,5,0,87.89000000000001
MX-2015-MS1777093-42335,2015-11-27 00:00:00,MS-1777093,Maxwell Schwartz,Consumer,Nicaragua,LATAM,Central America,OFF-AP-4950,Office Supplies,Appliances,"KitchenAid Blender, Silver",263.59999999999997,4,0,71.12000000000002
ID-2015-BF1117059-42312,2015-11-04 00:00:00,BF-1117059,Ben Ferrer,Home Office,Indonesia,Asia Pacific,Southeastern Asia,FUR-BO-3902,Furniture,Bookcases,"Dania Library with Doors, Mobile",678.7512,2,0.07,72.9312
CA-2015-CK12595140-42326,2015-11-18 00:00:00,CK-125951408,Clytie Kelty,Consumer,United States,USCA,Southern US,OFF-PA-6492,Office Supplies,Paper,Xerox 1938,268.24,7,0.2,93.88399999999999
CA-2015-CK12595140-42323,2015-11-15 00:00:00,CK-125951406,Clytie Kelty,Consumer,United States,USCA,Eastern US,TEC-PH-5648,Technology,Phones,PureGear Roll-On Screen Protector,119.93999999999998,10,0.4,15.99199999999999
CA-2015-CK12595140-42326,2015-11-18 00:00:00,CK-125951408,Clytie Kelty,Consumer,United States,USCA,Southern US,TEC-AC-5609,Technology,Accessories,Plantronics S12 Corded Telephone Headset System,431.1600000000001,5,0.2,107.78999999999996
IN-2015-CS1225058-42315,2015-11-07 00:00:00,CS-1225058,Chris Selesnick,Corporate,India,Asia Pacific,Southern Asia,OFF-PA-4169,Office Supplies,Paper,"Enermax Message Books, Premium",315,14,0,91.14
CA-2015-CK12595140-42323,2015-11-15 00:00:00,CK-125951406,Clytie Kelty,Consumer,United States,USCA,Eastern US,OFF-BI-5645,Office Supplies,Binders,Prestige Round Ring Binders,3.6480000000000006,2,0.7,-2.7967999999999993
AG-2015-CC21003-42309,2015-11-01 00:00:00,CC-21003,Chad Cunningham,Home Office,Algeria,Africa,North Africa,TEC-CO-5990,Technology,Copiers,"Sharp Copy Machine, Color",481.67999999999995,2,0,178.2
ES-2015-BB1099048-42318,2015-11-10 00:00:00,BB-1099048,Barry Blumstein,Corporate,Germany,Europe,Western Europe,OFF-PA-4176,Office Supplies,Paper,"Enermax Note Cards, Multicolor",97.92,3,0,20.52
CA-2015-CC12610140-42335,2015-11-27 00:00:00,CC-126101406,Corey Catlett,Corporate,United States,USCA,Eastern US,OFF-AP-4292,Office Supplies,Appliances,Fellowes Superior 10 Outlet Split Surge Protector,213.13600000000002,7,0.2,23.977799999999988
CA-2015-CC12610140-42335,2015-11-27 00:00:00,CC-126101406,Corey Catlett,Corporate,United States,USCA,Eastern US,OFF-AP-4606,Office Supplies,Appliances,Holmes HEPA Air Purifier,52.272000000000006,3,0.2,9.800999999999998
IN-2015-JL1523527-42322,2015-11-14 00:00:00,JL-1523527,Janet Lee,Consumer,China,Asia Pacific,Eastern Asia,OFF-ST-4078,Office Supplies,Storage,"Eldon Lockers, Blue",593.73,3,0,11.790000000000001
MX-2015-JE15715143-42320,2015-11-12 00:00:00,JE-15715143,Joe Elijah,Consumer,Venezuela,LATAM,South America,FUR-CH-5378,Furniture,Chairs,"Novimex Executive Leather Armchair, Adjustable",368.352,2,0.4,18.392000000000007
IN-2015-NG184307-42322,2015-11-14 00:00:00,NG-184307,Nathan Gelder,Consumer,Australia,Asia Pacific,Oceania,TEC-MA-4193,Technology,Machines,"Epson Card Printer, Durable",153.06300000000002,1,0.1,10.203
AO-2015-KD63454-42312,2015-11-04 00:00:00,KD-63454,Katherine Ducich,Consumer,Angola,Africa,Central Africa,FUR-FU-3025,Furniture,Furnishings,"Advantus Clock, Durable",193.68,4,0,11.52
ES-2015-MG1769591-42335,2015-11-27 00:00:00,MG-1769591,Maureen Gnade,Consumer,Netherlands,Europe,Western Europe,FUR-BO-5768,Furniture,Bookcases,"Safco Corner Shelving, Metal",521.22,7,0.5,-260.61
US-2015-DB129105-42332,2015-11-24 00:00:00,DB-129105,Daniel Byrd,Home Office,Argentina,LATAM,South America,FUR-TA-3348,Furniture,Tables,"Barricks Round Table, Adjustable Height",402.9600000000001,4,0.7,-725.3599999999999
ES-2015-AC1045048-42332,2015-11-24 00:00:00,AC-1045048,Amy Cox,Consumer,Germany,Europe,Western Europe,OFF-ST-4108,Office Supplies,Storage,"Eldon Trays, Wire Frame",211.68,5,0.1,68.13000000000001
RS-2015-EG3900108-42318,2015-11-10 00:00:00,EG-3900108,Emily Grady,Consumer,Russia,Europe,Eastern Europe,TEC-AC-3395,Technology,Accessories,"Belkin Mouse, USB",245.51999999999998,6,0,36.72
ES-2015-KF16285139-42332,2015-11-24 00:00:00,KF-16285139,Karen Ferguson,Home Office,United Kingdom,Europe,Northern Europe,FUR-BO-3630,Furniture,Bookcases,"Bush Corner Shelving, Pine",626.7,5,0,300.75
IN-2015-MM1792058-42325,2015-11-17 00:00:00,MM-1792058,Michael Moore,Consumer,India,Asia Pacific,Southern Asia,FUR-FU-3028,Furniture,Furnishings,"Advantus Door Stop, Duo Pack",90.17999999999999,2,0,26.099999999999998
ES-2015-BC11125139-42328,2015-11-20 00:00:00,BC-11125139,Becky Castell,Home Office,United Kingdom,Europe,Northern Europe,TEC-PH-5247,Technology,Phones,"Motorola Audio Dock, Full Size",523.98,3,0,157.14000000000001
ES-2015-CA1226545-42318,2015-11-10 00:00:00,CA-1226545,Christina Anderson,Consumer,France,Europe,Western Europe,FUR-FU-5721,Furniture,Furnishings,"Rubbermaid Clock, Erganomic",243.9,5,0,121.95
IN-2015-BM1178527-42329,2015-11-21 00:00:00,BM-1178527,Bryan Mills,Consumer,China,Asia Pacific,Eastern Asia,FUR-FU-3950,Furniture,Furnishings,"Deflect-O Photo Frame, Black",155.70000000000002,3,0,13.950000000000001
ES-2015-BB1099048-42318,2015-11-10 00:00:00,BB-1099048,Barry Blumstein,Corporate,Germany,Europe,Western Europe,FUR-BO-3617,Furniture,Bookcases,"Bush 3-Shelf Cabinet, Pine",260.496,2,0.1,-5.844000000000001
ES-2015-VT2170045-42319,2015-11-11 00:00:00,VT-2170045,Valerie Takahito,Home Office,France,Europe,Western Europe,TEC-MA-5514,Technology,Machines,"Okidata Receipt Printer, Durable",313.7265,3,0.15,-40.60350000000001
CG-2015-LL684033-42334,2015-11-26 00:00:00,LL-684033,Lauren Leatherbury,Consumer,Democratic Republic of the Congo,Africa,Central Africa,FUR-CH-5452,Furniture,Chairs,"Office Star Steel Folding Chair, Red",91.71000000000001,1,0,10.98
NI-2015-PW903095-42312,2015-11-04 00:00:00,PW-903095,Pauline Webber,Corporate,Nigeria,Africa,Western Africa,TEC-MA-4190,Technology,Machines,"Epson Calculator, Red",156.81600000000003,12,0.7,-177.98399999999998
ES-2015-DW13540120-42326,2015-11-18 00:00:00,DW-13540120,Don Weiss,Consumer,Spain,Europe,Southern Europe,OFF-AR-5920,Office Supplies,Art,"Sanford Markers, Water Color",185.00999999999996,7,0,16.59
ID-2015-AH101957-42320,2015-11-12 00:00:00,AH-101957,Alan Haines,Corporate,Australia,Asia Pacific,Oceania,FUR-CH-5457,Furniture,Chairs,"Office Star Swivel Stool, Set of Two",317.142,2,0.1,-35.238
MX-2015-LS1724582-42319,2015-11-11 00:00:00,LS-1724582,Lynn Smith,Consumer,Mexico,LATAM,Central America,OFF-PA-4462,Office Supplies,Paper,"Green Bar Cards & Envelopes, Multicolor",132.8,4,0,18.56
MX-2015-JC1538582-42335,2015-11-27 00:00:00,JC-1538582,Jenna Caffey,Consumer,Mexico,LATAM,Central America,TEC-PH-5829,Technology,Phones,"Samsung Office Telephone, Cordless",136.14,3,0,10.860000000000001
CA-2015-CY12745140-42309,2015-11-01 00:00:00,CY-127451402,Craig Yedwab,Corporate,United States,USCA,Central US,TEC-PH-3825,Technology,Phones,ClearOne Communications CHAT 70 OC Speaker Phone,508.76800000000003,4,0.2,38.1576
CA-2015-CY12745140-42309,2015-11-01 00:00:00,CY-127451402,Craig Yedwab,Corporate,United States,USCA,Central US,OFF-EN-2850,Office Supplies,Envelopes,"#10 Gummed Flap White Envelopes, 100/Box",9.912,3,0.2,3.2213999999999996
GH-2015-RD958549-42312,2015-11-04 00:00:00,RD-958549,Rob Dowd,Consumer,Ghana,Africa,Western Africa,TEC-AC-5860,Technology,Accessories,"SanDisk Flash Drive, Bluetooth",395.4,10,0,181.8
TU-2015-SW10275134-42311,2015-11-03 00:00:00,SW-10275134,Scott Williamson,Consumer,Turkey,Asia Pacific,Western Asia,FUR-TA-3760,Furniture,Tables,"Chromcraft Computer Table, Fully Assembled",177.96000000000004,1,0.6,-124.58999999999997
ES-2015-HZ1495048-42333,2015-11-25 00:00:00,HZ-1495048,Henia Zydlo,Consumer,Germany,Europe,Western Europe,OFF-ST-6262,Office Supplies,Storage,"Tenex Lockers, Industrial",368.334,2,0.1,73.61399999999999
IZ-2015-VD1167061-42309,2015-11-01 00:00:00,VD-1167061,Valerie Dominguez,Consumer,Iraq,Asia Pacific,Western Asia,TEC-AC-5895,Technology,Accessories,"SanDisk Router, Erganomic",254.16,1,0,101.64000000000001
MX-2015-SC2044082-42318,2015-11-10 00:00:00,SC-2044082,Shaun Chance,Corporate,Mexico,LATAM,Central America,OFF-SU-4134,Office Supplies,Supplies,"Elite Shears, Steel",154.7,5,0,0
ES-2015-NB18655120-42331,2015-11-23 00:00:00,NB-18655120,Nona Balk,Corporate,Spain,Europe,Southern Europe,OFF-BI-4806,Office Supplies,Binders,"Ibico 3-Hole Punch, Recycled",338.91,11,0,94.71
ID-2015-CC12430102-42322,2015-11-14 00:00:00,CC-12430102,Chuck Clark,Home Office,Philippines,Asia Pacific,Southeastern Asia,TEC-PH-3817,Technology,Phones,"Cisco Speaker Phone, VoIP",311.78249999999997,3,0.25,-45.787499999999994
IN-2015-CB125357-42327,2015-11-19 00:00:00,CB-125357,Claudia Bergmann,Corporate,Australia,Asia Pacific,Oceania,FUR-BO-3631,Furniture,Bookcases,"Bush Corner Shelving, Traditional",334.77299999999997,3,0.1,133.893
MX-2015-JB1592539-42323,2015-11-15 00:00:00,JB-1592539,Joni Blumstein,Consumer,El Salvador,LATAM,Central America,TEC-PH-5832,Technology,Phones,"Samsung Office Telephone, with Caller ID",260.88,6,0,96.48
IN-2015-MO1780027-42311,2015-11-03 00:00:00,MO-1780027,Meg O'Connel,Home Office,China,Asia Pacific,Eastern Asia,FUR-FU-5719,Furniture,Furnishings,"Rubbermaid Clock, Duo Pack",150.66000000000003,3,0,9
IN-2015-RD198107-42325,2015-11-17 00:00:00,RD-198107,Ross DeVincentis,Home Office,Australia,Asia Pacific,Oceania,TEC-MA-5572,Technology,Machines,"Panasonic Printer, Red",263.64000000000004,1,0,0
ES-2015-YC2189545-42326,2015-11-18 00:00:00,YC-2189545,Yoseph Carroll,Corporate,France,Europe,Western Europe,TEC-CO-6001,Technology,Copiers,"Sharp Ink, Color",641.835,6,0.15,241.51500000000001
ID-2015-ZC219107-42328,2015-11-20 00:00:00,ZC-219107,Zuschuss Carroll,Consumer,Australia,Asia Pacific,Oceania,OFF-ST-6248,Office Supplies,Storage,"Tenex File Cart, Single Width",484.59600000000006,4,0.1,102.276
ID-2015-JB1604592-42329,2015-11-21 00:00:00,JB-1604592,Julia Barnett,Home Office,New Zealand,Asia Pacific,Oceania,OFF-SU-2994,Office Supplies,Supplies,"Acme Shears, High Speed",179.712,6,0.4,-15.048000000000016
MX-2015-KC1654036-42316,2015-11-08 00:00:00,KC-1654036,Kelly Collister,Consumer,Dominican Republic,LATAM,Caribbean,FUR-TA-3777,Furniture,Tables,"Chromcraft Wood Table, Adjustable Height",290.826,3,0.7,-271.49399999999997
ES-2015-JC1538545-42315,2015-11-07 00:00:00,JC-1538545,Jenna Caffey,Consumer,France,Europe,Western Europe,OFF-PA-5876,Office Supplies,Paper,"SanDisk Message Books, 8.5 x 11",83.88,3,0,41.04
MX-2015-TB2117551-42330,2015-11-22 00:00:00,TB-2117551,Thomas Boland,Corporate,Guatemala,LATAM,Central America,OFF-ST-4269,Office Supplies,Storage,"Fellowes Lockers, Wire Frame",412.8,3,0,181.61999999999998
IN-2015-LH167507-42322,2015-11-14 00:00:00,LH-167507,Larry Hughes,Consumer,Australia,Asia Pacific,Oceania,OFF-LA-5389,Office Supplies,Labels,"Novimex Legal Exhibit Labels, Alphabetical",46.30499999999999,5,0.1,16.905
IN-2015-RP198557-42337,2015-11-29 00:00:00,RP-198557,Roy Phan,Corporate,Australia,Asia Pacific,Oceania,OFF-AP-3566,Office Supplies,Appliances,"Breville Coffee Grinder, Black",330.966,6,0.1,73.386
ES-2015-BV1124545-42325,2015-11-17 00:00:00,BV-1124545,Benjamin Venier,Corporate,France,Europe,Western Europe,TEC-MA-5003,Technology,Machines,"Konica Card Printer, Red",439.41600000000005,3,0.15,41.346000000000004
ID-2015-TB214007-42322,2015-11-14 00:00:00,TB-214007,Tom Boeckenhauer,Consumer,Australia,Asia Pacific,Oceania,OFF-ST-6033,Office Supplies,Storage,"Smead File Cart, Single Width",115.992,1,0.1,14.171999999999999
MX-2015-CB1241598-42333,2015-11-25 00:00:00,CB-1241598,Christy Brittain,Consumer,Panama,LATAM,Central America,OFF-ST-6031,Office Supplies,Storage,"Smead File Cart, Blue",203.95199999999997,4,0.4,20.351999999999975
MX-2015-BM1157582-42335,2015-11-27 00:00:00,BM-1157582,Brendan Murry,Corporate,Mexico,LATAM,Central America,TEC-CO-4784,Technology,Copiers,"HP Personal Copier, Color",250.95708000000005,3,0.002,39.69708
IT-2015-TT21220120-42332,2015-11-24 00:00:00,TT-21220120,Thomas Thornton,Consumer,Spain,Europe,Southern Europe,TEC-PH-3801,Technology,Phones,"Cisco Signal Booster, Full Size",275.61600000000004,2,0.1,-21.444000000000003
MX-2015-RW1954055-42326,2015-11-18 00:00:00,RW-1954055,Rick Wilson,Corporate,Honduras,LATAM,Central America,TEC-AC-5894,Technology,Accessories,"SanDisk Router, Bluetooth",307.62,3,0.4,40.98000000000006
ES-2015-TT21220139-42322,2015-11-14 00:00:00,TT-21220139,Thomas Thornton,Consumer,United Kingdom,Europe,Northern Europe,FUR-CH-4558,Furniture,Chairs,"Harbour Creations Steel Folding Chair, Black",668.22,7,0,106.89
IN-2015-JM1525027-42334,2015-11-26 00:00:00,JM-1525027,Janet Martin,Consumer,China,Asia Pacific,Eastern Asia,TEC-AC-5888,Technology,Accessories,"SanDisk Numeric Keypad, Erganomic",511.6500000000001,9,0,51.03
ES-2015-BP1115545-42320,2015-11-12 00:00:00,BP-1115545,Becky Pak,Consumer,France,Europe,Western Europe,OFF-SU-3004,Office Supplies,Supplies,"Acme Trimmer, Steel",87.96000000000001,2,0,19.32
ES-2015-HW1493545-42335,2015-11-27 00:00:00,HW-1493545,Helen Wasserman,Corporate,France,Europe,Western Europe,OFF-BI-6370,Office Supplies,Binders,"Wilson Jones 3-Hole Punch, Durable",58.980000000000004,2,0,12.36
ES-2015-BF1117048-42311,2015-11-03 00:00:00,BF-1117048,Ben Ferrer,Home Office,Germany,Europe,Western Europe,TEC-MA-5506,Technology,Machines,"Okidata Phone, Durable",347.88,4,0,76.44
MX-2015-MY1829582-42321,2015-11-13 00:00:00,MY-1829582,Muhammed Yedwab,Corporate,Mexico,LATAM,Central America,FUR-BO-4865,Furniture,Bookcases,"Ikea Stackable Bookrack, Mobile",467.0400000000001,7,0.2,70
CA-2015-DC285023-42335,2015-11-27 00:00:00,DC-285023,Dan Campbell,Consumer,Canada,USCA,Canada,FUR-BO-5762,Furniture,Bookcases,"Safco Classic Bookcase, Pine",1758,4,0,70.32000000000001
CA-2015-DC285023-42335,2015-11-27 00:00:00,DC-285023,Dan Campbell,Consumer,Canada,USCA,Canada,TEC-AC-3392,Technology,Accessories,"Belkin Mouse, Bluetooth",162.84,4,0,78.12
IN-2015-BF1100558-42319,2015-11-11 00:00:00,BF-1100558,Barry Franz,Home Office,India,Asia Pacific,Southern Asia,TEC-CO-5996,Technology,Copiers,"Sharp Fax and Copier, Laser",168.6,1,0,79.23
CA-2015-DC285023-42335,2015-11-27 00:00:00,DC-285023,Dan Campbell,Consumer,Canada,USCA,Canada,OFF-SU-4134,Office Supplies,Supplies,"Elite Shears, Steel",46.41,1,0,21.81
SA-2015-MC7575110-42326,2015-11-18 00:00:00,MC-7575110,Matt Collins,Consumer,Saudi Arabia,Asia Pacific,Western Asia,FUR-BO-5768,Furniture,Bookcases,"Safco Corner Shelving, Metal",148.92000000000002,1,0,37.230000000000004
BU-2015-CC247519-42314,2015-11-06 00:00:00,CC-247519,Cindy Chapman,Consumer,Bulgaria,Europe,Eastern Europe,TEC-MA-4198,Technology,Machines,"Epson Inkjet, White",305.37,1,0,85.5
CA-2015-DC12850140-42332,2015-11-24 00:00:00,DC-128501402,Dan Campbell,Consumer,United States,USCA,Central US,OFF-FA-6129,Office Supplies,Fasteners,Staples,4.36,2,0,0.17439999999999944
IN-2015-CD1192021-42312,2015-11-04 00:00:00,CD-1192021,Carlos Daly,Consumer,Cambodia,Asia Pacific,Southeastern Asia,OFF-AP-4495,Office Supplies,Appliances,"Hamilton Beach Coffee Grinder, Silver",130.23,3,0,32.49
MX-2015-EM1420082-42328,2015-11-20 00:00:00,EM-1420082,Evan Minnotte,Home Office,Mexico,LATAM,Central America,FUR-FU-5719,Furniture,Furnishings,"Rubbermaid Clock, Duo Pack",80.352,4,0.4,-32.208000000000006
CA-2015-DC285023-42335,2015-11-27 00:00:00,DC-285023,Dan Campbell,Consumer,Canada,USCA,Canada,OFF-FA-6186,Office Supplies,Fasteners,"Stockwell Clamps, Bulk Pack",18.84,1,0,1.5
ES-2015-BP1115545-42320,2015-11-12 00:00:00,BP-1115545,Becky Pak,Consumer,France,Europe,Western Europe,OFF-AR-3448,Office Supplies,Art,"BIC Canvas, Easy-Erase",161.91,3,0,54.99000000000001
IZ-2015-CS186061-42319,2015-11-11 00:00:00,CS-186061,Cari Schnelling,Consumer,Iraq,Asia Pacific,Western Asia,FUR-CH-4697,Furniture,Chairs,"Hon Steel Folding Chair, Adjustable",167.82,2,0,30.18
ES-2015-GH1448548-42310,2015-11-02 00:00:00,GH-1448548,Gene Hale,Corporate,Germany,Europe,Western Europe,TEC-CO-4773,Technology,Copiers,"HP Fax Machine, Color",602.76,2,0,0
MX-2015-RB194655-42322,2015-11-14 00:00:00,RB-194655,Rick Bensley,Home Office,Argentina,LATAM,South America,TEC-PH-5261,Technology,Phones,"Motorola Office Telephone, VoIP",172.44,6,0.4,-94.92000000000002
IR-2015-IM507060-42319,2015-11-11 00:00:00,IM-507060,Irene Maddox,Consumer,Iran,Asia Pacific,Southern Asia,TEC-PH-5267,Technology,Phones,"Motorola Smart Phone, Cordless",642.78,1,0,44.97
IT-2015-CB1253564-42325,2015-11-17 00:00:00,CB-1253564,Claudia Bergmann,Corporate,Italy,Europe,Southern Europe,OFF-ST-6247,Office Supplies,Storage,"Tenex File Cart, Industrial",321.912,4,0.4,-112.72800000000001
MD-2015-KC654083-42336,2015-11-28 00:00:00,KC-654083,Kelly Collister,Consumer,Moldova,Europe,Eastern Europe,FUR-FU-5725,Furniture,Furnishings,"Rubbermaid Door Stop, Durable",163.32000000000002,4,0,21.12
US-2015-DH1367598-42318,2015-11-10 00:00:00,DH-1367598,Duane Huffman,Home Office,Panama,LATAM,Central America,FUR-BO-3615,Furniture,Bookcases,"Bush 3-Shelf Cabinet, Metal",171.39600000000002,3,0.4,-114.26400000000001
IN-2015-TC2153566-42321,2015-11-13 00:00:00,TC-2153566,Tracy Collins,Home Office,Japan,Asia Pacific,Eastern Asia,TEC-PH-5845,Technology,Phones,"Samsung Speaker Phone, VoIP",369.99,3,0,129.42000000000002
CA-2015-DK12895140-42324,2015-11-16 00:00:00,DK-128951408,Dana Kaydos,Consumer,United States,USCA,Southern US,FUR-FU-6225,Furniture,Furnishings,"Tenex 46"" x 60"" Computer Anti-Static Chairmat, Rectangular Shaped",339.136,4,0.2,0
CA-2015-DK12895140-42324,2015-11-16 00:00:00,DK-128951408,Dana Kaydos,Consumer,United States,USCA,Southern US,FUR-FU-4760,Furniture,Furnishings,"Howard Miller 13-1/2"" Diameter Rosebrook Wall Clock",220.064,4,0.2,55.01600000000001
MX-2015-SN2071093-42325,2015-11-17 00:00:00,SN-2071093,Steve Nguyen,Home Office,Nicaragua,LATAM,Central America,TEC-PH-3790,Technology,Phones,"Cisco Headset, Cordless",304.29999999999995,5,0,36.5
MO-2015-PO919586-42336,2015-11-28 00:00:00,PO-919586,Phillina Ober,Home Office,Morocco,Africa,North Africa,OFF-ST-5706,Office Supplies,Storage,"Rogers Shelving, Industrial",375.65999999999997,6,0,112.68
RS-2015-MW8220108-42325,2015-11-17 00:00:00,MW-8220108,Mitch Webber,Consumer,Russia,Europe,Eastern Europe,TEC-MA-6137,Technology,Machines,"StarTech Card Printer, Red",321.3,2,0,35.339999999999996
LY-2015-NG843074-42325,2015-11-17 00:00:00,NG-843074,Nathan Gelder,Consumer,Libya,Africa,North Africa,OFF-AP-4747,Office Supplies,Appliances,"Hoover Toaster, Red",167.28000000000003,2,0,13.379999999999999
ES-2015-DM1295514-42329,2015-11-21 00:00:00,DM-1295514,Dario Medina,Corporate,Belgium,Europe,Western Europe,OFF-BI-3256,Office Supplies,Binders,"Avery Binding Machine, Durable",151.02,3,0,9
CA-2015-DL12925140-42312,2015-11-04 00:00:00,DL-129251402,Daniel Lacy,Consumer,United States,USCA,Central US,OFF-ST-6157,Office Supplies,Storage,Sterilite Officeware Hinged File Box,52.400000000000006,5,0,14.148
ES-2015-EB14110120-42316,2015-11-08 00:00:00,EB-14110120,Eugene Barchas,Consumer,Spain,Europe,Southern Europe,FUR-BO-4853,Furniture,Bookcases,"Ikea Corner Shelving, Mobile",376.74,3,0,48.96
CA-2015-DL12925140-42312,2015-11-04 00:00:00,DL-129251402,Daniel Lacy,Consumer,United States,USCA,Central US,OFF-PA-6528,Office Supplies,Paper,Xerox 1971,8.56,2,0,3.8519999999999994
CA-2015-DL12925140-42312,2015-11-04 00:00:00,DL-129251402,Daniel Lacy,Consumer,United States,USCA,Central US,OFF-LA-3235,Office Supplies,Labels,Avery 513,14.940000000000001,3,0,6.8724
IT-2015-MJ1774045-42316,2015-11-08 00:00:00,MJ-1774045,Max Jones,Consumer,France,Europe,Western Europe,TEC-CO-3705,Technology,Copiers,"Canon Personal Copier, High-Speed",239.59799999999998,2,0.15,33.798
CA-2015-DR12940140-42319,2015-11-11 00:00:00,DR-129401408,Daniel Raglin,Home Office,United States,USCA,Southern US,OFF-BI-4376,Office Supplies,Binders,GBC VeloBinder Strips,11.520000000000001,5,0.7,-7.679999999999996
ES-2015-KB1624045-42336,2015-11-28 00:00:00,KB-1624045,Karen Bern,Corporate,France,Europe,Western Europe,FUR-FU-4067,Furniture,Furnishings,"Eldon Frame, Erganomic",114.87,1,0,16.080000000000002
ID-2015-EJ1415592-42335,2015-11-27 00:00:00,EJ-1415592,Eva Jacobs,Consumer,New Zealand,Asia Pacific,Oceania,FUR-CH-4560,Furniture,Chairs,"Harbour Creations Steel Folding Chair, Set of Two",240.336,4,0.4,-136.22400000000005
ES-2015-RH19555139-42330,2015-11-22 00:00:00,RH-19555139,Ritsa Hightower,Consumer,United Kingdom,Europe,Northern Europe,OFF-PA-5886,Office Supplies,Paper,"SanDisk Note Cards, Premium",140.535,5,0.1,48.285
MX-2015-MC1757536-42338,2015-11-30 00:00:00,MC-1757536,Matt Collins,Consumer,Dominican Republic,LATAM,Caribbean,OFF-FA-5473,Office Supplies,Fasteners,"OIC Push Pins, Bulk Pack",95.424,12,0.2,34.464
MX-2015-SV2081582-42335,2015-11-27 00:00:00,SV-2081582,Stuart Van,Corporate,Mexico,LATAM,Central America,OFF-SU-6167,Office Supplies,Supplies,"Stiletto Letter Opener, Steel",83.60000000000001,5,0,35.9
SU-2015-EB4170122-42315,2015-11-07 00:00:00,EB-4170122,Evan Bailliet,Consumer,Sudan,Africa,North Africa,FUR-FU-3931,Furniture,Furnishings,"Deflect-O Clock, Erganomic",195.71999999999997,4,0,17.52
MX-2015-GH1466582-42334,2015-11-26 00:00:00,GH-1466582,Greg Hansen,Consumer,Mexico,LATAM,Central America,OFF-ST-4107,Office Supplies,Storage,"Eldon Trays, Single Width",64,2,0,19.2
US-2015-DC12850101-42328,2015-11-20 00:00:00,DC-12850101,Dan Campbell,Consumer,Peru,LATAM,South America,TEC-PH-3797,Technology,Phones,"Cisco Office Telephone, Full Size",98.1,3,0.4,-1.6800000000000068
SF-2015-CS2355117-42314,2015-11-06 00:00:00,CS-2355117,Christine Sundaresam,Consumer,South Africa,Africa,Southern Africa,TEC-CO-3680,Technology,Copiers,"Canon Copy Machine, High-Speed",260.34000000000003,1,0,46.86
MO-2015-DO343586-42327,2015-11-19 00:00:00,DO-343586,Denny Ordway,Consumer,Morocco,Africa,North Africa,OFF-AR-3538,Office Supplies,Art,"Boston Markers, Easy-Erase",213.12,8,0,18.96
ES-2015-OT18730120-42328,2015-11-20 00:00:00,OT-18730120,Olvera Toch,Consumer,Spain,Europe,Southern Europe,TEC-MA-4201,Technology,Machines,"Epson Phone, Durable",291.924,4,0.1,12.924
IN-2015-GR1456027-42314,2015-11-06 00:00:00,GR-1456027,Georgia Rosenberg,Corporate,China,Asia Pacific,Eastern Asia,TEC-PH-5845,Technology,Phones,"Samsung Speaker Phone, VoIP",369.99,3,0,129.42000000000002
GV-2015-RM967552-42333,2015-11-25 00:00:00,RM-967552,Robert Marley,Home Office,Guinea,Africa,Western Africa,OFF-ST-4080,Office Supplies,Storage,"Eldon Lockers, Single Width",197.93999999999997,1,0,96.99
IN-2015-TB2117558-42324,2015-11-16 00:00:00,TB-2117558,Thomas Boland,Corporate,India,Asia Pacific,Southern Asia,FUR-CH-5454,Furniture,Chairs,"Office Star Swivel Stool, Adjustable",529.2900000000001,3,0,68.75999999999999
ES-2015-DW13540120-42326,2015-11-18 00:00:00,DW-13540120,Don Weiss,Consumer,Spain,Europe,Southern Europe,OFF-AR-5911,Office Supplies,Art,"Sanford Highlighters, Easy-Erase",144.18,9,0,5.67
CA-2015-DM13015140-42312,2015-11-04 00:00:00,DM-130151406,Darrin Martin,Consumer,United States,USCA,Eastern US,OFF-BI-5188,Office Supplies,Binders,"Mead 1st Gear 2"" Zipper Binder, Asst. Colors",11.673000000000002,3,0.7,-7.782
SU-2015-RD9585122-42334,2015-11-26 00:00:00,RD-9585122,Rob Dowd,Consumer,Sudan,Africa,North Africa,TEC-MA-5517,Technology,Machines,"Okidata Receipt Printer, Wireless",245.82,2,0,66.36
IN-2015-EJ137207-42314,2015-11-06 00:00:00,EJ-137207,Ed Jacobs,Consumer,Australia,Asia Pacific,Oceania,FUR-CH-5454,Furniture,Chairs,"Office Star Swivel Stool, Adjustable",317.57400000000007,2,0.1,10.553999999999988
ID-2015-DL129257-42312,2015-11-04 00:00:00,DL-129257,Daniel Lacy,Consumer,Australia,Asia Pacific,Oceania,FUR-FU-3930,Furniture,Furnishings,"Deflect-O Clock, Durable",170.42399999999998,6,0.4,-108.036
ES-2015-IM1505545-42334,2015-11-26 00:00:00,IM-1505545,Ionia McGrath,Consumer,France,Europe,Western Europe,TEC-MA-6148,Technology,Machines,"StarTech Printer, Red",645.9660000000001,3,0.15,212.70599999999996
MX-2015-DG1330093-42319,2015-11-11 00:00:00,DG-1330093,Deirdre Greer,Corporate,Nicaragua,LATAM,Central America,FUR-BO-5786,Furniture,Bookcases,"Safco Library with Doors, Mobile",261.53999999999996,1,0,109.84
IN-2015-BK1126059-42322,2015-11-14 00:00:00,BK-1126059,Berenike Kampe,Consumer,Indonesia,Asia Pacific,Southeastern Asia,OFF-BI-3187,Office Supplies,Binders,"Avery 3-Hole Punch, Durable",121.88550000000001,5,0.17,48.385499999999986
ID-2015-TB214007-42322,2015-11-14 00:00:00,TB-214007,Tom Boeckenhauer,Consumer,Australia,Asia Pacific,Oceania,OFF-ST-6247,Office Supplies,Storage,"Tenex File Cart, Industrial",241.434,2,0.1,101.934
ID-2015-BP110957-42316,2015-11-08 00:00:00,BP-110957,Bart Pistole,Corporate,Australia,Asia Pacific,Oceania,OFF-ST-6272,Office Supplies,Storage,"Tenex Shelving, Blue",147.582,3,0.1,-16.398
RS-2015-DE3255108-42321,2015-11-13 00:00:00,DE-3255108,Deanra Eno,Home Office,Russia,Europe,Eastern Europe,OFF-AP-4492,Office Supplies,Appliances,"Hamilton Beach Blender, White",143.58,2,0,51.66
ES-2015-YC2189545-42326,2015-11-18 00:00:00,YC-2189545,Yoseph Carroll,Corporate,France,Europe,Western Europe,OFF-ST-4293,Office Supplies,Storage,"Fellowes Trays, Blue",206.604,4,0.1,-6.996000000000002
ES-2015-CD1228048-42328,2015-11-20 00:00:00,CD-1228048,Christina DeMoss,Consumer,Germany,Europe,Western Europe,FUR-CH-5452,Furniture,Chairs,"Office Star Steel Folding Chair, Red",412.69500000000005,5,0.1,9.045000000000002
ES-2015-HG1484545-42327,2015-11-19 00:00:00,HG-1484545,Harry Greene,Consumer,France,Europe,Western Europe,OFF-SU-4981,Office Supplies,Supplies,"Kleencut Ruler, Easy Grip",212.51999999999998,14,0,4.200000000000001
AG-2015-DR29403-42326,2015-11-18 00:00:00,DR-29403,Daniel Raglin,Home Office,Algeria,Africa,North Africa,FUR-BO-4846,Furniture,Bookcases,"Ikea 3-Shelf Cabinet, Pine",287.58000000000004,2,0,8.58
CA-2015-DK13090140-42312,2015-11-04 00:00:00,DK-130901408,Dave Kipp,Consumer,United States,USCA,Southern US,TEC-CO-3690,Technology,Copiers,Canon Image Class D660 Copier,959.984,2,0.2,311.99479999999994
CA-2015-DK13090140-42327,2015-11-19 00:00:00,DK-130901406,Dave Kipp,Consumer,United States,USCA,Eastern US,TEC-PH-3406,Technology,Phones,"Belkin SportFit Armband For iPhone 5s/5c, Fuchsia",74.95,5,0,36.725500000000004
CA-2015-DK13090140-42312,2015-11-04 00:00:00,DK-130901408,Dave Kipp,Consumer,United States,USCA,Southern US,OFF-AR-4796,Office Supplies,Art,Hunt Boston Vacuum Mount KS Pencil Sharpener,55.98400000000001,2,0.2,4.1987999999999985
IN-2015-MG1787527-42321,2015-11-13 00:00:00,MG-1787527,Michael Grace,Home Office,China,Asia Pacific,Eastern Asia,FUR-FU-3930,Furniture,Furnishings,"Deflect-O Clock, Durable",236.7,5,0,4.6499999999999995
KE-2015-ND837069-42336,2015-11-28 00:00:00,ND-837069,Natalie DeCherney,Consumer,Kenya,Africa,Eastern Africa,TEC-AC-5135,Technology,Accessories,"Logitech Router, Erganomic",245.13000000000002,1,0,44.099999999999994
CA-2015-DK13090140-42312,2015-11-04 00:00:00,DK-130901408,Dave Kipp,Consumer,United States,USCA,Southern US,OFF-PA-6476,Office Supplies,Paper,Xerox 1923,10.688,2,0.2,3.7407999999999997
CA-2015-DK13090140-42312,2015-11-04 00:00:00,DK-130901408,Dave Kipp,Consumer,United States,USCA,Southern US,OFF-BI-3319,Office Supplies,Binders,Avery Self-Adhesive Photo Pockets for Polaroid Photos,4.086,2,0.7,-2.9963999999999995
IN-2015-NS1864027-42321,2015-11-13 00:00:00,NS-1864027,Noel Staavos,Corporate,China,Asia Pacific,Eastern Asia,OFF-ST-5691,Office Supplies,Storage,"Rogers File Cart, Blue",562.6800000000001,4,0,208.07999999999998
IN-2015-JP1613592-42313,2015-11-05 00:00:00,JP-1613592,Julie Prescott,Home Office,New Zealand,Asia Pacific,Oceania,OFF-BI-6372,Office Supplies,Binders,"Wilson Jones 3-Hole Punch, Recycled",56.7,2,0,27.78
IT-2015-TM2149064-42311,2015-11-03 00:00:00,TM-2149064,Tony Molinari,Consumer,Italy,Europe,Southern Europe,TEC-MA-5499,Technology,Machines,"Okidata Card Printer, White",209.088,2,0.4,-20.952000000000027
MX-2015-TP2141555-42321,2015-11-13 00:00:00,TP-2141555,Tom Prescott,Consumer,Honduras,LATAM,Central America,TEC-CO-3611,Technology,Copiers,"Brother Wireless Fax, Laser",151.01892,1,0.402,-83.86108
CM-2015-AH1007522-42330,2015-11-22 00:00:00,AH-1007522,Adam Hart,Corporate,Cameroon,Africa,Central Africa,TEC-AC-5194,Technology,Accessories,"Memorex Flash Drive, Erganomic",108.84,4,0,10.8
ES-2015-DF13135120-42323,2015-11-15 00:00:00,DF-13135120,David Flashing,Consumer,Spain,Europe,Southern Europe,OFF-SU-4321,Office Supplies,Supplies,"Fiskars Shears, Serrated",133.02,3,0,38.519999999999996
IN-2015-AR1040527-42315,2015-11-07 00:00:00,AR-1040527,Allen Rosenblatt,Corporate,China,Asia Pacific,Eastern Asia,FUR-CH-4522,Furniture,Chairs,"Harbour Creations Chairmat, Adjustable",148.98000000000002,2,0,65.52
US-2015-MC18100101-42327,2015-11-19 00:00:00,MC-18100101,Mick Crebagga,Consumer,Peru,LATAM,South America,TEC-PH-5347,Technology,Phones,"Nokia Office Telephone, Full Size",159.408,6,0.4,-47.831999999999994
MX-2015-EM1420082-42328,2015-11-20 00:00:00,EM-1420082,Evan Minnotte,Home Office,Mexico,LATAM,Central America,OFF-EN-3104,Office Supplies,Envelopes,"Ames Manila Envelope, Recycled",78.3,5,0,13.300000000000002
ES-2015-HZ1495048-42333,2015-11-25 00:00:00,HZ-1495048,Henia Zydlo,Consumer,Germany,Europe,Western Europe,FUR-FU-4037,Furniture,Furnishings,"Eldon Clock, Erganomic",220.56,4,0,74.88
CA-2015-DB13120140-42321,2015-11-13 00:00:00,DB-131201404,David Bremer,Corporate,United States,USCA,Western US,OFF-PA-6598,Office Supplies,Paper,Xerox 4200 Series MultiUse Premium Copy Paper (20Lb. and 84 Bright),10.56,2,0,4.752
MX-2015-LD1700582-42320,2015-11-12 00:00:00,LD-1700582,Lisa DeCherney,Consumer,Mexico,LATAM,Central America,OFF-BI-6384,Office Supplies,Binders,"Wilson Jones Binding Machine, Economy",163.2,5,0,45.599999999999994
IN-2015-MC1760527-42313,2015-11-05 00:00:00,MC-1760527,Matt Connell,Corporate,China,Asia Pacific,Eastern Asia,FUR-BO-4861,Furniture,Bookcases,"Ikea Library with Doors, Mobile",548.865,3,0.5,-395.235
ES-2015-BB1154548-42336,2015-11-28 00:00:00,BB-1154548,Brenda Bowman,Corporate,Germany,Europe,Western Europe,OFF-SU-4120,Office Supplies,Supplies,"Elite Letter Opener, Easy Grip",136.5,5,0,5.4
MX-2015-BS1175528-42311,2015-11-03 00:00:00,BS-1175528,Bruce Stewart,Consumer,Colombia,LATAM,South America,FUR-BO-4856,Furniture,Bookcases,"Ikea Floating Shelf Set, Metal",226.4,2,0,33.96
IN-2015-AH1007558-42338,2015-11-30 00:00:00,AH-1007558,Adam Hart,Corporate,India,Asia Pacific,Southern Asia,FUR-FU-3956,Furniture,Furnishings,"Deflect-O Stacking Tray, Durable",227.60999999999999,9,0,56.7
MX-2015-PC1900082-42319,2015-11-11 00:00:00,PC-1900082,Pauline Chand,Home Office,Mexico,LATAM,Central America,OFF-BI-3713,Office Supplies,Binders,"Cardinal 3-Hole Punch, Durable",141.4,7,0,32.480000000000004
ES-2015-MO1795048-42313,2015-11-05 00:00:00,MO-1795048,Michael Oakman,Consumer,Germany,Europe,Western Europe,TEC-AC-4164,Technology,Accessories,"Enermax Memory Card, Erganomic",201.95999999999995,2,0.1,82.98
US-2015-SS2041018-42336,2015-11-28 00:00:00,SS-2041018,Shahid Shariari,Consumer,Brazil,LATAM,South America,TEC-PH-3817,Technology,Phones,"Cisco Speaker Phone, VoIP",184.76,5,0.6,-175.53999999999996
IN-2015-MC1763558-42334,2015-11-26 00:00:00,MC-1763558,Matthew Clasen,Corporate,India,Asia Pacific,Southern Asia,FUR-BO-3900,Furniture,Bookcases,"Dania Floating Shelf Set, Traditional",338.7,2,0,148.98
ES-2015-NB18655120-42331,2015-11-23 00:00:00,NB-18655120,Nona Balk,Corporate,Spain,Europe,Southern Europe,TEC-CO-6004,Technology,Copiers,"Sharp Ink, Laser",497.64,4,0,79.56
SA-2015-NM8445110-42336,2015-11-28 00:00:00,NM-8445110,Nathan Mautz,Home Office,Saudi Arabia,Asia Pacific,Western Asia,OFF-BI-6384,Office Supplies,Binders,"Wilson Jones Binding Machine, Economy",195.84,4,0,70.44
MX-2015-JM1565582-42322,2015-11-14 00:00:00,JM-1565582,Jim Mitchum,Corporate,Mexico,LATAM,Central America,OFF-AR-3531,Office Supplies,Art,"Boston Highlighters, Blue",88.06,7,0,12.320000000000002
MX-2015-JJ1544598-42336,2015-11-28 00:00:00,JJ-1544598,Jennifer Jackson,Consumer,Panama,LATAM,Central America,OFF-ST-6031,Office Supplies,Storage,"Smead File Cart, Blue",203.95199999999997,4,0.4,20.351999999999975
TU-2015-AB105134-42326,2015-11-18 00:00:00,AB-105134,Adrian Barton,Consumer,Turkey,Asia Pacific,Western Asia,FUR-BO-3890,Furniture,Bookcases,"Dania Classic Bookcase, Mobile",165.312,1,0.6,-173.59799999999996
MX-2015-TC2114593-42313,2015-11-05 00:00:00,TC-2114593,Theresa Coyne,Corporate,Nicaragua,LATAM,Central America,OFF-BI-4817,Office Supplies,Binders,"Ibico Binding Machine, Economy",239.95999999999998,7,0,91.13999999999999
US-2015-JA1597055-42330,2015-11-22 00:00:00,JA-1597055,Joseph Airdo,Consumer,Honduras,LATAM,Central America,OFF-SU-6179,Office Supplies,Supplies,"Stiletto Shears, Steel",132.972,7,0.4,-37.68800000000002
IN-2015-LF1718558-42320,2015-11-12 00:00:00,LF-1718558,Luke Foster,Consumer,India,Asia Pacific,Southern Asia,FUR-CH-5759,Furniture,Chairs,"SAFCO Chairmat, Set of Two",124.14000000000001,2,0,43.44
US-2015-DC12850101-42328,2015-11-20 00:00:00,DC-12850101,Dan Campbell,Consumer,Peru,LATAM,South America,OFF-SU-4137,Office Supplies,Supplies,"Elite Trimmer, Serrated",61.39200000000001,4,0.4,-3.0880000000000107
GH-2015-SW1075549-42326,2015-11-18 00:00:00,SW-1075549,Steven Ward,Corporate,Ghana,Africa,Western Africa,OFF-ST-5697,Office Supplies,Storage,"Rogers Folders, Wire Frame",238.07999999999996,8,0,26.160000000000004
MX-2015-DG1330093-42319,2015-11-11 00:00:00,DG-1330093,Deirdre Greer,Corporate,Nicaragua,LATAM,Central America,FUR-BO-3627,Furniture,Bookcases,"Bush Classic Bookcase, Traditional",275.12,1,0,11
IN-2015-DW1319558-42320,2015-11-12 00:00:00,DW-1319558,David Wiener,Corporate,India,Asia Pacific,Southern Asia,OFF-BI-4815,Office Supplies,Binders,"Ibico Binding Machine, Clear",101.76,2,0,0
ES-2015-VD2167048-42333,2015-11-25 00:00:00,VD-2167048,Valerie Dominguez,Consumer,Germany,Europe,Western Europe,TEC-AC-4179,Technology,Accessories,"Enermax Numeric Keypad, Erganomic",235.32,4,0,25.799999999999997
MX-2015-KH1669051-42334,2015-11-26 00:00:00,KH-1669051,Kristen Hastings,Corporate,Guatemala,LATAM,Central America,TEC-PH-5271,Technology,Phones,"Motorola Speaker Phone, Full Size",262.14,3,0,5.22
MX-2015-PR1888018-42312,2015-11-04 00:00:00,PR-1888018,Patrick Ryan,Consumer,Brazil,LATAM,South America,TEC-PH-5357,Technology,Phones,"Nokia Speaker Phone, Cordless",252,3,0,73.08
MX-2015-EG1390082-42333,2015-11-25 00:00:00,EG-1390082,Emily Grady,Consumer,Mexico,LATAM,Central America,OFF-SU-2991,Office Supplies,Supplies,"Acme Scissors, Steel",115.92000000000003,7,0,38.22
IN-2015-DB135557-42329,2015-11-21 00:00:00,DB-135557,Dorothy Badders,Corporate,Australia,Asia Pacific,Oceania,OFF-AP-3585,Office Supplies,Appliances,"Breville Toaster, White",269.46000000000004,4,0.1,119.70000000000002
MX-2015-CC1210082-42318,2015-11-10 00:00:00,CC-1210082,Chad Cunningham,Home Office,Mexico,LATAM,Central America,TEC-AC-5217,Technology,Accessories,"Memorex Mouse, Erganomic",138.56,8,0,49.760000000000005
PL-2015-FM4290103-42322,2015-11-14 00:00:00,FM-4290103,Frank Merwin,Home Office,Poland,Europe,Eastern Europe,FUR-CH-5455,Furniture,Chairs,"Office Star Swivel Stool, Black",171.51000000000002,1,0,58.29
CA-2015-DB13270140-42316,2015-11-08 00:00:00,DB-132701404,Deborah Brumfield,Home Office,United States,USCA,Western US,TEC-PH-5604,Technology,Phones,"Plantronics CS 50-USB - headset - Convertible, Monaural",761.5440000000001,7,0.2,66.63510000000002
MX-2015-DR1294039-42321,2015-11-13 00:00:00,DR-1294039,Daniel Raglin,Home Office,El Salvador,LATAM,Central America,TEC-CO-4787,Technology,Copiers,"HP Personal Copier, Laser",248.08284000000003,3,0.002,108.82283999999997
MX-2015-RB194655-42322,2015-11-14 00:00:00,RB-194655,Rick Bensley,Home Office,Argentina,LATAM,South America,OFF-AR-3449,Office Supplies,Art,"BIC Canvas, Fluorescent",131.904,6,0.4,6.5040000000000076
ES-2015-NB18655120-42331,2015-11-23 00:00:00,NB-18655120,Nona Balk,Corporate,Spain,Europe,Southern Europe,FUR-BO-3888,Furniture,Bookcases,"Dania 3-Shelf Cabinet, Traditional",565.8,4,0,271.56
CA-2015-DB13270140-42316,2015-11-08 00:00:00,DB-132701404,Deborah Brumfield,Home Office,United States,USCA,Western US,TEC-AC-3124,Technology,Accessories,Anker Ultra-Slim Mini Bluetooth 3.0 Wireless Keyboard,59.97,3,0,13.793099999999999
CA-2015-DG13300140-42337,2015-11-29 00:00:00,DG-133001406,Deirdre Greer,Corporate,United States,USCA,Eastern US,TEC-PH-4455,Technology,Phones,Google Nexus 5,1979.89,11,0,494.9725
IN-2015-DK1283527-42312,2015-11-04 00:00:00,DK-1283527,Damala Kotsonis,Corporate,China,Asia Pacific,Eastern Asia,TEC-AC-4163,Technology,Accessories,"Enermax Memory Card, Bluetooth",228.77999999999997,2,0,34.26
ES-2015-DF13135120-42323,2015-11-15 00:00:00,DF-13135120,David Flashing,Consumer,Spain,Europe,Southern Europe,OFF-PA-6619,Office Supplies,Paper,"Xerox Note Cards, Premium",158.21999999999997,6,0,31.5
CA-2015-DG13300140-42337,2015-11-29 00:00:00,DG-133001406,Deirdre Greer,Corporate,United States,USCA,Eastern US,OFF-EN-3512,Office Supplies,Envelopes,"Blue String-Tie & Button Interoffice Envelopes, 10 x 13",79.96,2,0,35.98199999999999
IN-2015-KN164507-42332,2015-11-24 00:00:00,KN-164507,Kean Nguyen,Corporate,Australia,Asia Pacific,Oceania,OFF-SU-4325,Office Supplies,Supplies,"Fiskars Trimmer, Easy Grip",118.58400000000002,3,0.1,17.064
TZ-2015-AG330129-42326,2015-11-18 00:00:00,AG-330129,Alex Grayson,Consumer,Tanzania,Africa,Eastern Africa,OFF-AR-3447,Office Supplies,Art,"BIC Canvas, Blue",53.699999999999996,1,0,4.29
IR-2015-NP870060-42332,2015-11-24 00:00:00,NP-870060,Nora Preis,Consumer,Iran,Asia Pacific,Southern Asia,OFF-AR-6128,Office Supplies,Art,"Stanley Sketch Pad, Water Color",47.61,1,0,9.03
CA-2015-DL13315140-42334,2015-11-26 00:00:00,DL-133151408,Delfina Latchford,Consumer,United States,USCA,Southern US,OFF-PA-6415,Office Supplies,Paper,"Wirebound Message Book, 4 per Page",48.87,9,0,23.946299999999997
CA-2015-DL13330140-42312,2015-11-04 00:00:00,DL-133301404,Denise Leinenbach,Consumer,United States,USCA,Western US,FUR-FU-2877,Furniture,Furnishings,9-3/4 Diameter Round Wall Clock,41.37,3,0,17.3754
TU-2015-AB105134-42326,2015-11-18 00:00:00,AB-105134,Adrian Barton,Consumer,Turkey,Asia Pacific,Western Asia,OFF-ST-5692,Office Supplies,Storage,"Rogers File Cart, Industrial",226.56000000000006,4,0.6,-243.60000000000002
ID-2015-BP110957-42316,2015-11-08 00:00:00,BP-110957,Bart Pistole,Corporate,Australia,Asia Pacific,Oceania,OFF-ST-4253,Office Supplies,Storage,"Fellowes Box, Wire Frame",84.375,5,0.1,5.625
IN-2015-DB1327059-42336,2015-11-28 00:00:00,DB-1327059,Deborah Brumfield,Home Office,Indonesia,Asia Pacific,Southeastern Asia,OFF-BI-2901,Office Supplies,Binders,"Acco Binding Machine, Economy",169.6188,4,0.17,-12.301200000000005
MX-2015-BP1115539-42318,2015-11-10 00:00:00,BP-1115539,Becky Pak,Consumer,El Salvador,LATAM,Central America,OFF-AP-4496,Office Supplies,Appliances,"Hamilton Beach Coffee Grinder, White",244.8,9,0,17.1
ES-2015-ME173208-42315,2015-11-07 00:00:00,ME-173208,Maria Etezadi,Home Office,Austria,Europe,Western Europe,OFF-ST-6048,Office Supplies,Storage,"Smead Lockers, Single Width",396.9,2,0,178.56
US-2015-MC181305-42318,2015-11-10 00:00:00,MC-181305,Mike Caudle,Corporate,Argentina,LATAM,South America,OFF-ST-6059,Office Supplies,Storage,"Smead Shelving, Single Width",215.42399999999998,11,0.4,-32.516000000000005
ES-2015-GH1448548-42310,2015-11-02 00:00:00,GH-1448548,Gene Hale,Corporate,Germany,Europe,Western Europe,FUR-FU-4084,Furniture,Furnishings,"Eldon Photo Frame, Duo Pack",290.85,5,0,17.4
IN-2015-CM1238597-42312,2015-11-04 00:00:00,CM-1238597,Christopher Martinez,Consumer,Pakistan,Asia Pacific,Southern Asia,TEC-AC-4158,Technology,Accessories,"Enermax Keyboard, USB",167.34,4,0.5,-83.7
IT-2015-AJ1078034-42321,2015-11-13 00:00:00,AJ-1078034,Anthony Jacobs,Corporate,Denmark,Europe,Northern Europe,FUR-CH-4559,Furniture,Chairs,"Harbour Creations Steel Folding Chair, Red",97.89000000000001,2,0.5,-45.030000000000015
MX-2015-KB1624037-42332,2015-11-24 00:00:00,KB-1624037,Karen Bern,Corporate,Ecuador,LATAM,South America,FUR-CH-5758,Furniture,Chairs,"SAFCO Chairmat, Red",79.76,2,0,30.28
CA-2015-DK13375140-42321,2015-11-13 00:00:00,DK-133751406,Dennis Kane,Consumer,United States,USCA,Eastern US,OFF-ST-5766,Office Supplies,Storage,"SAFCO Commercial Wire Shelving, Black",221.024,2,0.2,-55.256
MX-2015-AA1037582-42335,2015-11-27 00:00:00,AA-1037582,Allen Armold,Consumer,Mexico,LATAM,Central America,OFF-ST-5686,Office Supplies,Storage,"Rogers Box, Blue",79.9,5,0,31.9
MO-2015-NS864086-42322,2015-11-14 00:00:00,NS-864086,Noel Staavos,Corporate,Morocco,Africa,North Africa,OFF-ST-6262,Office Supplies,Storage,"Tenex Lockers, Industrial",204.63,1,0,57.269999999999996
IN-2015-PG1882027-42334,2015-11-26 00:00:00,PG-1882027,Patrick Gardner,Consumer,China,Asia Pacific,Eastern Asia,OFF-AR-6120,Office Supplies,Art,"Stanley Pencil Sharpener, Water Color",223.68,8,0,46.8
UP-2015-CD2280137-42309,2015-11-01 00:00:00,CD-2280137,Christina DeMoss,Consumer,Ukraine,Europe,Eastern Europe,OFF-EN-5029,Office Supplies,Envelopes,"Kraft Interoffice Envelope, Recycled",182.88,4,0,60.239999999999995
SF-2015-JH6180117-42312,2015-11-04 00:00:00,JH-6180117,Justin Hirsh,Consumer,South Africa,Africa,Southern Africa,FUR-BO-3647,Furniture,Bookcases,"Bush Stackable Bookrack, Pine",124.85999999999999,1,0,48.69
ES-2015-SW2075545-42320,2015-11-12 00:00:00,SW-2075545,Steven Ward,Corporate,France,Europe,Western Europe,TEC-AC-5872,Technology,Accessories,"SanDisk Memory Card, Bluetooth",224.82,2,0,29.22
SF-2015-FP4320117-42335,2015-11-27 00:00:00,FP-4320117,Frank Preis,Consumer,South Africa,Africa,Southern Africa,TEC-CO-3601,Technology,Copiers,"Brother Ink, High-Speed",145.5,1,0,8.73
US-2015-FH1436582-42327,2015-11-19 00:00:00,FH-1436582,Fred Hopkins,Corporate,Mexico,LATAM,Central America,FUR-CH-4654,Furniture,Chairs,"Hon Executive Leather Armchair, Adjustable",242.51199999999994,1,0.2,-9.107999999999981
ES-2015-SG2089048-42322,2015-11-14 00:00:00,SG-2089048,Susan Gilcrest,Corporate,Germany,Europe,Western Europe,OFF-BI-4817,Office Supplies,Binders,"Ibico Binding Machine, Economy",154.26,3,0,13.86
IN-2015-JK1609027-42320,2015-11-12 00:00:00,JK-1609027,Juliana Krohn,Consumer,China,Asia Pacific,Eastern Asia,FUR-CH-4524,Furniture,Chairs,"Harbour Creations Chairmat, Red",360.00000000000006,5,0,169.2
MX-2015-LC1693018-42316,2015-11-08 00:00:00,LC-1693018,Linda Cazamias,Corporate,Brazil,LATAM,South America,OFF-AP-4732,Office Supplies,Appliances,"Hoover Microwave, Silver",206.26,1,0,61.86
IN-2015-JK1609027-42320,2015-11-12 00:00:00,JK-1609027,Juliana Krohn,Consumer,China,Asia Pacific,Eastern Asia,FUR-BO-5768,Furniture,Bookcases,"Safco Corner Shelving, Metal",297.84000000000003,2,0,0
IN-2015-PA190607-42319,2015-11-11 00:00:00,PA-190607,Pete Armstrong,Home Office,Australia,Asia Pacific,Oceania,TEC-MA-5575,Technology,Machines,"Panasonic Receipt Printer, Durable",242.04000000000002,2,0,21.78
ID-2015-DL129257-42312,2015-11-04 00:00:00,DL-129257,Daniel Lacy,Consumer,Australia,Asia Pacific,Oceania,TEC-AC-3387,Technology,Accessories,"Belkin Keyboard, USB",201.816,4,0.4,-10.104000000000013
IN-2015-Co1264058-42326,2015-11-18 00:00:00,Co-1264058,Corey-Lock,Consumer,India,Asia Pacific,Southern Asia,TEC-AC-4152,Technology,Accessories,"Enermax Flash Drive, Erganomic",196.64999999999998,5,0,82.5
IN-2015-BF1097592-42334,2015-11-26 00:00:00,BF-1097592,Barbara Fisher,Corporate,New Zealand,Asia Pacific,Oceania,FUR-FU-6236,Furniture,Furnishings,"Tenex Clock, Black",120.6,4,0.4,-46.32000000000001
MX-2015-BM1157582-42335,2015-11-27 00:00:00,BM-1157582,Brendan Murry,Corporate,Mexico,LATAM,Central America,FUR-CH-4703,Furniture,Chairs,"Hon Swivel Stool, Red",436.4000000000001,5,0.2,-38.200000000000024
SA-2015-TM11490110-42314,2015-11-06 00:00:00,TM-11490110,Tony Molinari,Consumer,Saudi Arabia,Asia Pacific,Western Asia,OFF-ST-6274,Office Supplies,Storage,"Tenex Shelving, Single Width",109.38,2,0,27.299999999999997
ES-2015-SJ20125120-42337,2015-11-29 00:00:00,SJ-20125120,Sanjit Jacobs,Home Office,Spain,Europe,Southern Europe,OFF-SU-6181,Office Supplies,Supplies,"Stiletto Trimmer, High Speed",128.25000000000003,3,0,28.17
MX-2015-BP1105039-42328,2015-11-20 00:00:00,BP-1105039,Barry Pond,Corporate,El Salvador,LATAM,Central America,TEC-AC-5894,Technology,Accessories,"SanDisk Router, Bluetooth",170.89999999999998,1,0,82.02000000000001
IT-2015-AJ1078034-42321,2015-11-13 00:00:00,AJ-1078034,Anthony Jacobs,Corporate,Denmark,Europe,Northern Europe,OFF-SU-2994,Office Supplies,Supplies,"Acme Shears, High Speed",74.88,3,0.5,0
IN-2015-LF1718558-42320,2015-11-12 00:00:00,LF-1718558,Luke Foster,Consumer,India,Asia Pacific,Southern Asia,OFF-AP-4493,Office Supplies,Appliances,"Hamilton Beach Coffee Grinder, Black",126.26999999999998,3,0,56.79
IN-2015-DV1304559-42321,2015-11-13 00:00:00,DV-1304559,Darrin Van Huff,Corporate,Indonesia,Asia Pacific,Southeastern Asia,TEC-PH-5844,Technology,Phones,"Samsung Speaker Phone, Full Size",310.0797,3,0.17,-44.880300000000005
IN-2015-CD119807-42333,2015-11-25 00:00:00,CD-119807,Carol Darley,Consumer,Australia,Asia Pacific,Oceania,OFF-SU-4136,Office Supplies,Supplies,"Elite Trimmer, High Speed",112.509,3,0.1,17.468999999999998
US-2015-DB1306055-42322,2015-11-14 00:00:00,DB-1306055,Dave Brooks,Consumer,Honduras,LATAM,Central America,TEC-CO-4789,Technology,Copiers,"HP Wireless Fax, Color",288.3556,2,0.402,-25.084400000000052
MX-2015-EM1420082-42328,2015-11-20 00:00:00,EM-1420082,Evan Minnotte,Home Office,Mexico,LATAM,Central America,OFF-AR-6125,Office Supplies,Art,"Stanley Sketch Pad, Blue",59.239999999999995,2,0,5.320000000000001
US-2015-DJ13510140-42321,2015-11-13 00:00:00,DJ-135101404,Don Jones,Corporate,United States,USCA,Western US,TEC-AC-5898,Technology,Accessories,SanDisk Ultra 16 GB MicroSDHC Class 10 Memory Card,62.352000000000004,6,0.2,-10.911600000000007
IT-2015-DK1337545-42315,2015-11-07 00:00:00,DK-1337545,Dennis Kane,Consumer,France,Europe,Western Europe,TEC-AC-5100,Technology,Accessories,"Logitech Flash Drive, Erganomic",226.56,8,0,101.76
ES-2015-SM2032048-42315,2015-11-07 00:00:00,SM-2032048,Sean Miller,Home Office,Germany,Europe,Western Europe,OFF-EN-3665,Office Supplies,Envelopes,"Cameo Mailers, Recycled",184.8,5,0,42.45
MX-2015-LH1702082-42328,2015-11-20 00:00:00,LH-1702082,Lisa Hazard,Consumer,Mexico,LATAM,Central America,OFF-AR-6106,Office Supplies,Art,"Stanley Canvas, Easy-Erase",165.8,5,0,44.7
CA-2015-DJ13510140-42312,2015-11-04 00:00:00,DJ-135101408,Don Jones,Corporate,United States,USCA,Southern US,FUR-FU-6223,Furniture,Furnishings,Telescoping Adjustable Floor Lamp,15.991999999999999,1,0.2,0.999499999999999
MX-2015-RD1958518-42329,2015-11-21 00:00:00,RD-1958518,Rob Dowd,Consumer,Brazil,LATAM,South America,OFF-EN-3108,Office Supplies,Envelopes,"Ames Peel and Seal, Recycled",58.3,5,0,15.1
MX-2015-TB2117551-42330,2015-11-22 00:00:00,TB-2117551,Thomas Boland,Corporate,Guatemala,LATAM,Central America,OFF-BI-3258,Office Supplies,Binders,"Avery Binding Machine, Recycled",164.00000000000003,5,0,36
IT-2015-LC16930104-42320,2015-11-12 00:00:00,LC-16930104,Linda Cazamias,Corporate,Portugal,Europe,Southern Europe,TEC-AC-3390,Technology,Accessories,"Belkin Memory Card, Programmable",174.46499999999997,3,0.5,-69.79499999999997
US-2015-MM172605-42318,2015-11-10 00:00:00,MM-172605,Magdelene Morse,Consumer,Argentina,LATAM,South America,FUR-FU-3032,Furniture,Furnishings,"Advantus Frame, Black",266.688,6,0.4,-142.272
US-2015-DC12850101-42328,2015-11-20 00:00:00,DC-12850101,Dan Campbell,Consumer,Peru,LATAM,South America,TEC-PH-5254,Technology,Phones,"Motorola Headset, with Caller ID",63.791999999999994,2,0.4,9.551999999999992
ID-2015-DL129257-42312,2015-11-04 00:00:00,DL-129257,Daniel Lacy,Consumer,Australia,Asia Pacific,Oceania,FUR-CH-5803,Furniture,Chairs,"SAFCO Steel Folding Chair, Set of Two",105.552,2,0.4,3.4919999999999902
ES-2015-CK1276045-42312,2015-11-04 00:00:00,CK-1276045,Cyma Kinney,Corporate,France,Europe,Western Europe,OFF-SU-4975,Office Supplies,Supplies,"Kleencut Box Cutter, Serrated",62.699999999999996,2,0,13.74
IN-2015-DK130907-42332,2015-11-24 00:00:00,DK-130907,Dave Kipp,Consumer,Australia,Asia Pacific,Oceania,OFF-BI-2884,Office Supplies,Binders,"Acco 3-Hole Punch, Recycled",82.29600000000002,3,0.1,16.415999999999997
EG-2015-CJ187538-42337,2015-11-29 00:00:00,CJ-187538,Carl Jackson,Corporate,Egypt,Africa,North Africa,TEC-AC-4166,Technology,Accessories,"Enermax Memory Card, USB",229.2,2,0,34.38
CA-2015-DD13570140-42328,2015-11-20 00:00:00,DD-135701408,Dorothy Dickinson,Consumer,United States,USCA,Southern US,OFF-FA-5459,Office Supplies,Fasteners,OIC Binder Clips,25.060000000000002,7,0,12.530000000000001
IN-2015-RB1946558-42326,2015-11-18 00:00:00,RB-1946558,Rick Bensley,Home Office,India,Asia Pacific,Southern Asia,TEC-CO-3694,Technology,Copiers,"Canon Ink, Color",148.59,1,0,28.23
US-2015-TC2153598-42316,2015-11-08 00:00:00,TC-2153598,Tracy Collins,Home Office,Panama,LATAM,Central America,TEC-MA-5002,Technology,Machines,"Konica Card Printer, Durable",140.23200000000003,4,0.7,-154.32799999999995
IN-2015-ML1741027-42313,2015-11-05 00:00:00,ML-1741027,Maris LaWare,Consumer,China,Asia Pacific,Eastern Asia,TEC-PH-5270,Technology,Phones,"Motorola Speaker Phone, Cordless",265.26,2,0,13.26
CA-2015-DB13615140-42336,2015-11-28 00:00:00,DB-136151408,Doug Bickford,Consumer,United States,USCA,Southern US,OFF-AP-3363,Office Supplies,Appliances,Belkin 5 Outlet SurgeMaster Power Centers,43.584,1,0.2,4.358400000000003
CA-2015-DB13615140-42336,2015-11-28 00:00:00,DB-136151408,Doug Bickford,Consumer,United States,USCA,Southern US,OFF-AR-5586,Office Supplies,Art,Pencil and Crayon Sharpener,8.76,5,0.2,0.7664999999999997
GB-2015-ML804046-42325,2015-11-17 00:00:00,ML-804046,Michelle Lonsdale,Corporate,Gabon,Africa,Central Africa,FUR-CH-5406,Furniture,Chairs,"Novimex Steel Folding Chair, Adjustable",338.88,4,0,47.400000000000006
IN-2015-TB216257-42328,2015-11-20 00:00:00,TB-216257,Trudy Brown,Consumer,Australia,Asia Pacific,Oceania,FUR-CH-5412,Furniture,Chairs,"Novimex Swivel Stool, Black",291.65400000000005,2,0.1,38.873999999999995
ES-2015-SL2015545-42335,2015-11-27 00:00:00,SL-2015545,Sara Luxemburg,Home Office,France,Europe,Western Europe,OFF-PA-5886,Office Supplies,Paper,"SanDisk Note Cards, Premium",119.28,4,0,35.76
IR-2015-IM507060-42319,2015-11-11 00:00:00,IM-507060,Irene Maddox,Consumer,Iran,Asia Pacific,Southern Asia,TEC-AC-5123,Technology,Accessories,"Logitech Memory Card, Programmable",209.76,2,0,85.98
US-2015-TH2111555-42326,2015-11-18 00:00:00,TH-2111555,Thea Hudgings,Corporate,Honduras,LATAM,Central America,TEC-PH-3153,Technology,Phones,"Apple Speaker Phone, with Caller ID",98.64,2,0.4,-59.2
CA-2015-DO13645140-42336,2015-11-28 00:00:00,DO-136451404,Doug O'Connell,Consumer,United States,USCA,Western US,TEC-PH-4486,Technology,Phones,Griffin GC17055 Auxiliary Audio Cable,57.568,4,0.2,5.756800000000002
MX-2015-BP1115539-42318,2015-11-10 00:00:00,BP-1115539,Becky Pak,Consumer,El Salvador,LATAM,Central America,FUR-FU-5725,Furniture,Furnishings,"Rubbermaid Door Stop, Durable",272.2,10,0,65.2
IT-2015-TT21220120-42332,2015-11-24 00:00:00,TT-21220120,Thomas Thornton,Consumer,Spain,Europe,Southern Europe,OFF-ST-5692,Office Supplies,Storage,"Rogers File Cart, Industrial",1401.8400000000004,11,0.1,108.89999999999992
IT-2015-SK1999048-42332,2015-11-24 00:00:00,SK-1999048,Sally Knutson,Consumer,Germany,Europe,Western Europe,OFF-AR-3475,Office Supplies,Art,"Binney & Smith Canvas, Blue",138.672,3,0.1,13.842000000000002
IT-2015-CJ1201091-42336,2015-11-28 00:00:00,CJ-1201091,Caroline Jumper,Consumer,Netherlands,Europe,Western Europe,OFF-ST-6263,Office Supplies,Storage,"Tenex Lockers, Single Width",102.08999999999997,1,0.5,-89.84999999999998
US-2015-CJ1201098-42330,2015-11-22 00:00:00,CJ-1201098,Caroline Jumper,Consumer,Panama,LATAM,Central America,FUR-FU-6270,Furniture,Furnishings,"Tenex Photo Frame, Durable",97.74,5,0.4,-8.160000000000014
ES-2015-YC2189545-42326,2015-11-18 00:00:00,YC-2189545,Yoseph Carroll,Corporate,France,Europe,Western Europe,OFF-AP-4747,Office Supplies,Appliances,"Hoover Toaster, Red",225.82800000000003,3,0.1,-5.022000000000006
IN-2015-Co1264058-42326,2015-11-18 00:00:00,Co-1264058,Corey-Lock,Consumer,India,Asia Pacific,Southern Asia,TEC-AC-5872,Technology,Accessories,"SanDisk Memory Card, Bluetooth",224.82,2,0,6.720000000000001
IN-2015-DB1327059-42336,2015-11-28 00:00:00,DB-1327059,Deborah Brumfield,Home Office,Indonesia,Asia Pacific,Southeastern Asia,FUR-FU-4104,Furniture,Furnishings,"Eldon Stacking Tray, Erganomic",87.95040000000002,4,0.27,-7.329600000000006
CA-2015-EB13705140-42321,2015-11-13 00:00:00,EB-137051406,Ed Braxton,Corporate,United States,USCA,Eastern US,OFF-BI-3269,Office Supplies,Binders,"Avery Durable Slant Ring Binders, No Labels",15.920000000000002,5,0.2,5.372999999999999
MO-2015-DL331586-42322,2015-11-14 00:00:00,DL-331586,Delfina Latchford,Consumer,Morocco,Africa,North Africa,OFF-AP-3564,Office Supplies,Appliances,"Breville Blender, Silver",360.96000000000004,4,0,61.32000000000001
MX-2015-CR1262582-42326,2015-11-18 00:00:00,CR-1262582,Corey Roper,Home Office,Mexico,LATAM,Central America,FUR-CH-5440,Furniture,Chairs,"Office Star Chairmat, Set of Two",145.216,4,0.2,39.85599999999999
US-2015-SH20395143-42330,2015-11-22 00:00:00,SH-20395143,Shahid Hopkins,Consumer,Venezuela,LATAM,South America,TEC-CO-5992,Technology,Copiers,"Sharp Copy Machine, Laser",285.89183999999995,3,0.402,-43.98815999999997
CA-2015-EB13750140-42319,2015-11-11 00:00:00,EB-137501402,Edward Becker,Corporate,United States,USCA,Central US,FUR-FU-6226,Furniture,Furnishings,Tenex Antistatic Computer Chair Mats,341.96,5,0.6,-427.45000000000005
IN-2015-MG1814578-42336,2015-11-28 00:00:00,MG-1814578,Mike Gockenbach,Consumer,Malaysia,Asia Pacific,Southeastern Asia,TEC-PH-5339,Technology,Phones,"Nokia Headset, Cordless",151.92,2,0,65.28
IN-2015-MP18175144-42328,2015-11-20 00:00:00,MP-18175144,Mike Pelletier,Home Office,Vietnam,Asia Pacific,Southeastern Asia,OFF-EN-5040,Office Supplies,Envelopes,"Kraft Manila Envelope, with clear poly window",74.7747,3,0.17,16.1847
IN-2015-AR1040527-42315,2015-11-07 00:00:00,AR-1040527,Allen Rosenblatt,Corporate,China,Asia Pacific,Eastern Asia,OFF-FA-2954,Office Supplies,Fasteners,"Accos Rubber Bands, Metal",117.60000000000001,7,0,37.59
IT-2015-TT21220120-42332,2015-11-24 00:00:00,TT-21220120,Thomas Thornton,Consumer,Spain,Europe,Southern Europe,TEC-AC-5193,Technology,Accessories,"Memorex Flash Drive, Bluetooth",176.4,6,0,36.9
CA-2015-EB13750140-42334,2015-11-26 00:00:00,EB-137501404,Edward Becker,Corporate,United States,USCA,Western US,TEC-PH-5581,Technology,Phones,PayAnywhere Card Reader,39.96000000000001,5,0.2,3.4964999999999993
CA-2015-EB13750140-42334,2015-11-26 00:00:00,EB-137501404,Edward Becker,Corporate,United States,USCA,Western US,OFF-PA-3010,Office Supplies,Paper,"Adams Telephone Message Book W/Dividers/Space For Phone Numbers, 5 1/4""X8 1/2"", 200/Messages",34.08,6,0,15.335999999999999
ES-2015-MP1796548-42315,2015-11-07 00:00:00,MP-1796548,Michael Paige,Corporate,Germany,Europe,Western Europe,OFF-ST-5700,Office Supplies,Storage,"Rogers Lockers, Blue",169.29600000000002,1,0.2,-27.534000000000006
ES-2015-AS1024045-42326,2015-11-18 00:00:00,AS-1024045,Alan Shonely,Consumer,France,Europe,Western Europe,OFF-AR-3478,Office Supplies,Art,"Binney & Smith Canvas, Water Color",218.16,4,0,104.64000000000001
IZ-2015-DO364561-42328,2015-11-20 00:00:00,DO-364561,Doug O'Connell,Consumer,Iraq,Asia Pacific,Western Asia,TEC-PH-5829,Technology,Phones,"Samsung Office Telephone, Cordless",272.28,4,0,40.8
ES-2015-DF13135120-42323,2015-11-15 00:00:00,DF-13135120,David Flashing,Consumer,Spain,Europe,Southern Europe,OFF-ST-4108,Office Supplies,Storage,"Eldon Trays, Wire Frame",127.008,3,0.1,40.878000000000014
MX-2015-LD1700582-42320,2015-11-12 00:00:00,LD-1700582,Lisa DeCherney,Consumer,Mexico,LATAM,Central America,TEC-PH-3135,Technology,Phones,"Apple Headset, with Caller ID",146.51999999999998,3,0,71.75999999999999
IN-2015-MP174707-42327,2015-11-19 00:00:00,MP-174707,Mark Packer,Home Office,Australia,Asia Pacific,Oceania,FUR-CH-5435,Furniture,Chairs,"Office Star Bag Chairs, Red",199.584,4,0.1,11.064
IN-2015-JJ157607-42320,2015-11-12 00:00:00,JJ-157607,Joel Jenkins,Home Office,Australia,Asia Pacific,Oceania,OFF-ST-4285,Office Supplies,Storage,"Fellowes Shelving, Wire Frame",153.657,3,0.1,63.117
CA-2015-EK13795140-42325,2015-11-17 00:00:00,EK-137951404,Eileen Kiefer,Home Office,United States,USCA,Western US,OFF-AR-5306,Office Supplies,Art,Newell 328,23.36,4,0,6.073599999999999
CA-2015-EM13825140-42314,2015-11-06 00:00:00,EM-138251402,Elizabeth Moffitt,Corporate,United States,USCA,Central US,TEC-PH-5363,Technology,Phones,Nortel Meridian M3904 Professional Digital phone,492.76800000000003,4,0.2,55.436399999999935
ES-2015-HH15010139-42315,2015-11-07 00:00:00,HH-15010139,Hilary Holden,Corporate,United Kingdom,Europe,Northern Europe,FUR-CH-4632,Furniture,Chairs,"Hon Chairmat, Red",277.65,5,0,38.849999999999994
IN-2015-TW2102527-42328,2015-11-20 00:00:00,TW-2102527,Tamara Willingham,Home Office,China,Asia Pacific,Eastern Asia,OFF-BI-6379,Office Supplies,Binders,"Wilson Jones Binder, Durable",101.64,7,0,29.399999999999995
ES-2015-SV20815139-42328,2015-11-20 00:00:00,SV-20815139,Stuart Van,Corporate,United Kingdom,Europe,Northern Europe,OFF-AR-5918,Office Supplies,Art,"Sanford Markers, Easy-Erase",47.04,2,0,0.8999999999999999
MX-2015-RR1952531-42320,2015-11-12 00:00:00,RR-1952531,Rick Reed,Corporate,Cuba,LATAM,Caribbean,OFF-EN-4914,Office Supplies,Envelopes,"Jiffy Mailers, Recycled",119.9,5,0,38.3
ES-2015-CS1225045-42325,2015-11-17 00:00:00,CS-1225045,Chris Selesnick,Corporate,France,Europe,Western Europe,OFF-AR-3545,Office Supplies,Art,"Boston Pencil Sharpener, Water Color",289.16999999999996,9,0,144.45
US-2015-AA106455-42314,2015-11-06 00:00:00,AA-106455,Anna Andreadi,Consumer,Argentina,LATAM,South America,TEC-AC-4185,Technology,Accessories,"Enermax Router, Bluetooth",206.664,2,0.4,-79.25600000000001
US-2015-SW2027555-42333,2015-11-25 00:00:00,SW-2027555,Scott Williamson,Consumer,Honduras,LATAM,Central America,TEC-CO-5995,Technology,Copiers,"Sharp Fax and Copier, High-Speed",66.49759999999999,1,0.402,-3.5623999999999967
MO-2015-DF313586-42326,2015-11-18 00:00:00,DF-313586,David Flashing,Consumer,Morocco,Africa,North Africa,TEC-PH-3130,Technology,Phones,"Apple Audio Dock, with Caller ID",166.89000000000001,1,0,25.02
MX-2015-NS1864082-42313,2015-11-05 00:00:00,NS-1864082,Noel Staavos,Corporate,Mexico,LATAM,Central America,FUR-CH-5795,Furniture,Chairs,"SAFCO Rocking Chair, Red",215.856,3,0.2,59.31600000000002
SA-2015-FW4395110-42335,2015-11-27 00:00:00,FW-4395110,Fred Wasserman,Corporate,Saudi Arabia,Asia Pacific,Western Asia,TEC-CO-3601,Technology,Copiers,"Brother Ink, High-Speed",145.5,1,0,8.73
IZ-2015-AA64561-42318,2015-11-10 00:00:00,AA-64561,Anna Andreadi,Consumer,Iraq,Asia Pacific,Western Asia,OFF-ST-4057,Office Supplies,Storage,"Eldon File Cart, Single Width",128.37,1,0,55.17
ES-2015-YC2189545-42326,2015-11-18 00:00:00,YC-2189545,Yoseph Carroll,Corporate,France,Europe,Western Europe,OFF-ST-6282,Office Supplies,Storage,"Tenex Trays, Industrial",295.3259999999999,6,0.1,-0.05399999999999494
ES-2015-NS18640120-42329,2015-11-21 00:00:00,NS-18640120,Noel Staavos,Corporate,Spain,Europe,Southern Europe,OFF-EN-4440,Office Supplies,Envelopes,"GlobeWeis Interoffice Envelope, Security-Tint",50.22,1,0,21.09
ID-2015-ZC219107-42328,2015-11-20 00:00:00,ZC-219107,Zuschuss Carroll,Consumer,Australia,Asia Pacific,Oceania,TEC-PH-5347,Technology,Phones,"Nokia Office Telephone, Full Size",358.668,6,0.1,-24.012000000000004
CA-2015-EG13900140-42326,2015-11-18 00:00:00,EG-139001402,Emily Grady,Consumer,United States,USCA,Central US,TEC-AC-5147,Technology,Accessories,Logitech Illuminated - Keyboard,239.96000000000004,5,0.2,83.98599999999999
IN-2015-NF1838527-42329,2015-11-21 00:00:00,NF-1838527,Natalie Fritzler,Consumer,China,Asia Pacific,Eastern Asia,OFF-SU-4974,Office Supplies,Supplies,"Kleencut Box Cutter, High Speed",103.94999999999999,3,0,24.93
CA-2015-EP13915140-42320,2015-11-12 00:00:00,EP-139151402,Emily Phan,Consumer,United States,USCA,Central US,OFF-AR-3521,Office Supplies,Art,Boston 1799 Powerhouse Electric Pencil Sharpener,181.86,7,0,50.9208
CA-2015-EP13915140-42316,2015-11-08 00:00:00,EP-139151406,Emily Phan,Consumer,United States,USCA,Eastern US,TEC-PH-4896,Technology,Phones,Jabra Supreme Plus Driver Edition Headset,359.97,5,0.4,-71.99400000000003
CA-2015-EP13915140-42316,2015-11-08 00:00:00,EP-139151406,Emily Phan,Consumer,United States,USCA,Eastern US,FUR-TA-3424,Furniture,Tables,Bevis Rectangular Conference Tables,350.352,4,0.4,-140.14079999999996
MX-2015-MG1787582-42314,2015-11-06 00:00:00,MG-1787582,Michael Grace,Home Office,Mexico,LATAM,Central America,FUR-CH-5373,Furniture,Chairs,"Novimex Chairmat, Set of Two",156.24000000000004,5,0.2,50.74
CA-2015-EP13915140-42337,2015-11-29 00:00:00,EP-139151404,Emily Phan,Consumer,United States,USCA,Western US,OFF-LA-5715,Office Supplies,Labels,Round Specialty Laser Printer Labels,62.65,5,0,29.445499999999996
IN-2015-NF1838527-42329,2015-11-21 00:00:00,NF-1838527,Natalie Fritzler,Consumer,China,Asia Pacific,Eastern Asia,OFF-SU-4989,Office Supplies,Supplies,"Kleencut Shears, Easy Grip",96.78,2,0,44.46
NI-2015-TA1138595-42326,2015-11-18 00:00:00,TA-1138595,Tom Ashbrook,Home Office,Nigeria,Africa,Western Africa,OFF-ST-5693,Office Supplies,Storage,"Rogers File Cart, Single Width",84.97800000000001,2,0.7,-124.66199999999998
KE-2015-JC538569-42318,2015-11-10 00:00:00,JC-538569,Jenna Caffey,Consumer,Kenya,Africa,Eastern Africa,OFF-BI-6384,Office Supplies,Binders,"Wilson Jones Binding Machine, Economy",195.84,4,0,70.44
IT-2015-SK1999048-42332,2015-11-24 00:00:00,SK-1999048,Sally Knutson,Consumer,Germany,Europe,Western Europe,OFF-ST-4258,Office Supplies,Storage,"Fellowes File Cart, Industrial",220.46400000000006,2,0.2,-19.296000000000014
US-2015-EP13915140-42321,2015-11-13 00:00:00,EP-139151404,Emily Phan,Consumer,United States,USCA,Western US,OFF-PA-6449,Office Supplies,Paper,Xerox 1899,11.56,2,0,5.6644000000000005
IN-2015-LR170357-42313,2015-11-05 00:00:00,LR-170357,Lisa Ryan,Corporate,Australia,Asia Pacific,Oceania,OFF-SU-4322,Office Supplies,Supplies,"Fiskars Shears, Steel",84.672,2,0.1,7.511999999999999
ES-2015-SL2015545-42335,2015-11-27 00:00:00,SL-2015545,Sara Luxemburg,Home Office,France,Europe,Western Europe,OFF-BI-3252,Office Supplies,Binders,"Avery Binder, Durable",86.39999999999999,6,0,4.32
ES-2015-AG1067564-42322,2015-11-14 00:00:00,AG-1067564,Anna Gayman,Consumer,Italy,Europe,Southern Europe,OFF-ST-6275,Office Supplies,Storage,"Tenex Shelving, Wire Frame",96.714,3,0.4,-45.216000000000015
ID-2015-GT14710118-42329,2015-11-21 00:00:00,GT-14710118,Greg Tran,Consumer,South Korea,Asia Pacific,Eastern Asia,TEC-AC-5204,Technology,Accessories,"Memorex Memory Card, Erganomic",150.11999999999998,3,0.5,-66.05999999999997
MX-2015-LB1673539-42326,2015-11-18 00:00:00,LB-1673539,Larry Blacks,Consumer,El Salvador,LATAM,Central America,FUR-CH-5456,Furniture,Chairs,"Office Star Swivel Stool, Red",347.88,3,0,97.38000000000001
AU-2015-EB39758-42334,2015-11-26 00:00:00,EB-39758,Erica Bern,Corporate,Austria,Europe,Western Europe,OFF-AP-4733,Office Supplies,Appliances,"Hoover Microwave, White",306.78,1,0,82.83
ES-2015-OT18730120-42328,2015-11-20 00:00:00,OT-18730120,Olvera Toch,Consumer,Spain,Europe,Southern Europe,OFF-SU-4316,Office Supplies,Supplies,"Fiskars Scissors, High Speed",162.12000000000003,7,0,77.70000000000002
ES-2015-JC1534045-42335,2015-11-27 00:00:00,JC-1534045,Jasper Cacioppo,Consumer,France,Europe,Western Europe,OFF-AR-5904,Office Supplies,Art,"Sanford Canvas, Fluorescent",207.12,4,0,76.56
MX-2015-LD1685598-42327,2015-11-19 00:00:00,LD-1685598,Lela Donovan,Corporate,Panama,LATAM,Central America,OFF-EN-4920,Office Supplies,Envelopes,"Jiffy Manila Envelope, Set of 50",93.636,9,0.4,1.475999999999999
IN-2015-KH1663088-42326,2015-11-18 00:00:00,KH-1663088,Ken Heidel,Corporate,Myanmar (Burma),Asia Pacific,Southeastern Asia,OFF-SU-4122,Office Supplies,Supplies,"Elite Letter Opener, Steel",79.67999999999998,4,0.17,23.04
ES-2015-CS1195096-42324,2015-11-16 00:00:00,CS-1195096,Carlos Soltero,Consumer,Norway,Europe,Northern Europe,OFF-FA-6198,Office Supplies,Fasteners,"Stockwell Rubber Bands, Assorted Sizes",41.94,3,0,7.92
MX-2015-LB1673536-42312,2015-11-04 00:00:00,LB-1673536,Larry Blacks,Consumer,Dominican Republic,LATAM,Caribbean,OFF-EN-5042,Office Supplies,Envelopes,"Kraft Peel and Seal, Security-Tint",61.04,5,0.2,10.639999999999995
ES-2015-AW1093045-42334,2015-11-26 00:00:00,AW-1093045,Arthur Wiediger,Home Office,France,Europe,Western Europe,OFF-ST-4267,Office Supplies,Storage,"Fellowes Lockers, Industrial",374.058,2,0.1,141.25799999999998
ID-2015-AA1064559-42332,2015-11-24 00:00:00,AA-1064559,Anna Andreadi,Consumer,Indonesia,Asia Pacific,Southeastern Asia,OFF-EN-4920,Office Supplies,Envelopes,"Jiffy Manila Envelope, Set of 50",27.5706,2,0.47000000000000003,-2.1294000000000004
ES-2015-KC1654048-42328,2015-11-20 00:00:00,KC-1654048,Kelly Collister,Consumer,Germany,Europe,Western Europe,OFF-AR-6127,Office Supplies,Art,"Stanley Sketch Pad, Fluorescent",137.07,3,0,21.870000000000005
LY-2015-NG843074-42325,2015-11-17 00:00:00,NG-843074,Nathan Gelder,Consumer,Libya,Africa,North Africa,FUR-CH-5371,Furniture,Chairs,"Novimex Chairmat, Black",107.82,2,0,23.700000000000003
CA-2015-ES14020140-42329,2015-11-21 00:00:00,ES-140201408,Erica Smith,Consumer,United States,USCA,Southern US,FUR-CH-5429,Furniture,Chairs,Office Star - Mesh Screen back chair with Vinyl seat,209.56799999999998,2,0.2,-23.576400000000007
ID-2015-ST205307-42336,2015-11-28 00:00:00,ST-205307,Shui Tom,Consumer,Australia,Asia Pacific,Oceania,FUR-FU-3928,Furniture,Furnishings,"Deflect-O Clock, Black",90.558,2,0.1,-3.0420000000000016
MX-2015-SP2062093-42328,2015-11-20 00:00:00,SP-2062093,Stefania Perrino,Corporate,Nicaragua,LATAM,Central America,OFF-LA-5390,Office Supplies,Labels,"Novimex Legal Exhibit Labels, Laser Printer Compatible",48.86,7,0,11.2
ES-2015-BP1115545-42320,2015-11-12 00:00:00,BP-1115545,Becky Pak,Consumer,France,Europe,Western Europe,OFF-ST-6057,Office Supplies,Storage,"Smead Shelving, Blue",88.07399999999998,2,0.1,19.553999999999995
IT-2015-DW13540120-42336,2015-11-28 00:00:00,DW-13540120,Don Weiss,Consumer,Spain,Europe,Southern Europe,OFF-SU-4327,Office Supplies,Supplies,"Fiskars Trimmer, Serrated",117.00000000000003,3,0,14.04
ES-2015-CM1271548-42328,2015-11-20 00:00:00,CM-1271548,Craig Molinari,Corporate,Germany,Europe,Western Europe,OFF-BI-2897,Office Supplies,Binders,"Acco Binder, Economy",45.449999999999996,3,0,6.299999999999999
MX-2015-PS1876082-42334,2015-11-26 00:00:00,PS-1876082,Pamela Stobb,Consumer,Mexico,LATAM,Central America,OFF-SU-6182,Office Supplies,Supplies,"Stiletto Trimmer, Serrated",105.20000000000002,4,0,21.04
CA-2015-EC14050140-42316,2015-11-08 00:00:00,EC-140501402,Erin Creighton,Consumer,United States,USCA,Central US,OFF-BI-6210,Office Supplies,Binders,Storex DuraTech Recycled Plastic Frosted Binders,38.160000000000004,9,0,19.080000000000002
MX-2015-CL1189031-42325,2015-11-17 00:00:00,CL-1189031,Carl Ludwig,Consumer,Cuba,LATAM,Caribbean,OFF-SU-4309,Office Supplies,Supplies,"Fiskars Letter Opener, High Speed",72.87999999999998,4,0,26.96
IN-2015-MC1727559-42325,2015-11-17 00:00:00,MC-1727559,Marc Crier,Consumer,Indonesia,Asia Pacific,Southeastern Asia,OFF-ST-6249,Office Supplies,Storage,"Tenex Folders, Blue",115.63559999999998,6,0.17,40.3956
US-2015-AB101055-42337,2015-11-29 00:00:00,AB-101055,Adrian Barton,Consumer,Argentina,LATAM,South America,FUR-CH-4562,Furniture,Chairs,"Harbour Creations Swivel Stool, Black",355.37999999999994,5,0.4,-201.42
CA-2015-EM14065140-42322,2015-11-14 00:00:00,EM-140651406,Erin Mull,Consumer,United States,USCA,Eastern US,OFF-ST-5596,Office Supplies,Storage,"Personal Folder Holder, Ebony",11.21,1,0,3.3629999999999995
TU-2015-ND8370134-42321,2015-11-13 00:00:00,ND-8370134,Natalie DeCherney,Consumer,Turkey,Asia Pacific,Western Asia,OFF-FA-6201,Office Supplies,Fasteners,"Stockwell Staples, 12 Pack",55.104,14,0.6,-31.836000000000006
ES-2015-NC1862564-42314,2015-11-06 00:00:00,NC-1862564,Noah Childs,Corporate,Italy,Europe,Southern Europe,OFF-EN-4913,Office Supplies,Envelopes,"Jiffy Interoffice Envelope, with clear poly window",199.92000000000002,4,0,93.96000000000001
ID-2015-EJ1415592-42335,2015-11-27 00:00:00,EJ-1415592,Eva Jacobs,Consumer,New Zealand,Asia Pacific,Oceania,OFF-EN-3672,Office Supplies,Envelopes,"Cameo Manila Envelope, with clear poly window",146.59199999999998,8,0.4,7.151999999999987
PL-2015-BD1320103-42320,2015-11-12 00:00:00,BD-1320103,Bill Donatelli,Consumer,Poland,Europe,Eastern Europe,TEC-MA-6144,Technology,Machines,"StarTech Phone, Red",71.67,1,0,29.369999999999997
IZ-2015-DW348061-42314,2015-11-06 00:00:00,DW-348061,Dianna Wilson,Home Office,Iraq,Asia Pacific,Western Asia,TEC-MA-5506,Technology,Machines,"Okidata Phone, Durable",173.94,2,0,38.22
CA-2015-EM14140140-42321,2015-11-13 00:00:00,EM-141401404,Eugene Moren,Home Office,United States,USCA,Western US,TEC-PH-5817,Technology,Phones,Samsung Galaxy Mega 6.3,671.984,2,0.2,50.39880000000002
IT-2015-PV1898591-42325,2015-11-17 00:00:00,PV-1898591,Paul Van Hugh,Home Office,Netherlands,Europe,Western Europe,OFF-AR-3532,Office Supplies,Art,"Boston Highlighters, Easy-Erase",76.55999999999999,8,0.5,-42.959999999999994
CA-2015-EM14140140-42321,2015-11-13 00:00:00,EM-141401404,Eugene Moren,Home Office,United States,USCA,Western US,FUR-CH-4517,Furniture,Chairs,Harbour Creations 67200 Series Stacking Chairs,113.88800000000002,2,0.2,9.9652
CA-2015-EM14140140-42321,2015-11-13 00:00:00,EM-141401404,Eugene Moren,Home Office,United States,USCA,Western US,FUR-FU-6285,Furniture,Furnishings,"Tenex V2T-RE Standard Weight Series Chair Mat, 45"" x 53"", Lip 25"" x 12""",113.56800000000001,2,0.2,-5.6784000000000034
ES-2015-BB1154548-42336,2015-11-28 00:00:00,BB-1154548,Brenda Bowman,Corporate,Germany,Europe,Western Europe,OFF-BI-4809,Office Supplies,Binders,"Ibico Binder Covers, Economy",68.25,5,0,9.450000000000001
CA-2015-EM14140140-42321,2015-11-13 00:00:00,EM-141401404,Eugene Moren,Home Office,United States,USCA,Western US,OFF-PA-6535,Office Supplies,Paper,Xerox 1978,23.120000000000005,5,0.2,8.381
IN-2015-AR10570102-42315,2015-11-07 00:00:00,AR-10570102,Anemone Ratner,Consumer,Philippines,Asia Pacific,Southeastern Asia,OFF-BI-3717,Office Supplies,Binders,"Cardinal Binder Covers, Durable",34.425,3,0.15000000000000002,13.725
CA-2015-EM14140140-42321,2015-11-13 00:00:00,EM-141401404,Eugene Moren,Home Office,United States,USCA,Western US,TEC-AC-5210,Technology,Accessories,Memorex Micro Travel Drive 8 GB,41.6,4,0.2,12.999999999999998
CA-2015-EM14140140-42321,2015-11-13 00:00:00,EM-141401404,Eugene Moren,Home Office,United States,USCA,Western US,TEC-PH-3880,Technology,Phones,Cush Cases Heavy Duty Rugged Cover Case for Samsung Galaxy S5 - Purple,7.920000000000001,2,0.2,0.6929999999999998
US-2015-EJ14155140-42312,2015-11-04 00:00:00,EJ-141551404,Eva Jacobs,Consumer,United States,USCA,Western US,TEC-AC-4788,Technology,Accessories,HP Standard 104 key PS/2 Keyboard,43.5,3,0,10.875
ES-2015-CP1234045-42318,2015-11-10 00:00:00,CP-1234045,Christine Phan,Corporate,France,Europe,Western Europe,TEC-AC-3393,Technology,Accessories,"Belkin Mouse, Erganomic",192.59999999999997,5,0,32.7
ES-2015-DL133158-42320,2015-11-12 00:00:00,DL-133158,Delfina Latchford,Consumer,Austria,Europe,Western Europe,OFF-AR-6127,Office Supplies,Art,"Stanley Sketch Pad, Fluorescent",228.45,5,0,36.45
US-2015-DC12850101-42328,2015-11-20 00:00:00,DC-12850101,Dan Campbell,Consumer,Peru,LATAM,South America,OFF-ST-4106,Office Supplies,Storage,"Eldon Trays, Industrial",38.75999999999999,2,0.4,1.9200000000000046
IN-2015-PL1892527-42320,2015-11-12 00:00:00,PL-1892527,Paul Lucas,Home Office,China,Asia Pacific,Eastern Asia,FUR-BO-5972,Furniture,Bookcases,"Sauder Stackable Bookrack, Pine",148.17000000000002,2,0.5,-5.970000000000027
IT-2015-TB2105545-42334,2015-11-26 00:00:00,TB-2105545,Ted Butterfield,Consumer,France,Europe,Western Europe,OFF-AR-3527,Office Supplies,Art,"Boston Canvas, Fluorescent",164.70000000000002,3,0,29.610000000000003
MX-2015-FG142605-42318,2015-11-10 00:00:00,FG-142605,Frank Gastineau,Home Office,Argentina,LATAM,South America,TEC-PH-5812,Technology,Phones,"Samsung Audio Dock, Cordless",203.616,3,0.4,16.955999999999996
IN-2015-JL1523527-42322,2015-11-14 00:00:00,JL-1523527,Janet Lee,Consumer,China,Asia Pacific,Eastern Asia,FUR-BO-5942,Furniture,Bookcases,"Sauder 3-Shelf Cabinet, Pine",168.03000000000003,1,0,20.16
ES-2015-BF1100548-42315,2015-11-07 00:00:00,BF-1100548,Barry Franz,Home Office,Germany,Europe,Western Europe,OFF-PA-5870,Office Supplies,Paper,"SanDisk Memo Slips, Premium",84.9,5,0,32.25
SA-2015-TM11490110-42314,2015-11-06 00:00:00,TM-11490110,Tony Molinari,Consumer,Saudi Arabia,Asia Pacific,Western Asia,OFF-SU-4991,Office Supplies,Supplies,"Kleencut Shears, Serrated",173.88,4,0,8.64
IN-2015-BD1156058-42325,2015-11-17 00:00:00,BD-1156058,Brendan Dodson,Home Office,India,Asia Pacific,Southern Asia,TEC-AC-5862,Technology,Accessories,"SanDisk Flash Drive, Programmable",123.12,3,0,20.879999999999995
ES-2015-KD1649545-42314,2015-11-06 00:00:00,KD-1649545,Keith Dawkins,Corporate,France,Europe,Western Europe,OFF-BI-3258,Office Supplies,Binders,"Avery Binding Machine, Recycled",98.4,2,0,42.3
ES-2015-BP1115545-42320,2015-11-12 00:00:00,BP-1115545,Becky Pak,Consumer,France,Europe,Western Europe,TEC-AC-5130,Technology,Accessories,"Logitech Numeric Keypad, Bluetooth",138.96000000000004,3,0,20.79
US-2015-LB1679582-42322,2015-11-14 00:00:00,LB-1679582,Laurel Beltran,Home Office,Mexico,LATAM,Central America,FUR-CH-4631,Furniture,Chairs,"Hon Chairmat, Black",254.87999999999997,9,0.2,-22.319999999999993
CA-2015-FG14260140-42335,2015-11-27 00:00:00,FG-142601406,Frank Gastineau,Home Office,United States,USCA,Eastern US,OFF-BI-3474,Office Supplies,Binders,Binding Machine Supplies,93.34400000000001,4,0.2,32.6704
ES-2015-TT21220139-42322,2015-11-14 00:00:00,TT-21220139,Thomas Thornton,Consumer,United Kingdom,Europe,Northern Europe,OFF-ST-4294,Office Supplies,Storage,"Fellowes Trays, Industrial",289.34999999999997,5,0,69.3
CA-2015-FG14260140-42335,2015-11-27 00:00:00,FG-142601406,Frank Gastineau,Home Office,United States,USCA,Eastern US,OFF-AP-3505,Office Supplies,Appliances,Black & Decker Filter for Double Action Dustbuster Cordless Vac BLDV7210,58.730000000000004,7,0,14.682500000000001
CA-2015-FH14275140-42319,2015-11-11 00:00:00,FH-142751406,Frank Hawley,Corporate,United States,USCA,Eastern US,OFF-BI-4275,Office Supplies,Binders,Fellowes PB300 Plastic Comb Binding Machine,931.1760000000002,3,0.2,314.2719
IN-2015-VW217757-42335,2015-11-27 00:00:00,VW-217757,Victoria Wilson,Corporate,Australia,Asia Pacific,Oceania,OFF-SU-4311,Office Supplies,Supplies,"Fiskars Ruler, Easy Grip",96.29999999999998,6,0,7.5600000000000005
CA-2015-FH14275140-42319,2015-11-11 00:00:00,FH-142751406,Frank Hawley,Corporate,United States,USCA,Eastern US,TEC-PH-2879,Technology,Phones,Aastra 6757i CT Wireless VoIP phone,430.88,2,0,124.95519999999999
MX-2015-CM1193518-42333,2015-11-25 00:00:00,CM-1193518,Carlos Meador,Consumer,Brazil,LATAM,South America,FUR-CH-5440,Furniture,Chairs,"Office Star Chairmat, Set of Two",226.9,5,0,95.19999999999999
TU-2015-DV3045134-42335,2015-11-27 00:00:00,DV-3045134,Darrin Van Huff,Corporate,Turkey,Asia Pacific,Western Asia,TEC-AC-4166,Technology,Accessories,"Enermax Memory Card, USB",91.68,2,0.6,-103.13999999999999
IN-2015-MH1744027-42334,2015-11-26 00:00:00,MH-1744027,Mark Haberlin,Corporate,China,Asia Pacific,Eastern Asia,OFF-AR-3469,Office Supplies,Art,"BIC Sketch Pad, Easy-Erase",195.71999999999997,4,0,31.200000000000003
CA-2015-FH14275140-42332,2015-11-24 00:00:00,FH-142751406,Frank Hawley,Corporate,United States,USCA,Eastern US,OFF-BI-4368,Office Supplies,Binders,GBC Standard Therm-A-Bind Covers,7.476000000000002,1,0.7,-5.980799999999999
CA-2015-FM14290140-42333,2015-11-25 00:00:00,FM-142901408,Frank Merwin,Home Office,United States,USCA,Southern US,OFF-ST-4839,Office Supplies,Storage,Iceberg Mobile Mega Data/Printer Cart ,1443.96,12,0,375.42959999999994
US-2015-FM14290140-42315,2015-11-07 00:00:00,FM-142901404,Frank Merwin,Home Office,United States,USCA,Western US,OFF-PA-6461,Office Supplies,Paper,Xerox 191,59.94,3,0,28.171799999999998
US-2015-FM14290140-42315,2015-11-07 00:00:00,FM-142901404,Frank Merwin,Home Office,United States,USCA,Western US,OFF-LA-3225,Office Supplies,Labels,Avery 503,41.4,4,0,19.872
US-2015-FM14290140-42315,2015-11-07 00:00:00,FM-142901404,Frank Merwin,Home Office,United States,USCA,Western US,OFF-FA-6129,Office Supplies,Fasteners,Staples,45.36,4,0,22.226399999999998
SA-2015-BM1785110-42321,2015-11-13 00:00:00,BM-1785110,Bryan Mills,Consumer,Saudi Arabia,Asia Pacific,Western Asia,OFF-ST-5696,Office Supplies,Storage,"Rogers Folders, Single Width",61.43999999999999,2,0,4.86
US-2015-FM14290140-42315,2015-11-07 00:00:00,FM-142901404,Frank Merwin,Home Office,United States,USCA,Western US,OFF-PA-3159,Office Supplies,Paper,Astroparche Fine Business Paper,26.400000000000002,5,0,12.672
CA-2015-FM14290140-42313,2015-11-05 00:00:00,FM-142901402,Frank Merwin,Home Office,United States,USCA,Central US,OFF-ST-5690,Office Supplies,Storage,Rogers Deluxe File Chest,52.751999999999995,3,0.2,-12.5286
US-2015-FM14290140-42315,2015-11-07 00:00:00,FM-142901404,Frank Merwin,Home Office,United States,USCA,Western US,TEC-AC-4946,Technology,Accessories,Kingston Digital DataTraveler 32GB USB 2.0,16.95,1,0,1.0169999999999995
MX-2015-MP1796536-42311,2015-11-03 00:00:00,MP-1796536,Michael Paige,Corporate,Dominican Republic,LATAM,Caribbean,OFF-AR-6128,Office Supplies,Art,"Stanley Sketch Pad, Water Color",126.96,5,0.2,44.36
CA-2015-FM14290140-42313,2015-11-05 00:00:00,FM-142901402,Frank Merwin,Home Office,United States,USCA,Central US,OFF-BI-6401,Office Supplies,Binders,Wilson Jones Impact Binders,4.143999999999999,4,0.8,-6.423200000000001
CA-2015-FM14290140-42333,2015-11-25 00:00:00,FM-142901408,Frank Merwin,Home Office,United States,USCA,Southern US,OFF-BI-3264,Office Supplies,Binders,Avery Durable Binders,2.88,1,0,1.4112
CA-2015-FM14290140-42313,2015-11-05 00:00:00,FM-142901402,Frank Merwin,Home Office,United States,USCA,Central US,OFF-BI-4366,Office Supplies,Binders,GBC Standard Plastic Binding Systems' Combs,7.535999999999999,6,0.8,-13.18800000000001
ES-2015-NM1852064-42333,2015-11-25 00:00:00,NM-1852064,Neoma Murray,Consumer,Italy,Europe,Southern Europe,OFF-LA-4542,Office Supplies,Labels,"Harbour Creations Removable Labels, Adjustable",82.5,10,0,11.400000000000002
CA-2015-FM14290140-42313,2015-11-05 00:00:00,FM-142901402,Frank Merwin,Home Office,United States,USCA,Central US,OFF-BI-5979,Office Supplies,Binders,Self-Adhesive Ring Binder Labels,1.4079999999999997,2,0.8,-2.323200000000001
US-2015-PL18925101-42311,2015-11-03 00:00:00,PL-18925101,Paul Lucas,Home Office,Peru,LATAM,South America,OFF-BI-6384,Office Supplies,Binders,"Wilson Jones Binding Machine, Economy",117.50399999999999,6,0.4,-23.616000000000007
CA-2015-FO14305140-42323,2015-11-15 00:00:00,FO-143051406,Frank Olsen,Consumer,United States,USCA,Eastern US,OFF-BI-2869,Office Supplies,Binders,3M Organizer Strips,8.64,2,0.2,3.024
CA-2015-FO14305140-42331,2015-11-23 00:00:00,FO-143051402,Frank Olsen,Consumer,United States,USCA,Central US,OFF-AR-5291,Office Supplies,Art,Newell 314,35.712,8,0.2,2.2319999999999958
MO-2015-PO919586-42336,2015-11-28 00:00:00,PO-919586,Phillina Ober,Home Office,Morocco,Africa,North Africa,OFF-BI-3712,Office Supplies,Binders,"Cardinal 3-Hole Punch, Clear",169.56,6,0,35.46
US-2015-JH1543055-42328,2015-11-20 00:00:00,JH-1543055,Jennifer Halladay,Consumer,Honduras,LATAM,Central America,OFF-EN-3671,Office Supplies,Envelopes,"Cameo Manila Envelope, Set of 50",64.8,6,0.4,-35.64
ID-2015-SP2062059-42335,2015-11-27 00:00:00,SP-2062059,Stefania Perrino,Corporate,Indonesia,Asia Pacific,Southeastern Asia,FUR-CH-5448,Furniture,Chairs,"Office Star Rocking Chair, Red",205.7286,2,0.27,-45.131400000000006
CA-2015-FP14320140-42316,2015-11-08 00:00:00,FP-143201406,Frank Preis,Consumer,United States,USCA,Eastern US,TEC-AC-5183,Technology,Accessories,Maxell CD-R Discs,7.88,4,0,2.5215999999999994
IR-2015-SC1005060-42327,2015-11-19 00:00:00,SC-1005060,Sample Company A,Home Office,Iran,Asia Pacific,Southern Asia,TEC-MA-5498,Technology,Machines,"Okidata Card Printer, Red",172.98000000000002,1,0,20.73
RS-2015-DJ3630108-42335,2015-11-27 00:00:00,DJ-3630108,Doug Jacobs,Consumer,Russia,Europe,Eastern Europe,OFF-PA-4177,Office Supplies,Paper,"Enermax Note Cards, Premium",59.82000000000001,2,0,12.54
IN-2015-MC1763558-42334,2015-11-26 00:00:00,MC-1763558,Matthew Clasen,Corporate,India,Asia Pacific,Southern Asia,OFF-ST-4296,Office Supplies,Storage,"Fellowes Trays, Wire Frame",112.92,2,0,14.64
ES-2015-YC2189545-42326,2015-11-18 00:00:00,YC-2189545,Yoseph Carroll,Corporate,France,Europe,Western Europe,OFF-AR-6113,Office Supplies,Art,"Stanley Highlighters, Water Color",143.04,8,0,48.480000000000004
ID-2015-MG1787559-42325,2015-11-17 00:00:00,MG-1787559,Michael Grace,Home Office,Indonesia,Asia Pacific,Southeastern Asia,OFF-AR-3532,Office Supplies,Art,"Boston Highlighters, Easy-Erase",69.86099999999999,5,0.27,-6.788999999999998
ES-2015-EB14110120-42316,2015-11-08 00:00:00,EB-14110120,Eugene Barchas,Consumer,Spain,Europe,Southern Europe,OFF-AR-6117,Office Supplies,Art,"Stanley Markers, Water Color",152.27999999999997,6,0,50.220000000000006
MX-2015-HK1489018-42326,2015-11-18 00:00:00,HK-1489018,Heather Kirkland,Corporate,Brazil,LATAM,South America,OFF-EN-4445,Office Supplies,Envelopes,"GlobeWeis Mailers, Set of 50",51.4,2,0,13.36
IN-2015-PB1880558-42314,2015-11-06 00:00:00,PB-1880558,Patrick Bzostek,Home Office,India,Asia Pacific,Southern Asia,FUR-CH-5370,Furniture,Chairs,"Novimex Chairmat, Adjustable",235.32,4,0,0
IR-2015-AW84060-42313,2015-11-05 00:00:00,AW-84060,Anthony Witt,Consumer,Iran,Asia Pacific,Southern Asia,TEC-MA-6140,Technology,Machines,"StarTech Inkjet, Durable",600.3600000000001,2,0,66
IN-2015-DL1286527-42312,2015-11-04 00:00:00,DL-1286527,Dan Lawera,Consumer,China,Asia Pacific,Eastern Asia,OFF-AR-6128,Office Supplies,Art,"Stanley Sketch Pad, Water Color",95.22,2,0,16.14
SA-2015-MC7575110-42326,2015-11-18 00:00:00,MC-7575110,Matt Collins,Consumer,Saudi Arabia,Asia Pacific,Western Asia,OFF-ST-5696,Office Supplies,Storage,"Rogers Folders, Single Width",30.719999999999995,1,0,2.43
EG-2015-DL292538-42332,2015-11-24 00:00:00,DL-292538,Daniel Lacy,Consumer,Egypt,Africa,North Africa,FUR-CH-4523,Furniture,Chairs,"Harbour Creations Chairmat, Black",69.57000000000001,1,0,14.580000000000002
TU-2015-AB105134-42326,2015-11-18 00:00:00,AB-105134,Adrian Barton,Consumer,Turkey,Asia Pacific,Western Asia,OFF-AR-3468,Office Supplies,Art,"BIC Sketch Pad, Blue",155.712,8,0.6,-163.72799999999998
MX-2015-NM1852028-42323,2015-11-15 00:00:00,NM-1852028,Neoma Murray,Consumer,Colombia,LATAM,South America,OFF-PA-4170,Office Supplies,Paper,"Enermax Message Books, Recycled",134.46,9,0,60.480000000000004
IN-2015-MC1763558-42334,2015-11-26 00:00:00,MC-1763558,Matthew Clasen,Corporate,India,Asia Pacific,Southern Asia,FUR-FU-4034,Furniture,Furnishings,"Eldon Clock, Black",113.03999999999999,2,0,38.400000000000006
IN-2015-TS2143059-42321,2015-11-13 00:00:00,TS-2143059,Tom Stivers,Corporate,Indonesia,Asia Pacific,Southeastern Asia,FUR-BO-3615,Furniture,Bookcases,"Bush 3-Shelf Cabinet, Metal",132.8319,1,0.07,52.82190000000001
MX-2015-AF1088582-42316,2015-11-08 00:00:00,AF-1088582,Art Foster,Consumer,Mexico,LATAM,Central America,FUR-CH-4558,Furniture,Chairs,"Harbour Creations Steel Folding Chair, Black",305.47200000000004,6,0.2,-57.28800000000001
IN-2015-JM1525027-42334,2015-11-26 00:00:00,JM-1525027,Janet Martin,Consumer,China,Asia Pacific,Eastern Asia,OFF-AR-3470,Office Supplies,Art,"BIC Sketch Pad, Fluorescent",99.84,2,0,35.94
MX-2015-MY1829582-42321,2015-11-13 00:00:00,MY-1829582,Muhammed Yedwab,Corporate,Mexico,LATAM,Central America,OFF-SU-2995,Office Supplies,Supplies,"Acme Shears, Serrated",124.32000000000001,4,0,45.92
IT-2015-MH1744048-42325,2015-11-17 00:00:00,MH-1744048,Mark Haberlin,Corporate,Germany,Europe,Western Europe,TEC-AC-5221,Technology,Accessories,"Memorex Numeric Keypad, Erganomic",186.84,4,0,29.880000000000003
MX-2015-RR1952531-42320,2015-11-12 00:00:00,RR-1952531,Rick Reed,Corporate,Cuba,LATAM,Caribbean,FUR-CH-4628,Furniture,Chairs,"Hon Bag Chairs, Red",90.29999999999998,3,0,3.6
IN-2015-CM1238597-42312,2015-11-04 00:00:00,CM-1238597,Christopher Martinez,Consumer,Pakistan,Asia Pacific,Southern Asia,FUR-CH-5439,Furniture,Chairs,"Office Star Chairmat, Red",105.31200000000001,2,0.2,38.172
ES-2015-PW1903045-42320,2015-11-12 00:00:00,PW-1903045,Pauline Webber,Corporate,France,Europe,Western Europe,OFF-ST-4261,Office Supplies,Storage,"Fellowes Folders, Blue",71.28,3,0.1,31.68
ES-2015-MO1795048-42313,2015-11-05 00:00:00,MO-1795048,Michael Oakman,Consumer,Germany,Europe,Western Europe,OFF-AR-6120,Office Supplies,Art,"Stanley Pencil Sharpener, Water Color",112.725,5,0.1,-5.024999999999999
IN-2015-SS2059078-42328,2015-11-20 00:00:00,SS-2059078,Sonia Sunley,Consumer,Malaysia,Asia Pacific,Southeastern Asia,OFF-AR-3545,Office Supplies,Art,"Boston Pencil Sharpener, Water Color",116.88,4,0,38.519999999999996
CA-2015-GH14425140-42319,2015-11-11 00:00:00,GH-144251404,Gary Hwang,Consumer,United States,USCA,Western US,TEC-AC-5211,Technology,Accessories,Memorex Mini Travel Drive 16 GB USB 2.0 Flash Drive,111.79,7,0,43.5981
ES-2015-PW1903045-42320,2015-11-12 00:00:00,PW-1903045,Pauline Webber,Corporate,France,Europe,Western Europe,OFF-SU-2979,Office Supplies,Supplies,"Acme Letter Opener, Serrated",188.37000000000003,7,0,13.02
TO-2015-BG1695131-42325,2015-11-17 00:00:00,BG-1695131,Brooke Gillingham,Corporate,Togo,Africa,Western Africa,OFF-SU-6163,Office Supplies,Supplies,"Stiletto Box Cutter, Steel",141.48,4,0,9.84
ES-2015-TT21220139-42322,2015-11-14 00:00:00,TT-21220139,Thomas Thornton,Consumer,United Kingdom,Europe,Northern Europe,OFF-AP-4512,Office Supplies,Appliances,"Hamilton Beach Toaster, White",222.60000000000002,4,0,95.64
ES-2015-TC21145120-42319,2015-11-11 00:00:00,TC-21145120,Theresa Coyne,Corporate,Spain,Europe,Southern Europe,OFF-ST-4295,Office Supplies,Storage,"Fellowes Trays, Single Width",103.35600000000001,2,0.1,45.936
IS-2015-SC1030563-42333,2015-11-25 00:00:00,SC-1030563,Sean Christensen,Consumer,Israel,Asia Pacific,Western Asia,FUR-FU-5724,Furniture,Furnishings,"Rubbermaid Door Stop, Duo Pack",43.86,1,0,3.06
ID-2015-CS121307-42314,2015-11-06 00:00:00,CS-121307,Chad Sievert,Consumer,Australia,Asia Pacific,Oceania,FUR-FU-6257,Furniture,Furnishings,"Tenex Light Bulb, Black",51.111,3,0.1,2.780999999999999
ES-2015-MP1796548-42315,2015-11-07 00:00:00,MP-1796548,Michael Paige,Corporate,Germany,Europe,Western Europe,OFF-ST-5708,Office Supplies,Storage,"Rogers Shelving, Wire Frame",244.8,5,0.2,33.60000000000001
ES-2015-TT21220139-42322,2015-11-14 00:00:00,TT-21220139,Thomas Thornton,Consumer,United Kingdom,Europe,Northern Europe,OFF-SU-4122,Office Supplies,Supplies,"Elite Letter Opener, Steel",215.99999999999997,9,0,30.240000000000002
US-2015-NS1864055-42312,2015-11-04 00:00:00,NS-1864055,Noel Staavos,Corporate,Honduras,LATAM,Central America,TEC-PH-5352,Technology,Phones,"Nokia Signal Booster, VoIP",109.272,2,0.4,-49.208000000000006
CM-2015-AH1007522-42330,2015-11-22 00:00:00,AH-1007522,Adam Hart,Corporate,Cameroon,Africa,Central Africa,OFF-ST-5696,Office Supplies,Storage,"Rogers Folders, Single Width",122.87999999999998,4,0,9.72
IN-2015-AR10570102-42315,2015-11-07 00:00:00,AR-10570102,Anemone Ratner,Consumer,Philippines,Asia Pacific,Southeastern Asia,OFF-FA-2940,Office Supplies,Fasteners,"Accos Clamps, 12 Pack",31.036500000000004,3,0.45,-20.893500000000003
IN-2015-HZ1495058-42319,2015-11-11 00:00:00,HZ-1495058,Henia Zydlo,Consumer,India,Asia Pacific,Southern Asia,TEC-PH-5353,Technology,Phones,"Nokia Signal Booster, with Caller ID",136.5,1,0,15
MO-2015-DO343586-42327,2015-11-19 00:00:00,DO-343586,Denny Ordway,Consumer,Morocco,Africa,North Africa,OFF-AP-4971,Office Supplies,Appliances,"KitchenAid Toaster, White",166.92000000000002,2,0,66.72
IN-2015-CM1238597-42312,2015-11-04 00:00:00,CM-1238597,Christopher Martinez,Consumer,Pakistan,Asia Pacific,Southern Asia,FUR-BO-5746,Furniture,Bookcases,"Safco 3-Shelf Cabinet, Mobile",137.08800000000002,1,0.2,-8.592000000000006
MO-2015-AH1007586-42332,2015-11-24 00:00:00,AH-1007586,Adam Hart,Corporate,Morocco,Africa,North Africa,FUR-BO-5745,Furniture,Bookcases,"Safco 3-Shelf Cabinet, Metal",168.3,1,0,58.89
IT-2015-JH1591091-42321,2015-11-13 00:00:00,JH-1591091,Jonathan Howell,Consumer,Netherlands,Europe,Western Europe,FUR-FU-3929,Furniture,Furnishings,"Deflect-O Clock, Duo Pack",120.888,3,0.2,-16.632
ID-2015-EJ1415592-42335,2015-11-27 00:00:00,EJ-1415592,Eva Jacobs,Consumer,New Zealand,Asia Pacific,Oceania,OFF-AR-3477,Office Supplies,Art,"Binney & Smith Canvas, Fluorescent",189.43199999999996,6,0.4,-22.24800000000002
ES-2015-KC1625514-42325,2015-11-17 00:00:00,KC-1625514,Karen Carlisle,Corporate,Belgium,Europe,Western Europe,OFF-FA-5462,Office Supplies,Fasteners,"OIC Clamps, 12 Pack",96.00000000000001,5,0,48.00000000000001
US-2015-AB10150143-42334,2015-11-26 00:00:00,AB-10150143,Aimee Bixby,Consumer,Venezuela,LATAM,South America,FUR-BO-3628,Furniture,Bookcases,"Bush Corner Shelving, Metal",98.75999999999999,2,0.4,-44.480000000000004
UP-2015-HK4890137-42313,2015-11-05 00:00:00,HK-4890137,Heather Kirkland,Corporate,Ukraine,Europe,Eastern Europe,FUR-FU-4042,Furniture,Furnishings,"Eldon Door Stop, Durable",94.38,2,0,19.799999999999997
SA-2015-TM11490110-42314,2015-11-06 00:00:00,TM-11490110,Tony Molinari,Consumer,Saudi Arabia,Asia Pacific,Western Asia,TEC-MA-5499,Technology,Machines,"Okidata Card Printer, White",174.24,1,0,59.22
KG-2015-DB327070-42321,2015-11-13 00:00:00,DB-327070,Deborah Brumfield,Home Office,Kyrgyzstan,Asia Pacific,Central Asia,FUR-BO-3907,Furniture,Bookcases,"Dania Stackable Bookrack, Traditional",121.04999999999998,1,0,50.82000000000001
MX-2015-BD1172537-42330,2015-11-22 00:00:00,BD-1172537,Bruce Degenhardt,Consumer,Ecuador,LATAM,South America,TEC-AC-5865,Technology,Accessories,"SanDisk Keyboard, Erganomic",158.58,3,0,22.2
IN-2015-DW135857-42328,2015-11-20 00:00:00,DW-135857,Dorothy Wardle,Corporate,Australia,Asia Pacific,Oceania,OFF-EN-5033,Office Supplies,Envelopes,"Kraft Mailers, Recycled",196.83000000000004,6,0.1,6.3899999999999935
US-2015-GT14635140-42313,2015-11-05 00:00:00,GT-146351408,Grant Thornton,Corporate,United States,USCA,Southern US,TEC-MA-3855,Technology,Machines,Cubify CubeX 3D Printer Triple Head Print,7999.98,4,0.5,-3839.9903999999988
US-2015-GT14635140-42313,2015-11-05 00:00:00,GT-146351408,Grant Thornton,Corporate,United States,USCA,Southern US,OFF-AP-4222,Office Supplies,Appliances,"Eureka The Boss Plus 12-Amp Hard Box Upright Vacuum, Red",167.44000000000003,2,0.2,14.65099999999999
ES-2015-MS17770139-42320,2015-11-12 00:00:00,MS-17770139,Maxwell Schwartz,Consumer,United Kingdom,Europe,Northern Europe,OFF-LA-5392,Office Supplies,Labels,"Novimex Removable Labels, Adjustable",38.849999999999994,5,0,0
MX-2015-BB1099028-42318,2015-11-10 00:00:00,BB-1099028,Barry Blumstein,Corporate,Colombia,LATAM,South America,FUR-CH-5438,Furniture,Chairs,"Office Star Chairmat, Black",84.52000000000001,2,0,42.239999999999995
US-2015-GG14650140-42311,2015-11-03 00:00:00,GG-146501402,Greg Guthrie,Corporate,United States,USCA,Central US,OFF-AR-6104,Office Supplies,Art,Stanley Bostitch Contemporary Electric Pencil Sharpeners,54.336000000000006,4,0.2,5.4336
MX-2015-RB1957016-42333,2015-11-25 00:00:00,RB-1957016,Rob Beeghly,Consumer,Bolivia,LATAM,South America,OFF-ST-6250,Office Supplies,Storage,"Tenex Folders, Industrial",142.2,9,0,2.7
ES-2015-OT18730120-42328,2015-11-20 00:00:00,OT-18730120,Olvera Toch,Consumer,Spain,Europe,Southern Europe,OFF-LA-3310,Office Supplies,Labels,"Avery Removable Labels, 5000 Label Set",100.16999999999999,9,0,24.840000000000003
CA-2015-GG14650140-42326,2015-11-18 00:00:00,GG-146501404,Greg Guthrie,Corporate,United States,USCA,Western US,OFF-BI-3741,Office Supplies,Binders,"Cardinal Slant-D Ring Binder, Heavy Gauge Vinyl",13.904,2,0.2,4.5188
ES-2015-MF1766564-42318,2015-11-10 00:00:00,MF-1766564,Maureen Fritzler,Corporate,Italy,Europe,Southern Europe,OFF-ST-4108,Office Supplies,Storage,"Eldon Trays, Wire Frame",84.672,3,0.4,-1.4579999999999842
EG-2015-MC742538-42334,2015-11-26 00:00:00,MC-742538,Mark Cousins,Corporate,Egypt,Africa,North Africa,FUR-BO-3630,Furniture,Bookcases,"Bush Corner Shelving, Pine",125.34,1,0,60.150000000000006
SU-2015-RD9585122-42334,2015-11-26 00:00:00,RD-9585122,Rob Dowd,Consumer,Sudan,Africa,North Africa,OFF-SU-4325,Office Supplies,Supplies,"Fiskars Trimmer, Easy Grip",87.84,2,0,32.46
MO-2015-KW657086-42321,2015-11-13 00:00:00,KW-657086,Kelly Williams,Consumer,Morocco,Africa,North Africa,OFF-FA-6196,Office Supplies,Fasteners,"Stockwell Push Pins, Metal",57.96,4,0,0.48
US-2015-BH1171055-42318,2015-11-10 00:00:00,BH-1171055,Brosina Hoffman,Consumer,Honduras,LATAM,Central America,OFF-LA-4528,Office Supplies,Labels,"Harbour Creations Color Coded Labels, Alphabetical",30.528,6,0.4,-8.232000000000003
IN-2015-HM1498027-42311,2015-11-03 00:00:00,HM-1498027,Henry MacAllister,Consumer,China,Asia Pacific,Eastern Asia,OFF-EN-3665,Office Supplies,Envelopes,"Cameo Mailers, Recycled",184.8,5,0,73.8
MO-2015-DL331586-42322,2015-11-14 00:00:00,DL-331586,Delfina Latchford,Consumer,Morocco,Africa,North Africa,FUR-CH-5753,Furniture,Chairs,"SAFCO Bag Chairs, Set of Two",206.76,4,0,66.12
ES-2015-JC1577548-42328,2015-11-20 00:00:00,JC-1577548,John Castell,Consumer,Germany,Europe,Western Europe,OFF-PA-5849,Office Supplies,Paper,"SanDisk Cards & Envelopes, Premium",193.68,4,0,73.56
MX-2015-MC1760582-42320,2015-11-12 00:00:00,MC-1760582,Matt Connell,Corporate,Mexico,LATAM,Central America,OFF-AR-3554,Office Supplies,Art,"Boston Sketch Pad, Fluorescent",99.72,3,0,39.84
MX-2015-TB2135582-42315,2015-11-07 00:00:00,TB-2135582,Todd Boyes,Corporate,Mexico,LATAM,Central America,FUR-CH-4560,Furniture,Chairs,"Harbour Creations Steel Folding Chair, Set of Two",106.816,2,0.2,36.016000000000005
MX-2015-FG142605-42318,2015-11-10 00:00:00,FG-142605,Frank Gastineau,Home Office,Argentina,LATAM,South America,FUR-BO-3616,Furniture,Bookcases,"Bush 3-Shelf Cabinet, Mobile",116.71199999999999,2,0.4,-40.888
US-2015-TZ2158036-42318,2015-11-10 00:00:00,TZ-2158036,Tracy Zic,Consumer,Dominican Republic,LATAM,Caribbean,TEC-MA-5497,Technology,Machines,"Okidata Card Printer, Durable",140.76000000000005,4,0.7,-178.36000000000004
CA-2015-GT14710140-42333,2015-11-25 00:00:00,GT-147101402,Greg Tran,Consumer,United States,USCA,Central US,OFF-FA-3076,Office Supplies,Fasteners,Advantus T-Pin Paper Clips,10.824,3,0.2,2.5707
KE-2015-SW1027569-42320,2015-11-12 00:00:00,SW-1027569,Scott Williamson,Consumer,Kenya,Africa,Eastern Africa,FUR-CH-5800,Furniture,Chairs,"SAFCO Steel Folding Chair, Adjustable",88.19999999999999,1,0,7.92
CA-2015-GA14725140-42320,2015-11-12 00:00:00,GA-147251404,Guy Armstrong,Consumer,United States,USCA,Western US,OFF-BI-4833,Office Supplies,Binders,Ibico Plastic Spiral Binding Combs,121.6,5,0.2,39.51999999999999
MX-2015-AT1073518-42333,2015-11-25 00:00:00,AT-1073518,Annie Thurman,Consumer,Brazil,LATAM,South America,OFF-AP-4950,Office Supplies,Appliances,"KitchenAid Blender, Silver",461.2999999999999,7,0,124.46000000000004
CA-2015-GA14725140-42320,2015-11-12 00:00:00,GA-147251404,Guy Armstrong,Consumer,United States,USCA,Western US,OFF-AP-3364,Office Supplies,Appliances,Belkin 6 Outlet Metallic Surge Strip,10.89,1,0,2.8314000000000004
CA-2015-GA14725140-42320,2015-11-12 00:00:00,GA-147251404,Guy Armstrong,Consumer,United States,USCA,Western US,OFF-PA-6563,Office Supplies,Paper,Xerox 201,19.44,3,0,9.3312
IN-2015-KM166607-42314,2015-11-06 00:00:00,KM-166607,Khloe Miller,Consumer,Australia,Asia Pacific,Oceania,FUR-FU-6259,Furniture,Furnishings,"Tenex Light Bulb, Durable",129.27599999999998,9,0.1,6.966000000000003
CA-2015-GT14755140-42335,2015-11-27 00:00:00,GT-147551402,Guy Thornton,Consumer,United States,USCA,Central US,OFF-BI-4355,Office Supplies,Binders,GBC Premium Transparent Covers with Diagonal Lined Pattern,33.56799999999999,8,0.8,-53.708800000000025
MX-2015-AG1090093-42312,2015-11-04 00:00:00,AG-1090093,Arthur Gainer,Consumer,Nicaragua,LATAM,Central America,OFF-PA-5877,Office Supplies,Paper,"SanDisk Message Books, Multicolor",84.1,5,0,21
ES-2015-PK1907534-42333,2015-11-25 00:00:00,PK-1907534,Pete Kriz,Consumer,Denmark,Europe,Northern Europe,OFF-ST-5712,Office Supplies,Storage,"Rogers Trays, Wire Frame",151.875,5,0.5,-3.075000000000017
ID-2015-KH16330113-42319,2015-11-11 00:00:00,KH-16330113,Katharine Harms,Corporate,Singapore,Asia Pacific,Southeastern Asia,OFF-FA-6185,Office Supplies,Fasteners,"Stockwell Clamps, Assorted Sizes",81.44999999999999,5,0,21.9
IN-2015-SB2017088-42336,2015-11-28 00:00:00,SB-2017088,Sarah Bern,Consumer,Myanmar (Burma),Asia Pacific,Southeastern Asia,OFF-AR-3552,Office Supplies,Art,"Boston Sketch Pad, Blue",80.67599999999999,2,0.17,3.8759999999999977
ES-2015-HH15010139-42315,2015-11-07 00:00:00,HH-15010139,Hilary Holden,Corporate,United Kingdom,Europe,Northern Europe,OFF-ST-4057,Office Supplies,Storage,"Eldon File Cart, Single Width",128.37,1,0,55.17
ES-2015-PK1907534-42333,2015-11-25 00:00:00,PK-1907534,Pete Kriz,Consumer,Denmark,Europe,Northern Europe,OFF-AR-3500,Office Supplies,Art,"Binney & Smith Sketch Pad, Easy-Erase",93.17999999999999,4,0.5,-65.34
ES-2015-PM1913596-42333,2015-11-25 00:00:00,PM-1913596,Peter McVee,Home Office,Norway,Europe,Northern Europe,OFF-LA-3297,Office Supplies,Labels,"Avery Legal Exhibit Labels, 5000 Label Set",70.38,6,0,32.22
IZ-2015-RD972061-42311,2015-11-03 00:00:00,RD-972061,Roger Demir,Consumer,Iraq,Asia Pacific,Western Asia,TEC-PH-5348,Technology,Phones,"Nokia Office Telephone, VoIP",65.22,1,0,24.119999999999997
ES-2015-AC1061564-42329,2015-11-21 00:00:00,AC-1061564,Ann Chong,Corporate,Italy,Europe,Southern Europe,OFF-AR-3499,Office Supplies,Art,"Binney & Smith Sketch Pad, Blue",138.96,3,0,36.089999999999996
ES-2015-SJ20125120-42337,2015-11-29 00:00:00,SJ-20125120,Sanjit Jacobs,Home Office,Spain,Europe,Southern Europe,FUR-FU-3050,Furniture,Furnishings,"Advantus Photo Frame, Erganomic",103.19999999999999,2,0,49.5
ES-2015-MG1769591-42335,2015-11-27 00:00:00,MG-1769591,Maureen Gnade,Consumer,Netherlands,Europe,Western Europe,TEC-AC-4153,Technology,Accessories,"Enermax Flash Drive, Programmable",107.54999999999998,5,0.5,-30.149999999999977
ES-2015-MG1814545-42332,2015-11-24 00:00:00,MG-1814545,Mike Gockenbach,Consumer,France,Europe,Western Europe,OFF-SU-2966,Office Supplies,Supplies,"Acme Box Cutter, High Speed",75.6,2,0,36.24
MX-2015-MA1799582-42327,2015-11-19 00:00:00,MA-1799582,Michelle Arnett,Home Office,Mexico,LATAM,Central America,FUR-BO-5748,Furniture,Bookcases,"Safco 3-Shelf Cabinet, Traditional",90.048,1,0.2,-1.1319999999999992
IT-2015-TB2105545-42334,2015-11-26 00:00:00,TB-2105545,Ted Butterfield,Consumer,France,Europe,Western Europe,OFF-BI-2897,Office Supplies,Binders,"Acco Binder, Economy",106.04999999999998,7,0,14.699999999999998
EG-2015-CK276038-42332,2015-11-24 00:00:00,CK-276038,Cyma Kinney,Corporate,Egypt,Africa,North Africa,OFF-AR-3450,Office Supplies,Art,"BIC Canvas, Water Color",113.76,2,0,1.08
US-2015-MZ1733555-42333,2015-11-25 00:00:00,MZ-1733555,Maria Zettner,Home Office,Honduras,LATAM,Central America,TEC-PH-3785,Technology,Phones,"Cisco Audio Dock, Full Size",146.68800000000002,2,0.4,-22.032000000000004
ES-2015-OT18730120-42328,2015-11-20 00:00:00,OT-18730120,Olvera Toch,Consumer,Spain,Europe,Southern Europe,FUR-FU-3023,Furniture,Furnishings,"Advantus Clock, Black",102.78000000000002,2,0,29.759999999999998
ID-2015-DL129257-42312,2015-11-04 00:00:00,DL-129257,Daniel Lacy,Consumer,Australia,Asia Pacific,Oceania,OFF-ST-5694,Office Supplies,Storage,"Rogers Folders, Blue",73.65599999999999,4,0.4,11.015999999999998
ES-2015-HG1484545-42327,2015-11-19 00:00:00,HG-1484545,Harry Greene,Consumer,France,Europe,Western Europe,OFF-PA-4145,Office Supplies,Paper,"Enermax Cards & Envelopes, Premium",94.2,2,0,27.299999999999997
ES-2015-HM14980139-42329,2015-11-21 00:00:00,HM-14980139,Henry MacAllister,Consumer,United Kingdom,Europe,Northern Europe,OFF-AR-6115,Office Supplies,Art,"Stanley Markers, Easy-Erase",112.35,5,0,0
MO-2015-DO343586-42327,2015-11-19 00:00:00,DO-343586,Denny Ordway,Consumer,Morocco,Africa,North Africa,OFF-EN-4913,Office Supplies,Envelopes,"Jiffy Interoffice Envelope, with clear poly window",99.96000000000001,2,0,46.980000000000004
CA-2015-HG14845140-42315,2015-11-07 00:00:00,HG-148451402,Harry Greene,Consumer,United States,USCA,Central US,OFF-ST-6015,Office Supplies,Storage,"SimpliFile Personal File, Black Granite, 15w x 6-15/16d x 11-1/4h",18.16,2,0.2,1.8160000000000016
SF-2015-RH9555117-42314,2015-11-06 00:00:00,RH-9555117,Ritsa Hightower,Consumer,South Africa,Africa,Southern Africa,OFF-ST-4081,Office Supplies,Storage,"Eldon Lockers, Wire Frame",196.98,1,0,39.39
MX-2015-TC2147512-42318,2015-11-10 00:00:00,TC-2147512,Tony Chapman,Home Office,Barbados,LATAM,Caribbean,OFF-PA-5885,Office Supplies,Paper,"SanDisk Note Cards, Multicolor",67.92,3,0,7.44
ID-2015-AJ1096092-42321,2015-11-13 00:00:00,AJ-1096092,Astrea Jones,Consumer,New Zealand,Asia Pacific,Oceania,FUR-BO-3900,Furniture,Bookcases,"Dania Floating Shelf Set, Traditional",101.61,1,0.4,6.75
BU-2015-CC247519-42314,2015-11-06 00:00:00,CC-247519,Cindy Chapman,Consumer,Bulgaria,Europe,Eastern Europe,TEC-CO-3604,Technology,Copiers,"Brother Personal Copier, Color",144.33,1,0,44.730000000000004
IN-2015-DB1327059-42336,2015-11-28 00:00:00,DB-1327059,Deborah Brumfield,Home Office,Indonesia,Asia Pacific,Southeastern Asia,OFF-EN-4450,Office Supplies,Envelopes,"GlobeWeis Manila Envelope, with clear poly window",49.178700000000006,3,0.47000000000000003,-18.5913
IN-2015-PG1882027-42334,2015-11-26 00:00:00,PG-1882027,Patrick Gardner,Consumer,China,Asia Pacific,Eastern Asia,OFF-ST-6057,Office Supplies,Storage,"Smead Shelving, Blue",146.78999999999996,3,0,64.53
ES-2015-AS1028564-42323,2015-11-15 00:00:00,AS-1028564,Alejandro Savely,Corporate,Italy,Europe,Southern Europe,FUR-BO-3625,Furniture,Bookcases,"Bush Classic Bookcase, Mobile",1245.6,3,0,62.279999999999994
NI-2015-PW903095-42312,2015-11-04 00:00:00,PW-903095,Pauline Webber,Corporate,Nigeria,Africa,Western Africa,TEC-PH-3786,Technology,Phones,"Cisco Audio Dock, VoIP",54.64800000000001,1,0.7,-56.471999999999994
ES-2015-OT18730120-42328,2015-11-20 00:00:00,OT-18730120,Olvera Toch,Consumer,Spain,Europe,Southern Europe,OFF-BI-3189,Office Supplies,Binders,"Avery 3-Hole Punch, Recycled",84.69000000000001,3,0,0
RS-2015-EG3900108-42318,2015-11-10 00:00:00,EG-3900108,Emily Grady,Consumer,Russia,Europe,Eastern Europe,OFF-ST-6246,Office Supplies,Storage,"Tenex File Cart, Blue",133.20000000000002,1,0,23.97
IT-2015-DN1369064-42328,2015-11-20 00:00:00,DN-1369064,Duane Noonan,Consumer,Italy,Europe,Southern Europe,TEC-PH-5359,Technology,Phones,"Nokia Speaker Phone, VoIP",147.88799999999998,2,0.4,-91.212
MX-2015-CL1189031-42325,2015-11-17 00:00:00,CL-1189031,Carl Ludwig,Consumer,Cuba,LATAM,Caribbean,OFF-SU-6180,Office Supplies,Supplies,"Stiletto Trimmer, Easy Grip",118.32000000000001,4,0,23.6
IN-2015-LF1718558-42320,2015-11-12 00:00:00,LF-1718558,Luke Foster,Consumer,India,Asia Pacific,Southern Asia,OFF-AR-5922,Office Supplies,Art,"Sanford Pencil Sharpener, Fluorescent",51.66,2,0,17.52
MX-2015-KH1636018-42322,2015-11-14 00:00:00,KH-1636018,Katherine Hughes,Consumer,Brazil,LATAM,South America,OFF-BI-2894,Office Supplies,Binders,"Acco Binder Covers, Recycled",72.96,8,0,6.56
ES-2015-AC1061564-42329,2015-11-21 00:00:00,AC-1061564,Ann Chong,Corporate,Italy,Europe,Southern Europe,OFF-AR-6124,Office Supplies,Art,"Stanley Pens, Water Color",119.07000000000001,9,0,38.06999999999999
MX-2015-SW2024582-42336,2015-11-28 00:00:00,SW-2024582,Scot Wooten,Consumer,Mexico,LATAM,Central America,FUR-FU-6254,Furniture,Furnishings,"Tenex Frame, Duo Pack",88.03200000000001,2,0.4,-36.688
ES-2015-NS1864045-42333,2015-11-25 00:00:00,NS-1864045,Noel Staavos,Corporate,France,Europe,Western Europe,OFF-AR-3478,Office Supplies,Art,"Binney & Smith Canvas, Water Color",109.08,2,0,52.32000000000001
IN-2015-PB1880558-42314,2015-11-06 00:00:00,PB-1880558,Patrick Bzostek,Home Office,India,Asia Pacific,Southern Asia,FUR-CH-5373,Furniture,Chairs,"Novimex Chairmat, Set of Two",117.18,2,0,43.32
US-2015-FH1436582-42327,2015-11-19 00:00:00,FH-1436582,Fred Hopkins,Corporate,Mexico,LATAM,Central America,OFF-FA-6184,Office Supplies,Fasteners,"Stockwell Clamps, 12 Pack",49.760000000000005,4,0,6.4
CA-2015-HZ14950140-42334,2015-11-26 00:00:00,HZ-149501408,Henia Zydlo,Consumer,United States,USCA,Southern US,FUR-BO-5530,Furniture,Bookcases,O'Sullivan Manor Hill 2-Door Library in Brianna Oak,723.92,5,0.2,-81.44099999999995
MX-2015-ED1388582-42313,2015-11-05 00:00:00,ED-1388582,Emily Ducich,Home Office,Mexico,LATAM,Central America,OFF-BI-2899,Office Supplies,Binders,"Acco Binding Machine, Clear",101.10000000000002,3,0,20.220000000000002
CA-2015-HZ14950140-42330,2015-11-22 00:00:00,HZ-149501402,Henia Zydlo,Consumer,United States,USCA,Central US,TEC-PH-5255,Technology,Phones,Motorola HK250 Universal Bluetooth Headset,55.176,3,0.2,-12.414599999999997
US-2015-HG14965140-42313,2015-11-05 00:00:00,HG-149651406,Henry Goldwyn,Corporate,United States,USCA,Eastern US,OFF-ST-3744,Office Supplies,Storage,"Carina 42""Hx23 3/4""W Media Storage Unit",194.35200000000003,3,0.2,-43.72919999999999
ES-2015-DL133158-42320,2015-11-12 00:00:00,DL-133158,Delfina Latchford,Consumer,Austria,Europe,Western Europe,OFF-EN-4445,Office Supplies,Envelopes,"GlobeWeis Mailers, Set of 50",154.2,4,0,1.44
US-2015-HG14965140-42313,2015-11-05 00:00:00,HG-149651406,Henry Goldwyn,Corporate,United States,USCA,Eastern US,TEC-AC-5899,Technology,Accessories,SanDisk Ultra 32 GB MicroSDHC Class 10 Memory Card,70.72000000000001,4,0.2,-6.187999999999999
MX-2015-MY1829582-42321,2015-11-13 00:00:00,MY-1829582,Muhammed Yedwab,Corporate,Mexico,LATAM,Central America,TEC-CO-3604,Technology,Copiers,"Brother Personal Copier, Color",288.0826800000001,3,0.002,103.28267999999998
IR-2015-VP1173060-42314,2015-11-06 00:00:00,VP-1173060,Victor Preis,Home Office,Iran,Asia Pacific,Southern Asia,OFF-AR-3554,Office Supplies,Art,"Boston Sketch Pad, Fluorescent",49.86,1,0,0
UZ-2015-IG5085142-42335,2015-11-27 00:00:00,IG-5085142,Ivan Gibson,Consumer,Uzbekistan,Asia Pacific,Central Asia,OFF-SU-4991,Office Supplies,Supplies,"Kleencut Shears, Serrated",43.47,1,0,2.16
IN-2015-LO1717058-42323,2015-11-15 00:00:00,LO-1717058,Lori Olson,Corporate,India,Asia Pacific,Southern Asia,OFF-AR-3478,Office Supplies,Art,"Binney & Smith Canvas, Water Color",163.62,3,0,78.48000000000002
IT-2015-MH1744048-42325,2015-11-17 00:00:00,MH-1744048,Mark Haberlin,Corporate,Germany,Europe,Western Europe,OFF-AR-3452,Office Supplies,Art,"BIC Highlighters, Easy-Erase",96.00000000000001,5,0,22.05
IN-2015-SG200807-42333,2015-11-25 00:00:00,SG-200807,Sandra Glassco,Consumer,Australia,Asia Pacific,Oceania,FUR-FU-6239,Furniture,Furnishings,"Tenex Clock, Erganomic",87.966,2,0.1,23.406
MO-2015-TN1104086-42315,2015-11-07 00:00:00,TN-1104086,Tanja Norvell,Home Office,Morocco,Africa,North Africa,OFF-ST-6273,Office Supplies,Storage,"Tenex Shelving, Industrial",55.14,1,0,10.47
IN-2015-GB145307-42336,2015-11-28 00:00:00,GB-145307,George Bell,Corporate,Australia,Asia Pacific,Oceania,FUR-CH-4632,Furniture,Chairs,"Hon Chairmat, Red",149.931,3,0.1,24.920999999999996
CA-2015-HG15025140-42329,2015-11-21 00:00:00,HG-150251402,Hunter Glantz,Consumer,United States,USCA,Central US,OFF-AR-5934,Office Supplies,Art,"Sanford Uni-Blazer View Highlighters, Chisel Tip, Yellow",22,10,0,9.680000000000001
MX-2015-SW2027539-42338,2015-11-30 00:00:00,SW-2027539,Scott Williamson,Consumer,El Salvador,LATAM,Central America,FUR-CH-4626,Furniture,Chairs,"Hon Bag Chairs, Adjustable",95.28,3,0,21.9
CA-2015-HL15040140-42326,2015-11-18 00:00:00,HL-150401406,Hunter Lopez,Consumer,United States,USCA,Eastern US,TEC-CO-3691,Technology,Copiers,Canon imageCLASS 2200 Advanced Copier,10499.97,3,0,5039.9856
ES-2015-HM14980139-42329,2015-11-21 00:00:00,HM-14980139,Henry MacAllister,Consumer,United Kingdom,Europe,Northern Europe,OFF-AP-3856,Office Supplies,Appliances,"Cuisinart Blender, Black",132.84,2,0,1.32
MX-2015-RM1967518-42335,2015-11-27 00:00:00,RM-1967518,Robert Marley,Home Office,Brazil,LATAM,South America,OFF-LA-4542,Office Supplies,Labels,"Harbour Creations Removable Labels, Adjustable",71.6,10,0,13.6
AE-2015-PG8820138-42313,2015-11-05 00:00:00,PG-8820138,Patrick Gardner,Consumer,United Arab Emirates,Asia Pacific,Western Asia,OFF-ST-5692,Office Supplies,Storage,"Rogers File Cart, Industrial",42.48000000000001,1,0.7,-75.06
ES-2015-RD19585120-42335,2015-11-27 00:00:00,RD-19585120,Rob Dowd,Consumer,Spain,Europe,Southern Europe,OFF-EN-3669,Office Supplies,Envelopes,"Cameo Manila Envelope, Recycled",103.19999999999999,4,0,44.28
IN-2015-SU2066527-42328,2015-11-20 00:00:00,SU-2066527,Stephanie Ulpright,Home Office,China,Asia Pacific,Eastern Asia,OFF-SU-4322,Office Supplies,Supplies,"Fiskars Shears, Steel",188.16,4,0,33.839999999999996
CG-2015-DP300033-42321,2015-11-13 00:00:00,DP-300033,Darren Powers,Consumer,Democratic Republic of the Congo,Africa,Central Africa,OFF-FA-6202,Office Supplies,Fasteners,"Stockwell Staples, Assorted Sizes",62.88,8,0,22.56
MX-2015-MA1799582-42327,2015-11-19 00:00:00,MA-1799582,Michelle Arnett,Home Office,Mexico,LATAM,Central America,TEC-AC-5883,Technology,Accessories,"SanDisk Mouse, USB",77.03999999999999,3,0,9.24
MO-2015-CJ201086-42323,2015-11-15 00:00:00,CJ-201086,Caroline Jumper,Consumer,Morocco,Africa,North Africa,OFF-ST-5709,Office Supplies,Storage,"Rogers Trays, Blue",61.67999999999999,1,0,18.48
ES-2015-CR12820120-42309,2015-11-01 00:00:00,CR-12820120,Cyra Reiten,Home Office,Spain,Europe,Southern Europe,TEC-AC-5129,Technology,Accessories,"Logitech Mouse, USB",58.980000000000004,2,0,7.62
KG-2015-DB327070-42321,2015-11-13 00:00:00,DB-327070,Deborah Brumfield,Home Office,Kyrgyzstan,Asia Pacific,Central Asia,OFF-AR-3468,Office Supplies,Art,"BIC Sketch Pad, Blue",48.66,1,0,8.73
TZ-2015-LT7110129-42314,2015-11-06 00:00:00,LT-7110129,Liz Thompson,Consumer,Tanzania,Africa,Eastern Africa,TEC-AC-3381,Technology,Accessories,"Belkin Flash Drive, USB",84.3,2,0,27.78
IN-2015-SS2059078-42328,2015-11-20 00:00:00,SS-2059078,Sonia Sunley,Consumer,Malaysia,Asia Pacific,Southeastern Asia,OFF-FA-3061,Office Supplies,Fasteners,"Advantus Rubber Bands, Assorted Sizes",56.16,4,0,23.52
MX-2015-ZC2191082-42315,2015-11-07 00:00:00,ZC-2191082,Zuschuss Carroll,Consumer,Mexico,LATAM,Central America,OFF-BI-3247,Office Supplies,Binders,"Avery Binder Covers, Durable",75.41999999999999,9,0,27.9
ES-2015-TP2113064-42313,2015-11-05 00:00:00,TP-2113064,Theone Pippenger,Consumer,Italy,Europe,Southern Europe,OFF-BI-6369,Office Supplies,Binders,"Wilson Jones 3-Hole Punch, Clear",82.35000000000001,3,0,23.04
IN-2015-MO175007-42326,2015-11-18 00:00:00,MO-175007,Mary O'Rourke,Consumer,Australia,Asia Pacific,Oceania,OFF-ST-6231,Office Supplies,Storage,"Tenex Box, Wire Frame",84.07799999999999,6,0.1,23.238
PL-2015-FM4290103-42322,2015-11-14 00:00:00,FM-4290103,Frank Merwin,Home Office,Poland,Europe,Eastern Europe,OFF-SU-6170,Office Supplies,Supplies,"Stiletto Ruler, Serrated",46.32,4,0,15.24
MX-2015-BP1115536-42327,2015-11-19 00:00:00,BP-1115536,Becky Pak,Consumer,Dominican Republic,LATAM,Caribbean,OFF-ST-4107,Office Supplies,Storage,"Eldon Trays, Single Width",102.4,4,0.2,12.8
IT-2015-GR14560124-42320,2015-11-12 00:00:00,GR-14560124,Georgia Rosenberg,Corporate,Sweden,Europe,Northern Europe,OFF-EN-3100,Office Supplies,Envelopes,"Ames Mailers, Recycled",86.625,5,0.5,-83.175
MX-2015-TB2117551-42330,2015-11-22 00:00:00,TB-2117551,Thomas Boland,Corporate,Guatemala,LATAM,Central America,OFF-AR-3475,Office Supplies,Art,"Binney & Smith Canvas, Blue",102.71999999999998,3,0,25.679999999999996
ES-2015-CM1223545-42327,2015-11-19 00:00:00,CM-1223545,Chris McAfee,Consumer,France,Europe,Western Europe,OFF-PA-4177,Office Supplies,Paper,"Enermax Note Cards, Premium",29.910000000000004,1,0,6.27
IN-2015-MK1816058-42330,2015-11-22 00:00:00,MK-1816058,Mike Kennedy,Consumer,India,Asia Pacific,Southern Asia,OFF-BI-6378,Office Supplies,Binders,"Wilson Jones Binder, Clear",87.36,7,0,7.77
MX-2015-DB1291082-42321,2015-11-13 00:00:00,DB-1291082,Daniel Byrd,Home Office,Mexico,LATAM,Central America,OFF-ST-5705,Office Supplies,Storage,"Rogers Shelving, Blue",124.25999999999999,3,0,32.279999999999994
US-2015-JO15145140-42312,2015-11-04 00:00:00,JO-151451404,Jack O'Briant,Corporate,United States,USCA,Western US,OFF-BI-3473,Office Supplies,Binders,Binder Posts,18.368000000000002,4,0.2,5.9696
MX-2015-HL1504039-42333,2015-11-25 00:00:00,HL-1504039,Hunter Lopez,Consumer,El Salvador,LATAM,Central America,OFF-ST-6047,Office Supplies,Storage,"Smead Lockers, Industrial",132.6,1,0,31.82
US-2015-JL15175140-42313,2015-11-05 00:00:00,JL-151751408,James Lanier,Home Office,United States,USCA,Southern US,OFF-PA-3013,Office Supplies,Paper,"Adams Telephone Message Books, 5 1/4” x 11”",9.664000000000001,2,0.2,3.2615999999999996
IN-2015-DV1304558-42329,2015-11-21 00:00:00,DV-1304558,Darrin Van Huff,Corporate,India,Asia Pacific,Southern Asia,OFF-ST-6038,Office Supplies,Storage,"Smead Folders, Blue",69.96000000000001,4,0,22.32
IN-2015-DB1327059-42336,2015-11-28 00:00:00,DB-1327059,Deborah Brumfield,Home Office,Indonesia,Asia Pacific,Southeastern Asia,FUR-FU-5727,Furniture,Furnishings,"Rubbermaid Frame, Black",240.65910000000002,3,0.27,-0.000900000000015666
ID-2015-DB13360130-42322,2015-11-14 00:00:00,DB-13360130,Dennis Bolton,Home Office,Thailand,Asia Pacific,Southeastern Asia,OFF-AP-4971,Office Supplies,Appliances,"KitchenAid Toaster, White",138.5436,2,0.17,-0.05640000000000356
ES-2015-SE2011048-42335,2015-11-27 00:00:00,SE-2011048,Sanjit Engle,Consumer,Germany,Europe,Western Europe,OFF-BI-6377,Office Supplies,Binders,"Wilson Jones Binder Covers, Recycled",80.85,7,0,19.32
IR-2015-NP870060-42332,2015-11-24 00:00:00,NP-870060,Nora Preis,Consumer,Iran,Asia Pacific,Southern Asia,OFF-SU-2980,Office Supplies,Supplies,"Acme Letter Opener, Steel",29.610000000000003,1,0,12.120000000000001
IT-2015-TB2105545-42334,2015-11-26 00:00:00,TB-2105545,Ted Butterfield,Consumer,France,Europe,Western Europe,FUR-FU-3931,Furniture,Furnishings,"Deflect-O Clock, Erganomic",97.85999999999999,2,0,8.76
MO-2015-AH1007586-42332,2015-11-24 00:00:00,AH-1007586,Adam Hart,Corporate,Morocco,Africa,North Africa,TEC-AC-5131,Technology,Accessories,"Logitech Numeric Keypad, Erganomic",88.26,2,0,36.18
IN-2015-BM1157527-42325,2015-11-17 00:00:00,BM-1157527,Brendan Murry,Corporate,China,Asia Pacific,Eastern Asia,OFF-AR-3460,Office Supplies,Art,"BIC Pencil Sharpener, Blue",87.03,3,0,15.66
US-2015-JW15220140-42327,2015-11-19 00:00:00,JW-152201406,Jane Waco,Corporate,United States,USCA,Eastern US,OFF-AR-3455,Office Supplies,Art,BIC Liqua Brite Liner,38.864000000000004,7,0.2,7.7728
ES-2015-BC11125139-42328,2015-11-20 00:00:00,BC-11125139,Becky Castell,Home Office,United Kingdom,Europe,Northern Europe,OFF-BI-3255,Office Supplies,Binders,"Avery Binding Machine, Clear",144.9,3,0,17.37
MX-2015-LW1712593-42328,2015-11-20 00:00:00,LW-1712593,Liz Willingham,Consumer,Nicaragua,LATAM,Central America,FUR-FU-4086,Furniture,Furnishings,"Eldon Photo Frame, Erganomic",113.46,3,0,22.68
ES-2015-SW2075545-42320,2015-11-12 00:00:00,SW-2075545,Steven Ward,Corporate,France,Europe,Western Europe,OFF-SU-4992,Office Supplies,Supplies,"Kleencut Shears, Steel",92.34,2,0,24
IN-2015-FC142457-42327,2015-11-19 00:00:00,FC-142457,Frank Carlisle,Home Office,Australia,Asia Pacific,Oceania,OFF-AR-5904,Office Supplies,Art,"Sanford Canvas, Fluorescent",512.6220000000001,11,0.1,119.59199999999994
CA-2015-JM15250140-42332,2015-11-24 00:00:00,JM-152501408,Janet Martin,Consumer,United States,USCA,Southern US,TEC-AC-5215,Technology,Accessories,Memorex Mini Travel Drive 8 GB USB 2.0 Flash Drive,74.11200000000001,8,0.2,17.6016
MX-2015-GM1469531-42322,2015-11-14 00:00:00,GM-1469531,Greg Maxwell,Corporate,Cuba,LATAM,Caribbean,OFF-BI-4828,Office Supplies,Binders,"Ibico Index Tab, Clear",41.580000000000005,7,0,0.7
CA-2015-JM15250140-42332,2015-11-24 00:00:00,JM-152501408,Janet Martin,Consumer,United States,USCA,Southern US,TEC-PH-6091,Technology,Phones,Speck Products Candyshell Flip Case,27.992000000000004,1,0.2,2.0993999999999993
CA-2015-JM15250140-42332,2015-11-24 00:00:00,JM-152501408,Janet Martin,Consumer,United States,USCA,Southern US,OFF-AR-5334,Office Supplies,Art,Newell Chalk Holder,3.3040000000000003,1,0.2,1.0737999999999999
CA-2015-JM15265140-42332,2015-11-24 00:00:00,JM-152651402,Janet Molinari,Corporate,United States,USCA,Central US,OFF-BI-4375,Office Supplies,Binders,GBC VeloBinder Manual Binding System,287.92,8,0,138.2016
IN-2015-MG1787527-42321,2015-11-13 00:00:00,MG-1787527,Michael Grace,Home Office,China,Asia Pacific,Eastern Asia,OFF-FA-3021,Office Supplies,Fasteners,"Advantus Clamps, Bulk Pack",135.03000000000003,7,0,53.96999999999999
MX-2015-AH1021082-42314,2015-11-06 00:00:00,AH-1021082,Alan Hwang,Consumer,Mexico,LATAM,Central America,OFF-ST-4060,Office Supplies,Storage,"Eldon Folders, Blue",67.92,6,0,0
ID-2015-JB1604592-42329,2015-11-21 00:00:00,JB-1604592,Julia Barnett,Home Office,New Zealand,Asia Pacific,Oceania,OFF-EN-5033,Office Supplies,Envelopes,"Kraft Mailers, Recycled",87.48,4,0.4,-39.480000000000004
ES-2015-RA1928545-42323,2015-11-15 00:00:00,RA-1928545,Ralph Arnett,Consumer,France,Europe,Western Europe,FUR-FU-3949,Furniture,Furnishings,"Deflect-O Light Bulb, Erganomic",52.83,3,0,26.370000000000005
CA-2015-JM15265140-42332,2015-11-24 00:00:00,JM-152651402,Janet Molinari,Corporate,United States,USCA,Central US,FUR-FU-3836,Furniture,Furnishings,Coloredge Poster Frame,28.4,2,0,11.076
ES-2015-MH1729048-42332,2015-11-24 00:00:00,MH-1729048,Marc Harrigan,Home Office,Germany,Europe,Western Europe,TEC-PH-5827,Technology,Phones,"Samsung Headset, with Caller ID",146.39999999999998,2,0,7.32
ES-2015-TB2125048-42315,2015-11-07 00:00:00,TB-2125048,Tim Brockman,Consumer,Germany,Europe,Western Europe,OFF-AR-6115,Office Supplies,Art,"Stanley Markers, Easy-Erase",67.41,3,0,0
US-2015-NS1864055-42312,2015-11-04 00:00:00,NS-1864055,Noel Staavos,Corporate,Honduras,LATAM,Central America,OFF-ST-5712,Office Supplies,Storage,"Rogers Trays, Wire Frame",72.9,3,0.4,-29.160000000000004
IN-2015-JP1613592-42313,2015-11-05 00:00:00,JP-1613592,Julie Prescott,Home Office,New Zealand,Asia Pacific,Oceania,OFF-PA-4182,Office Supplies,Paper,"Enermax Parchment Paper, Multicolor",33.599999999999994,2,0,4.0200000000000005
IN-2015-CA1226558-42335,2015-11-27 00:00:00,CA-1226558,Christina Anderson,Consumer,India,Asia Pacific,Southern Asia,OFF-AR-3534,Office Supplies,Art,"Boston Highlighters, Water Color",88.19999999999999,4,0,6.959999999999999
US-2015-AB10150143-42334,2015-11-26 00:00:00,AB-10150143,Aimee Bixby,Consumer,Venezuela,LATAM,South America,OFF-BI-2883,Office Supplies,Binders,"Acco 3-Hole Punch, Economy",60.24000000000001,5,0.4,-32.16000000000001
TU-2015-EB3840134-42326,2015-11-18 00:00:00,EB-3840134,Ellis Ballard,Corporate,Turkey,Asia Pacific,Western Asia,OFF-BI-3726,Office Supplies,Binders,"Cardinal Binding Machine, Economy",39.81600000000001,2,0.6,-31.884000000000015
CA-2015-JG15310140-42333,2015-11-25 00:00:00,JG-153101402,Jason Gross,Corporate,United States,USCA,Central US,OFF-AP-4610,Office Supplies,Appliances,"Holmes Replacement Filter for HEPA Air Cleaner, Very Large Room, HEPA Filter",13.761999999999997,1,0.8,-24.7716
ES-2015-RS19765139-42326,2015-11-18 00:00:00,RS-19765139,Roland Schwarz,Corporate,United Kingdom,Europe,Northern Europe,OFF-EN-4916,Office Supplies,Envelopes,"Jiffy Mailers, Set of 50",111.51,3,0,24.48
ZA-2015-BT1305147-42338,2015-11-30 00:00:00,BT-1305147,Beth Thompson,Home Office,Zimbabwe,Africa,Eastern Africa,OFF-SU-2991,Office Supplies,Supplies,"Acme Scissors, Steel",59.616000000000014,8,0.7,-45.744000000000014
ES-2015-JJ1576048-42319,2015-11-11 00:00:00,JJ-1576048,Joel Jenkins,Home Office,Germany,Europe,Western Europe,FUR-CH-5756,Furniture,Chairs,"SAFCO Chairmat, Adjustable",112.158,2,0.1,14.897999999999998
IN-2015-NS1864027-42321,2015-11-13 00:00:00,NS-1864027,Noel Staavos,Corporate,China,Asia Pacific,Eastern Asia,TEC-AC-4154,Technology,Accessories,"Enermax Flash Drive, USB",125.19,3,0,29.97
ID-2015-RP19270102-42322,2015-11-14 00:00:00,RP-19270102,Rachel Payne,Corporate,Philippines,Asia Pacific,Southeastern Asia,OFF-EN-4911,Office Supplies,Envelopes,"Jiffy Interoffice Envelope, Security-Tint",107.44800000000002,4,0.45,-33.31200000000001
IR-2015-SC1005060-42327,2015-11-19 00:00:00,SC-1005060,Sample Company A,Home Office,Iran,Asia Pacific,Southern Asia,FUR-CH-5750,Furniture,Chairs,"SAFCO Bag Chairs, Adjustable",51.92999999999999,1,0,9.33
TU-2015-SW10755134-42315,2015-11-07 00:00:00,SW-10755134,Steven Ward,Corporate,Turkey,Asia Pacific,Western Asia,OFF-PA-3999,Office Supplies,Paper,"Eaton Message Books, Multicolor",70.368,8,0.6,-24.671999999999997
ES-2015-KT1646545-42326,2015-11-18 00:00:00,KT-1646545,Kean Takahito,Consumer,France,Europe,Western Europe,OFF-BI-2917,Office Supplies,Binders,"Acco Index Tab, Clear",40.199999999999996,5,0,16.8
CM-2015-AH1007522-42330,2015-11-22 00:00:00,AH-1007522,Adam Hart,Corporate,Cameroon,Africa,Central Africa,OFF-BI-6380,Office Supplies,Binders,"Wilson Jones Binder, Economy",78.12,6,0,24.120000000000005
IN-2015-KM166607-42314,2015-11-06 00:00:00,KM-166607,Khloe Miller,Consumer,Australia,Asia Pacific,Oceania,OFF-EN-5038,Office Supplies,Envelopes,"Kraft Manila Envelope, Security-Tint",78.00299999999999,3,0.1,0.7830000000000013
IN-2015-BB115457-42326,2015-11-18 00:00:00,BB-115457,Brenda Bowman,Corporate,Australia,Asia Pacific,Oceania,OFF-LA-5392,Office Supplies,Labels,"Novimex Removable Labels, Adjustable",41.958,6,0.1,5.058000000000001
IN-2015-CM1223558-42325,2015-11-17 00:00:00,CM-1223558,Chris McAfee,Consumer,India,Asia Pacific,Southern Asia,OFF-AP-3879,Office Supplies,Appliances,"Cuisinart Toaster, White",154.8,3,0,17.009999999999998
CA-2015-JK15370140-42325,2015-11-17 00:00:00,JK-153701404,Jay Kimmel,Consumer,United States,USCA,Western US,OFF-ST-4093,Office Supplies,Storage,Eldon Shelf Savers Cubes and Bins,48.86,7,0,0.9771999999999981
TU-2015-AB105134-42326,2015-11-18 00:00:00,AB-105134,Adrian Barton,Consumer,Turkey,Asia Pacific,Western Asia,TEC-MA-4198,Technology,Machines,"Epson Inkjet, White",122.14800000000001,1,0.6,-97.72200000000001
CA-2015-JB15400140-42318,2015-11-10 00:00:00,JB-154001404,Jennifer Braxton,Corporate,United States,USCA,Western US,FUR-CH-4418,Furniture,Chairs,"Global Leather Task Chair, Black",215.976,3,0.2,-2.6997000000000355
UP-2015-DB2970137-42312,2015-11-04 00:00:00,DB-2970137,Darren Budd,Corporate,Ukraine,Europe,Eastern Europe,OFF-EN-4440,Office Supplies,Envelopes,"GlobeWeis Interoffice Envelope, Security-Tint",100.44,2,0,42.18
IN-2015-JL1523527-42322,2015-11-14 00:00:00,JL-1523527,Janet Lee,Consumer,China,Asia Pacific,Eastern Asia,OFF-SU-4980,Office Supplies,Supplies,"Kleencut Letter Opener, Steel",71.28,3,0,35.64
IN-2015-TS2143059-42321,2015-11-13 00:00:00,TS-2143059,Tom Stivers,Corporate,Indonesia,Asia Pacific,Southeastern Asia,OFF-ST-4252,Office Supplies,Storage,"Fellowes Box, Single Width",98.1558,6,0.17,-10.744200000000003
TZ-2015-AG330129-42326,2015-11-18 00:00:00,AG-330129,Alex Grayson,Consumer,Tanzania,Africa,Eastern Africa,OFF-ST-4282,Office Supplies,Storage,"Fellowes Shelving, Blue",52.05599999999999,1,0.1,15.606000000000002
CA-2015-JH15430140-42329,2015-11-21 00:00:00,JH-154301408,Jennifer Halladay,Consumer,United States,USCA,Southern US,OFF-AR-5315,Office Supplies,Art,Newell 336,23.968000000000004,7,0.2,2.696399999999997
US-2015-JH15430140-42328,2015-11-20 00:00:00,JH-154301406,Jennifer Halladay,Consumer,United States,USCA,Eastern US,OFF-BI-5093,Office Supplies,Binders,Lock-Up Easel 'Spel-Binder',59.91300000000001,7,0.7,-45.93329999999999
IN-2015-PJ1901559-42325,2015-11-17 00:00:00,PJ-1901559,Pauline Johnson,Consumer,Indonesia,Asia Pacific,Southeastern Asia,OFF-BI-6383,Office Supplies,Binders,"Wilson Jones Binding Machine, Durable",125.6454,3,0.17,42.30539999999999
MX-2015-MM1792036-42337,2015-11-29 00:00:00,MM-1792036,Michael Moore,Consumer,Dominican Republic,LATAM,Caribbean,OFF-PA-3987,Office Supplies,Paper,"Eaton Cards & Envelopes, Multicolor",124.24000000000001,5,0.2,13.939999999999998
IN-2015-DB1327059-42336,2015-11-28 00:00:00,DB-1327059,Deborah Brumfield,Home Office,Indonesia,Asia Pacific,Southeastern Asia,OFF-SU-6171,Office Supplies,Supplies,"Stiletto Ruler, Steel",52.97880000000001,7,0.47000000000000003,-19.0512
CA-2015-JH15430140-42329,2015-11-21 00:00:00,JH-154301408,Jennifer Halladay,Consumer,United States,USCA,Southern US,OFF-FA-6129,Office Supplies,Fasteners,Staples,28.728,3,0.2,1.7954999999999988
MX-2015-LR1703593-42324,2015-11-16 00:00:00,LR-1703593,Lisa Ryan,Corporate,Nicaragua,LATAM,Central America,OFF-AR-6111,Office Supplies,Art,"Stanley Highlighters, Easy-Erase",49.900000000000006,5,0,3.4
IZ-2015-CS186061-42319,2015-11-11 00:00:00,CS-186061,Cari Schnelling,Consumer,Iraq,Asia Pacific,Western Asia,OFF-ST-4061,Office Supplies,Storage,"Eldon Folders, Industrial",34.92,2,0,1.02
RO-2015-BN1470107-42318,2015-11-10 00:00:00,BN-1470107,Brad Norvell,Corporate,Romania,Europe,Eastern Europe,TEC-PH-3792,Technology,Phones,"Cisco Headset, VoIP",177.06,2,0,7.08
CA-2015-JP15460140-42332,2015-11-24 00:00:00,JP-154601402,Jennifer Patt,Corporate,United States,USCA,Central US,FUR-TA-5061,Furniture,Tables,"Lesro Round Back Collection Coffee Table, End Table",127.785,1,0.3,-31.03349999999999
CA-2015-JP15460140-42332,2015-11-24 00:00:00,JP-154601402,Jennifer Patt,Corporate,United States,USCA,Central US,OFF-PA-6497,Office Supplies,Paper,Xerox 1942,78.304,2,0.2,29.363999999999997
CA-2015-JP15460140-42332,2015-11-24 00:00:00,JP-154601402,Jennifer Patt,Corporate,United States,USCA,Central US,OFF-PA-6583,Office Supplies,Paper,Xerox 22,36.28800000000001,7,0.2,12.700800000000001
IS-2015-BB154563-42320,2015-11-12 00:00:00,BB-154563,Brenda Bowman,Corporate,Israel,Asia Pacific,Western Asia,TEC-MA-6143,Technology,Machines,"StarTech Phone, Durable",74.64,1,0,5.97
AO-2015-DV34654-42326,2015-11-18 00:00:00,DV-34654,Dianna Vittorini,Consumer,Angola,Africa,Central Africa,TEC-MA-5000,Technology,Machines,"Konica Calculator, White",50.04,1,0,14.49
ID-2015-EN137807-42312,2015-11-04 00:00:00,EN-137807,Edward Nazzal,Consumer,Australia,Asia Pacific,Oceania,OFF-SU-6177,Office Supplies,Supplies,"Stiletto Shears, High Speed",57.708,2,0.4,-1.9320000000000093
CA-2015-JP15460140-42332,2015-11-24 00:00:00,JP-154601402,Jennifer Patt,Corporate,United States,USCA,Central US,OFF-BI-3085,Office Supplies,Binders,Aluminum Screw Posts,6.103999999999998,2,0.8,-9.156
ID-2015-AR10405102-42314,2015-11-06 00:00:00,AR-10405102,Allen Rosenblatt,Corporate,Philippines,Asia Pacific,Southeastern Asia,OFF-EN-3673,Office Supplies,Envelopes,"Cameo Peel and Seal, Recycled",76.22999999999999,7,0.45,-45.77999999999999
MX-2015-PP1895536-42314,2015-11-06 00:00:00,PP-1895536,Paul Prost,Home Office,Dominican Republic,LATAM,Caribbean,OFF-SU-4992,Office Supplies,Supplies,"Kleencut Shears, Steel",73.872,3,0.2,22.152000000000005
AG-2015-DR29403-42326,2015-11-18 00:00:00,DR-29403,Daniel Raglin,Home Office,Algeria,Africa,North Africa,OFF-AR-6105,Office Supplies,Art,"Stanley Canvas, Blue",98.94,2,0,15.78
IN-2015-KH163607-42319,2015-11-11 00:00:00,KH-163607,Katherine Hughes,Consumer,Australia,Asia Pacific,Oceania,FUR-FU-4076,Furniture,Furnishings,"Eldon Light Bulb, Durable",60.020999999999994,3,0.1,23.301
ES-2015-MP1796548-42315,2015-11-07 00:00:00,MP-1796548,Michael Paige,Corporate,Germany,Europe,Western Europe,OFF-AR-5902,Office Supplies,Art,"Sanford Canvas, Blue",90.93599999999999,2,0.1,19.176000000000002
MX-2015-EB1411051-42334,2015-11-26 00:00:00,EB-1411051,Eugene Barchas,Consumer,Guatemala,LATAM,Central America,OFF-PA-4149,Office Supplies,Paper,"Enermax Computer Printout Paper, Premium",94.9,5,0,40.8
CA-2015-JL15505140-42320,2015-11-12 00:00:00,JL-155051402,Jeremy Lonsdale,Consumer,United States,USCA,Central US,OFF-SU-3000,Office Supplies,Supplies,Acme Titanium Bonded Scissors,25.5,3,0,6.63
ES-2015-PJ19015139-42327,2015-11-19 00:00:00,PJ-19015139,Pauline Johnson,Consumer,United Kingdom,Europe,Northern Europe,OFF-PA-5853,Office Supplies,Paper,"SanDisk Computer Printout Paper, Premium",59.58,2,0,13.080000000000002
ID-2015-ST205307-42336,2015-11-28 00:00:00,ST-205307,Shui Tom,Consumer,Australia,Asia Pacific,Oceania,OFF-BI-2894,Office Supplies,Binders,"Acco Binder Covers, Recycled",49.248,4,0.1,11.927999999999997
ES-2015-MP1796548-42315,2015-11-07 00:00:00,MP-1796548,Michael Paige,Corporate,Germany,Europe,Western Europe,OFF-BI-6370,Office Supplies,Binders,"Wilson Jones 3-Hole Punch, Durable",53.08200000000001,2,0.1,6.461999999999999
ES-2015-GG1465045-42336,2015-11-28 00:00:00,GG-1465045,Greg Guthrie,Corporate,France,Europe,Western Europe,OFF-AR-6112,Office Supplies,Art,"Stanley Highlighters, Fluorescent",47.879999999999995,3,0,17.64
ES-2015-PK1907534-42333,2015-11-25 00:00:00,PK-1907534,Pete Kriz,Consumer,Denmark,Europe,Northern Europe,TEC-MA-5495,Technology,Machines,"Okidata Calculator, White",50.699999999999996,2,0.5,-48.72
MX-2015-DB1355518-42333,2015-11-25 00:00:00,DB-1355518,Dorothy Badders,Corporate,Brazil,LATAM,South America,FUR-CH-4704,Furniture,Chairs,"Hon Swivel Stool, Set of Two",221.20000000000005,2,0,59.720000000000006
MX-2015-AJ1096051-42318,2015-11-10 00:00:00,AJ-1096051,Astrea Jones,Consumer,Guatemala,LATAM,Central America,OFF-FA-6185,Office Supplies,Fasteners,"Stockwell Clamps, Assorted Sizes",44.480000000000004,4,0,16.4
ID-2015-EM13960144-42332,2015-11-24 00:00:00,EM-13960144,Eric Murdock,Consumer,Laos,Asia Pacific,Southeastern Asia,OFF-BI-4816,Office Supplies,Binders,"Ibico Binding Machine, Durable",131.7708,3,0.17,38.0808
MX-2015-LH1702082-42328,2015-11-20 00:00:00,LH-1702082,Lisa Hazard,Consumer,Mexico,LATAM,Central America,FUR-FU-3951,Furniture,Furnishings,"Deflect-O Photo Frame, Duo Pack",62.352,3,0.4,1.0319999999999994
MO-2015-SD1048586-42329,2015-11-21 00:00:00,SD-1048586,Shirley Daniels,Home Office,Morocco,Africa,North Africa,OFF-EN-4439,Office Supplies,Envelopes,"GlobeWeis Interoffice Envelope, Recycled",93.24,2,0,27
EG-2015-DN369038-42311,2015-11-03 00:00:00,DN-369038,Duane Noonan,Consumer,Egypt,Africa,North Africa,TEC-CO-4779,Technology,Copiers,"HP Ink, High-Speed",126.89999999999999,1,0,7.59
ES-2015-JD16015139-42313,2015-11-05 00:00:00,JD-16015139,Joy Daniels,Consumer,United Kingdom,Europe,Northern Europe,OFF-AR-6121,Office Supplies,Art,"Stanley Pens, Blue",50.25,5,0,24.6
TZ-2015-LW6825129-42313,2015-11-05 00:00:00,LW-6825129,Laurel Workman,Corporate,Tanzania,Africa,Eastern Africa,OFF-SU-4121,Office Supplies,Supplies,"Elite Letter Opener, High Speed",26.699999999999996,1,0,11.19
IN-2015-Co1264058-42326,2015-11-18 00:00:00,Co-1264058,Corey-Lock,Consumer,India,Asia Pacific,Southern Asia,OFF-SU-6173,Office Supplies,Supplies,"Stiletto Scissors, High Speed",70.83,3,0,1.3499999999999999
CA-2015-JF15565140-42315,2015-11-07 00:00:00,JF-155651408,Jill Fjeld,Consumer,United States,USCA,Southern US,OFF-AP-2855,Office Supplies,Appliances,"1.7 Cubic Foot Compact ""Cube"" Office Refrigerators",499.58400000000006,3,0.2,43.713600000000014
CA-2015-JF15565140-42315,2015-11-07 00:00:00,JF-155651408,Jill Fjeld,Consumer,United States,USCA,Southern US,OFF-ST-3745,Office Supplies,Storage,Carina Double Wide Media Storage Towers in Natural & Black,259.136,4,0.2,-51.82720000000002
US-2015-AH1019582-42318,2015-11-10 00:00:00,AH-1019582,Alan Haines,Corporate,Mexico,LATAM,Central America,TEC-AC-3385,Technology,Accessories,"Belkin Keyboard, Erganomic",108.92,2,0,50.08
TZ-2015-LW6825129-42313,2015-11-05 00:00:00,LW-6825129,Laurel Workman,Corporate,Tanzania,Africa,Eastern Africa,OFF-ST-6038,Office Supplies,Storage,"Smead Folders, Blue",31.482000000000003,2,0.1,0.641999999999999
CA-2015-JF15565140-42315,2015-11-07 00:00:00,JF-155651408,Jill Fjeld,Consumer,United States,USCA,Southern US,OFF-PA-6584,Office Supplies,Paper,Xerox 220,31.104000000000006,6,0.2,10.8864
MX-2015-JH1591082-42327,2015-11-19 00:00:00,JH-1591082,Jonathan Howell,Consumer,Mexico,LATAM,Central America,OFF-LA-3273,Office Supplies,Labels,"Avery File Folder Labels, Alphabetical",41.72,7,0,14.559999999999999
CA-2015-JF15565140-42315,2015-11-07 00:00:00,JF-155651408,Jill Fjeld,Consumer,United States,USCA,Southern US,OFF-BI-3266,Office Supplies,Binders,Avery Durable Poly Binders,13.272000000000002,8,0.7,-10.6176
CA-2015-JF15565140-42315,2015-11-07 00:00:00,JF-155651408,Jill Fjeld,Consumer,United States,USCA,Southern US,FUR-FU-4226,Furniture,Furnishings,"Executive Impressions 12"" Wall Clock",28.272000000000006,2,0.2,6.3612
US-2015-DC12850101-42328,2015-11-20 00:00:00,DC-12850101,Dan Campbell,Consumer,Peru,LATAM,South America,OFF-AR-5911,Office Supplies,Art,"Sanford Highlighters, Easy-Erase",19.224,3,0.4,-7.4159999999999995
ES-2015-NC1862564-42314,2015-11-06 00:00:00,NC-1862564,Noah Childs,Corporate,Italy,Europe,Southern Europe,TEC-PH-3787,Technology,Phones,"Cisco Audio Dock, with Caller ID",109.24199999999999,1,0.4,-32.778000000000006
MX-2015-PM1894093-42328,2015-11-20 00:00:00,PM-1894093,Paul MacIntyre,Consumer,Nicaragua,LATAM,Central America,FUR-FU-5723,Furniture,Furnishings,"Rubbermaid Door Stop, Black",87.60000000000002,3,0,30.660000000000004
ES-2015-BP1115545-42320,2015-11-12 00:00:00,BP-1115545,Becky Pak,Consumer,France,Europe,Western Europe,FUR-CH-5397,Furniture,Chairs,"Novimex Rocking Chair, Set of Two",120.31199999999998,1,0.1,1.3320000000000025
US-2015-DK128355-42312,2015-11-04 00:00:00,DK-128355,Damala Kotsonis,Corporate,Argentina,LATAM,South America,FUR-CH-5407,Furniture,Chairs,"Novimex Steel Folding Chair, Black",127.67999999999998,4,0.4,10.64000000000002
MX-2015-CR1258051-42333,2015-11-25 00:00:00,CR-1258051,Clay Rozendal,Home Office,Guatemala,LATAM,Central America,TEC-MA-5570,Technology,Machines,"Panasonic Phone, Wireless",113.12,2,0,7.88
IT-2015-JH1591091-42321,2015-11-13 00:00:00,JH-1591091,Jonathan Howell,Consumer,Netherlands,Europe,Western Europe,OFF-BI-6370,Office Supplies,Binders,"Wilson Jones 3-Hole Punch, Durable",44.235,3,0.5,-25.695
IR-2015-MK816060-42329,2015-11-21 00:00:00,MK-816060,Mike Kennedy,Consumer,Iran,Asia Pacific,Southern Asia,OFF-BI-4803,Office Supplies,Binders,"Ibico 3-Hole Punch, Clear",29.910000000000004,1,0,11.94
IN-2015-KN164507-42332,2015-11-24 00:00:00,KN-164507,Kean Nguyen,Corporate,Australia,Asia Pacific,Oceania,TEC-AC-4174,Technology,Accessories,"Enermax Mouse, USB",109.35,3,0.1,17.010000000000005
CA-2015-JE15610140-42318,2015-11-10 00:00:00,JE-156101404,Jim Epp,Corporate,United States,USCA,Western US,FUR-CH-5090,Furniture,Chairs,"Lifetime Advantage Folding Chairs, 4/Carton",523.392,3,0.2,52.33919999999998
EG-2015-CR258038-42335,2015-11-27 00:00:00,CR-258038,Clay Rozendal,Home Office,Egypt,Africa,North Africa,OFF-SU-2984,Office Supplies,Supplies,"Acme Ruler, Easy Grip",73.32000000000001,4,0,13.919999999999998
US-2015-JE15610140-42321,2015-11-13 00:00:00,JE-156101404,Jim Epp,Corporate,United States,USCA,Western US,OFF-BI-2880,Office Supplies,Binders,Acco 3-Hole Punch,14.016,4,0.2,4.9056
RW-2015-JR6210109-42332,2015-11-24 00:00:00,JR-6210109,Justin Ritter,Corporate,Rwanda,Africa,Eastern Africa,TEC-PH-5815,Technology,Phones,"Samsung Audio Dock, with Caller ID",166.82999999999998,1,0,4.9799999999999995
US-2015-MO17500101-42333,2015-11-25 00:00:00,MO-17500101,Mary O'Rourke,Consumer,Peru,LATAM,South America,OFF-PA-6620,Office Supplies,Paper,"Xerox Note Cards, Recycled",31.535999999999994,3,0.4,-8.424000000000001
ZA-2015-BT1395147-42336,2015-11-28 00:00:00,BT-1395147,Bill Tyler,Corporate,Zimbabwe,Africa,Eastern Africa,OFF-EN-4452,Office Supplies,Envelopes,"GlobeWeis Peel and Seal, Security-Tint",42.822,6,0.7,-82.818
IN-2015-TS2143059-42321,2015-11-13 00:00:00,TS-2143059,Tom Stivers,Corporate,Indonesia,Asia Pacific,Southeastern Asia,TEC-AC-5217,Technology,Accessories,"Memorex Mouse, Erganomic",82.6164,6,0.47000000000000003,-51.48360000000001
MX-2015-BT1153082-42311,2015-11-03 00:00:00,BT-1153082,Bradley Talbott,Home Office,Mexico,LATAM,Central America,OFF-PA-4472,Office Supplies,Paper,"Green Bar Memo Slips, Premium",67.8,6,0,27.720000000000006
UG-2015-CM2655136-42319,2015-11-11 00:00:00,CM-2655136,Corinna Mitchell,Home Office,Uganda,Africa,Eastern Africa,FUR-BO-5973,Furniture,Bookcases,"Sauder Stackable Bookrack, Traditional",87.76800000000001,2,0.7,-160.93200000000002
US-2015-BC1112555-42336,2015-11-28 00:00:00,BC-1112555,Becky Castell,Home Office,Honduras,LATAM,Central America,FUR-CH-4684,Furniture,Chairs,"Hon Rocking Chair, Set of Two",265.73999999999995,5,0.4,-97.46
AG-2015-CR28203-42314,2015-11-06 00:00:00,CR-28203,Cyra Reiten,Home Office,Algeria,Africa,North Africa,OFF-EN-5024,Office Supplies,Envelopes,"Kraft Business Envelopes, Set of 50",39.96,2,0,19.14
IN-2015-BP111557-42337,2015-11-29 00:00:00,BP-111557,Becky Pak,Consumer,Australia,Asia Pacific,Oceania,OFF-LA-5393,Office Supplies,Labels,"Novimex Removable Labels, Laser Printer Compatible",43.605000000000004,5,0.1,19.305
CA-2015-JS15685140-42327,2015-11-19 00:00:00,JS-156851408,Jim Sink,Corporate,United States,USCA,Southern US,OFF-AP-2889,Office Supplies,Appliances,"Acco 7-Outlet Masterpiece Power Center, Wihtout Fax/Phone Line Protection",389.05600000000004,4,0.2,48.63199999999995
CA-2015-JS15685140-42327,2015-11-19 00:00:00,JS-156851408,Jim Sink,Corporate,United States,USCA,Southern US,OFF-ST-6288,Office Supplies,Storage,Tennsco Commercial Shelving,81.36000000000001,5,0.2,-19.32300000000001
CA-2015-JS15685140-42327,2015-11-19 00:00:00,JS-156851408,Jim Sink,Corporate,United States,USCA,Southern US,OFF-BI-4832,Office Supplies,Binders,Ibico Plastic and Wire Spiral Binding Combs,20.232000000000003,8,0.7,-16.1856
CA-2015-JS15685140-42327,2015-11-19 00:00:00,JS-156851408,Jim Sink,Corporate,United States,USCA,Southern US,OFF-PA-6585,Office Supplies,Paper,Xerox 221,20.736000000000004,4,0.2,7.2576
IN-2015-CD1192021-42312,2015-11-04 00:00:00,CD-1192021,Carlos Daly,Consumer,Cambodia,Asia Pacific,Southeastern Asia,TEC-AC-3396,Technology,Accessories,"Belkin Numeric Keypad, Bluetooth",115.5,2,0,49.62
CA-2015-JS15685140-42327,2015-11-19 00:00:00,JS-156851408,Jim Sink,Corporate,United States,USCA,Southern US,OFF-PA-6574,Office Supplies,Paper,Xerox 211,41.47200000000001,8,0.2,14.5152
IN-2015-RB1946558-42326,2015-11-18 00:00:00,RB-1946558,Rick Bensley,Home Office,India,Asia Pacific,Southern Asia,OFF-PA-4170,Office Supplies,Paper,"Enermax Message Books, Recycled",44.82,2,0,2.64
CA-2015-JE15715140-42323,2015-11-15 00:00:00,JE-157151404,Joe Elijah,Consumer,United States,USCA,Western US,OFF-AR-5327,Office Supplies,Art,Newell 347,34.24,8,0,9.929599999999997
KE-2015-ND837069-42336,2015-11-28 00:00:00,ND-837069,Natalie DeCherney,Consumer,Kenya,Africa,Eastern Africa,OFF-AR-3482,Office Supplies,Art,"Binney & Smith Highlighters, Easy-Erase",101.16,6,0,36.36
MX-2015-MM1828036-42320,2015-11-12 00:00:00,MM-1828036,Muhammed MacIntyre,Corporate,Dominican Republic,LATAM,Caribbean,OFF-FA-3061,Office Supplies,Fasteners,"Advantus Rubber Bands, Assorted Sizes",14.975999999999996,2,0.2,3.5360000000000005
US-2015-SC2069598-42314,2015-11-06 00:00:00,SC-2069598,Steve Chapman,Corporate,Panama,LATAM,Central America,TEC-AC-5194,Technology,Accessories,"Memorex Flash Drive, Erganomic",87.072,8,0.4,-7.328000000000003
ID-2015-OT1873092-42313,2015-11-05 00:00:00,OT-1873092,Olvera Toch,Consumer,New Zealand,Asia Pacific,Oceania,OFF-AR-3545,Office Supplies,Art,"Boston Pencil Sharpener, Water Color",70.128,4,0.4,-8.232000000000006
IT-2015-NG1835548-42309,2015-11-01 00:00:00,NG-1835548,Nat Gilpin,Corporate,Germany,Europe,Western Europe,OFF-BI-2899,Office Supplies,Binders,"Acco Binding Machine, Clear",90.99000000000001,2,0.1,0.9900000000000002
MX-2015-CB1241598-42333,2015-11-25 00:00:00,CB-1241598,Christy Brittain,Consumer,Panama,LATAM,Central America,TEC-AC-5126,Technology,Accessories,"Logitech Mouse, Bluetooth",58.56000000000002,5,0.4,-25.44000000000002
MX-2015-DL1349593-42314,2015-11-06 00:00:00,DL-1349593,Dionis Lloyd,Corporate,Nicaragua,LATAM,Central America,TEC-PH-5832,Technology,Phones,"Samsung Office Telephone, with Caller ID",86.96,2,0,32.160000000000004
IN-2015-MP18175144-42328,2015-11-20 00:00:00,MP-18175144,Mike Pelletier,Home Office,Vietnam,Asia Pacific,Southeastern Asia,FUR-FU-5737,Furniture,Furnishings,"Rubbermaid Photo Frame, Durable",35.609399999999994,1,0.27,9.7494
US-2015-AH1019582-42318,2015-11-10 00:00:00,AH-1019582,Alan Haines,Corporate,Mexico,LATAM,Central America,TEC-PH-3796,Technology,Phones,"Cisco Office Telephone, Cordless",111.08,2,0,44.4
RS-2015-EG3900108-42318,2015-11-10 00:00:00,EG-3900108,Emily Grady,Consumer,Russia,Europe,Eastern Europe,OFF-AR-5932,Office Supplies,Art,"Sanford Sketch Pad, Fluorescent",93.48,2,0,43.92
ID-2015-CC12430102-42322,2015-11-14 00:00:00,CC-12430102,Chuck Clark,Home Office,Philippines,Asia Pacific,Southeastern Asia,OFF-EN-3109,Office Supplies,Envelopes,"Ames Peel and Seal, Security-Tint",81.1965,7,0.45,-38.50350000000001
US-2015-JE15745140-42318,2015-11-10 00:00:00,JE-157451404,Joel Eaton,Consumer,United States,USCA,Western US,FUR-FU-4109,Furniture,Furnishings,Eldon Wave Desk Accessories,47.12,8,0,20.7328
IN-2015-MO1780027-42311,2015-11-03 00:00:00,MO-1780027,Meg O'Connel,Home Office,China,Asia Pacific,Eastern Asia,OFF-PA-4176,Office Supplies,Paper,"Enermax Note Cards, Multicolor",97.92,3,0,5.8500000000000005
UP-2015-SR10425137-42322,2015-11-14 00:00:00,SR-10425137,Sharelle Roach,Home Office,Ukraine,Europe,Eastern Europe,FUR-FU-5735,Furniture,Furnishings,"Rubbermaid Photo Frame, Black",51.75,1,0,1.02
ID-2015-SP2054558-42313,2015-11-05 00:00:00,SP-2054558,Sibella Parks,Corporate,India,Asia Pacific,Southern Asia,FUR-FU-4101,Furniture,Furnishings,"Eldon Stacking Tray, Black",94.5,3,0,40.589999999999996
MX-2015-TT2126539-42318,2015-11-10 00:00:00,TT-2126539,Tim Taslimi,Corporate,El Salvador,LATAM,Central America,OFF-BI-4807,Office Supplies,Binders,"Ibico Binder Covers, Clear",43.7,5,0,12.2
ES-2015-LB16795139-42330,2015-11-22 00:00:00,LB-16795139,Laurel Beltran,Home Office,United Kingdom,Europe,Northern Europe,OFF-ST-4294,Office Supplies,Storage,"Fellowes Trays, Industrial",86.80499999999999,3,0.5,-45.224999999999994
MX-2015-TS2143028-42322,2015-11-14 00:00:00,TS-2143028,Tom Stivers,Corporate,Colombia,LATAM,South America,OFF-BI-3713,Office Supplies,Binders,"Cardinal 3-Hole Punch, Durable",40.4,2,0,9.28
ID-2015-GM1445592-42334,2015-11-26 00:00:00,GM-1445592,Gary Mitchum,Home Office,New Zealand,Asia Pacific,Oceania,OFF-AP-4493,Office Supplies,Appliances,"Hamilton Beach Coffee Grinder, Black",67.344,4,0.6,-25.295999999999992
IT-2015-IM1507091-42329,2015-11-21 00:00:00,IM-1507091,Irene Maddox,Consumer,Netherlands,Europe,Western Europe,TEC-MA-6132,Technology,Machines,"StarTech Calculator, Durable",80.16,4,0.5,-56.16
MX-2015-SP2065018-42313,2015-11-05 00:00:00,SP-2065018,Stephanie Phelps,Corporate,Brazil,LATAM,South America,OFF-FA-6206,Office Supplies,Fasteners,"Stockwell Thumb Tacks, Assorted Sizes",21.96,3,0,2.5799999999999996
MX-2015-JE1547555-42333,2015-11-25 00:00:00,JE-1547555,Jeremy Ellison,Consumer,Honduras,LATAM,Central America,TEC-AC-4158,Technology,Accessories,"Enermax Keyboard, USB",100.40399999999998,3,0.4,9.983999999999991
US-2015-GZ1447098-42327,2015-11-19 00:00:00,GZ-1447098,Gary Zandusky,Consumer,Panama,LATAM,Central America,OFF-AR-6120,Office Supplies,Art,"Stanley Pencil Sharpener, Water Color",78.288,7,0.4,-27.412000000000013
IN-2015-TS2108559-42320,2015-11-12 00:00:00,TS-2108559,Thais Sissman,Consumer,Indonesia,Asia Pacific,Southeastern Asia,FUR-CH-5433,Furniture,Chairs,"Office Star Bag Chairs, Adjustable",84.57779999999998,2,0.27,4.597800000000003
MX-2015-AC1042082-42327,2015-11-19 00:00:00,AC-1042082,Alyssa Crouse,Corporate,Mexico,LATAM,Central America,TEC-MA-6133,Technology,Machines,"StarTech Calculator, Red",74.22,3,0,10.38
IN-2015-TD209957-42324,2015-11-16 00:00:00,TD-209957,Tamara Dahlen,Consumer,Australia,Asia Pacific,Oceania,OFF-LA-4534,Office Supplies,Labels,"Harbour Creations File Folder Labels, Adjustable",29.834999999999997,5,0.1,-0.46499999999999986
CA-2015-JL15835140-42333,2015-11-25 00:00:00,JL-158351404,John Lee,Consumer,United States,USCA,Western US,TEC-AC-5211,Technology,Accessories,Memorex Mini Travel Drive 16 GB USB 2.0 Flash Drive,223.58,14,0,87.1962
IN-2015-CM124457-42315,2015-11-07 00:00:00,CM-124457,Chuck Magee,Consumer,Australia,Asia Pacific,Oceania,OFF-BI-3714,Office Supplies,Binders,"Cardinal 3-Hole Punch, Economy",57.599999999999994,2,0,8.64
IN-2015-PO1885058-42335,2015-11-27 00:00:00,PO-1885058,Patrick O'Brill,Consumer,India,Asia Pacific,Southern Asia,OFF-ST-6041,Office Supplies,Storage,"Smead Folders, Wire Frame",49.67999999999999,3,0,6.93
IN-2015-RE1940527-42336,2015-11-28 00:00:00,RE-1940527,Ricardo Emerson,Consumer,China,Asia Pacific,Eastern Asia,OFF-AR-6120,Office Supplies,Art,"Stanley Pencil Sharpener, Water Color",75.14999999999999,3,0,25.47
MX-2015-TG2131082-42328,2015-11-20 00:00:00,TG-2131082,Toby Gnade,Consumer,Mexico,LATAM,Central America,OFF-EN-5022,Office Supplies,Envelopes,"Kraft Business Envelopes, Recycled",40.64,4,0,17.84
ES-2015-PC1900048-42337,2015-11-29 00:00:00,PC-1900048,Pauline Chand,Home Office,Germany,Europe,Western Europe,OFF-AR-3490,Office Supplies,Art,"Binney & Smith Markers, Fluorescent",126.74999999999999,5,0,34.2
MX-2015-TB2117582-42320,2015-11-12 00:00:00,TB-2117582,Thomas Boland,Corporate,Mexico,LATAM,Central America,TEC-AC-5221,Technology,Accessories,"Memorex Numeric Keypad, Erganomic",155.7,5,0,62.2
IT-2015-GH1442591-42327,2015-11-19 00:00:00,GH-1442591,Gary Hwang,Consumer,Netherlands,Europe,Western Europe,TEC-CO-4765,Technology,Copiers,"HP Copy Machine, Color",245.13,2,0.5,-78.44999999999999
ES-2015-NB18655120-42331,2015-11-23 00:00:00,NB-18655120,Nona Balk,Corporate,Spain,Europe,Southern Europe,OFF-AP-4510,Office Supplies,Appliances,"Hamilton Beach Toaster, Red",115.02000000000001,2,0,4.5600000000000005
IT-2015-TB2105545-42334,2015-11-26 00:00:00,TB-2105545,Ted Butterfield,Consumer,France,Europe,Western Europe,OFF-AR-5920,Office Supplies,Art,"Sanford Markers, Water Color",211.43999999999997,8,0,18.96
CG-2015-DK315033-42312,2015-11-04 00:00:00,DK-315033,David Kendrick,Corporate,Democratic Republic of the Congo,Africa,Central Africa,OFF-SU-4327,Office Supplies,Supplies,"Fiskars Trimmer, Serrated",78.00000000000001,2,0,9.36
IN-2015-BT1153027-42312,2015-11-04 00:00:00,BT-1153027,Bradley Talbott,Home Office,China,Asia Pacific,Eastern Asia,FUR-CH-4629,Furniture,Chairs,"Hon Bag Chairs, Set of Two",94.8,2,0,22.740000000000002
ID-2015-ML1741059-42336,2015-11-28 00:00:00,ML-1741059,Maris LaWare,Consumer,Indonesia,Asia Pacific,Southeastern Asia,TEC-PH-5812,Technology,Phones,"Samsung Audio Dock, Cordless",422.5032,3,0.17,132.34320000000002
ID-2015-DJ13420130-42319,2015-11-11 00:00:00,DJ-13420130,Denny Joy,Corporate,Thailand,Asia Pacific,Southeastern Asia,OFF-BI-3186,Office Supplies,Binders,"Avery 3-Hole Punch, Clear",45.36780000000001,2,0.17,-3.292200000000003
MX-2015-BB1154582-42329,2015-11-21 00:00:00,BB-1154582,Brenda Bowman,Corporate,Mexico,LATAM,Central America,OFF-FA-2951,Office Supplies,Fasteners,"Accos Rubber Bands, 12 Pack",53.7,5,0,14.4
MX-2015-VD2167082-42312,2015-11-04 00:00:00,VD-2167082,Valerie Dominguez,Consumer,Mexico,LATAM,Central America,OFF-ST-6026,Office Supplies,Storage,"Smead Box, Wire Frame",32.8,5,0,10.1
MX-2015-MY1829582-42321,2015-11-13 00:00:00,MY-1829582,Muhammed Yedwab,Corporate,Mexico,LATAM,Central America,FUR-FU-5728,Furniture,Furnishings,"Rubbermaid Frame, Duo Pack",131.94,3,0.4,-79.20000000000002
IN-2015-MP18175144-42328,2015-11-20 00:00:00,MP-18175144,Mike Pelletier,Home Office,Vietnam,Asia Pacific,Southeastern Asia,OFF-BI-4812,Office Supplies,Binders,"Ibico Binder, Durable",70.46699999999998,5,0.17,3.2670000000000012
ES-2015-LS1697548-42316,2015-11-08 00:00:00,LS-1697548,Lindsay Shagiari,Home Office,Luxembourg,Europe,Western Europe,TEC-PH-5830,Technology,Phones,"Samsung Office Telephone, Full Size",66.50999999999999,1,0,19.259999999999998
IT-2015-CG1252045-42319,2015-11-11 00:00:00,CG-1252045,Claire Gute,Consumer,France,Europe,Western Europe,OFF-FA-5477,Office Supplies,Fasteners,"OIC Rubber Bands, Bulk Pack",34.14,4,0.5,-6.18
MX-2015-PB1915028-42309,2015-11-01 00:00:00,PB-1915028,Philip Brown,Consumer,Colombia,LATAM,South America,TEC-AC-5205,Technology,Accessories,"Memorex Memory Card, Programmable",69.17999999999998,1,0,21.44
US-2015-JH15910140-42328,2015-11-20 00:00:00,JH-159101402,Jonathan Howell,Consumer,United States,USCA,Central US,FUR-TA-3557,Furniture,Tables,BPI Conference Tables,219.07500000000002,3,0.5,-131.44500000000005
IT-2015-IM1507091-42329,2015-11-21 00:00:00,IM-1507091,Irene Maddox,Consumer,Netherlands,Europe,Western Europe,OFF-AR-3537,Office Supplies,Art,"Boston Markers, Blue",65.92500000000001,5,0.5,-11.925000000000011
PU-2015-NF847553-42326,2015-11-18 00:00:00,NF-847553,Neil Französisch,Home Office,Guinea-Bissau,Africa,Western Africa,TEC-MA-6146,Technology,Machines,"StarTech Phone, Wireless",74.52,1,0,5.9399999999999995
MX-2015-JG1580582-42328,2015-11-20 00:00:00,JG-1580582,John Grady,Corporate,Mexico,LATAM,Central America,OFF-AP-4492,Office Supplies,Appliances,"Hamilton Beach Blender, White",95.72000000000001,2,0,12.440000000000001
MX-2015-LB1673539-42326,2015-11-18 00:00:00,LB-1673539,Larry Blacks,Consumer,El Salvador,LATAM,Central America,OFF-PA-6611,Office Supplies,Paper,"Xerox Memo Slips, Premium",81.18,9,0,38.88000000000001
IN-2015-BM1178527-42329,2015-11-21 00:00:00,BM-1178527,Bryan Mills,Consumer,China,Asia Pacific,Eastern Asia,OFF-FA-2954,Office Supplies,Fasteners,"Accos Rubber Bands, Metal",50.400000000000006,3,0,16.11
IT-2015-JK1537064-42327,2015-11-19 00:00:00,JK-1537064,Jay Kimmel,Consumer,Italy,Europe,Southern Europe,OFF-LA-4696,Office Supplies,Labels,"Hon Shipping Labels, Laser Printer Compatible",45.480000000000004,4,0,12.72
SO-2015-JM5580116-42320,2015-11-12 00:00:00,JM-5580116,Jill Matthias,Consumer,Somalia,Africa,Eastern Africa,OFF-ST-5697,Office Supplies,Storage,"Rogers Folders, Wire Frame",59.51999999999999,2,0,6.540000000000001
ES-2015-MP1796545-42313,2015-11-05 00:00:00,MP-1796545,Michael Paige,Corporate,France,Europe,Western Europe,OFF-PA-4161,Office Supplies,Paper,"Enermax Memo Slips, Premium",46.980000000000004,3,0,0.9000000000000001
IN-2015-PB1880558-42314,2015-11-06 00:00:00,PB-1880558,Patrick Bzostek,Home Office,India,Asia Pacific,Southern Asia,OFF-SU-4303,Office Supplies,Supplies,"Fiskars Box Cutter, Easy Grip",111.42,3,0,24.48
US-2015-SU20665143-42335,2015-11-27 00:00:00,SU-20665143,Stephanie Ulpright,Home Office,Venezuela,LATAM,South America,OFF-PA-4462,Office Supplies,Paper,"Green Bar Cards & Envelopes, Multicolor",59.760000000000005,3,0.4,-25.92000000000001
US-2015-PL18925101-42311,2015-11-03 00:00:00,PL-18925101,Paul Lucas,Home Office,Peru,LATAM,South America,FUR-FU-3943,Furniture,Furnishings,"Deflect-O Frame, Erganomic",217.32,5,0.4,-108.67999999999999
ES-2015-DL133158-42320,2015-11-12 00:00:00,DL-133158,Delfina Latchford,Consumer,Austria,Europe,Western Europe,OFF-FA-5464,Office Supplies,Fasteners,"OIC Clamps, Bulk Pack",79.08000000000001,4,0,39.480000000000004
US-2015-FH1436582-42327,2015-11-19 00:00:00,FH-1436582,Fred Hopkins,Corporate,Mexico,LATAM,Central America,FUR-FU-3946,Furniture,Furnishings,"Deflect-O Light Bulb, Black",68.36399999999999,9,0.4,11.304000000000013
IN-2015-JL1523527-42322,2015-11-14 00:00:00,JL-1523527,Janet Lee,Consumer,China,Asia Pacific,Eastern Asia,OFF-EN-5043,Office Supplies,Envelopes,"Kraft Peel and Seal, Set of 50",102.45000000000002,5,0,8.100000000000001
SU-2015-RD9585122-42334,2015-11-26 00:00:00,RD-9585122,Rob Dowd,Consumer,Sudan,Africa,North Africa,OFF-ST-5692,Office Supplies,Storage,"Rogers File Cart, Industrial",141.60000000000002,1,0,24.06
ES-2015-LT1711045-42315,2015-11-07 00:00:00,LT-1711045,Liz Thompson,Consumer,France,Europe,Western Europe,OFF-BI-2883,Office Supplies,Binders,"Acco 3-Hole Punch, Economy",60.24000000000001,2,0,11.399999999999999
CA-2015-JB16000140-42326,2015-11-18 00:00:00,JB-160001402,Joy Bell-,Consumer,United States,USCA,Central US,FUR-BO-3174,Furniture,Bookcases,"Atlantic Metals Mobile 2-Shelf Bookcases, Custom Colors",327.73279999999994,2,0.32,-14.458800000000025
CA-2015-JB16000140-42311,2015-11-03 00:00:00,JB-160001404,Joy Bell-,Consumer,United States,USCA,Western US,OFF-PA-6584,Office Supplies,Paper,Xerox 220,19.44,3,0,9.3312
MX-2015-JP1613582-42326,2015-11-18 00:00:00,JP-1613582,Julie Prescott,Home Office,Mexico,LATAM,Central America,OFF-AR-3451,Office Supplies,Art,"BIC Highlighters, Blue",37.86,3,0,15.48
IN-2015-KW164357-42328,2015-11-20 00:00:00,KW-164357,Katrina Willman,Consumer,Australia,Asia Pacific,Oceania,OFF-PA-6605,Office Supplies,Paper,"Xerox Computer Printout Paper, 8.5 x 11",82.296,3,0.1,15.516000000000004
ES-2015-MO1795048-42313,2015-11-05 00:00:00,MO-1795048,Michael Oakman,Consumer,Germany,Europe,Western Europe,OFF-AR-6125,Office Supplies,Art,"Stanley Sketch Pad, Blue",79.974,2,0.1,20.394
ID-2015-ST205307-42336,2015-11-28 00:00:00,ST-205307,Shui Tom,Consumer,Australia,Asia Pacific,Oceania,OFF-EN-5023,Office Supplies,Envelopes,"Kraft Business Envelopes, Security-Tint",44.388000000000005,3,0.1,1.4579999999999993
US-2015-AB10150143-42334,2015-11-26 00:00:00,AB-10150143,Aimee Bixby,Consumer,Venezuela,LATAM,South America,FUR-BO-3906,Furniture,Bookcases,"Dania Stackable Bookrack, Pine",99.28799999999998,2,0.4,-8.312000000000012
MX-2015-HL1504039-42333,2015-11-25 00:00:00,HL-1504039,Hunter Lopez,Consumer,El Salvador,LATAM,Central America,OFF-PA-5849,Office Supplies,Paper,"SanDisk Cards & Envelopes, Premium",64.56,2,0,32.28
CG-2015-LL684033-42334,2015-11-26 00:00:00,LL-684033,Lauren Leatherbury,Consumer,Democratic Republic of the Congo,Africa,Central Africa,FUR-FU-3027,Furniture,Furnishings,"Advantus Door Stop, Black",45.03,1,0,9.45
MX-2015-SV2081582-42335,2015-11-27 00:00:00,SV-2081582,Stuart Van,Corporate,Mexico,LATAM,Central America,OFF-BI-4804,Office Supplies,Binders,"Ibico 3-Hole Punch, Durable",42.6,2,0,15.319999999999999
MX-2015-JP1546093-42333,2015-11-25 00:00:00,JP-1546093,Jennifer Patt,Corporate,Nicaragua,LATAM,Central America,OFF-AR-3527,Office Supplies,Art,"Boston Canvas, Fluorescent",109.8,3,0,38.4
IN-2015-CC122207-42313,2015-11-05 00:00:00,CC-122207,Chris Cortes,Consumer,Australia,Asia Pacific,Oceania,OFF-PA-4481,Office Supplies,Paper,"Green Bar Parchment Paper, 8.5 x 11",124.92,6,0,48.60000000000001
SG-2015-NC8340111-42334,2015-11-26 00:00:00,NC-8340111,Nat Carroll,Consumer,Senegal,Africa,Western Africa,OFF-ST-6283,Office Supplies,Storage,"Tenex Trays, Single Width",54.239999999999995,1,0,20.61
ES-2015-FO1430545-42320,2015-11-12 00:00:00,FO-1430545,Frank Olsen,Consumer,France,Europe,Western Europe,OFF-AR-3454,Office Supplies,Art,"BIC Highlighters, Water Color",88.44,4,0,15.84
ES-2015-BB1099048-42318,2015-11-10 00:00:00,BB-1099048,Barry Blumstein,Corporate,Germany,Europe,Western Europe,OFF-FA-2945,Office Supplies,Fasteners,"Accos Paper Clips, Bulk Pack",42.480000000000004,3,0,15.66
IN-2015-LR170357-42313,2015-11-05 00:00:00,LR-170357,Lisa Ryan,Corporate,Australia,Asia Pacific,Oceania,OFF-PA-6622,Office Supplies,Paper,"Xerox Parchment Paper, Multicolor",39.608999999999995,3,0.1,12.249000000000002
ES-2015-TC21145120-42319,2015-11-11 00:00:00,TC-21145120,Theresa Coyne,Corporate,Spain,Europe,Southern Europe,OFF-PA-4149,Office Supplies,Paper,"Enermax Computer Printout Paper, Premium",56.94,2,0,27.299999999999997
MX-2015-PM1894093-42328,2015-11-20 00:00:00,PM-1894093,Paul MacIntyre,Consumer,Nicaragua,LATAM,Central America,FUR-CH-5751,Furniture,Chairs,"SAFCO Bag Chairs, Black",31.339999999999996,1,0,4.06
TZ-2015-AG330129-42326,2015-11-18 00:00:00,AG-330129,Alex Grayson,Consumer,Tanzania,Africa,Eastern Africa,OFF-BI-4825,Office Supplies,Binders,"Ibico Hole Reinforcements, Economy",55.92,8,0,27.36
CA-2015-JC16105140-42312,2015-11-04 00:00:00,JC-161051408,Julie Creighton,Corporate,United States,USCA,Southern US,OFF-LA-3194,Office Supplies,Labels,Avery 476,12.39,3,0,5.6994
IN-2015-JS1568527-42329,2015-11-21 00:00:00,JS-1568527,Jim Sink,Corporate,China,Asia Pacific,Eastern Asia,OFF-FA-5484,Office Supplies,Fasteners,"OIC Thumb Tacks, 12 Pack",40.5,3,0,4.050000000000001
IN-2015-KD1627027-42333,2015-11-25 00:00:00,KD-1627027,Karen Daniels,Consumer,China,Asia Pacific,Eastern Asia,OFF-ST-6025,Office Supplies,Storage,"Smead Box, Single Width",21.6,2,0,5.4
GH-2015-MY829549-42326,2015-11-18 00:00:00,MY-829549,Muhammed Yedwab,Corporate,Ghana,Africa,Western Africa,OFF-BI-3255,Office Supplies,Binders,"Avery Binding Machine, Clear",96.60000000000001,2,0,11.58
EG-2015-DL292538-42332,2015-11-24 00:00:00,DL-292538,Daniel Lacy,Consumer,Egypt,Africa,North Africa,OFF-AR-6106,Office Supplies,Art,"Stanley Canvas, Easy-Erase",49.739999999999995,1,0,11.91
US-2015-JA1597055-42330,2015-11-22 00:00:00,JA-1597055,Joseph Airdo,Consumer,Honduras,LATAM,Central America,OFF-SU-4320,Office Supplies,Supplies,"Fiskars Shears, High Speed",76.224,4,0.4,-15.296000000000003
CA-2015-JD16150140-42328,2015-11-20 00:00:00,JD-161501406,Justin Deggeller,Corporate,United States,USCA,Eastern US,OFF-AP-4741,Office Supplies,Appliances,Hoover Shoulder Vac Commercial Portable Vacuum,2504.74,7,0,626.185
ES-2015-MP1796548-42315,2015-11-07 00:00:00,MP-1796548,Michael Paige,Corporate,Germany,Europe,Western Europe,OFF-AR-3478,Office Supplies,Art,"Binney & Smith Canvas, Water Color",98.172,2,0.1,41.412000000000006
CA-2015-JD16150140-42328,2015-11-20 00:00:00,JD-161501406,Justin Deggeller,Corporate,United States,USCA,Eastern US,OFF-FA-6129,Office Supplies,Fasteners,Staples,16.740000000000002,3,0,8.370000000000001
SU-2015-RD9585122-42334,2015-11-26 00:00:00,RD-9585122,Rob Dowd,Consumer,Sudan,Africa,North Africa,FUR-FU-6253,Furniture,Furnishings,"Tenex Frame, Black",109.97999999999999,1,0,5.49
IT-2015-PV1898591-42325,2015-11-17 00:00:00,PV-1898591,Paul Van Hugh,Home Office,Netherlands,Europe,Western Europe,OFF-EN-5043,Office Supplies,Envelopes,"Kraft Peel and Seal, Set of 50",71.715,7,0.5,-46.095
IT-2015-MJ1774045-42316,2015-11-08 00:00:00,MJ-1774045,Max Jones,Consumer,France,Europe,Western Europe,OFF-FA-3075,Office Supplies,Fasteners,"Advantus Thumb Tacks, Metal",68.55000000000001,5,0,12.9
TU-2015-PJ8835134-42327,2015-11-19 00:00:00,PJ-8835134,Patrick Jones,Corporate,Turkey,Asia Pacific,Western Asia,FUR-BO-3629,Furniture,Bookcases,"Bush Corner Shelving, Mobile",101.20800000000001,2,0.6,-45.55200000000001
ID-2015-AP1072059-42325,2015-11-17 00:00:00,AP-1072059,Anne Pryor,Home Office,Indonesia,Asia Pacific,Southeastern Asia,OFF-SU-4993,Office Supplies,Supplies,"Kleencut Trimmer, Easy Grip",45.633,2,0.47000000000000003,-24.987
ML-2015-NR855079-42310,2015-11-02 00:00:00,NR-855079,Nick Radford,Consumer,Mali,Africa,Western Africa,OFF-AR-5931,Office Supplies,Art,"Sanford Sketch Pad, Easy-Erase",45.75,1,0,21.03
CA-2015-JM16195140-42312,2015-11-04 00:00:00,JM-161951408,Justin MacKendrick,Consumer,United States,USCA,Southern US,OFF-PA-6214,Office Supplies,Paper,Strathmore Photo Mount Cards,16.272000000000002,3,0.2,5.288399999999998
IN-2015-BD1156058-42325,2015-11-17 00:00:00,BD-1156058,Brendan Dodson,Home Office,India,Asia Pacific,Southern Asia,OFF-PA-6606,Office Supplies,Paper,"Xerox Computer Printout Paper, Multicolor",55.5,2,0,25.5
CA-2015-JR16210140-42336,2015-11-28 00:00:00,JR-162101402,Justin Ritter,Corporate,United States,USCA,Central US,OFF-BI-4339,Office Supplies,Binders,GBC DocuBind P100 Manual Binding Machine,497.93999999999994,3,0,224.07299999999998
IN-2015-LF1718558-42320,2015-11-12 00:00:00,LF-1718558,Luke Foster,Consumer,India,Asia Pacific,Southern Asia,OFF-FA-6193,Office Supplies,Fasteners,"Stockwell Push Pins, 12 Pack",96.60000000000001,7,0,12.39
CA-2015-JR16210140-42336,2015-11-28 00:00:00,JR-162101402,Justin Ritter,Corporate,United States,USCA,Central US,OFF-PA-6460,Office Supplies,Paper,Xerox 1909,158.28,6,0,72.80879999999999
IN-2015-CD119807-42333,2015-11-25 00:00:00,CD-119807,Carol Darley,Consumer,Australia,Asia Pacific,Oceania,OFF-AR-3493,Office Supplies,Art,"Binney & Smith Pencil Sharpener, Fluorescent",48.00600000000001,2,0.1,17.586
MO-2015-KW657086-42321,2015-11-13 00:00:00,KW-657086,Kelly Williams,Consumer,Morocco,Africa,North Africa,OFF-SU-4311,Office Supplies,Supplies,"Fiskars Ruler, Easy Grip",96.29999999999998,6,0,31.68
CA-2015-KM16225140-42311,2015-11-03 00:00:00,KM-162251402,Kalyca Meade,Corporate,United States,USCA,Central US,OFF-FA-6129,Office Supplies,Fasteners,Staples,18.240000000000002,3,0,9.120000000000001
MX-2015-SC2068082-42334,2015-11-26 00:00:00,SC-2068082,Steve Carroll,Home Office,Mexico,LATAM,Central America,OFF-EN-4909,Office Supplies,Envelopes,"Jiffy Clasp Envelope, with clear poly window",56.28000000000001,7,0,24.640000000000004
CA-2015-KM16225140-42311,2015-11-03 00:00:00,KM-162251402,Kalyca Meade,Corporate,United States,USCA,Central US,OFF-AR-3479,Office Supplies,Art,"Binney & Smith Crayola Metallic Colored Pencils, 8-Color Set",27.78,6,0,9.167399999999999
US-2015-DB1306055-42322,2015-11-14 00:00:00,DB-1306055,Dave Brooks,Consumer,Honduras,LATAM,Central America,TEC-AC-4156,Technology,Accessories,"Enermax Keyboard, Erganomic",65.01599999999999,2,0.4,-32.544
IN-2015-DV1304559-42321,2015-11-13 00:00:00,DV-1304559,Darrin Van Huff,Corporate,Indonesia,Asia Pacific,Southeastern Asia,OFF-FA-2954,Office Supplies,Fasteners,"Accos Rubber Bands, Metal",62.32800000000001,7,0.47000000000000003,-17.682000000000002
UP-2015-SC10845137-42316,2015-11-08 00:00:00,SC-10845137,Sung Chung,Consumer,Ukraine,Europe,Eastern Europe,OFF-SU-3004,Office Supplies,Supplies,"Acme Trimmer, Steel",43.980000000000004,1,0,9.66
MX-2015-JP1613582-42326,2015-11-18 00:00:00,JP-1613582,Julie Prescott,Home Office,Mexico,LATAM,Central America,OFF-FA-2948,Office Supplies,Fasteners,"Accos Push Pins, Assorted Sizes",23.939999999999998,3,0,10.260000000000002
MX-2015-MG1787528-42311,2015-11-03 00:00:00,MG-1787528,Michael Grace,Home Office,Colombia,LATAM,South America,OFF-LA-5374,Office Supplies,Labels,"Novimex Color Coded Labels, 5000 Label Set",59.78000000000001,7,0,12.46
ES-2015-HH15010139-42315,2015-11-07 00:00:00,HH-15010139,Hilary Holden,Corporate,United Kingdom,Europe,Northern Europe,OFF-SU-4315,Office Supplies,Supplies,"Fiskars Scissors, Easy Grip",74.34,3,0,8.91
MX-2015-LH1675082-42336,2015-11-28 00:00:00,LH-1675082,Larry Hughes,Consumer,Mexico,LATAM,Central America,OFF-SU-4973,Office Supplies,Supplies,"Kleencut Box Cutter, Easy Grip",48.359999999999985,2,0,13.040000000000001
ID-2015-AJ1096092-42321,2015-11-13 00:00:00,AJ-1096092,Astrea Jones,Consumer,New Zealand,Asia Pacific,Oceania,TEC-AC-5872,Technology,Accessories,"SanDisk Memory Card, Bluetooth",134.892,2,0.4,-83.208
SO-2015-VD11670116-42334,2015-11-26 00:00:00,VD-11670116,Valerie Dominguez,Consumer,Somalia,Africa,Eastern Africa,OFF-AR-3539,Office Supplies,Art,"Boston Markers, Fluorescent",55.260000000000005,2,0,8.28
MX-2015-NC1841518-42330,2015-11-22 00:00:00,NC-1841518,Nathan Cano,Consumer,Brazil,LATAM,South America,OFF-PA-4161,Office Supplies,Paper,"Enermax Memo Slips, Premium",62.64000000000001,6,0,0.6
TU-2015-MM8055134-42336,2015-11-28 00:00:00,MM-8055134,Michelle Moray,Consumer,Turkey,Asia Pacific,Western Asia,FUR-BO-4857,Furniture,Bookcases,"Ikea Floating Shelf Set, Mobile",69.144,1,0.6,-95.07600000000001
US-2015-SU20665143-42335,2015-11-27 00:00:00,SU-20665143,Stephanie Ulpright,Home Office,Venezuela,LATAM,South America,OFF-SU-4988,Office Supplies,Supplies,"Kleencut Scissors, Steel",60.73199999999999,7,0.4,-3.1079999999999983
CA-2015-KH16330140-42329,2015-11-21 00:00:00,KH-163301406,Katharine Harms,Corporate,United States,USCA,Eastern US,TEC-PH-3138,Technology,Phones,Apple iPhone 5S,569.99,1,0,170.99699999999996
ES-2015-CP1234045-42318,2015-11-10 00:00:00,CP-1234045,Christine Phan,Corporate,France,Europe,Western Europe,OFF-PA-4483,Office Supplies,Paper,"Green Bar Parchment Paper, Premium",66.72,4,0,1.92
ES-2015-DL133158-42320,2015-11-12 00:00:00,DL-133158,Delfina Latchford,Consumer,Austria,Europe,Western Europe,OFF-EN-5044,Office Supplies,Envelopes,"Kraft Peel and Seal, with clear poly window",144.18,6,0,38.88
CA-2015-KH16330140-42329,2015-11-21 00:00:00,KH-163301406,Katharine Harms,Corporate,United States,USCA,Eastern US,FUR-FU-6298,Furniture,Furnishings,Tensor Brushed Steel Torchiere Floor Lamp,50.97,3,0,9.174599999999998
CA-2015-KH16330140-42326,2015-11-18 00:00:00,KH-163301404,Katharine Harms,Corporate,United States,USCA,Western US,OFF-PA-6422,Office Supplies,Paper,"Wirebound Message Forms, Four 2 3/4 x 5 Forms per Page, Pink Paper",19.608,3,0.2,6.6177
CA-2015-KH16330140-42329,2015-11-21 00:00:00,KH-163301406,Katharine Harms,Corporate,United States,USCA,Eastern US,TEC-AC-5176,Technology,Accessories,Maxell 4.7GB DVD+R 5/Pack,2.9699999999999998,3,0,1.3365
CA-2015-KH16330140-42326,2015-11-18 00:00:00,KH-163301404,Katharine Harms,Corporate,United States,USCA,Western US,OFF-BI-3309,Office Supplies,Binders,Avery Reinforcements for Hole-Punch Pages,4.158,7,0.7,-3.465
MX-2015-ED1388528-42325,2015-11-17 00:00:00,ED-1388528,Emily Ducich,Home Office,Colombia,LATAM,South America,OFF-FA-2961,Office Supplies,Fasteners,"Accos Thumb Tacks, Bulk Pack",45.599999999999994,5,0,9.1
CA-2015-KD16345140-42328,2015-11-20 00:00:00,KD-163451404,Katherine Ducich,Consumer,United States,USCA,Western US,TEC-PH-6096,Technology,Phones,Square Credit Card Reader,31.968000000000004,4,0.2,2.3976000000000006
MX-2015-BS1166555-42333,2015-11-25 00:00:00,BS-1166555,Brian Stugart,Consumer,Honduras,LATAM,Central America,OFF-AR-3489,Office Supplies,Art,"Binney & Smith Markers, Easy-Erase",29.231999999999992,3,0.4,3.851999999999998
ID-2015-AS1009058-42316,2015-11-08 00:00:00,AS-1009058,Adam Shillingsburg,Consumer,India,Asia Pacific,Southern Asia,OFF-SU-4128,Office Supplies,Supplies,"Elite Scissors, High Speed",22.53,2,0.5,-17.130000000000003
ES-2015-CM1181545-42329,2015-11-21 00:00:00,CM-1181545,Candace McMahon,Corporate,France,Europe,Western Europe,OFF-BI-3722,Office Supplies,Binders,"Cardinal Binder, Economy",96.80999999999999,7,0,35.699999999999996
MX-2015-JE1547555-42333,2015-11-25 00:00:00,JE-1547555,Jeremy Ellison,Consumer,Honduras,LATAM,Central America,FUR-CH-5373,Furniture,Chairs,"Novimex Chairmat, Set of Two",93.74400000000001,4,0.4,9.343999999999994
MX-2015-JH1591082-42327,2015-11-19 00:00:00,JH-1591082,Jonathan Howell,Consumer,Mexico,LATAM,Central America,OFF-AR-5911,Office Supplies,Art,"Sanford Highlighters, Easy-Erase",53.4,5,0,9
MX-2015-AR1082531-42312,2015-11-04 00:00:00,AR-1082531,Anthony Rawles,Corporate,Cuba,LATAM,Caribbean,TEC-PH-5272,Technology,Phones,"Motorola Speaker Phone, VoIP",173.16,2,0,13.84
IN-2015-CM1183027-42334,2015-11-26 00:00:00,CM-1183027,Cari MacIntyre,Corporate,China,Asia Pacific,Eastern Asia,FUR-CH-4518,Furniture,Chairs,"Harbour Creations Bag Chairs, Adjustable",64.11,2,0.5,-15.39
ES-2015-JE1571545-42315,2015-11-07 00:00:00,JE-1571545,Joe Elijah,Consumer,France,Europe,Western Europe,OFF-AR-6116,Office Supplies,Art,"Stanley Markers, Fluorescent",46.919999999999995,2,0,15.899999999999999
IN-2015-CG1204058-42331,2015-11-23 00:00:00,CG-1204058,Catherine Glotzbach,Home Office,India,Asia Pacific,Southern Asia,OFF-ST-4263,Office Supplies,Storage,"Fellowes Folders, Single Width",79.28999999999999,3,0,18.18
CA-2015-KM16375140-42313,2015-11-05 00:00:00,KM-163751408,Katherine Murray,Home Office,United States,USCA,Southern US,OFF-AR-3485,Office Supplies,Art,"Binney & Smith inkTank Desk Highlighter, Chisel Tip, Yellow, 12/Box",4.3,2,0,1.4189999999999996
MX-2015-KC1654036-42316,2015-11-08 00:00:00,KC-1654036,Kelly Collister,Consumer,Dominican Republic,LATAM,Caribbean,OFF-BI-3712,Office Supplies,Binders,"Cardinal 3-Hole Punch, Clear",45.215999999999994,3,0.2,9.035999999999998
MX-2015-VD2167082-42312,2015-11-04 00:00:00,VD-2167082,Valerie Dominguez,Consumer,Mexico,LATAM,Central America,OFF-PA-5871,Office Supplies,Paper,"SanDisk Memo Slips, Recycled",33.779999999999994,3,0,4.0200000000000005
US-2015-DB1306055-42322,2015-11-14 00:00:00,DB-1306055,Dave Brooks,Consumer,Honduras,LATAM,Central America,TEC-PH-3785,Technology,Phones,"Cisco Audio Dock, Full Size",73.34400000000001,1,0.4,-11.016000000000002
ES-2015-TH2110045-42315,2015-11-07 00:00:00,TH-2110045,Thea Hendricks,Consumer,France,Europe,Western Europe,OFF-AR-3484,Office Supplies,Art,"Binney & Smith Highlighters, Water Color",138.39,7,0,57.959999999999994
CA-2015-KN16390140-42316,2015-11-08 00:00:00,KN-163901406,Katherine Nockton,Corporate,United States,USCA,Eastern US,FUR-CH-4411,Furniture,Chairs,Global Highback Leather Tilter in Burgundy,272.96999999999997,3,0,43.67520000000002
ES-2015-CD1228048-42328,2015-11-20 00:00:00,CD-1228048,Christina DeMoss,Consumer,Germany,Europe,Western Europe,OFF-BI-3727,Office Supplies,Binders,"Cardinal Binding Machine, Recycled",100.26,2,0,21
IN-2015-JF1535558-42335,2015-11-27 00:00:00,JF-1535558,Jay Fein,Consumer,India,Asia Pacific,Southern Asia,OFF-BI-2918,Office Supplies,Binders,"Acco Index Tab, Durable",26.819999999999993,3,0,6.12
ES-2015-TS21205139-42309,2015-11-01 00:00:00,TS-21205139,Thomas Seio,Corporate,United Kingdom,Europe,Northern Europe,OFF-LA-5385,Office Supplies,Labels,"Novimex File Folder Labels, Laser Printer Compatible",16.5,2,0,3.12
MX-2015-ZC2191082-42315,2015-11-07 00:00:00,ZC-2191082,Zuschuss Carroll,Consumer,Mexico,LATAM,Central America,OFF-EN-3656,Office Supplies,Envelopes,"Cameo Business Envelopes, Set of 50",27.32,2,0,12.559999999999999
TU-2015-VW11775134-42312,2015-11-04 00:00:00,VW-11775134,Victoria Wilson,Corporate,Turkey,Asia Pacific,Western Asia,OFF-LA-4639,Office Supplies,Labels,"Hon Color Coded Labels, Alphabetical",40.416,8,0.6,-58.70399999999999
CA-2015-KE16420140-42322,2015-11-14 00:00:00,KE-164201402,Katrina Edelman,Corporate,United States,USCA,Central US,FUR-BO-3651,Furniture,Bookcases,"Bush Westfield Collection Bookcases, Fully Assembled",205.99919999999997,3,0.32,-27.264600000000016
ES-2015-MO1795048-42313,2015-11-05 00:00:00,MO-1795048,Michael Oakman,Consumer,Germany,Europe,Western Europe,OFF-FA-6204,Office Supplies,Fasteners,"Stockwell Staples, Metal",58.967999999999996,6,0.1,18.287999999999997
IN-2015-RP198557-42337,2015-11-29 00:00:00,RP-198557,Roy Phan,Corporate,Australia,Asia Pacific,Oceania,TEC-AC-5129,Technology,Accessories,"Logitech Mouse, USB",53.08200000000001,2,0.1,7.062
GH-2015-TT1107049-42332,2015-11-24 00:00:00,TT-1107049,Ted Trevino,Consumer,Ghana,Africa,Western Africa,OFF-SU-6167,Office Supplies,Supplies,"Stiletto Letter Opener, Steel",25.080000000000005,1,0,3
CA-2015-KE16420140-42322,2015-11-14 00:00:00,KE-164201402,Katrina Edelman,Corporate,United States,USCA,Central US,OFF-ST-4089,Office Supplies,Storage,Eldon ProFile File 'N Store Portable File Tub Letter/Legal Size Black,61.792,4,0.2,6.179200000000002
IT-2015-TS21085120-42328,2015-11-20 00:00:00,TS-21085120,Thais Sissman,Consumer,Spain,Europe,Southern Europe,OFF-ST-4063,Office Supplies,Storage,"Eldon Folders, Wire Frame",43.334999999999994,3,0.1,-0.04499999999999904
MX-2015-TT2126539-42318,2015-11-10 00:00:00,TT-2126539,Tim Taslimi,Corporate,El Salvador,LATAM,Central America,OFF-AR-5926,Office Supplies,Art,"Sanford Pens, Fluorescent",41.2,5,0,5.699999999999999
MX-2015-PS1876051-42327,2015-11-19 00:00:00,PS-1876051,Pamela Stobb,Consumer,Guatemala,LATAM,Central America,FUR-FU-5735,Furniture,Furnishings,"Rubbermaid Photo Frame, Black",69,2,0,16.56
US-2015-BD1132082-42311,2015-11-03 00:00:00,BD-1132082,Bill Donatelli,Consumer,Mexico,LATAM,Central America,FUR-CH-5439,Furniture,Chairs,"Office Star Chairmat, Red",35.104,1,0.2,-3.0760000000000005
ID-2015-RD1972059-42322,2015-11-14 00:00:00,RD-1972059,Roger Demir,Consumer,Indonesia,Asia Pacific,Southeastern Asia,OFF-SU-4984,Office Supplies,Supplies,"Kleencut Ruler, Steel",34.34400000000001,5,0.47000000000000003,-16.956000000000003
CA-2015-KN16450140-42317,2015-11-09 00:00:00,KN-164501406,Kean Nguyen,Corporate,United States,USCA,Eastern US,FUR-FU-4764,Furniture,Furnishings,Howard Miller Distant Time Traveler Alarm Clock,274.20000000000005,10,0,112.422
MX-2015-SC2002082-42314,2015-11-06 00:00:00,SC-2002082,Sam Craven,Consumer,Mexico,LATAM,Central America,OFF-BI-4813,Office Supplies,Binders,"Ibico Binder, Economy",20.639999999999997,2,0,7.6
IR-2015-BS136560-42332,2015-11-24 00:00:00,BS-136560,Bill Shonely,Corporate,Iran,Asia Pacific,Southern Asia,OFF-PA-4168,Office Supplies,Paper,"Enermax Message Books, Multicolor",47.82,2,0,2.34
US-2015-JE1616555-42328,2015-11-20 00:00:00,JE-1616555,Justin Ellison,Corporate,Honduras,LATAM,Central America,TEC-AC-5866,Technology,Accessories,"SanDisk Keyboard, Programmable",66.384,2,0.4,-6.656000000000006
MO-2015-DO343586-42327,2015-11-19 00:00:00,DO-343586,Denny Ordway,Consumer,Morocco,Africa,North Africa,FUR-FU-3050,Furniture,Furnishings,"Advantus Photo Frame, Erganomic",51.599999999999994,1,0,24.75
MX-2015-RD1990036-42337,2015-11-29 00:00:00,RD-1990036,Ruben Dartt,Consumer,Dominican Republic,LATAM,Caribbean,OFF-SU-2985,Office Supplies,Supplies,"Acme Ruler, High Speed",26.736000000000008,3,0.2,-2.7240000000000024
ID-2015-MS1736559-42316,2015-11-08 00:00:00,MS-1736559,Maribeth Schnelling,Consumer,Indonesia,Asia Pacific,Southeastern Asia,OFF-PA-4148,Office Supplies,Paper,"Enermax Computer Printout Paper, Multicolor",47.50920000000001,3,0.47000000000000003,-20.62080000000001
MX-2015-RB1933028-42326,2015-11-18 00:00:00,RB-1933028,Randy Bradley,Consumer,Colombia,LATAM,South America,TEC-AC-4151,Technology,Accessories,"Enermax Flash Drive, Bluetooth",83.04,3,0,2.46
US-2015-VB2174598-42318,2015-11-10 00:00:00,VB-2174598,Victoria Brennan,Corporate,Panama,LATAM,Central America,FUR-CH-5394,Furniture,Chairs,"Novimex Rocking Chair, Adjustable",53.568,1,0.4,-26.792
ES-2015-EB1375096-42337,2015-11-29 00:00:00,EB-1375096,Edward Becker,Corporate,Norway,Europe,Northern Europe,OFF-BI-2896,Office Supplies,Binders,"Acco Binder, Durable",33.3,2,0,9.3
ES-2015-PK1907534-42333,2015-11-25 00:00:00,PK-1907534,Pete Kriz,Consumer,Denmark,Europe,Northern Europe,FUR-FU-4074,Furniture,Furnishings,"Eldon Light Bulb, Black",50.400000000000006,5,0.6,-27.750000000000007
ES-2015-BN11470139-42334,2015-11-26 00:00:00,BN-11470139,Brad Norvell,Corporate,United Kingdom,Europe,Northern Europe,OFF-AR-6118,Office Supplies,Art,"Stanley Pencil Sharpener, Easy-Erase",52.08,2,0,17.700000000000003
IT-2015-AJ1078034-42321,2015-11-13 00:00:00,AJ-1078034,Anthony Jacobs,Corporate,Denmark,Europe,Northern Europe,OFF-BI-6380,Office Supplies,Binders,"Wilson Jones Binder, Economy",32.55,5,0.5,-12.449999999999996
ID-2015-AA1064559-42332,2015-11-24 00:00:00,AA-1064559,Anna Andreadi,Consumer,Indonesia,Asia Pacific,Southeastern Asia,OFF-BI-4809,Office Supplies,Binders,"Ibico Binder Covers, Economy",33.988499999999995,3,0.17,4.0185
ID-2015-EM13960102-42312,2015-11-04 00:00:00,EM-13960102,Eric Murdock,Consumer,Philippines,Asia Pacific,Southeastern Asia,OFF-EN-3110,Office Supplies,Envelopes,"Ames Peel and Seal, Set of 50",20.559000000000005,2,0.45,-15.741000000000001
CA-2015-KA16525140-42333,2015-11-25 00:00:00,KA-165251406,Kelly Andreada,Consumer,United States,USCA,Eastern US,FUR-BO-5531,Furniture,Bookcases,O'Sullivan Plantations 2-Door Library in Landvery Oak,321.568,2,0.2,-16.078399999999988
IN-2015-SB2017088-42336,2015-11-28 00:00:00,SB-2017088,Sarah Bern,Consumer,Myanmar (Burma),Asia Pacific,Southeastern Asia,OFF-PA-6614,Office Supplies,Paper,"Xerox Message Books, Multicolor",54.232200000000006,3,0.17,-7.237800000000001
US-2015-KA16525140-42329,2015-11-21 00:00:00,KA-165251404,Kelly Andreada,Consumer,United States,USCA,Western US,FUR-CH-5386,Furniture,Chairs,Novimex High-Tech Fabric Mesh Task Chair,283.92,5,0.2,-46.13700000000003
CA-2015-KA16525140-42333,2015-11-25 00:00:00,KA-165251406,Kelly Andreada,Consumer,United States,USCA,Eastern US,OFF-EN-3095,Office Supplies,Envelopes,Ames Color-File Green Diamond Border X-ray Mailers,167.96,2,0,78.9412
MX-2015-SC2077082-42329,2015-11-21 00:00:00,SC-2077082,Stewart Carmichael,Corporate,Mexico,LATAM,Central America,OFF-PA-4148,Office Supplies,Paper,"Enermax Computer Printout Paper, Multicolor",79.67999999999999,4,0,34.239999999999995
ES-2015-AS1063096-42334,2015-11-26 00:00:00,AS-1063096,Ann Steele,Home Office,Norway,Europe,Northern Europe,OFF-AR-6120,Office Supplies,Art,"Stanley Pencil Sharpener, Water Color",27.96,1,0,1.1099999999999999
CA-2015-KA16525140-42333,2015-11-25 00:00:00,KA-165251406,Kelly Andreada,Consumer,United States,USCA,Eastern US,OFF-AR-3852,Office Supplies,Art,"Crayola Anti Dust Chalk, 12/Pack",16.38,9,0,7.3709999999999996
IN-2015-LF1718558-42320,2015-11-12 00:00:00,LF-1718558,Luke Foster,Consumer,India,Asia Pacific,Southern Asia,OFF-AR-3544,Office Supplies,Art,"Boston Pencil Sharpener, Fluorescent",28.950000000000003,1,0,0.5700000000000001
GH-2015-MH811549-42311,2015-11-03 00:00:00,MH-811549,Mick Hernandez,Home Office,Ghana,Africa,Western Africa,OFF-SU-4976,Office Supplies,Supplies,"Kleencut Box Cutter, Steel",136.2,4,0,21.72
CA-2015-KA16525140-42333,2015-11-25 00:00:00,KA-165251406,Kelly Andreada,Consumer,United States,USCA,Eastern US,OFF-PA-6577,Office Supplies,Paper,Xerox 214,12.96,2,0,6.2208000000000006
ZA-2015-EM3810147-42311,2015-11-03 00:00:00,EM-3810147,Eleni McCrary,Corporate,Zimbabwe,Africa,Eastern Africa,OFF-BI-3720,Office Supplies,Binders,"Cardinal Binder, Clear",39.870000000000005,10,0.7,-89.12999999999998
MX-2015-SC2077082-42329,2015-11-21 00:00:00,SC-2077082,Stewart Carmichael,Corporate,Mexico,LATAM,Central America,OFF-SU-4991,Office Supplies,Supplies,"Kleencut Shears, Serrated",57.96,2,0,22.6
CA-2015-KL16555140-42313,2015-11-05 00:00:00,KL-165551408,Kelly Lampkin,Corporate,United States,USCA,Southern US,FUR-TA-4622,Furniture,Tables,Hon 5100 Series Wood Tables,523.764,3,0.4,-192.04680000000008
CA-2015-KL16555140-42313,2015-11-05 00:00:00,KL-165551408,Kelly Lampkin,Corporate,United States,USCA,Southern US,TEC-PH-5258,Technology,Phones,Motorola Moto X,1359.96,5,0.2,118.99650000000003
MX-2015-RB1943551-42309,2015-11-01 00:00:00,RB-1943551,Richard Bierner,Consumer,Guatemala,LATAM,Central America,FUR-FU-4085,Furniture,Furnishings,"Eldon Photo Frame, Durable",73.52000000000001,2,0,20.56
IT-2015-DW13540120-42336,2015-11-28 00:00:00,DW-13540120,Don Weiss,Consumer,Spain,Europe,Southern Europe,OFF-BI-2893,Office Supplies,Binders,"Acco Binder Covers, Economy",39.959999999999994,3,0,16.38
IN-2015-AW1093058-42311,2015-11-03 00:00:00,AW-1093058,Arthur Wiediger,Home Office,India,Asia Pacific,Southern Asia,OFF-BI-3249,Office Supplies,Binders,"Avery Binder Covers, Recycled",22.86,2,0,10.74
US-2015-DC12850101-42328,2015-11-20 00:00:00,DC-12850101,Dan Campbell,Consumer,Peru,LATAM,South America,OFF-FA-5473,Office Supplies,Fasteners,"OIC Push Pins, Bulk Pack",29.82,5,0.4,4.419999999999999
US-2015-KB1640536-42314,2015-11-06 00:00:00,KB-1640536,Katrina Bavinger,Home Office,Dominican Republic,LATAM,Caribbean,OFF-FA-6207,Office Supplies,Fasteners,"Stockwell Thumb Tacks, Bulk Pack",49.056,7,0.2,1.1760000000000006
ID-2015-EN137807-42312,2015-11-04 00:00:00,EN-137807,Edward Nazzal,Consumer,Australia,Asia Pacific,Oceania,OFF-SU-6176,Office Supplies,Supplies,"Stiletto Shears, Easy Grip",59.652,2,0.4,-7.9680000000000035
CA-2015-KB16600140-42322,2015-11-14 00:00:00,KB-166001406,Ken Brennan,Corporate,United States,USCA,Eastern US,TEC-PH-5345,Technology,Phones,Nokia Lumia 925,629.9499999999999,5,0,163.78700000000003
MX-2015-CC1210082-42318,2015-11-10 00:00:00,CC-1210082,Chad Cunningham,Home Office,Mexico,LATAM,Central America,OFF-BI-4813,Office Supplies,Binders,"Ibico Binder, Economy",30.959999999999997,3,0,11.4
ES-2015-NP18325120-42314,2015-11-06 00:00:00,NP-18325120,Naresj Patel,Consumer,Spain,Europe,Southern Europe,OFF-AR-5923,Office Supplies,Art,"Sanford Pencil Sharpener, Water Color",52.199999999999996,2,0,13.559999999999999
GH-2015-RD958549-42312,2015-11-04 00:00:00,RD-958549,Rob Dowd,Consumer,Ghana,Africa,Western Africa,TEC-CO-3611,Technology,Copiers,"Brother Wireless Fax, Laser",378.81000000000006,1,0,140.13
TO-2015-BG1695131-42325,2015-11-17 00:00:00,BG-1695131,Brooke Gillingham,Corporate,Togo,Africa,Western Africa,OFF-ST-4107,Office Supplies,Storage,"Eldon Trays, Single Width",48,1,0,15.84
IN-2015-TD209957-42324,2015-11-16 00:00:00,TD-209957,Tamara Dahlen,Consumer,Australia,Asia Pacific,Oceania,OFF-ST-4293,Office Supplies,Storage,"Fellowes Trays, Blue",51.651,1,0.1,19.491
CG-2015-ER385533-42316,2015-11-08 00:00:00,ER-385533,Elpida Rittenbach,Corporate,Democratic Republic of the Congo,Africa,Central Africa,OFF-SU-4134,Office Supplies,Supplies,"Elite Shears, Steel",46.41,1,0,21.81
IN-2015-JG1580592-42327,2015-11-19 00:00:00,JG-1580592,John Grady,Corporate,New Zealand,Asia Pacific,Oceania,OFF-BI-3253,Office Supplies,Binders,"Avery Binder, Economy",30.959999999999994,4,0.4,0.4800000000000004
IT-2015-DK1298562-42332,2015-11-24 00:00:00,DK-1298562,Darren Koutras,Consumer,Ireland,Europe,Northern Europe,OFF-AR-3537,Office Supplies,Art,"Boston Markers, Blue",26.370000000000005,2,0.5,-4.770000000000003
CA-2015-KH16630140-42311,2015-11-03 00:00:00,KH-166301404,Ken Heidel,Corporate,United States,USCA,Western US,OFF-PA-6418,Office Supplies,Paper,"Wirebound Message Books, Four 2 3/4 x 5 Forms per Page, 200 Sets per Book",23.849999999999998,5,0,10.732499999999998
IN-2015-GB145307-42336,2015-11-28 00:00:00,GB-145307,George Bell,Corporate,Australia,Asia Pacific,Oceania,OFF-BI-3717,Office Supplies,Binders,"Cardinal Binder Covers, Durable",24.3,2,0.1,10.5
NI-2015-JE616595-42333,2015-11-25 00:00:00,JE-616595,Justin Ellison,Corporate,Nigeria,Africa,Western Africa,OFF-ST-5709,Office Supplies,Storage,"Rogers Trays, Blue",74.016,4,0.7,-98.78399999999998
IN-2015-PB1880558-42314,2015-11-06 00:00:00,PB-1880558,Patrick Bzostek,Home Office,India,Asia Pacific,Southern Asia,OFF-ST-6250,Office Supplies,Storage,"Tenex Folders, Industrial",47.400000000000006,2,0,9.899999999999999
IN-2015-TS2143059-42321,2015-11-13 00:00:00,TS-2143059,Tom Stivers,Corporate,Indonesia,Asia Pacific,Southeastern Asia,OFF-LA-3321,Office Supplies,Labels,"Avery Shipping Labels, Adjustable",36.1725,7,0.47000000000000003,-15.697500000000002
US-2015-KL16645140-42322,2015-11-14 00:00:00,KL-166451404,Ken Lonsdale,Consumer,United States,USCA,Western US,TEC-PH-5833,Technology,Phones,Samsung Replacement EH64AVFWE Premium Headset,22,5,0.2,1.375
IT-2015-JK1609091-42323,2015-11-15 00:00:00,JK-1609091,Juliana Krohn,Consumer,Netherlands,Europe,Western Europe,OFF-BI-4816,Office Supplies,Binders,"Ibico Binding Machine, Durable",79.38,3,0.5,-6.390000000000001
RW-2015-JR6210109-42332,2015-11-24 00:00:00,JR-6210109,Justin Ritter,Corporate,Rwanda,Africa,Eastern Africa,TEC-AC-4166,Technology,Accessories,"Enermax Memory Card, USB",114.6,1,0,17.19
IN-2015-KH163607-42319,2015-11-11 00:00:00,KH-163607,Katherine Hughes,Consumer,Australia,Asia Pacific,Oceania,OFF-FA-6189,Office Supplies,Fasteners,"Stockwell Paper Clips, Assorted Sizes",36.45,3,0.1,0
CA-2015-KC16675140-42312,2015-11-04 00:00:00,KC-166751404,Kimberly Carter,Corporate,United States,USCA,Western US,FUR-CH-4402,Furniture,Chairs,Global Deluxe Office Fabric Chairs,307.136,4,0.2,26.874400000000023
CA-2015-KC16675140-42312,2015-11-04 00:00:00,KC-166751404,Kimberly Carter,Corporate,United States,USCA,Western US,OFF-PA-6461,Office Supplies,Paper,Xerox 191,139.86,7,0,65.73419999999999
US-2015-DL1331555-42329,2015-11-21 00:00:00,DL-1331555,Delfina Latchford,Consumer,Honduras,LATAM,Central America,FUR-FU-3932,Furniture,Furnishings,"Deflect-O Door Stop, Black",70.32,4,0.4,-46.88
ID-2015-EJ1415592-42335,2015-11-27 00:00:00,EJ-1415592,Eva Jacobs,Consumer,New Zealand,Asia Pacific,Oceania,FUR-FU-3947,Furniture,Furnishings,"Deflect-O Light Bulb, Duo Pack",45.71999999999999,4,0.4,-21.359999999999996
ES-2015-NC1862564-42314,2015-11-06 00:00:00,NC-1862564,Noah Childs,Corporate,Italy,Europe,Southern Europe,OFF-EN-4431,Office Supplies,Envelopes,"GlobeWeis Business Envelopes, Recycled",80.7,5,0,35.4
IR-2015-DB291060-42315,2015-11-07 00:00:00,DB-291060,Daniel Byrd,Home Office,Iran,Asia Pacific,Southern Asia,TEC-MA-4204,Technology,Machines,"Epson Phone, Wireless",80.97,1,0,36.42
IT-2015-TB2105545-42334,2015-11-26 00:00:00,TB-2105545,Ted Butterfield,Consumer,France,Europe,Western Europe,OFF-AR-3457,Office Supplies,Art,"BIC Markers, Easy-Erase",53.400000000000006,2,0,14.940000000000001
ES-2015-BT1153048-42326,2015-11-18 00:00:00,BT-1153048,Bradley Talbott,Home Office,Germany,Europe,Western Europe,FUR-FU-4041,Furniture,Furnishings,"Eldon Door Stop, Duo Pack",50.220000000000006,1,0,15.54
ES-2015-NS1864045-42333,2015-11-25 00:00:00,NS-1864045,Noel Staavos,Corporate,France,Europe,Western Europe,OFF-PA-6623,Office Supplies,Paper,"Xerox Parchment Paper, Premium",26.52,2,0,8.459999999999999
MX-2015-SH2063518-42337,2015-11-29 00:00:00,SH-2063518,Stefanie Holloman,Corporate,Brazil,LATAM,South America,OFF-PA-3998,Office Supplies,Paper,"Eaton Message Books, 8.5 x 11",49.440000000000005,3,0,19.74
MX-2015-TS2143028-42322,2015-11-14 00:00:00,TS-2143028,Tom Stivers,Corporate,Colombia,LATAM,South America,OFF-LA-5404,Office Supplies,Labels,"Novimex Shipping Labels, Alphabetical",35.99999999999999,5,0,16.5
IN-2015-SF200657-42311,2015-11-03 00:00:00,SF-200657,Sandra Flanagan,Consumer,Australia,Asia Pacific,Oceania,OFF-AR-3491,Office Supplies,Art,"Binney & Smith Markers, Water Color",32.724,2,0.4,1.043999999999997
IN-2015-RM19750102-42322,2015-11-14 00:00:00,RM-19750102,Roland Murray,Consumer,Philippines,Asia Pacific,Southeastern Asia,OFF-BI-4806,Office Supplies,Binders,"Ibico 3-Hole Punch, Recycled",52.377,2,0.15000000000000002,19.677
CM-2015-BT168022-42312,2015-11-04 00:00:00,BT-168022,Brian Thompson,Consumer,Cameroon,Africa,Central Africa,TEC-AC-4171,Technology,Accessories,"Enermax Mouse, Bluetooth",40.29,1,0,4.83
IN-2015-NF1838527-42329,2015-11-21 00:00:00,NF-1838527,Natalie Fritzler,Consumer,China,Asia Pacific,Eastern Asia,OFF-FA-6198,Office Supplies,Fasteners,"Stockwell Rubber Bands, Assorted Sizes",54.35999999999999,4,0,9.72
MO-2015-NS864086-42322,2015-11-14 00:00:00,NS-864086,Noel Staavos,Corporate,Morocco,Africa,North Africa,OFF-BI-6379,Office Supplies,Binders,"Wilson Jones Binder, Durable",58.08,4,0,2.2800000000000002
CA-2015-LB16735140-42321,2015-11-13 00:00:00,LB-167351408,Larry Blacks,Consumer,United States,USCA,Southern US,OFF-PA-6524,Office Supplies,Paper,Xerox 1968,26.720000000000002,5,0.2,9.352
ES-2015-GH1448545-42318,2015-11-10 00:00:00,GH-1448545,Gene Hale,Corporate,France,Europe,Western Europe,OFF-SU-2987,Office Supplies,Supplies,"Acme Ruler, Steel",32.22,2,0,9.66
MX-2015-LP1709518-42319,2015-11-11 00:00:00,LP-1709518,Liz Preis,Consumer,Brazil,LATAM,South America,OFF-PA-5886,Office Supplies,Paper,"SanDisk Note Cards, Premium",59.64000000000001,3,0,26.820000000000004
IN-2015-SS2059078-42328,2015-11-20 00:00:00,SS-2059078,Sonia Sunley,Consumer,Malaysia,Asia Pacific,Southeastern Asia,TEC-AC-4174,Technology,Accessories,"Enermax Mouse, USB",80.99999999999999,2,0,19.44
ES-2015-DF13135120-42323,2015-11-15 00:00:00,DF-13135120,David Flashing,Consumer,Spain,Europe,Southern Europe,OFF-BI-6375,Office Supplies,Binders,"Wilson Jones Binder Covers, Durable",25.379999999999995,2,0,11.64
MX-2015-JE1561036-42327,2015-11-19 00:00:00,JE-1561036,Jim Epp,Corporate,Dominican Republic,LATAM,Caribbean,OFF-FA-2955,Office Supplies,Fasteners,"Accos Staples, 12 Pack",22.144000000000002,4,0.2,7.184
ES-2015-AP1072045-42323,2015-11-15 00:00:00,AP-1072045,Anne Pryor,Home Office,France,Europe,Western Europe,OFF-AR-6116,Office Supplies,Art,"Stanley Markers, Fluorescent",46.919999999999995,2,0,15.899999999999999
IN-2015-BF1100558-42319,2015-11-11 00:00:00,BF-1100558,Barry Franz,Home Office,India,Asia Pacific,Southern Asia,OFF-LA-5393,Office Supplies,Labels,"Novimex Removable Labels, Laser Printer Compatible",29.07,3,0,14.49
NI-2015-TZ1158095-42321,2015-11-13 00:00:00,TZ-1158095,Tracy Zic,Consumer,Nigeria,Africa,Western Africa,OFF-AR-5919,Office Supplies,Art,"Sanford Markers, Fluorescent",14.706000000000001,2,0.7,-14.753999999999994
MO-2015-DF313586-42326,2015-11-18 00:00:00,DF-313586,David Flashing,Consumer,Morocco,Africa,North Africa,OFF-FA-6186,Office Supplies,Fasteners,"Stockwell Clamps, Bulk Pack",75.36,4,0,6
ID-2015-MG1787559-42325,2015-11-17 00:00:00,MG-1787559,Michael Grace,Home Office,Indonesia,Asia Pacific,Southeastern Asia,OFF-AR-5924,Office Supplies,Art,"Sanford Pens, Blue",32.412000000000006,4,0.27,-4.068000000000003
MX-2015-LB1673536-42312,2015-11-04 00:00:00,LB-1673536,Larry Blacks,Consumer,Dominican Republic,LATAM,Caribbean,OFF-FA-6203,Office Supplies,Fasteners,"Stockwell Staples, Bulk Pack",17.279999999999998,3,0.2,-1.7399999999999998
IR-2015-PN877560-42316,2015-11-08 00:00:00,PN-877560,Parhena Norris,Home Office,Iran,Asia Pacific,Southern Asia,OFF-AR-6126,Office Supplies,Art,"Stanley Sketch Pad, Easy-Erase",44.7,1,0,8.49
RS-2015-BK1260108-42329,2015-11-21 00:00:00,BK-1260108,Berenike Kampe,Consumer,Russia,Europe,Eastern Europe,OFF-AR-5918,Office Supplies,Art,"Sanford Markers, Easy-Erase",23.52,1,0,0.44999999999999996
ES-2015-RW19690139-42316,2015-11-08 00:00:00,RW-19690139,Robert Waldorf,Consumer,United Kingdom,Europe,Northern Europe,FUR-FU-4076,Furniture,Furnishings,"Eldon Light Bulb, Durable",31.121999999999993,2,0.3,5.742000000000004
EG-2015-DL292538-42332,2015-11-24 00:00:00,DL-292538,Daniel Lacy,Consumer,Egypt,Africa,North Africa,OFF-BI-6378,Office Supplies,Binders,"Wilson Jones Binder, Clear",24.96,2,0,1.98
ID-2015-RP19270102-42322,2015-11-14 00:00:00,RP-19270102,Rachel Payne,Corporate,Philippines,Asia Pacific,Southeastern Asia,OFF-SU-6183,Office Supplies,Supplies,"Stiletto Trimmer, Steel",69.54750000000001,3,0.45,-3.802500000000009
CA-2015-LC16885140-42325,2015-11-17 00:00:00,LC-168851404,Lena Creighton,Consumer,United States,USCA,Western US,FUR-FU-4090,Furniture,Furnishings,Eldon Radial Chair Mat for Low to Medium Pile Carpets,119.94,3,0,23.987999999999996
MX-2015-TH21550101-42328,2015-11-20 00:00:00,TH-21550101,Tracy Hopkins,Home Office,Peru,LATAM,South America,OFF-ST-4061,Office Supplies,Storage,"Eldon Folders, Industrial",34.92,5,0.4,-10.480000000000004
ID-2015-KN16450144-42330,2015-11-22 00:00:00,KN-16450144,Kean Nguyen,Corporate,Vietnam,Asia Pacific,Southeastern Asia,OFF-EN-5039,Office Supplies,Envelopes,"Kraft Manila Envelope, Set of 50",43.9734,2,0.17,-2.7066
RW-2015-MF7665109-42321,2015-11-13 00:00:00,MF-7665109,Maureen Fritzler,Corporate,Rwanda,Africa,Eastern Africa,OFF-FA-6196,Office Supplies,Fasteners,"Stockwell Push Pins, Metal",28.98,2,0,0.24
CA-2015-LC16885140-42325,2015-11-17 00:00:00,LC-168851404,Lena Creighton,Consumer,United States,USCA,Western US,FUR-FU-4069,Furniture,Furnishings,Eldon Image Series Black Desk Accessories,12.419999999999998,3,0,4.4712
IN-2015-HM1498027-42311,2015-11-03 00:00:00,HM-1498027,Henry MacAllister,Consumer,China,Asia Pacific,Eastern Asia,OFF-AR-6119,Office Supplies,Art,"Stanley Pencil Sharpener, Fluorescent",49.56,2,0,13.86
KZ-2015-AS63068-42336,2015-11-28 00:00:00,AS-63068,Ann Steele,Home Office,Kazakhstan,Asia Pacific,Central Asia,OFF-ST-6247,Office Supplies,Storage,"Tenex File Cart, Industrial",40.239000000000004,1,0.7,-68.42099999999999
IT-2015-MV1819091-42311,2015-11-03 00:00:00,MV-1819091,Mike Vittorini,Consumer,Netherlands,Europe,Western Europe,OFF-LA-4685,Office Supplies,Labels,"Hon Round Labels, 5000 Label Set",42.300000000000004,12,0.5,-15.300000000000004
ES-2015-MF1766564-42318,2015-11-10 00:00:00,MF-1766564,Maureen Fritzler,Corporate,Italy,Europe,Southern Europe,OFF-BI-3717,Office Supplies,Binders,"Cardinal Binder Covers, Durable",27,2,0,8.64
US-2015-LC16930140-42328,2015-11-20 00:00:00,LC-169301402,Linda Cazamias,Corporate,United States,USCA,Central US,FUR-CH-5090,Furniture,Chairs,"Lifetime Advantage Folding Chairs, 4/Carton",305.312,2,0.3,-8.72320000000002
ES-2015-JF1529548-42313,2015-11-05 00:00:00,JF-1529548,Jason Fortune-,Consumer,Germany,Europe,Western Europe,OFF-ST-6023,Office Supplies,Storage,"Smead Box, Blue",51.696,6,0.2,-12.924
IN-2015-TG2164058-42327,2015-11-19 00:00:00,TG-2164058,Trudy Glocke,Consumer,India,Asia Pacific,Southern Asia,OFF-FA-2942,Office Supplies,Fasteners,"Accos Clamps, Bulk Pack",38.760000000000005,2,0,10.44
IN-2015-Co1264058-42326,2015-11-18 00:00:00,Co-1264058,Corey-Lock,Consumer,India,Asia Pacific,Southern Asia,OFF-LA-3299,Office Supplies,Labels,"Avery Legal Exhibit Labels, Alphabetical",55.8,5,0,6.6000000000000005
CG-2015-LH702033-42311,2015-11-03 00:00:00,LH-702033,Lisa Hazard,Consumer,Democratic Republic of the Congo,Africa,Central Africa,FUR-FU-5725,Furniture,Furnishings,"Rubbermaid Door Stop, Durable",40.830000000000005,1,0,5.28
US-2015-DL1331555-42329,2015-11-21 00:00:00,DL-1331555,Delfina Latchford,Consumer,Honduras,LATAM,Central America,OFF-EN-3659,Office Supplies,Envelopes,"Cameo Clasp Envelope, Set of 50",26.627999999999997,7,0.4,3.528
CA-2015-LS16975140-42337,2015-11-29 00:00:00,LS-169751406,Lindsay Shagiari,Home Office,United States,USCA,Eastern US,FUR-FU-5161,Furniture,Furnishings,Luxo Professional Fluorescent Magnifier Lamp with Clamp-Mount Base,1049.2,5,0,272.79200000000003
CA-2015-LS16975140-42321,2015-11-13 00:00:00,LS-169751402,Lindsay Shagiari,Home Office,United States,USCA,Central US,TEC-PH-5562,Technology,Phones,Panasonic KX TS3282W Corded phone,67.992,1,0.2,8.498999999999992
US-2015-TH2111555-42326,2015-11-18 00:00:00,TH-2111555,Thea Hudgings,Corporate,Honduras,LATAM,Central America,OFF-FA-3044,Office Supplies,Fasteners,"Advantus Paper Clips, Assorted Sizes",16.74,3,0.4,-1.9799999999999998
CA-2015-LS16975140-42321,2015-11-13 00:00:00,LS-169751402,Lindsay Shagiari,Home Office,United States,USCA,Central US,TEC-AC-5187,Technology,Accessories,Maxell LTO Ultrium - 800 GB,44.784,2,0.2,-0.5598000000000045
CA-2015-LS16975140-42321,2015-11-13 00:00:00,LS-169751402,Lindsay Shagiari,Home Office,United States,USCA,Central US,OFF-ST-4272,Office Supplies,Storage,Fellowes Neat Ideas Storage Cubes,77.952,3,0.2,-15.590400000000002
CA-2015-LS16975140-42321,2015-11-13 00:00:00,LS-169751402,Lindsay Shagiari,Home Office,United States,USCA,Central US,OFF-BI-6219,Office Supplies,Binders,Surelock Post Binders,30.55999999999999,5,0.8,-45.84000000000002
CA-2015-LS16975140-42321,2015-11-13 00:00:00,LS-169751402,Lindsay Shagiari,Home Office,United States,USCA,Central US,FUR-FU-4048,Furniture,Furnishings,"Eldon Expressions Desk Accessory, Wood Photo Frame, Mahogany",22.848,3,0.6,-17.707200000000007
CA-2015-LS16975140-42337,2015-11-29 00:00:00,LS-169751406,Lindsay Shagiari,Home Office,United States,USCA,Eastern US,FUR-FU-4070,Furniture,Furnishings,"Eldon Image Series Desk Accessories, Burgundy",20.9,5,0,7.523999999999999
CA-2015-LS16975140-42321,2015-11-13 00:00:00,LS-169751402,Lindsay Shagiari,Home Office,United States,USCA,Central US,OFF-EN-2849,Office Supplies,Envelopes,"#10- 4 1/8"" x 9 1/2"" Security-Tint Envelopes",12.224,2,0.2,4.4312
MX-2015-DR1294039-42321,2015-11-13 00:00:00,DR-1294039,Daniel Raglin,Home Office,El Salvador,LATAM,Central America,OFF-LA-6050,Office Supplies,Labels,"Smead Removable Labels, 5000 Label Set",21,3,0,10.5
CA-2015-LS16975140-42337,2015-11-29 00:00:00,LS-169751406,Lindsay Shagiari,Home Office,United States,USCA,Eastern US,OFF-AR-3443,Office Supplies,Art,BIC Brite Liner Grip Highlighters,1.64,1,0,0.7379999999999999
ES-2015-SE2011048-42335,2015-11-27 00:00:00,SE-2011048,Sanjit Engle,Consumer,Germany,Europe,Western Europe,OFF-BI-4810,Office Supplies,Binders,"Ibico Binder Covers, Recycled",70.05,5,0,25.8
CA-2015-LW16990140-42336,2015-11-28 00:00:00,LW-169901404,Lindsay Williams,Corporate,United States,USCA,Western US,TEC-AC-4142,Technology,Accessories,Enermax Briskie RF Wireless Keyboard and Mouse Combo,166.16,8,0,59.8176
CA-2015-LW16990140-42336,2015-11-28 00:00:00,LW-169901404,Lindsay Williams,Corporate,United States,USCA,Western US,OFF-PA-6311,Office Supplies,Paper,Tops White Computer Printout Paper,244.54999999999998,5,0,114.93849999999998
CA-2015-LW16990140-42323,2015-11-15 00:00:00,LW-169901404,Lindsay Williams,Corporate,United States,USCA,Western US,FUR-CH-4417,Furniture,Chairs,"Global Leather Highback Executive Chair with Pneumatic Height Adjustment, Black",321.568,2,0.2,28.137200000000007
CA-2015-LD700523-42326,2015-11-18 00:00:00,LD-700523,Lisa DeCherney,Consumer,Canada,USCA,Canada,OFF-ST-4253,Office Supplies,Storage,"Fellowes Box, Wire Frame",18.75,1,0,8.61
ES-2015-AC1061564-42329,2015-11-21 00:00:00,AC-1061564,Ann Chong,Corporate,Italy,Europe,Southern Europe,OFF-AR-3547,Office Supplies,Art,"Boston Pens, Easy-Erase",28.98,2,0,9.540000000000001
US-2015-LC17050140-42315,2015-11-07 00:00:00,LC-170501402,Liz Carlisle,Consumer,United States,USCA,Central US,FUR-FU-5091,Furniture,Furnishings,"Linden 10"" Round Wall Clock, Black",30.560000000000002,5,0.6,-19.863999999999997
ID-2015-DB13360130-42322,2015-11-14 00:00:00,DB-13360130,Dennis Bolton,Home Office,Thailand,Asia Pacific,Southeastern Asia,OFF-LA-3317,Office Supplies,Labels,"Avery Round Labels, Laser Printer Compatible",22.7052,6,0.47000000000000003,-4.294799999999999
CA-2015-LP17080140-42329,2015-11-21 00:00:00,LP-170801404,Liz Pelletier,Consumer,United States,USCA,Western US,OFF-BI-4357,Office Supplies,Binders,"GBC Prepunched Paper, 19-Hole, for Binding Systems, 24-lb",84.05600000000001,7,0.2,27.318199999999983
CA-2015-LP17080140-42329,2015-11-21 00:00:00,LP-170801404,Liz Pelletier,Consumer,United States,USCA,Western US,FUR-FU-3836,Furniture,Furnishings,Coloredge Poster Frame,42.599999999999994,3,0,16.614
KG-2015-DB327070-42321,2015-11-13 00:00:00,DB-327070,Deborah Brumfield,Home Office,Kyrgyzstan,Asia Pacific,Central Asia,TEC-AC-5126,Technology,Accessories,"Logitech Mouse, Bluetooth",29.280000000000005,1,0,13.169999999999998
KE-2015-JC538569-42318,2015-11-10 00:00:00,JC-538569,Jenna Caffey,Consumer,Kenya,Africa,Eastern Africa,OFF-LA-6037,Office Supplies,Labels,"Smead File Folder Labels, Laser Printer Compatible",35.519999999999996,4,0,0.24
US-2015-AH1019582-42318,2015-11-10 00:00:00,AH-1019582,Alan Haines,Corporate,Mexico,LATAM,Central America,FUR-CH-5453,Furniture,Chairs,"Office Star Steel Folding Chair, Set of Two",50.112,1,0.2,-3.7680000000000007
IR-2015-MK816060-42329,2015-11-21 00:00:00,MK-816060,Mike Kennedy,Consumer,Iran,Asia Pacific,Southern Asia,OFF-ST-5695,Office Supplies,Storage,"Rogers Folders, Industrial",31.169999999999995,1,0,4.35
ID-2015-SM209507-42336,2015-11-28 00:00:00,SM-209507,Suzanne McNair,Corporate,Australia,Asia Pacific,Oceania,FUR-FU-3930,Furniture,Furnishings,"Deflect-O Clock, Durable",85.21199999999999,2,0.1,-7.6080000000000005
CA-2015-LT17110140-42335,2015-11-27 00:00:00,LT-171101406,Liz Thompson,Consumer,United States,USCA,Eastern US,TEC-PH-5257,Technology,Phones,Motorola L804,220.752,8,0.4,-40.47120000000001
AG-2015-DR29403-42326,2015-11-18 00:00:00,DR-29403,Daniel Raglin,Home Office,Algeria,Africa,North Africa,OFF-PA-5884,Office Supplies,Paper,"SanDisk Note Cards, 8.5 x 11",29.73,1,0,7.709999999999999
AO-2015-DV34654-42326,2015-11-18 00:00:00,DV-34654,Dianna Vittorini,Consumer,Angola,Africa,Central Africa,OFF-BI-3294,Office Supplies,Binders,"Avery Index Tab, Durable",13.379999999999999,2,0,3.42
IN-2015-JK1609027-42320,2015-11-12 00:00:00,JK-1609027,Juliana Krohn,Consumer,China,Asia Pacific,Eastern Asia,OFF-BI-6381,Office Supplies,Binders,"Wilson Jones Binder, Recycled",26.759999999999998,2,0,11.76
US-2015-CM1244518-42327,2015-11-19 00:00:00,CM-1244518,Chuck Magee,Consumer,Brazil,LATAM,South America,OFF-EN-3108,Office Supplies,Envelopes,"Ames Peel and Seal, Recycled",23.32,5,0.6,-19.879999999999995
MX-2015-MA1799582-42327,2015-11-19 00:00:00,MA-1799582,Michelle Arnett,Home Office,Mexico,LATAM,Central America,OFF-FA-3075,Office Supplies,Fasteners,"Advantus Thumb Tacks, Metal",18.280000000000005,2,0,1.64
RW-2015-JH5910109-42329,2015-11-21 00:00:00,JH-5910109,Jonathan Howell,Consumer,Rwanda,Africa,Eastern Africa,OFF-AR-5910,Office Supplies,Art,"Sanford Highlighters, Blue",15.749999999999996,1,0,1.71
IN-2015-OT1873027-42321,2015-11-13 00:00:00,OT-1873027,Olvera Toch,Consumer,China,Asia Pacific,Eastern Asia,FUR-CH-4521,Furniture,Chairs,"Harbour Creations Bag Chairs, Set of Two",63.870000000000005,1,0,18.509999999999998
MX-2015-MY1829582-42321,2015-11-13 00:00:00,MY-1829582,Muhammed Yedwab,Corporate,Mexico,LATAM,Central America,FUR-FU-5730,Furniture,Furnishings,"Rubbermaid Frame, Erganomic",43.404,1,0.4,-22.436000000000007
RS-2015-EG3900108-42318,2015-11-10 00:00:00,EG-3900108,Emily Grady,Consumer,Russia,Europe,Eastern Europe,OFF-ST-4057,Office Supplies,Storage,"Eldon File Cart, Single Width",128.37,1,0,55.17
SU-2015-RD9585122-42334,2015-11-26 00:00:00,RD-9585122,Rob Dowd,Consumer,Sudan,Africa,North Africa,OFF-EN-4440,Office Supplies,Envelopes,"GlobeWeis Interoffice Envelope, Security-Tint",100.44,2,0,42.18
ID-2015-JC1577592-42334,2015-11-26 00:00:00,JC-1577592,John Castell,Consumer,New Zealand,Asia Pacific,Oceania,OFF-FA-2951,Office Supplies,Fasteners,"Accos Rubber Bands, 12 Pack",57.995999999999995,6,0.4,-24.264
TZ-2015-CS2175129-42312,2015-11-04 00:00:00,CS-2175129,Charles Sheldon,Corporate,Tanzania,Africa,Eastern Africa,OFF-AP-4968,Office Supplies,Appliances,"KitchenAid Toaster, Black",84.75,1,0,25.410000000000004
IR-2015-ND846060-42310,2015-11-02 00:00:00,ND-846060,Neil Ducich,Corporate,Iran,Asia Pacific,Southern Asia,OFF-BI-3712,Office Supplies,Binders,"Cardinal 3-Hole Punch, Clear",28.259999999999998,1,0,5.91
IT-2015-CG1252045-42319,2015-11-11 00:00:00,CG-1252045,Claire Gute,Consumer,France,Europe,Western Europe,OFF-FA-2962,Office Supplies,Fasteners,"Accos Thumb Tacks, Metal",20.7,3,0.5,-12.87
IN-2015-CB125357-42327,2015-11-19 00:00:00,CB-125357,Claudia Bergmann,Corporate,Australia,Asia Pacific,Oceania,OFF-LA-3313,Office Supplies,Labels,"Avery Removable Labels, Laser Printer Compatible",38.664,4,0.1,13.224
TU-2015-DV3045134-42335,2015-11-27 00:00:00,DV-3045134,Darrin Van Huff,Corporate,Turkey,Asia Pacific,Western Asia,TEC-PH-3139,Technology,Phones,"Apple Office Telephone, Cordless",27.252,1,0.6,-6.827999999999996
MX-2015-CK1259582-42326,2015-11-18 00:00:00,CK-1259582,Clytie Kelty,Consumer,Mexico,LATAM,Central America,FUR-FU-3932,Furniture,Furnishings,"Deflect-O Door Stop, Black",52.739999999999995,3,0.4,-35.160000000000004
PU-2015-TS1134053-42329,2015-11-21 00:00:00,TS-1134053,Toby Swindell,Consumer,Guinea-Bissau,Africa,Western Africa,OFF-AR-6113,Office Supplies,Art,"Stanley Highlighters, Water Color",17.88,1,0,6.0600000000000005
IN-2015-DW135857-42328,2015-11-20 00:00:00,DW-135857,Dorothy Wardle,Corporate,Australia,Asia Pacific,Oceania,OFF-EN-4451,Office Supplies,Envelopes,"GlobeWeis Peel and Seal, Recycled",54.513,3,0.1,22.383000000000003
CA-2015-LS17245140-42335,2015-11-27 00:00:00,LS-172451402,Lynn Smith,Consumer,United States,USCA,Central US,FUR-FU-4236,Furniture,Furnishings,Executive Impressions Supervisor Wall Clock,126.30000000000001,3,0,40.416
IN-2015-KD1649527-42323,2015-11-15 00:00:00,KD-1649527,Keith Dawkins,Corporate,China,Asia Pacific,Eastern Asia,OFF-FA-2948,Office Supplies,Fasteners,"Accos Push Pins, Assorted Sizes",35.910000000000004,3,0,1.7100000000000002
CA-2015-LS17245140-42335,2015-11-27 00:00:00,LS-172451402,Lynn Smith,Consumer,United States,USCA,Central US,TEC-AC-5856,Technology,Accessories,SanDisk Cruzer 32 GB USB Flash Drive,38.04,2,0,12.172799999999999
ES-2015-BB1154548-42336,2015-11-28 00:00:00,BB-1154548,Brenda Bowman,Corporate,Germany,Europe,Western Europe,OFF-ST-6250,Office Supplies,Storage,"Tenex Folders, Industrial",63.99000000000001,3,0.1,-7.110000000000001
US-2015-BD1162082-42320,2015-11-12 00:00:00,BD-1162082,Brian DeCherney,Consumer,Mexico,LATAM,Central America,FUR-CH-4681,Furniture,Chairs,"Hon Rocking Chair, Adjustable",70.992,1,0.2,-15.988000000000003
TU-2015-AB105134-42326,2015-11-18 00:00:00,AB-105134,Adrian Barton,Consumer,Turkey,Asia Pacific,Western Asia,OFF-ST-6031,Office Supplies,Storage,"Smead File Cart, Blue",50.988,1,0.6,-75.222
MX-2015-BS1166555-42333,2015-11-25 00:00:00,BS-1166555,Brian Stugart,Consumer,Honduras,LATAM,Central America,OFF-BI-6403,Office Supplies,Binders,"Wilson Jones Index Tab, Durable",19.08,6,0.4,-5.7600000000000025
ES-2015-ME18010139-42327,2015-11-19 00:00:00,ME-18010139,Michelle Ellison,Corporate,United Kingdom,Europe,Northern Europe,OFF-FA-6202,Office Supplies,Fasteners,"Stockwell Staples, Assorted Sizes",24.75,3,0,10.620000000000001
MX-2015-PS1904518-42335,2015-11-27 00:00:00,PS-1904518,Penelope Sewall,Home Office,Brazil,LATAM,South America,OFF-EN-5025,Office Supplies,Envelopes,"Kraft Clasp Envelope, Recycled",25.999999999999993,5,0,9.8
IZ-2015-CS186061-42319,2015-11-11 00:00:00,CS-186061,Cari Schnelling,Consumer,Iraq,Asia Pacific,Western Asia,OFF-ST-6228,Office Supplies,Storage,"Tenex Box, Blue",16.5,1,0,4.11
ID-2015-GM1445592-42334,2015-11-26 00:00:00,GM-1445592,Gary Mitchum,Home Office,New Zealand,Asia Pacific,Oceania,OFF-ST-5706,Office Supplies,Storage,"Rogers Shelving, Industrial",50.087999999999994,2,0.6,-52.63199999999999
KE-2015-JH598569-42317,2015-11-09 00:00:00,JH-598569,Joseph Holt,Consumer,Kenya,Africa,Eastern Africa,OFF-BI-3714,Office Supplies,Binders,"Cardinal 3-Hole Punch, Economy",28.799999999999997,1,0,12.96
CA-2015-MB17305140-42321,2015-11-13 00:00:00,MB-173051404,Maria Bertelson,Consumer,United States,USCA,Western US,OFF-AP-4292,Office Supplies,Appliances,Fellowes Superior 10 Outlet Split Surge Protector,76.12,2,0,22.074799999999996
IN-2015-JG1580592-42327,2015-11-19 00:00:00,JG-1580592,John Grady,Corporate,New Zealand,Asia Pacific,Oceania,OFF-FA-6205,Office Supplies,Fasteners,"Stockwell Thumb Tacks, 12 Pack",15.083999999999998,2,0.4,-5.315999999999999
CA-2015-MB17305140-42321,2015-11-13 00:00:00,MB-173051404,Maria Bertelson,Consumer,United States,USCA,Western US,OFF-FA-6129,Office Supplies,Fasteners,Staples,18.240000000000002,3,0,9.120000000000001
IN-2015-CJ118757-42316,2015-11-08 00:00:00,CJ-118757,Carl Jackson,Corporate,Australia,Asia Pacific,Oceania,OFF-LA-3314,Office Supplies,Labels,"Avery Round Labels, 5000 Label Set",20.330999999999996,3,0.1,0.621
MX-2015-RD1990036-42337,2015-11-29 00:00:00,RD-1990036,Ruben Dartt,Consumer,Dominican Republic,LATAM,Caribbean,OFF-BI-6400,Office Supplies,Binders,"Wilson Jones Hole Reinforcements, Recycled",18.256,7,0.2,1.5960000000000008
MO-2015-AH1007586-42332,2015-11-24 00:00:00,AH-1007586,Adam Hart,Corporate,Morocco,Africa,North Africa,TEC-CO-4570,Technology,Copiers,"Hewlett Copy Machine, Laser",526.62,2,0,10.5
CA-2015-ME17320140-42319,2015-11-11 00:00:00,ME-173201404,Maria Etezadi,Home Office,United States,USCA,Western US,FUR-CH-4414,Furniture,Chairs,"Global Leather & Oak Executive Chair, Burgundy",241.42399999999998,2,0.2,-36.213599999999985
US-2015-ME17320140-42322,2015-11-14 00:00:00,ME-173201402,Maria Etezadi,Home Office,United States,USCA,Central US,OFF-AP-4728,Office Supplies,Appliances,Hoover Commercial Soft Guard Upright Vacuum And Disposable Filtration Bags,9.323999999999998,6,0.8,-24.708599999999997
UP-2015-KC6255137-42312,2015-11-04 00:00:00,KC-6255137,Karen Carlisle,Corporate,Ukraine,Europe,Eastern Europe,OFF-PA-4159,Office Supplies,Paper,"Enermax Memo Slips, 8.5 x 11",19.8,1,0,0
ES-2015-SV20815139-42328,2015-11-20 00:00:00,SV-20815139,Stuart Van,Corporate,United Kingdom,Europe,Northern Europe,OFF-ST-6039,Office Supplies,Storage,"Smead Folders, Industrial",17.97,1,0,4.11
CA-2015-ME17320140-42327,2015-11-19 00:00:00,ME-173201402,Maria Etezadi,Home Office,United States,USCA,Central US,FUR-FU-3830,Furniture,Furnishings,"C-Line Magnetic Cubicle Keepers, Clear Polypropylene",19.76,4,0,8.2992
IT-2015-CJ1201091-42336,2015-11-28 00:00:00,CJ-1201091,Caroline Jumper,Consumer,Netherlands,Europe,Western Europe,OFF-ST-4261,Office Supplies,Storage,"Fellowes Folders, Blue",39.599999999999994,3,0.5,0
ID-2015-LW172157-42326,2015-11-18 00:00:00,LW-172157,Luke Weiss,Consumer,Australia,Asia Pacific,Oceania,OFF-FA-6186,Office Supplies,Fasteners,"Stockwell Clamps, Bulk Pack",45.216,4,0.4,-4.584000000000003
US-2015-TZ2158036-42318,2015-11-10 00:00:00,TZ-2158036,Tracy Zic,Consumer,Dominican Republic,LATAM,Caribbean,OFF-AR-6126,Office Supplies,Art,"Stanley Sketch Pad, Easy-Erase",23.84,1,0.2,2.9800000000000004
IN-2015-EJ137207-42314,2015-11-06 00:00:00,EJ-137207,Ed Jacobs,Consumer,Australia,Asia Pacific,Oceania,OFF-BI-3253,Office Supplies,Binders,"Avery Binder, Economy",34.83,3,0.1,11.969999999999999
MX-2015-MY1829582-42321,2015-11-13 00:00:00,MY-1829582,Muhammed Yedwab,Corporate,Mexico,LATAM,Central America,OFF-EN-5041,Office Supplies,Envelopes,"Kraft Peel and Seal, Recycled",64.3,5,0,12.8
MX-2015-AF1088582-42316,2015-11-08 00:00:00,AF-1088582,Art Foster,Consumer,Mexico,LATAM,Central America,FUR-FU-4043,Furniture,Furnishings,"Eldon Door Stop, Erganomic",39.02400000000001,2,0.4,-1.9760000000000049
IT-2015-DW13540120-42336,2015-11-28 00:00:00,DW-13540120,Don Weiss,Consumer,Spain,Europe,Southern Europe,OFF-LA-6064,Office Supplies,Labels,"Smead Shipping Labels, Laser Printer Compatible",23.22,2,0,1.62
TU-2015-EH3990134-42336,2015-11-28 00:00:00,EH-3990134,Erica Hackney,Consumer,Turkey,Asia Pacific,Western Asia,OFF-EN-3661,Office Supplies,Envelopes,"Cameo Interoffice Envelope, Recycled",36.984,2,0.6,-16.656000000000006
IN-2015-RD198107-42325,2015-11-17 00:00:00,RD-198107,Ross DeVincentis,Home Office,Australia,Asia Pacific,Oceania,OFF-BI-4808,Office Supplies,Binders,"Ibico Binder Covers, Durable",30.299999999999997,2,0,10.56
IN-2015-VP2173090-42329,2015-11-21 00:00:00,VP-2173090,Victor Preis,Home Office,Nepal,Asia Pacific,Southern Asia,OFF-FA-2950,Office Supplies,Fasteners,"Accos Push Pins, Metal",58.56,4,0,22.799999999999997
MX-2015-EM1414093-42323,2015-11-15 00:00:00,EM-1414093,Eugene Moren,Home Office,Nicaragua,LATAM,Central America,OFF-EN-4436,Office Supplies,Envelopes,"GlobeWeis Clasp Envelope, Security-Tint",57.39999999999999,7,0,28
ID-2015-DL129257-42312,2015-11-04 00:00:00,DL-129257,Daniel Lacy,Consumer,Australia,Asia Pacific,Oceania,OFF-BI-4828,Office Supplies,Binders,"Ibico Index Tab, Clear",21.384,4,0.4,-13.296
US-2015-MY17380140-42333,2015-11-25 00:00:00,MY-173801408,Maribeth Yedwab,Corporate,United States,USCA,Southern US,OFF-EN-5583,Office Supplies,Envelopes,"Peel & Seel Recycled Catalog Envelopes, Brown",64.84800000000001,7,0.2,24.317999999999998
US-2015-CG1252055-42316,2015-11-08 00:00:00,CG-1252055,Claire Gute,Consumer,Honduras,LATAM,Central America,OFF-AR-6117,Office Supplies,Art,"Stanley Markers, Water Color",20.304,2,0.4,-4.775999999999999
US-2015-MY17380140-42333,2015-11-25 00:00:00,MY-173801408,Maribeth Yedwab,Corporate,United States,USCA,Southern US,OFF-BI-5188,Office Supplies,Binders,"Mead 1st Gear 2"" Zipper Binder, Asst. Colors",11.673000000000002,3,0.7,-7.782
ES-2015-SW2075545-42320,2015-11-12 00:00:00,SW-2075545,Steven Ward,Corporate,France,Europe,Western Europe,OFF-SU-6167,Office Supplies,Supplies,"Stiletto Letter Opener, Steel",125.40000000000003,5,0,15
MX-2015-MY1829582-42321,2015-11-13 00:00:00,MY-1829582,Muhammed Yedwab,Corporate,Mexico,LATAM,Central America,OFF-EN-3104,Office Supplies,Envelopes,"Ames Manila Envelope, Recycled",31.32,2,0,5.320000000000001
IN-2015-HJ1487527-42333,2015-11-25 00:00:00,HJ-1487527,Heather Jas,Home Office,China,Asia Pacific,Eastern Asia,FUR-FU-3947,Furniture,Furnishings,"Deflect-O Light Bulb, Duo Pack",19.049999999999997,1,0,2.2800000000000002
IT-2015-JK1537064-42327,2015-11-19 00:00:00,JK-1537064,Jay Kimmel,Consumer,Italy,Europe,Southern Europe,OFF-ST-6026,Office Supplies,Storage,"Smead Box, Wire Frame",23.616,4,0.4,-9.143999999999998
MX-2015-AH1021082-42314,2015-11-06 00:00:00,AH-1021082,Alan Hwang,Consumer,Mexico,LATAM,Central America,OFF-FA-3073,Office Supplies,Fasteners,"Advantus Thumb Tacks, Assorted Sizes",66.24,9,0,0
CA-2015-ML17410140-42315,2015-11-07 00:00:00,ML-174101406,Maris LaWare,Consumer,United States,USCA,Eastern US,FUR-CH-4429,Furniture,Chairs,"Global Wood Trimmed Manager's Task Chair, Khaki",127.372,2,0.3,-30.933200000000006
CA-2015-ML17410140-42315,2015-11-07 00:00:00,ML-174101406,Maris LaWare,Consumer,United States,USCA,Eastern US,OFF-PA-6461,Office Supplies,Paper,Xerox 191,47.952000000000005,3,0.2,16.183799999999998
MX-2015-PB1915028-42309,2015-11-01 00:00:00,PB-1915028,Philip Brown,Consumer,Colombia,LATAM,South America,OFF-EN-3106,Office Supplies,Envelopes,"Ames Manila Envelope, Set of 50",65.84,4,0,15.12
TO-2015-BG1695131-42325,2015-11-17 00:00:00,BG-1695131,Brooke Gillingham,Corporate,Togo,Africa,Western Africa,TEC-AC-3395,Technology,Accessories,"Belkin Mouse, USB",40.919999999999995,1,0,6.12
KE-2015-SW1027569-42320,2015-11-12 00:00:00,SW-1027569,Scott Williamson,Consumer,Kenya,Africa,Eastern Africa,OFF-SU-4984,Office Supplies,Supplies,"Kleencut Ruler, Steel",51.84,4,0,18.12
MX-2015-MC1757536-42338,2015-11-30 00:00:00,MC-1757536,Matt Collins,Consumer,Dominican Republic,LATAM,Caribbean,OFF-SU-4126,Office Supplies,Supplies,"Elite Ruler, Steel",21.12,3,0.2,0.479999999999999
MX-2015-TM2149031-42329,2015-11-21 00:00:00,TM-2149031,Tony Molinari,Consumer,Cuba,LATAM,Caribbean,OFF-FA-3044,Office Supplies,Fasteners,"Advantus Paper Clips, Assorted Sizes",18.6,2,0,6.12
ID-2015-HA149207-42328,2015-11-20 00:00:00,HA-149207,Helen Andreada,Consumer,Australia,Asia Pacific,Oceania,OFF-LA-4685,Office Supplies,Labels,"Hon Round Labels, 5000 Label Set",44.415000000000006,7,0.1,-4.9350000000000005
IN-2015-JL1523527-42322,2015-11-14 00:00:00,JL-1523527,Janet Lee,Consumer,China,Asia Pacific,Eastern Asia,OFF-LA-3313,Office Supplies,Labels,"Avery Removable Labels, Laser Printer Compatible",32.22,3,0,13.14
ID-2015-JC1577592-42334,2015-11-26 00:00:00,JC-1577592,John Castell,Consumer,New Zealand,Asia Pacific,Oceania,OFF-BI-2899,Office Supplies,Binders,"Acco Binding Machine, Clear",60.660000000000004,2,0.4,-5.1000000000000085
CA-2015-MV17485140-42333,2015-11-25 00:00:00,MV-174851404,Mark Van Huff,Consumer,United States,USCA,Western US,OFF-ST-4244,Office Supplies,Storage,Fellowes Bankers Box Staxonsteel Drawer File/Stacking System,415.87200000000007,8,0.2,-41.587199999999996
US-2015-SU20665143-42335,2015-11-27 00:00:00,SU-20665143,Stephanie Ulpright,Home Office,Venezuela,LATAM,South America,OFF-ST-6282,Office Supplies,Storage,"Tenex Trays, Industrial",43.75199999999998,2,0.4,-0.7679999999999894
ID-2015-KF1628559-42321,2015-11-13 00:00:00,KF-1628559,Karen Ferguson,Home Office,Indonesia,Asia Pacific,Southeastern Asia,OFF-EN-3100,Office Supplies,Envelopes,"Ames Mailers, Recycled",18.3645,1,0.47000000000000003,-7.285499999999999
CA-2015-MV17485140-42333,2015-11-25 00:00:00,MV-174851404,Mark Van Huff,Consumer,United States,USCA,Western US,OFF-BI-4362,Office Supplies,Binders,GBC Recycled Grain Textured Covers,20.724000000000004,2,0.7,-15.197599999999994
ID-2015-BT11440102-42318,2015-11-10 00:00:00,BT-11440102,Bobby Trafton,Consumer,Philippines,Asia Pacific,Southeastern Asia,OFF-LA-6045,Office Supplies,Labels,"Smead Legal Exhibit Labels, Laser Printer Compatible",30.525000000000002,5,0.45,-1.125
IZ-2015-CS186061-42319,2015-11-11 00:00:00,CS-186061,Cari Schnelling,Consumer,Iraq,Asia Pacific,Western Asia,OFF-BI-3724,Office Supplies,Binders,"Cardinal Binding Machine, Clear",49.23000000000001,1,0,19.68
IN-2015-NP1832527-42338,2015-11-30 00:00:00,NP-1832527,Naresj Patel,Consumer,China,Asia Pacific,Eastern Asia,OFF-SU-4983,Office Supplies,Supplies,"Kleencut Ruler, Serrated",41.04,4,0,11.040000000000001
MX-2015-RE1940537-42320,2015-11-12 00:00:00,RE-1940537,Ricardo Emerson,Consumer,Ecuador,LATAM,South America,OFF-ST-4252,Office Supplies,Storage,"Fellowes Box, Single Width",26.28,2,0,2.08
IZ-2015-DW348061-42314,2015-11-06 00:00:00,DW-348061,Dianna Wilson,Home Office,Iraq,Asia Pacific,Western Asia,OFF-ST-5686,Office Supplies,Storage,"Rogers Box, Blue",47.94,2,0,0.8999999999999999
ES-2015-MO1795048-42313,2015-11-05 00:00:00,MO-1795048,Michael Oakman,Consumer,Germany,Europe,Western Europe,OFF-PA-4480,Office Supplies,Paper,"Green Bar Note Cards, Premium",26.811,1,0.1,7.730999999999999
ES-2015-ON18715120-42322,2015-11-14 00:00:00,ON-18715120,Odella Nelson,Corporate,Spain,Europe,Southern Europe,OFF-PA-4160,Office Supplies,Paper,"Enermax Memo Slips, Multicolor",34.14,2,0,16.02
ES-2015-SJ20125120-42337,2015-11-29 00:00:00,SJ-20125120,Sanjit Jacobs,Home Office,Spain,Europe,Southern Europe,OFF-SU-4316,Office Supplies,Supplies,"Fiskars Scissors, High Speed",46.32000000000001,2,0,22.200000000000003
IN-2015-KH1663088-42326,2015-11-18 00:00:00,KH-1663088,Ken Heidel,Corporate,Myanmar (Burma),Asia Pacific,Southeastern Asia,OFF-SU-6167,Office Supplies,Supplies,"Stiletto Letter Opener, Steel",41.63280000000001,2,0.17,7.972799999999998
ES-2015-NB18655120-42331,2015-11-23 00:00:00,NB-18655120,Nona Balk,Corporate,Spain,Europe,Southern Europe,OFF-EN-4925,Office Supplies,Envelopes,"Jiffy Peel and Seal, Set of 50",40.019999999999996,2,0,9.959999999999999
ID-2015-DB13360130-42322,2015-11-14 00:00:00,DB-13360130,Dennis Bolton,Home Office,Thailand,Asia Pacific,Southeastern Asia,OFF-SU-4317,Office Supplies,Supplies,"Fiskars Scissors, Serrated",21.0516,2,0.47000000000000003,-3.608400000000003
ES-2015-BH1171045-42318,2015-11-10 00:00:00,BH-1171045,Brosina Hoffman,Consumer,France,Europe,Western Europe,OFF-FA-6203,Office Supplies,Fasteners,"Stockwell Staples, Bulk Pack",31.23,3,0,12.78
IN-2015-CD1192021-42312,2015-11-04 00:00:00,CD-1192021,Carlos Daly,Consumer,Cambodia,Asia Pacific,Southeastern Asia,OFF-BI-3716,Office Supplies,Binders,"Cardinal Binder Covers, Clear",34.379999999999995,3,0,15.120000000000001
RW-2015-JR6210109-42332,2015-11-24 00:00:00,JR-6210109,Justin Ritter,Corporate,Rwanda,Africa,Eastern Africa,OFF-SU-2989,Office Supplies,Supplies,"Acme Scissors, High Speed",50.88,2,0,4.5600000000000005
CA-2015-MC17590140-42318,2015-11-10 00:00:00,MC-175901404,Matt Collister,Corporate,United States,USCA,Western US,TEC-AC-5655,Technology,Accessories,Razer Kraken 7.1 Surround Sound Over Ear USB Gaming Headset,99.99,1,0,43.9956
CA-2015-MC17590140-42318,2015-11-10 00:00:00,MC-175901404,Matt Collister,Corporate,United States,USCA,Western US,OFF-ST-5811,Office Supplies,Storage,"Safco Wire Cube Shelving System, For Use as 4 or 5 14"" Cubes, Black",63.56,2,0,3.1779999999999973
MX-2015-SR2042539-42335,2015-11-27 00:00:00,SR-2042539,Sharelle Roach,Home Office,El Salvador,LATAM,Central America,OFF-BI-2902,Office Supplies,Binders,"Acco Binding Machine, Recycled",68.6,2,0,26.72
IT-2015-LC16930104-42320,2015-11-12 00:00:00,LC-16930104,Linda Cazamias,Corporate,Portugal,Europe,Southern Europe,OFF-BI-2919,Office Supplies,Binders,"Acco Index Tab, Economy",25.2,5,0.5,-2.099999999999998
ES-2015-JE1547545-42334,2015-11-26 00:00:00,JE-1547545,Jeremy Ellison,Consumer,France,Europe,Western Europe,OFF-AR-5927,Office Supplies,Art,"Sanford Pens, Water Color",42.84,3,0,19.620000000000005
ES-2015-NC1862564-42314,2015-11-06 00:00:00,NC-1862564,Noah Childs,Corporate,Italy,Europe,Southern Europe,OFF-AR-3476,Office Supplies,Art,"Binney & Smith Canvas, Easy-Erase",103.25999999999999,2,0,17.52
ES-2015-BH1171045-42318,2015-11-10 00:00:00,BH-1171045,Brosina Hoffman,Consumer,France,Europe,Western Europe,OFF-ST-6038,Office Supplies,Storage,"Smead Folders, Blue",62.964000000000006,4,0.1,1.283999999999998
MO-2015-AJ79586-42333,2015-11-25 00:00:00,AJ-79586,Anthony Johnson,Corporate,Morocco,Africa,North Africa,OFF-BI-2913,Office Supplies,Binders,"Acco Hole Reinforcements, Durable",65.28,8,0,30.48
MX-2015-TT2126582-42329,2015-11-21 00:00:00,TT-2126582,Tim Taslimi,Corporate,Mexico,LATAM,Central America,OFF-PA-4184,Office Supplies,Paper,"Enermax Parchment Paper, Recycled",40.8,4,0,0
IT-2015-GR14560124-42320,2015-11-12 00:00:00,GR-14560124,Georgia Rosenberg,Corporate,Sweden,Europe,Northern Europe,OFF-AP-3583,Office Supplies,Appliances,"Breville Toaster, Red",115.06500000000001,3,0.5,-39.19500000000001
IN-2015-MH1744027-42334,2015-11-26 00:00:00,MH-1744027,Mark Haberlin,Corporate,China,Asia Pacific,Eastern Asia,OFF-LA-4551,Office Supplies,Labels,"Harbour Creations Round Labels, Laser Printer Compatible",47.25,7,0,13.23
IN-2015-NS1864027-42321,2015-11-13 00:00:00,NS-1864027,Noel Staavos,Corporate,China,Asia Pacific,Eastern Asia,OFF-LA-5384,Office Supplies,Labels,"Novimex File Folder Labels, Alphabetical",32.28,4,0,8.28
MD-2015-KC654083-42336,2015-11-28 00:00:00,KC-654083,Kelly Collister,Consumer,Moldova,Europe,Eastern Europe,OFF-EN-5035,Office Supplies,Envelopes,"Kraft Mailers, Set of 50",37.650000000000006,1,0,10.14
ES-2015-NB18655120-42331,2015-11-23 00:00:00,NB-18655120,Nona Balk,Corporate,Spain,Europe,Southern Europe,OFF-FA-5472,Office Supplies,Fasteners,"OIC Push Pins, Assorted Sizes",24.72,2,0,4.92
ID-2015-PH1879059-42312,2015-11-04 00:00:00,PH-1879059,Patricia Hirasaki,Home Office,Indonesia,Asia Pacific,Southeastern Asia,TEC-AC-5883,Technology,Accessories,"SanDisk Mouse, USB",61.24679999999999,3,0.47000000000000003,-54.313199999999995
AO-2015-DR29404-42330,2015-11-22 00:00:00,DR-29404,Daniel Raglin,Home Office,Angola,Africa,Central Africa,OFF-BI-4826,Office Supplies,Binders,"Ibico Hole Reinforcements, Recycled",29.400000000000002,4,0,9
IN-2015-PB1880558-42314,2015-11-06 00:00:00,PB-1880558,Patrick Bzostek,Home Office,India,Asia Pacific,Southern Asia,OFF-AR-3481,Office Supplies,Art,"Binney & Smith Highlighters, Blue",33.17999999999999,2,0,1.98
ES-2015-VG2180564-42328,2015-11-20 00:00:00,VG-2180564,Vivek Grady,Corporate,Italy,Europe,Southern Europe,OFF-BI-3725,Office Supplies,Binders,"Cardinal Binding Machine, Durable",102.54000000000002,2,0,35.88
US-2015-SU20665143-42335,2015-11-27 00:00:00,SU-20665143,Stephanie Ulpright,Home Office,Venezuela,LATAM,South America,TEC-AC-5219,Technology,Accessories,"Memorex Mouse, USB",45.40799999999999,4,0.4,-25.791999999999994
CA-2015-ML17755140-42320,2015-11-12 00:00:00,ML-177551406,Max Ludwig,Home Office,United States,USCA,Eastern US,OFF-PA-6586,Office Supplies,Paper,Xerox 222,10.368000000000002,2,0.2,3.6288
ES-2015-NB18655120-42331,2015-11-23 00:00:00,NB-18655120,Nona Balk,Corporate,Spain,Europe,Southern Europe,OFF-EN-4443,Office Supplies,Envelopes,"GlobeWeis Mailers, Recycled",37.349999999999994,1,0,4.47
EG-2015-DL292538-42332,2015-11-24 00:00:00,DL-292538,Daniel Lacy,Consumer,Egypt,Africa,North Africa,OFF-ST-5687,Office Supplies,Storage,"Rogers Box, Industrial",24.450000000000003,1,0,0
IZ-2015-RD972061-42311,2015-11-03 00:00:00,RD-972061,Roger Demir,Consumer,Iraq,Asia Pacific,Western Asia,OFF-AR-3483,Office Supplies,Art,"Binney & Smith Highlighters, Fluorescent",17.849999999999998,1,0,1.41
RS-2015-AY555108-42334,2015-11-26 00:00:00,AY-555108,Andy Yotov,Corporate,Russia,Europe,Eastern Europe,OFF-BI-4803,Office Supplies,Binders,"Ibico 3-Hole Punch, Clear",29.910000000000004,1,0,11.94
MX-2015-DG1330093-42319,2015-11-11 00:00:00,DG-1330093,Deirdre Greer,Corporate,Nicaragua,LATAM,Central America,OFF-BI-4814,Office Supplies,Binders,"Ibico Binder, Recycled",31.679999999999996,3,0,12.299999999999997
ID-2015-BP1118559-42333,2015-11-25 00:00:00,BP-1118559,Ben Peterman,Corporate,Indonesia,Asia Pacific,Southeastern Asia,OFF-LA-4640,Office Supplies,Labels,"Hon Color Coded Labels, Laser Printer Compatible",27.1572,4,0.47000000000000003,-7.282800000000002
MX-2015-CV1229551-42318,2015-11-10 00:00:00,CV-1229551,Christina VanderZanden,Consumer,Guatemala,LATAM,Central America,OFF-ST-5689,Office Supplies,Storage,"Rogers Box, Wire Frame",46.08,3,0,8.7
YM-2015-MC7845145-42335,2015-11-27 00:00:00,MC-7845145,Michael Chen,Consumer,Yemen,Asia Pacific,Western Asia,FUR-FU-5724,Furniture,Furnishings,"Rubbermaid Door Stop, Duo Pack",13.158000000000001,1,0.7,-27.642
IN-2015-SM20905130-42332,2015-11-24 00:00:00,SM-20905130,Susan MacKendrick,Consumer,Thailand,Asia Pacific,Southeastern Asia,OFF-BI-4814,Office Supplies,Binders,"Ibico Binder, Recycled",26.294399999999996,2,0.17,6.914399999999999
ES-2015-CJ1201064-42323,2015-11-15 00:00:00,CJ-1201064,Caroline Jumper,Consumer,Italy,Europe,Southern Europe,OFF-AR-3481,Office Supplies,Art,"Binney & Smith Highlighters, Blue",49.76999999999999,3,0,7.38
EG-2015-DN369038-42311,2015-11-03 00:00:00,DN-369038,Duane Noonan,Consumer,Egypt,Africa,North Africa,OFF-FA-2954,Office Supplies,Fasteners,"Accos Rubber Bands, Metal",33.6,2,0,12.419999999999998
CA-2015-MT17815140-42320,2015-11-12 00:00:00,MT-178151406,Meg Tillman,Consumer,United States,USCA,Eastern US,OFF-ST-3399,Office Supplies,Storage,Belkin OmniView SE Rackmount Kit,35.48,1,0,0
MX-2015-ML1741031-42320,2015-11-12 00:00:00,ML-1741031,Maris LaWare,Consumer,Cuba,LATAM,Caribbean,OFF-LA-4529,Office Supplies,Labels,"Harbour Creations Color Coded Labels, Laser Printer Compatible",17.2,2,0,6.5200000000000005
MX-2015-LD1700582-42320,2015-11-12 00:00:00,LD-1700582,Lisa DeCherney,Consumer,Mexico,LATAM,Central America,OFF-BI-3719,Office Supplies,Binders,"Cardinal Binder Covers, Recycled",32.96,4,0,4.56
US-2015-MC17845140-42319,2015-11-11 00:00:00,MC-178451404,Michael Chen,Consumer,United States,USCA,Western US,OFF-AP-4221,Office Supplies,Appliances,"Eureka The Boss Lite 10-Amp Upright Vacuum, Blue",400.79999999999995,5,0,112.224
IN-2015-PS1897058-42337,2015-11-29 00:00:00,PS-1897058,Paul Stevenson,Home Office,India,Asia Pacific,Southern Asia,OFF-FA-2949,Office Supplies,Fasteners,"Accos Push Pins, Bulk Pack",72.6,5,0,23.85
US-2015-MC17845140-42319,2015-11-11 00:00:00,MC-178451404,Michael Chen,Consumer,United States,USCA,Western US,OFF-BI-4375,Office Supplies,Binders,GBC VeloBinder Manual Binding System,28.792,1,0.2,10.077200000000001
US-2015-JA1597055-42330,2015-11-22 00:00:00,JA-1597055,Joseph Airdo,Consumer,Honduras,LATAM,Central America,OFF-AR-6105,Office Supplies,Art,"Stanley Canvas, Blue",39.57599999999999,2,0.4,5.256
CA-2015-MD17860140-42333,2015-11-25 00:00:00,MD-178601408,Michael Dominguez,Corporate,United States,USCA,Southern US,OFF-BI-3267,Office Supplies,Binders,Avery Durable Slant Ring Binders,19.008000000000003,8,0.7,-12.671999999999997
IN-2015-AF1087092-42314,2015-11-06 00:00:00,AF-1087092,Art Ferguson,Consumer,New Zealand,Asia Pacific,Oceania,OFF-AR-3494,Office Supplies,Art,"Binney & Smith Pencil Sharpener, Water Color",16.164,1,0.4,0.5339999999999989
MO-2015-DO343586-42327,2015-11-19 00:00:00,DO-343586,Denny Ordway,Consumer,Morocco,Africa,North Africa,OFF-ST-6281,Office Supplies,Storage,"Tenex Trays, Blue",54.209999999999994,1,0,11.370000000000001
MX-2015-TC2114593-42313,2015-11-05 00:00:00,TC-2114593,Theresa Coyne,Corporate,Nicaragua,LATAM,Central America,OFF-BI-4808,Office Supplies,Binders,"Ibico Binder Covers, Durable",30.3,3,0,2.1
ES-2015-AG1052545-42332,2015-11-24 00:00:00,AG-1052545,Andy Gerbode,Corporate,France,Europe,Western Europe,OFF-BI-3289,Office Supplies,Binders,"Avery Hole Reinforcements, Clear",27.09,7,0,2.52
MO-2015-PO919586-42336,2015-11-28 00:00:00,PO-919586,Phillina Ober,Home Office,Morocco,Africa,North Africa,OFF-ST-6038,Office Supplies,Storage,"Smead Folders, Blue",34.980000000000004,2,0,4.14
MX-2015-TM2149031-42329,2015-11-21 00:00:00,TM-2149031,Tony Molinari,Consumer,Cuba,LATAM,Caribbean,OFF-PA-4473,Office Supplies,Paper,"Green Bar Memo Slips, Recycled",11.24,1,0,3.2399999999999998
SU-2015-MY8295122-42312,2015-11-04 00:00:00,MY-8295122,Muhammed Yedwab,Corporate,Sudan,Africa,North Africa,OFF-AR-3466,Office Supplies,Art,"BIC Pens, Fluorescent",15.54,1,0,5.1
IN-2015-TG213107-42332,2015-11-24 00:00:00,TG-213107,Toby Gnade,Consumer,Australia,Asia Pacific,Oceania,OFF-AR-6108,Office Supplies,Art,"Stanley Canvas, Water Color",94.77000000000001,2,0.1,25.229999999999997
KG-2015-DB327070-42321,2015-11-13 00:00:00,DB-327070,Deborah Brumfield,Home Office,Kyrgyzstan,Asia Pacific,Central Asia,OFF-ST-6229,Office Supplies,Storage,"Tenex Box, Industrial",16.98,1,0,7.98
CA-2015-MN17935140-42335,2015-11-27 00:00:00,MN-179351406,Michael Nguyen,Consumer,United States,USCA,Eastern US,TEC-PH-5602,Technology,Phones,Plantronics Calisto P620-M USB Wireless Speakerphone System,979.95,5,0,264.58650000000006
CA-2015-MN17935140-42322,2015-11-14 00:00:00,MN-179351408,Michael Nguyen,Consumer,United States,USCA,Southern US,OFF-ST-6289,Office Supplies,Storage,Tennsco Double-Tier Lockers,720.0640000000001,4,0.2,-63.005600000000015
CA-2015-MN17935140-42335,2015-11-27 00:00:00,MN-179351406,Michael Nguyen,Consumer,United States,USCA,Eastern US,FUR-FU-3908,Furniture,Furnishings,"DataProducts Ampli Magnifier Task Lamp, Black,",135.29999999999998,5,0,37.88399999999999
CA-2015-MN17935140-42322,2015-11-14 00:00:00,MN-179351408,Michael Nguyen,Consumer,United States,USCA,Southern US,OFF-PA-2847,Office Supplies,Paper,"""While you Were Out"" Message Book, One Form per Page",8.904,3,0.2,3.3389999999999995
MX-2015-JJ1544598-42336,2015-11-28 00:00:00,JJ-1544598,Jennifer Jackson,Consumer,Panama,LATAM,Central America,OFF-FA-2948,Office Supplies,Fasteners,"Accos Push Pins, Assorted Sizes",28.727999999999998,6,0.4,1.3680000000000008
IT-2015-MS1771045-42336,2015-11-28 00:00:00,MS-1771045,Maurice Satty,Consumer,France,Europe,Western Europe,OFF-SU-6169,Office Supplies,Supplies,"Stiletto Ruler, High Speed",29.759999999999998,2,0,3.84
ES-2015-SW2075545-42320,2015-11-12 00:00:00,SW-2075545,Steven Ward,Corporate,France,Europe,Western Europe,OFF-FA-5485,Office Supplies,Fasteners,"OIC Thumb Tacks, Assorted Sizes",115.19999999999999,10,0,45.9
EG-2015-BB99038-42319,2015-11-11 00:00:00,BB-99038,Barry Blumstein,Corporate,Egypt,Africa,North Africa,OFF-AR-3492,Office Supplies,Art,"Binney & Smith Pencil Sharpener, Easy-Erase",27.93,1,0,3.06
IT-2015-TB2105545-42334,2015-11-26 00:00:00,TB-2105545,Ted Butterfield,Consumer,France,Europe,Western Europe,OFF-LA-3298,Office Supplies,Labels,"Avery Legal Exhibit Labels, Adjustable",46.2,5,0,14.249999999999998
MX-2015-LH1675082-42336,2015-11-28 00:00:00,LH-1675082,Larry Hughes,Consumer,Mexico,LATAM,Central America,OFF-LA-4533,Office Supplies,Labels,"Harbour Creations File Folder Labels, 5000 Label Set",24.32,4,0,7.040000000000001
TU-2015-GT4755134-42326,2015-11-18 00:00:00,GT-4755134,Guy Thornton,Consumer,Turkey,Asia Pacific,Western Asia,TEC-AC-5881,Technology,Accessories,"SanDisk Mouse, Erganomic",14.448,1,0.6,-14.471999999999998
ES-2015-JS1559548-42322,2015-11-14 00:00:00,JS-1559548,Jill Stevenson,Corporate,Germany,Europe,Western Europe,OFF-EN-4915,Office Supplies,Envelopes,"Jiffy Mailers, Security-Tint",39.57000000000001,1,0,15.03
MX-2015-DG1330093-42319,2015-11-11 00:00:00,DG-1330093,Deirdre Greer,Corporate,Nicaragua,LATAM,Central America,OFF-EN-3675,Office Supplies,Envelopes,"Cameo Peel and Seal, Set of 50",28,2,0,1.6800000000000002
ES-2015-PK1907534-42333,2015-11-25 00:00:00,PK-1907534,Pete Kriz,Consumer,Denmark,Europe,Northern Europe,OFF-AR-3476,Office Supplies,Art,"Binney & Smith Canvas, Easy-Erase",25.814999999999998,1,0.5,-17.055
CA-2015-MH18025140-42320,2015-11-12 00:00:00,MH-180251408,Michelle Huthwaite,Consumer,United States,USCA,Southern US,FUR-FU-4231,Furniture,Furnishings,"Executive Impressions 14"" Contract Wall Clock",88.92000000000002,5,0.2,14.449499999999986
MX-2015-MM1792036-42337,2015-11-29 00:00:00,MM-1792036,Michael Moore,Consumer,Dominican Republic,LATAM,Caribbean,OFF-PA-5878,Office Supplies,Paper,"SanDisk Message Books, Premium",25.408000000000005,2,0.2,3.8079999999999985
TU-2015-CL2565134-42327,2015-11-19 00:00:00,CL-2565134,Clay Ludtke,Consumer,Turkey,Asia Pacific,Western Asia,TEC-AC-5219,Technology,Accessories,"Memorex Mouse, USB",45.407999999999994,4,0.6,-46.63199999999998
IR-2015-BG174060-42326,2015-11-18 00:00:00,BG-174060,Bruce Geld,Consumer,Iran,Asia Pacific,Southern Asia,OFF-AR-6116,Office Supplies,Art,"Stanley Markers, Fluorescent",23.459999999999997,1,0,7.949999999999999
ID-2015-DL129257-42312,2015-11-04 00:00:00,DL-129257,Daniel Lacy,Consumer,Australia,Asia Pacific,Oceania,OFF-BI-3722,Office Supplies,Binders,"Cardinal Binder, Economy",16.595999999999997,2,0.4,-4.4639999999999995
IN-2015-TB216257-42328,2015-11-20 00:00:00,TB-216257,Trudy Brown,Consumer,Australia,Asia Pacific,Oceania,OFF-LA-4537,Office Supplies,Labels,"Harbour Creations Legal Exhibit Labels, 5000 Label Set",61.236,6,0.1,8.135999999999997
US-2015-DL1331555-42329,2015-11-21 00:00:00,DL-1331555,Delfina Latchford,Consumer,Honduras,LATAM,Central America,OFF-EN-4431,Office Supplies,Envelopes,"GlobeWeis Business Envelopes, Recycled",38.73599999999999,6,0.4,-10.344
ES-2015-GH1448545-42318,2015-11-10 00:00:00,GH-1448545,Gene Hale,Corporate,France,Europe,Western Europe,OFF-BI-4829,Office Supplies,Binders,"Ibico Index Tab, Durable",18.54,2,0,8.100000000000001
IN-2015-Co1264058-42326,2015-11-18 00:00:00,Co-1264058,Corey-Lock,Consumer,India,Asia Pacific,Southern Asia,OFF-FA-6189,Office Supplies,Fasteners,"Stockwell Paper Clips, Assorted Sizes",67.5,5,0,6.75
CA-2015-MB18085140-42325,2015-11-17 00:00:00,MB-180851404,Mick Brown,Consumer,United States,USCA,Western US,FUR-FU-3915,Furniture,Furnishings,DAX Cubicle Frames - 8x10,17.31,3,0,5.193
CA-2015-MC18100140-42328,2015-11-20 00:00:00,MC-181001404,Mick Crebagga,Consumer,United States,USCA,Western US,OFF-ST-4299,Office Supplies,Storage,"File Shuttle II and Handi-File, Black",305.01,9,0,76.2525
ES-2015-BD1162064-42314,2015-11-06 00:00:00,BD-1162064,Brian DeCherney,Consumer,Italy,Europe,Southern Europe,OFF-EN-3099,Office Supplies,Envelopes,"Ames Interoffice Envelope, with clear poly window",97.32,2,0,31.14
CA-2015-MC18100140-42328,2015-11-20 00:00:00,MC-181001404,Mick Crebagga,Consumer,United States,USCA,Western US,FUR-FU-4229,Furniture,Furnishings,"Executive Impressions 13-1/2"" Indoor/Outdoor Wall Clock",18.7,1,0,7.106
ES-2015-SP2062045-42312,2015-11-04 00:00:00,SP-2062045,Stefania Perrino,Corporate,France,Europe,Western Europe,OFF-BI-4828,Office Supplies,Binders,"Ibico Index Tab, Clear",17.82,2,0,3.18
ID-2015-TB215957-42320,2015-11-12 00:00:00,TB-215957,Troy Blackwell,Consumer,Australia,Asia Pacific,Oceania,OFF-EN-4433,Office Supplies,Envelopes,"GlobeWeis Business Envelopes, Set of 50",15.606,1,0.1,-1.734
US-2015-MH18115140-42325,2015-11-17 00:00:00,MH-181151406,Mick Hernandez,Home Office,United States,USCA,Eastern US,TEC-MA-4594,Technology,Machines,Hewlett-Packard 300S Scientific Calculator,52.44,4,0,24.122399999999995
US-2015-JE1616555-42328,2015-11-20 00:00:00,JE-1616555,Justin Ellison,Corporate,Honduras,LATAM,Central America,FUR-FU-6259,Furniture,Furnishings,"Tenex Light Bulb, Durable",25.536,4,0.4,-15.824000000000002
US-2015-DL1331555-42329,2015-11-21 00:00:00,DL-1331555,Delfina Latchford,Consumer,Honduras,LATAM,Central America,OFF-PA-5848,Office Supplies,Paper,"SanDisk Cards & Envelopes, Multicolor",39.864,2,0.4,-4.656000000000001
ID-2015-MG1787559-42325,2015-11-17 00:00:00,MG-1787559,Michael Grace,Home Office,Indonesia,Asia Pacific,Southeastern Asia,FUR-FU-5741,Furniture,Furnishings,"Rubbermaid Stacking Tray, Erganomic",34.6896,2,0.27,10.449600000000002
MX-2015-TS2137051-42321,2015-11-13 00:00:00,TS-2137051,Todd Sumrall,Corporate,Guatemala,LATAM,Central America,OFF-EN-5040,Office Supplies,Envelopes,"Kraft Manila Envelope, with clear poly window",20.02,1,0,9.6
ES-2015-EJ1415545-42321,2015-11-13 00:00:00,EJ-1415545,Eva Jacobs,Consumer,France,Europe,Western Europe,OFF-BI-3739,Office Supplies,Binders,"Cardinal Index Tab, Economy",52.56,6,0,24.120000000000005
US-2015-BB1154518-42329,2015-11-21 00:00:00,BB-1154518,Brenda Bowman,Corporate,Brazil,LATAM,South America,OFF-FA-2951,Office Supplies,Fasteners,"Accos Rubber Bands, 12 Pack",21.480000000000004,5,0.6,-17.82
ES-2015-SW2075545-42320,2015-11-12 00:00:00,SW-2075545,Steven Ward,Corporate,France,Europe,Western Europe,OFF-SU-2986,Office Supplies,Supplies,"Acme Ruler, Serrated",26.82,2,0,7.5
IT-2015-TM2149064-42311,2015-11-03 00:00:00,TM-2149064,Tony Molinari,Consumer,Italy,Europe,Southern Europe,OFF-ST-4251,Office Supplies,Storage,"Fellowes Box, Industrial",24.192000000000004,2,0.4,-14.148000000000003
TU-2015-AB105134-42326,2015-11-18 00:00:00,AB-105134,Adrian Barton,Consumer,Turkey,Asia Pacific,Western Asia,OFF-FA-6201,Office Supplies,Fasteners,"Stockwell Staples, 12 Pack",32.736000000000004,8,0.6,-24.624
MX-2015-AH1021082-42314,2015-11-06 00:00:00,AH-1021082,Alan Hwang,Consumer,Mexico,LATAM,Central America,OFF-BI-3722,Office Supplies,Binders,"Cardinal Binder, Economy",18.439999999999998,2,0,9
MX-2015-RD1990036-42337,2015-11-29 00:00:00,RD-1990036,Ruben Dartt,Consumer,Dominican Republic,LATAM,Caribbean,OFF-LA-6043,Office Supplies,Labels,"Smead Legal Exhibit Labels, Adjustable",19.2,4,0.2,1.4400000000000006
PL-2015-FM4290103-42322,2015-11-14 00:00:00,FM-4290103,Frank Merwin,Home Office,Poland,Europe,Eastern Europe,FUR-FU-3036,Furniture,Furnishings,"Advantus Light Bulb, Black",20.07,1,0,9.42
IN-2015-KN164507-42332,2015-11-24 00:00:00,KN-164507,Kean Nguyen,Corporate,Australia,Asia Pacific,Oceania,OFF-PA-4148,Office Supplies,Paper,"Enermax Computer Printout Paper, Multicolor",80.67600000000002,3,0.1,12.545999999999996
CA-2015-MW18235140-42325,2015-11-17 00:00:00,MW-182351404,Mitch Willingham,Corporate,United States,USCA,Western US,TEC-MA-3329,Technology,Machines,Bady BDG101FRU Card Printer,1919.976,3,0.2,215.99729999999977
EG-2015-SU1066538-42321,2015-11-13 00:00:00,SU-1066538,Stephanie Ulpright,Home Office,Egypt,Africa,North Africa,OFF-LA-4529,Office Supplies,Labels,"Harbour Creations Color Coded Labels, Laser Printer Compatible",51.599999999999994,4,0,10.8
IN-2015-FC142457-42327,2015-11-19 00:00:00,FC-142457,Frank Carlisle,Home Office,Australia,Asia Pacific,Oceania,OFF-BI-6377,Office Supplies,Binders,"Wilson Jones Binder Covers, Recycled",31.185,3,0.1,7.244999999999999
LY-2015-NG843074-42325,2015-11-17 00:00:00,NG-843074,Nathan Gelder,Consumer,Libya,Africa,North Africa,OFF-BI-2897,Office Supplies,Binders,"Acco Binder, Economy",15.149999999999999,1,0,2.0999999999999996
ES-2015-CD1228048-42328,2015-11-20 00:00:00,CD-1228048,Christina DeMoss,Consumer,Germany,Europe,Western Europe,OFF-ST-6024,Office Supplies,Storage,"Smead Box, Industrial",40.5,4,0.1,-0.9000000000000004
ZA-2015-BT1305147-42338,2015-11-30 00:00:00,BT-1305147,Beth Thompson,Home Office,Zimbabwe,Africa,Eastern Africa,OFF-AR-6119,Office Supplies,Art,"Stanley Pencil Sharpener, Fluorescent",14.868000000000002,2,0.7,-18.852
MX-2015-CM1193518-42333,2015-11-25 00:00:00,CM-1193518,Carlos Meador,Consumer,Brazil,LATAM,South America,OFF-BI-2918,Office Supplies,Binders,"Acco Index Tab, Durable",23.839999999999996,4,0,5.2
US-2015-NL18310140-42311,2015-11-03 00:00:00,NL-183101404,Nancy Lomonaco,Home Office,United States,USCA,Western US,OFF-BI-4369,Office Supplies,Binders,GBC Therma-A-Bind 250T Electric Binding System,590.352,6,0.2,206.62319999999997
US-2015-NL18310140-42311,2015-11-03 00:00:00,NL-183101404,Nancy Lomonaco,Home Office,United States,USCA,Western US,OFF-ST-6088,Office Supplies,Storage,Space Solutions Commercial Steel Shelving,452.55000000000007,7,0,22.627499999999962
US-2015-NL18310140-42311,2015-11-03 00:00:00,NL-183101404,Nancy Lomonaco,Home Office,United States,USCA,Western US,OFF-EN-6359,Office Supplies,Envelopes,"White Business Envelopes with Contemporary Seam, Recycled White Business Envelopes",76.58,7,0,38.29
US-2015-NL18310140-42311,2015-11-03 00:00:00,NL-183101404,Nancy Lomonaco,Home Office,United States,USCA,Western US,FUR-FU-3979,Furniture,Furnishings,Document Clip Frames,25.02,3,0,10.508400000000002
US-2015-NL18310140-42311,2015-11-03 00:00:00,NL-183101404,Nancy Lomonaco,Home Office,United States,USCA,Western US,OFF-AR-5361,Office Supplies,Art,Nontoxic Chalk,8.8,5,0,4.224
KE-2015-SW1027569-42320,2015-11-12 00:00:00,SW-1027569,Scott Williamson,Consumer,Kenya,Africa,Eastern Africa,FUR-FU-5740,Furniture,Furnishings,"Rubbermaid Stacking Tray, Durable",25.14,1,0,9.03
US-2015-NL18310140-42311,2015-11-03 00:00:00,NL-183101404,Nancy Lomonaco,Home Office,United States,USCA,Western US,OFF-FA-6217,Office Supplies,Fasteners,"Super Bands, 12/Pack",5.58,3,0,0.16740000000000022
IR-2015-BG174060-42326,2015-11-18 00:00:00,BG-174060,Bruce Geld,Consumer,Iran,Asia Pacific,Southern Asia,OFF-BI-2896,Office Supplies,Binders,"Acco Binder, Durable",16.65,1,0,4.65
MX-2015-FA1423093-42331,2015-11-23 00:00:00,FA-1423093,Frank Atkinson,Corporate,Nicaragua,LATAM,Central America,TEC-PH-3799,Technology,Phones,"Cisco Office Telephone, with Caller ID",160.92,3,0,77.22
ES-2015-JE1571545-42315,2015-11-07 00:00:00,JE-1571545,Joe Elijah,Consumer,France,Europe,Western Europe,OFF-AR-5912,Office Supplies,Art,"Sanford Highlighters, Fluorescent",34.019999999999996,2,0,14.28
MO-2015-KW657086-42321,2015-11-13 00:00:00,KW-657086,Kelly Williams,Consumer,Morocco,Africa,North Africa,OFF-BI-2915,Office Supplies,Binders,"Acco Hole Reinforcements, Recycled",14.04,2,0,7.02
IN-2015-PA190607-42319,2015-11-11 00:00:00,PA-190607,Pete Armstrong,Home Office,Australia,Asia Pacific,Oceania,OFF-BI-6404,Office Supplies,Binders,"Wilson Jones Index Tab, Economy",6.449999999999999,1,0,2.37
US-2015-CJ1201098-42330,2015-11-22 00:00:00,CJ-1201098,Caroline Jumper,Consumer,Panama,LATAM,Central America,OFF-ST-5686,Office Supplies,Storage,"Rogers Box, Blue",9.588000000000001,1,0.4,-0.012000000000001166
ES-2015-CM1181545-42329,2015-11-21 00:00:00,CM-1181545,Candace McMahon,Corporate,France,Europe,Western Europe,OFF-BI-3251,Office Supplies,Binders,"Avery Binder, Clear",24.72,2,0,2.46
NI-2015-DW354095-42315,2015-11-07 00:00:00,DW-354095,Don Weiss,Consumer,Nigeria,Africa,Western Africa,OFF-BI-6372,Office Supplies,Binders,"Wilson Jones 3-Hole Punch, Recycled",8.505000000000003,1,0.7,-11.354999999999999
US-2015-NG18355140-42321,2015-11-13 00:00:00,NG-183551406,Nat Gilpin,Corporate,United States,USCA,Eastern US,TEC-PH-4895,Technology,Phones,Jabra SPEAK 410 Multidevice Speakerphone,370.782,3,0.4,-92.69550000000004
CG-2015-LL684033-42334,2015-11-26 00:00:00,LL-684033,Lauren Leatherbury,Consumer,Democratic Republic of the Congo,Africa,Central Africa,OFF-ST-4096,Office Supplies,Storage,"Eldon Shelving, Single Width",193.79999999999998,4,0,0
MX-2015-RR1952531-42320,2015-11-12 00:00:00,RR-1952531,Rick Reed,Corporate,Cuba,LATAM,Caribbean,OFF-FA-2961,Office Supplies,Fasteners,"Accos Thumb Tacks, Bulk Pack",36.48,4,0,7.279999999999999
MX-2015-TB2117551-42330,2015-11-22 00:00:00,TB-2117551,Thomas Boland,Corporate,Guatemala,LATAM,Central America,FUR-FU-6278,Furniture,Furnishings,"Tenex Stacking Tray, Erganomic",29.68,2,0,7.68
IR-2015-EM406560-42317,2015-11-09 00:00:00,EM-406560,Erin Mull,Consumer,Iran,Asia Pacific,Southern Asia,OFF-BI-3713,Office Supplies,Binders,"Cardinal 3-Hole Punch, Durable",30.299999999999997,1,0,13.919999999999998
ID-2015-ML1741059-42336,2015-11-28 00:00:00,ML-1741059,Maris LaWare,Consumer,Indonesia,Asia Pacific,Southeastern Asia,OFF-SU-2988,Office Supplies,Supplies,"Acme Scissors, Easy Grip",43.0254,3,0.47000000000000003,-3.3246000000000038
SF-2015-SA10830117-42320,2015-11-12 00:00:00,SA-10830117,Sue Ann Reed,Consumer,South Africa,Africa,Southern Africa,FUR-FU-3957,Furniture,Furnishings,"Deflect-O Stacking Tray, Erganomic",22.32,1,0,0.8699999999999999
ES-2015-VT2170045-42319,2015-11-11 00:00:00,VT-2170045,Valerie Takahito,Home Office,France,Europe,Western Europe,OFF-AR-3494,Office Supplies,Art,"Binney & Smith Pencil Sharpener, Water Color",26.94,1,0,12.39
MX-2015-SC2044082-42325,2015-11-17 00:00:00,SC-2044082,Shaun Chance,Corporate,Mexico,LATAM,Central America,OFF-ST-4063,Office Supplies,Storage,"Eldon Folders, Wire Frame",53.5,5,0,20.299999999999997
IN-2015-DB1327059-42336,2015-11-28 00:00:00,DB-1327059,Deborah Brumfield,Home Office,Indonesia,Asia Pacific,Southeastern Asia,OFF-FA-6208,Office Supplies,Fasteners,"Stockwell Thumb Tacks, Metal",21.7035,3,0.47000000000000003,-5.7464999999999975
IN-2015-KA1652558-42313,2015-11-05 00:00:00,KA-1652558,Kelly Andreada,Consumer,India,Asia Pacific,Southern Asia,OFF-PA-6602,Office Supplies,Paper,"Xerox Cards & Envelopes, Premium",44.97,1,0,21.12
IN-2015-MK1816058-42336,2015-11-28 00:00:00,MK-1816058,Mike Kennedy,Consumer,India,Asia Pacific,Southern Asia,OFF-BI-3251,Office Supplies,Binders,"Avery Binder, Clear",37.08,3,0,17.73
CA-2015-NC18415140-42328,2015-11-20 00:00:00,NC-184151402,Nathan Cano,Consumer,United States,USCA,Central US,OFF-BI-4276,Office Supplies,Binders,Fellowes PB500 Electric Punch Plastic Comb Binding Machine with Manual Bind,1525.1879999999996,6,0.8,-2287.782
ID-2015-DL129257-42312,2015-11-04 00:00:00,DL-129257,Daniel Lacy,Consumer,Australia,Asia Pacific,Oceania,OFF-PA-4473,Office Supplies,Paper,"Green Bar Memo Slips, Recycled",10.116,1,0.4,-1.3739999999999997
RS-2015-ED3885108-42313,2015-11-05 00:00:00,ED-3885108,Emily Ducich,Home Office,Russia,Europe,Eastern Europe,OFF-BI-3293,Office Supplies,Binders,"Avery Index Tab, Clear",25.32,4,0,0.96
CA-2015-NC18415140-42328,2015-11-20 00:00:00,NC-184151402,Nathan Cano,Consumer,United States,USCA,Central US,OFF-AR-3285,Office Supplies,Art,"Avery Hi-Liter GlideStik Fluorescent Highlighter, Yellow Ink",13.040000000000001,5,0.2,3.9120000000000004
CA-2015-NC18415140-42328,2015-11-20 00:00:00,NC-184151402,Nathan Cano,Consumer,United States,USCA,Central US,FUR-CH-4429,Furniture,Chairs,"Global Wood Trimmed Manager's Task Chair, Khaki",191.058,3,0.3,-46.39980000000001
ES-2015-ME18010139-42327,2015-11-19 00:00:00,ME-18010139,Michelle Ellison,Corporate,United Kingdom,Europe,Northern Europe,OFF-BI-4829,Office Supplies,Binders,"Ibico Index Tab, Durable",18.54,2,0,8.100000000000001
SF-2015-RH9555117-42314,2015-11-06 00:00:00,RH-9555117,Ritsa Hightower,Consumer,South Africa,Africa,Southern Africa,OFF-AR-3452,Office Supplies,Art,"BIC Highlighters, Easy-Erase",19.200000000000003,1,0,4.41
SU-2015-RD9585122-42334,2015-11-26 00:00:00,RD-9585122,Rob Dowd,Consumer,Sudan,Africa,North Africa,OFF-SU-4982,Office Supplies,Supplies,"Kleencut Ruler, High Speed",13.559999999999999,1,0,2.9699999999999998
CA-2015-NG18430140-42321,2015-11-13 00:00:00,NG-184301402,Nathan Gelder,Consumer,United States,USCA,Central US,OFF-ST-6289,Office Supplies,Storage,Tennsco Double-Tier Lockers,540.048,3,0.2,-47.2542
CA-2015-NG18430140-42321,2015-11-13 00:00:00,NG-184301402,Nathan Gelder,Consumer,United States,USCA,Central US,OFF-PA-6526,Office Supplies,Paper,Xerox 197,223.056,9,0.2,69.70499999999998
CA-2015-NG18430140-42321,2015-11-13 00:00:00,NG-184301402,Nathan Gelder,Consumer,United States,USCA,Central US,OFF-PA-6417,Office Supplies,Paper,"Wirebound Message Books, 5-1/2 x 4 Forms, 2 or 4 Forms per Page",16.056,3,0.2,5.8203000000000005
MX-2015-KB1624026-42327,2015-11-19 00:00:00,KB-1624026,Karen Bern,Corporate,Chile,LATAM,South America,OFF-ST-4031,Office Supplies,Storage,"Eldon Box, Wire Frame",18.659999999999993,3,0,7.26
US-2015-KA1652582-42328,2015-11-20 00:00:00,KA-1652582,Kelly Andreada,Consumer,Mexico,LATAM,Central America,OFF-LA-6063,Office Supplies,Labels,"Smead Shipping Labels, Alphabetical",22.859999999999996,3,0,8.88
MX-2015-RB1943551-42309,2015-11-01 00:00:00,RB-1943551,Richard Bierner,Consumer,Guatemala,LATAM,Central America,OFF-LA-4551,Office Supplies,Labels,"Harbour Creations Round Labels, Laser Printer Compatible",9,2,0,4.320000000000001
US-2015-LC1714055-42325,2015-11-17 00:00:00,LC-1714055,Logan Currie,Consumer,Honduras,LATAM,Central America,OFF-FA-6194,Office Supplies,Fasteners,"Stockwell Push Pins, Assorted Sizes",9.456000000000001,2,0.4,-4.264000000000001
IN-2015-DM1301559-42311,2015-11-03 00:00:00,DM-1301559,Darrin Martin,Consumer,Indonesia,Asia Pacific,Southeastern Asia,OFF-BI-3293,Office Supplies,Binders,"Avery Index Tab, Clear",10.5078,2,0.17,3.9078000000000004
IN-2015-GB145307-42336,2015-11-28 00:00:00,GB-145307,George Bell,Corporate,Australia,Asia Pacific,Oceania,OFF-BI-3249,Office Supplies,Binders,"Avery Binder Covers, Recycled",10.287,1,0.1,4.227
NG-2015-GT471094-42314,2015-11-06 00:00:00,GT-471094,Greg Tran,Consumer,Niger,Africa,Western Africa,OFF-AR-3482,Office Supplies,Art,"Binney & Smith Highlighters, Easy-Erase",16.86,1,0,6.0600000000000005
MX-2015-JH1591082-42327,2015-11-19 00:00:00,JH-1591082,Jonathan Howell,Consumer,Mexico,LATAM,Central America,OFF-BI-4823,Office Supplies,Binders,"Ibico Hole Reinforcements, Clear",12.9,3,0,5.4
ES-2015-CA1196548-42325,2015-11-17 00:00:00,CA-1196548,Carol Adams,Corporate,Germany,Europe,Western Europe,OFF-BI-4808,Office Supplies,Binders,"Ibico Binder Covers, Durable",45.449999999999996,6,0.5,-34.65
BU-2015-CC247519-42314,2015-11-06 00:00:00,CC-247519,Cindy Chapman,Consumer,Bulgaria,Europe,Eastern Europe,OFF-AR-6110,Office Supplies,Art,"Stanley Highlighters, Blue",14.7,1,0,2.94
ID-2015-JC153407-42324,2015-11-16 00:00:00,JC-153407,Jasper Cacioppo,Consumer,Australia,Asia Pacific,Oceania,OFF-FA-2960,Office Supplies,Fasteners,"Accos Thumb Tacks, Assorted Sizes",40.068,4,0.1,-1.452
IZ-2015-MS753061-42318,2015-11-10 00:00:00,MS-753061,MaryBeth Skach,Consumer,Iraq,Asia Pacific,Western Asia,OFF-ST-6023,Office Supplies,Storage,"Smead Box, Blue",21.54,2,0,0
TU-2015-TG11640134-42329,2015-11-21 00:00:00,TG-11640134,Trudy Glocke,Consumer,Turkey,Asia Pacific,Western Asia,OFF-AR-3526,Office Supplies,Art,"Boston Canvas, Easy-Erase",43.128,2,0.6,-39.91199999999999
MX-2015-TP2141555-42321,2015-11-13 00:00:00,TP-2141555,Tom Prescott,Consumer,Honduras,LATAM,Central America,OFF-FA-3068,Office Supplies,Fasteners,"Advantus Staples, 12 Pack",12.347999999999999,3,0.4,-2.8919999999999986
MX-2015-TP2141555-42321,2015-11-13 00:00:00,TP-2141555,Tom Prescott,Consumer,Honduras,LATAM,Central America,OFF-FA-5481,Office Supplies,Fasteners,"OIC Staples, Assorted Sizes",10.547999999999998,3,0.4,0.6480000000000004
CA-2015-NC18535140-42319,2015-11-11 00:00:00,NC-185351404,Nick Crebassa,Corporate,United States,USCA,Western US,OFF-BI-4346,Office Supplies,Binders,GBC Imprintable Covers,26.352000000000004,3,0.2,9.552599999999998
US-2015-TT2126518-42318,2015-11-10 00:00:00,TT-2126518,Tim Taslimi,Corporate,Brazil,LATAM,South America,OFF-BI-4807,Office Supplies,Binders,"Ibico Binder Covers, Clear",17.48,5,0.6,-14.020000000000005
MX-2015-MY1829582-42321,2015-11-13 00:00:00,MY-1829582,Muhammed Yedwab,Corporate,Mexico,LATAM,Central America,OFF-LA-4680,Office Supplies,Labels,"Hon Removable Labels, Laser Printer Compatible",26.880000000000003,4,0,4
NI-2015-AA64595-42309,2015-11-01 00:00:00,AA-64595,Anna Andreadi,Consumer,Nigeria,Africa,Western Africa,TEC-AC-5221,Technology,Accessories,"Memorex Numeric Keypad, Erganomic",14.013000000000002,1,0.7,-25.226999999999997
RO-2015-HM4860107-42335,2015-11-27 00:00:00,HM-4860107,Harry Marie,Corporate,Romania,Europe,Eastern Europe,OFF-FA-6205,Office Supplies,Fasteners,"Stockwell Thumb Tacks, 12 Pack",12.569999999999999,1,0,3.87
ES-2015-MY1829545-42326,2015-11-18 00:00:00,MY-1829545,Muhammed Yedwab,Corporate,France,Europe,Western Europe,OFF-AR-5911,Office Supplies,Art,"Sanford Highlighters, Easy-Erase",16.02,1,0,0.63
US-2015-TT2126518-42318,2015-11-10 00:00:00,TT-2126518,Tim Taslimi,Corporate,Brazil,LATAM,South America,OFF-AR-5926,Office Supplies,Art,"Sanford Pens, Fluorescent",16.48,5,0.6,-19.020000000000003
ID-2015-LR170357-42315,2015-11-07 00:00:00,LR-170357,Lisa Ryan,Corporate,Australia,Asia Pacific,Oceania,OFF-FA-5478,Office Supplies,Fasteners,"OIC Rubber Bands, Metal",15.471000000000002,1,0.1,-1.5690000000000004
CA-2015-NB18655140-42327,2015-11-19 00:00:00,NB-186551402,Nona Balk,Corporate,United States,USCA,Central US,OFF-ST-3927,Office Supplies,Storage,"Decoflex Hanging Personal Folder File, Blue",92.52,6,0,24.980400000000007
CA-2015-NB18655140-42327,2015-11-19 00:00:00,NB-186551402,Nona Balk,Corporate,United States,USCA,Central US,OFF-ST-3840,Office Supplies,Storage,"Companion Letter/Legal File, Black",37.76,1,0,10.5728
CA-2015-NB18655140-42327,2015-11-19 00:00:00,NB-186551402,Nona Balk,Corporate,United States,USCA,Central US,FUR-FU-4386,Furniture,Furnishings,"GE General Purpose, Extra Long Life, Showcase & Floodlight Incandescent Bulbs",5.82,2,0,2.7354
CA-2015-NB18655140-42327,2015-11-19 00:00:00,NB-186551402,Nona Balk,Corporate,United States,USCA,Central US,OFF-LA-3206,Office Supplies,Labels,Avery 487,7.38,2,0,3.4686
CA-2015-NP18670140-42311,2015-11-03 00:00:00,NP-186701402,Nora Paige,Consumer,United States,USCA,Central US,OFF-AP-3505,Office Supplies,Appliances,Black & Decker Filter for Double Action Dustbuster Cordless Vac BLDV7210,83.9,10,0,20.975
CA-2015-NP18670140-42311,2015-11-03 00:00:00,NP-186701402,Nora Paige,Consumer,United States,USCA,Central US,OFF-PA-3011,Office Supplies,Paper,"Adams Telephone Message Book W/Dividers/Space For Phone Numbers, 5 1/4""X8 1/2"", 300/Messages",11.76,2,0,5.7623999999999995
TU-2015-DV3045134-42335,2015-11-27 00:00:00,DV-3045134,Darrin Van Huff,Corporate,Turkey,Asia Pacific,Western Asia,OFF-AR-3537,Office Supplies,Art,"Boston Markers, Blue",10.548000000000002,1,0.6,-5.022000000000002
ZA-2015-NG8430147-42332,2015-11-24 00:00:00,NG-8430147,Nathan Gelder,Consumer,Zimbabwe,Africa,Eastern Africa,TEC-MA-5494,Technology,Machines,"Okidata Calculator, Red",14.832,1,0.7,-20.298
NI-2015-AR82595-42336,2015-11-28 00:00:00,AR-82595,Anthony Rawles,Corporate,Nigeria,Africa,Western Africa,OFF-AP-3856,Office Supplies,Appliances,"Cuisinart Blender, Black",79.70400000000001,4,0.7,-183.336
IN-2015-JH161807-42319,2015-11-11 00:00:00,JH-161807,Justin Hirsh,Consumer,Australia,Asia Pacific,Oceania,OFF-SU-4975,Office Supplies,Supplies,"Kleencut Box Cutter, Serrated",18.81,1,0.4,-1.2599999999999998
EG-2015-KB660038-42333,2015-11-25 00:00:00,KB-660038,Ken Brennan,Corporate,Egypt,Africa,North Africa,OFF-BI-2919,Office Supplies,Binders,"Acco Index Tab, Economy",10.08,1,0,4.62
TU-2015-SW10755134-42315,2015-11-07 00:00:00,SW-10755134,Steven Ward,Corporate,Turkey,Asia Pacific,Western Asia,OFF-BI-6385,Office Supplies,Binders,"Wilson Jones Binding Machine, Recycled",19.728000000000005,1,0.6,-24.192
US-2015-LC1714055-42325,2015-11-17 00:00:00,LC-1714055,Logan Currie,Consumer,Honduras,LATAM,Central America,OFF-AR-5926,Office Supplies,Art,"Sanford Pens, Fluorescent",9.888000000000002,2,0.4,-4.312
ID-2015-BF1117059-42312,2015-11-04 00:00:00,BF-1117059,Ben Ferrer,Home Office,Indonesia,Asia Pacific,Southeastern Asia,OFF-EN-4926,Office Supplies,Envelopes,"Jiffy Peel and Seal, with clear poly window",49.925999999999995,4,0.47000000000000003,-13.194000000000003
ES-2015-MO1795048-42313,2015-11-05 00:00:00,MO-1795048,Michael Oakman,Consumer,Germany,Europe,Western Europe,OFF-BI-2893,Office Supplies,Binders,"Acco Binder Covers, Economy",23.976,2,0.1,8.256
IN-2015-SC2023092-42313,2015-11-05 00:00:00,SC-2023092,Scot Coram,Corporate,New Zealand,Asia Pacific,Oceania,OFF-SU-6168,Office Supplies,Supplies,"Stiletto Ruler, Easy Grip",33,2,0,2.64
CA-2015-PN18775140-42318,2015-11-10 00:00:00,PN-187751406,Parhena Norris,Home Office,United States,USCA,Eastern US,FUR-FU-2877,Furniture,Furnishings,9-3/4 Diameter Round Wall Clock,96.53,7,0,40.5426
ES-2015-DL133158-42320,2015-11-12 00:00:00,DL-133158,Delfina Latchford,Consumer,Austria,Europe,Western Europe,OFF-SU-4129,Office Supplies,Supplies,"Elite Scissors, Serrated",19.229999999999997,1,0,1.1400000000000001
US-2015-PG18820140-42320,2015-11-12 00:00:00,PG-188201402,Patrick Gardner,Consumer,United States,USCA,Central US,TEC-PH-5532,Technology,Phones,OtterBox Commuter Series Case - iPhone 5 & 5s,35.184,2,0.2,12.3144
CA-2015-PG18820140-42333,2015-11-25 00:00:00,PG-188201404,Patrick Gardner,Consumer,United States,USCA,Western US,OFF-AR-3455,Office Supplies,Art,BIC Liqua Brite Liner,27.76,4,0,9.9936
RS-2015-JG5310108-42326,2015-11-18 00:00:00,JG-5310108,Jason Gross,Corporate,Russia,Europe,Eastern Europe,OFF-ST-4252,Office Supplies,Storage,"Fellowes Box, Single Width",39.42,2,0,2.34
ID-2015-LR170357-42315,2015-11-07 00:00:00,LR-170357,Lisa Ryan,Corporate,Australia,Asia Pacific,Oceania,OFF-FA-6197,Office Supplies,Fasteners,"Stockwell Rubber Bands, 12 Pack",28.727999999999994,2,0.1,7.007999999999999
CA-2015-PJ18835140-42312,2015-11-04 00:00:00,PJ-188351408,Patrick Jones,Corporate,United States,USCA,Southern US,OFF-PA-6519,Office Supplies,Paper,Xerox 1963,26.400000000000002,5,0,11.879999999999999
CA-2015-PJ18835140-42330,2015-11-22 00:00:00,PJ-188351404,Patrick Jones,Corporate,United States,USCA,Western US,OFF-BI-3711,Office Supplies,Binders,Canvas Sectional Post Binders,40.736000000000004,2,0.2,14.7668
AG-2015-DR29403-42326,2015-11-18 00:00:00,DR-29403,Daniel Raglin,Home Office,Algeria,Africa,North Africa,TEC-MA-6144,Technology,Machines,"StarTech Phone, Red",143.34,2,0,58.739999999999995
CA-2015-PJ18835140-42330,2015-11-22 00:00:00,PJ-188351404,Patrick Jones,Corporate,United States,USCA,Western US,OFF-AR-5311,Office Supplies,Art,Newell 332,11.76,4,0,3.1752000000000002
US-2015-JE1616555-42328,2015-11-20 00:00:00,JE-1616555,Justin Ellison,Corporate,Honduras,LATAM,Central America,OFF-PA-4161,Office Supplies,Paper,"Enermax Memo Slips, Premium",12.528000000000002,2,0.4,-8.152000000000003
MX-2015-TZ2144551-42331,2015-11-23 00:00:00,TZ-2144551,Tom Zandusky,Corporate,Guatemala,LATAM,Central America,OFF-ST-6041,Office Supplies,Storage,"Smead Folders, Wire Frame",11.040000000000001,1,0,1.86
KG-2015-FO430570-42318,2015-11-10 00:00:00,FO-430570,Frank Olsen,Consumer,Kyrgyzstan,Asia Pacific,Central Asia,OFF-BI-3188,Office Supplies,Binders,"Avery 3-Hole Punch, Economy",27.870000000000005,1,0,13.919999999999998
ES-2015-JM152508-42328,2015-11-20 00:00:00,JM-152508,Janet Martin,Consumer,Austria,Europe,Western Europe,OFF-BI-4810,Office Supplies,Binders,"Ibico Binder Covers, Recycled",28.02,2,0,10.32
AG-2015-JL58353-42315,2015-11-07 00:00:00,JL-58353,John Lee,Consumer,Algeria,Africa,North Africa,OFF-BI-6378,Office Supplies,Binders,"Wilson Jones Binder, Clear",24.96,2,0,1.98
IT-2015-JH1591091-42321,2015-11-13 00:00:00,JH-1591091,Jonathan Howell,Consumer,Netherlands,Europe,Western Europe,OFF-BI-6400,Office Supplies,Binders,"Wilson Jones Hole Reinforcements, Recycled",7.335000000000001,3,0.5,-3.825000000000001
IN-2015-NF1838527-42329,2015-11-21 00:00:00,NF-1838527,Natalie Fritzler,Consumer,China,Asia Pacific,Eastern Asia,OFF-FA-6203,Office Supplies,Fasteners,"Stockwell Staples, Bulk Pack",21.599999999999998,2,0,7.98
CA-2015-PR18880140-42333,2015-11-25 00:00:00,PR-188801404,Patrick Ryan,Consumer,United States,USCA,Western US,OFF-PA-6081,Office Supplies,Paper,"Southworth 100% Résumé Paper, 24lb.",7.78,1,0,3.5009999999999994
IT-2015-TB2105545-42334,2015-11-26 00:00:00,TB-2105545,Ted Butterfield,Consumer,France,Europe,Western Europe,OFF-BI-3736,Office Supplies,Binders,"Cardinal Hole Reinforcements, Recycled",17.1,3,0,7.11
CA-2015-PG18895140-42312,2015-11-04 00:00:00,PG-188951404,Paul Gonzalez,Consumer,United States,USCA,Western US,OFF-PA-6551,Office Supplies,Paper,Xerox 1992,35.88,6,0,17.581200000000003
US-2015-RH1949554-42338,2015-11-30 00:00:00,RH-1949554,Rick Hansen,Consumer,Haiti,LATAM,Caribbean,OFF-LA-5389,Office Supplies,Labels,"Novimex Legal Exhibit Labels, Alphabetical",20.58,5,0.4,-8.919999999999998
MX-2015-CM1244582-42327,2015-11-19 00:00:00,CM-1244582,Chuck Magee,Consumer,Mexico,LATAM,Central America,OFF-EN-3108,Office Supplies,Envelopes,"Ames Peel and Seal, Recycled",58.3,5,0,15.1
IT-2015-DK12895124-42312,2015-11-04 00:00:00,DK-12895124,Dana Kaydos,Consumer,Sweden,Europe,Northern Europe,OFF-LA-4637,Office Supplies,Labels,"Hon Color Coded Labels, 5000 Label Set",13.2,2,0.5,-13.2
MO-2015-DO343586-42327,2015-11-19 00:00:00,DO-343586,Denny Ordway,Consumer,Morocco,Africa,North Africa,FUR-FU-3065,Furniture,Furnishings,"Advantus Stacking Tray, Black",26.43,1,0,7.38
IT-2015-RH1960062-42321,2015-11-13 00:00:00,RH-1960062,Rob Haberlin,Consumer,Ireland,Europe,Northern Europe,OFF-SU-4990,Office Supplies,Supplies,"Kleencut Shears, High Speed",23.384999999999998,1,0.5,-3.2849999999999966
IN-2015-KN164507-42332,2015-11-24 00:00:00,KN-164507,Kean Nguyen,Corporate,Australia,Asia Pacific,Oceania,OFF-LA-5398,Office Supplies,Labels,"Novimex Round Labels, 5000 Label Set",17.982,3,0.1,4.122
IN-2015-JK1609027-42320,2015-11-12 00:00:00,JK-1609027,Juliana Krohn,Consumer,China,Asia Pacific,Eastern Asia,OFF-LA-4694,Office Supplies,Labels,"Hon Shipping Labels, Adjustable",9.27,1,0,0.81
US-2015-CA119655-42330,2015-11-22 00:00:00,CA-119655,Carol Adams,Corporate,Argentina,LATAM,South America,OFF-AR-3544,Office Supplies,Art,"Boston Pencil Sharpener, Fluorescent",11.58,1,0.4,-4.0600000000000005
IN-2015-LF1718558-42320,2015-11-12 00:00:00,LF-1718558,Luke Foster,Consumer,India,Asia Pacific,Southern Asia,OFF-LA-3312,Office Supplies,Labels,"Avery Removable Labels, Alphabetical",21.12,2,0,4.199999999999999
IN-2015-SC2023092-42313,2015-11-05 00:00:00,SC-2023092,Scot Coram,Corporate,New Zealand,Asia Pacific,Oceania,OFF-PA-5870,Office Supplies,Paper,"SanDisk Memo Slips, Premium",33.96,2,0,11.52
IN-2015-TS2143059-42321,2015-11-13 00:00:00,TS-2143059,Tom Stivers,Corporate,Indonesia,Asia Pacific,Southeastern Asia,OFF-EN-5039,Office Supplies,Envelopes,"Kraft Manila Envelope, Set of 50",56.15880000000001,4,0.47000000000000003,-37.20120000000001
CA-2015-PW19030140-42323,2015-11-15 00:00:00,PW-190301406,Pauline Webber,Corporate,United States,USCA,Eastern US,OFF-ST-5079,Office Supplies,Storage,"Letter/Legal File Tote with Clear Snap-On Lid, Black Granite",96.35999999999999,6,0,25.053599999999996
IN-2015-RE1940527-42336,2015-11-28 00:00:00,RE-1940527,Ricardo Emerson,Consumer,China,Asia Pacific,Eastern Asia,FUR-FU-4085,Furniture,Furnishings,"Eldon Photo Frame, Durable",55.14,1,0,27.57
TU-2015-DV3045134-42335,2015-11-27 00:00:00,DV-3045134,Darrin Van Huff,Corporate,Turkey,Asia Pacific,Western Asia,OFF-SU-4985,Office Supplies,Supplies,"Kleencut Scissors, Easy Grip",9.564000000000002,1,0.6,-9.096000000000002
MX-2015-MG1787582-42314,2015-11-06 00:00:00,MG-1787582,Michael Grace,Home Office,Mexico,LATAM,Central America,OFF-EN-4445,Office Supplies,Envelopes,"GlobeWeis Mailers, Set of 50",77.1,3,0,20.04
ID-2015-BE11335102-42334,2015-11-26 00:00:00,BE-11335102,Bill Eplett,Home Office,Philippines,Asia Pacific,Southeastern Asia,OFF-FA-2958,Office Supplies,Fasteners,"Accos Staples, Metal",24.354000000000003,4,0.45,-19.566000000000003
TS-2015-DM3015133-42318,2015-11-10 00:00:00,DM-3015133,Darrin Martin,Consumer,Tunisia,Africa,North Africa,OFF-BI-2914,Office Supplies,Binders,"Acco Hole Reinforcements, Economy",6.66,1,0,0.5700000000000001
ID-2015-DJ13420130-42319,2015-11-11 00:00:00,DJ-13420130,Denny Joy,Corporate,Thailand,Asia Pacific,Southeastern Asia,OFF-BI-4829,Office Supplies,Binders,"Ibico Index Tab, Durable",15.3882,2,0.17,1.4682
CA-2015-PK19075140-42316,2015-11-08 00:00:00,PK-190751406,Pete Kriz,Consumer,United States,USCA,Eastern US,OFF-AP-4607,Office Supplies,Appliances,Holmes Odor Grabber,100.94,7,0,33.310199999999995
TU-2015-DV3045134-42335,2015-11-27 00:00:00,DV-3045134,Darrin Van Huff,Corporate,Turkey,Asia Pacific,Western Asia,OFF-ST-6038,Office Supplies,Storage,"Smead Folders, Blue",6.996000000000001,1,0.6,-8.424000000000001
US-2015-PB19105140-42312,2015-11-04 00:00:00,PB-191051406,Peter Bühler,Consumer,United States,USCA,Eastern US,TEC-AC-5191,Technology,Accessories,"Memorex 25GB 6X Branded Blu-Ray Recordable Disc, 15/Pack",40.775999999999996,3,0.2,0.5097000000000005
TU-2015-KF6285134-42337,2015-11-29 00:00:00,KF-6285134,Karen Ferguson,Home Office,Turkey,Asia Pacific,Western Asia,OFF-BI-3254,Office Supplies,Binders,"Avery Binder, Recycled",5.304,1,0.6,-1.8659999999999997
CA-2015-PM19135140-42318,2015-11-10 00:00:00,PM-191351408,Peter McVee,Home Office,United States,USCA,Southern US,TEC-PH-5256,Technology,Phones,Motorola L703CM,499.16800000000006,4,0.2,31.197999999999993
CA-2015-PM19135140-42318,2015-11-10 00:00:00,PM-191351408,Peter McVee,Home Office,United States,USCA,Southern US,TEC-AC-5110,Technology,Accessories,Logitech G602 Wireless Gaming Mouse,191.976,3,0.2,38.39519999999999
US-2015-AB1006098-42327,2015-11-19 00:00:00,AB-1006098,Adam Bellavance,Home Office,Panama,LATAM,Central America,OFF-LA-5391,Office Supplies,Labels,"Novimex Removable Labels, 5000 Label Set",11.844,3,0.4,-1.4159999999999997
MX-2015-LP1709582-42311,2015-11-03 00:00:00,LP-1709582,Liz Preis,Consumer,Mexico,LATAM,Central America,FUR-FU-5732,Furniture,Furnishings,"Rubbermaid Light Bulb, Duo Pack",7.56,1,0.4,0.35999999999999943
PL-2015-FM4290103-42322,2015-11-14 00:00:00,FM-4290103,Frank Merwin,Home Office,Poland,Europe,Eastern Europe,OFF-BI-3253,Office Supplies,Binders,"Avery Binder, Economy",12.899999999999999,1,0,5.01
ID-2015-ML1741059-42336,2015-11-28 00:00:00,ML-1741059,Maris LaWare,Consumer,Indonesia,Asia Pacific,Southeastern Asia,OFF-EN-5039,Office Supplies,Envelopes,"Kraft Manila Envelope, Set of 50",14.039700000000002,1,0.47000000000000003,-9.300300000000002
IT-2015-MS1771045-42336,2015-11-28 00:00:00,MS-1771045,Maurice Satty,Consumer,France,Europe,Western Europe,OFF-BI-2914,Office Supplies,Binders,"Acco Hole Reinforcements, Economy",59.94,9,0,5.130000000000001
ES-2015-NC1862564-42314,2015-11-06 00:00:00,NC-1862564,Noah Childs,Corporate,Italy,Europe,Southern Europe,OFF-FA-6202,Office Supplies,Fasteners,"Stockwell Staples, Assorted Sizes",33,4,0,14.16
IN-2015-SB2017088-42336,2015-11-28 00:00:00,SB-2017088,Sarah Bern,Consumer,Myanmar (Burma),Asia Pacific,Southeastern Asia,OFF-BI-4810,Office Supplies,Binders,"Ibico Binder Covers, Recycled",11.6283,1,0.17,-1.8417
MX-2015-HR1477082-42328,2015-11-20 00:00:00,HR-1477082,Hallie Redmond,Home Office,Mexico,LATAM,Central America,OFF-BI-2895,Office Supplies,Binders,"Acco Binder, Clear",9.74,1,0,3.5
KE-2015-KC654069-42332,2015-11-24 00:00:00,KC-654069,Kelly Collister,Consumer,Kenya,Africa,Eastern Africa,OFF-BI-3293,Office Supplies,Binders,"Avery Index Tab, Clear",5.79,1,0,1.56
ES-2015-MG17875139-42318,2015-11-10 00:00:00,MG-17875139,Michael Grace,Home Office,United Kingdom,Europe,Northern Europe,OFF-AR-5923,Office Supplies,Art,"Sanford Pencil Sharpener, Water Color",52.199999999999996,2,0,13.559999999999999
NI-2015-PB915095-42328,2015-11-20 00:00:00,PB-915095,Philip Brown,Consumer,Nigeria,Africa,Western Africa,OFF-BI-3738,Office Supplies,Binders,"Cardinal Index Tab, Durable",4.572000000000001,2,0.7,-3.8279999999999994
TU-2015-DV3045134-42335,2015-11-27 00:00:00,DV-3045134,Darrin Van Huff,Corporate,Turkey,Asia Pacific,Western Asia,OFF-AR-3534,Office Supplies,Art,"Boston Highlighters, Water Color",17.639999999999997,2,0.6,-18.54
IN-2015-GB145307-42336,2015-11-28 00:00:00,GB-145307,George Bell,Corporate,Australia,Asia Pacific,Oceania,OFF-LA-6051,Office Supplies,Labels,"Smead Removable Labels, Adjustable",15.119999999999997,2,0.1,1.9800000000000004
MO-2015-NS864086-42322,2015-11-14 00:00:00,NS-864086,Noel Staavos,Corporate,Morocco,Africa,North Africa,OFF-BI-3293,Office Supplies,Binders,"Avery Index Tab, Clear",11.58,2,0,3.12
TO-2015-BG1695131-42325,2015-11-17 00:00:00,BG-1695131,Brooke Gillingham,Corporate,Togo,Africa,Western Africa,OFF-AR-6120,Office Supplies,Art,"Stanley Pencil Sharpener, Water Color",50.099999999999994,2,0,3
ES-2015-DL133158-42320,2015-11-12 00:00:00,DL-133158,Delfina Latchford,Consumer,Austria,Europe,Western Europe,OFF-PA-5891,Office Supplies,Paper,"SanDisk Parchment Paper, Multicolor",36.239999999999995,2,0,7.199999999999999
IT-2015-GH1442591-42327,2015-11-19 00:00:00,GH-1442591,Gary Hwang,Consumer,Netherlands,Europe,Western Europe,OFF-AR-3493,Office Supplies,Art,"Binney & Smith Pencil Sharpener, Fluorescent",26.67,2,0.5,-24.57
IN-2015-GT147557-42327,2015-11-19 00:00:00,GT-147557,Guy Thornton,Consumer,Australia,Asia Pacific,Oceania,OFF-FA-3074,Office Supplies,Fasteners,"Advantus Thumb Tacks, Bulk Pack",24.462,2,0.1,2.1420000000000003
ES-2015-SW2075545-42320,2015-11-12 00:00:00,SW-2075545,Steven Ward,Corporate,France,Europe,Western Europe,TEC-AC-5128,Technology,Accessories,"Logitech Mouse, Programmable",61.56000000000001,2,0,16.62
MX-2015-MM1792036-42337,2015-11-29 00:00:00,MM-1792036,Michael Moore,Consumer,Dominican Republic,LATAM,Caribbean,OFF-BI-3249,Office Supplies,Binders,"Avery Binder Covers, Recycled",30.479999999999997,5,0.2,10.280000000000001
TU-2015-AW930134-42332,2015-11-24 00:00:00,AW-930134,Arthur Wiediger,Home Office,Turkey,Asia Pacific,Western Asia,OFF-AR-6110,Office Supplies,Art,"Stanley Highlighters, Blue",5.88,1,0.6,-5.879999999999999
CG-2015-BM157533-42329,2015-11-21 00:00:00,BM-157533,Brendan Murry,Corporate,Democratic Republic of the Congo,Africa,Central Africa,OFF-EN-3665,Office Supplies,Envelopes,"Cameo Mailers, Recycled",36.96,1,0,8.49
KG-2015-FO430570-42318,2015-11-10 00:00:00,FO-430570,Frank Olsen,Consumer,Kyrgyzstan,Asia Pacific,Central Asia,OFF-SU-2990,Office Supplies,Supplies,"Acme Scissors, Serrated",22.14,1,0,1.32
IN-2015-TS2143059-42321,2015-11-13 00:00:00,TS-2143059,Tom Stivers,Corporate,Indonesia,Asia Pacific,Southeastern Asia,FUR-FU-6243,Furniture,Furnishings,"Tenex Door Stop, Durable",89.6148,3,0.27,-18.475200000000005
US-2015-AA106455-42314,2015-11-06 00:00:00,AA-106455,Anna Andreadi,Consumer,Argentina,LATAM,South America,OFF-LA-5387,Office Supplies,Labels,"Novimex Legal Exhibit Labels, 5000 Label Set",8.688,2,0.4,-2.352000000000001
MO-2015-DO343586-42327,2015-11-19 00:00:00,DO-343586,Denny Ordway,Consumer,Morocco,Africa,North Africa,OFF-AR-3498,Office Supplies,Art,"Binney & Smith Pens, Water Color",15.120000000000001,1,0,5.43
TU-2015-LW6825134-42337,2015-11-29 00:00:00,LW-6825134,Laurel Workman,Corporate,Turkey,Asia Pacific,Western Asia,OFF-ST-4294,Office Supplies,Storage,"Fellowes Trays, Industrial",23.148,1,0.6,-20.861999999999995
US-2015-JA1597055-42330,2015-11-22 00:00:00,JA-1597055,Joseph Airdo,Consumer,Honduras,LATAM,Central America,OFF-FA-3044,Office Supplies,Fasteners,"Advantus Paper Clips, Assorted Sizes",4.5600000000000005,1,0.4,-2.900000000000001
MX-2015-BM1157582-42335,2015-11-27 00:00:00,BM-1157582,Brendan Murry,Corporate,Mexico,LATAM,Central America,OFF-PA-4161,Office Supplies,Paper,"Enermax Memo Slips, Premium",20.880000000000003,2,0,0.2
CA-2015-RP19390140-42336,2015-11-28 00:00:00,RP-193901406,Resi Pölking,Consumer,United States,USCA,Eastern US,OFF-BI-3275,Office Supplies,Binders,"Avery Flip-Chart Easel Binder, Black",107.424,6,0.2,36.255599999999994
MX-2015-JL1517593-42328,2015-11-20 00:00:00,JL-1517593,James Lanier,Home Office,Nicaragua,LATAM,Central America,OFF-AR-6110,Office Supplies,Art,"Stanley Highlighters, Blue",29.399999999999995,3,0,11.46
CA-2015-RP19390140-42336,2015-11-28 00:00:00,RP-193901406,Resi Pölking,Consumer,United States,USCA,Eastern US,OFF-AR-3087,Office Supplies,Art,American Pencil,6.99,3,0,2.027099999999999
US-2015-VM2168555-42337,2015-11-29 00:00:00,VM-2168555,Valerie Mitchum,Home Office,Honduras,LATAM,Central America,OFF-ST-6249,Office Supplies,Storage,"Tenex Folders, Blue",9.288,1,0.4,-0.012000000000001875
IN-2015-HM1498027-42311,2015-11-03 00:00:00,HM-1498027,Henry MacAllister,Consumer,China,Asia Pacific,Eastern Asia,OFF-BI-3717,Office Supplies,Binders,"Cardinal Binder Covers, Durable",27,2,0,13.200000000000001
CA-2015-RB19435140-42328,2015-11-20 00:00:00,RB-194351408,Richard Bierner,Consumer,United States,USCA,Southern US,OFF-AR-5329,Office Supplies,Art,Newell 349,22.959999999999997,7,0,6.658399999999997
MX-2015-LB1673539-42326,2015-11-18 00:00:00,LB-1673539,Larry Blacks,Consumer,El Salvador,LATAM,Central America,FUR-FU-3953,Furniture,Furnishings,"Deflect-O Photo Frame, Erganomic",67.36,2,0,33
TU-2015-VW11775134-42312,2015-11-04 00:00:00,VW-11775134,Victoria Wilson,Corporate,Turkey,Asia Pacific,Western Asia,OFF-PA-6623,Office Supplies,Paper,"Xerox Parchment Paper, Premium",5.304,1,0.6,-3.726
US-2015-BD11770143-42334,2015-11-26 00:00:00,BD-11770143,Bryan Davis,Consumer,Venezuela,LATAM,South America,OFF-BI-3294,Office Supplies,Binders,"Avery Index Tab, Durable",5.352,2,0.4,-1.2880000000000003
CA-2015-RD948023-42322,2015-11-14 00:00:00,RD-948023,Rick Duston,Consumer,Canada,USCA,Canada,OFF-AR-5930,Office Supplies,Art,"Sanford Sketch Pad, Blue",90.96000000000001,2,0,2.7
ID-2015-ML1741059-42336,2015-11-28 00:00:00,ML-1741059,Maris LaWare,Consumer,Indonesia,Asia Pacific,Southeastern Asia,OFF-LA-4639,Office Supplies,Labels,"Hon Color Coded Labels, Alphabetical",13.3878,2,0.47000000000000003,-11.8722
ES-2015-MG1814545-42332,2015-11-24 00:00:00,MG-1814545,Mike Gockenbach,Consumer,France,Europe,Western Europe,OFF-BI-4825,Office Supplies,Binders,"Ibico Hole Reinforcements, Economy",13.98,2,0,6.84
CA-2015-RH19495140-42337,2015-11-29 00:00:00,RH-194951404,Rick Hansen,Consumer,United States,USCA,Western US,OFF-PA-4009,Office Supplies,Paper,"Eaton Premium Continuous-Feed Paper, 25% Cotton, Letter Size, White, 1000 Shts/Box",88.768,2,0.2,31.068799999999996
US-2015-TH2111555-42326,2015-11-18 00:00:00,TH-2111555,Thea Hudgings,Corporate,Honduras,LATAM,Central America,OFF-SU-6169,Office Supplies,Supplies,"Stiletto Ruler, High Speed",5.952,1,0.4,-1.4080000000000006
MX-2015-CS1213082-42313,2015-11-05 00:00:00,CS-1213082,Chad Sievert,Consumer,Mexico,LATAM,Central America,OFF-LA-4664,Office Supplies,Labels,"Hon Legal Exhibit Labels, Alphabetical",28.48,4,0,2.2399999999999998
TU-2015-DV3045134-42335,2015-11-27 00:00:00,DV-3045134,Darrin Van Huff,Corporate,Turkey,Asia Pacific,Western Asia,OFF-LA-4541,Office Supplies,Labels,"Harbour Creations Removable Labels, 5000 Label Set",4.140000000000001,1,0.6,-2.490000000000001
TU-2015-DV3045134-42335,2015-11-27 00:00:00,DV-3045134,Darrin Van Huff,Corporate,Turkey,Asia Pacific,Western Asia,OFF-BI-2892,Office Supplies,Binders,"Acco Binder Covers, Durable",5.928,1,0.6,-2.2319999999999993
MX-2015-SC2044082-42325,2015-11-17 00:00:00,SC-2044082,Shaun Chance,Corporate,Mexico,LATAM,Central America,OFF-LA-6061,Office Supplies,Labels,"Smead Shipping Labels, 5000 Label Set",24,3,0,7.44
MX-2015-HL1504039-42333,2015-11-25 00:00:00,HL-1504039,Hunter Lopez,Consumer,El Salvador,LATAM,Central America,OFF-AR-3549,Office Supplies,Art,"Boston Pens, Water Color",46.400000000000006,4,0,1.36
NI-2015-AR82595-42336,2015-11-28 00:00:00,AR-82595,Anthony Rawles,Corporate,Nigeria,Africa,Western Africa,OFF-EN-4431,Office Supplies,Envelopes,"GlobeWeis Business Envelopes, Recycled",4.8420000000000005,1,0.7,-4.218
IR-2015-CS235560-42313,2015-11-05 00:00:00,CS-235560,Christine Sundaresam,Consumer,Iran,Asia Pacific,Southern Asia,OFF-AR-6121,Office Supplies,Art,"Stanley Pens, Blue",20.1,2,0,9.84
SU-2015-RD9585122-42334,2015-11-26 00:00:00,RD-9585122,Rob Dowd,Consumer,Sudan,Africa,North Africa,OFF-FA-2944,Office Supplies,Fasteners,"Accos Paper Clips, Assorted Sizes",11.49,1,0,0.09
MX-2015-DG1330093-42319,2015-11-11 00:00:00,DG-1330093,Deirdre Greer,Corporate,Nicaragua,LATAM,Central America,OFF-LA-6043,Office Supplies,Labels,"Smead Legal Exhibit Labels, Adjustable",18,3,0,4.680000000000001
EG-2015-AH69038-42311,2015-11-03 00:00:00,AH-69038,Anna Häberlin,Corporate,Egypt,Africa,North Africa,OFF-EN-4909,Office Supplies,Envelopes,"Jiffy Clasp Envelope, with clear poly window",12.059999999999999,1,0,3.3600000000000003
IT-2015-IM1507091-42329,2015-11-21 00:00:00,IM-1507091,Irene Maddox,Consumer,Netherlands,Europe,Western Europe,OFF-BI-3735,Office Supplies,Binders,"Cardinal Hole Reinforcements, Economy",8.010000000000002,3,0.5,-1.5300000000000011
MX-2015-LH1702082-42328,2015-11-20 00:00:00,LH-1702082,Lisa Hazard,Consumer,Mexico,LATAM,Central America,FUR-FU-6257,Furniture,Furnishings,"Tenex Light Bulb, Black",22.715999999999998,3,0.4,-2.304000000000002
ZA-2015-BT1305147-42338,2015-11-30 00:00:00,BT-1305147,Beth Thompson,Home Office,Zimbabwe,Africa,Eastern Africa,OFF-ST-5686,Office Supplies,Storage,"Rogers Box, Blue",7.191000000000001,1,0.7,-16.329
IR-2015-CS235560-42313,2015-11-05 00:00:00,CS-235560,Christine Sundaresam,Consumer,Iran,Asia Pacific,Southern Asia,OFF-AR-6123,Office Supplies,Art,"Stanley Pens, Fluorescent",45.24000000000001,4,0,3.96
IN-2015-DV1304559-42321,2015-11-13 00:00:00,DV-1304559,Darrin Van Huff,Corporate,Indonesia,Asia Pacific,Southeastern Asia,OFF-FA-2960,Office Supplies,Fasteners,"Accos Thumb Tacks, Assorted Sizes",17.6967,3,0.47000000000000003,-13.443299999999999
MX-2015-HM1498018-42318,2015-11-10 00:00:00,HM-1498018,Henry MacAllister,Consumer,Brazil,LATAM,South America,OFF-BI-3718,Office Supplies,Binders,"Cardinal Binder Covers, Economy",24,3,0,3.8400000000000007
NI-2015-JH582095-42327,2015-11-19 00:00:00,JH-582095,John Huston,Consumer,Nigeria,Africa,Western Africa,OFF-EN-3665,Office Supplies,Envelopes,"Cameo Mailers, Recycled",11.088000000000003,1,0.7,-17.381999999999998
ES-2015-HM14980139-42329,2015-11-21 00:00:00,HM-14980139,Henry MacAllister,Consumer,United Kingdom,Europe,Northern Europe,OFF-ST-5686,Office Supplies,Storage,"Rogers Box, Blue",47.94,2,0,0.8999999999999999
US-2015-RB19705140-42315,2015-11-07 00:00:00,RB-197051404,Roger Barcio,Home Office,United States,USCA,Western US,OFF-BI-4330,Office Supplies,Binders,Flexible Leather- Look Classic Collection Ring Binder,5.682000000000001,1,0.7,-3.7880000000000003
CA-2015-RS19765140-42333,2015-11-25 00:00:00,RS-197651408,Roland Schwarz,Corporate,United States,USCA,Southern US,OFF-BI-6408,Office Supplies,Binders,"Wilson Jones Ledger-Size, Piano-Hinge Binder, 2"", Blue",327.84,8,0,157.36319999999998
CA-2015-RS19765140-42333,2015-11-25 00:00:00,RS-197651408,Roland Schwarz,Corporate,United States,USCA,Southern US,TEC-PH-5245,Technology,Phones,Motorla HX550 Universal Bluetooth Headset,79.1,2,0,39.55
IN-2015-DV1304559-42321,2015-11-13 00:00:00,DV-1304559,Darrin Van Huff,Corporate,Indonesia,Asia Pacific,Southeastern Asia,OFF-BI-3737,Office Supplies,Binders,"Cardinal Index Tab, Clear",22.310399999999994,4,0.17,7.430400000000001
ID-2015-JH1591059-42327,2015-11-19 00:00:00,JH-1591059,Jonathan Howell,Consumer,Indonesia,Asia Pacific,Southeastern Asia,OFF-LA-6050,Office Supplies,Labels,"Smead Removable Labels, 5000 Label Set",27.825000000000003,5,0.47000000000000003,-2.1750000000000043
CA-2015-RO19780140-42334,2015-11-26 00:00:00,RO-197801402,Rose O'Brian,Consumer,United States,USCA,Central US,FUR-CH-4649,Furniture,Chairs,Hon Deluxe Fabric Upholstered Stacking Chairs,853.9299999999998,5,0.3,-24.39799999999991
CA-2015-RO19780140-42334,2015-11-26 00:00:00,RO-197801402,Rose O'Brian,Consumer,United States,USCA,Central US,TEC-PH-3511,Technology,Phones,Blue Parrot B250XT Professional Grade Wireless Bluetooth Headset with,299.96,5,0.2,37.49499999999996
ID-2015-RD1972059-42322,2015-11-14 00:00:00,RD-1972059,Roger Demir,Consumer,Indonesia,Asia Pacific,Southeastern Asia,OFF-FA-5474,Office Supplies,Fasteners,"OIC Push Pins, Metal",39.8295,5,0.47000000000000003,-0.07049999999999557
MX-2015-SN2071093-42325,2015-11-17 00:00:00,SN-2071093,Steve Nguyen,Home Office,Nicaragua,LATAM,Central America,OFF-FA-5467,Office Supplies,Fasteners,"OIC Paper Clips, 12 Pack",18.48,2,0,4.96
CA-2015-RO19780140-42334,2015-11-26 00:00:00,RO-197801402,Rose O'Brian,Consumer,United States,USCA,Central US,OFF-AP-4254,Office Supplies,Appliances,Fellowes Command Center 5-outlet power strip,67.83999999999999,5,0.8,-179.776
SF-2015-CM2160117-42320,2015-11-12 00:00:00,CM-2160117,Charles McCrossin,Consumer,South Africa,Africa,Southern Africa,OFF-FA-6203,Office Supplies,Fasteners,"Stockwell Staples, Bulk Pack",20.82,2,0,8.52
CA-2015-RO19780140-42334,2015-11-26 00:00:00,RO-197801402,Rose O'Brian,Consumer,United States,USCA,Central US,OFF-AR-3287,Office Supplies,Art,Avery Hi-Liter Smear-Safe Highlighters,18.688,4,0.2,3.7375999999999996
US-2015-RB19795140-42337,2015-11-29 00:00:00,RB-197951406,Ross Baird,Home Office,United States,USCA,Eastern US,FUR-TA-5683,Furniture,Tables,"Riverside Furniture Oval Coffee Table, Oval End Table, End Table with Drawer",2065.32,12,0.4,-619.5960000000001
US-2015-RB19795140-42337,2015-11-29 00:00:00,RB-197951406,Ross Baird,Home Office,United States,USCA,Eastern US,FUR-FU-5161,Furniture,Furnishings,Luxo Professional Fluorescent Magnifier Lamp with Clamp-Mount Base,1007.2320000000001,6,0.2,75.54240000000001
US-2015-RB19795140-42337,2015-11-29 00:00:00,RB-197951406,Ross Baird,Home Office,United States,USCA,Eastern US,FUR-FU-3954,Furniture,Furnishings,"Deflect-o RollaMat Studded, Beveled Mat for Medium Pile Carpeting",516.488,7,0.2,-12.912200000000027
US-2015-RB19795140-42337,2015-11-29 00:00:00,RB-197951406,Ross Baird,Home Office,United States,USCA,Eastern US,OFF-PA-6598,Office Supplies,Paper,Xerox 4200 Series MultiUse Premium Copy Paper (20Lb. and 84 Bright),25.344,6,0.2,7.92
ES-2015-LB16795139-42330,2015-11-22 00:00:00,LB-16795139,Laurel Beltran,Home Office,United Kingdom,Europe,Northern Europe,OFF-LA-3321,Office Supplies,Labels,"Avery Shipping Labels, Adjustable",19.5,4,0.5,-6.66
US-2015-RB19795140-42337,2015-11-29 00:00:00,RB-197951406,Ross Baird,Home Office,United States,USCA,Eastern US,OFF-PA-6573,Office Supplies,Paper,Xerox 210,15.552000000000003,3,0.2,5.4432
MX-2015-AC106155-42333,2015-11-25 00:00:00,AC-106155,Ann Chong,Corporate,Argentina,LATAM,South America,FUR-FU-3067,Furniture,Furnishings,"Advantus Stacking Tray, Erganomic",9.36,1,0.4,0.4599999999999994
MX-2015-MG1787582-42314,2015-11-06 00:00:00,MG-1787582,Michael Grace,Home Office,Mexico,LATAM,Central America,OFF-LA-3317,Office Supplies,Labels,"Avery Round Labels, Laser Printer Compatible",9.52,2,0,4.36
BN-2015-PF916515-42335,2015-11-27 00:00:00,PF-916515,Philip Fox,Consumer,Benin,Africa,Western Africa,OFF-LA-4693,Office Supplies,Labels,"Hon Shipping Labels, 5000 Label Set",11.76,1,0,5.64
MX-2015-PM1913518-42312,2015-11-04 00:00:00,PM-1913518,Peter McVee,Home Office,Brazil,LATAM,South America,OFF-FA-6204,Office Supplies,Fasteners,"Stockwell Staples, Metal",21.060000000000002,3,0,3.12
ID-2015-SC20845102-42325,2015-11-17 00:00:00,SC-20845102,Sung Chung,Consumer,Philippines,Asia Pacific,Southeastern Asia,OFF-PA-6609,Office Supplies,Paper,"Xerox Memo Slips, 8.5 x 11",29.155500000000007,3,0.45,-22.3245
US-2015-RA19885140-42314,2015-11-06 00:00:00,RA-198851404,Ruben Ausman,Corporate,United States,USCA,Western US,TEC-AC-5279,Technology,Accessories,NETGEAR AC1750 Dual Band Gigabit Smart WiFi Router,159.99,1,0,54.39659999999999
CA-2015-RA19885140-42326,2015-11-18 00:00:00,RA-198851408,Ruben Ausman,Corporate,United States,USCA,Southern US,TEC-PH-5555,Technology,Phones,Panasonic KX - TS880B Telephone,206.1,5,0,55.647000000000006
CA-2015-RA19885140-42326,2015-11-18 00:00:00,RA-198851408,Ruben Ausman,Corporate,United States,USCA,Southern US,TEC-AC-5107,Technology,Accessories,Logitech G430 Surround Sound Gaming Headset with Dolby 7.1 Technology,79.99,1,0,28.7964
ZA-2015-NG8430147-42332,2015-11-24 00:00:00,NG-8430147,Nathan Gelder,Consumer,Zimbabwe,Africa,Eastern Africa,OFF-AR-5923,Office Supplies,Art,"Sanford Pencil Sharpener, Water Color",7.830000000000001,1,0.7,-11.489999999999997
MX-2015-SC2044039-42319,2015-11-11 00:00:00,SC-2044039,Shaun Chance,Corporate,El Salvador,LATAM,Central America,FUR-FU-4083,Furniture,Furnishings,"Eldon Photo Frame, Black",38.739999999999995,1,0,13.540000000000001
TZ-2015-CS2175129-42312,2015-11-04 00:00:00,CS-2175129,Charles Sheldon,Corporate,Tanzania,Africa,Eastern Africa,OFF-LA-6044,Office Supplies,Labels,"Smead Legal Exhibit Labels, Alphabetical",21.839999999999996,2,0,2.4000000000000004
EG-2015-DN369038-42311,2015-11-03 00:00:00,DN-369038,Duane Noonan,Consumer,Egypt,Africa,North Africa,OFF-BI-2895,Office Supplies,Binders,"Acco Binder, Clear",14.61,1,0,4.800000000000001
IN-2015-MP18175144-42328,2015-11-20 00:00:00,MP-18175144,Mike Pelletier,Home Office,Vietnam,Asia Pacific,Southeastern Asia,FUR-FU-3027,Furniture,Furnishings,"Advantus Door Stop, Black",65.7438,2,0.27,12.583800000000004
MX-2015-LB1673536-42312,2015-11-04 00:00:00,LB-1673536,Larry Blacks,Consumer,Dominican Republic,LATAM,Caribbean,OFF-PA-4005,Office Supplies,Paper,"Eaton Parchment Paper, 8.5 x 11",18.783999999999995,2,0.2,3.744000000000002
CA-2015-RD19930140-42327,2015-11-19 00:00:00,RD-199301402,Russell D'Ascenzo,Consumer,United States,USCA,Central US,FUR-CH-4411,Furniture,Chairs,Global Highback Leather Tilter in Burgundy,127.38599999999998,2,0.3,-25.477199999999982
CA-2015-RD19930140-42327,2015-11-19 00:00:00,RD-199301402,Russell D'Ascenzo,Consumer,United States,USCA,Central US,OFF-EN-5583,Office Supplies,Envelopes,"Peel & Seel Recycled Catalog Envelopes, Brown",55.584,6,0.2,20.844
ES-2015-DM1352564-42311,2015-11-03 00:00:00,DM-1352564,Don Miller,Corporate,Italy,Europe,Southern Europe,OFF-EN-3659,Office Supplies,Envelopes,"Cameo Clasp Envelope, Set of 50",28.53,3,0,2.25
IN-2015-HD1478527-42327,2015-11-19 00:00:00,HD-1478527,Harold Dahlen,Home Office,China,Asia Pacific,Eastern Asia,OFF-BI-3734,Office Supplies,Binders,"Cardinal Hole Reinforcements, Durable",13.680000000000001,2,0,4.5
IZ-2015-IG508561-42328,2015-11-20 00:00:00,IG-508561,Ivan Gibson,Consumer,Iraq,Asia Pacific,Western Asia,OFF-FA-3073,Office Supplies,Fasteners,"Advantus Thumb Tacks, Assorted Sizes",22.080000000000002,2,0,3.3000000000000003
US-2015-JA1597055-42330,2015-11-22 00:00:00,JA-1597055,Joseph Airdo,Consumer,Honduras,LATAM,Central America,OFF-BI-2894,Office Supplies,Binders,"Acco Binder Covers, Recycled",10.943999999999999,2,0.4,-5.656
IN-2015-MG176807-42333,2015-11-25 00:00:00,MG-176807,Maureen Gastineau,Home Office,Australia,Asia Pacific,Oceania,OFF-BI-3291,Office Supplies,Binders,"Avery Hole Reinforcements, Economy",7.938000000000001,2,0.1,1.758
MO-2015-PM894086-42314,2015-11-06 00:00:00,PM-894086,Paul MacIntyre,Consumer,Morocco,Africa,North Africa,OFF-FA-2940,Office Supplies,Fasteners,"Accos Clamps, 12 Pack",75.24000000000001,4,0,12
MX-2015-EH1394531-42312,2015-11-04 00:00:00,EH-1394531,Eric Hoffmann,Consumer,Cuba,LATAM,Caribbean,OFF-AR-3532,Office Supplies,Art,"Boston Highlighters, Easy-Erase",38.279999999999994,3,0,14.160000000000002
US-2015-JA1597055-42330,2015-11-22 00:00:00,JA-1597055,Joseph Airdo,Consumer,Honduras,LATAM,Central America,OFF-FA-2958,Office Supplies,Fasteners,"Accos Staples, Metal",13.284000000000002,3,0.4,-3.816000000000001
MX-2015-SC2072518-42328,2015-11-20 00:00:00,SC-2072518,Steven Cartwright,Consumer,Brazil,LATAM,South America,OFF-AR-3459,Office Supplies,Art,"BIC Markers, Water Color",19.74,1,0,9.459999999999999
CA-2015-SZ20035140-42334,2015-11-26 00:00:00,SZ-200351402,Sam Zeldin,Home Office,United States,USCA,Central US,OFF-ST-5422,Office Supplies,Storage,Office Impressions Heavy Duty Welded Shelving & Multimedia Storage Drawers,501.81000000000006,3,0,0
IN-2015-CD1192021-42312,2015-11-04 00:00:00,CD-1192021,Carlos Daly,Consumer,Cambodia,Asia Pacific,Southeastern Asia,OFF-BI-3736,Office Supplies,Binders,"Cardinal Hole Reinforcements, Recycled",11.4,2,0,2.82
CA-2015-SZ20035140-42313,2015-11-05 00:00:00,SZ-200351402,Sam Zeldin,Home Office,United States,USCA,Central US,OFF-LA-3083,Office Supplies,Labels,Alphabetical Labels for Top Tab Filing,23.680000000000003,2,0.2,8.879999999999999
IN-2015-KC1654059-42327,2015-11-19 00:00:00,KC-1654059,Kelly Collister,Consumer,Indonesia,Asia Pacific,Southeastern Asia,OFF-BI-2914,Office Supplies,Binders,"Acco Hole Reinforcements, Economy",11.0556,2,0.17,2.6555999999999997
CA-2015-SC20050140-42329,2015-11-21 00:00:00,SC-200501408,Sample Company A,Home Office,United States,USCA,Southern US,FUR-FU-2877,Furniture,Furnishings,9-3/4 Diameter Round Wall Clock,27.58,2,0,11.5836
CA-2015-SF20065140-42310,2015-11-02 00:00:00,SF-200651406,Sandra Flanagan,Consumer,United States,USCA,Eastern US,OFF-PA-6493,Office Supplies,Paper,Xerox 1939,189.7,10,0,91.05599999999998
MX-2015-LL1684082-42315,2015-11-07 00:00:00,LL-1684082,Lauren Leatherbury,Consumer,Mexico,LATAM,Central America,OFF-PA-4008,Office Supplies,Paper,"Eaton Parchment Paper, Recycled",17.839999999999996,2,0,6.76
CA-2015-SF20065140-42310,2015-11-02 00:00:00,SF-200651406,Sandra Flanagan,Consumer,United States,USCA,Eastern US,OFF-PA-6443,Office Supplies,Paper,Xerox 1893,40.99,1,0,20.0851
GH-2015-MY829549-42326,2015-11-18 00:00:00,MY-829549,Muhammed Yedwab,Corporate,Ghana,Africa,Western Africa,OFF-ST-5695,Office Supplies,Storage,"Rogers Folders, Industrial",31.169999999999995,1,0,4.35
ES-2015-VG2180564-42328,2015-11-20 00:00:00,VG-2180564,Vivek Grady,Corporate,Italy,Europe,Southern Europe,OFF-LA-4537,Office Supplies,Labels,"Harbour Creations Legal Exhibit Labels, 5000 Label Set",22.68,2,0,3.5999999999999996
MX-2015-AF1088582-42316,2015-11-08 00:00:00,AF-1088582,Art Foster,Consumer,Mexico,LATAM,Central America,FUR-BO-3887,Furniture,Bookcases,"Dania 3-Shelf Cabinet, Pine",456.96000000000004,6,0.2,-28.560000000000002
US-2015-TZ2158036-42318,2015-11-10 00:00:00,TZ-2158036,Tracy Zic,Consumer,Dominican Republic,LATAM,Caribbean,OFF-LA-4660,Office Supplies,Labels,"Hon File Folder Labels, Laser Printer Compatible",46.08,10,0.2,-11.52
US-2015-KB1640536-42314,2015-11-06 00:00:00,KB-1640536,Katrina Bavinger,Home Office,Dominican Republic,LATAM,Caribbean,OFF-FA-6196,Office Supplies,Fasteners,"Stockwell Push Pins, Metal",23.184,3,0.2,-5.256
CA-2015-SE20110140-42322,2015-11-14 00:00:00,SE-201101404,Sanjit Engle,Consumer,United States,USCA,Western US,TEC-AC-4936,Technology,Accessories,Kensington K72356US Mouse-in-a-Box USB Desktop Mouse,82.95,5,0,29.0325
NI-2015-LW712595-42336,2015-11-28 00:00:00,LW-712595,Liz Willingham,Consumer,Nigeria,Africa,Western Africa,OFF-BI-3737,Office Supplies,Binders,"Cardinal Index Tab, Clear",2.1780000000000004,1,0.7,-2.562
TU-2015-BK1260134-42311,2015-11-03 00:00:00,BK-1260134,Berenike Kampe,Consumer,Turkey,Asia Pacific,Western Asia,OFF-FA-5469,Office Supplies,Fasteners,"OIC Paper Clips, Bulk Pack",5.772,1,0.6,-1.6079999999999988
MX-2015-JM1565582-42322,2015-11-14 00:00:00,JM-1565582,Jim Mitchum,Corporate,Mexico,LATAM,Central America,OFF-FA-6185,Office Supplies,Fasteners,"Stockwell Clamps, Assorted Sizes",11.120000000000001,1,0,4.1
IR-2015-BG174060-42326,2015-11-18 00:00:00,BG-174060,Bruce Geld,Consumer,Iran,Asia Pacific,Southern Asia,OFF-LA-6051,Office Supplies,Labels,"Smead Removable Labels, Adjustable",8.399999999999999,1,0,0.06
IN-2015-Co1264058-42326,2015-11-18 00:00:00,Co-1264058,Corey-Lock,Consumer,India,Asia Pacific,Southern Asia,FUR-FU-5735,Furniture,Furnishings,"Rubbermaid Photo Frame, Black",155.25,3,0,24.839999999999996
CA-2015-SF20200140-42310,2015-11-02 00:00:00,SF-202001404,Sarah Foster,Consumer,United States,USCA,Western US,FUR-TA-4625,Furniture,Tables,Hon 94000 Series Round Tables,2665.62,9,0,239.9058000000001
CA-2015-SF20200140-42310,2015-11-02 00:00:00,SF-202001404,Sarah Foster,Consumer,United States,USCA,Western US,OFF-BI-4366,Office Supplies,Binders,GBC Standard Plastic Binding Systems' Combs,25.120000000000005,5,0.2,7.849999999999998
IN-2015-JK1609027-42320,2015-11-12 00:00:00,JK-1609027,Juliana Krohn,Consumer,China,Asia Pacific,Eastern Asia,OFF-LA-4551,Office Supplies,Labels,"Harbour Creations Round Labels, Laser Printer Compatible",13.5,2,0,3.7800000000000002
ZA-2015-BT1305147-42338,2015-11-30 00:00:00,BT-1305147,Beth Thompson,Home Office,Zimbabwe,Africa,Eastern Africa,OFF-AR-5926,Office Supplies,Art,"Sanford Pens, Fluorescent",3.708,1,0.7,-5.202
IT-2015-LF1718564-42336,2015-11-28 00:00:00,LF-1718564,Luke Foster,Consumer,Italy,Europe,Southern Europe,OFF-ST-4030,Office Supplies,Storage,"Eldon Box, Single Width",24.695999999999998,4,0.4,-4.584
MX-2015-DG1330082-42325,2015-11-17 00:00:00,DG-1330082,Deirdre Greer,Corporate,Mexico,LATAM,Central America,OFF-ST-6023,Office Supplies,Storage,"Smead Box, Blue",7.18,1,0,2.8600000000000003
MX-2015-DB1291082-42321,2015-11-13 00:00:00,DB-1291082,Daniel Byrd,Home Office,Mexico,LATAM,Central America,OFF-LA-5404,Office Supplies,Labels,"Novimex Shipping Labels, Alphabetical",7.199999999999998,1,0,3.3
UP-2015-CS2505137-42319,2015-11-11 00:00:00,CS-2505137,Cindy Stewart,Consumer,Ukraine,Europe,Eastern Europe,OFF-PA-6611,Office Supplies,Paper,"Xerox Memo Slips, Premium",27.060000000000002,2,0,6.48
CA-2015-SW20275140-42325,2015-11-17 00:00:00,SW-202751404,Scott Williamson,Consumer,United States,USCA,Western US,OFF-ST-6293,Office Supplies,Storage,Tennsco Regal Shelving Units,811.28,8,0,24.33839999999998
ID-2015-GT14710118-42329,2015-11-21 00:00:00,GT-14710118,Greg Tran,Consumer,South Korea,Asia Pacific,Eastern Asia,OFF-LA-4638,Office Supplies,Labels,"Hon Color Coded Labels, Adjustable",5.354999999999999,1,0.5,-4.094999999999999
CA-2015-SW20275140-42330,2015-11-22 00:00:00,SW-202751406,Scott Williamson,Consumer,United States,USCA,Eastern US,FUR-FU-4764,Furniture,Furnishings,Howard Miller Distant Time Traveler Alarm Clock,27.42,1,0,11.2422
US-2015-SB20290140-42322,2015-11-14 00:00:00,SB-202901406,Sean Braxton,Corporate,United States,USCA,Eastern US,TEC-MA-4213,Technology,Machines,Epson TM-T88V Direct Thermal Printer - Monochrome - Desktop,652.9950000000001,7,0.7,-935.9594999999999
US-2015-SB20290140-42322,2015-11-14 00:00:00,SB-202901406,Sean Braxton,Corporate,United States,USCA,Eastern US,TEC-AC-5856,Technology,Accessories,SanDisk Cruzer 32 GB USB Flash Drive,60.864000000000004,4,0.2,9.129599999999996
US-2015-SB20290140-42322,2015-11-14 00:00:00,SB-202901406,Sean Braxton,Corporate,United States,USCA,Eastern US,OFF-BI-2939,Office Supplies,Binders,Accohide Poly Flexible Ring Binders,11.220000000000002,10,0.7,-7.479999999999997
MX-2015-CK1259582-42326,2015-11-18 00:00:00,CK-1259582,Clytie Kelty,Consumer,Mexico,LATAM,Central America,OFF-EN-4905,Office Supplies,Envelopes,"Jiffy Business Envelopes, Set of 50",39,3,0,9.360000000000001
MO-2015-DO343586-42327,2015-11-19 00:00:00,DO-343586,Denny Ordway,Consumer,Morocco,Africa,North Africa,OFF-AR-3532,Office Supplies,Art,"Boston Highlighters, Easy-Erase",19.139999999999997,1,0,4.199999999999999
IN-2015-NF1838527-42329,2015-11-21 00:00:00,NF-1838527,Natalie Fritzler,Consumer,China,Asia Pacific,Eastern Asia,OFF-FA-3074,Office Supplies,Fasteners,"Advantus Thumb Tacks, Bulk Pack",27.18,2,0,4.86
RS-2015-ED3885108-42313,2015-11-05 00:00:00,ED-3885108,Emily Ducich,Home Office,Russia,Europe,Eastern Europe,OFF-PA-6624,Office Supplies,Paper,"Xerox Parchment Paper, Recycled",13.169999999999998,1,0,5.91
ID-2015-GM1445592-42334,2015-11-26 00:00:00,GM-1445592,Gary Mitchum,Home Office,New Zealand,Asia Pacific,Oceania,OFF-FA-3060,Office Supplies,Fasteners,"Advantus Rubber Bands, 12 Pack",12.816,2,0.6,-14.784
TX-2015-LL6840135-42327,2015-11-19 00:00:00,LL-6840135,Lauren Leatherbury,Consumer,Turkmenistan,Asia Pacific,Central Asia,OFF-ST-4063,Office Supplies,Storage,"Eldon Folders, Wire Frame",9.629999999999999,2,0.7,-19.289999999999996
MX-2015-MG1787582-42314,2015-11-06 00:00:00,MG-1787582,Michael Grace,Home Office,Mexico,LATAM,Central America,OFF-BI-6374,Office Supplies,Binders,"Wilson Jones Binder Covers, Clear",21.3,3,0,8.7
MX-2015-NS1864082-42313,2015-11-05 00:00:00,NS-1864082,Noel Staavos,Corporate,Mexico,LATAM,Central America,OFF-LA-6051,Office Supplies,Labels,"Smead Removable Labels, Adjustable",16.8,3,0,3.1799999999999997
CM-2015-AH1007522-42330,2015-11-22 00:00:00,AH-1007522,Adam Hart,Corporate,Cameroon,Africa,Central Africa,OFF-LA-5400,Office Supplies,Labels,"Novimex Round Labels, Alphabetical",6.09,1,0,2.61
IN-2015-BF1097592-42334,2015-11-26 00:00:00,BF-1097592,Barbara Fisher,Corporate,New Zealand,Asia Pacific,Oceania,OFF-FA-6184,Office Supplies,Fasteners,"Stockwell Clamps, 12 Pack",10.962,1,0.4,1.8120000000000012
CA-2015-SR20425140-42311,2015-11-03 00:00:00,SR-204251406,Sharelle Roach,Home Office,United States,USCA,Eastern US,FUR-CH-5445,Furniture,Chairs,Office Star Flex Back Scooter Chair with White Frame,155.37199999999999,2,0.3,-35.5136
CA-2015-SR20425140-42317,2015-11-09 00:00:00,SR-204251406,Sharelle Roach,Home Office,United States,USCA,Eastern US,OFF-AR-5551,Office Supplies,Art,Panasonic KP-310 Heavy-Duty Electric Pencil Sharpener,109.9,5,0,32.97
CA-2015-SR1042523-42325,2015-11-17 00:00:00,SR-1042523,Sharelle Roach,Home Office,Canada,USCA,Canada,OFF-AR-3498,Office Supplies,Art,"Binney & Smith Pens, Water Color",60.480000000000004,4,0,21.72
TU-2015-JD6015134-42327,2015-11-19 00:00:00,JD-6015134,Joy Daniels,Consumer,Turkey,Asia Pacific,Western Asia,OFF-AR-6126,Office Supplies,Art,"Stanley Sketch Pad, Easy-Erase",17.880000000000003,1,0.6,-18.33
CA-2015-SR1042523-42325,2015-11-17 00:00:00,SR-1042523,Sharelle Roach,Home Office,Canada,USCA,Canada,OFF-AR-3500,Office Supplies,Art,"Binney & Smith Sketch Pad, Easy-Erase",46.589999999999996,1,0,6.959999999999999
CA-2015-SC20440140-42333,2015-11-25 00:00:00,SC-204401406,Shaun Chance,Corporate,United States,USCA,Eastern US,OFF-PA-6471,Office Supplies,Paper,Xerox 1919,229.544,7,0.2,83.2097
CA-2015-SC20440140-42333,2015-11-25 00:00:00,SC-204401406,Shaun Chance,Corporate,United States,USCA,Eastern US,TEC-PH-3511,Technology,Phones,Blue Parrot B250XT Professional Grade Wireless Bluetooth Headset with,89.98799999999999,2,0.4,-14.998000000000012
TU-2015-JE5475134-42313,2015-11-05 00:00:00,JE-5475134,Jeremy Ellison,Consumer,Turkey,Asia Pacific,Western Asia,OFF-LA-6043,Office Supplies,Labels,"Smead Legal Exhibit Labels, Adjustable",3.6,1,0.6,-4.14
ES-2015-DM1301545-42326,2015-11-18 00:00:00,DM-1301545,Darrin Martin,Consumer,France,Europe,Western Europe,OFF-EN-4437,Office Supplies,Envelopes,"GlobeWeis Clasp Envelope, Set of 50",9.899999999999999,1,0,3.96
IT-2015-PV1898591-42325,2015-11-17 00:00:00,PV-1898591,Paul Van Hugh,Home Office,Netherlands,Europe,Western Europe,OFF-FA-3062,Office Supplies,Fasteners,"Advantus Rubber Bands, Bulk Pack",41.475,5,0.5,-14.175
MX-2015-MY1829582-42321,2015-11-13 00:00:00,MY-1829582,Muhammed Yedwab,Corporate,Mexico,LATAM,Central America,OFF-PA-6620,Office Supplies,Paper,"Xerox Note Cards, Recycled",17.52,1,0,4.2
MX-2015-SC2044082-42325,2015-11-17 00:00:00,SC-2044082,Shaun Chance,Corporate,Mexico,LATAM,Central America,OFF-BI-2892,Office Supplies,Binders,"Acco Binder Covers, Durable",19.759999999999998,2,0,2.56
AU-2015-EB39758-42334,2015-11-26 00:00:00,EB-39758,Erica Bern,Corporate,Austria,Europe,Western Europe,OFF-AR-6119,Office Supplies,Art,"Stanley Pencil Sharpener, Fluorescent",24.78,1,0,7.92
IN-2015-HM1498027-42311,2015-11-03 00:00:00,HM-1498027,Henry MacAllister,Consumer,China,Asia Pacific,Eastern Asia,OFF-FA-6201,Office Supplies,Fasteners,"Stockwell Staples, 12 Pack",49.2,5,0,3.9000000000000004
MX-2015-BT1153082-42311,2015-11-03 00:00:00,BT-1153082,Bradley Talbott,Home Office,Mexico,LATAM,Central America,OFF-LA-4639,Office Supplies,Labels,"Hon Color Coded Labels, Alphabetical",16.84,2,0,8.08
CA-2015-SP20620140-42322,2015-11-14 00:00:00,SP-206201406,Stefania Perrino,Corporate,United States,USCA,Eastern US,FUR-FU-3938,Furniture,Furnishings,"Deflect-o EconoMat Nonstudded, No Bevel Mat",154.95,3,0,30.989999999999995
IN-2015-TB216257-42320,2015-11-12 00:00:00,TB-216257,Trudy Brown,Consumer,Australia,Asia Pacific,Oceania,OFF-BI-4826,Office Supplies,Binders,"Ibico Hole Reinforcements, Recycled",6.615,1,0.1,1.905
CA-2015-SP20620140-42322,2015-11-14 00:00:00,SP-206201406,Stefania Perrino,Corporate,United States,USCA,Eastern US,TEC-PH-5085,Technology,Phones,"LF Elite 3D Dazzle Designer Hard Case Cover, Lf Stylus Pen and Wiper For Apple Iphone 5c Mini Lite",43.6,4,0,12.208000000000002
PU-2015-NF847553-42326,2015-11-18 00:00:00,NF-847553,Neil Französisch,Home Office,Guinea-Bissau,Africa,Western Africa,OFF-LA-6063,Office Supplies,Labels,"Smead Shipping Labels, Alphabetical",11.43,1,0,2.73
ID-2015-SP2062059-42335,2015-11-27 00:00:00,SP-2062059,Stefania Perrino,Corporate,Indonesia,Asia Pacific,Southeastern Asia,OFF-FA-2960,Office Supplies,Fasteners,"Accos Thumb Tacks, Assorted Sizes",23.595599999999997,4,0.47000000000000003,-17.9244
MX-2015-TB2117551-42330,2015-11-22 00:00:00,TB-2117551,Thomas Boland,Corporate,Guatemala,LATAM,Central America,FUR-FU-3947,Furniture,Furnishings,"Deflect-O Light Bulb, Duo Pack",25.4,2,0,0.48
IT-2015-TT21220120-42332,2015-11-24 00:00:00,TT-21220120,Thomas Thornton,Consumer,Spain,Europe,Southern Europe,OFF-BI-2912,Office Supplies,Binders,"Acco Hole Reinforcements, Clear",18.36,3,0,0.72
MX-2015-CM1193518-42333,2015-11-25 00:00:00,CM-1193518,Carlos Meador,Consumer,Brazil,LATAM,South America,OFF-SU-4984,Office Supplies,Supplies,"Kleencut Ruler, Steel",8.640000000000002,1,0,2.92
US-2015-MM172605-42318,2015-11-10 00:00:00,MM-172605,Magdelene Morse,Consumer,Argentina,LATAM,South America,OFF-FA-2951,Office Supplies,Fasteners,"Accos Rubber Bands, 12 Pack",6.444,1,0.4,-1.416000000000001
ID-2015-CS1235559-42335,2015-11-27 00:00:00,CS-1235559,Christine Sundaresam,Consumer,Indonesia,Asia Pacific,Southeastern Asia,OFF-LA-4540,Office Supplies,Labels,"Harbour Creations Legal Exhibit Labels, Laser Printer Compatible",11.607,2,0.47000000000000003,-3.9929999999999986
CA-2015-SC20770140-42328,2015-11-20 00:00:00,SC-207701402,Stewart Carmichael,Corporate,United States,USCA,Central US,FUR-TA-3622,Furniture,Tables,"Bush Andora Conference Table, Maple/Graphite Gray Finish",718.1159999999999,6,0.3,-71.8116
IN-2015-NP1832527-42338,2015-11-30 00:00:00,NP-1832527,Naresj Patel,Consumer,China,Asia Pacific,Eastern Asia,OFF-FA-3075,Office Supplies,Fasteners,"Advantus Thumb Tacks, Metal",27.42,2,0,3.54
MO-2015-RS942086-42336,2015-11-28 00:00:00,RS-942086,Ricardo Sperren,Corporate,Morocco,Africa,North Africa,OFF-ST-6038,Office Supplies,Storage,"Smead Folders, Blue",17.490000000000002,1,0,2.07
CA-2015-SC20770140-42328,2015-11-20 00:00:00,SC-207701402,Stewart Carmichael,Corporate,United States,USCA,Central US,OFF-AR-5585,Office Supplies,Art,Peel-Off China Markers,31.776,4,0.2,8.738400000000002
MX-2015-TH21550101-42328,2015-11-20 00:00:00,TH-21550101,Tracy Hopkins,Home Office,Peru,LATAM,South America,OFF-FA-6202,Office Supplies,Fasteners,"Stockwell Staples, Assorted Sizes",3.144,1,0.4,0.30399999999999955
US-2015-AB1010555-42332,2015-11-24 00:00:00,AB-1010555,Adrian Barton,Consumer,Honduras,LATAM,Central America,OFF-AR-5925,Office Supplies,Art,"Sanford Pens, Easy-Erase",13.644,3,0.4,-5.736000000000002
MX-2015-PR1888018-42312,2015-11-04 00:00:00,PR-1888018,Patrick Ryan,Consumer,Brazil,LATAM,South America,OFF-AR-3539,Office Supplies,Art,"Boston Markers, Fluorescent",18.419999999999998,1,0,6.44
US-2015-VD2167055-42311,2015-11-03 00:00:00,VD-2167055,Valerie Dominguez,Consumer,Honduras,LATAM,Central America,OFF-LA-4695,Office Supplies,Labels,"Hon Shipping Labels, Alphabetical",8.952,2,0.4,-4.328
MX-2015-MY1829582-42321,2015-11-13 00:00:00,MY-1829582,Muhammed Yedwab,Corporate,Mexico,LATAM,Central America,FUR-BO-5769,Furniture,Bookcases,"Safco Corner Shelving, Mobile",162.11200000000002,2,0.2,-10.168000000000006
ZA-2015-BT1305147-42338,2015-11-30 00:00:00,BT-1305147,Beth Thompson,Home Office,Zimbabwe,Africa,Eastern Africa,OFF-LA-6050,Office Supplies,Labels,"Smead Removable Labels, 5000 Label Set",3.1500000000000004,1,0.7,-3.9899999999999993
NI-2015-LW712595-42336,2015-11-28 00:00:00,LW-712595,Liz Willingham,Consumer,Nigeria,Africa,Western Africa,OFF-AR-5921,Office Supplies,Art,"Sanford Pencil Sharpener, Easy-Erase",8.127,1,0.7,-5.432999999999998
TU-2015-AB105134-42326,2015-11-18 00:00:00,AB-105134,Adrian Barton,Consumer,Turkey,Asia Pacific,Western Asia,OFF-ST-4252,Office Supplies,Storage,"Fellowes Box, Single Width",7.884,1,0.6,-10.656
ES-2015-BT1153048-42326,2015-11-18 00:00:00,BT-1153048,Bradley Talbott,Home Office,Germany,Europe,Western Europe,OFF-LA-3300,Office Supplies,Labels,"Avery Legal Exhibit Labels, Laser Printer Compatible",34.019999999999996,3,0,5.040000000000001
NI-2015-GA451595-42334,2015-11-26 00:00:00,GA-451595,George Ashbrook,Consumer,Nigeria,Africa,Western Africa,OFF-FA-6196,Office Supplies,Fasteners,"Stockwell Push Pins, Metal",4.347,1,0.7,-10.023
MX-2015-LD1700582-42320,2015-11-12 00:00:00,LD-1700582,Lisa DeCherney,Consumer,Mexico,LATAM,Central America,OFF-BI-2919,Office Supplies,Binders,"Acco Index Tab, Economy",6.720000000000001,1,0,1.2
KZ-2015-DR288068-42319,2015-11-11 00:00:00,DR-288068,Dan Reichenbach,Corporate,Kazakhstan,Asia Pacific,Central Asia,OFF-AR-6117,Office Supplies,Art,"Stanley Markers, Water Color",7.614,1,0.7,-9.395999999999994
CA-2015-SV20935140-42314,2015-11-06 00:00:00,SV-209351406,Susan Vittorini,Consumer,United States,USCA,Eastern US,TEC-AC-4141,Technology,Accessories,Enermax Aurora Lite Keyboard,390.75,5,0,171.93000000000006
IR-2015-AW84060-42313,2015-11-05 00:00:00,AW-84060,Anthony Witt,Consumer,Iran,Asia Pacific,Southern Asia,OFF-BI-3292,Office Supplies,Binders,"Avery Hole Reinforcements, Recycled",19.080000000000002,4,0,8.16
IN-2015-DV1304559-42321,2015-11-13 00:00:00,DV-1304559,Darrin Van Huff,Corporate,Indonesia,Asia Pacific,Southeastern Asia,OFF-PA-5884,Office Supplies,Paper,"SanDisk Note Cards, 8.5 x 11",63.02760000000001,4,0.47000000000000003,-47.6124
TU-2015-GT4755134-42326,2015-11-18 00:00:00,GT-4755134,Guy Thornton,Consumer,Turkey,Asia Pacific,Western Asia,OFF-BI-2913,Office Supplies,Binders,"Acco Hole Reinforcements, Durable",3.2640000000000002,1,0.6,-1.0859999999999999
IN-2015-KM1666078-42321,2015-11-13 00:00:00,KM-1666078,Khloe Miller,Consumer,Malaysia,Asia Pacific,Southeastern Asia,TEC-PH-3139,Technology,Phones,"Apple Office Telephone, Cordless",340.65,5,0,160.04999999999998
CA-2015-SF20965140-42321,2015-11-13 00:00:00,SF-209651406,Sylvia Foulston,Corporate,United States,USCA,Eastern US,TEC-AC-6340,Technology,Accessories,"Verbatim 25 GB 6x Blu-ray Single Layer Recordable Disc, 10/Pack",18.544,2,0.2,3.013399999999998
CA-2015-SF20965140-42321,2015-11-13 00:00:00,SF-209651406,Sylvia Foulston,Corporate,United States,USCA,Eastern US,OFF-PA-6214,Office Supplies,Paper,Strathmore Photo Mount Cards,10.848,2,0.2,3.5255999999999994
MX-2015-SG2089093-42314,2015-11-06 00:00:00,SG-2089093,Susan Gilcrest,Corporate,Nicaragua,LATAM,Central America,OFF-AR-3488,Office Supplies,Art,"Binney & Smith Markers, Blue",32.12,2,0,15.719999999999999
TU-2015-AS630134-42333,2015-11-25 00:00:00,AS-630134,Ann Steele,Home Office,Turkey,Asia Pacific,Western Asia,OFF-ST-6228,Office Supplies,Storage,"Tenex Box, Blue",26.400000000000002,4,0.6,-23.16
TU-2015-BK1260134-42321,2015-11-13 00:00:00,BK-1260134,Berenike Kampe,Consumer,Turkey,Asia Pacific,Western Asia,OFF-AR-3496,Office Supplies,Art,"Binney & Smith Pens, Easy-Erase",4.884,1,0.6,-7.3260000000000005
CA-2015-TD20995140-42332,2015-11-24 00:00:00,TD-209951406,Tamara Dahlen,Consumer,United States,USCA,Eastern US,FUR-FU-5479,Furniture,Furnishings,OIC Stacking Trays,24.048000000000002,9,0.2,7.214400000000001
CA-2015-TD20995140-42320,2015-11-12 00:00:00,TD-209951402,Tamara Dahlen,Consumer,United States,USCA,Central US,OFF-BI-3961,Office Supplies,Binders,Deluxe Heavy-Duty Vinyl Round Ring Binder,18.336,4,0.8,-32.08800000000001
IN-2015-HM1498027-42311,2015-11-03 00:00:00,HM-1498027,Henry MacAllister,Consumer,China,Asia Pacific,Eastern Asia,OFF-FA-6190,Office Supplies,Fasteners,"Stockwell Paper Clips, Bulk Pack",27.240000000000002,2,0,9.24
CA-2015-TD20995140-42320,2015-11-12 00:00:00,TD-209951402,Tamara Dahlen,Consumer,United States,USCA,Central US,OFF-LA-5591,Office Supplies,Labels,Permanent Self-Adhesive File Folder Labels for Typewriters by Universal,10.440000000000001,5,0.2,3.392999999999999
MX-2015-CK1220598-42334,2015-11-26 00:00:00,CK-1220598,Chloris Kastensmidt,Consumer,Panama,LATAM,Central America,OFF-LA-4687,Office Supplies,Labels,"Hon Round Labels, Alphabetical",15.552000000000003,6,0.4,1.9919999999999973
IT-2015-RH1960062-42321,2015-11-13 00:00:00,RH-1960062,Rob Haberlin,Consumer,Ireland,Europe,Northern Europe,OFF-LA-3263,Office Supplies,Labels,"Avery Color Coded Labels, Laser Printer Compatible",13.29,2,0.5,-8.549999999999999
SO-2015-VD11670116-42334,2015-11-26 00:00:00,VD-11670116,Valerie Dominguez,Consumer,Somalia,Africa,Eastern Africa,OFF-BI-4825,Office Supplies,Binders,"Ibico Hole Reinforcements, Economy",6.99,1,0,3.42
ES-2015-CK1220564-42325,2015-11-17 00:00:00,CK-1220564,Chloris Kastensmidt,Consumer,Italy,Europe,Southern Europe,OFF-AR-3467,Office Supplies,Art,"BIC Pens, Water Color",34.92,2,0,14.28
NI-2015-JH582095-42327,2015-11-19 00:00:00,JH-582095,John Huston,Consumer,Nigeria,Africa,Western Africa,OFF-AR-5912,Office Supplies,Art,"Sanford Highlighters, Fluorescent",5.103,1,0.7,-4.766999999999999
CA-2015-TT21070140-42322,2015-11-14 00:00:00,TT-210701404,Ted Trevino,Consumer,United States,USCA,Western US,FUR-CH-4426,Furniture,Chairs,Global Troy Executive Leather Low-Back Tilter,2404.704,6,0.2,150.29399999999998
CA-2015-TT21070140-42322,2015-11-14 00:00:00,TT-210701404,Ted Trevino,Consumer,United States,USCA,Western US,OFF-BI-4341,Office Supplies,Binders,GBC DocuBind P50 Personal Binding Machine,563.024,11,0.2,190.02059999999997
CA-2015-TT21070140-42322,2015-11-14 00:00:00,TT-210701404,Ted Trevino,Consumer,United States,USCA,Western US,OFF-ST-6089,Office Supplies,Storage,Space Solutions HD Industrial Steel Shelving.,344.90999999999997,3,0,10.347300000000004
CA-2015-TT21070140-42338,2015-11-30 00:00:00,TT-210701408,Ted Trevino,Consumer,United States,USCA,Southern US,FUR-CH-4650,Furniture,Chairs,"Hon Deluxe Fabric Upholstered Stacking Chairs, Rounded Back",390.368,2,0.2,48.79599999999998
CA-2015-TT21070140-42338,2015-11-30 00:00:00,TT-210701408,Ted Trevino,Consumer,United States,USCA,Southern US,FUR-FU-4227,Furniture,Furnishings,"Executive Impressions 13"" Chairman Wall Clock",101.52000000000001,5,0.2,19.03499999999999
CA-2015-TT21070140-42322,2015-11-14 00:00:00,TT-210701404,Ted Trevino,Consumer,United States,USCA,Western US,OFF-LA-3270,Office Supplies,Labels,Avery File Folder Labels,8.64,3,0,4.2336
SA-2015-TC10980110-42322,2015-11-14 00:00:00,TC-10980110,Tamara Chand,Corporate,Saudi Arabia,Asia Pacific,Western Asia,OFF-FA-6194,Office Supplies,Fasteners,"Stockwell Push Pins, Assorted Sizes",11.82,1,0,3.9000000000000004
CA-2015-TH21115140-42311,2015-11-03 00:00:00,TH-211151406,Thea Hudgings,Corporate,United States,USCA,Eastern US,TEC-PH-6365,Technology,Phones,Wilson Electronics DB Pro Signal Booster,859.1999999999999,4,0.4,-186.15999999999997
CA-2015-TH21115140-42311,2015-11-03 00:00:00,TH-211151406,Thea Hudgings,Corporate,United States,USCA,Eastern US,OFF-AP-3505,Office Supplies,Appliances,Black & Decker Filter for Double Action Dustbuster Cordless Vac BLDV7210,20.136000000000003,3,0.2,1.2584999999999997
CA-2015-TH21115140-42311,2015-11-03 00:00:00,TH-211151406,Thea Hudgings,Corporate,United States,USCA,Eastern US,OFF-EN-3834,Office Supplies,Envelopes,Colored Envelopes,8.856,3,0.2,2.878199999999999
CA-2015-TH21115140-42311,2015-11-03 00:00:00,TH-211151406,Thea Hudgings,Corporate,United States,USCA,Eastern US,FUR-FU-4069,Furniture,Furnishings,Eldon Image Series Black Desk Accessories,3.312,1,0.2,0.6623999999999998
IS-2015-HA490563-42326,2015-11-18 00:00:00,HA-490563,Helen Abelman,Consumer,Israel,Asia Pacific,Western Asia,OFF-BI-3253,Office Supplies,Binders,"Avery Binder, Economy",12.899999999999999,1,0,5.01
ES-2015-JH1543048-42312,2015-11-04 00:00:00,JH-1543048,Jennifer Halladay,Consumer,Germany,Europe,Western Europe,OFF-ST-4030,Office Supplies,Storage,"Eldon Box, Single Width",18.522,2,0.1,3.8819999999999997
IN-2015-MK1816058-42330,2015-11-22 00:00:00,MK-1816058,Mike Kennedy,Consumer,India,Asia Pacific,Southern Asia,OFF-LA-4553,Office Supplies,Labels,"Harbour Creations Shipping Labels, Adjustable",18.72,2,0,9.120000000000001
ES-2015-TT21220139-42322,2015-11-14 00:00:00,TT-21220139,Thomas Thornton,Consumer,United Kingdom,Europe,Northern Europe,OFF-ST-4030,Office Supplies,Storage,"Eldon Box, Single Width",20.58,2,0,5.9399999999999995
US-2015-AA106455-42314,2015-11-06 00:00:00,AA-106455,Anna Andreadi,Consumer,Argentina,LATAM,South America,OFF-LA-6064,Office Supplies,Labels,"Smead Shipping Labels, Laser Printer Compatible",13.932000000000002,3,0.4,-3.9480000000000004
CA-2015-TB21175140-42311,2015-11-03 00:00:00,TB-211751408,Thomas Boland,Corporate,United States,USCA,Southern US,TEC-AC-5098,Technology,Accessories,Logitech diNovo Edge Keyboard,2249.91,9,0,517.4793000000001
CA-2015-TB21175140-42311,2015-11-03 00:00:00,TB-211751408,Thomas Boland,Corporate,United States,USCA,Southern US,FUR-CH-4650,Furniture,Chairs,"Hon Deluxe Fabric Upholstered Stacking Chairs, Rounded Back",975.92,4,0,292.77599999999995
TU-2015-PJ8835134-42327,2015-11-19 00:00:00,PJ-8835134,Patrick Jones,Corporate,Turkey,Asia Pacific,Western Asia,OFF-LA-3297,Office Supplies,Labels,"Avery Legal Exhibit Labels, 5000 Label Set",4.692,1,0.6,-1.6680000000000001
CA-2015-TB21175140-42311,2015-11-03 00:00:00,TB-211751408,Thomas Boland,Corporate,United States,USCA,Southern US,OFF-ST-6218,Office Supplies,Storage,Super Decoflex Portable Personal File,59.92,4,0,16.7776
CA-2015-TB21175140-42311,2015-11-03 00:00:00,TB-211751408,Thomas Boland,Corporate,United States,USCA,Southern US,OFF-EN-5075,Office Supplies,Envelopes,Letter or Legal Size Expandable Poly String Tie Envelopes,5.32,2,0,2.6068000000000002
US-2015-KB1640518-42328,2015-11-20 00:00:00,KB-1640518,Katrina Bavinger,Home Office,Brazil,LATAM,South America,FUR-FU-3039,Furniture,Furnishings,"Advantus Light Bulb, Erganomic",14.952000000000002,3,0.6,-22.427999999999997
US-2015-KB1640518-42328,2015-11-20 00:00:00,KB-1640518,Katrina Bavinger,Home Office,Brazil,LATAM,South America,FUR-FU-3039,Furniture,Furnishings,"Advantus Light Bulb, Erganomic",14.951999999999998,3,0.6,-22.427999999999997
MX-2015-HL1504039-42333,2015-11-25 00:00:00,HL-1504039,Hunter Lopez,Consumer,El Salvador,LATAM,Central America,FUR-FU-3036,Furniture,Furnishings,"Advantus Light Bulb, Black",26.76,2,0,7.4799999999999995
MX-2015-TS2134051-42327,2015-11-19 00:00:00,TS-2134051,Toby Swindell,Consumer,Guatemala,LATAM,Central America,OFF-LA-4658,Office Supplies,Labels,"Hon File Folder Labels, Adjustable",30.519999999999992,7,0,10.639999999999999
CA-2015-TB21190140-42320,2015-11-12 00:00:00,TB-211901404,Thomas Brumley,Home Office,United States,USCA,Western US,FUR-FU-3911,Furniture,Furnishings,Dax Clear Box Frame,34.92,4,0,11.872799999999998
CA-2015-TB21190140-42319,2015-11-11 00:00:00,TB-211901404,Thomas Brumley,Home Office,United States,USCA,Western US,OFF-AR-2857,Office Supplies,Art,12 Colored Short Pencils,7.800000000000001,3,0,2.1060000000000008
ES-2015-MO1795048-42313,2015-11-05 00:00:00,MO-1795048,Michael Oakman,Consumer,Germany,Europe,Western Europe,OFF-LA-3317,Office Supplies,Labels,"Avery Round Labels, Laser Printer Compatible",12.852,2,0.1,2.112
MO-2015-PM894086-42314,2015-11-06 00:00:00,PM-894086,Paul MacIntyre,Consumer,Morocco,Africa,North Africa,OFF-SU-2989,Office Supplies,Supplies,"Acme Scissors, High Speed",25.44,1,0,2.2800000000000002
US-2015-DB129105-42332,2015-11-24 00:00:00,DB-129105,Daniel Byrd,Home Office,Argentina,LATAM,South America,OFF-BI-6399,Office Supplies,Binders,"Wilson Jones Hole Reinforcements, Economy",3.624000000000001,4,0.7,-3.5760000000000005
MX-2015-MP1796536-42311,2015-11-03 00:00:00,MP-1796536,Michael Paige,Corporate,Dominican Republic,LATAM,Caribbean,OFF-FA-6193,Office Supplies,Fasteners,"Stockwell Push Pins, 12 Pack",14.720000000000002,2,0.2,2.1999999999999993
MX-2015-BB1099028-42318,2015-11-10 00:00:00,BB-1099028,Barry Blumstein,Corporate,Colombia,LATAM,South America,OFF-BI-2917,Office Supplies,Binders,"Acco Index Tab, Clear",17.160000000000004,3,0,4.62
US-2015-MC181305-42318,2015-11-10 00:00:00,MC-181305,Mike Caudle,Corporate,Argentina,LATAM,South America,OFF-BI-3290,Office Supplies,Binders,"Avery Hole Reinforcements, Durable",2.3640000000000008,2,0.7,-4.036
CA-2015-TC21295140-42323,2015-11-15 00:00:00,TC-212951402,Toby Carlisle,Consumer,United States,USCA,Central US,OFF-BI-6409,Office Supplies,Binders,Wilson Jones Legal Size Ring Binders,21.989999999999995,5,0.8,-32.985
US-2015-TC21295140-42322,2015-11-14 00:00:00,TC-212951408,Toby Carlisle,Consumer,United States,USCA,Southern US,OFF-AR-3969,Office Supplies,Art,DIXON Oriole Pencils,2.064,1,0.2,0.15480000000000005
ID-2015-BP1118559-42333,2015-11-25 00:00:00,BP-1118559,Ben Peterman,Corporate,Indonesia,Asia Pacific,Southeastern Asia,OFF-SU-4984,Office Supplies,Supplies,"Kleencut Ruler, Steel",13.737600000000002,2,0.47000000000000003,-6.782400000000001
CA-2015-TS21370140-42333,2015-11-25 00:00:00,TS-213701406,Todd Sumrall,Corporate,United States,USCA,Eastern US,FUR-CH-4407,Furniture,Chairs,Global Ergonomic Managers Chair,977.292,6,0.1,173.7408
MX-2015-SN2071093-42325,2015-11-17 00:00:00,SN-2071093,Steve Nguyen,Home Office,Nicaragua,LATAM,Central America,OFF-FA-3071,Office Supplies,Fasteners,"Advantus Staples, Metal",14.64,2,0,1.8800000000000001
MX-2015-RB1957016-42333,2015-11-25 00:00:00,RB-1957016,Rob Beeghly,Consumer,Bolivia,LATAM,South America,OFF-BI-2917,Office Supplies,Binders,"Acco Index Tab, Clear",5.720000000000001,1,0,1.54
CA-2015-TS21370140-42333,2015-11-25 00:00:00,TS-213701406,Todd Sumrall,Corporate,United States,USCA,Eastern US,OFF-PA-3011,Office Supplies,Paper,"Adams Telephone Message Book W/Dividers/Space For Phone Numbers, 5 1/4""X8 1/2"", 300/Messages",5.88,1,0,2.8811999999999998
IR-2015-HE480060-42333,2015-11-25 00:00:00,HE-480060,Harold Engle,Corporate,Iran,Asia Pacific,Southern Asia,OFF-ST-4106,Office Supplies,Storage,"Eldon Trays, Industrial",48.449999999999996,1,0,22.77
RW-2015-JR6210109-42332,2015-11-24 00:00:00,JR-6210109,Justin Ritter,Corporate,Rwanda,Africa,Eastern Africa,OFF-FA-6202,Office Supplies,Fasteners,"Stockwell Staples, Assorted Sizes",15.72,2,0,5.64
ID-2015-ML1741059-42336,2015-11-28 00:00:00,ML-1741059,Maris LaWare,Consumer,Indonesia,Asia Pacific,Southeastern Asia,OFF-BI-3289,Office Supplies,Binders,"Avery Hole Reinforcements, Clear",16.0605,5,0.17,5.8605
MX-2015-TT2126582-42329,2015-11-21 00:00:00,TT-2126582,Tim Taslimi,Corporate,Mexico,LATAM,Central America,OFF-AR-3489,Office Supplies,Art,"Binney & Smith Markers, Easy-Erase",16.24,1,0,7.779999999999999
EG-2015-AP72038-42332,2015-11-24 00:00:00,AP-72038,Anne Pryor,Home Office,Egypt,Africa,North Africa,OFF-AR-3468,Office Supplies,Art,"BIC Sketch Pad, Blue",97.32,2,0,17.46
IR-2015-EM406560-42317,2015-11-09 00:00:00,EM-406560,Erin Mull,Consumer,Iran,Asia Pacific,Southern Asia,OFF-LA-6030,Office Supplies,Labels,"Smead Color Coded Labels, Laser Printer Compatible",13.049999999999999,1,0,6
CA-2015-TT21460140-42335,2015-11-27 00:00:00,TT-214601402,Tonja Turnell,Home Office,United States,USCA,Central US,TEC-PH-5823,Technology,Phones,Samsung Galaxy S4 Mini,1879.96,4,0,545.1883999999998
CA-2015-TT21460140-42335,2015-11-27 00:00:00,TT-214601402,Tonja Turnell,Home Office,United States,USCA,Central US,FUR-CH-5749,Furniture,Chairs,SAFCO Arco Folding Chair,828.5999999999999,3,0,240.29399999999995
CA-2015-TT21460140-42335,2015-11-27 00:00:00,TT-214601402,Tonja Turnell,Home Office,United States,USCA,Central US,FUR-TA-4943,Furniture,Tables,KI Adjustable-Height Table,257.94,3,0,67.0644
CA-2015-TT21460140-42335,2015-11-27 00:00:00,TT-214601402,Tonja Turnell,Home Office,United States,USCA,Central US,TEC-PH-4883,Technology,Phones,Innergie mMini Combo Duo USB Travel Charging Kit,89.98,2,0,43.1904
IT-2015-TB2105545-42334,2015-11-26 00:00:00,TB-2105545,Ted Butterfield,Consumer,France,Europe,Western Europe,OFF-BI-3722,Office Supplies,Binders,"Cardinal Binder, Economy",13.829999999999998,1,0,5.1
CA-2015-TT21460140-42335,2015-11-27 00:00:00,TT-214601402,Tonja Turnell,Home Office,United States,USCA,Central US,FUR-FU-3924,Furniture,Furnishings,DAX Wood Document Frame,27.46,2,0,9.8856
CA-2015-TS21505140-42316,2015-11-08 00:00:00,TS-215051404,Tony Sayre,Consumer,United States,USCA,Western US,TEC-AC-5601,Technology,Accessories,Plantronics Audio 995 Wireless Stereo Headset,439.8,4,0,145.13400000000001
CA-2015-TS21505140-42316,2015-11-08 00:00:00,TS-215051404,Tony Sayre,Consumer,United States,USCA,Western US,OFF-BI-3319,Office Supplies,Binders,Avery Self-Adhesive Photo Pockets for Polaroid Photos,21.792,4,0.2,7.627199999999998
NI-2015-CM223595-42318,2015-11-10 00:00:00,CM-223595,Chris McAfee,Consumer,Nigeria,Africa,Western Africa,OFF-FA-2952,Office Supplies,Fasteners,"Accos Rubber Bands, Assorted Sizes",8.478000000000003,2,0.7,-13.302000000000003
ES-2015-CA1226545-42318,2015-11-10 00:00:00,CA-1226545,Christina Anderson,Consumer,France,Europe,Western Europe,OFF-PA-3991,Office Supplies,Paper,"Eaton Computer Printout Paper, Multicolor",27.96,1,0,4.17
TU-2015-CL2565134-42327,2015-11-19 00:00:00,CL-2565134,Clay Ludtke,Consumer,Turkey,Asia Pacific,Western Asia,OFF-FA-2949,Office Supplies,Fasteners,"Accos Push Pins, Bulk Pack",5.808,1,0.6,-4.5120000000000005
IN-2015-DB1327059-42336,2015-11-28 00:00:00,DB-1327059,Deborah Brumfield,Home Office,Indonesia,Asia Pacific,Southeastern Asia,OFF-ST-6025,Office Supplies,Storage,"Smead Box, Single Width",26.892000000000003,3,0.17,2.5920000000000005
NI-2015-DW354095-42315,2015-11-07 00:00:00,DW-354095,Don Weiss,Consumer,Nigeria,Africa,Western Africa,OFF-BI-3186,Office Supplies,Binders,"Avery 3-Hole Punch, Clear",16.398000000000007,2,0.7,-31.18200000000001
IR-2015-PN877560-42316,2015-11-08 00:00:00,PN-877560,Parhena Norris,Home Office,Iran,Asia Pacific,Southern Asia,OFF-PA-6618,Office Supplies,Paper,"Xerox Note Cards, Multicolor",27.78,1,0,6.93
SA-2015-TM11490110-42314,2015-11-06 00:00:00,TM-11490110,Tony Molinari,Consumer,Saudi Arabia,Asia Pacific,Western Asia,OFF-PA-4183,Office Supplies,Paper,"Enermax Parchment Paper, Premium",15.39,1,0,0
MX-2015-KH1636018-42322,2015-11-14 00:00:00,KH-1636018,Katherine Hughes,Consumer,Brazil,LATAM,South America,OFF-BI-4830,Office Supplies,Binders,"Ibico Index Tab, Economy",20.82,3,0,1.86
IN-2015-BD1156058-42325,2015-11-17 00:00:00,BD-1156058,Brendan Dodson,Home Office,India,Asia Pacific,Southern Asia,OFF-EN-4906,Office Supplies,Envelopes,"Jiffy Clasp Envelope, Recycled",21.959999999999994,3,0,6.12
IN-2015-DB1327059-42336,2015-11-28 00:00:00,DB-1327059,Deborah Brumfield,Home Office,Indonesia,Asia Pacific,Southeastern Asia,OFF-LA-6063,Office Supplies,Labels,"Smead Shipping Labels, Alphabetical",12.1158,2,0.47000000000000003,-4.1442000000000005
EG-2015-PC874538-42312,2015-11-04 00:00:00,PC-874538,Pamela Coakley,Corporate,Egypt,Africa,North Africa,OFF-BI-3720,Office Supplies,Binders,"Cardinal Binder, Clear",13.29,1,0,0.39
CA-2015-TZ21580140-42334,2015-11-26 00:00:00,TZ-215801404,Tracy Zic,Consumer,United States,USCA,Western US,OFF-AR-3969,Office Supplies,Art,DIXON Oriole Pencils,5.16,2,0,1.3416000000000001
US-2015-TS21610140-42314,2015-11-06 00:00:00,TS-216101404,Troy Staebel,Consumer,United States,USCA,Western US,OFF-ST-6315,Office Supplies,Storage,"Trav-L-File Heavy-Duty Shuttle II, Black",243.99200000000002,7,0.2,30.49899999999998
US-2015-TS21610140-42314,2015-11-06 00:00:00,TS-216101404,Troy Staebel,Consumer,United States,USCA,Western US,OFF-BI-3269,Office Supplies,Binders,"Avery Durable Slant Ring Binders, No Labels",2.3880000000000003,2,0.7,-1.8308
US-2015-TB21625140-42326,2015-11-18 00:00:00,TB-216251406,Trudy Brown,Consumer,United States,USCA,Eastern US,OFF-BI-3118,Office Supplies,Binders,"Angle-D Binders with Locking Rings, Label Holders",43.8,6,0,20.586
KG-2015-DB327070-42321,2015-11-13 00:00:00,DB-327070,Deborah Brumfield,Home Office,Kyrgyzstan,Asia Pacific,Central Asia,OFF-FA-5481,Office Supplies,Fasteners,"OIC Staples, Assorted Sizes",8.790000000000001,1,0,3.33
NI-2015-EB411095-42312,2015-11-04 00:00:00,EB-411095,Eugene Barchas,Consumer,Nigeria,Africa,Western Africa,OFF-FA-3022,Office Supplies,Fasteners,"Advantus Clamps, Metal",11.646000000000004,2,0.7,-9.354000000000003
IT-2015-MH1744048-42325,2015-11-17 00:00:00,MH-1744048,Mark Haberlin,Corporate,Germany,Europe,Western Europe,OFF-BI-3739,Office Supplies,Binders,"Cardinal Index Tab, Economy",17.52,2,0,8.040000000000001
CA-2015-VM21685140-42315,2015-11-07 00:00:00,VM-216851406,Valerie Mitchum,Home Office,United States,USCA,Eastern US,OFF-ST-3926,Office Supplies,Storage,Decoflex Hanging Personal Folder File,46.26,3,0,12.0276
IN-2015-MH1744027-42334,2015-11-26 00:00:00,MH-1744027,Mark Haberlin,Corporate,China,Asia Pacific,Eastern Asia,OFF-BI-6378,Office Supplies,Binders,"Wilson Jones Binder, Clear",24.96,2,0,2.2199999999999998
MX-2015-RD1990036-42337,2015-11-29 00:00:00,RD-1990036,Ruben Dartt,Consumer,Dominican Republic,LATAM,Caribbean,OFF-FA-6190,Office Supplies,Fasteners,"Stockwell Paper Clips, Bulk Pack",14.944000000000003,2,0.2,-2.8160000000000007
MX-2015-CC1210082-42318,2015-11-10 00:00:00,CC-1210082,Chad Cunningham,Home Office,Mexico,LATAM,Central America,OFF-EN-3109,Office Supplies,Envelopes,"Ames Peel and Seal, Security-Tint",28.119999999999997,2,0,5.320000000000001
NI-2015-DO343595-42333,2015-11-25 00:00:00,DO-343595,Denny Ordway,Consumer,Nigeria,Africa,Western Africa,OFF-LA-6027,Office Supplies,Labels,"Smead Color Coded Labels, 5000 Label Set",4.032,1,0.7,-7.1279999999999974
ES-2015-ON1871548-42318,2015-11-10 00:00:00,ON-1871548,Odella Nelson,Corporate,Germany,Europe,Western Europe,OFF-EN-4903,Office Supplies,Envelopes,"Jiffy Business Envelopes, Recycled",14.76,1,0,2.34
CA-2015-VB21745140-42315,2015-11-07 00:00:00,VB-217451408,Victoria Brennan,Corporate,United States,USCA,Southern US,OFF-PA-6545,Office Supplies,Paper,Xerox 1987,5.78,1,0,2.8322000000000003
IN-2015-AC1045058-42311,2015-11-03 00:00:00,AC-1045058,Amy Cox,Consumer,India,Asia Pacific,Southern Asia,OFF-LA-5401,Office Supplies,Labels,"Novimex Round Labels, Laser Printer Compatible",6.27,1,0,2.94
UG-2015-CM2655136-42319,2015-11-11 00:00:00,CM-2655136,Corinna Mitchell,Home Office,Uganda,Africa,Eastern Africa,OFF-AR-3490,Office Supplies,Art,"Binney & Smith Markers, Fluorescent",15.21,2,0.7,-21.809999999999995
CA-2015-VW21775140-42326,2015-11-18 00:00:00,VW-217751406,Victoria Wilson,Corporate,United States,USCA,Eastern US,OFF-ST-3962,Office Supplies,Storage,Deluxe Rollaway Locking File with Drawer,1247.6399999999999,3,0,349.33919999999995
US-2015-PL18925101-42311,2015-11-03 00:00:00,PL-18925101,Paul Lucas,Home Office,Peru,LATAM,South America,OFF-FA-6195,Office Supplies,Fasteners,"Stockwell Push Pins, Bulk Pack",17.244,3,0.4,-11.256
GB-2015-ML804046-42325,2015-11-17 00:00:00,ML-804046,Michelle Lonsdale,Corporate,Gabon,Africa,Central Africa,OFF-BI-3738,Office Supplies,Binders,"Cardinal Index Tab, Durable",7.62,1,0,3.42
SA-2015-TM11490110-42314,2015-11-06 00:00:00,TM-11490110,Tony Molinari,Consumer,Saudi Arabia,Asia Pacific,Western Asia,OFF-AR-3549,Office Supplies,Art,"Boston Pens, Water Color",17.400000000000002,1,0,1.56
ES-2015-SL20155139-42321,2015-11-13 00:00:00,SL-20155139,Sara Luxemburg,Home Office,United Kingdom,Europe,Northern Europe,OFF-FA-2959,Office Supplies,Fasteners,"Accos Thumb Tacks, 12 Pack",13.11,1,0,4.4399999999999995
NI-2015-TA1138595-42326,2015-11-18 00:00:00,TA-1138595,Tom Ashbrook,Home Office,Nigeria,Africa,Western Africa,OFF-FA-5463,Office Supplies,Fasteners,"OIC Clamps, Assorted Sizes",20.664,4,0.7,-23.495999999999995
MX-2015-BT1153082-42311,2015-11-03 00:00:00,BT-1153082,Bradley Talbott,Home Office,Mexico,LATAM,Central America,OFF-FA-3045,Office Supplies,Fasteners,"Advantus Paper Clips, Bulk Pack",18.76,2,0,7.840000000000001
CA-2015-WB21850140-42320,2015-11-12 00:00:00,WB-218501402,William Brown,Consumer,United States,USCA,Central US,OFF-FA-6344,Office Supplies,Fasteners,"Vinyl Coated Wire Paper Clips in Organizer Box, 800/Box",45.92,4,0,21.5824
IN-2015-DV1304559-42321,2015-11-13 00:00:00,DV-1304559,Darrin Van Huff,Corporate,Indonesia,Asia Pacific,Southeastern Asia,OFF-EN-4909,Office Supplies,Envelopes,"Jiffy Clasp Envelope, with clear poly window",12.7836,2,0.47000000000000003,-3.1763999999999992
CA-2015-XP21865140-42326,2015-11-18 00:00:00,XP-218651406,Xylona Preis,Consumer,United States,USCA,Eastern US,OFF-AR-6104,Office Supplies,Art,Stanley Bostitch Contemporary Electric Pencil Sharpeners,50.94,3,0,14.263200000000001
US-2015-XP21865140-42323,2015-11-15 00:00:00,XP-218651402,Xylona Preis,Consumer,United States,USCA,Central US,TEC-AC-6337,Technology,Accessories,V7 USB Numeric Keypad,167.95200000000003,6,0.2,-27.2922
US-2015-XP21865140-42323,2015-11-15 00:00:00,XP-218651402,Xylona Preis,Consumer,United States,USCA,Central US,OFF-AR-3529,Office Supplies,Art,"Boston Electric Pencil Sharpener, Model 1818, Charcoal Black",45.04,2,0.2,4.504000000000003
MO-2015-DL331586-42322,2015-11-14 00:00:00,DL-331586,Delfina Latchford,Consumer,Morocco,Africa,North Africa,OFF-BI-2897,Office Supplies,Binders,"Acco Binder, Economy",15.149999999999999,1,0,2.0999999999999996
ZA-2015-NG8430147-42332,2015-11-24 00:00:00,NG-8430147,Nathan Gelder,Consumer,Zimbabwe,Africa,Eastern Africa,OFF-BI-6397,Office Supplies,Binders,"Wilson Jones Hole Reinforcements, Clear",1.1970000000000003,1,0.7,-2.373
CA-2015-ZC21910140-42315,2015-11-07 00:00:00,ZC-219101404,Zuschuss Carroll,Consumer,United States,USCA,Western US,OFF-EN-2849,Office Supplies,Envelopes,"#10- 4 1/8"" x 9 1/2"" Security-Tint Envelopes",15.28,2,0,7.4872
IN-2015-EJ13720118-42320,2015-11-12 00:00:00,EJ-13720118,Ed Jacobs,Consumer,South Korea,Asia Pacific,Eastern Asia,OFF-SU-4124,Office Supplies,Supplies,"Elite Ruler, High Speed",6.8999999999999995,1,0.5,-0.839999999999999
CA-2015-ZC21910140-42315,2015-11-07 00:00:00,ZC-219101404,Zuschuss Carroll,Consumer,United States,USCA,Western US,FUR-FU-3911,Furniture,Furnishings,Dax Clear Box Frame,8.73,1,0,2.9681999999999995
CA-2015-ZC21910140-42315,2015-11-07 00:00:00,ZC-219101404,Zuschuss Carroll,Consumer,United States,USCA,Western US,OFF-AR-5915,Office Supplies,Art,SANFORD Liquid Accent Tank-Style Highlighters,5.68,2,0,1.7607999999999997
IN-2015-AO108107-42333,2015-11-25 00:00:00,AO-108107,Anthony O'Donnell,Corporate,Australia,Asia Pacific,Oceania,OFF-EN-4447,Office Supplies,Envelopes,"GlobeWeis Manila Envelope, Recycled",47.142,2,0.1,8.862000000000002
TU-2015-KF6285134-42337,2015-11-29 00:00:00,KF-6285134,Karen Ferguson,Home Office,Turkey,Asia Pacific,Western Asia,OFF-AR-3546,Office Supplies,Art,"Boston Pens, Blue",34.128,6,0.6,-49.572
