Order ID,Order Date,Customer ID,Customer Name,Segment,Country,Market,Region,Product ID,Category,Sub-Category,Product Name,Sales,Quantity,Discount,Profit
TZ-2015-RH9555129-42343,2015-12-05 00:00:00,RH-9555129,Ritsa Hightower,Consumer,Tanzania,Africa,Eastern Africa,OFF-AP-4967,Office Supplies,Appliances,"KitchenAid Stove, White",3409.74,6,0,818.28
MX-2015-JH15820141-42356,2015-12-18 00:00:00,JH-15820141,John Huston,Consumer,Uruguay,LATAM,South America,FUR-CH-4531,Furniture,Chairs,"Harbour Creations Executive Leather Armchair, Black",3473.1399999999994,11,0,868.1200000000001
CA-2015-AH10030140-42357,2015-12-19 00:00:00,AH-100301406,Aaron Hawkins,Corporate,United States,USCA,Eastern US,OFF-AR-3276,Office Supplies,Art,Avery Fluorescent Highlighter Four-Color Set,18.704,7,0.2,2.3379999999999983
IT-2015-DK13090120-42345,2015-12-07 00:00:00,DK-13090120,Dave Kipp,Consumer,Spain,Europe,Southern Europe,FUR-BO-5760,Furniture,Bookcases,"Safco Classic Bookcase, Metal",2188.05,5,0,1050.15
IN-2015-CS1184558-42354,2015-12-16 00:00:00,CS-1184558,Cari Sayre,Corporate,India,Asia Pacific,Southern Asia,FUR-TA-3779,Furniture,Tables,"Chromcraft Wood Table, Rectangular",1920.3600000000001,4,0,652.92
IN-2015-DW1354078-42357,2015-12-19 00:00:00,DW-1354078,Don Weiss,Consumer,Malaysia,Asia Pacific,Southeastern Asia,TEC-PH-3806,Technology,Phones,"Cisco Smart Phone, Full Size",1954.17,3,0,312.65999999999997
IN-2015-MP181757-42347,2015-12-09 00:00:00,MP-181757,Mike Pelletier,Home Office,Australia,Asia Pacific,Oceania,TEC-PH-3149,Technology,Phones,"Apple Smart Phone, with Caller ID",1725.4620000000004,3,0.1,747.6120000000001
IN-2015-JF1519021-42341,2015-12-03 00:00:00,JF-1519021,Jamie Frazer,Consumer,Cambodia,Asia Pacific,Southeastern Asia,FUR-TA-4706,Furniture,Tables,"Hon Training Table, Fully Assembled",2673.36,8,0,1069.1999999999998
IN-2015-TA213857-42351,2015-12-13 00:00:00,TA-213857,Tom Ashbrook,Home Office,Australia,Asia Pacific,Oceania,OFF-AP-4508,Office Supplies,Appliances,"Hamilton Beach Stove, White",4864.32,10,0.1,162.12
MX-2015-MY1829593-42355,2015-12-17 00:00:00,MY-1829593,Muhammed Yedwab,Corporate,Nicaragua,LATAM,Central America,OFF-AP-4505,Office Supplies,Appliances,"Hamilton Beach Stove, Black",1805.9,5,0,126.40000000000002
SF-2015-MV8190117-42362,2015-12-24 00:00:00,MV-8190117,Mike Vittorini,Consumer,South Africa,Africa,Southern Africa,TEC-PH-3148,Technology,Phones,"Apple Smart Phone, Full Size",2550,4,0,714
US-2015-AS10090140-42341,2015-12-03 00:00:00,AS-100901408,Adam Shillingsburg,Consumer,United States,USCA,Southern US,OFF-AR-5285,Office Supplies,Art,Newell 309,34.650000000000006,3,0,10.395
MX-2015-SC2069539-42360,2015-12-22 00:00:00,SC-2069539,Steve Chapman,Corporate,El Salvador,LATAM,Central America,FUR-CH-4530,Furniture,Chairs,"Harbour Creations Executive Leather Armchair, Adjustable",1269.6,4,0,355.44
IN-2015-DB1306027-42353,2015-12-15 00:00:00,DB-1306027,Dave Brooks,Consumer,China,Asia Pacific,Eastern Asia,TEC-PH-5263,Technology,Phones,"Motorola Signal Booster, Cordless",2043.7200000000003,14,0,756
US-2015-BN1147082-42358,2015-12-20 00:00:00,BN-1147082,Brad Norvell,Corporate,Mexico,LATAM,Central America,OFF-AP-3872,Office Supplies,Appliances,"Cuisinart Stove, Black",2509.3600000000006,7,0,426.58000000000004
ES-2015-CD1192045-42367,2015-12-29 00:00:00,CD-1192045,Carlos Daly,Consumer,France,Europe,Western Europe,FUR-TA-5064,Furniture,Tables,"Lesro Round Table, Rectangular",1461.1350000000002,5,0.35,202.18499999999995
ES-2015-GZ1447064-42362,2015-12-24 00:00:00,GZ-1447064,Gary Zandusky,Consumer,Italy,Europe,Southern Europe,FUR-BO-4862,Furniture,Bookcases,"Ikea Library with Doors, Pine",2553.1800000000003,7,0,842.5199999999999
PL-2015-CB2025103-42347,2015-12-09 00:00:00,CB-2025103,Cassandra Brandow,Consumer,Poland,Europe,Eastern Europe,TEC-CO-5997,Technology,Copiers,"Sharp Fax Machine, Color",1188.36,4,0,95.03999999999999
IN-2015-BT1168066-42351,2015-12-13 00:00:00,BT-1168066,Brian Thompson,Consumer,Japan,Asia Pacific,Eastern Asia,OFF-AP-4508,Office Supplies,Appliances,"Hamilton Beach Stove, White",3242.88,6,0,421.56000000000006
MX-2015-MY1829593-42355,2015-12-17 00:00:00,MY-1829593,Muhammed Yedwab,Corporate,Nicaragua,LATAM,Central America,FUR-BO-3903,Furniture,Bookcases,"Dania Library with Doors, Pine",1212.5,5,0,606.2
MX-2015-MC1763536-42340,2015-12-02 00:00:00,MC-1763536,Matthew Clasen,Corporate,Dominican Republic,LATAM,Caribbean,TEC-AC-5894,Technology,Accessories,"SanDisk Router, Bluetooth",1914.0799999999995,14,0.2,669.7600000000002
QA-2015-LM7065105-42362,2015-12-24 00:00:00,LM-7065105,Liz MacKendrick,Consumer,Qatar,Asia Pacific,Western Asia,TEC-PH-5268,Technology,Phones,"Motorola Smart Phone, Full Size",2575.92,4,0,772.6800000000001
ID-2015-AH100757-42367,2015-12-29 00:00:00,AH-100757,Adam Hart,Corporate,Australia,Asia Pacific,Oceania,OFF-AP-4743,Office Supplies,Appliances,"Hoover Stove, Red",1534.8690000000001,3,0.1,-102.41100000000003
MX-2015-EB1397518-42369,2015-12-31 00:00:00,EB-1397518,Erica Bern,Corporate,Brazil,LATAM,South America,TEC-CO-3707,Technology,Copiers,"Canon Wireless Fax, Color",1264.466,5,0.002,301.466
IN-2015-ML1739559-42369,2015-12-31 00:00:00,ML-1739559,Marina Lichtenstein,Corporate,Indonesia,Asia Pacific,Southeastern Asia,FUR-BO-5787,Furniture,Bookcases,"Safco Library with Doors, Pine",1091.2805999999998,3,0.07,46.92059999999999
ES-2015-HM14860125-42368,2015-12-30 00:00:00,HM-14860125,Harry Marie,Corporate,Switzerland,Europe,Western Europe,TEC-CO-3685,Technology,Copiers,"Canon Fax and Copier, Laser",1913.3999999999996,10,0,899.0999999999999
IN-2015-PS189707-42342,2015-12-04 00:00:00,PS-189707,Paul Stevenson,Home Office,Australia,Asia Pacific,Oceania,FUR-TA-4713,Furniture,Tables,"Hon Wood Table, with Bottom Storage",2125.3199999999997,4,0,148.68
IN-2015-MC1742559-42346,2015-12-08 00:00:00,MC-1742559,Mark Cousins,Corporate,Indonesia,Asia Pacific,Southeastern Asia,TEC-PH-5842,Technology,Phones,"Samsung Smart Phone, with Caller ID",3696.0315,7,0.17,756.8715
CA-2015-AB10165140-42344,2015-12-06 00:00:00,AB-101651404,Alan Barnes,Consumer,United States,USCA,Western US,OFF-BI-4378,Office Supplies,Binders,GBC Wire Binding Combs,24.816000000000003,3,0.2,8.375399999999999
CA-2015-AB10165140-42344,2015-12-06 00:00:00,AB-101651404,Alan Barnes,Consumer,United States,USCA,Western US,OFF-BI-6634,Office Supplies,Binders,Zipper Ring Binder Pockets,14.976000000000003,6,0.2,5.428799999999998
IV-2015-SV1078529-42348,2015-12-10 00:00:00,SV-1078529,Stewart Visinsky,Consumer,Cote d'Ivoire,Africa,Western Africa,TEC-CO-3602,Technology,Copiers,"Brother Ink, Laser",1767.6000000000001,12,0,0
ID-2015-TC21145102-42358,2015-12-20 00:00:00,TC-21145102,Theresa Coyne,Corporate,Philippines,Asia Pacific,Southeastern Asia,FUR-CH-5457,Furniture,Chairs,"Office Star Swivel Stool, Set of Two",1189.2824999999998,9,0.25,-396.4275
CA-2015-AD10180140-42340,2015-12-02 00:00:00,AD-101801406,Alan Dominguez,Home Office,United States,USCA,Eastern US,FUR-CH-4397,Furniture,Chairs,Global Comet Stacking Armless Chair,897.1500000000001,3,0,251.20200000000003
CA-2015-AD10180140-42340,2015-12-02 00:00:00,AD-101801406,Alan Dominguez,Home Office,United States,USCA,Eastern US,OFF-PA-6577,Office Supplies,Paper,Xerox 214,19.44,3,0,9.3312
US-2015-AG1052582-42355,2015-12-17 00:00:00,AG-1052582,Andy Gerbode,Corporate,Mexico,LATAM,Central America,FUR-CH-4654,Furniture,Chairs,"Hon Executive Leather Armchair, Adjustable",1697.5839999999996,7,0.2,-63.75599999999986
US-2015-SC2057582-42342,2015-12-04 00:00:00,SC-2057582,Sonia Cooley,Consumer,Mexico,LATAM,Central America,FUR-TA-4712,Furniture,Tables,"Hon Wood Table, Rectangular",1410.3999999999999,5,0.2,-88.19999999999996
CA-2015-AH10210140-42363,2015-12-25 00:00:00,AH-102101404,Alan Hwang,Consumer,United States,USCA,Western US,OFF-ST-5422,Office Supplies,Storage,Office Impressions Heavy Duty Welded Shelving & Multimedia Storage Drawers,1003.6200000000001,6,0,0
QA-2015-LM7065105-42362,2015-12-24 00:00:00,LM-7065105,Liz MacKendrick,Consumer,Qatar,Asia Pacific,Western Asia,TEC-CO-3681,Technology,Copiers,"Canon Copy Machine, Laser",1572.8400000000001,6,0,141.48000000000002
CA-2015-AS10225140-42347,2015-12-09 00:00:00,AS-102251404,Alan Schoenberger,Corporate,United States,USCA,Western US,OFF-AP-3371,Office Supplies,Appliances,Belkin 8-Outlet Premiere SurgeMaster II Surge Protectors,69.48,1,0,20.843999999999994
ID-2015-RP19855130-42348,2015-12-10 00:00:00,RP-19855130,Roy Phan,Corporate,Thailand,Asia Pacific,Southeastern Asia,TEC-PH-5355,Technology,Phones,"Nokia Smart Phone, Full Size",1587.0014999999999,3,0.17,-76.55849999999998
US-2015-TB215205-42339,2015-12-01 00:00:00,TB-215205,Tracy Blumstein,Consumer,Argentina,LATAM,South America,FUR-CH-4531,Furniture,Chairs,"Harbour Creations Executive Leather Armchair, Black",947.2199999999997,5,0.4,-236.88000000000002
MX-2015-CC1247518-42353,2015-12-15 00:00:00,CC-1247518,Cindy Chapman,Consumer,Brazil,LATAM,South America,TEC-PH-3151,Technology,Phones,"Apple Speaker Phone, Full Size",498.36,6,0,9.96
IN-2015-KM163757-42342,2015-12-04 00:00:00,KM-163757,Katherine Murray,Home Office,Australia,Asia Pacific,Oceania,TEC-MA-5019,Technology,Machines,"Konica Receipt Printer, Red",859.6800000000001,8,0.1,28.559999999999988
IN-2015-JF1519021-42341,2015-12-03 00:00:00,JF-1519021,Jamie Frazer,Consumer,Cambodia,Asia Pacific,Southeastern Asia,FUR-BO-5788,Furniture,Bookcases,"Safco Library with Doors, Traditional",1559.16,4,0,405.36
CG-2015-GT475533-42349,2015-12-11 00:00:00,GT-475533,Guy Thornton,Consumer,Democratic Republic of the Congo,Africa,Central Africa,FUR-BO-5785,Furniture,Bookcases,"Safco Library with Doors, Metal",778.5,2,0,132.3
ES-2015-AW1084048-42353,2015-12-15 00:00:00,AW-1084048,Anthony Witt,Consumer,Germany,Europe,Western Europe,TEC-PH-5355,Technology,Phones,"Nokia Smart Phone, Full Size",1272.1200000000001,2,0,546.96
MX-2015-EM1414039-42345,2015-12-07 00:00:00,EM-1414039,Eugene Moren,Home Office,El Salvador,LATAM,Central America,TEC-CO-3678,Technology,Copiers,"Canon Copy Machine, Color",1227.57992,7,0.002,526.3199200000001
ML-2015-BO142579-42368,2015-12-30 00:00:00,BO-142579,Bobby Odegard,Consumer,Mali,Africa,Western Africa,FUR-CH-4564,Furniture,Chairs,"Harbour Creations Swivel Stool, Set of Two",1094.22,6,0,317.15999999999997
IN-2015-SP2065059-42342,2015-12-04 00:00:00,SP-2065059,Stephanie Phelps,Corporate,Indonesia,Asia Pacific,Southeastern Asia,TEC-CO-4591,Technology,Copiers,"Hewlett Wireless Fax, Digital",2472.6933,7,0.07,903.9932999999999
ES-2015-MP1747048-42364,2015-12-26 00:00:00,MP-1747048,Mark Packer,Home Office,Germany,Europe,Western Europe,TEC-PH-3805,Technology,Phones,"Cisco Smart Phone, Cordless",1954.44,3,0,781.74
ES-2015-CD1192045-42367,2015-12-29 00:00:00,CD-1192045,Carlos Daly,Consumer,France,Europe,Western Europe,OFF-AP-4733,Office Supplies,Appliances,"Hoover Microwave, White",1104.408,4,0.1,208.608
IN-2015-CS1184558-42354,2015-12-16 00:00:00,CS-1184558,Cari Sayre,Corporate,India,Asia Pacific,Southern Asia,FUR-BO-3647,Furniture,Bookcases,"Bush Stackable Bookrack, Pine",630.15,5,0,31.500000000000004
IR-2015-TC1114560-42357,2015-12-19 00:00:00,TC-1114560,Theresa Coyne,Corporate,Iran,Asia Pacific,Southern Asia,TEC-CO-4575,Technology,Copiers,"Hewlett Fax Machine, Color",1285.4399999999998,4,0,449.88
CA-2015-AS10285140-42350,2015-12-12 00:00:00,AS-102851402,Alejandro Savely,Corporate,United States,USCA,Central US,TEC-AC-4142,Technology,Accessories,Enermax Briskie RF Wireless Keyboard and Mouse Combo,116.312,7,0.2,23.262400000000003
MX-2015-MG1814539-42361,2015-12-23 00:00:00,MG-1814539,Mike Gockenbach,Consumer,El Salvador,LATAM,Central America,TEC-PH-3147,Technology,Phones,"Apple Smart Phone, Cordless",1272.6,3,0,496.25999999999993
ES-2015-NF18385139-42349,2015-12-11 00:00:00,NF-18385139,Natalie Fritzler,Consumer,United Kingdom,Europe,Northern Europe,TEC-CO-4590,Technology,Copiers,"Hewlett Wireless Fax, Color",1144.8899999999999,6,0.5,-686.9699999999998
ES-2015-AB1016545-42351,2015-12-13 00:00:00,AB-1016545,Alan Barnes,Consumer,France,Europe,Western Europe,TEC-PH-3148,Technology,Phones,"Apple Smart Phone, Full Size",1622.3355000000001,3,0.15,248.03549999999996
ES-2015-AT10435120-42357,2015-12-19 00:00:00,AT-10435120,Alyssa Tate,Home Office,Spain,Europe,Southern Europe,TEC-PH-5268,Technology,Phones,"Motorola Smart Phone, Full Size",4627.3679999999995,8,0.1,1439.4480000000003
MX-2015-MM1726051-42365,2015-12-27 00:00:00,MM-1726051,Magdelene Morse,Consumer,Guatemala,LATAM,Central America,FUR-CH-4562,Furniture,Chairs,"Harbour Creations Swivel Stool, Black",829.2199999999999,7,0,49.7
IN-2015-SV2093559-42353,2015-12-15 00:00:00,SV-2093559,Susan Vittorini,Consumer,Indonesia,Asia Pacific,Southeastern Asia,FUR-BO-5785,Furniture,Bookcases,"Safco Library with Doors, Metal",2534.0175,7,0.07,136.2375
IR-2015-CC237060-42363,2015-12-25 00:00:00,CC-237060,Christopher Conant,Consumer,Iran,Asia Pacific,Southern Asia,FUR-BO-5761,Furniture,Bookcases,"Safco Classic Bookcase, Mobile",1762.6799999999998,4,0,669.72
IN-2015-JC15775102-42362,2015-12-24 00:00:00,JC-15775102,John Castell,Consumer,Philippines,Asia Pacific,Southeastern Asia,TEC-PH-3147,Technology,Phones,"Apple Smart Phone, Cordless",2386.125,5,0.25,381.67499999999995
CA-2015-AG10330140-42361,2015-12-23 00:00:00,AG-103301404,Alex Grayson,Consumer,United States,USCA,Western US,FUR-TA-5061,Furniture,Tables,"Lesro Round Back Collection Coffee Table, End Table",182.55,2,0.5,-135.087
CA-2015-AG10330140-42361,2015-12-23 00:00:00,AG-103301402,Alex Grayson,Consumer,United States,USCA,Central US,OFF-PA-6436,Office Supplies,Paper,Xerox 1887,75.88,5,0.2,26.557999999999993
CA-2015-AG10330140-42349,2015-12-11 00:00:00,AG-103301404,Alex Grayson,Consumer,United States,USCA,Western US,TEC-PH-4897,Technology,Phones,Jackery Bar Premium Fast-charging Portable Charger,95.84,4,0.2,34.742
CA-2015-AG10330140-42357,2015-12-19 00:00:00,AG-103301408,Alex Grayson,Consumer,United States,USCA,Southern US,OFF-AR-5287,Office Supplies,Art,Newell 310,12.672,9,0.2,1.4255999999999993
IN-2015-ME1732027-42340,2015-12-02 00:00:00,ME-1732027,Maria Etezadi,Home Office,China,Asia Pacific,Eastern Asia,TEC-MA-6137,Technology,Machines,"StarTech Card Printer, Red",963.9000000000001,6,0,269.82
CA-2015-AG10330140-42361,2015-12-23 00:00:00,AG-103301402,Alex Grayson,Consumer,United States,USCA,Central US,OFF-PA-6485,Office Supplies,Paper,Xerox 1931,25.920000000000005,5,0.2,9.072
CA-2015-AG10330140-42349,2015-12-11 00:00:00,AG-103301404,Alex Grayson,Consumer,United States,USCA,Western US,OFF-PA-6589,Office Supplies,Paper,Xerox 225,12.96,2,0,6.2208000000000006
CA-2015-AG10330140-42361,2015-12-23 00:00:00,AG-103301402,Alex Grayson,Consumer,United States,USCA,Central US,OFF-BI-3732,Office Supplies,Binders,"Cardinal HOLDit! Binder Insert Strips,Extra Strips",6.329999999999999,5,0.8,-9.811499999999999
KE-2015-LO717069-42365,2015-12-27 00:00:00,LO-717069,Lori Olson,Corporate,Kenya,Africa,Eastern Africa,TEC-PH-3806,Technology,Phones,"Cisco Smart Phone, Full Size",652.6800000000001,1,0,169.68
MX-2015-JF1556518-42368,2015-12-30 00:00:00,JF-1556518,Jill Fjeld,Consumer,Brazil,LATAM,South America,FUR-BO-5786,Furniture,Bookcases,"Safco Library with Doors, Mobile",1830.7799999999995,7,0,768.8800000000001
CA-2015-AM10360140-42341,2015-12-03 00:00:00,AM-103601404,Alice McCarthy,Corporate,United States,USCA,Western US,OFF-AP-4242,Office Supplies,Appliances,Fellowes Advanced Computer Series Surge Protectors,79.47,3,0,22.251600000000003
CA-2015-AM10360140-42341,2015-12-03 00:00:00,AM-103601404,Alice McCarthy,Corporate,United States,USCA,Western US,OFF-BI-5939,Office Supplies,Binders,Satellite Sectional Post Binders,69.456,2,0.2,22.573199999999996
CA-2015-AM10360140-42341,2015-12-03 00:00:00,AM-103601404,Alice McCarthy,Corporate,United States,USCA,Western US,OFF-PA-6415,Office Supplies,Paper,"Wirebound Message Book, 4 per Page",10.86,2,0,5.3214
IN-2015-ME1732027-42364,2015-12-26 00:00:00,ME-1732027,Maria Etezadi,Home Office,China,Asia Pacific,Eastern Asia,TEC-MA-5007,Technology,Machines,"Konica Inkjet, White",931.7700000000001,3,0,214.28999999999996
CA-2015-AM10360140-42341,2015-12-03 00:00:00,AM-103601404,Alice McCarthy,Corporate,United States,USCA,Western US,OFF-FA-6129,Office Supplies,Fasteners,Staples,9.024000000000001,6,0.2,3.1583999999999985
CA-2015-AM10360140-42341,2015-12-03 00:00:00,AM-103601404,Alice McCarthy,Corporate,United States,USCA,Western US,OFF-AR-5633,Office Supplies,Art,Prang Dustless Chalk Sticks,10.08,6,0,5.04
CA-2015-AA10375140-42350,2015-12-12 00:00:00,AA-103751406,Allen Armold,Consumer,United States,USCA,Eastern US,TEC-PH-3965,Technology,Phones,Dexim XPower Skin Super-Thin Power Case for iPhone 5 - Black,116.98,2,0,29.245000000000005
MX-2015-CL1270018-42348,2015-12-10 00:00:00,CL-1270018,Craig Leslie,Home Office,Brazil,LATAM,South America,FUR-BO-4857,Furniture,Bookcases,"Ikea Floating Shelf Set, Mobile",576.2,5,0,242
ID-2015-TC211457-42343,2015-12-05 00:00:00,TC-211457,Theresa Coyne,Corporate,Australia,Asia Pacific,Oceania,FUR-CH-4701,Furniture,Chairs,"Hon Swivel Stool, Adjustable",897.1560000000002,6,0.1,-10.044000000000011
CA-2015-AA10375140-42350,2015-12-12 00:00:00,AA-103751406,Allen Armold,Consumer,United States,USCA,Eastern US,OFF-PA-6445,Office Supplies,Paper,Xerox 1895,17.94,3,0,8.073
CA-2015-AA10375140-42350,2015-12-12 00:00:00,AA-103751406,Allen Armold,Consumer,United States,USCA,Eastern US,OFF-BI-3823,Office Supplies,Binders,Clear Mylar Reinforcing Strips,14.952000000000002,1,0.2,5.0463
MA-2015-CD198077-42363,2015-12-25 00:00:00,CD-198077,Carol Darley,Consumer,Madagascar,Africa,Eastern Africa,TEC-CO-3710,Technology,Copiers,"Canon Wireless Fax, Laser",378.66,1,0,185.52
IN-2015-JB1592527-42360,2015-12-22 00:00:00,JB-1592527,Joni Blumstein,Consumer,China,Asia Pacific,Eastern Asia,TEC-MA-5016,Technology,Machines,"Konica Printer, White",532.5000000000001,2,0,207.66
CA-2015-AT10435140-42348,2015-12-10 00:00:00,AT-104351404,Alyssa Tate,Home Office,United States,USCA,Western US,FUR-TA-3410,Furniture,Tables,Bevis 36 x 72 Conference Tables,896.328,9,0.2,22.408199999999994
CA-2015-AT10435140-42348,2015-12-10 00:00:00,AT-104351404,Alyssa Tate,Home Office,United States,USCA,Western US,OFF-AP-4565,Office Supplies,Appliances,Harmony Air Purifier,189,1,0,68.03999999999999
CA-2015-AT10435140-42348,2015-12-10 00:00:00,AT-104351404,Alyssa Tate,Home Office,United States,USCA,Western US,OFF-AR-5291,Office Supplies,Art,Newell 314,11.16,2,0,2.789999999999999
CA-2015-AC10450140-42358,2015-12-20 00:00:00,AC-104501408,Amy Cox,Consumer,United States,USCA,Southern US,OFF-SU-5168,Office Supplies,Supplies,Martin Yale Chadless Opener Electric Letter Opener,1665.62,2,0,33.312400000000025
ES-2015-MP1747048-42364,2015-12-26 00:00:00,MP-1747048,Mark Packer,Home Office,Germany,Europe,Western Europe,TEC-PH-3802,Technology,Phones,"Cisco Signal Booster, VoIP",1063.44,7,0,63.629999999999995
RS-2015-PB9105108-42369,2015-12-31 00:00:00,PB-9105108,Peter Bühler,Consumer,Russia,Europe,Eastern Europe,TEC-CO-4589,Technology,Copiers,"Hewlett Personal Copier, Laser",865.6199999999999,6,0,51.84
CG-2015-GT475533-42349,2015-12-11 00:00:00,GT-475533,Guy Thornton,Consumer,Democratic Republic of the Congo,Africa,Central Africa,OFF-AP-3866,Office Supplies,Appliances,"Cuisinart Microwave, Silver",1116.84,4,0,0
MX-2015-TC2153582-42349,2015-12-11 00:00:00,TC-2153582,Tracy Collins,Home Office,Mexico,LATAM,Central America,FUR-CH-4561,Furniture,Chairs,"Harbour Creations Swivel Stool, Adjustable",584.3520000000001,6,0.2,160.63199999999998
MX-2015-MH1802539-42349,2015-12-11 00:00:00,MH-1802539,Michelle Huthwaite,Consumer,El Salvador,LATAM,Central America,TEC-PH-3129,Technology,Phones,"Apple Audio Dock, VoIP",556.6,5,0,22.200000000000003
ES-2015-SP20650120-42349,2015-12-11 00:00:00,SP-20650120,Stephanie Phelps,Corporate,Spain,Europe,Southern Europe,FUR-BO-5969,Furniture,Bookcases,"Sauder Library with Doors, Traditional",1162.8899999999999,3,0,11.61
CG-2015-GT475533-42349,2015-12-11 00:00:00,GT-475533,Guy Thornton,Consumer,Democratic Republic of the Congo,Africa,Central Africa,FUR-CH-5447,Furniture,Chairs,"Office Star Rocking Chair, Black",553.9200000000001,4,0,110.76
IN-2015-DW1358566-42364,2015-12-26 00:00:00,DW-1358566,Dorothy Wardle,Corporate,Japan,Asia Pacific,Eastern Asia,TEC-PH-3815,Technology,Phones,"Cisco Speaker Phone, Cordless",1271.9699999999998,9,0,368.82000000000005
IT-2015-BP11095124-42363,2015-12-25 00:00:00,BP-11095124,Bart Pistole,Corporate,Sweden,Europe,Northern Europe,FUR-BO-3630,Furniture,Bookcases,"Bush Corner Shelving, Pine",313.35,5,0.5,-12.600000000000023
CA-2015-AR10510140-42355,2015-12-17 00:00:00,AR-105101402,Andrew Roberts,Consumer,United States,USCA,Central US,OFF-BI-5584,Office Supplies,Binders,Peel & Stick Add-On Corner Pockets,10.8,5,0,5.183999999999999
ES-2015-AS1004545-42346,2015-12-08 00:00:00,AS-1004545,Aaron Smayling,Corporate,France,Europe,Western Europe,TEC-AC-3402,Technology,Accessories,"Belkin Router, Bluetooth",2070,8,0,82.80000000000001
ES-2015-BG1174045-42353,2015-12-15 00:00:00,BG-1174045,Bruce Geld,Consumer,France,Europe,Western Europe,FUR-FU-3032,Furniture,Furnishings,"Advantus Frame, Black",666.72,6,0,133.20000000000002
ID-2015-NP183257-42368,2015-12-30 00:00:00,NP-183257,Naresj Patel,Consumer,Australia,Asia Pacific,Oceania,FUR-CH-4545,Furniture,Chairs,"Harbour Creations Rocking Chair, Black",433.97999999999996,5,0.4,-166.47000000000006
ES-2015-TH2123564-42361,2015-12-23 00:00:00,TH-2123564,Tiffany House,Corporate,Italy,Europe,Southern Europe,TEC-CO-3696,Technology,Copiers,"Canon Ink, High-Speed",290.7,2,0,93
ES-2015-AH1003014-42341,2015-12-03 00:00:00,AH-1003014,Aaron Hawkins,Corporate,Belgium,Europe,Western Europe,TEC-CO-4568,Technology,Copiers,"Hewlett Copy Machine, Color",1590.6599999999999,6,0,540.72
CA-2015-AR10540140-42363,2015-12-25 00:00:00,AR-105401406,Andy Reiter,Consumer,United States,USCA,Eastern US,OFF-BI-2909,Office Supplies,Binders,"Acco Four Pocket Poly Ring Binder with Label Holder, Smoke, 1""",17.880000000000003,3,0.2,5.5875
CA-2015-AY10555140-42355,2015-12-17 00:00:00,AY-105551404,Andy Yotov,Corporate,United States,USCA,Western US,FUR-CH-4428,Furniture,Chairs,"Global Value Steno Chair, Gray",97.18400000000001,2,0.2,6.074000000000002
US-2015-GH1442598-42351,2015-12-13 00:00:00,GH-1442598,Gary Hwang,Consumer,Panama,LATAM,Central America,OFF-ST-6032,Office Supplies,Storage,"Smead File Cart, Industrial",410.88,8,0.4,-191.84000000000003
CA-2015-AY10555140-42355,2015-12-17 00:00:00,AY-105551404,Andy Yotov,Corporate,United States,USCA,Western US,FUR-FU-3921,Furniture,Furnishings,"DAX Two-Tone Rosewood/Black Document Frame, Desktop, 5 x 7",18.96,2,0,7.584000000000001
CA-2015-AY10555140-42355,2015-12-17 00:00:00,AY-105551404,Andy Yotov,Corporate,United States,USCA,Western US,FUR-CH-4403,Furniture,Chairs,"Global Deluxe Stacking Chair, Gray",81.568,2,0.2,9.176399999999997
CA-2015-AY10555140-42355,2015-12-17 00:00:00,AY-105551404,Andy Yotov,Corporate,United States,USCA,Western US,OFF-BI-5645,Office Supplies,Binders,Prestige Round Ring Binders,24.320000000000004,5,0.2,8.207999999999998
US-2015-CA1196518-42346,2015-12-08 00:00:00,CA-1196518,Carol Adams,Corporate,Brazil,LATAM,South America,TEC-PH-5839,Technology,Phones,"Samsung Smart Phone, Cordless",1192.8000000000004,7,0.6,-1580.4600000000005
IR-2015-TB1125060-42361,2015-12-23 00:00:00,TB-1125060,Tim Brockman,Consumer,Iran,Asia Pacific,Southern Asia,FUR-BO-5762,Furniture,Bookcases,"Safco Classic Bookcase, Pine",1758,4,0,70.32000000000001
US-2015-FH1427528-42365,2015-12-27 00:00:00,FH-1427528,Frank Hawley,Corporate,Colombia,LATAM,South America,FUR-TA-3354,Furniture,Tables,"Barricks Training Table, Rectangular",842.32,5,0.2,-200.08
CA-2015-AH10585140-42348,2015-12-10 00:00:00,AH-105851402,Angele Hood,Consumer,United States,USCA,Central US,OFF-PA-6474,Office Supplies,Paper,Xerox 1921,15.984000000000002,2,0.2,4.994999999999999
MX-2015-AC1042082-42348,2015-12-10 00:00:00,AC-1042082,Alyssa Crouse,Corporate,Mexico,LATAM,Central America,FUR-CH-5775,Furniture,Chairs,"SAFCO Executive Leather Armchair, Red",3445.3439999999996,14,0.2,-775.3759999999999
UP-2015-NG8430137-42351,2015-12-13 00:00:00,NG-8430137,Nathan Gelder,Consumer,Ukraine,Europe,Eastern Europe,FUR-TA-3440,Furniture,Tables,"Bevis Wood Table, Fully Assembled",1070.1599999999999,2,0,321
CA-2015-AC10615140-42363,2015-12-25 00:00:00,AC-106151406,Ann Chong,Corporate,United States,USCA,Eastern US,FUR-FU-4039,Furniture,Furnishings,"Eldon Delta Triangular Chair Mat, 52"" x 58"", Clear",37.93,1,0,6.827399999999997
MX-2015-KB1624039-42364,2015-12-26 00:00:00,KB-1624039,Karen Bern,Corporate,El Salvador,LATAM,Central America,FUR-BO-5967,Furniture,Bookcases,"Sauder Library with Doors, Mobile",1820.6999999999996,7,0,436.94000000000005
MX-2015-MY1829593-42355,2015-12-17 00:00:00,MY-1829593,Muhammed Yedwab,Corporate,Nicaragua,LATAM,Central America,FUR-BO-3890,Furniture,Bookcases,"Dania Classic Bookcase, Mobile",275.5199999999999,1,0,49.58
IT-2015-CR1273045-42347,2015-12-09 00:00:00,CR-1273045,Craig Reiter,Consumer,France,Europe,Western Europe,FUR-BO-5788,Furniture,Bookcases,"Safco Library with Doors, Traditional",1052.433,3,0.1,-81.92700000000002
ES-2015-SD20485139-42354,2015-12-16 00:00:00,SD-20485139,Shirley Daniels,Home Office,United Kingdom,Europe,Northern Europe,OFF-ST-5700,Office Supplies,Storage,"Rogers Lockers, Blue",1058.1,5,0,73.94999999999999
MX-2015-MY1829593-42355,2015-12-17 00:00:00,MY-1829593,Muhammed Yedwab,Corporate,Nicaragua,LATAM,Central America,FUR-BO-3895,Furniture,Bookcases,"Dania Corner Shelving, Pine",575.9599999999999,7,0,120.82000000000002
ES-2015-SP2054545-42342,2015-12-04 00:00:00,SP-2054545,Sibella Parks,Corporate,France,Europe,Western Europe,TEC-PH-3784,Technology,Phones,"Cisco Audio Dock, Cordless",785.9100000000001,5,0.15,-18.54000000000002
IN-2015-ME173207-42361,2015-12-23 00:00:00,ME-173207,Maria Etezadi,Home Office,Australia,Asia Pacific,Oceania,FUR-BO-3892,Furniture,Bookcases,"Dania Classic Bookcase, Traditional",1109.0520000000001,3,0.1,86.20199999999998
IN-2015-RB1946558-42355,2015-12-17 00:00:00,RB-1946558,Rick Bensley,Home Office,India,Asia Pacific,Southern Asia,TEC-PH-3143,Technology,Phones,"Apple Signal Booster, Cordless",1813.5000000000005,13,0,145.08
ES-2015-HM1486045-42365,2015-12-27 00:00:00,HM-1486045,Harry Marie,Corporate,France,Europe,Western Europe,OFF-AP-4500,Office Supplies,Appliances,"Hamilton Beach Microwave, White",1010.3399999999999,4,0.1,-44.93999999999998
ID-2015-HL1504059-42339,2015-12-01 00:00:00,HL-1504059,Hunter Lopez,Consumer,Indonesia,Asia Pacific,Southeastern Asia,TEC-CO-3608,Technology,Copiers,"Brother Wireless Fax, Color",1414.53,4,0.07,-106.47000000000001
MX-2015-PT1909082-42363,2015-12-25 00:00:00,PT-1909082,Pete Takahito,Consumer,Mexico,LATAM,Central America,TEC-CO-6011,Technology,Copiers,"Sharp Wireless Fax, High-Speed",1649.2548800000004,7,0.002,277.53488000000004
IN-2015-VB217451-42349,2015-12-11 00:00:00,VB-217451,Victoria Brennan,Corporate,Afghanistan,Asia Pacific,Southern Asia,FUR-CH-4683,Furniture,Chairs,"Hon Rocking Chair, Red",914.34,7,0,356.58
IN-2015-RE1945058-42346,2015-12-08 00:00:00,RE-1945058,Richard Eichhorn,Consumer,India,Asia Pacific,Southern Asia,TEC-MA-5012,Technology,Machines,"Konica Phone, White",676.8,8,0,162.24
ES-2015-BF1127545-42355,2015-12-17 00:00:00,BF-1127545,Beth Fritzler,Corporate,France,Europe,Western Europe,TEC-MA-5502,Technology,Machines,"Okidata Inkjet, White",1058.2500000000002,4,0.15,-24.990000000000038
MX-2015-MC1763536-42340,2015-12-02 00:00:00,MC-1763536,Matthew Clasen,Corporate,Dominican Republic,LATAM,Caribbean,FUR-CH-5443,Furniture,Chairs,"Office Star Executive Leather Armchair, Red",1502.9759999999999,6,0.2,-225.504
MX-2015-MM1792039-42356,2015-12-18 00:00:00,MM-1792039,Michael Moore,Consumer,El Salvador,LATAM,Central America,FUR-BO-4860,Furniture,Bookcases,"Ikea Library with Doors, Metal",1693.3,7,0,220.07999999999998
IN-2015-TR2132559-42368,2015-12-30 00:00:00,TR-2132559,Toby Ritter,Consumer,Indonesia,Asia Pacific,Southeastern Asia,OFF-ST-5708,Office Supplies,Storage,"Rogers Shelving, Wire Frame",457.16399999999993,9,0.17,65.934
ES-2015-CW11905139-42361,2015-12-23 00:00:00,CW-11905139,Carl Weiss,Home Office,United Kingdom,Europe,Northern Europe,FUR-BO-5761,Furniture,Bookcases,"Safco Classic Bookcase, Mobile",2379.6179999999995,6,0.1,740.1780000000001
ES-2015-AS1022545-42357,2015-12-19 00:00:00,AS-1022545,Alan Schoenberger,Corporate,France,Europe,Western Europe,TEC-CO-3609,Technology,Copiers,"Brother Wireless Fax, Digital",965.0475,3,0.15,-68.15250000000002
US-2015-GZ1447082-42348,2015-12-10 00:00:00,GZ-1447082,Gary Zandusky,Consumer,Mexico,LATAM,Central America,FUR-TA-3357,Furniture,Tables,"Barricks Wood Table, Fully Assembled",1105.92,4,0.2,-41.520000000000024
IN-2015-CC126107-42353,2015-12-15 00:00:00,CC-126107,Corey Catlett,Corporate,Australia,Asia Pacific,Oceania,FUR-CH-5453,Furniture,Chairs,"Office Star Steel Folding Chair, Set of Two",591.9480000000001,7,0.1,216.88800000000003
MX-2015-CC1247518-42353,2015-12-15 00:00:00,CC-1247518,Cindy Chapman,Consumer,Brazil,LATAM,South America,FUR-TA-5058,Furniture,Tables,"Lesro Conference Table, Fully Assembled",458.15999999999997,1,0.2,57.26000000000001
IN-2015-IG1508527-42356,2015-12-18 00:00:00,IG-1508527,Ivan Gibson,Consumer,China,Asia Pacific,Eastern Asia,FUR-CH-4654,Furniture,Chairs,"Hon Executive Leather Armchair, Adjustable",459.62999999999994,1,0,87.30000000000001
SO-2015-SW10245116-42347,2015-12-09 00:00:00,SW-10245116,Scot Wooten,Consumer,Somalia,Africa,Eastern Africa,TEC-CO-4591,Technology,Copiers,"Hewlett Wireless Fax, Digital",759.66,2,0,91.14
AG-2015-RD96603-42342,2015-12-04 00:00:00,RD-96603,Robert Dilbeck,Home Office,Algeria,Africa,North Africa,TEC-CO-3611,Technology,Copiers,"Brother Wireless Fax, Laser",1515.2400000000002,4,0,560.52
MX-2015-CC1243082-42339,2015-12-01 00:00:00,CC-1243082,Chuck Clark,Home Office,Mexico,LATAM,Central America,FUR-CH-5457,Furniture,Chairs,"Office Star Swivel Stool, Set of Two",657.776,7,0.2,-65.88399999999997
IT-2015-DK13090120-42345,2015-12-07 00:00:00,DK-13090120,Dave Kipp,Consumer,Spain,Europe,Southern Europe,TEC-PH-5347,Technology,Phones,"Nokia Office Telephone, Full Size",418.446,7,0.1,69.636
ES-2015-PG1889545-42346,2015-12-08 00:00:00,PG-1889545,Paul Gonzalez,Consumer,France,Europe,Western Europe,FUR-BO-3625,Furniture,Bookcases,"Bush Classic Bookcase, Mobile",747.3599999999999,2,0.1,-41.519999999999996
IN-2015-MG1765027-42350,2015-12-12 00:00:00,MG-1765027,Matthew Grinstein,Home Office,China,Asia Pacific,Eastern Asia,TEC-CO-4589,Technology,Copiers,"Hewlett Personal Copier, Laser",865.6199999999999,6,0,34.56
MX-2015-SW2027518-42348,2015-12-10 00:00:00,SW-2027518,Scott Williamson,Consumer,Brazil,LATAM,South America,FUR-BO-3626,Furniture,Bookcases,"Bush Classic Bookcase, Pine",1380.0999999999997,5,0,648.6
IN-2015-ME1732027-42364,2015-12-26 00:00:00,ME-1732027,Maria Etezadi,Home Office,China,Asia Pacific,Eastern Asia,FUR-TA-4636,Furniture,Tables,"Hon Coffee Table, with Bottom Storage",663.3900000000001,3,0.3,-255.96000000000006
ES-2015-KA1652545-42353,2015-12-15 00:00:00,KA-1652545,Kelly Andreada,Consumer,France,Europe,Western Europe,FUR-CH-5378,Furniture,Chairs,"Novimex Executive Leather Armchair, Adjustable",1473.408,8,0.6,-1694.5919999999996
ES-2015-MO1795014-42363,2015-12-25 00:00:00,MO-1795014,Michael Oakman,Consumer,Belgium,Europe,Western Europe,OFF-AP-4742,Office Supplies,Appliances,"Hoover Stove, Black",1135.8000000000002,2,0,90.84
CA-2015-AT10735140-42356,2015-12-18 00:00:00,AT-107351406,Annie Thurman,Consumer,United States,USCA,Eastern US,OFF-ST-5804,Office Supplies,Storage,Safco Steel Mobile File Cart,166.72,2,0,41.68000000000001
MX-2015-SV2078582-42347,2015-12-09 00:00:00,SV-2078582,Stewart Visinsky,Consumer,Mexico,LATAM,Central America,FUR-CH-4545,Furniture,Chairs,"Harbour Creations Rocking Chair, Black",385.76,5,0.2,38.56
IT-2015-BF1121545-42343,2015-12-05 00:00:00,BF-1121545,Benjamin Farhat,Home Office,France,Europe,Western Europe,OFF-AP-4500,Office Supplies,Appliances,"Hamilton Beach Microwave, White",1262.925,5,0.1,-56.17499999999998
CA-2015-AT10735140-42356,2015-12-18 00:00:00,AT-107351406,Annie Thurman,Consumer,United States,USCA,Eastern US,FUR-FU-3944,Furniture,Furnishings,Deflect-o Glass Clear Studded Chair Mats,124.36,2,0,27.3592
RS-2015-DP3000108-42355,2015-12-17 00:00:00,DP-3000108,Darren Powers,Consumer,Russia,Europe,Eastern Europe,TEC-PH-3148,Technology,Phones,"Apple Smart Phone, Full Size",637.5,1,0,178.5
IT-2015-SB2017091-42367,2015-12-29 00:00:00,SB-2017091,Sarah Bern,Consumer,Netherlands,Europe,Western Europe,FUR-CH-5395,Furniture,Chairs,"Novimex Rocking Chair, Black",516,8,0.5,-392.15999999999997
CA-2015-AT10735140-42356,2015-12-18 00:00:00,AT-107351406,Annie Thurman,Consumer,United States,USCA,Eastern US,OFF-BI-4378,Office Supplies,Binders,GBC Wire Binding Combs,24.816000000000003,3,0.2,8.375399999999999
ES-2015-HE14800139-42357,2015-12-19 00:00:00,HE-14800139,Harold Engle,Corporate,United Kingdom,Europe,Northern Europe,TEC-CO-3595,Technology,Copiers,"Brother Fax Machine, Color",1599.9,5,0,719.85
IR-2015-SC1030560-42353,2015-12-15 00:00:00,SC-1030560,Sean Christensen,Consumer,Iran,Asia Pacific,Southern Asia,TEC-CO-4573,Technology,Copiers,"Hewlett Fax and Copier, High-Speed",764.28,4,0,183.35999999999999
US-2015-RA1991582-42342,2015-12-04 00:00:00,RA-1991582,Russell Applegate,Consumer,Mexico,LATAM,Central America,TEC-AC-3405,Technology,Accessories,"Belkin Router, USB",345.2800000000001,2,0,117.35999999999999
ES-2015-BG1174045-42353,2015-12-15 00:00:00,BG-1174045,Bruce Geld,Consumer,France,Europe,Western Europe,OFF-BI-2902,Office Supplies,Binders,"Acco Binding Machine, Recycled",308.7,6,0,77.03999999999999
ES-2015-AS1004545-42346,2015-12-08 00:00:00,AS-1004545,Aaron Smayling,Corporate,France,Europe,Western Europe,OFF-AP-4742,Office Supplies,Appliances,"Hoover Stove, Black",1022.2200000000001,2,0.1,-22.740000000000023
IZ-2015-GH442561-42348,2015-12-10 00:00:00,GH-442561,Gary Hwang,Consumer,Iraq,Asia Pacific,Western Asia,OFF-AR-6108,Office Supplies,Art,"Stanley Canvas, Water Color",526.5,10,0,231.6
IN-2015-JD16150130-42369,2015-12-31 00:00:00,JD-16150130,Justin Deggeller,Corporate,Thailand,Asia Pacific,Southeastern Asia,FUR-TA-5067,Furniture,Tables,"Lesro Training Table, Adjustable Height",1048.7312999999997,9,0.5700000000000001,-1195.2386999999999
ES-2015-CS1240064-42342,2015-12-04 00:00:00,CS-1240064,Christopher Schild,Home Office,Italy,Europe,Southern Europe,OFF-PA-4477,Office Supplies,Paper,"Green Bar Message Books, Recycled",189.6,8,0,68.16
ES-2015-JL1523545-42356,2015-12-18 00:00:00,JL-1523545,Janet Lee,Consumer,France,Europe,Western Europe,FUR-CH-5380,Furniture,Chairs,"Novimex Executive Leather Armchair, Red",1656.7199999999998,4,0.1,460.2
MX-2015-HG1502593-42363,2015-12-25 00:00:00,HG-1502593,Hunter Glantz,Consumer,Nicaragua,LATAM,Central America,TEC-CO-4789,Technology,Copiers,"HP Wireless Fax, Color",962.4712,4,0.002,335.59119999999996
MX-2015-CC1243051-42363,2015-12-25 00:00:00,CC-1243051,Chuck Clark,Home Office,Guatemala,LATAM,Central America,TEC-PH-5355,Technology,Phones,"Nokia Smart Phone, Full Size",848.0799999999999,2,0,330.71999999999997
ES-2015-AT1073545-42367,2015-12-29 00:00:00,AT-1073545,Annie Thurman,Consumer,France,Europe,Western Europe,OFF-AP-4508,Office Supplies,Appliances,"Hamilton Beach Stove, White",972.864,2,0.1,205.344
ES-2015-PC1874548-42348,2015-12-10 00:00:00,PC-1874548,Pamela Coakley,Corporate,Germany,Europe,Western Europe,FUR-BO-3906,Furniture,Bookcases,"Dania Stackable Bookrack, Pine",223.39799999999997,2,0.1,89.358
ES-2015-DB1321048-42362,2015-12-24 00:00:00,DB-1321048,Dean Braden,Consumer,Germany,Europe,Western Europe,FUR-BO-3892,Furniture,Bookcases,"Dania Classic Bookcase, Traditional",1314.4320000000002,4,0.2,377.8319999999999
MX-2015-SP2054518-42347,2015-12-09 00:00:00,SP-2054518,Sibella Parks,Corporate,Brazil,LATAM,South America,FUR-BO-5778,Furniture,Bookcases,"Safco Floating Shelf Set, Mobile",531.36,4,0,255.04000000000002
CA-2015-AW10840140-42349,2015-12-11 00:00:00,AW-108401406,Anthony Witt,Consumer,United States,USCA,Eastern US,FUR-FU-4113,Furniture,Furnishings,Electrix Halogen Magnifier Lamp,310.88000000000005,2,0.2,23.31599999999999
CA-2015-AW10840140-42349,2015-12-11 00:00:00,AW-108401406,Anthony Witt,Consumer,United States,USCA,Eastern US,OFF-PA-6573,Office Supplies,Paper,Xerox 210,10.368000000000002,2,0.2,3.6288
IN-2015-JB1592527-42360,2015-12-22 00:00:00,JB-1592527,Joni Blumstein,Consumer,China,Asia Pacific,Eastern Asia,TEC-PH-3141,Technology,Phones,"Apple Office Telephone, VoIP",261.48,4,0,107.16
CA-2015-AI10855140-42356,2015-12-18 00:00:00,AI-108551408,Arianne Irving,Consumer,United States,USCA,Southern US,FUR-CH-4709,Furniture,Chairs,Hon Valutask Swivel Chairs,504.90000000000003,5,0,80.78400000000002
US-2015-AI10855140-42350,2015-12-12 00:00:00,AI-108551406,Arianne Irving,Consumer,United States,USCA,Eastern US,FUR-CH-5048,Furniture,Chairs,"Leather Task Chair, Black",63.686,1,0.3,-9.098000000000003
NI-2015-KL664595-42341,2015-12-03 00:00:00,KL-664595,Ken Lonsdale,Consumer,Nigeria,Africa,Western Africa,TEC-PH-5355,Technology,Phones,"Nokia Smart Phone, Full Size",382.4100000000001,2,0.7,-752.13
MX-2015-CJ1187593-42356,2015-12-18 00:00:00,CJ-1187593,Carl Jackson,Corporate,Nicaragua,LATAM,Central America,OFF-AP-4501,Office Supplies,Appliances,"Hamilton Beach Refrigerator, Black",666.0799999999999,2,0,119.88
IN-2015-JF1519021-42341,2015-12-03 00:00:00,JF-1519021,Jamie Frazer,Consumer,Cambodia,Asia Pacific,Southeastern Asia,FUR-FU-3943,Furniture,Furnishings,"Deflect-O Frame, Erganomic",651.96,6,0,110.70000000000002
IN-2015-VB217451-42349,2015-12-11 00:00:00,VB-217451,Victoria Brennan,Corporate,Afghanistan,Asia Pacific,Southern Asia,TEC-PH-3129,Technology,Phones,"Apple Audio Dock, VoIP",500.94000000000005,3,0,115.20000000000002
IN-2015-BT1168066-42351,2015-12-13 00:00:00,BT-1168066,Brian Thompson,Consumer,Japan,Asia Pacific,Eastern Asia,FUR-BO-3630,Furniture,Bookcases,"Bush Corner Shelving, Pine",1002.72,8,0,451.20000000000005
US-2015-PB191505-42360,2015-12-22 00:00:00,PB-191505,Philip Brown,Consumer,Argentina,LATAM,South America,FUR-CH-4654,Furniture,Chairs,"Hon Executive Leather Armchair, Adjustable",919.2599999999999,5,0.4,-168.53999999999996
IT-2015-SF2020048-42364,2015-12-26 00:00:00,SF-2020048,Sarah Foster,Consumer,Germany,Europe,Western Europe,FUR-TA-3780,Furniture,Tables,"Chromcraft Wood Table, with Bottom Storage",940.914,3,0.35,-202.71599999999995
ES-2015-GH14665139-42364,2015-12-26 00:00:00,GH-14665139,Greg Hansen,Consumer,United Kingdom,Europe,Northern Europe,FUR-CH-5808,Furniture,Chairs,"SAFCO Swivel Stool, Set of Two",459.513,3,0.1,142.89300000000003
MX-2015-PO1885028-42357,2015-12-19 00:00:00,PO-1885028,Patrick O'Brill,Consumer,Colombia,LATAM,South America,FUR-BO-5746,Furniture,Bookcases,"Safco 3-Shelf Cabinet, Mobile",456.96000000000004,4,0,187.28
SF-2015-RS9870117-42349,2015-12-11 00:00:00,RS-9870117,Roy Skaria,Home Office,South Africa,Africa,Southern Africa,TEC-AC-4154,Technology,Accessories,"Enermax Flash Drive, USB",333.84,8,0,130.07999999999998
IT-2015-GA1451591-42347,2015-12-09 00:00:00,GA-1451591,George Ashbrook,Consumer,Netherlands,Europe,Western Europe,OFF-ST-5703,Office Supplies,Storage,"Rogers Lockers, Wire Frame",632.0699999999999,6,0.5,-316.1699999999999
MX-2015-JD1589555-42343,2015-12-05 00:00:00,JD-1589555,Jonathan Doherty,Corporate,Honduras,LATAM,Central America,TEC-AC-5894,Technology,Accessories,"SanDisk Router, Bluetooth",307.62,3,0.4,40.98000000000006
MX-2015-DA1345093-42356,2015-12-18 00:00:00,DA-1345093,Dianna Arnett,Home Office,Nicaragua,LATAM,Central America,TEC-AC-3403,Technology,Accessories,"Belkin Router, Erganomic",342.08000000000004,2,0,0
ID-2015-AF108707-42363,2015-12-25 00:00:00,AF-108707,Art Ferguson,Consumer,Australia,Asia Pacific,Oceania,FUR-BO-4858,Furniture,Bookcases,"Ikea Floating Shelf Set, Pine",772.605,5,0.1,-51.644999999999996
IT-2015-EH14005139-42355,2015-12-17 00:00:00,EH-14005139,Erica Hernandez,Home Office,United Kingdom,Europe,Northern Europe,TEC-CO-3686,Technology,Copiers,"Canon Fax Machine, Color",1279.32,8,0.5,-639.72
SA-2015-DJ3510110-42363,2015-12-25 00:00:00,DJ-3510110,Don Jones,Corporate,Saudi Arabia,Asia Pacific,Western Asia,OFF-ST-6047,Office Supplies,Storage,"Smead Lockers, Industrial",198.89999999999998,1,0,55.67999999999999
ES-2015-SJ20215139-42341,2015-12-03 00:00:00,SJ-20215139,Sarah Jordon,Consumer,United Kingdom,Europe,Northern Europe,TEC-MA-5577,Technology,Machines,"Panasonic Receipt Printer, White",715.86,6,0,250.38000000000002
IT-2015-CC1267045-42353,2015-12-15 00:00:00,CC-1267045,Craig Carreira,Consumer,France,Europe,Western Europe,TEC-AC-5203,Technology,Accessories,"Memorex Memory Card, Bluetooth",306.80999999999995,3,0,64.35000000000001
IT-2015-MB17305125-42342,2015-12-04 00:00:00,MB-17305125,Maria Bertelson,Consumer,Switzerland,Europe,Western Europe,TEC-CO-4569,Technology,Copiers,"Hewlett Copy Machine, High-Speed",1054.68,4,0,263.64
US-2015-SG208905-42353,2015-12-15 00:00:00,SG-208905,Susan Gilcrest,Corporate,Argentina,LATAM,South America,FUR-TA-4690,Furniture,Tables,"Hon Round Table, Fully Assembled",413.904,4,0.7,-551.9359999999999
ES-2015-SC2068045-42348,2015-12-10 00:00:00,SC-2068045,Steve Carroll,Home Office,France,Europe,Western Europe,TEC-PH-5346,Technology,Phones,"Nokia Office Telephone, Cordless",231.132,4,0.15,-16.428000000000004
MX-2015-GM1468093-42364,2015-12-26 00:00:00,GM-1468093,Greg Matthias,Consumer,Nicaragua,LATAM,Central America,TEC-PH-5271,Technology,Phones,"Motorola Speaker Phone, Full Size",262.14,3,0,5.22
IT-2015-DK13090120-42345,2015-12-07 00:00:00,DK-13090120,Dave Kipp,Consumer,Spain,Europe,Southern Europe,TEC-MA-5516,Technology,Machines,"Okidata Receipt Printer, White",327.5640000000001,3,0.1,-14.616000000000007
ID-2015-BF11005130-42361,2015-12-23 00:00:00,BF-11005130,Barry Franz,Home Office,Thailand,Asia Pacific,Southeastern Asia,TEC-CO-4774,Technology,Copiers,"HP Fax Machine, Digital",566.2062,3,0.37,-197.80379999999997
IN-2015-TD2099527-42349,2015-12-11 00:00:00,TD-2099527,Tamara Dahlen,Consumer,China,Asia Pacific,Eastern Asia,TEC-PH-5349,Technology,Phones,"Nokia Office Telephone, with Caller ID",195.39,3,0,46.89
MX-2015-JS1603082-42348,2015-12-10 00:00:00,JS-1603082,Joy Smith,Consumer,Mexico,LATAM,Central America,FUR-TA-3340,Furniture,Tables,"Barricks Computer Table, Adjustable Height",1267.7600000000002,5,0.2,221.75999999999993
MX-2015-PM1894031-42340,2015-12-02 00:00:00,PM-1894031,Paul MacIntyre,Consumer,Cuba,LATAM,Caribbean,TEC-CO-4589,Technology,Copiers,"Hewlett Personal Copier, Laser",575.9258399999999,6,0.002,235.36584000000002
IN-2015-WB2185027-42346,2015-12-08 00:00:00,WB-2185027,William Brown,Consumer,China,Asia Pacific,Eastern Asia,TEC-MA-5506,Technology,Machines,"Okidata Phone, Durable",521.8199999999999,6,0,15.48
ES-2015-CD1192045-42367,2015-12-29 00:00:00,CD-1192045,Carlos Daly,Consumer,France,Europe,Western Europe,TEC-PH-5266,Technology,Phones,"Motorola Signal Booster, with Caller ID",486.642,4,0.15,143.082
ES-2015-HM14860125-42368,2015-12-30 00:00:00,HM-14860125,Harry Marie,Corporate,Switzerland,Europe,Western Europe,TEC-PH-5342,Technology,Phones,"Nokia Headset, with Caller ID",292.43999999999994,4,0,35.04
IN-2015-VB2174527-42357,2015-12-19 00:00:00,VB-2174527,Victoria Brennan,Corporate,China,Asia Pacific,Eastern Asia,TEC-MA-5008,Technology,Machines,"Konica Inkjet, Wireless",940.3199999999999,3,0,141.03
ID-2015-JW16075144-42368,2015-12-30 00:00:00,JW-16075144,Julia West,Consumer,Vietnam,Asia Pacific,Southeastern Asia,FUR-BO-3906,Furniture,Bookcases,"Dania Stackable Bookrack, Pine",387.261,5,0.37,-123.039
ID-2015-JW16075144-42368,2015-12-30 00:00:00,JW-16075144,Julia West,Consumer,Vietnam,Asia Pacific,Southeastern Asia,FUR-BO-4846,Furniture,Bookcases,"Ikea 3-Shelf Cabinet, Pine",271.7631,3,0.37,-69.06690000000003
CA-2015-BG11035140-42341,2015-12-03 00:00:00,BG-110351408,Barry Gonzalez,Consumer,United States,USCA,Southern US,OFF-AR-5901,Office Supplies,Art,Sanford 52201 APSCO Electric Pencil Sharpener,32.776,1,0.2,2.4581999999999997
ES-2015-RF1984045-42350,2015-12-12 00:00:00,RF-1984045,Roy Französisch,Consumer,France,Europe,Western Europe,FUR-CH-4546,Furniture,Chairs,"Harbour Creations Rocking Chair, Red",661.9049999999999,5,0.1,-36.79499999999999
IV-2015-SV1078529-42348,2015-12-10 00:00:00,SV-1078529,Stewart Visinsky,Consumer,Cote d'Ivoire,Africa,Western Africa,FUR-BO-3890,Furniture,Bookcases,"Dania Classic Bookcase, Mobile",413.28,1,0,74.37
CA-2015-BF11080140-42344,2015-12-06 00:00:00,BF-110801406,Bart Folk,Consumer,United States,USCA,Eastern US,OFF-PA-6221,Office Supplies,Paper,"Telephone Message Books with Fax/Mobile Section, 4 1/4"" x 6""",21.6,6,0,9.936
CA-2015-BF11080140-42344,2015-12-06 00:00:00,BF-110801406,Bart Folk,Consumer,United States,USCA,Eastern US,OFF-LA-3242,Office Supplies,Labels,Avery 52,11.07,3,0,5.2029
UP-2015-NG8430137-42351,2015-12-13 00:00:00,NG-8430137,Nathan Gelder,Consumer,Ukraine,Europe,Eastern Europe,TEC-CO-3588,Technology,Copiers,"Brother Copy Machine, High-Speed",524.58,2,0,57.66
ID-2015-LS1720059-42354,2015-12-16 00:00:00,LS-1720059,Luke Schmidt,Corporate,Indonesia,Asia Pacific,Southeastern Asia,OFF-AP-4503,Office Supplies,Appliances,"Hamilton Beach Refrigerator, Silver",831.4607999999998,2,0.17,230.38080000000002
CA-2015-BP11095140-42352,2015-12-14 00:00:00,BP-110951406,Bart Pistole,Corporate,United States,USCA,Eastern US,FUR-BO-3621,Furniture,Bookcases,"Bush Andora Bookcase, Maple/Graphite Gray Finish",287.976,3,0.2,7.199399999999969
CA-2015-BP11095140-42339,2015-12-01 00:00:00,BP-110951402,Bart Pistole,Corporate,United States,USCA,Central US,TEC-AC-5900,Technology,Accessories,SanDisk Ultra 64 GB MicroSDHC Class 10 Memory Card,95.97600000000001,3,0.2,-10.79730000000001
ES-2015-DB1327048-42360,2015-12-22 00:00:00,DB-1327048,Deborah Brumfield,Home Office,Germany,Europe,Western Europe,TEC-PH-5844,Technology,Phones,"Samsung Speaker Phone, Full Size",1120.77,9,0,268.92
ES-2015-PW19030120-42362,2015-12-24 00:00:00,PW-19030120,Pauline Webber,Corporate,Spain,Europe,Southern Europe,FUR-BO-3629,Furniture,Bookcases,"Bush Corner Shelving, Mobile",379.53000000000003,3,0,159.39000000000001
ES-2015-MC1784545-42354,2015-12-16 00:00:00,MC-1784545,Michael Chen,Consumer,France,Europe,Western Europe,TEC-AC-4163,Technology,Accessories,"Enermax Memory Card, Bluetooth",228.77999999999997,2,0,36.599999999999994
IN-2015-MG1789056-42343,2015-12-05 00:00:00,MG-1789056,Michael Granlund,Home Office,Hong Kong,Asia Pacific,Eastern Asia,OFF-AP-4736,Office Supplies,Appliances,"Hoover Refrigerator, Red",2105.04,4,0,715.6800000000001
IS-2015-MO780063-42355,2015-12-17 00:00:00,MO-780063,Meg O'Connel,Home Office,Israel,Asia Pacific,Western Asia,OFF-AP-3865,Office Supplies,Appliances,"Cuisinart Microwave, Red",278.46,1,0,75.17999999999999
ES-2015-JF1535564-42356,2015-12-18 00:00:00,JF-1535564,Jay Fein,Consumer,Italy,Europe,Southern Europe,OFF-ST-5703,Office Supplies,Storage,"Rogers Lockers, Wire Frame",632.0699999999999,5,0.4,-158.13000000000005
IN-2015-TD2099527-42349,2015-12-11 00:00:00,TD-2099527,Tamara Dahlen,Consumer,China,Asia Pacific,Eastern Asia,TEC-AC-5115,Technology,Accessories,"Logitech Keyboard, Bluetooth",217.35000000000002,3,0,108.63
US-2015-BD1172555-42365,2015-12-27 00:00:00,BD-1172555,Bruce Degenhardt,Consumer,Honduras,LATAM,Central America,TEC-CO-3599,Technology,Copiers,"Brother Ink, Color",533.67912,9,0.402,-73.28088000000007
CA-2015-BF11170140-42353,2015-12-15 00:00:00,BF-111701406,Ben Ferrer,Home Office,United States,USCA,Eastern US,TEC-CO-3699,Technology,Copiers,Canon PC1080F Personal Copier,1199.98,2,0,467.9922
CA-2015-BF11170140-42353,2015-12-15 00:00:00,BF-111701406,Ben Ferrer,Home Office,United States,USCA,Eastern US,FUR-TA-3562,Furniture,Tables,Bretford Rectangular Conference Table Tops,526.582,2,0.3,-52.658199999999965
JO-2015-PT909067-42367,2015-12-29 00:00:00,PT-909067,Pete Takahito,Consumer,Jordan,Asia Pacific,Western Asia,FUR-BO-3898,Furniture,Bookcases,"Dania Floating Shelf Set, Mobile",687.48,4,0,185.52
CA-2015-BF11170140-42353,2015-12-15 00:00:00,BF-111701406,Ben Ferrer,Home Office,United States,USCA,Eastern US,OFF-ST-5782,Office Supplies,Storage,Safco Industrial Shelving,73.85,1,0,2.215500000000006
CA-2015-BF11170140-42353,2015-12-15 00:00:00,BF-111701406,Ben Ferrer,Home Office,United States,USCA,Eastern US,OFF-SU-2981,Office Supplies,Supplies,Acme Office Executive Series Stainless Steel Trimmers,25.71,3,0,6.6846000000000005
CA-2015-BF11170140-42353,2015-12-15 00:00:00,BF-111701406,Ben Ferrer,Home Office,United States,USCA,Eastern US,OFF-FA-2890,Office Supplies,Fasteners,"Acco Banker's Clasps, 5 3/4""-Long",17.28,6,0,8.121599999999999
ID-2015-CG125207-42341,2015-12-03 00:00:00,CG-125207,Claire Gute,Consumer,Australia,Asia Pacific,Oceania,OFF-AP-4970,Office Supplies,Appliances,"KitchenAid Toaster, Silver",464.778,6,0.1,98.11799999999998
TU-2015-JD5895134-42367,2015-12-29 00:00:00,JD-5895134,Jonathan Doherty,Corporate,Turkey,Asia Pacific,Western Asia,OFF-AP-4738,Office Supplies,Appliances,"Hoover Refrigerator, White",209.76,1,0.6,-209.76
US-2015-BP11185140-42349,2015-12-11 00:00:00,BP-111851404,Ben Peterman,Corporate,United States,USCA,Western US,OFF-ST-4244,Office Supplies,Storage,Fellowes Bankers Box Staxonsteel Drawer File/Stacking System,324.90000000000003,5,0,38.988000000000014
ID-2015-TB214007-42344,2015-12-06 00:00:00,TB-214007,Tom Boeckenhauer,Consumer,Australia,Asia Pacific,Oceania,FUR-CH-4654,Furniture,Chairs,"Hon Executive Leather Armchair, Adjustable",1654.668,4,0.1,165.34800000000007
ES-2015-DL1331548-42351,2015-12-13 00:00:00,DL-1331548,Delfina Latchford,Consumer,Germany,Europe,Western Europe,OFF-AR-6125,Office Supplies,Art,"Stanley Sketch Pad, Blue",311.01,7,0,102.48
ES-2015-CD1192045-42367,2015-12-29 00:00:00,CD-1192045,Carlos Daly,Consumer,France,Europe,Western Europe,FUR-CH-4525,Furniture,Chairs,"Harbour Creations Chairmat, Set of Two",400.9500000000001,6,0.1,13.229999999999983
CA-2015-BP11185140-42368,2015-12-30 00:00:00,BP-111851404,Ben Peterman,Corporate,United States,USCA,Western US,FUR-FU-5416,Furniture,Furnishings,Nu-Dell Executive Frame,101.12,8,0,37.4144
US-2015-BP11185140-42349,2015-12-11 00:00:00,BP-111851404,Ben Peterman,Corporate,United States,USCA,Western US,TEC-AC-5097,Technology,Accessories,Logitech Desktop MK120 Mouse and keyboard Combo,49.08,3,0,4.907999999999998
CA-2015-BP11185140-42349,2015-12-11 00:00:00,BP-111851404,Ben Peterman,Corporate,United States,USCA,Western US,OFF-BI-6408,Office Supplies,Binders,"Wilson Jones Ledger-Size, Piano-Hinge Binder, 2"", Blue",65.568,2,0.2,22.948799999999995
US-2015-BP11185140-42349,2015-12-11 00:00:00,BP-111851404,Ben Peterman,Corporate,United States,USCA,Western US,OFF-AR-3832,Office Supplies,Art,Col-Erase Pencils with Erasers,18.240000000000002,3,0,5.289599999999998
CA-2015-BP11185140-42349,2015-12-11 00:00:00,BP-111851404,Ben Peterman,Corporate,United States,USCA,Western US,OFF-BI-3288,Office Supplies,Binders,Avery Hole Reinforcements,19.936000000000003,4,0.2,7.2268
IN-2015-ME173207-42361,2015-12-23 00:00:00,ME-173207,Maria Etezadi,Home Office,Australia,Asia Pacific,Oceania,FUR-FU-3047,Furniture,Furnishings,"Advantus Photo Frame, Black",381.456,8,0.1,139.77599999999998
MX-2015-AG1030082-42367,2015-12-29 00:00:00,AG-1030082,Aleksandra Gannaway,Corporate,Mexico,LATAM,Central America,OFF-EN-5030,Office Supplies,Envelopes,"Kraft Interoffice Envelope, Security-Tint",328.8,10,0,147.8
IN-2015-BE1145558-42342,2015-12-04 00:00:00,BE-1145558,Brad Eason,Home Office,India,Asia Pacific,Southern Asia,FUR-CH-4684,Furniture,Chairs,"Hon Rocking Chair, Set of Two",398.61,3,0,15.930000000000001
MX-2015-AB1001539-42353,2015-12-15 00:00:00,AB-1001539,Aaron Bergman,Consumer,El Salvador,LATAM,Central America,FUR-CH-5379,Furniture,Chairs,"Novimex Executive Leather Armchair, Black",610.5999999999999,2,0,238.11999999999998
IT-2015-MS17365104-42364,2015-12-26 00:00:00,MS-17365104,Maribeth Schnelling,Consumer,Portugal,Europe,Southern Europe,TEC-CO-4780,Technology,Copiers,"HP Ink, Laser",321.75,5,0.5,-193.04999999999998
ES-2015-CM1183034-42363,2015-12-25 00:00:00,CM-1183034,Cari MacIntyre,Corporate,Denmark,Europe,Northern Europe,OFF-AP-4737,Office Supplies,Appliances,"Hoover Refrigerator, Silver",527.01,2,0.5,-189.75
ES-2015-HM14860125-42368,2015-12-30 00:00:00,HM-14860125,Harry Marie,Corporate,Switzerland,Europe,Western Europe,OFF-AR-5902,Office Supplies,Art,"Sanford Canvas, Blue",151.56,3,0,43.92
ES-2015-MB1730545-42368,2015-12-30 00:00:00,MB-1730545,Maria Bertelson,Consumer,France,Europe,Western Europe,FUR-BO-3624,Furniture,Bookcases,"Bush Classic Bookcase, Metal",370.926,1,0.1,98.88600000000002
MX-2015-BF1127531-42348,2015-12-10 00:00:00,BF-1127531,Beth Fritzler,Corporate,Cuba,LATAM,Caribbean,FUR-CH-5450,Furniture,Chairs,"Office Star Steel Folding Chair, Adjustable",439.6,7,0,87.91999999999999
CG-2015-CC237033-42363,2015-12-25 00:00:00,CC-237033,Christopher Conant,Consumer,Democratic Republic of the Congo,Africa,Central Africa,TEC-MA-6140,Technology,Machines,"StarTech Inkjet, Durable",1200.7200000000003,4,0,132
MX-2015-AS1028518-42351,2015-12-13 00:00:00,AS-1028518,Alejandro Savely,Corporate,Brazil,LATAM,South America,TEC-CO-3679,Technology,Copiers,"Canon Copy Machine, Digital",174.17096,1,0.002,11.85096
IT-2015-JF15490124-42365,2015-12-27 00:00:00,JF-15490124,Jeremy Farry,Consumer,Sweden,Europe,Northern Europe,OFF-AP-4960,Office Supplies,Appliances,"KitchenAid Refrigerator, Black",1582.1100000000001,6,0.5,-443.07000000000016
CA-2015-BP11290140-42357,2015-12-19 00:00:00,BP-112901406,Beth Paige,Consumer,United States,USCA,Eastern US,OFF-PA-6604,Office Supplies,Paper,"Xerox Color Copier Paper, 11"" x 17"", Ream",91.36000000000001,5,0.2,29.691999999999993
ES-2015-SR2074045-42346,2015-12-08 00:00:00,SR-2074045,Steven Roelle,Home Office,France,Europe,Western Europe,TEC-PH-5357,Technology,Phones,"Nokia Speaker Phone, Cordless",214.2,2,0.15,70.55999999999999
IN-2015-DB132107-42353,2015-12-15 00:00:00,DB-132107,Dean Braden,Consumer,Australia,Asia Pacific,Oceania,FUR-FU-3942,Furniture,Furnishings,"Deflect-O Frame, Durable",481.81500000000017,5,0.1,176.56499999999994
CA-2015-BP11290140-42357,2015-12-19 00:00:00,BP-112901406,Beth Paige,Consumer,United States,USCA,Eastern US,OFF-AP-4928,Office Supplies,Appliances,Kensington 4 Outlet MasterPiece Compact Power Control Center,130.112,2,0.2,13.011199999999995
CA-2015-BP11290140-42357,2015-12-19 00:00:00,BP-112901406,Beth Paige,Consumer,United States,USCA,Eastern US,OFF-BI-4297,Office Supplies,Binders,"Fellowes Twister Kit, Gray/Clear, 3/pkg",7.236,3,0.7,-6.029999999999998
CA-2015-BP11290140-42357,2015-12-19 00:00:00,BP-112901406,Beth Paige,Consumer,United States,USCA,Eastern US,OFF-FA-4842,Office Supplies,Fasteners,Ideal Clamps,4.824,3,0.2,1.7487
IN-2015-DK12985102-42368,2015-12-30 00:00:00,DK-12985102,Darren Koutras,Consumer,Philippines,Asia Pacific,Southeastern Asia,FUR-BO-3906,Furniture,Bookcases,"Dania Stackable Bookrack, Pine",484.029,6,0.35,29.70900000000006
MX-2015-MZ1751582-42346,2015-12-08 00:00:00,MZ-1751582,Mary Zewe,Corporate,Mexico,LATAM,Central America,TEC-PH-5347,Technology,Phones,"Nokia Office Telephone, Full Size",354.24,8,0,77.92
ES-2015-CL1256548-42364,2015-12-26 00:00:00,CL-1256548,Clay Ludtke,Consumer,Germany,Europe,Western Europe,TEC-CO-3591,Technology,Copiers,"Brother Fax and Copier, Color",385.86,2,0,92.58
ES-2015-AC1045048-42364,2015-12-26 00:00:00,AC-1045048,Amy Cox,Consumer,Germany,Europe,Western Europe,TEC-AC-5137,Technology,Accessories,"Logitech Router, USB",990.1200000000001,4,0,118.80000000000001
ES-2015-AA1031545-42356,2015-12-18 00:00:00,AA-1031545,Alex Avila,Consumer,France,Europe,Western Europe,TEC-PH-5264,Technology,Phones,"Motorola Signal Booster, Full Size",368.271,3,0.15,4.311000000000007
ES-2015-JG15805139-42369,2015-12-31 00:00:00,JG-15805139,John Grady,Corporate,United Kingdom,Europe,Northern Europe,TEC-PH-5248,Technology,Phones,"Motorola Audio Dock, VoIP",867.3000000000001,5,0,251.4
US-2015-BS11380140-42341,2015-12-03 00:00:00,BS-113801404,Bill Stewart,Corporate,United States,USCA,Western US,FUR-CH-4661,Furniture,Chairs,Hon GuestStacker Chair,906.6800000000001,5,0.2,68.00100000000003
US-2015-BS11380140-42341,2015-12-03 00:00:00,BS-113801404,Bill Stewart,Corporate,United States,USCA,Western US,FUR-FU-6225,Furniture,Furnishings,"Tenex 46"" x 60"" Computer Anti-Static Chairmat, Rectangular Shaped",508.70400000000006,6,0.2,0
US-2015-BS11380140-42341,2015-12-03 00:00:00,BS-113801404,Bill Stewart,Corporate,United States,USCA,Western US,FUR-BO-4621,Furniture,Bookcases,Hon 4-Shelf Metal Bookcases,242.35200000000003,8,0.7,-363.5279999999999
US-2015-AB1025536-42364,2015-12-26 00:00:00,AB-1025536,Alejandro Ballentine,Home Office,Dominican Republic,LATAM,Caribbean,FUR-CH-5379,Furniture,Chairs,"Novimex Executive Leather Armchair, Black",732.7199999999999,3,0.2,174
US-2015-BS11380140-42341,2015-12-03 00:00:00,BS-113801404,Bill Stewart,Corporate,United States,USCA,Western US,OFF-ST-5076,Office Supplies,Storage,Letter Size Cart,114.28800000000001,1,0.2,12.857399999999984
US-2015-BS11380140-42341,2015-12-03 00:00:00,BS-113801404,Bill Stewart,Corporate,United States,USCA,Western US,TEC-PH-5163,Technology,Phones,Macally Suction Cup Mount,57.36,6,0.2,-14.34
GH-2015-SS1059049-42341,2015-12-03 00:00:00,SS-1059049,Sonia Sunley,Consumer,Ghana,Africa,Western Africa,TEC-MA-4204,Technology,Machines,"Epson Phone, Wireless",647.76,8,0,291.36
US-2015-BS11380140-42341,2015-12-03 00:00:00,BS-113801404,Bill Stewart,Corporate,United States,USCA,Western US,TEC-PH-5975,Technology,Phones,Seidio BD2-HK3IPH5-BK DILEX Case and Holster Combo for Apple iPhone 5/5s - Black,49.61600000000001,2,0.2,4.961599999999999
US-2015-BS11380140-42341,2015-12-03 00:00:00,BS-113801404,Bill Stewart,Corporate,United States,USCA,Western US,OFF-BI-3085,Office Supplies,Binders,Aluminum Screw Posts,36.624,8,0.7,-24.41599999999999
IN-2015-JD16150130-42369,2015-12-31 00:00:00,JD-16150130,Justin Deggeller,Corporate,Thailand,Asia Pacific,Southeastern Asia,FUR-CH-5397,Furniture,Chairs,"Novimex Rocking Chair, Set of Two",292.75919999999996,3,0.27,68.11920000000002
ES-2015-CS12250139-42343,2015-12-05 00:00:00,CS-12250139,Chris Selesnick,Corporate,United Kingdom,Europe,Northern Europe,OFF-ST-4259,Office Supplies,Storage,"Fellowes File Cart, Single Width",549.36,4,0,0
ES-2015-RD1948045-42369,2015-12-31 00:00:00,RD-1948045,Rick Duston,Consumer,France,Europe,Western Europe,OFF-ST-4269,Office Supplies,Storage,"Fellowes Lockers, Wire Frame",557.28,3,0.1,216.71999999999997
MX-2015-EB1397518-42369,2015-12-31 00:00:00,EB-1397518,Erica Bern,Corporate,Brazil,LATAM,South America,FUR-CH-5411,Furniture,Chairs,"Novimex Swivel Stool, Adjustable",333.9000000000001,3,0,0
ES-2015-CS1246048-42363,2015-12-25 00:00:00,CS-1246048,Chuck Sachs,Consumer,Germany,Europe,Western Europe,TEC-MA-5502,Technology,Machines,"Okidata Inkjet, White",311.25000000000006,1,0,40.44
ES-2015-PB1921045-42361,2015-12-23 00:00:00,PB-1921045,Phillip Breyer,Corporate,France,Europe,Western Europe,FUR-BO-3905,Furniture,Bookcases,"Dania Stackable Bookrack, Mobile",437.72399999999993,4,0.1,165.32399999999998
US-2015-BN11470140-42345,2015-12-07 00:00:00,BN-114701404,Brad Norvell,Corporate,United States,USCA,Western US,OFF-FA-6129,Office Supplies,Fasteners,Staples,10.68,1,0,2.8836000000000004
GG-2015-DV346547-42356,2015-12-18 00:00:00,DV-346547,Dianna Vittorini,Consumer,Georgia,Asia Pacific,Western Asia,TEC-MA-5574,Technology,Machines,"Panasonic Printer, Wireless",532.98,2,0,133.2
IT-2015-JJ1576062-42367,2015-12-29 00:00:00,JJ-1576062,Joel Jenkins,Home Office,Ireland,Europe,Northern Europe,TEC-CO-6004,Technology,Copiers,"Sharp Ink, Laser",373.23,6,0.5,-253.89000000000001
IN-2015-DK1309027-42350,2015-12-12 00:00:00,DK-1309027,Dave Kipp,Consumer,China,Asia Pacific,Eastern Asia,OFF-ST-4095,Office Supplies,Storage,"Eldon Shelving, Industrial",244.50000000000003,5,0,36.6
ID-2015-EM139607-42367,2015-12-29 00:00:00,EM-139607,Eric Murdock,Consumer,Australia,Asia Pacific,Oceania,FUR-CH-4547,Furniture,Chairs,"Harbour Creations Rocking Chair, Set of Two",1612.8719999999998,12,0.1,-143.56799999999998
MX-2015-JB1592582-42340,2015-12-02 00:00:00,JB-1592582,Joni Blumstein,Consumer,Mexico,LATAM,Central America,OFF-AP-4949,Office Supplies,Appliances,"KitchenAid Blender, Black",327.6,5,0,62.2
CA-2015-BN11515140-42360,2015-12-22 00:00:00,BN-115151404,Bradley Nguyen,Consumer,United States,USCA,Western US,OFF-AR-5294,Office Supplies,Art,Newell 317,5.88,2,0,1.7051999999999996
CA-2015-BN11515140-42360,2015-12-22 00:00:00,BN-115151404,Bradley Nguyen,Consumer,United States,USCA,Western US,OFF-AR-5305,Office Supplies,Art,Newell 327,6.63,3,0,1.7901
JO-2015-PT909067-42367,2015-12-29 00:00:00,PT-909067,Pete Takahito,Consumer,Jordan,Asia Pacific,Western Asia,OFF-AP-4737,Office Supplies,Appliances,"Hoover Refrigerator, Silver",1054.02,2,0,337.26
CA-2015-BB11545140-42341,2015-12-03 00:00:00,BB-115451404,Brenda Bowman,Corporate,United States,USCA,Western US,FUR-CH-5430,Furniture,Chairs,Office Star - Mid Back Dual function Ergonomic High Back Chair with 2-Way Adjustable Arms,1159.056,9,0.2,43.464599999999905
CA-2015-BB11545140-42341,2015-12-03 00:00:00,BB-115451404,Brenda Bowman,Corporate,United States,USCA,Western US,OFF-AR-5553,Office Supplies,Art,Panasonic KP-380BK Classic Electric Pencil Sharpener,179.89999999999998,5,0,44.97499999999999
IR-2015-JO528060-42350,2015-12-12 00:00:00,JO-528060,Jas O'Carroll,Consumer,Iran,Asia Pacific,Southern Asia,TEC-MA-4204,Technology,Machines,"Epson Phone, Wireless",647.76,8,0,291.36
ES-2015-JR15670120-42357,2015-12-19 00:00:00,JR-15670120,Jim Radford,Consumer,Spain,Europe,Southern Europe,OFF-ST-5703,Office Supplies,Storage,"Rogers Lockers, Wire Frame",758.484,4,0.1,126.32400000000001
IN-2015-KW1643527-42343,2015-12-05 00:00:00,KW-1643527,Katrina Willman,Consumer,China,Asia Pacific,Eastern Asia,FUR-BO-5940,Furniture,Bookcases,"Sauder 3-Shelf Cabinet, Metal",498.4200000000001,3,0,224.28000000000003
IN-2015-NP1870059-42340,2015-12-02 00:00:00,NP-1870059,Nora Preis,Consumer,Indonesia,Asia Pacific,Southeastern Asia,TEC-AC-3386,Technology,Accessories,"Belkin Keyboard, Programmable",226.25699999999998,5,0.47000000000000003,-47.043000000000006
CA-2015-BB11545140-42341,2015-12-03 00:00:00,BB-115451404,Brenda Bowman,Corporate,United States,USCA,Western US,TEC-PH-3122,Technology,Phones,Anker Astro 15000mAh USB Portable Charger,39.992000000000004,1,0.2,-7.998400000000007
ES-2015-SS20515120-42369,2015-12-31 00:00:00,SS-20515120,Shirley Schmidt,Home Office,Spain,Europe,Southern Europe,TEC-CO-4568,Technology,Copiers,"Hewlett Copy Machine, Color",530.2199999999999,2,0,180.24
MX-2015-DK1337582-42365,2015-12-27 00:00:00,DK-1337582,Dennis Kane,Consumer,Mexico,LATAM,Central America,OFF-AP-3566,Office Supplies,Appliances,"Breville Coffee Grinder, Black",204.3,5,0,28.6
US-2015-RA1991582-42342,2015-12-04 00:00:00,RA-1991582,Russell Applegate,Consumer,Mexico,LATAM,Central America,FUR-BO-4858,Furniture,Bookcases,"Ikea Floating Shelf Set, Pine",183.136,2,0.2,48.05600000000001
IZ-2015-JC538561-42354,2015-12-16 00:00:00,JC-538561,Jenna Caffey,Consumer,Iraq,Asia Pacific,Western Asia,FUR-CH-5454,Furniture,Chairs,"Office Star Swivel Stool, Adjustable",352.86000000000007,2,0,35.28
ES-2015-JL1513045-42340,2015-12-02 00:00:00,JL-1513045,Jack Lebron,Consumer,France,Europe,Western Europe,TEC-MA-5512,Technology,Machines,"Okidata Printer, White",453.747,2,0.15,-74.793
US-2015-TH2155055-42364,2015-12-26 00:00:00,TH-2155055,Tracy Hopkins,Home Office,Honduras,LATAM,Central America,OFF-AP-4743,Office Supplies,Appliances,"Hoover Stove, Red",909.552,4,0.4,30.271999999999842
ES-2015-SC2068045-42348,2015-12-10 00:00:00,SC-2068045,Steve Carroll,Home Office,France,Europe,Western Europe,OFF-SU-4118,Office Supplies,Supplies,"Elite Box Cutter, Serrated",252.71999999999997,8,0,50.400000000000006
IN-2015-BS1136558-42369,2015-12-31 00:00:00,BS-1136558,Bill Shonely,Corporate,India,Asia Pacific,Southern Asia,OFF-SU-4978,Office Supplies,Supplies,"Kleencut Letter Opener, Easy Grip",258.12,9,0,92.88
TZ-2015-AG525129-42341,2015-12-03 00:00:00,AG-525129,Andy Gerbode,Corporate,Tanzania,Africa,Eastern Africa,TEC-PH-3802,Technology,Phones,"Cisco Signal Booster, VoIP",273.456,2,0.1,-12.204000000000004
CA-2015-BD11635140-42360,2015-12-22 00:00:00,BD-116351408,Brian Derr,Consumer,United States,USCA,Southern US,TEC-AC-5198,Technology,Accessories,Memorex Froggy Flash Drive 8 GB,71,4,0,27.689999999999998
ES-2015-PG1889545-42367,2015-12-29 00:00:00,PG-1889545,Paul Gonzalez,Consumer,France,Europe,Western Europe,TEC-MA-4199,Technology,Machines,"Epson Inkjet, Wireless",524.178,2,0.15,-24.701999999999998
JO-2015-PT909067-42367,2015-12-29 00:00:00,PT-909067,Pete Takahito,Consumer,Jordan,Asia Pacific,Western Asia,FUR-FU-4067,Furniture,Furnishings,"Eldon Frame, Erganomic",918.96,8,0,128.64000000000001
MX-2015-SC2044039-42360,2015-12-22 00:00:00,SC-2044039,Shaun Chance,Corporate,El Salvador,LATAM,Central America,TEC-AC-4163,Technology,Accessories,"Enermax Memory Card, Bluetooth",228.77999999999997,3,0,11.4
ES-2015-BN11515139-42349,2015-12-11 00:00:00,BN-11515139,Bradley Nguyen,Consumer,United Kingdom,Europe,Northern Europe,FUR-BO-4844,Furniture,Bookcases,"Ikea 3-Shelf Cabinet, Metal",283.8,2,0,45.36
ID-2015-JW16075144-42368,2015-12-30 00:00:00,JW-16075144,Julia West,Consumer,Vietnam,Asia Pacific,Southeastern Asia,TEC-AC-5131,Technology,Accessories,"Logitech Numeric Keypad, Erganomic",327.44460000000004,14,0.47000000000000003,-92.97539999999998
MX-2015-BF1117031-42350,2015-12-12 00:00:00,BF-1117031,Ben Ferrer,Home Office,Cuba,LATAM,Caribbean,FUR-CH-5776,Furniture,Chairs,"SAFCO Executive Leather Armchair, Set of Two",309.11999999999995,1,0,27.82
IN-2015-SP2065059-42342,2015-12-04 00:00:00,SP-2065059,Stephanie Phelps,Corporate,Indonesia,Asia Pacific,Southeastern Asia,FUR-TA-5068,Furniture,Tables,"Lesro Training Table, Fully Assembled",429.72929999999997,3,0.47000000000000003,-348.6807
IN-2015-RE194057-42341,2015-12-03 00:00:00,RE-194057,Ricardo Emerson,Consumer,Australia,Asia Pacific,Oceania,FUR-CH-5449,Furniture,Chairs,"Office Star Rocking Chair, Set of Two",901.9079999999999,7,0.1,100.12799999999997
IN-2015-BE1145558-42342,2015-12-04 00:00:00,BE-1145558,Brad Eason,Home Office,India,Asia Pacific,Southern Asia,TEC-AC-5129,Technology,Accessories,"Logitech Mouse, USB",235.92000000000002,8,0,51.84
IZ-2015-JD615061-42348,2015-12-10 00:00:00,JD-615061,Justin Deggeller,Corporate,Iraq,Asia Pacific,Western Asia,FUR-CH-4702,Furniture,Chairs,"Hon Swivel Stool, Black",644.8800000000001,4,0,180.48
CA-2015-BT11680140-42349,2015-12-11 00:00:00,BT-116801408,Brian Thompson,Consumer,United States,USCA,Southern US,OFF-FA-6129,Office Supplies,Fasteners,Staples,19.104,3,0.2,5.731200000000001
ID-2015-BO114257-42364,2015-12-26 00:00:00,BO-114257,Bobby Odegard,Consumer,Australia,Asia Pacific,Oceania,TEC-CO-4573,Technology,Copiers,"Hewlett Fax and Copier, High-Speed",229.284,2,0.4,-7.656000000000006
ES-2015-CS12250139-42343,2015-12-05 00:00:00,CS-12250139,Chris Selesnick,Corporate,United Kingdom,Europe,Northern Europe,OFF-ST-5701,Office Supplies,Storage,"Rogers Lockers, Industrial",424.20000000000005,2,0,161.16
MX-2015-RB1946593-42369,2015-12-31 00:00:00,RB-1946593,Rick Bensley,Home Office,Nicaragua,LATAM,Central America,OFF-PA-3989,Office Supplies,Paper,"Eaton Cards & Envelopes, Recycled",120.24000000000001,4,0,30
CA-2015-BH11710140-42346,2015-12-08 00:00:00,BH-117101408,Brosina Hoffman,Consumer,United States,USCA,Southern US,OFF-AP-4221,Office Supplies,Appliances,"Eureka The Boss Lite 10-Amp Upright Vacuum, Blue",320.64,4,0,89.7792
CA-2015-BH11710140-42346,2015-12-08 00:00:00,BH-117101408,Brosina Hoffman,Consumer,United States,USCA,Southern US,TEC-AC-5210,Technology,Accessories,Memorex Micro Travel Drive 8 GB,52,4,0,23.4
NI-2015-PF922595-42355,2015-12-17 00:00:00,PF-922595,Phillip Flathmann,Consumer,Nigeria,Africa,Western Africa,OFF-AP-4733,Office Supplies,Appliances,"Hoover Microwave, White",184.068,2,0.7,-263.832
ID-2015-MY18295102-42369,2015-12-31 00:00:00,MY-18295102,Muhammed Yedwab,Corporate,Philippines,Asia Pacific,Southeastern Asia,TEC-CO-4570,Technology,Copiers,"Hewlett Copy Machine, Laser",684.606,4,0.35,-63.23399999999998
ID-2015-TP2156559-42355,2015-12-17 00:00:00,TP-2156559,Tracy Poddar,Corporate,Indonesia,Asia Pacific,Southeastern Asia,FUR-CH-5413,Furniture,Chairs,"Novimex Swivel Stool, Red",480.2232,4,0.27,-13.216800000000035
AJ-2015-DR28809-42365,2015-12-27 00:00:00,DR-28809,Dan Reichenbach,Corporate,Azerbaijan,Asia Pacific,Western Asia,TEC-AC-5223,Technology,Accessories,"Memorex Router, Bluetooth",984.8399999999999,4,0,374.15999999999997
IN-2015-SP2062011-42364,2015-12-26 00:00:00,SP-2062011,Stefania Perrino,Corporate,Bangladesh,Asia Pacific,Southern Asia,OFF-AR-3501,Office Supplies,Art,"Binney & Smith Sketch Pad, Fluorescent",142.74,3,0,39.96
BO-2015-EB411013-42349,2015-12-11 00:00:00,EB-411013,Eugene Barchas,Consumer,Belarus,Europe,Eastern Europe,TEC-CO-4765,Technology,Copiers,"HP Copy Machine, Color",241.89,1,0,48.36
MX-2015-MS1771018-42340,2015-12-02 00:00:00,MS-1771018,Maurice Satty,Consumer,Brazil,LATAM,South America,FUR-BO-4846,Furniture,Bookcases,"Ikea 3-Shelf Cabinet, Pine",287.58000000000004,3,0,31.620000000000005
SY-2015-BP1095126-42358,2015-12-20 00:00:00,BP-1095126,Bart Pistole,Corporate,Syria,Asia Pacific,Western Asia,TEC-CO-4592,Technology,Copiers,"Hewlett Wireless Fax, High-Speed",378.39,1,0,185.39999999999998
MX-2015-AR1057018-42367,2015-12-29 00:00:00,AR-1057018,Anemone Ratner,Consumer,Brazil,LATAM,South America,OFF-ST-6033,Office Supplies,Storage,"Smead File Cart, Single Width",429.6,5,0,163.2
CA-2015-BS11755140-42368,2015-12-30 00:00:00,BS-117551404,Bruce Stewart,Consumer,United States,USCA,Western US,FUR-FU-4515,Furniture,Furnishings,Hand-Finished Solid Wood Document Frame,68.46,2,0,20.537999999999997
CA-2015-BS11755140-42368,2015-12-30 00:00:00,BS-117551404,Bruce Stewart,Consumer,United States,USCA,Western US,OFF-FA-2910,Office Supplies,Fasteners,Acco Glide Clips,19.6,5,0,9.604
KE-2015-ES402069-42341,2015-12-03 00:00:00,ES-402069,Erica Smith,Consumer,Kenya,Africa,Eastern Africa,FUR-BO-4853,Furniture,Bookcases,"Ikea Corner Shelving, Mobile",251.16000000000003,2,0,32.64
ES-2015-CD1192045-42367,2015-12-29 00:00:00,CD-1192045,Carlos Daly,Consumer,France,Europe,Western Europe,OFF-PA-6601,Office Supplies,Paper,"Xerox Cards & Envelopes, Multicolor",324.66,7,0,32.34
US-2015-SG208905-42353,2015-12-15 00:00:00,SG-208905,Susan Gilcrest,Corporate,Argentina,LATAM,South America,FUR-CH-4544,Furniture,Chairs,"Harbour Creations Rocking Chair, Adjustable",179.496,3,0.4,-12.024000000000001
IT-2015-PF19225120-42346,2015-12-08 00:00:00,PF-19225120,Phillip Flathmann,Consumer,Spain,Europe,Southern Europe,TEC-CO-4589,Technology,Copiers,"Hewlett Personal Copier, Laser",432.80999999999995,3,0,25.92
IN-2015-ZD2192527-42351,2015-12-13 00:00:00,ZD-2192527,Zuschuss Donatelli,Consumer,China,Asia Pacific,Eastern Asia,FUR-TA-4634,Furniture,Tables,"Hon Coffee Table, Adjustable Height",445.326,2,0.3,63.605999999999966
US-2015-PG18820143-42349,2015-12-11 00:00:00,PG-18820143,Patrick Gardner,Consumer,Venezuela,LATAM,South America,TEC-MA-5545,Technology,Machines,"Panasonic Card Printer, Wireless",347.64,5,0.4,-0.05999999999999091
IR-2015-IM505560-42350,2015-12-12 00:00:00,IM-505560,Ionia McGrath,Consumer,Iran,Asia Pacific,Southern Asia,TEC-AC-5861,Technology,Accessories,"SanDisk Flash Drive, Erganomic",149.39999999999998,4,0,2.88
ES-2015-ZC21910139-42366,2015-12-28 00:00:00,ZC-21910139,Zuschuss Carroll,Consumer,United Kingdom,Europe,Northern Europe,OFF-PA-6619,Office Supplies,Paper,"Xerox Note Cards, Premium",237.32999999999998,9,0,47.25
CA-2015-CW11905140-42347,2015-12-09 00:00:00,CW-119051406,Carl Weiss,Home Office,United States,USCA,Eastern US,OFF-ST-5663,Office Supplies,Storage,"Recycled Data-Pak for Archival Bound Computer Printouts, 12-1/2 x 12-1/2 x 16",592.74,6,0,160.03979999999999
ES-2015-TH2123564-42361,2015-12-23 00:00:00,TH-2123564,Tiffany House,Corporate,Italy,Europe,Southern Europe,OFF-AR-3527,Office Supplies,Art,"Boston Canvas, Fluorescent",219.60000000000002,4,0,39.480000000000004
ES-2015-AS1022545-42357,2015-12-19 00:00:00,AS-1022545,Alan Schoenberger,Corporate,France,Europe,Western Europe,FUR-BO-4861,Furniture,Bookcases,"Ikea Library with Doors, Mobile",658.6379999999999,2,0.1,-36.642
ES-2015-LW1682514-42347,2015-12-09 00:00:00,LW-1682514,Laurel Workman,Corporate,Belgium,Europe,Western Europe,TEC-CO-3687,Technology,Copiers,"Canon Fax Machine, Digital",954.0900000000001,3,0,219.42000000000002
MX-2015-AS1028518-42342,2015-12-04 00:00:00,AS-1028518,Alejandro Savely,Corporate,Brazil,LATAM,South America,FUR-CH-5434,Furniture,Chairs,"Office Star Bag Chairs, Black",212.03999999999996,6,0,12.719999999999999
IN-2015-AC1061559-42341,2015-12-03 00:00:00,AC-1061559,Ann Chong,Corporate,Indonesia,Asia Pacific,Southeastern Asia,FUR-FU-3940,Furniture,Furnishings,"Deflect-O Frame, Black",401.64599999999996,5,0.27,54.99600000000001
ES-2015-DW1319545-42342,2015-12-04 00:00:00,DW-1319545,David Wiener,Corporate,France,Europe,Western Europe,OFF-ST-5710,Office Supplies,Storage,"Rogers Trays, Industrial",391.60799999999995,7,0.1,130.36799999999997
US-2015-CS11950140-42344,2015-12-06 00:00:00,CS-119501406,Carlos Soltero,Consumer,United States,USCA,Eastern US,FUR-FU-5165,Furniture,Furnishings,Magnifier Swing Arm Lamp,41.96,2,0,10.909600000000001
EG-2015-DM301538-42367,2015-12-29 00:00:00,DM-301538,Darrin Martin,Consumer,Egypt,Africa,North Africa,TEC-AC-5122,Technology,Accessories,"Logitech Memory Card, Erganomic",607.14,6,0,12.060000000000002
PL-2015-NR8550103-42355,2015-12-17 00:00:00,NR-8550103,Nick Radford,Consumer,Poland,Europe,Eastern Europe,FUR-BO-3642,Furniture,Bookcases,"Bush Library with Doors, Traditional",364.32,1,0,18.21
ID-2015-MC17845102-42361,2015-12-23 00:00:00,MC-17845102,Michael Chen,Consumer,Philippines,Asia Pacific,Southeastern Asia,TEC-AC-3404,Technology,Accessories,"Belkin Router, Programmable",429.4125,3,0.45,-171.7875
US-2015-CS11950140-42344,2015-12-06 00:00:00,CS-119501406,Carlos Soltero,Consumer,United States,USCA,Eastern US,OFF-LA-5978,Office Supplies,Labels,Self-Adhesive Removable Labels,9.45,3,0,4.536
ES-2015-JF1535564-42356,2015-12-18 00:00:00,JF-1535564,Jay Fein,Consumer,Italy,Europe,Southern Europe,TEC-PH-5835,Technology,Phones,"Samsung Signal Booster, Cordless",250.99200000000002,3,0.4,4.122000000000014
IN-2015-DK1309027-42350,2015-12-12 00:00:00,DK-1309027,Dave Kipp,Consumer,China,Asia Pacific,Eastern Asia,OFF-AP-3856,Office Supplies,Appliances,"Cuisinart Blender, Black",199.26,3,0,63.720000000000006
ES-2015-GH14665139-42364,2015-12-26 00:00:00,GH-14665139,Greg Hansen,Consumer,United Kingdom,Europe,Northern Europe,TEC-MA-4199,Technology,Machines,"Epson Inkjet, Wireless",277.398,1,0.1,3.078000000000003
IT-2015-GH1441045-42349,2015-12-11 00:00:00,GH-1441045,Gary Hansen,Home Office,France,Europe,Western Europe,TEC-CO-3592,Technology,Copiers,"Brother Fax and Copier, Digital",1462.1444999999999,9,0.15,-17.455499999999972
IN-2015-WB2185027-42346,2015-12-08 00:00:00,WB-2185027,William Brown,Consumer,China,Asia Pacific,Eastern Asia,TEC-PH-5335,Technology,Phones,"Nokia Audio Dock, Cordless",339.18,2,0,108.47999999999999
US-2015-JC1538536-42361,2015-12-23 00:00:00,JC-1538536,Jenna Caffey,Consumer,Dominican Republic,LATAM,Caribbean,TEC-CO-4577,Technology,Copiers,"Hewlett Fax Machine, High-Speed",846.1992000000002,5,0.202,-214.20080000000002
ES-2015-MM18055139-42354,2015-12-16 00:00:00,MM-18055139,Michelle Moray,Consumer,United Kingdom,Europe,Northern Europe,OFF-ST-6065,Office Supplies,Storage,"Smead Trays, Blue",387.84000000000003,8,0,50.400000000000006
ES-2015-SW20755139-42354,2015-12-16 00:00:00,SW-20755139,Steven Ward,Corporate,United Kingdom,Europe,Northern Europe,TEC-AC-5199,Technology,Accessories,"Memorex Keyboard, Bluetooth",214.02,3,0,29.879999999999995
MX-2015-RH1960039-42363,2015-12-25 00:00:00,RH-1960039,Rob Haberlin,Consumer,El Salvador,LATAM,Central America,TEC-AC-4180,Technology,Accessories,"Enermax Numeric Keypad, USB",147.04000000000002,4,0,26.4
MX-2015-DB1321093-42348,2015-12-10 00:00:00,DB-1321093,Dean Braden,Consumer,Nicaragua,LATAM,Central America,TEC-AC-4172,Technology,Accessories,"Enermax Mouse, Erganomic",127,5,0,55.8
ES-2015-ZD2192545-42368,2015-12-30 00:00:00,ZD-2192545,Zuschuss Donatelli,Consumer,France,Europe,Western Europe,FUR-TA-3345,Furniture,Tables,"Barricks Conference Table, Rectangular",588.0224999999999,1,0.35,-27.15749999999997
ES-2015-AS1022545-42357,2015-12-19 00:00:00,AS-1022545,Alan Schoenberger,Corporate,France,Europe,Western Europe,TEC-AC-5895,Technology,Accessories,"SanDisk Router, Erganomic",508.32,2,0,203.28000000000003
IZ-2015-CS225061-42367,2015-12-29 00:00:00,CS-225061,Chris Selesnick,Corporate,Iraq,Asia Pacific,Western Asia,FUR-CH-5396,Furniture,Chairs,"Novimex Rocking Chair, Red",525.7199999999999,4,0,94.56
IT-2015-VG2180591-42365,2015-12-27 00:00:00,VG-2180591,Vivek Grady,Corporate,Netherlands,Europe,Western Europe,OFF-ST-4269,Office Supplies,Storage,"Fellowes Lockers, Wire Frame",928.8,9,0.5,-92.88
ID-2015-TC21145102-42358,2015-12-20 00:00:00,TC-21145102,Theresa Coyne,Corporate,Philippines,Asia Pacific,Southeastern Asia,TEC-CO-4589,Technology,Copiers,"Hewlett Personal Copier, Laser",281.3265,3,0.35,-134.20349999999996
TU-2015-MS7830134-42365,2015-12-27 00:00:00,MS-7830134,Melanie Seite,Consumer,Turkey,Asia Pacific,Western Asia,FUR-BO-5763,Furniture,Bookcases,"Safco Classic Bookcase, Traditional",175.26000000000002,1,0.6,-148.98
ID-2015-CL12700102-42361,2015-12-23 00:00:00,CL-12700102,Craig Leslie,Home Office,Philippines,Asia Pacific,Southeastern Asia,TEC-AC-4164,Technology,Accessories,"Enermax Memory Card, Erganomic",555.39,9,0.45,-30.509999999999934
ID-2015-RP1939092-42354,2015-12-16 00:00:00,RP-1939092,Resi Pölking,Consumer,New Zealand,Asia Pacific,Oceania,FUR-BO-4848,Furniture,Bookcases,"Ikea Classic Bookcase, Metal",493.45199999999994,2,0.4,-205.60800000000003
IN-2015-KH1633027-42353,2015-12-15 00:00:00,KH-1633027,Katharine Harms,Corporate,China,Asia Pacific,Eastern Asia,FUR-BO-3901,Furniture,Bookcases,"Dania Library with Doors, Metal",361.86,1,0,10.83
ID-2015-KB16405102-42339,2015-12-01 00:00:00,KB-16405102,Katrina Bavinger,Home Office,Philippines,Asia Pacific,Southeastern Asia,TEC-CO-3604,Technology,Copiers,"Brother Personal Copier, Color",562.8870000000001,6,0.35,129.80700000000002
ID-2015-MZ1733559-42348,2015-12-10 00:00:00,MZ-1733559,Maria Zettner,Home Office,Indonesia,Asia Pacific,Southeastern Asia,FUR-CH-4561,Furniture,Chairs,"Harbour Creations Swivel Stool, Adjustable",399.9159000000001,3,0.27,-115.06410000000002
EZ-2015-ME732032-42349,2015-12-11 00:00:00,ME-732032,Maria Etezadi,Home Office,Czech Republic,Europe,Eastern Europe,OFF-ST-6282,Office Supplies,Storage,"Tenex Trays, Industrial",437.5199999999999,8,0,43.68
ES-2015-NF1847548-42363,2015-12-25 00:00:00,NF-1847548,Neil Französisch,Home Office,Germany,Europe,Western Europe,TEC-CO-4777,Technology,Copiers,"HP Ink, Color",585.6300000000001,5,0.1,103.97999999999999
ES-2015-MS17830120-42346,2015-12-08 00:00:00,MS-17830120,Melanie Seite,Consumer,Spain,Europe,Southern Europe,TEC-CO-6003,Technology,Copiers,"Sharp Ink, High-Speed",245.21999999999997,2,0,19.56
CA-2015-CM12115140-42361,2015-12-23 00:00:00,CM-121151404,Chad McGuire,Consumer,United States,USCA,Western US,TEC-AC-4935,Technology,Accessories,Kensington Expert Mouse Optical USB Trackball for PC or Mac,474.95,5,0,142.48499999999993
MO-2015-MO780086-42339,2015-12-01 00:00:00,MO-780086,Meg O'Connel,Home Office,Morocco,Africa,North Africa,TEC-PH-3134,Technology,Phones,"Apple Headset, VoIP",440.09999999999997,6,0,61.56
ES-2015-SV20935139-42369,2015-12-31 00:00:00,SV-20935139,Susan Vittorini,Consumer,United Kingdom,Europe,Northern Europe,OFF-ST-4284,Office Supplies,Storage,"Fellowes Shelving, Single Width",289.34999999999997,5,0,75.14999999999999
ES-2015-FH1436548-42357,2015-12-19 00:00:00,FH-1436548,Fred Hopkins,Corporate,Germany,Europe,Western Europe,FUR-CH-5794,Furniture,Chairs,"SAFCO Rocking Chair, Black",119.23200000000001,1,0.1,1.301999999999996
ES-2015-MK17905139-42348,2015-12-10 00:00:00,MK-17905139,Michael Kennedy,Corporate,United Kingdom,Europe,Northern Europe,TEC-MA-4207,Technology,Machines,"Epson Printer, White",261.03000000000003,1,0,10.44
ES-2015-DJ1342048-42347,2015-12-09 00:00:00,DJ-1342048,Denny Joy,Corporate,Germany,Europe,Western Europe,OFF-AR-5931,Office Supplies,Art,"Sanford Sketch Pad, Easy-Erase",228.75,5,0,105.15
ES-2015-AT1073545-42367,2015-12-29 00:00:00,AT-1073545,Annie Thurman,Consumer,France,Europe,Western Europe,OFF-ST-4257,Office Supplies,Storage,"Fellowes File Cart, Blue",247.15800000000002,2,0.1,82.33800000000001
ES-2015-PG1889545-42346,2015-12-08 00:00:00,PG-1889545,Paul Gonzalez,Consumer,France,Europe,Western Europe,OFF-PA-3987,Office Supplies,Paper,"Eaton Cards & Envelopes, Multicolor",232.95000000000002,5,0,111.75
ES-2015-CL1256548-42364,2015-12-26 00:00:00,CL-1256548,Clay Ludtke,Consumer,Germany,Europe,Western Europe,FUR-FU-4041,Furniture,Furnishings,"Eldon Door Stop, Duo Pack",251.10000000000002,5,0,77.69999999999999
CA-2015-CM12160140-42343,2015-12-05 00:00:00,CM-121601406,Charles McCrossin,Consumer,United States,USCA,Eastern US,OFF-BI-6209,Office Supplies,Binders,Storex Dura Pro Binders,5.346000000000002,3,0.7,-4.455
MX-2015-CT1199528-42341,2015-12-03 00:00:00,CT-1199528,Carol Triggs,Consumer,Colombia,LATAM,South America,FUR-BO-4865,Furniture,Bookcases,"Ikea Stackable Bookrack, Mobile",250.2,3,0,80.04
CA-2015-CM12190140-42361,2015-12-23 00:00:00,CM-121901402,Charlotte Melton,Consumer,United States,USCA,Central US,FUR-TA-5421,Furniture,Tables,"Office Impressions End Table, 20-1/2""H x 24""W x 20""D",607.52,2,0,97.20320000000004
CA-2015-CM12190140-42361,2015-12-23 00:00:00,CM-121901402,Charlotte Melton,Consumer,United States,USCA,Central US,OFF-ST-5594,Office Supplies,Storage,Personal File Boxes with Fold-Down Carry Handle,31.16,2,0,7.789999999999999
MX-2015-MS1771018-42340,2015-12-02 00:00:00,MS-1771018,Maurice Satty,Consumer,Brazil,LATAM,South America,FUR-CH-5793,Furniture,Chairs,"SAFCO Rocking Chair, Adjustable",274.80000000000007,3,0,112.61999999999998
MX-2015-MG1820582-42353,2015-12-15 00:00:00,MG-1820582,Mitch Gastineau,Corporate,Mexico,LATAM,Central America,TEC-PH-3133,Technology,Phones,"Apple Headset, Full Size",248.49999999999994,5,0,111.8
IN-2015-JF1556566-42364,2015-12-26 00:00:00,JF-1556566,Jill Fjeld,Consumer,Japan,Asia Pacific,Eastern Asia,TEC-PH-3787,Technology,Phones,"Cisco Audio Dock, with Caller ID",910.3499999999999,5,0,391.34999999999997
IN-2015-RB1936092-42349,2015-12-11 00:00:00,RB-1936092,Raymond Buch,Consumer,New Zealand,Asia Pacific,Oceania,TEC-AC-3391,Technology,Accessories,"Belkin Memory Card, USB",230.03999999999996,2,0,6.8999999999999995
ID-2015-GM14680102-42368,2015-12-30 00:00:00,GM-14680102,Greg Matthias,Consumer,Philippines,Asia Pacific,Southeastern Asia,TEC-CO-4771,Technology,Copiers,"HP Fax and Copier, High-Speed",333.6255,3,0.35,-56.52449999999996
RS-2015-NH8610108-42364,2015-12-26 00:00:00,NH-8610108,Nicole Hansen,Corporate,Russia,Europe,Eastern Europe,TEC-CO-4576,Technology,Copiers,"Hewlett Fax Machine, Digital",319.56,1,0,146.97
IN-2015-NH1861059-42349,2015-12-11 00:00:00,NH-1861059,Nicole Hansen,Corporate,Indonesia,Asia Pacific,Southeastern Asia,TEC-MA-5513,Technology,Machines,"Okidata Printer, Wireless",445.7100000000001,2,0.17,-69.81000000000002
IN-2015-EM1406558-42353,2015-12-15 00:00:00,EM-1406558,Erin Mull,Consumer,India,Asia Pacific,Southern Asia,OFF-SU-4133,Office Supplies,Supplies,"Elite Shears, Serrated",393.39,9,0,145.52999999999997
ES-2015-RA1994545-42346,2015-12-08 00:00:00,RA-1994545,Ryan Akin,Consumer,France,Europe,Western Europe,FUR-FU-3024,Furniture,Furnishings,"Advantus Clock, Duo Pack",257.25,5,0,30.749999999999996
CA-2015-CC12220140-42349,2015-12-11 00:00:00,CC-122201406,Chris Cortes,Consumer,United States,USCA,Eastern US,OFF-AP-6318,Office Supplies,Appliances,Tripp Lite Isotel 6 Outlet Surge Protector with Fax/Modem Protection,426.78999999999996,7,0,123.76909999999995
IZ-2015-LC714061-42353,2015-12-15 00:00:00,LC-714061,Logan Currie,Consumer,Iraq,Asia Pacific,Western Asia,OFF-ST-4056,Office Supplies,Storage,"Eldon File Cart, Industrial",255.78000000000003,2,0,30.660000000000004
ID-2015-KB1631559-42367,2015-12-29 00:00:00,KB-1631559,Karl Braun,Consumer,Indonesia,Asia Pacific,Southeastern Asia,TEC-CO-5993,Technology,Copiers,"Sharp Fax and Copier, Color",474.4115999999999,3,0.07,15.231599999999993
SF-2015-BS1800117-42358,2015-12-20 00:00:00,BS-1800117,Bryan Spruell,Home Office,South Africa,Africa,Southern Africa,OFF-PA-5885,Office Supplies,Paper,"SanDisk Note Cards, Multicolor",203.76,6,0,85.5
MX-2015-RB1957031-42349,2015-12-11 00:00:00,RB-1957031,Rob Beeghly,Consumer,Cuba,LATAM,Caribbean,FUR-FU-3935,Furniture,Furnishings,"Deflect-O Door Stop, Erganomic",255.42000000000002,9,0,40.86
ID-2015-JO1528059-42355,2015-12-17 00:00:00,JO-1528059,Jas O'Carroll,Consumer,Indonesia,Asia Pacific,Southeastern Asia,OFF-EN-5035,Office Supplies,Envelopes,"Kraft Mailers, Set of 50",139.68150000000003,7,0.47000000000000003,-81.86850000000001
CA-2015-CC12220140-42349,2015-12-11 00:00:00,CC-122201406,Chris Cortes,Consumer,United States,USCA,Eastern US,OFF-EN-3850,Office Supplies,Envelopes,Convenience Packs of Business Envelopes,10.86,3,0,5.1042000000000005
ID-2015-SZ200357-42356,2015-12-18 00:00:00,SZ-200357,Sam Zeldin,Home Office,Australia,Asia Pacific,Oceania,FUR-CH-5396,Furniture,Chairs,"Novimex Rocking Chair, Red",354.86099999999993,3,0.1,-7.928999999999995
ES-2015-DB1327048-42360,2015-12-22 00:00:00,DB-1327048,Deborah Brumfield,Home Office,Germany,Europe,Western Europe,TEC-AC-5873,Technology,Accessories,"SanDisk Memory Card, Erganomic",661.3199999999999,6,0,118.98000000000002
ID-2015-KC166757-42367,2015-12-29 00:00:00,KC-166757,Kimberly Carter,Corporate,Australia,Asia Pacific,Oceania,FUR-CH-5396,Furniture,Chairs,"Novimex Rocking Chair, Red",354.86099999999993,3,0.1,-7.928999999999995
SF-2015-MV8190117-42362,2015-12-24 00:00:00,MV-8190117,Mike Vittorini,Consumer,South Africa,Africa,Southern Africa,TEC-CO-6001,Technology,Copiers,"Sharp Ink, Color",251.70000000000002,2,0,118.26
IN-2015-JB1592527-42360,2015-12-22 00:00:00,JB-1592527,Joni Blumstein,Consumer,China,Asia Pacific,Eastern Asia,TEC-MA-4201,Technology,Machines,"Epson Phone, Durable",243.26999999999998,3,0,121.59
US-2015-MG1787598-42364,2015-12-26 00:00:00,MG-1787598,Michael Grace,Home Office,Panama,LATAM,Central America,TEC-AC-3403,Technology,Accessories,"Belkin Router, Erganomic",513.1200000000001,5,0.4,-342.0800000000001
ES-2015-AB1016545-42351,2015-12-13 00:00:00,AB-1016545,Alan Barnes,Consumer,France,Europe,Western Europe,TEC-PH-5824,Technology,Phones,"Samsung Headset, Cordless",323.2125,5,0.15,121.61250000000004
IN-2015-BO1142527-42342,2015-12-04 00:00:00,BO-1142527,Bobby Odegard,Consumer,China,Asia Pacific,Eastern Asia,OFF-PA-6603,Office Supplies,Paper,"Xerox Cards & Envelopes, Recycled",359.04,8,0,107.52000000000001
ID-2015-EJ1415559-42342,2015-12-04 00:00:00,EJ-1415559,Eva Jacobs,Consumer,Indonesia,Asia Pacific,Southeastern Asia,FUR-CH-5449,Furniture,Chairs,"Office Star Rocking Chair, Set of Two",209.0136,2,0.27,-20.0664
MX-2015-GP1474031-42356,2015-12-18 00:00:00,GP-1474031,Guy Phonely,Corporate,Cuba,LATAM,Caribbean,OFF-EN-3667,Office Supplies,Envelopes,"Cameo Mailers, Set of 50",152.64000000000001,6,0,35.04
MX-2015-AG1076582-42341,2015-12-03 00:00:00,AG-1076582,Anthony Garverick,Home Office,Mexico,LATAM,Central America,TEC-MA-5516,Technology,Machines,"Okidata Receipt Printer, White",242.63999999999996,3,0,67.92
CA-2015-CS12250140-42343,2015-12-05 00:00:00,CS-122501404,Chris Selesnick,Corporate,United States,USCA,Western US,OFF-PA-3011,Office Supplies,Paper,"Adams Telephone Message Book W/Dividers/Space For Phone Numbers, 5 1/4""X8 1/2"", 300/Messages",11.76,2,0,5.7623999999999995
US-2015-JS1559536-42364,2015-12-26 00:00:00,JS-1559536,Jill Stevenson,Corporate,Dominican Republic,LATAM,Caribbean,TEC-PH-5271,Technology,Phones,"Motorola Speaker Phone, Full Size",349.52,5,0.2,-78.67999999999999
ID-2015-GM14680102-42368,2015-12-30 00:00:00,GM-14680102,Greg Matthias,Consumer,Philippines,Asia Pacific,Southeastern Asia,FUR-CH-5808,Furniture,Chairs,"SAFCO Swivel Stool, Set of Two",255.285,2,0.25,-47.655
QA-2015-LM7065105-42362,2015-12-24 00:00:00,LM-7065105,Liz MacKendrick,Consumer,Qatar,Asia Pacific,Western Asia,OFF-SU-2977,Office Supplies,Supplies,"Acme Letter Opener, Easy Grip",190.98,6,0,53.46
ID-2015-SV1093559-42358,2015-12-20 00:00:00,SV-1093559,Susan Vittorini,Consumer,Indonesia,Asia Pacific,Southeastern Asia,FUR-BO-5785,Furniture,Bookcases,"Safco Library with Doors, Metal",311.40000000000003,3,0.2,-31.140000000000008
MX-2015-BS1136582-42344,2015-12-06 00:00:00,BS-1136582,Bill Shonely,Corporate,Mexico,LATAM,Central America,FUR-BO-3901,Furniture,Bookcases,"Dania Library with Doors, Metal",385.98400000000004,2,0.2,33.74400000000001
IS-2015-MO780063-42355,2015-12-17 00:00:00,MO-780063,Meg O'Connel,Home Office,Israel,Asia Pacific,Western Asia,FUR-CH-4681,Furniture,Chairs,"Hon Rocking Chair, Adjustable",133.11,1,0,63.87
MX-2015-BS1136531-42342,2015-12-04 00:00:00,BS-1136531,Bill Shonely,Corporate,Cuba,LATAM,Caribbean,TEC-CO-4574,Technology,Copiers,"Hewlett Fax and Copier, Laser",256.64568,2,0.002,45.76568
MX-2015-HA1492051-42339,2015-12-01 00:00:00,HA-1492051,Helen Andreada,Consumer,Guatemala,LATAM,Central America,OFF-EN-4444,Office Supplies,Envelopes,"GlobeWeis Mailers, Security-Tint",245.69999999999996,9,0,98.28
IN-2015-TN2104092-42347,2015-12-09 00:00:00,TN-2104092,Tanja Norvell,Home Office,New Zealand,Asia Pacific,Oceania,TEC-PH-5265,Technology,Phones,"Motorola Signal Booster, VoIP",286.44,2,0,137.46
IN-2015-DK130907-42361,2015-12-23 00:00:00,DK-130907,Dave Kipp,Consumer,Australia,Asia Pacific,Oceania,FUR-BO-4863,Furniture,Bookcases,"Ikea Library with Doors, Traditional",363.39,1,0,10.89
CA-2015-CA12310140-42356,2015-12-18 00:00:00,CA-123101404,Christine Abelman,Corporate,United States,USCA,Western US,OFF-ST-4839,Office Supplies,Storage,Iceberg Mobile Mega Data/Printer Cart ,481.32,4,0,125.14319999999998
US-2015-CA12310140-42348,2015-12-10 00:00:00,CA-123101406,Christine Abelman,Corporate,United States,USCA,Eastern US,OFF-EN-5668,Office Supplies,Envelopes,"Recycled Interoffice Envelopes with String and Button Closure, 10 x 13",57.576,3,0.2,21.591
IT-2015-EB1387064-42352,2015-12-14 00:00:00,EB-1387064,Emily Burns,Consumer,Italy,Europe,Southern Europe,FUR-BO-3895,Furniture,Bookcases,"Dania Corner Shelving, Pine",493.68,4,0,54.239999999999995
IT-2015-DK1322564-42343,2015-12-05 00:00:00,DK-1322564,Dean Katz,Corporate,Italy,Europe,Southern Europe,OFF-ST-4260,Office Supplies,Storage,"Fellowes File Cart, Wire Frame",245.48400000000004,3,0.4,-77.79600000000005
US-2015-CA12310140-42348,2015-12-10 00:00:00,CA-123101406,Christine Abelman,Corporate,United States,USCA,Eastern US,OFF-ST-5764,Office Supplies,Storage,Safco Commercial Shelving,37.208,1,0.2,-7.441600000000001
CA-2015-CA12310140-42356,2015-12-18 00:00:00,CA-123101404,Christine Abelman,Corporate,United States,USCA,Western US,OFF-SU-4324,Office Supplies,Supplies,Fiskars Spring-Action Scissors,13.98,1,0,3.6348000000000003
ID-2015-JW16075144-42368,2015-12-30 00:00:00,JW-16075144,Julia West,Consumer,Vietnam,Asia Pacific,Southeastern Asia,OFF-EN-3663,Office Supplies,Envelopes,"Cameo Interoffice Envelope, Set of 50",118.1007,3,0.17,41.24069999999999
TU-2015-MS7830134-42365,2015-12-27 00:00:00,MS-7830134,Melanie Seite,Consumer,Turkey,Asia Pacific,Western Asia,FUR-TA-3337,Furniture,Tables,"Barricks Coffee Table, Fully Assembled",121.18799999999999,1,0.6,-136.36199999999997
ID-2015-EJ1415559-42342,2015-12-04 00:00:00,EJ-1415559,Eva Jacobs,Consumer,Indonesia,Asia Pacific,Southeastern Asia,TEC-MA-4199,Technology,Machines,"Epson Inkjet, Wireless",1790.7582000000002,7,0.17,560.7881999999998
ES-2015-AB1016545-42356,2015-12-18 00:00:00,AB-1016545,Alan Barnes,Consumer,France,Europe,Western Europe,OFF-EN-3103,Office Supplies,Envelopes,"Ames Mailers, with clear poly window",118.17,3,0,57.87
CA-2015-CS12355140-42363,2015-12-25 00:00:00,CS-123551408,Christine Sundaresam,Consumer,United States,USCA,Southern US,TEC-MA-3985,Technology,Machines,DYMO CardScan Personal V9 Business Card Scanner,479.97,3,0,239.985
ID-2015-KB1631559-42367,2015-12-29 00:00:00,KB-1631559,Karl Braun,Consumer,Indonesia,Asia Pacific,Southeastern Asia,TEC-CO-4784,Technology,Copiers,"HP Personal Copier, Color",584.6445000000001,5,0.07,194.79449999999997
IN-2015-CC1267058-42342,2015-12-04 00:00:00,CC-1267058,Craig Carreira,Consumer,India,Asia Pacific,Southern Asia,TEC-MA-5008,Technology,Machines,"Konica Inkjet, Wireless",940.3199999999999,3,0,141.03
CA-2015-CS12355140-42363,2015-12-25 00:00:00,CS-123551408,Christine Sundaresam,Consumer,United States,USCA,Southern US,FUR-CH-4840,Furniture,Chairs,"Iceberg Nesting Folding Chair, 19w x 6d x 43h",232.88,4,0,60.5488
GH-2015-SS1059049-42341,2015-12-03 00:00:00,SS-1059049,Sonia Sunley,Consumer,Ghana,Africa,Western Africa,TEC-PH-3785,Technology,Phones,"Cisco Audio Dock, Full Size",183.35999999999999,1,0,27.48
IN-2015-MJ177407-42348,2015-12-10 00:00:00,MJ-177407,Max Jones,Consumer,Australia,Asia Pacific,Oceania,OFF-ST-4285,Office Supplies,Storage,"Fellowes Shelving, Wire Frame",153.657,3,0.1,63.117
ID-2015-DM130157-42364,2015-12-26 00:00:00,DM-130157,Darrin Martin,Consumer,Australia,Asia Pacific,Oceania,OFF-AR-3460,Office Supplies,Art,"BIC Pencil Sharpener, Blue",243.68399999999997,14,0.4,-89.37599999999999
HU-2015-FM429057-42367,2015-12-29 00:00:00,FM-429057,Frank Merwin,Home Office,Hungary,Europe,Eastern Europe,FUR-BO-5761,Furniture,Bookcases,"Safco Classic Bookcase, Mobile",440.66999999999996,1,0,167.43
ES-2015-PG1889545-42346,2015-12-08 00:00:00,PG-1889545,Paul Gonzalez,Consumer,France,Europe,Western Europe,TEC-AC-5865,Technology,Accessories,"SanDisk Keyboard, Erganomic",237.87,3,0,30.870000000000005
ES-2015-SC2068045-42348,2015-12-10 00:00:00,SC-2068045,Steve Carroll,Home Office,France,Europe,Western Europe,OFF-LA-4528,Office Supplies,Labels,"Harbour Creations Color Coded Labels, Alphabetical",89.04,7,0,44.52
ES-2015-BE1145545-42366,2015-12-28 00:00:00,BE-1145545,Brad Eason,Home Office,France,Europe,Western Europe,OFF-AP-4721,Office Supplies,Appliances,"Hoover Blender, White",440.64,5,0.1,-44.16000000000001
CA-2015-CS12400140-42367,2015-12-29 00:00:00,CS-124001402,Christopher Schild,Home Office,United States,USCA,Central US,OFF-BI-6401,Office Supplies,Binders,Wilson Jones Impact Binders,25.9,5,0,12.690999999999999
TU-2015-AD180134-42364,2015-12-26 00:00:00,AD-180134,Alan Dominguez,Home Office,Turkey,Asia Pacific,Western Asia,TEC-MA-5003,Technology,Machines,"Konica Card Printer, Red",275.71200000000005,4,0.6,-255.04800000000003
CA-2015-CS12400140-42367,2015-12-29 00:00:00,CS-124001402,Christopher Schild,Home Office,United States,USCA,Central US,OFF-FA-6129,Office Supplies,Fasteners,Staples,2.48,1,0,0.8679999999999999
US-2015-CS123555-42340,2015-12-02 00:00:00,CS-123555,Christine Sundaresam,Consumer,Argentina,LATAM,South America,TEC-PH-3802,Technology,Phones,"Cisco Signal Booster, VoIP",182.304,3,0.4,-82.05600000000001
RS-2015-DP3000108-42355,2015-12-17 00:00:00,DP-3000108,Darren Powers,Consumer,Russia,Europe,Eastern Europe,FUR-FU-3035,Furniture,Furnishings,"Advantus Frame, Erganomic",219.48,2,0,70.19999999999999
ES-2015-RD19585120-42344,2015-12-06 00:00:00,RD-19585120,Rob Dowd,Consumer,Spain,Europe,Southern Europe,OFF-EN-5030,Office Supplies,Envelopes,"Kraft Interoffice Envelope, Security-Tint",197.28000000000003,4,0,19.68
CA-2015-CB12415140-42343,2015-12-05 00:00:00,CB-124151402,Christy Brittain,Consumer,United States,USCA,Central US,OFF-ST-3058,Office Supplies,Storage,Advantus Rolling Drawer Organizers,61.568,2,0.2,4.6175999999999995
ID-2015-CG125207-42341,2015-12-03 00:00:00,CG-125207,Claire Gute,Consumer,Australia,Asia Pacific,Oceania,OFF-AP-3585,Office Supplies,Appliances,"Breville Toaster, White",202.09500000000003,3,0.1,89.775
CA-2015-CC12430140-42369,2015-12-31 00:00:00,CC-124301402,Chuck Clark,Home Office,United States,USCA,Central US,OFF-AP-4222,Office Supplies,Appliances,"Eureka The Boss Plus 12-Amp Hard Box Upright Vacuum, Red",209.3,2,0,56.510999999999996
GH-2015-DV346549-42343,2015-12-05 00:00:00,DV-346549,Dianna Vittorini,Consumer,Ghana,Africa,Western Africa,OFF-AR-6105,Office Supplies,Art,"Stanley Canvas, Blue",98.94,2,0,15.78
IN-2015-PS1876058-42340,2015-12-02 00:00:00,PS-1876058,Pamela Stobb,Consumer,India,Asia Pacific,Southern Asia,OFF-SU-6179,Office Supplies,Supplies,"Stiletto Shears, Steel",284.94000000000005,6,0,28.44
ID-2015-LS1720059-42354,2015-12-16 00:00:00,LS-1720059,Luke Schmidt,Corporate,Indonesia,Asia Pacific,Southeastern Asia,FUR-CH-4546,Furniture,Chairs,"Harbour Creations Rocking Chair, Red",322.1270999999999,3,0.27,-4.482899999999987
US-2015-AB1025536-42364,2015-12-26 00:00:00,AB-1025536,Alejandro Ballentine,Home Office,Dominican Republic,LATAM,Caribbean,TEC-AC-5225,Technology,Accessories,"Memorex Router, Programmable",396.33600000000007,3,0.2,-0.02400000000000091
MX-2015-TS2116051-42361,2015-12-23 00:00:00,TS-2116051,Theresa Swint,Corporate,Guatemala,LATAM,Central America,FUR-CH-5440,Furniture,Chairs,"Office Star Chairmat, Set of Two",317.65999999999997,7,0,133.27999999999997
IN-2015-NP1870059-42340,2015-12-02 00:00:00,NP-1870059,Nora Preis,Consumer,Indonesia,Asia Pacific,Southeastern Asia,TEC-AC-5133,Technology,Accessories,"Logitech Numeric Keypad, USB",147.96540000000002,6,0.47000000000000003,8.285399999999981
ES-2015-PW19030120-42362,2015-12-24 00:00:00,PW-19030120,Pauline Webber,Corporate,Spain,Europe,Southern Europe,OFF-AP-3582,Office Supplies,Appliances,"Breville Toaster, Black",152.28000000000003,2,0,44.160000000000004
CA-2015-CS12460140-42342,2015-12-04 00:00:00,CS-124601406,Chuck Sachs,Consumer,United States,USCA,Eastern US,OFF-BI-4355,Office Supplies,Binders,GBC Premium Transparent Covers with Diagonal Lined Pattern,83.92000000000002,5,0.2,29.371999999999993
IN-2015-CV1280558-42365,2015-12-27 00:00:00,CV-1280558,Cynthia Voltz,Corporate,India,Asia Pacific,Southern Asia,OFF-PA-6602,Office Supplies,Paper,"Xerox Cards & Envelopes, Premium",179.88,4,0,84.48
CA-2015-CS12460140-42342,2015-12-04 00:00:00,CS-124601406,Chuck Sachs,Consumer,United States,USCA,Eastern US,TEC-PH-3161,Technology,Phones,AT&T 1080 Corded phone,136.99,1,0,36.987300000000005
CA-2015-CS12460140-42342,2015-12-04 00:00:00,CS-124601406,Chuck Sachs,Consumer,United States,USCA,Eastern US,OFF-BI-6094,Office Supplies,Binders,SpineVue Locking Slant-D Ring Binders by Cardinal,14.624000000000002,2,0.2,5.118399999999999
CA-2015-CS12460140-42342,2015-12-04 00:00:00,CS-124601406,Chuck Sachs,Consumer,United States,USCA,Eastern US,OFF-LA-3243,Office Supplies,Labels,Avery 520,3.15,1,0,1.512
ES-2015-JR1570045-42362,2015-12-24 00:00:00,JR-1570045,Jocasta Rupert,Consumer,France,Europe,Western Europe,OFF-BI-3726,Office Supplies,Binders,"Cardinal Binding Machine, Economy",149.31000000000003,3,0,41.75999999999999
ES-2015-AT1073545-42367,2015-12-29 00:00:00,AT-1073545,Annie Thurman,Consumer,France,Europe,Western Europe,OFF-AR-3450,Office Supplies,Art,"BIC Canvas, Water Color",113.76,2,0,1.08
ES-2015-NC1834045-42364,2015-12-26 00:00:00,NC-1834045,Nat Carroll,Consumer,France,Europe,Western Europe,TEC-MA-4195,Technology,Machines,"Epson Card Printer, White",429.318,3,0.15,60.58800000000002
MX-2015-LL1684031-42343,2015-12-05 00:00:00,LL-1684031,Lauren Leatherbury,Consumer,Cuba,LATAM,Caribbean,OFF-BI-3256,Office Supplies,Binders,"Avery Binding Machine, Durable",167.8,5,0,23.399999999999995
ES-2015-HM1486045-42348,2015-12-10 00:00:00,HM-1486045,Harry Marie,Corporate,France,Europe,Western Europe,TEC-MA-4194,Technology,Machines,"Epson Card Printer, Red",284.07000000000005,2,0.15,100.22999999999999
IT-2015-SC20230124-42353,2015-12-15 00:00:00,SC-20230124,Scot Coram,Corporate,Sweden,Europe,Northern Europe,OFF-BI-3255,Office Supplies,Binders,"Avery Binding Machine, Clear",313.95000000000005,13,0.5,-238.68000000000006
AJ-2015-DJ34209-42368,2015-12-30 00:00:00,DJ-34209,Denny Joy,Corporate,Azerbaijan,Asia Pacific,Western Asia,OFF-SU-6182,Office Supplies,Supplies,"Stiletto Trimmer, Serrated",157.8,4,0,9.36
ID-2015-RM193757-42351,2015-12-13 00:00:00,RM-193757,Raymond Messe,Consumer,Australia,Asia Pacific,Oceania,OFF-PA-5853,Office Supplies,Paper,"SanDisk Computer Printout Paper, Premium",107.244,4,0.1,-2.436
NI-2015-JK609095-42357,2015-12-19 00:00:00,JK-609095,Juliana Krohn,Consumer,Nigeria,Africa,Western Africa,OFF-AP-3571,Office Supplies,Appliances,"Breville Microwave, Red",724.104,8,0.7,-1472.3759999999997
ES-2015-MG1789045-42364,2015-12-26 00:00:00,MG-1789045,Michael Granlund,Home Office,France,Europe,Western Europe,FUR-FU-4065,Furniture,Furnishings,"Eldon Frame, Duo Pack",232.62,2,0,104.64000000000001
CA-2015-CC12550140-42340,2015-12-02 00:00:00,CC-125501404,Clay Cheatham,Consumer,United States,USCA,Western US,OFF-PA-6456,Office Supplies,Paper,Xerox 1905,45.36,7,0,21.772800000000004
CA-2015-CC12550140-42340,2015-12-02 00:00:00,CC-125501404,Clay Cheatham,Consumer,United States,USCA,Western US,OFF-BI-3732,Office Supplies,Binders,"Cardinal HOLDit! Binder Insert Strips,Extra Strips",10.128,2,0.2,3.6714
CA-2015-CC12550140-42342,2015-12-04 00:00:00,CC-125501402,Clay Cheatham,Consumer,United States,USCA,Central US,OFF-PA-6557,Office Supplies,Paper,Xerox 1998,10.368000000000002,2,0.2,3.6288
IZ-2015-GH442561-42348,2015-12-10 00:00:00,GH-442561,Gary Hwang,Consumer,Iraq,Asia Pacific,Western Asia,TEC-PH-5357,Technology,Phones,"Nokia Speaker Phone, Cordless",126,1,0,54.17999999999999
IN-2015-PN1877558-42354,2015-12-16 00:00:00,PN-1877558,Parhena Norris,Home Office,India,Asia Pacific,Southern Asia,FUR-CH-4700,Furniture,Chairs,"Hon Steel Folding Chair, Set of Two",418.35,5,0,204.90000000000003
ES-2015-BG1174045-42363,2015-12-25 00:00:00,BG-1174045,Bruce Geld,Consumer,France,Europe,Western Europe,TEC-AC-4157,Technology,Accessories,"Enermax Keyboard, Programmable",169.92000000000002,2,0,73.02
SF-2015-DN3690117-42357,2015-12-19 00:00:00,DN-3690117,Duane Noonan,Consumer,South Africa,Africa,Southern Africa,OFF-FA-6186,Office Supplies,Fasteners,"Stockwell Clamps, Bulk Pack",76.92,4,0,16.919999999999998
EG-2015-GM444038-42368,2015-12-30 00:00:00,GM-444038,Gary McGarr,Consumer,Egypt,Africa,North Africa,OFF-ST-4282,Office Supplies,Storage,"Fellowes Shelving, Blue",115.67999999999998,2,0,42.78
MX-2015-PK1907528-42361,2015-12-23 00:00:00,PK-1907528,Pete Kriz,Consumer,Colombia,LATAM,South America,TEC-CO-3608,Technology,Copiers,"Brother Wireless Fax, Color",505.986,2,0.002,29.386000000000003
MX-2015-RB1946551-42341,2015-12-03 00:00:00,RB-1946551,Rick Bensley,Home Office,Guatemala,LATAM,Central America,OFF-LA-3262,Office Supplies,Labels,"Avery Color Coded Labels, Alphabetical",78.66,9,0,9.360000000000001
IT-2015-MK18160124-42347,2015-12-09 00:00:00,MK-18160124,Mike Kennedy,Consumer,Sweden,Europe,Northern Europe,FUR-CH-4544,Furniture,Chairs,"Harbour Creations Rocking Chair, Adjustable",224.36999999999998,3,0.5,-80.82
MX-2015-MP1796582-42342,2015-12-04 00:00:00,MP-1796582,Michael Paige,Corporate,Mexico,LATAM,Central America,TEC-AC-4155,Technology,Accessories,"Enermax Keyboard, Bluetooth",222.56,4,0,13.280000000000001
IN-2015-JG153107-42350,2015-12-12 00:00:00,JG-153107,Jason Gross,Corporate,Australia,Asia Pacific,Oceania,OFF-AR-3452,Office Supplies,Art,"BIC Highlighters, Easy-Erase",155.52000000000004,9,0.1,44.81999999999999
IN-2015-AC104507-42361,2015-12-23 00:00:00,AC-104507,Amy Cox,Consumer,Australia,Asia Pacific,Oceania,FUR-TA-3354,Furniture,Tables,"Barricks Training Table, Rectangular",379.044,2,0.4,63.144000000000005
IN-2015-DB136157-42342,2015-12-04 00:00:00,DB-136157,Doug Bickford,Consumer,Australia,Asia Pacific,Oceania,OFF-ST-4259,Office Supplies,Storage,"Fellowes File Cart, Single Width",274.68,2,0,137.34
MX-2015-SC2069539-42360,2015-12-22 00:00:00,SC-2069539,Steve Chapman,Corporate,El Salvador,LATAM,Central America,FUR-FU-6268,Furniture,Furnishings,"Tenex Photo Frame, Black",103.68000000000002,3,0,43.5
ES-2015-BF1127548-42363,2015-12-25 00:00:00,BF-1127548,Beth Fritzler,Corporate,Germany,Europe,Western Europe,OFF-BI-2901,Office Supplies,Binders,"Acco Binding Machine, Economy",408.72,8,0,118.32
IN-2015-Co1264088-42365,2015-12-27 00:00:00,Co-1264088,Corey-Lock,Consumer,Myanmar (Burma),Asia Pacific,Southeastern Asia,TEC-MA-4210,Technology,Machines,"Epson Receipt Printer, Red",473.84700000000004,5,0.17,-5.852999999999994
IN-2015-NH1861059-42349,2015-12-11 00:00:00,NH-1861059,Nicole Hansen,Corporate,Indonesia,Asia Pacific,Southeastern Asia,OFF-ST-4259,Office Supplies,Storage,"Fellowes File Cart, Single Width",455.9688,4,0.17,181.28879999999998
IN-2015-DM130157-42347,2015-12-09 00:00:00,DM-130157,Darrin Martin,Consumer,Australia,Asia Pacific,Oceania,TEC-AC-5205,Technology,Accessories,"Memorex Memory Card, Programmable",186.78599999999997,2,0.1,8.286000000000001
ES-2015-CA1231045-42355,2015-12-17 00:00:00,CA-1231045,Christine Abelman,Corporate,France,Europe,Western Europe,TEC-PH-3797,Technology,Phones,"Cisco Office Telephone, Full Size",347.4375,5,0.15,16.237499999999997
ID-2015-TP2156559-42355,2015-12-17 00:00:00,TP-2156559,Tracy Poddar,Corporate,Indonesia,Asia Pacific,Southeastern Asia,OFF-AP-3863,Office Supplies,Appliances,"Cuisinart Coffee Grinder, White",152.5125,5,0.17,-18.487500000000004
IN-2015-BE1145558-42342,2015-12-04 00:00:00,BE-1145558,Brad Eason,Home Office,India,Asia Pacific,Southern Asia,FUR-CH-4525,Furniture,Chairs,"Harbour Creations Chairmat, Set of Two",148.50000000000003,2,0,1.44
IN-2015-MJ177407-42348,2015-12-10 00:00:00,MJ-177407,Max Jones,Consumer,Australia,Asia Pacific,Oceania,OFF-PA-4482,Office Supplies,Paper,"Green Bar Parchment Paper, Multicolor",81.405,5,0.1,19.755
ES-2015-DB1321048-42362,2015-12-24 00:00:00,DB-1321048,Dean Braden,Consumer,Germany,Europe,Western Europe,TEC-PH-5827,Technology,Phones,"Samsung Headset, with Caller ID",461.15999999999997,7,0.1,-25.619999999999994
ID-2015-JW160757-42357,2015-12-19 00:00:00,JW-160757,Julia West,Consumer,Australia,Asia Pacific,Oceania,FUR-CH-5794,Furniture,Chairs,"SAFCO Rocking Chair, Black",158.97600000000003,2,0.4,-95.42400000000002
CA-2015-CM12655140-42342,2015-12-04 00:00:00,CM-126551404,Corinna Mitchell,Home Office,United States,USCA,Western US,FUR-TA-3423,Furniture,Tables,"Bevis Oval Conference Table, Walnut",521.96,2,0,88.73319999999995
MX-2015-RB1946593-42369,2015-12-31 00:00:00,RB-1946593,Rick Bensley,Home Office,Nicaragua,LATAM,Central America,FUR-CH-5373,Furniture,Chairs,"Novimex Chairmat, Set of Two",78.12000000000002,2,0,35.92
ID-2015-KA16525102-42340,2015-12-02 00:00:00,KA-16525102,Kelly Andreada,Consumer,Philippines,Asia Pacific,Southeastern Asia,OFF-EN-3662,Office Supplies,Envelopes,"Cameo Interoffice Envelope, Security-Tint",191.84550000000002,7,0.45,-0.09450000000001069
IN-2015-AA103757-42363,2015-12-25 00:00:00,AA-103757,Allen Armold,Consumer,Australia,Asia Pacific,Oceania,FUR-BO-3628,Furniture,Bookcases,"Bush Corner Shelving, Metal",444.41999999999996,4,0.1,153.06
IR-2015-CC237060-42363,2015-12-25 00:00:00,CC-237060,Christopher Conant,Consumer,Iran,Asia Pacific,Southern Asia,TEC-MA-5006,Technology,Machines,"Konica Inkjet, Durable",623.7,2,0,37.38
NI-2015-CB253595-42362,2015-12-24 00:00:00,CB-253595,Claudia Bergmann,Corporate,Nigeria,Africa,Western Africa,TEC-CO-3679,Technology,Copiers,"Canon Copy Machine, Digital",78.53400000000002,1,0.7,-154.476
CA-2015-CC12670140-42340,2015-12-02 00:00:00,CC-126701406,Craig Carreira,Consumer,United States,USCA,Eastern US,TEC-AC-5744,Technology,Accessories,Sabrent 4-Port USB 2.0 Hub,20.37,3,0,6.925800000000001
CA-2015-CC12670140-42340,2015-12-02 00:00:00,CC-126701406,Craig Carreira,Consumer,United States,USCA,Eastern US,OFF-ST-5782,Office Supplies,Storage,Safco Industrial Shelving,221.54999999999998,3,0,6.646500000000017
CA-2015-CC12670140-42340,2015-12-02 00:00:00,CC-126701406,Craig Carreira,Consumer,United States,USCA,Eastern US,OFF-BI-2880,Office Supplies,Binders,Acco 3-Hole Punch,17.52,5,0.2,6.131999999999999
ES-2015-CP1234045-42361,2015-12-23 00:00:00,CP-1234045,Christine Phan,Corporate,France,Europe,Western Europe,OFF-ST-6264,Office Supplies,Storage,"Tenex Lockers, Wire Frame",182.89799999999997,1,0.1,42.647999999999996
ES-2015-BG1103548-42340,2015-12-02 00:00:00,BG-1103548,Barry Gonzalez,Consumer,Germany,Europe,Western Europe,TEC-MA-5500,Technology,Machines,"Okidata Card Printer, Wireless",527.49,3,0,26.370000000000005
MX-2015-DB13120143-42341,2015-12-03 00:00:00,DB-13120143,David Bremer,Corporate,Venezuela,LATAM,South America,TEC-CO-3684,Technology,Copiers,"Canon Fax and Copier, High-Speed",302.25311999999997,4,0.402,19.133119999999984
ES-2015-CW11905139-42361,2015-12-23 00:00:00,CW-11905139,Carl Weiss,Home Office,United Kingdom,Europe,Northern Europe,FUR-FU-4041,Furniture,Furnishings,"Eldon Door Stop, Duo Pack",210.924,7,0.4,-31.83600000000004
US-2015-RA1991582-42342,2015-12-04 00:00:00,RA-1991582,Russell Applegate,Consumer,Mexico,LATAM,Central America,OFF-BI-2897,Office Supplies,Binders,"Acco Binder, Economy",60.6,6,0,18.119999999999997
IN-2015-Co1264088-42365,2015-12-27 00:00:00,Co-1264088,Corey-Lock,Consumer,Myanmar (Burma),Asia Pacific,Southeastern Asia,FUR-CH-4561,Furniture,Chairs,"Harbour Creations Swivel Stool, Adjustable",533.2212000000001,4,0.27,-153.41880000000003
MX-2015-GP1474031-42356,2015-12-18 00:00:00,GP-1474031,Guy Phonely,Corporate,Cuba,LATAM,Caribbean,OFF-AR-5902,Office Supplies,Art,"Sanford Canvas, Blue",168.4,5,0,3.3
IT-2015-TS2161045-42349,2015-12-11 00:00:00,TS-2161045,Troy Staebel,Consumer,France,Europe,Western Europe,TEC-CO-4765,Technology,Copiers,"HP Copy Machine, Color",416.721,2,0.15,93.141
IN-2015-KB1640559-42339,2015-12-01 00:00:00,KB-1640559,Katrina Bavinger,Home Office,Indonesia,Asia Pacific,Southeastern Asia,OFF-ST-4094,Office Supplies,Storage,"Eldon Shelving, Blue",321.5088,8,0.17,116.06880000000001
ES-2015-SW2024514-42357,2015-12-19 00:00:00,SW-2024514,Scot Wooten,Consumer,Belgium,Europe,Western Europe,OFF-BI-2882,Office Supplies,Binders,"Acco 3-Hole Punch, Durable",158.10000000000002,5,0,64.80000000000001
IN-2015-MG1769527-42369,2015-12-31 00:00:00,MG-1769527,Maureen Gnade,Consumer,China,Asia Pacific,Eastern Asia,TEC-AC-5204,Technology,Accessories,"Memorex Memory Card, Erganomic",300.23999999999995,3,0,84.06
AO-2015-RM93754-42348,2015-12-10 00:00:00,RM-93754,Raymond Messe,Consumer,Angola,Africa,Central Africa,FUR-TA-4634,Furniture,Tables,"Hon Coffee Table, Adjustable Height",318.09000000000003,1,0,152.67000000000002
US-2015-TC2147518-42360,2015-12-22 00:00:00,TC-2147518,Tony Chapman,Home Office,Brazil,LATAM,South America,TEC-CO-3678,Technology,Copiers,"Canon Copy Machine, Color",349.68280000000004,5,0.602,-151.2171999999999
ES-2015-GP14740139-42361,2015-12-23 00:00:00,GP-14740139,Guy Phonely,Corporate,United Kingdom,Europe,Northern Europe,TEC-PH-5253,Technology,Phones,"Motorola Headset, VoIP",478.98,6,0,100.44000000000001
TU-2015-JL5235134-42368,2015-12-30 00:00:00,JL-5235134,Janet Lee,Consumer,Turkey,Asia Pacific,Western Asia,TEC-PH-5335,Technology,Phones,"Nokia Audio Dock, Cordless",135.672,2,0.6,-135.708
IN-2015-Dl1360058-42364,2015-12-26 00:00:00,Dl-1360058,Dorris liebe,Corporate,India,Asia Pacific,Southern Asia,OFF-ST-6246,Office Supplies,Storage,"Tenex File Cart, Blue",133.20000000000002,1,0,61.260000000000005
ES-2015-AW1084048-42353,2015-12-15 00:00:00,AW-1084048,Anthony Witt,Consumer,Germany,Europe,Western Europe,OFF-BI-6372,Office Supplies,Binders,"Wilson Jones 3-Hole Punch, Recycled",255.15,9,0,76.41
ES-2015-JR1570045-42362,2015-12-24 00:00:00,JR-1570045,Jocasta Rupert,Consumer,France,Europe,Western Europe,TEC-PH-5263,Technology,Phones,"Motorola Signal Booster, Cordless",620.4150000000001,5,0.15,218.865
ES-2015-NM1852064-42350,2015-12-12 00:00:00,NM-1852064,Neoma Murray,Consumer,Italy,Europe,Southern Europe,TEC-AC-5889,Technology,Accessories,"SanDisk Numeric Keypad, USB",106.32000000000002,2,0,34.019999999999996
CA-2015-CV12805140-42364,2015-12-26 00:00:00,CV-128051406,Cynthia Voltz,Corporate,United States,USCA,Eastern US,FUR-FU-5165,Furniture,Furnishings,Magnifier Swing Arm Lamp,41.96,2,0,10.909600000000001
IN-2015-DW131957-42363,2015-12-25 00:00:00,DW-131957,David Wiener,Corporate,Australia,Asia Pacific,Oceania,FUR-CH-5433,Furniture,Chairs,"Office Star Bag Chairs, Adjustable",208.54799999999997,4,0.1,48.58800000000001
ES-2015-GM1444064-42350,2015-12-12 00:00:00,GM-1444064,Gary McGarr,Consumer,Italy,Europe,Southern Europe,OFF-AR-6125,Office Supplies,Art,"Stanley Sketch Pad, Blue",311.01,7,0,102.48
MX-2015-LP1709512-42350,2015-12-12 00:00:00,LP-1709512,Liz Preis,Consumer,Barbados,LATAM,Caribbean,OFF-ST-4056,Office Supplies,Storage,"Eldon File Cart, Industrial",170.52,2,0,56.239999999999995
MX-2015-PA1906082-42346,2015-12-08 00:00:00,PA-1906082,Pete Armstrong,Home Office,Mexico,LATAM,Central America,FUR-TA-3355,Furniture,Tables,"Barricks Training Table, with Bottom Storage",339.52000000000004,2,0.2,-59.44000000000001
QA-2015-LM7065105-42362,2015-12-24 00:00:00,LM-7065105,Liz MacKendrick,Consumer,Qatar,Asia Pacific,Western Asia,OFF-ST-6049,Office Supplies,Storage,"Smead Lockers, Wire Frame",197.49,1,0,17.759999999999998
IN-2015-SP2062011-42364,2015-12-26 00:00:00,SP-2062011,Stefania Perrino,Corporate,Bangladesh,Asia Pacific,Southern Asia,FUR-FU-6276,Furniture,Furnishings,"Tenex Stacking Tray, Black",75.87,3,0,22.68
MX-2015-RW1969039-42354,2015-12-16 00:00:00,RW-1969039,Robert Waldorf,Consumer,El Salvador,LATAM,Central America,TEC-PH-5835,Technology,Phones,"Samsung Signal Booster, Cordless",464.8,5,0,148.7
CA-2015-DK12835140-42348,2015-12-10 00:00:00,DK-128351402,Damala Kotsonis,Corporate,United States,USCA,Central US,FUR-CH-4408,Furniture,Chairs,Global Executive Mid-Back Manager's Chair,872.94,3,0,226.96439999999998
ES-2015-JM1553545-42355,2015-12-17 00:00:00,JM-1553545,Jessica Myrick,Consumer,France,Europe,Western Europe,TEC-AC-5873,Technology,Accessories,"SanDisk Memory Card, Erganomic",220.43999999999997,2,0,39.660000000000004
ES-2015-SR2074045-42346,2015-12-08 00:00:00,SR-2074045,Steven Roelle,Home Office,France,Europe,Western Europe,OFF-SU-4309,Office Supplies,Supplies,"Fiskars Letter Opener, High Speed",81.99,3,0,3.24
ES-2015-CD1192045-42367,2015-12-29 00:00:00,CD-1192045,Carlos Daly,Consumer,France,Europe,Western Europe,OFF-ST-4108,Office Supplies,Storage,"Eldon Trays, Wire Frame",169.344,4,0.1,54.504000000000005
MX-2015-GT1471082-42361,2015-12-23 00:00:00,GT-1471082,Greg Tran,Consumer,Mexico,LATAM,Central America,TEC-CO-6001,Technology,Copiers,"Sharp Ink, Color",83.7322,1,0.002,10.7322
CA-2015-DK12835140-42348,2015-12-10 00:00:00,DK-128351402,Damala Kotsonis,Corporate,United States,USCA,Central US,OFF-PA-6501,Office Supplies,Paper,Xerox 1946,12.96,2,0,6.2208000000000006
CA-2015-DK12835140-42348,2015-12-10 00:00:00,DK-128351402,Damala Kotsonis,Corporate,United States,USCA,Central US,OFF-BI-6386,Office Supplies,Binders,Wilson Jones Century Plastic Molded Ring Binders,41.54,2,0,19.523799999999998
TU-2015-JG5115134-42364,2015-12-26 00:00:00,JG-5115134,Jack Garza,Consumer,Turkey,Asia Pacific,Western Asia,TEC-CO-3710,Technology,Copiers,"Canon Wireless Fax, Laser",151.46400000000003,1,0.6,-41.67599999999999
IN-2015-GK14620130-42357,2015-12-19 00:00:00,GK-14620130,Grace Kelly,Corporate,Thailand,Asia Pacific,Southeastern Asia,OFF-AP-4732,Office Supplies,Appliances,"Hoover Microwave, Silver",770.3811000000001,3,0.17,232.0011
ES-2015-RF1984045-42350,2015-12-12 00:00:00,RF-1984045,Roy Französisch,Consumer,France,Europe,Western Europe,TEC-AC-4179,Technology,Accessories,"Enermax Numeric Keypad, Erganomic",647.13,11,0,70.94999999999999
US-2015-AC1066054-42367,2015-12-29 00:00:00,AC-1066054,Anna Chung,Consumer,Haiti,LATAM,Caribbean,TEC-CO-3596,Technology,Copiers,"Brother Fax Machine, Digital",380.54328,3,0.402,-52.23671999999997
ES-2015-RB1933045-42354,2015-12-16 00:00:00,RB-1933045,Randy Bradley,Consumer,France,Europe,Western Europe,OFF-ST-5709,Office Supplies,Storage,"Rogers Trays, Blue",277.55999999999995,5,0.1,61.56000000000001
ES-2015-RD19585120-42344,2015-12-06 00:00:00,RD-19585120,Rob Dowd,Consumer,Spain,Europe,Southern Europe,OFF-ST-4283,Office Supplies,Storage,"Fellowes Shelving, Industrial",104.97599999999998,2,0.1,39.636
IT-2015-JK1564091-42369,2015-12-31 00:00:00,JK-1564091,Jim Kriz,Home Office,Netherlands,Europe,Western Europe,TEC-MA-6144,Technology,Machines,"StarTech Phone, Red",107.505,3,0.5,-19.39500000000001
CA-2015-DR12880140-42366,2015-12-28 00:00:00,DR-128801406,Dan Reichenbach,Corporate,United States,USCA,Eastern US,TEC-PH-3161,Technology,Phones,AT&T 1080 Corded phone,164.388,2,0.4,-35.6174
IN-2015-AM1036011-42354,2015-12-16 00:00:00,AM-1036011,Alice McCarthy,Corporate,Bangladesh,Asia Pacific,Southern Asia,OFF-FA-3072,Office Supplies,Fasteners,"Advantus Thumb Tacks, 12 Pack",78.12,6,0,5.3999999999999995
CA-2015-DR12880140-42366,2015-12-28 00:00:00,DR-128801406,Dan Reichenbach,Corporate,United States,USCA,Eastern US,OFF-AR-3445,Office Supplies,Art,BIC Brite Liner Highlighters,13.248,4,0.2,3.6431999999999998
ES-2015-BE1145545-42366,2015-12-28 00:00:00,BE-1145545,Brad Eason,Home Office,France,Europe,Western Europe,OFF-BI-2899,Office Supplies,Binders,"Acco Binding Machine, Clear",202.20000000000002,4,0,22.200000000000003
MZ-2015-EB393087-42339,2015-12-01 00:00:00,EB-393087,Eric Barreto,Consumer,Mozambique,Africa,Eastern Africa,TEC-PH-5824,Technology,Phones,"Samsung Headset, Cordless",912.5999999999999,12,0,428.76000000000005
IN-2015-BS1136558-42369,2015-12-31 00:00:00,BS-1136558,Bill Shonely,Corporate,India,Asia Pacific,Southern Asia,TEC-AC-5200,Technology,Accessories,"Memorex Keyboard, Erganomic",276.6,4,0,105
IN-2015-LC1714058-42356,2015-12-18 00:00:00,LC-1714058,Logan Currie,Consumer,India,Asia Pacific,Southern Asia,FUR-CH-4681,Furniture,Chairs,"Hon Rocking Chair, Adjustable",266.22,2,0,69.17999999999999
MO-2015-AB60086-42362,2015-12-24 00:00:00,AB-60086,Ann Blume,Corporate,Morocco,Africa,North Africa,TEC-AC-5219,Technology,Accessories,"Memorex Mouse, USB",113.51999999999998,4,0,21.48
SF-2015-BW1065117-42347,2015-12-09 00:00:00,BW-1065117,Barry Weirich,Consumer,South Africa,Africa,Southern Africa,FUR-BO-5972,Furniture,Bookcases,"Sauder Stackable Bookrack, Pine",148.17000000000002,1,0,53.34
PL-2015-LA6780103-42368,2015-12-30 00:00:00,LA-6780103,Laura Armstrong,Corporate,Poland,Europe,Eastern Europe,OFF-SU-4996,Office Supplies,Supplies,"Kleencut Trimmer, Steel",244.98,6,0,39.06
ES-2015-GM1444064-42350,2015-12-12 00:00:00,GM-1444064,Gary McGarr,Consumer,Italy,Europe,Southern Europe,FUR-CH-5372,Furniture,Chairs,"Novimex Chairmat, Red",180.288,8,0.6,-135.312
CA-2015-DB12910140-42348,2015-12-10 00:00:00,DB-129101404,Daniel Byrd,Home Office,United States,USCA,Western US,FUR-BO-5521,Furniture,Bookcases,O'Sullivan 3-Shelf Heavy-Duty Bookcases,148.257,3,0.15,15.697800000000004
CA-2015-DB12910140-42341,2015-12-03 00:00:00,DB-129101408,Daniel Byrd,Home Office,United States,USCA,Southern US,OFF-BI-5636,Office Supplies,Binders,"Premier Elliptical Ring Binder, Black",45.66000000000001,5,0.7,-33.483999999999995
US-2015-RA1991582-42342,2015-12-04 00:00:00,RA-1991582,Russell Applegate,Consumer,Mexico,LATAM,Central America,TEC-AC-5196,Technology,Accessories,"Memorex Flash Drive, USB",59.21999999999999,3,0,28.979999999999997
ID-2015-IG150857-42348,2015-12-10 00:00:00,IG-150857,Ivan Gibson,Consumer,Australia,Asia Pacific,Oceania,OFF-AP-3856,Office Supplies,Appliances,"Cuisinart Blender, Black",119.55599999999998,3,0.4,-15.984000000000002
MX-2015-AS1028518-42351,2015-12-13 00:00:00,AS-1028518,Alejandro Savely,Corporate,Brazil,LATAM,South America,OFF-AR-3531,Office Supplies,Art,"Boston Highlighters, Blue",88.06,7,0,12.320000000000002
IR-2015-CC237060-42363,2015-12-25 00:00:00,CC-237060,Christopher Conant,Consumer,Iran,Asia Pacific,Southern Asia,TEC-MA-6133,Technology,Machines,"StarTech Calculator, Red",222.66,6,0,33.300000000000004
SU-2015-GT4635122-42360,2015-12-22 00:00:00,GT-4635122,Grant Thornton,Corporate,Sudan,Africa,North Africa,TEC-MA-6135,Technology,Machines,"StarTech Calculator, Wireless",319.68,8,0,18.96
MX-2015-DA1345093-42356,2015-12-18 00:00:00,DA-1345093,Dianna Arnett,Home Office,Nicaragua,LATAM,Central America,FUR-CH-5440,Furniture,Chairs,"Office Star Chairmat, Set of Two",90.76,2,0,38.08
IN-2015-TS213401-42361,2015-12-23 00:00:00,TS-213401,Toby Swindell,Consumer,Afghanistan,Asia Pacific,Southern Asia,TEC-AC-4156,Technology,Accessories,"Enermax Keyboard, Erganomic",162.54,2,0,17.82
ES-2015-CW11905139-42361,2015-12-23 00:00:00,CW-11905139,Carl Weiss,Home Office,United Kingdom,Europe,Northern Europe,OFF-ST-6281,Office Supplies,Storage,"Tenex Trays, Blue",341.52299999999997,7,0.1,41.64300000000001
ES-2015-PG1889545-42367,2015-12-29 00:00:00,PG-1889545,Paul Gonzalez,Consumer,France,Europe,Western Europe,FUR-FU-3930,Furniture,Furnishings,"Deflect-O Clock, Durable",189.35999999999999,4,0,60.480000000000004
IT-2015-PB1921091-42344,2015-12-06 00:00:00,PB-1921091,Phillip Breyer,Corporate,Netherlands,Europe,Western Europe,TEC-CO-3611,Technology,Copiers,"Brother Wireless Fax, Laser",378.81000000000006,2,0.5,-98.55000000000007
CA-2015-DK12985140-42362,2015-12-24 00:00:00,DK-129851408,Darren Koutras,Consumer,United States,USCA,Southern US,OFF-ST-5784,Office Supplies,Storage,Safco Industrial Wire Shelving System,218.35200000000003,3,0.2,-54.58800000000001
CA-2015-DK12985140-42362,2015-12-24 00:00:00,DK-129851408,Darren Koutras,Consumer,United States,USCA,Southern US,FUR-FU-4233,Furniture,Furnishings,"Executive Impressions 14"" Two-Color Numerals Wall Clock",72.704,4,0.2,19.084800000000005
CA-2015-DK12985140-42362,2015-12-24 00:00:00,DK-129851408,Darren Koutras,Consumer,United States,USCA,Southern US,OFF-AR-5586,Office Supplies,Art,Pencil and Crayon Sharpener,12.264,7,0.2,1.0730999999999993
ES-2015-ZC21910139-42366,2015-12-28 00:00:00,ZC-21910139,Zuschuss Carroll,Consumer,United Kingdom,Europe,Northern Europe,OFF-EN-3105,Office Supplies,Envelopes,"Ames Manila Envelope, Security-Tint",135.45000000000002,5,0,54.15
ES-2015-DB1327048-42360,2015-12-22 00:00:00,DB-1327048,Deborah Brumfield,Home Office,Germany,Europe,Western Europe,TEC-PH-5350,Technology,Phones,"Nokia Signal Booster, Cordless",278.70000000000005,2,0,83.58
US-2015-RF1984098-42360,2015-12-22 00:00:00,RF-1984098,Roy Französisch,Consumer,Panama,LATAM,Central America,OFF-AP-4719,Office Supplies,Appliances,"Hoover Blender, Black",76.24800000000002,2,0.4,-8.912000000000006
MX-2015-MP1796582-42342,2015-12-04 00:00:00,MP-1796582,Michael Paige,Corporate,Mexico,LATAM,Central America,FUR-CH-4524,Furniture,Chairs,"Harbour Creations Chairmat, Red",192.00000000000003,5,0.2,-38.400000000000006
US-2015-LH16750101-42357,2015-12-19 00:00:00,LH-16750101,Larry Hughes,Consumer,Peru,LATAM,South America,TEC-PH-5838,Technology,Phones,"Samsung Signal Booster, with Caller ID",327.816,6,0.4,32.73600000000001
IN-2015-SM2032058-42342,2015-12-04 00:00:00,SM-2032058,Sean Miller,Home Office,India,Asia Pacific,Southern Asia,FUR-CH-5433,Furniture,Chairs,"Office Star Bag Chairs, Adjustable",57.92999999999999,1,0,17.94
IR-2015-TB1125060-42361,2015-12-23 00:00:00,TB-1125060,Tim Brockman,Consumer,Iran,Asia Pacific,Southern Asia,TEC-PH-3800,Technology,Phones,"Cisco Signal Booster, Cordless",154.68,1,0,9.27
UP-2015-DP3390137-42357,2015-12-19 00:00:00,DP-3390137,Dennis Pardue,Home Office,Ukraine,Europe,Eastern Europe,TEC-CO-5994,Technology,Copiers,"Sharp Fax and Copier, Digital",168.24,1,0,57.17999999999999
IN-2015-NR185507-42367,2015-12-29 00:00:00,NR-185507,Nick Radford,Consumer,Australia,Asia Pacific,Oceania,OFF-SU-4976,Office Supplies,Supplies,"Kleencut Box Cutter, Steel",214.515,7,0.1,16.485000000000003
CA-2015-DV13045140-42343,2015-12-05 00:00:00,DV-130451406,Darrin Van Huff,Corporate,United States,USCA,Eastern US,FUR-CH-5755,Furniture,Chairs,"Safco Chair Connectors, 6/Carton",188.55199999999996,7,0.3,-2.693600000000032
CA-2015-DV13045140-42350,2015-12-12 00:00:00,DV-130451408,Darrin Van Huff,Corporate,United States,USCA,Southern US,FUR-TA-3556,Furniture,Tables,BoxOffice By Design Rectangular and Half-Moon Meeting Room Tables,721.8750000000001,6,0.45,-420
CA-2015-DV13045140-42350,2015-12-12 00:00:00,DV-130451408,Darrin Van Huff,Corporate,United States,USCA,Southern US,FUR-CH-4410,Furniture,Chairs,"Global Geo Office Task Chair, Gray",64.784,1,0.2,-12.14700000000001
CA-2015-DV13045140-42350,2015-12-12 00:00:00,DV-130451408,Darrin Van Huff,Corporate,United States,USCA,Southern US,TEC-PH-5255,Technology,Phones,Motorola HK250 Universal Bluetooth Headset,73.568,4,0.2,-16.552799999999994
MX-2015-MY1829593-42355,2015-12-17 00:00:00,MY-1829593,Muhammed Yedwab,Corporate,Nicaragua,LATAM,Central America,OFF-EN-4442,Office Supplies,Envelopes,"GlobeWeis Interoffice Envelope, with clear poly window",68.47999999999999,2,0,5.44
MX-2015-DL1333018-42342,2015-12-04 00:00:00,DL-1333018,Denise Leinenbach,Consumer,Brazil,LATAM,South America,TEC-AC-5887,Technology,Accessories,"SanDisk Numeric Keypad, Bluetooth",111.12000000000005,3,0,23.279999999999998
CA-2015-DV13045140-42350,2015-12-12 00:00:00,DV-130451408,Darrin Van Huff,Corporate,United States,USCA,Southern US,OFF-AR-6104,Office Supplies,Art,Stanley Bostitch Contemporary Electric Pencil Sharpeners,13.584000000000001,1,0.2,1.3584
CA-2015-DB13060140-42353,2015-12-15 00:00:00,DB-130601402,Dave Brooks,Consumer,United States,USCA,Central US,FUR-FU-5722,Furniture,Furnishings,"Rubbermaid ClusterMat Chairmats, Mat Size- 66"" x 60"", Lip 20"" x 11"" -90 Degree Angle",266.35200000000003,6,0.6,-292.9872
CA-2015-DB13060140-42353,2015-12-15 00:00:00,DB-130601402,Dave Brooks,Consumer,United States,USCA,Central US,OFF-AR-5646,Office Supplies,Art,Prismacolor Color Pencil Set,95.232,6,0.2,24.99840000000001
IN-2015-GM146807-42355,2015-12-17 00:00:00,GM-146807,Greg Matthias,Consumer,Australia,Asia Pacific,Oceania,TEC-PH-5254,Technology,Phones,"Motorola Headset, with Caller ID",143.53199999999998,2,0.1,19.092
CA-2015-DB13060140-42353,2015-12-15 00:00:00,DB-130601402,Dave Brooks,Consumer,United States,USCA,Central US,FUR-FU-4758,Furniture,Furnishings,"Howard Miller 13"" Diameter Goldtone Round Wall Clock",56.328,3,0.6,-26.755799999999994
CA-2015-DB13060140-42353,2015-12-15 00:00:00,DB-130601402,Dave Brooks,Consumer,United States,USCA,Central US,TEC-AC-5097,Technology,Accessories,Logitech Desktop MK120 Mouse and keyboard Combo,39.264,3,0.2,-4.908000000000003
ES-2015-BD1163564-42357,2015-12-19 00:00:00,BD-1163564,Brian Derr,Consumer,Italy,Europe,Southern Europe,OFF-AR-3499,Office Supplies,Art,"Binney & Smith Sketch Pad, Blue",138.96,3,0,36.089999999999996
RS-2015-JP6135108-42343,2015-12-05 00:00:00,JP-6135108,Julie Prescott,Home Office,Russia,Europe,Eastern Europe,FUR-BO-3903,Furniture,Bookcases,"Dania Library with Doors, Pine",363.75,1,0,39.99
ES-2015-CP1234045-42361,2015-12-23 00:00:00,CP-1234045,Christine Phan,Corporate,France,Europe,Western Europe,OFF-SU-6160,Office Supplies,Supplies,"Stiletto Box Cutter, Easy Grip",300.71999999999997,8,0,18
IT-2015-GM14680124-42362,2015-12-24 00:00:00,GM-14680124,Greg Matthias,Consumer,Sweden,Europe,Northern Europe,TEC-MA-4205,Technology,Machines,"Epson Printer, Durable",262.74,2,0.5,-63.06
ES-2015-GH14665139-42364,2015-12-26 00:00:00,GH-14665139,Greg Hansen,Consumer,United Kingdom,Europe,Northern Europe,OFF-AR-3499,Office Supplies,Art,"Binney & Smith Sketch Pad, Blue",125.06400000000001,3,0.1,22.193999999999996
ES-2015-NP1870045-42341,2015-12-03 00:00:00,NP-1870045,Nora Preis,Consumer,France,Europe,Western Europe,OFF-AR-3531,Office Supplies,Art,"Boston Highlighters, Blue",94.35,5,0,23.55
MX-2015-CM1219082-42349,2015-12-11 00:00:00,CM-1219082,Charlotte Melton,Consumer,Mexico,LATAM,Central America,TEC-CO-3704,Technology,Copiers,"Canon Personal Copier, Digital",284.19048000000004,3,0.002,47.790479999999995
IN-2015-NH1861059-42349,2015-12-11 00:00:00,NH-1861059,Nicole Hansen,Corporate,Indonesia,Asia Pacific,Southeastern Asia,TEC-PH-3793,Technology,Phones,"Cisco Headset, with Caller ID",220.2156,3,0.17,66.3156
ES-2015-MC1784545-42354,2015-12-16 00:00:00,MC-1784545,Michael Chen,Consumer,France,Europe,Western Europe,OFF-BI-4803,Office Supplies,Binders,"Ibico 3-Hole Punch, Clear",89.73000000000002,3,0,35.82
IN-2015-HG1484558-42339,2015-12-01 00:00:00,HG-1484558,Harry Greene,Consumer,India,Asia Pacific,Southern Asia,TEC-PH-5338,Technology,Phones,"Nokia Audio Dock, with Caller ID",500.22,3,0,190.07999999999998
ES-2015-JG15805139-42369,2015-12-31 00:00:00,JG-15805139,John Grady,Corporate,United Kingdom,Europe,Northern Europe,FUR-BO-4867,Furniture,Bookcases,"Ikea Stackable Bookrack, Traditional",245.16,2,0,90.66
CA-2015-DP13105140-42356,2015-12-18 00:00:00,DP-131051402,Dave Poirier,Corporate,United States,USCA,Central US,OFF-ST-3016,Office Supplies,Storage,Adjustable Personal File Tote,32.56,2,0,8.465600000000002
NI-2015-AG90095-42346,2015-12-08 00:00:00,AG-90095,Arthur Gainer,Consumer,Nigeria,Africa,Western Africa,TEC-AC-3384,Technology,Accessories,"Belkin Keyboard, Bluetooth",201.312,8,0.7,-301.96799999999996
ES-2015-AW1084048-42353,2015-12-15 00:00:00,AW-1084048,Anthony Witt,Consumer,Germany,Europe,Western Europe,TEC-AC-3391,Technology,Accessories,"Belkin Memory Card, USB",115.01999999999998,1,0,0
IT-2015-PF19225120-42346,2015-12-08 00:00:00,PF-19225120,Phillip Flathmann,Consumer,Spain,Europe,Southern Europe,TEC-PH-5346,Technology,Phones,"Nokia Office Telephone, Cordless",244.728,4,0.1,-2.8320000000000043
CA-2015-DP13105140-42363,2015-12-25 00:00:00,DP-131051404,Dave Poirier,Corporate,United States,USCA,Western US,OFF-BI-4347,Office Supplies,Binders,GBC Instant Index System for Binding Systems,21.312000000000005,3,0.2,7.991999999999999
ES-2015-JC1577545-42341,2015-12-03 00:00:00,JC-1577545,John Castell,Consumer,France,Europe,Western Europe,OFF-SU-4320,Office Supplies,Supplies,"Fiskars Shears, High Speed",238.2,5,0,116.7
ES-2015-JF1541548-42342,2015-12-04 00:00:00,JF-1541548,Jennifer Ferguson,Consumer,Germany,Europe,Western Europe,FUR-TA-5060,Furniture,Tables,"Lesro Conference Table, with Bottom Storage",1114.854,2,0.35,-223.0259999999999
IT-2015-GH1441045-42349,2015-12-11 00:00:00,GH-1441045,Gary Hansen,Home Office,France,Europe,Western Europe,FUR-CH-5451,Furniture,Chairs,"Office Star Steel Folding Chair, Black",241.056,3,0.1,-26.784000000000002
MX-2015-MZ1751582-42346,2015-12-08 00:00:00,MZ-1751582,Mary Zewe,Corporate,Mexico,LATAM,Central America,TEC-PH-3798,Technology,Phones,"Cisco Office Telephone, VoIP",214.8,4,0,88
MX-2015-CM1244582-42354,2015-12-16 00:00:00,CM-1244582,Chuck Magee,Consumer,Mexico,LATAM,Central America,OFF-SU-4135,Office Supplies,Supplies,"Elite Trimmer, Easy Grip",173.16000000000003,6,0,43.2
US-2015-BD1172555-42365,2015-12-27 00:00:00,BD-1172555,Bruce Degenhardt,Consumer,Honduras,LATAM,Central America,TEC-PH-3128,Technology,Phones,"Apple Audio Dock, Full Size",269.088,4,0.4,-130.11200000000002
ES-2015-JL1513045-42340,2015-12-02 00:00:00,JL-1513045,Jack Lebron,Consumer,France,Europe,Western Europe,FUR-FU-6254,Furniture,Furnishings,"Tenex Frame, Duo Pack",330.12,3,0,26.370000000000005
MX-2015-PA1906082-42346,2015-12-08 00:00:00,PA-1906082,Pete Armstrong,Home Office,Mexico,LATAM,Central America,FUR-CH-5750,Furniture,Chairs,"SAFCO Bag Chairs, Adjustable",193.87199999999999,7,0.2,48.41200000000001
SA-2015-BF975110-42347,2015-12-09 00:00:00,BF-975110,Barbara Fisher,Corporate,Saudi Arabia,Asia Pacific,Western Asia,OFF-ST-5712,Office Supplies,Storage,"Rogers Trays, Wire Frame",243,4,0,119.03999999999999
IN-2015-KB1640559-42339,2015-12-01 00:00:00,KB-1640559,Katrina Bavinger,Home Office,Indonesia,Asia Pacific,Southeastern Asia,OFF-AP-4949,Office Supplies,Appliances,"KitchenAid Blender, Black",407.862,5,0.17,83.41199999999998
CA-2015-DK13150140-42359,2015-12-21 00:00:00,DK-131501406,David Kendrick,Corporate,United States,USCA,Eastern US,OFF-PA-6459,Office Supplies,Paper,Xerox 1908,279.9,5,0,137.151
CA-2015-DK13150140-42359,2015-12-21 00:00:00,DK-131501406,David Kendrick,Corporate,United States,USCA,Eastern US,OFF-PA-6428,Office Supplies,Paper,Xerox 188,34.019999999999996,3,0,16.6698
CA-2015-DK13150140-42359,2015-12-21 00:00:00,DK-131501406,David Kendrick,Corporate,United States,USCA,Eastern US,OFF-BI-4355,Office Supplies,Binders,GBC Premium Transparent Covers with Diagonal Lined Pattern,50.352000000000004,3,0.2,17.623199999999997
MX-2015-BF1127531-42348,2015-12-10 00:00:00,BF-1127531,Beth Fritzler,Corporate,Cuba,LATAM,Caribbean,FUR-CH-4682,Furniture,Chairs,"Hon Rocking Chair, Black",170.92000000000002,2,0,82.04
IZ-2015-JD615061-42348,2015-12-10 00:00:00,JD-615061,Justin Deggeller,Corporate,Iraq,Asia Pacific,Western Asia,TEC-MA-6142,Technology,Machines,"StarTech Inkjet, Wireless",301.77000000000004,1,0,9.03
ES-2015-MN17935139-42361,2015-12-23 00:00:00,MN-17935139,Michael Nguyen,Consumer,United Kingdom,Europe,Northern Europe,OFF-AR-3545,Office Supplies,Art,"Boston Pencil Sharpener, Water Color",192.77999999999997,6,0,96.29999999999998
MX-2015-KB1660039-42368,2015-12-30 00:00:00,KB-1660039,Ken Brennan,Corporate,El Salvador,LATAM,Central America,FUR-BO-3894,Furniture,Bookcases,"Dania Corner Shelving, Mobile",166.12,2,0,44.839999999999996
IT-2015-DK1322564-42343,2015-12-05 00:00:00,DK-1322564,Dean Katz,Corporate,Italy,Europe,Southern Europe,OFF-PA-4470,Office Supplies,Paper,"Green Bar Memo Slips, 8.5 x 11",147.63,7,0,72.24000000000001
ES-2015-BG1174045-42353,2015-12-15 00:00:00,BG-1174045,Bruce Geld,Consumer,France,Europe,Western Europe,OFF-ST-6281,Office Supplies,Storage,"Tenex Trays, Blue",48.788999999999994,1,0.1,5.949000000000002
EG-2015-RA994538-42342,2015-12-04 00:00:00,RA-994538,Ryan Akin,Consumer,Egypt,Africa,North Africa,TEC-PH-3818,Technology,Phones,"Cisco Speaker Phone, with Caller ID",138.48,1,0,5.5200000000000005
CA-2015-DS13180140-42346,2015-12-08 00:00:00,DS-131801402,David Smith,Corporate,United States,USCA,Central US,OFF-PA-6554,Office Supplies,Paper,Xerox 1995,15.552000000000003,3,0.2,5.4432
CA-2015-DS13180140-42346,2015-12-08 00:00:00,DS-131801402,David Smith,Corporate,United States,USCA,Central US,OFF-FA-3472,Office Supplies,Fasteners,Binder Clips by OIC,3.5519999999999996,3,0.2,1.2431999999999999
ID-2015-BO114257-42364,2015-12-26 00:00:00,BO-114257,Bobby Odegard,Consumer,Australia,Asia Pacific,Oceania,TEC-CO-4775,Technology,Copiers,"HP Fax Machine, High-Speed",178.884,1,0.4,-98.406
IS-2015-ND846063-42344,2015-12-06 00:00:00,ND-846063,Neil Ducich,Corporate,Israel,Asia Pacific,Western Asia,OFF-ST-6248,Office Supplies,Storage,"Tenex File Cart, Single Width",134.16,1,0,12.059999999999999
ES-2015-PB1921045-42354,2015-12-16 00:00:00,PB-1921045,Phillip Breyer,Corporate,France,Europe,Western Europe,OFF-ST-6252,Office Supplies,Storage,"Tenex Folders, Wire Frame",260.793,13,0.1,109.863
CA-2015-DB13210140-42360,2015-12-22 00:00:00,DB-132101406,Dean Braden,Consumer,United States,USCA,Eastern US,TEC-PH-4894,Technology,Phones,Jabra SPEAK 410,281.96999999999997,3,0,78.9516
CA-2015-DB13210140-42360,2015-12-22 00:00:00,DB-132101406,Dean Braden,Consumer,United States,USCA,Eastern US,OFF-PA-6465,Office Supplies,Paper,Xerox 1913,166.44,3,0,79.8912
CA-2015-DB13210140-42348,2015-12-10 00:00:00,DB-132101402,Dean Braden,Consumer,United States,USCA,Central US,TEC-AC-5185,Technology,Accessories,"Maxell Pro 80 Minute CD-R, 10/Pack",104.88,6,0,41.952000000000005
CA-2015-DB13210140-42360,2015-12-22 00:00:00,DB-132101406,Dean Braden,Consumer,United States,USCA,Eastern US,OFF-SU-2974,Office Supplies,Supplies,"Acme Hot Forged Carbon Steel Scissors with Nickel-Plated Handles, 3 7/8"" Cut, 8""L",69.5,5,0,20.154999999999994
ES-2015-HM1486045-42365,2015-12-27 00:00:00,HM-1486045,Harry Marie,Corporate,France,Europe,Western Europe,OFF-AR-3540,Office Supplies,Art,"Boston Markers, Water Color",177.29999999999998,6,0,0
TU-2015-JG5115134-42364,2015-12-26 00:00:00,JG-5115134,Jack Garza,Consumer,Turkey,Asia Pacific,Western Asia,FUR-TA-3429,Furniture,Tables,"Bevis Round Table, Adjustable Height",1248.9119999999998,6,0.6,-1779.7679999999996
CA-2015-DB13210140-42348,2015-12-10 00:00:00,DB-132101402,Dean Braden,Consumer,United States,USCA,Central US,OFF-BI-4832,Office Supplies,Binders,Ibico Plastic and Wire Spiral Binding Combs,33.72,4,0,15.511199999999999
CA-2015-DB13210140-42348,2015-12-10 00:00:00,DB-132101402,Dean Braden,Consumer,United States,USCA,Central US,OFF-AR-3455,Office Supplies,Art,BIC Liqua Brite Liner,34.7,5,0,12.492
TU-2015-KC6675134-42350,2015-12-12 00:00:00,KC-6675134,Kimberly Carter,Corporate,Turkey,Asia Pacific,Western Asia,FUR-BO-5972,Furniture,Bookcases,"Sauder Stackable Bookrack, Pine",237.07200000000003,4,0.6,-142.248
NI-2015-AG90095-42346,2015-12-08 00:00:00,AG-90095,Arthur Gainer,Consumer,Nigeria,Africa,Western Africa,FUR-FU-3942,Furniture,Furnishings,"Deflect-O Frame, Durable",64.24200000000002,2,0.7,-62.11800000000002
CA-2015-DB13210140-42348,2015-12-10 00:00:00,DB-132101402,Dean Braden,Consumer,United States,USCA,Central US,OFF-FA-6129,Office Supplies,Fasteners,Staples,14.940000000000001,3,0,7.021800000000001
MX-2015-DA1345093-42356,2015-12-18 00:00:00,DA-1345093,Dianna Arnett,Home Office,Nicaragua,LATAM,Central America,FUR-CH-5437,Furniture,Chairs,"Office Star Chairmat, Adjustable",273.23999999999995,6,0,62.75999999999999
IN-2015-FA14230113-42347,2015-12-09 00:00:00,FA-14230113,Frank Atkinson,Corporate,Singapore,Asia Pacific,Southeastern Asia,OFF-ST-5691,Office Supplies,Storage,"Rogers File Cart, Blue",281.34000000000003,2,0,104.03999999999999
MO-2015-MC757586-42360,2015-12-22 00:00:00,MC-757586,Matt Collins,Consumer,Morocco,Africa,North Africa,TEC-AC-3402,Technology,Accessories,"Belkin Router, Bluetooth",258.75,1,0,10.350000000000001
CA-2015-DK13225140-42359,2015-12-21 00:00:00,DK-132251406,Dean Katz,Corporate,United States,USCA,Eastern US,OFF-PA-6591,Office Supplies,Paper,Xerox 227,6.48,1,0,3.1104000000000003
MO-2015-MC757586-42360,2015-12-22 00:00:00,MC-757586,Matt Collins,Consumer,Morocco,Africa,North Africa,FUR-FU-3047,Furniture,Furnishings,"Advantus Photo Frame, Black",317.88,6,0,3.06
MX-2015-VG2180526-42367,2015-12-29 00:00:00,VG-2180526,Vivek Grady,Corporate,Chile,LATAM,South America,FUR-FU-6277,Furniture,Furnishings,"Tenex Stacking Tray, Durable",117.73999999999998,7,0,22.259999999999998
CA-2015-DK13225140-42359,2015-12-21 00:00:00,DK-132251406,Dean Katz,Corporate,United States,USCA,Eastern US,OFF-BI-6407,Office Supplies,Binders,Wilson Jones Leather-Like Binders with DublLock Round Rings,6.984000000000001,1,0.2,2.357099999999999
MX-2015-CT1199528-42341,2015-12-03 00:00:00,CT-1199528,Carol Triggs,Consumer,Colombia,LATAM,South America,FUR-CH-5436,Furniture,Chairs,"Office Star Bag Chairs, Set of Two",153.84,4,0,26.080000000000002
IT-2015-JS15880104-42358,2015-12-20 00:00:00,JS-15880104,John Stevenson,Consumer,Portugal,Europe,Southern Europe,FUR-BO-3893,Furniture,Bookcases,"Dania Corner Shelving, Metal",182.29500000000002,3,0.5,-11.025000000000006
ES-2015-MH1778545-42354,2015-12-16 00:00:00,MH-1778545,Maya Herman,Corporate,France,Europe,Western Europe,OFF-FA-6201,Office Supplies,Fasteners,"Stockwell Staples, 12 Pack",49.2,5,0,18.15
MX-2015-DG1330082-42339,2015-12-01 00:00:00,DG-1330082,Deirdre Greer,Corporate,Mexico,LATAM,Central America,OFF-ST-6251,Office Supplies,Storage,"Tenex Folders, Single Width",77.5,5,0,3.8
CA-2015-Dp324023-42344,2015-12-06 00:00:00,Dp-324023,Dean percer,Home Office,Canada,USCA,Canada,FUR-CH-4522,Furniture,Chairs,"Harbour Creations Chairmat, Adjustable",74.49000000000001,1,0,28.29
NI-2015-JB592595-42347,2015-12-09 00:00:00,JB-592595,Joni Blumstein,Consumer,Nigeria,Africa,Western Africa,FUR-CH-5775,Furniture,Chairs,"SAFCO Executive Leather Armchair, Red",276.858,2,0.7,-636.8219999999999
AG-2015-MS79803-42363,2015-12-25 00:00:00,MS-79803,Michael Stewart,Corporate,Algeria,Africa,North Africa,FUR-BO-5971,Furniture,Bookcases,"Sauder Stackable Bookrack, Mobile",293.64,2,0,85.14
ES-2015-JR1570045-42362,2015-12-24 00:00:00,JR-1570045,Jocasta Rupert,Consumer,France,Europe,Western Europe,OFF-AR-3449,Office Supplies,Art,"BIC Canvas, Fluorescent",109.92,2,0,38.46
ES-2015-RF1984045-42350,2015-12-12 00:00:00,RF-1984045,Roy Französisch,Consumer,France,Europe,Western Europe,OFF-ST-4056,Office Supplies,Storage,"Eldon File Cart, Industrial",345.30300000000005,3,0.1,7.623000000000005
MX-2015-SV2078582-42347,2015-12-09 00:00:00,SV-2078582,Stewart Visinsky,Consumer,Mexico,LATAM,Central America,OFF-AR-6106,Office Supplies,Art,"Stanley Canvas, Easy-Erase",99.48,3,0,26.820000000000004
IN-2015-MG1765027-42350,2015-12-12 00:00:00,MG-1765027,Matthew Grinstein,Home Office,China,Asia Pacific,Eastern Asia,TEC-AC-5130,Technology,Accessories,"Logitech Numeric Keypad, Bluetooth",185.28000000000003,4,0,64.80000000000001
SF-2015-KB6600117-42360,2015-12-22 00:00:00,KB-6600117,Ken Brennan,Corporate,South Africa,Africa,Southern Africa,OFF-AR-6107,Office Supplies,Art,"Stanley Canvas, Fluorescent",202.92000000000002,4,0,64.92
US-2015-TP2113036-42348,2015-12-10 00:00:00,TP-2113036,Theone Pippenger,Consumer,Dominican Republic,LATAM,Caribbean,FUR-BO-4851,Furniture,Bookcases,"Ikea Classic Bookcase, Traditional",494.1,3,0.4,-197.64
US-2015-DC13285140-42346,2015-12-08 00:00:00,DC-132851408,Debra Catini,Consumer,United States,USCA,Southern US,FUR-FU-3925,Furniture,Furnishings,DAX Wood Document Frame.,82.38,6,0,25.537799999999997
ES-2015-JS1594045-42364,2015-12-26 00:00:00,JS-1594045,Joni Sundaresam,Home Office,France,Europe,Western Europe,TEC-CO-4771,Technology,Copiers,"HP Fax and Copier, High-Speed",119.76299999999998,2,0.65,-88.97699999999998
IN-2015-DK12985144-42346,2015-12-08 00:00:00,DK-12985144,Darren Koutras,Consumer,Vietnam,Asia Pacific,Southeastern Asia,OFF-ST-6057,Office Supplies,Storage,"Smead Shelving, Blue",162.44759999999997,4,0.17,52.767599999999995
ID-2015-DR12880102-42340,2015-12-02 00:00:00,DR-12880102,Dan Reichenbach,Corporate,Philippines,Asia Pacific,Southeastern Asia,OFF-SU-6179,Office Supplies,Supplies,"Stiletto Shears, Steel",235.07550000000006,9,0.45,-149.67450000000002
TU-2015-DM2955134-42357,2015-12-19 00:00:00,DM-2955134,Dario Medina,Corporate,Turkey,Asia Pacific,Western Asia,FUR-CH-4558,Furniture,Chairs,"Harbour Creations Steel Folding Chair, Black",76.36800000000001,2,0.6,-84.012
CA-2015-DL13315140-42347,2015-12-09 00:00:00,DL-133151406,Delfina Latchford,Consumer,United States,USCA,Eastern US,OFF-ST-5784,Office Supplies,Storage,Safco Industrial Wire Shelving System,272.94,3,0,0
EG-2015-AC42038-42356,2015-12-18 00:00:00,AC-42038,Alyssa Crouse,Corporate,Egypt,Africa,North Africa,FUR-CH-4702,Furniture,Chairs,"Hon Swivel Stool, Black",161.22000000000003,1,0,45.12
IN-2015-SS2059059-42364,2015-12-26 00:00:00,SS-2059059,Sonia Sunley,Consumer,Indonesia,Asia Pacific,Southeastern Asia,OFF-ST-4269,Office Supplies,Storage,"Fellowes Lockers, Wire Frame",342.62399999999997,2,0.17,61.884
CA-2015-DL13315140-42347,2015-12-09 00:00:00,DL-133151406,Delfina Latchford,Consumer,United States,USCA,Eastern US,FUR-FU-3828,Furniture,Furnishings,"C-Line Cubicle Keepers Polyproplyene Holder w/Velcro Back, 8-1/2x11, 25/Bx",109.48,2,0,33.9388
CA-2015-DL13315140-42347,2015-12-09 00:00:00,DL-133151406,Delfina Latchford,Consumer,United States,USCA,Eastern US,OFF-ST-4891,Office Supplies,Storage,Iris Project Case,31.92,4,0,8.299199999999999
CA-2015-DL13315140-42347,2015-12-09 00:00:00,DL-133151406,Delfina Latchford,Consumer,United States,USCA,Eastern US,OFF-PA-6555,Office Supplies,Paper,Xerox 1996,19.44,3,0,9.3312
IN-2015-GA147257-42367,2015-12-29 00:00:00,GA-147257,Guy Armstrong,Consumer,Australia,Asia Pacific,Oceania,OFF-PA-5891,Office Supplies,Paper,"SanDisk Parchment Paper, Multicolor",114.156,7,0.1,34.146
IT-2015-MH1811564-42351,2015-12-13 00:00:00,MH-1811564,Mick Hernandez,Home Office,Italy,Europe,Southern Europe,OFF-ST-6248,Office Supplies,Storage,"Tenex File Cart, Single Width",241.488,3,0.4,-124.81200000000003
IT-2015-MH1811564-42351,2015-12-13 00:00:00,MH-1811564,Mick Hernandez,Home Office,Italy,Europe,Southern Europe,OFF-SU-3003,Office Supplies,Supplies,"Acme Trimmer, Serrated",206.4,5,0,24.749999999999996
ID-2015-RP1939092-42354,2015-12-16 00:00:00,RP-1939092,Resi Pölking,Consumer,New Zealand,Asia Pacific,Oceania,FUR-CH-4520,Furniture,Chairs,"Harbour Creations Bag Chairs, Red",147.888,4,0.4,-4.992000000000019
IZ-2015-LC714061-42353,2015-12-15 00:00:00,LC-714061,Logan Currie,Consumer,Iraq,Asia Pacific,Western Asia,OFF-AR-6127,Office Supplies,Art,"Stanley Sketch Pad, Fluorescent",365.52,8,0,58.32000000000001
ID-2015-RA19945130-42368,2015-12-30 00:00:00,RA-19945130,Ryan Akin,Consumer,Thailand,Asia Pacific,Southeastern Asia,FUR-BO-3648,Furniture,Bookcases,"Bush Stackable Bookrack, Traditional",232.4133,3,0.37,-107.06669999999997
ES-2015-TC21475120-42363,2015-12-25 00:00:00,TC-21475120,Tony Chapman,Home Office,Spain,Europe,Southern Europe,OFF-ST-4285,Office Supplies,Storage,"Fellowes Shelving, Wire Frame",204.876,4,0.1,70.476
CA-2015-DM13345140-42347,2015-12-09 00:00:00,DM-133451404,Denise Monton,Corporate,United States,USCA,Western US,OFF-BI-6345,Office Supplies,Binders,Vinyl Sectional Post Binders,90.48000000000002,3,0.2,33.93
CA-2015-DM13345140-42347,2015-12-09 00:00:00,DM-133451404,Denise Monton,Corporate,United States,USCA,Western US,OFF-ST-5789,Office Supplies,Storage,"SAFCO Mobile Desk Side File, Wire Frame",42.76,1,0,11.1176
CA-2015-DM13345140-42347,2015-12-09 00:00:00,DM-133451404,Denise Monton,Corporate,United States,USCA,Western US,OFF-BI-5588,Office Supplies,Binders,"Performers Binder/Pad Holder, Black",22.424000000000003,1,0.2,8.408999999999999
CA-2015-DM13345140-42347,2015-12-09 00:00:00,DM-133451404,Denise Monton,Corporate,United States,USCA,Western US,OFF-PA-6102,Office Supplies,Paper,Standard Line “While You Were Out” Hardbound Telephone Message Book,87.92,4,0,40.4432
IN-2015-KM1622527-42369,2015-12-31 00:00:00,KM-1622527,Kalyca Meade,Corporate,China,Asia Pacific,Eastern Asia,TEC-AC-4178,Technology,Accessories,"Enermax Numeric Keypad, Bluetooth",171.99,3,0,6.840000000000001
AG-2015-RD96603-42342,2015-12-04 00:00:00,RD-96603,Robert Dilbeck,Home Office,Algeria,Africa,North Africa,OFF-AP-4749,Office Supplies,Appliances,"Hoover Toaster, White",163.56,2,0,57.239999999999995
MX-2015-BF1117031-42350,2015-12-12 00:00:00,BF-1117031,Ben Ferrer,Home Office,Cuba,LATAM,Caribbean,OFF-PA-6603,Office Supplies,Paper,"Xerox Cards & Envelopes, Recycled",149.6,5,0,68.8
CA-2015-DK13375140-42350,2015-12-12 00:00:00,DK-133751402,Dennis Kane,Consumer,United States,USCA,Central US,OFF-AP-4726,Office Supplies,Appliances,Hoover Commercial Lightweight Upright Vacuum,1.3919999999999997,2,0.8,-3.758400000000001
ES-2015-PG1889545-42346,2015-12-08 00:00:00,PG-1889545,Paul Gonzalez,Consumer,France,Europe,Western Europe,OFF-AR-6106,Office Supplies,Art,"Stanley Canvas, Easy-Erase",99.47999999999999,2,0,23.82
MX-2015-EB1397582-42368,2015-12-30 00:00:00,EB-1397582,Erica Bern,Corporate,Mexico,LATAM,Central America,FUR-FU-6256,Furniture,Furnishings,"Tenex Frame, Erganomic",217.19999999999996,5,0.4,25.300000000000047
ES-2015-JL1550548-42339,2015-12-01 00:00:00,JL-1550548,Jeremy Lonsdale,Consumer,Germany,Europe,Western Europe,FUR-FU-5733,Furniture,Furnishings,"Rubbermaid Light Bulb, Durable",126.95999999999998,8,0,50.64
MX-2015-CP1234051-42340,2015-12-02 00:00:00,CP-1234051,Christine Phan,Corporate,Guatemala,LATAM,Central America,TEC-PH-5337,Technology,Phones,"Nokia Audio Dock, VoIP",444.88,4,0,4.4
ID-2015-HG148457-42357,2015-12-19 00:00:00,HG-148457,Harry Greene,Consumer,Australia,Asia Pacific,Oceania,FUR-CH-4558,Furniture,Chairs,"Harbour Creations Steel Folding Chair, Black",171.82800000000003,2,0.1,20.987999999999996
QA-2015-LM7065105-42362,2015-12-24 00:00:00,LM-7065105,Liz MacKendrick,Consumer,Qatar,Asia Pacific,Western Asia,TEC-CO-6006,Technology,Copiers,"Sharp Personal Copier, Digital",119.64000000000001,1,0,59.82000000000001
IN-2015-HG1484558-42339,2015-12-01 00:00:00,HG-1484558,Harry Greene,Consumer,India,Asia Pacific,Southern Asia,OFF-PA-5885,Office Supplies,Paper,"SanDisk Note Cards, Multicolor",237.72,7,0,52.290000000000006
MX-2015-AG1052518-42357,2015-12-19 00:00:00,AG-1052518,Andy Gerbode,Corporate,Brazil,LATAM,South America,OFF-ST-6248,Office Supplies,Storage,"Tenex File Cart, Single Width",268.32,3,0,88.5
CA-2015-DV13465140-42340,2015-12-02 00:00:00,DV-134651404,Dianna Vittorini,Consumer,United States,USCA,Western US,TEC-PH-4893,Technology,Phones,Jabra BIZ 2300 Duo QD Duo Corded Headset,406.368,4,0.2,30.47759999999998
CA-2015-DV13465140-42340,2015-12-02 00:00:00,DV-134651404,Dianna Vittorini,Consumer,United States,USCA,Western US,TEC-PH-4382,Technology,Phones,GE 30524EE4,470.3760000000001,3,0.2,52.917299999999955
CA-2015-DV13465140-42340,2015-12-02 00:00:00,DV-134651404,Dianna Vittorini,Consumer,United States,USCA,Western US,TEC-PH-3169,Technology,Phones,AT&T SB67148 SynJ,105.584,2,0.2,9.238600000000005
CA-2015-DV13465140-42340,2015-12-02 00:00:00,DV-134651404,Dianna Vittorini,Consumer,United States,USCA,Western US,OFF-AP-4247,Office Supplies,Appliances,Fellowes Basic Home/Office Series Surge Protectors,31.152,3,0.2,3.5045999999999964
CA-2015-DV13465140-42340,2015-12-02 00:00:00,DV-134651404,Dianna Vittorini,Consumer,United States,USCA,Western US,OFF-BI-5670,Office Supplies,Binders,Recycled Pressboard Report Cover with Reinforced Top Hinge,6.783,7,0.7,-4.748099999999997
US-2015-DP13165143-42362,2015-12-24 00:00:00,DP-13165143,David Philippe,Consumer,Venezuela,LATAM,South America,OFF-ST-5708,Office Supplies,Storage,"Rogers Shelving, Wire Frame",171.35999999999999,7,0.4,-34.30000000000001
NI-2015-EL373595-42343,2015-12-05 00:00:00,EL-373595,Ed Ludwig,Home Office,Nigeria,Africa,Western Africa,OFF-ST-5700,Office Supplies,Storage,"Rogers Lockers, Blue",380.91600000000005,6,0.7,-800.0639999999999
ES-2015-ES1402048-42369,2015-12-31 00:00:00,ES-1402048,Erica Smith,Consumer,Germany,Europe,Western Europe,OFF-SU-4991,Office Supplies,Supplies,"Kleencut Shears, Serrated",260.82,6,0,12.96
TU-2015-JD5895134-42367,2015-12-29 00:00:00,JD-5895134,Jonathan Doherty,Corporate,Turkey,Asia Pacific,Western Asia,OFF-AR-5902,Office Supplies,Art,"Sanford Canvas, Blue",40.416,2,0.6,-31.343999999999994
MX-2015-AR1082536-42347,2015-12-09 00:00:00,AR-1082536,Anthony Rawles,Corporate,Dominican Republic,LATAM,Caribbean,OFF-SU-4327,Office Supplies,Supplies,"Fiskars Trimmer, Serrated",62.40000000000002,3,0.2,8.579999999999993
IT-2015-VG2180591-42365,2015-12-27 00:00:00,VG-2180591,Vivek Grady,Corporate,Netherlands,Europe,Western Europe,TEC-MA-5543,Technology,Machines,"Panasonic Card Printer, Red",341.94,4,0.5,-102.65999999999997
US-2015-TB21595101-42341,2015-12-03 00:00:00,TB-21595101,Troy Blackwell,Consumer,Peru,LATAM,South America,FUR-CH-5756,Furniture,Chairs,"SAFCO Chairmat, Adjustable",99.696,4,0.4,-58.224000000000004
ES-2015-ZD2192545-42368,2015-12-30 00:00:00,ZD-2192545,Zuschuss Donatelli,Consumer,France,Europe,Western Europe,OFF-ST-6060,Office Supplies,Storage,"Smead Shelving, Wire Frame",216,5,0.1,86.4
IN-2015-TD2099527-42349,2015-12-11 00:00:00,TD-2099527,Tamara Dahlen,Consumer,China,Asia Pacific,Eastern Asia,FUR-FU-3949,Furniture,Furnishings,"Deflect-O Light Bulb, Erganomic",52.83,3,0,18.990000000000002
ES-2015-SJ20215139-42341,2015-12-03 00:00:00,SJ-20215139,Sarah Jordon,Consumer,United Kingdom,Europe,Northern Europe,OFF-BI-3724,Office Supplies,Binders,"Cardinal Binding Machine, Clear",393.8400000000001,8,0,157.44
MX-2015-RC1996039-42347,2015-12-09 00:00:00,RC-1996039,Ryan Crowe,Consumer,El Salvador,LATAM,Central America,TEC-PH-5837,Technology,Phones,"Samsung Signal Booster, VoIP",182.24000000000004,2,0,21.84
MX-2015-MM1792039-42356,2015-12-18 00:00:00,MM-1792039,Michael Moore,Consumer,El Salvador,LATAM,Central America,FUR-CH-4547,Furniture,Chairs,"Harbour Creations Rocking Chair, Set of Two",199.11999999999998,2,0,43.8
ES-2015-JF1541548-42342,2015-12-04 00:00:00,JF-1541548,Jennifer Ferguson,Consumer,Germany,Europe,Western Europe,OFF-AP-4500,Office Supplies,Appliances,"Hamilton Beach Microwave, White",252.58499999999998,1,0.1,-11.234999999999996
AU-2015-DA34508-42355,2015-12-17 00:00:00,DA-34508,Dianna Arnett,Home Office,Austria,Europe,Western Europe,OFF-BI-4817,Office Supplies,Binders,"Ibico Binding Machine, Economy",719.88,14,0,64.68
ES-2015-DJ1342048-42347,2015-12-09 00:00:00,DJ-1342048,Denny Joy,Corporate,Germany,Europe,Western Europe,TEC-AC-5200,Technology,Accessories,"Memorex Keyboard, Erganomic",138.3,2,0,2.7600000000000002
ES-2015-BT1139545-42341,2015-12-03 00:00:00,BT-1139545,Bill Tyler,Corporate,France,Europe,Western Europe,OFF-ST-4257,Office Supplies,Storage,"Fellowes File Cart, Blue",370.737,3,0.1,123.507
SF-2015-DN3690117-42357,2015-12-19 00:00:00,DN-3690117,Duane Noonan,Consumer,South Africa,Africa,Southern Africa,TEC-MA-4190,Technology,Machines,"Epson Calculator, Red",43.56,1,0,15.66
KG-2015-RH955570-42340,2015-12-02 00:00:00,RH-955570,Ritsa Hightower,Consumer,Kyrgyzstan,Asia Pacific,Central Asia,OFF-FA-6195,Office Supplies,Fasteners,"Stockwell Push Pins, Bulk Pack",114.96000000000001,8,0,24
MX-2015-KH1636082-42364,2015-12-26 00:00:00,KH-1636082,Katherine Hughes,Consumer,Mexico,LATAM,Central America,FUR-CH-5451,Furniture,Chairs,"Office Star Steel Folding Chair, Black",142.848,3,0.2,46.368
ES-2015-DM13345120-42367,2015-12-29 00:00:00,DM-13345120,Denise Monton,Corporate,Spain,Europe,Southern Europe,TEC-MA-6145,Technology,Machines,"StarTech Phone, White",131.274,2,0.1,45.17400000000001
IT-2015-BP11095124-42363,2015-12-25 00:00:00,BP-11095124,Bart Pistole,Corporate,Sweden,Europe,Northern Europe,FUR-FU-3039,Furniture,Furnishings,"Advantus Light Bulb, Erganomic",67.28399999999999,9,0.6,-85.80599999999998
IT-2015-SL2015564-42340,2015-12-02 00:00:00,SL-2015564,Sara Luxemburg,Home Office,Italy,Europe,Southern Europe,OFF-SU-4987,Office Supplies,Supplies,"Kleencut Scissors, Serrated",170.91000000000003,9,0,13.5
RS-2015-SR10740108-42348,2015-12-10 00:00:00,SR-10740108,Steven Roelle,Home Office,Russia,Europe,Eastern Europe,FUR-FU-4043,Furniture,Furnishings,"Eldon Door Stop, Erganomic",195.12,4,0,25.32
MO-2015-MC757586-42360,2015-12-22 00:00:00,MC-757586,Matt Collins,Consumer,Morocco,Africa,North Africa,OFF-AR-3492,Office Supplies,Art,"Binney & Smith Pencil Sharpener, Easy-Erase",111.72,4,0,12.24
IN-2015-TB2125058-42367,2015-12-29 00:00:00,TB-2125058,Tim Brockman,Consumer,India,Asia Pacific,Southern Asia,OFF-AP-3566,Office Supplies,Appliances,"Breville Coffee Grinder, Black",245.16,4,0,73.44
IN-2015-EM1406558-42353,2015-12-15 00:00:00,EM-1406558,Erin Mull,Consumer,India,Asia Pacific,Southern Asia,TEC-AC-5887,Technology,Accessories,"SanDisk Numeric Keypad, Bluetooth",110.70000000000002,2,0,12.120000000000001
MX-2015-AS1028518-42342,2015-12-04 00:00:00,AS-1028518,Alejandro Savely,Corporate,Brazil,LATAM,South America,OFF-PA-4184,Office Supplies,Paper,"Enermax Parchment Paper, Recycled",40.8,4,0,0
ES-2015-GW1460545-42351,2015-12-13 00:00:00,GW-1460545,Giulietta Weimer,Consumer,France,Europe,Western Europe,OFF-SU-6167,Office Supplies,Supplies,"Stiletto Letter Opener, Steel",125.40000000000003,5,0,15
CG-2015-AF87033-42357,2015-12-19 00:00:00,AF-87033,Art Ferguson,Consumer,Democratic Republic of the Congo,Africa,Central Africa,FUR-CH-4545,Furniture,Chairs,"Harbour Creations Rocking Chair, Black",144.66,1,0,43.38
CA-2015-DJ13630140-42357,2015-12-19 00:00:00,DJ-136301406,Doug Jacobs,Consumer,United States,USCA,Eastern US,OFF-AP-4932,Office Supplies,Appliances,Kensington 7 Outlet MasterPiece HOMEOFFICE Power Control Center,1704.56,13,0,511.368
CA-2015-DJ13630140-42357,2015-12-19 00:00:00,DJ-136301406,Doug Jacobs,Consumer,United States,USCA,Eastern US,FUR-CH-5423,Furniture,Chairs,Office Star - Contemporary Swivel Chair with Padded Adjustable Arms and Flex Back,1141.9379999999999,9,0.1,139.5701999999999
CA-2015-DJ13630140-42357,2015-12-19 00:00:00,DJ-136301406,Doug Jacobs,Consumer,United States,USCA,Eastern US,OFF-FA-6129,Office Supplies,Fasteners,Staples,38.82,6,0,17.468999999999998
IN-2015-KL16555144-42354,2015-12-16 00:00:00,KL-16555144,Kelly Lampkin,Corporate,Vietnam,Asia Pacific,Southeastern Asia,OFF-SU-4308,Office Supplies,Supplies,"Fiskars Letter Opener, Easy Grip",139.0914,6,0.17,28.391400000000004
CA-2015-DJ13630140-42357,2015-12-19 00:00:00,DJ-136301406,Doug Jacobs,Consumer,United States,USCA,Eastern US,OFF-AR-5928,Office Supplies,Art,Sanford Pocket Accent Highlighters,3.2,2,0,1.3760000000000003
IN-2015-PJ1901527-42350,2015-12-12 00:00:00,PJ-1901527,Pauline Johnson,Consumer,China,Asia Pacific,Eastern Asia,TEC-PH-5349,Technology,Phones,"Nokia Office Telephone, with Caller ID",130.26,2,0,31.259999999999998
CA-2015-DO13645140-42343,2015-12-05 00:00:00,DO-136451406,Doug O'Connell,Consumer,United States,USCA,Eastern US,FUR-CH-4419,Furniture,Chairs,Global Low Back Tilter Chair,302.94,3,0,18.176399999999973
CA-2015-DO13645140-42343,2015-12-05 00:00:00,DO-136451406,Doug O'Connell,Consumer,United States,USCA,Eastern US,FUR-CH-4428,Furniture,Chairs,"Global Value Steno Chair, Gray",182.22,3,0,45.55500000000001
MX-2015-PM1894031-42340,2015-12-02 00:00:00,PM-1894031,Paul MacIntyre,Consumer,Cuba,LATAM,Caribbean,TEC-CO-3600,Technology,Copiers,"Brother Ink, Digital",195.52816,2,0.002,13.288160000000001
CA-2015-DO13645140-42343,2015-12-05 00:00:00,DO-136451406,Doug O'Connell,Consumer,United States,USCA,Eastern US,FUR-FU-6297,Furniture,Furnishings,"Tensor ""Hersey Kiss"" Styled Floor Lamp",12.99,1,0,1.5587999999999997
HR-2015-DB306030-42361,2015-12-23 00:00:00,DB-306030,Dave Brooks,Consumer,Croatia,Europe,Southern Europe,TEC-PH-5352,Technology,Phones,"Nokia Signal Booster, VoIP",273.18,2,0,76.44
ES-2015-JF1535564-42356,2015-12-18 00:00:00,JF-1535564,Jay Fein,Consumer,Italy,Europe,Southern Europe,OFF-ST-5711,Office Supplies,Storage,"Rogers Trays, Single Width",185.13,5,0.4,-101.97
IT-2015-AB1010562-42342,2015-12-04 00:00:00,AB-1010562,Adrian Barton,Consumer,Ireland,Europe,Northern Europe,OFF-ST-4293,Office Supplies,Storage,"Fellowes Trays, Blue",143.475,5,0.5,-123.52499999999999
IN-2015-EH137657-42367,2015-12-29 00:00:00,EH-137657,Edward Hooks,Corporate,Australia,Asia Pacific,Oceania,OFF-ST-6274,Office Supplies,Storage,"Tenex Shelving, Single Width",196.884,4,0.1,6.443999999999999
ID-2015-HG148457-42357,2015-12-19 00:00:00,HG-148457,Harry Greene,Consumer,Australia,Asia Pacific,Oceania,TEC-MA-5000,Technology,Machines,"Konica Calculator, White",315.252,7,0.1,41.831999999999994
ID-2015-TP2156559-42355,2015-12-17 00:00:00,TP-2156559,Tracy Poddar,Corporate,Indonesia,Asia Pacific,Southeastern Asia,FUR-FU-3028,Furniture,Furnishings,"Advantus Door Stop, Duo Pack",98.74709999999999,3,0.27,2.6270999999999987
ES-2015-TA21385120-42343,2015-12-05 00:00:00,TA-21385120,Tom Ashbrook,Home Office,Spain,Europe,Southern Europe,OFF-BI-2900,Office Supplies,Binders,"Acco Binding Machine, Durable",157.77,3,0,37.800000000000004
CA-2015-DB13660140-42357,2015-12-19 00:00:00,DB-136601406,Duane Benoit,Consumer,United States,USCA,Eastern US,FUR-FU-3910,Furniture,Furnishings,"DAX Charcoal/Nickel-Tone Document Frame, 5 x 7",18.96,2,0,8.532
ID-2015-SM2032097-42348,2015-12-10 00:00:00,SM-2032097,Sean Miller,Home Office,Pakistan,Asia Pacific,Southern Asia,OFF-ST-6033,Office Supplies,Storage,"Smead File Cart, Single Width",128.42999999999998,2,0.5,-20.549999999999983
AO-2015-RW95404-42343,2015-12-05 00:00:00,RW-95404,Rick Wilson,Corporate,Angola,Africa,Central Africa,FUR-CH-4564,Furniture,Chairs,"Harbour Creations Swivel Stool, Set of Two",182.37,1,0,52.86
MX-2015-SP2054582-42353,2015-12-15 00:00:00,SP-2054582,Sibella Parks,Corporate,Mexico,LATAM,Central America,OFF-AR-5923,Office Supplies,Art,"Sanford Pencil Sharpener, Water Color",174.06,9,0,50.4
IN-2015-JK156257-42368,2015-12-30 00:00:00,JK-156257,Jim Karlsson,Consumer,Australia,Asia Pacific,Oceania,OFF-ST-4293,Office Supplies,Storage,"Fellowes Trays, Blue",154.953,3,0.1,58.473
US-2015-BD1132082-42364,2015-12-26 00:00:00,BD-1132082,Bill Donatelli,Consumer,Mexico,LATAM,Central America,FUR-BO-5745,Furniture,Bookcases,"Safco 3-Shelf Cabinet, Metal",269.28000000000003,3,0.2,-40.44000000000001
ES-2015-ZD2192545-42368,2015-12-30 00:00:00,ZD-2192545,Zuschuss Donatelli,Consumer,France,Europe,Western Europe,FUR-BO-3618,Furniture,Bookcases,"Bush 3-Shelf Cabinet, Traditional",129.03300000000002,1,0.1,17.192999999999998
IN-2015-DJ1351059-42363,2015-12-25 00:00:00,DJ-1351059,Don Jones,Corporate,Indonesia,Asia Pacific,Southeastern Asia,FUR-FU-3027,Furniture,Furnishings,"Advantus Door Stop, Black",230.1033,7,0.27,44.04330000000003
ES-2015-CD11980139-42368,2015-12-30 00:00:00,CD-11980139,Carol Darley,Consumer,United Kingdom,Europe,Northern Europe,TEC-CO-4589,Technology,Copiers,"Hewlett Personal Copier, Laser",288.53999999999996,2,0,17.28
IN-2015-DF1313559-42360,2015-12-22 00:00:00,DF-1313559,David Flashing,Consumer,Indonesia,Asia Pacific,Southeastern Asia,OFF-BI-3724,Office Supplies,Binders,"Cardinal Binding Machine, Clear",163.44360000000003,4,0.17,57.00359999999999
ES-2015-AM1070545-42344,2015-12-06 00:00:00,AM-1070545,Anne McFarland,Consumer,France,Europe,Western Europe,OFF-AR-3493,Office Supplies,Art,"Binney & Smith Pencil Sharpener, Fluorescent",133.35000000000002,5,0,5.249999999999999
IT-2015-ED13885139-42354,2015-12-16 00:00:00,ED-13885139,Emily Ducich,Home Office,United Kingdom,Europe,Northern Europe,FUR-FU-4083,Furniture,Furnishings,"Eldon Photo Frame, Black",122.031,3,0.3,-20.979
ES-2015-BG1174045-42353,2015-12-15 00:00:00,BG-1174045,Bruce Geld,Consumer,France,Europe,Western Europe,OFF-AR-6122,Office Supplies,Art,"Stanley Pens, Easy-Erase",41.28,4,0,18.12
IN-2015-KT16480102-42342,2015-12-04 00:00:00,KT-16480102,Kean Thornton,Consumer,Philippines,Asia Pacific,Southeastern Asia,FUR-TA-3352,Furniture,Tables,"Barricks Training Table, Adjustable Height",432.6614999999999,3,0.55,-394.2585
US-2015-AC1066054-42367,2015-12-29 00:00:00,AC-1066054,Anna Chung,Consumer,Haiti,LATAM,Caribbean,OFF-ST-5711,Office Supplies,Storage,"Rogers Trays, Single Width",172.78799999999998,7,0.4,-57.65200000000001
ES-2015-HM1486045-42365,2015-12-27 00:00:00,HM-1486045,Harry Marie,Corporate,France,Europe,Western Europe,TEC-AC-5204,Technology,Accessories,"Memorex Memory Card, Erganomic",200.15999999999997,2,0,36
ID-2015-KC166757-42367,2015-12-29 00:00:00,KC-166757,Kimberly Carter,Corporate,Australia,Asia Pacific,Oceania,FUR-CH-5756,Furniture,Chairs,"SAFCO Chairmat, Adjustable",112.158,2,0.1,7.457999999999997
IN-2015-JG151607-42339,2015-12-01 00:00:00,JG-151607,James Galang,Consumer,Australia,Asia Pacific,Oceania,TEC-MA-4196,Technology,Machines,"Epson Card Printer, Wireless",305.90999999999997,2,0.1,47.54999999999999
IT-2015-JC1577591-42368,2015-12-30 00:00:00,JC-1577591,John Castell,Consumer,Netherlands,Europe,Western Europe,OFF-AP-3858,Office Supplies,Appliances,"Cuisinart Blender, Silver",67.74000000000001,2,0.5,-62.34000000000001
ID-2015-AR1057059-42367,2015-12-29 00:00:00,AR-1057059,Anemone Ratner,Consumer,Indonesia,Asia Pacific,Southeastern Asia,OFF-AP-4949,Office Supplies,Appliances,"KitchenAid Blender, Black",161.00339999999997,2,0.17,32.9634
IT-2015-BP11095124-42363,2015-12-25 00:00:00,BP-11095124,Bart Pistole,Corporate,Sweden,Europe,Northern Europe,TEC-MA-5567,Technology,Machines,"Panasonic Phone, Durable",42.480000000000004,1,0.5,-3.4200000000000017
ES-2015-PB1921045-42354,2015-12-16 00:00:00,PB-1921045,Phillip Breyer,Corporate,France,Europe,Western Europe,OFF-ST-6282,Office Supplies,Storage,"Tenex Trays, Industrial",196.88399999999996,4,0.1,-0.03599999999999781
IN-2015-JG153107-42350,2015-12-12 00:00:00,JG-153107,Jason Gross,Corporate,Australia,Asia Pacific,Oceania,FUR-FU-3946,Furniture,Furnishings,"Deflect-O Light Bulb, Black",102.54599999999999,6,0.1,12.365999999999998
SA-2015-EB3930110-42362,2015-12-24 00:00:00,EB-3930110,Eric Barreto,Consumer,Saudi Arabia,Asia Pacific,Western Asia,FUR-FU-3941,Furniture,Furnishings,"Deflect-O Frame, Duo Pack",220.20000000000002,2,0,17.580000000000002
ES-2015-SD20485139-42354,2015-12-16 00:00:00,SD-20485139,Shirley Daniels,Home Office,United Kingdom,Europe,Northern Europe,OFF-AR-3477,Office Supplies,Art,"Binney & Smith Canvas, Fluorescent",157.85999999999999,3,0,29.97
ES-2015-AW1084048-42353,2015-12-15 00:00:00,AW-1084048,Anthony Witt,Consumer,Germany,Europe,Western Europe,OFF-AR-3555,Office Supplies,Art,"Boston Sketch Pad, Water Color",155.34,3,0,4.59
TU-2015-VD11670134-42369,2015-12-31 00:00:00,VD-11670134,Valerie Dominguez,Consumer,Turkey,Asia Pacific,Western Asia,FUR-FU-6256,Furniture,Furnishings,"Tenex Frame, Erganomic",173.76,4,0.6,-117.35999999999999
MX-2015-TC2153593-42366,2015-12-28 00:00:00,TC-2153593,Tracy Collins,Home Office,Nicaragua,LATAM,Central America,FUR-CH-4630,Furniture,Chairs,"Hon Chairmat, Adjustable",116.04,3,0,26.640000000000004
ES-2015-AT1073545-42367,2015-12-29 00:00:00,AT-1073545,Annie Thurman,Consumer,France,Europe,Western Europe,OFF-AR-5919,Office Supplies,Art,"Sanford Markers, Fluorescent",98.03999999999999,4,0,39.12
IN-2015-MH1778559-42369,2015-12-31 00:00:00,MH-1778559,Maya Herman,Corporate,Indonesia,Asia Pacific,Southeastern Asia,TEC-PH-3793,Technology,Phones,"Cisco Headset, with Caller ID",293.6208,4,0.17,88.4208
JO-2015-PT909067-42367,2015-12-29 00:00:00,PT-909067,Pete Takahito,Consumer,Jordan,Asia Pacific,Western Asia,FUR-BO-5779,Furniture,Bookcases,"Safco Floating Shelf Set, Pine",198.09,1,0,29.700000000000003
MX-2015-JB1600031-42368,2015-12-30 00:00:00,JB-1600031,Joy Bell-,Consumer,Cuba,LATAM,Caribbean,OFF-SU-4120,Office Supplies,Supplies,"Elite Letter Opener, Easy Grip",173.52,9,0,29.340000000000003
MX-2015-BF1127531-42348,2015-12-10 00:00:00,BF-1127531,Beth Fritzler,Corporate,Cuba,LATAM,Caribbean,TEC-AC-5131,Technology,Accessories,"Logitech Numeric Keypad, Erganomic",88.25999999999999,3,0,44.1
IN-2015-VB2174527-42357,2015-12-19 00:00:00,VB-2174527,Victoria Brennan,Corporate,China,Asia Pacific,Eastern Asia,OFF-ST-5702,Office Supplies,Storage,"Rogers Lockers, Single Width",211.64999999999998,1,0,93.12
TU-2015-JG5115134-42364,2015-12-26 00:00:00,JG-5115134,Jack Garza,Consumer,Turkey,Asia Pacific,Western Asia,OFF-BI-6383,Office Supplies,Binders,"Wilson Jones Binding Machine, Durable",80.736,4,0.6,-117.144
IN-2015-TT2107092-42355,2015-12-17 00:00:00,TT-2107092,Ted Trevino,Consumer,New Zealand,Asia Pacific,Oceania,OFF-BI-3712,Office Supplies,Binders,"Cardinal 3-Hole Punch, Clear",56.519999999999996,2,0,23.700000000000003
IN-2015-DK12985144-42346,2015-12-08 00:00:00,DK-12985144,Darren Koutras,Consumer,Vietnam,Asia Pacific,Southeastern Asia,FUR-FU-5741,Furniture,Furnishings,"Rubbermaid Stacking Tray, Erganomic",80.92049999999999,5,0.27,-0.07950000000000301
MX-2015-CB1202531-42360,2015-12-22 00:00:00,CB-1202531,Cassandra Brandow,Consumer,Cuba,LATAM,Caribbean,OFF-PA-6619,Office Supplies,Paper,"Xerox Note Cards, Premium",70.32000000000001,4,0,28.8
IN-2015-JG153107-42350,2015-12-12 00:00:00,JG-153107,Jason Gross,Corporate,Australia,Asia Pacific,Oceania,OFF-EN-5039,Office Supplies,Envelopes,"Kraft Manila Envelope, Set of 50",143.046,6,0.1,3.0060000000000002
IN-2015-JB1592527-42360,2015-12-22 00:00:00,JB-1592527,Joni Blumstein,Consumer,China,Asia Pacific,Eastern Asia,TEC-AC-5129,Technology,Accessories,"Logitech Mouse, USB",58.980000000000004,2,0,12.96
ID-2015-TP2156559-42355,2015-12-17 00:00:00,TP-2156559,Tracy Poddar,Corporate,Indonesia,Asia Pacific,Southeastern Asia,OFF-AR-3492,Office Supplies,Art,"Binney & Smith Pencil Sharpener, Easy-Erase",101.9445,5,0.27,16.744500000000002
IN-2015-Co1264088-42365,2015-12-27 00:00:00,Co-1264088,Corey-Lock,Consumer,Myanmar (Burma),Asia Pacific,Southeastern Asia,TEC-CO-3605,Technology,Copiers,"Brother Personal Copier, Digital",179.58780000000004,2,0.37,-19.972200000000015
US-2015-EH1376555-42351,2015-12-13 00:00:00,EH-1376555,Edward Hooks,Corporate,Honduras,LATAM,Central America,FUR-FU-3032,Furniture,Furnishings,"Advantus Frame, Black",177.79199999999997,4,0.4,-94.848
US-2015-EG13900140-42347,2015-12-09 00:00:00,EG-139001406,Emily Grady,Consumer,United States,USCA,Eastern US,FUR-CH-4404,Furniture,Chairs,Global Deluxe Steno Chair,215.544,4,0.3,-58.50480000000002
IZ-2015-MM792061-42341,2015-12-03 00:00:00,MM-792061,Michael Moore,Consumer,Iraq,Asia Pacific,Western Asia,TEC-CO-3683,Technology,Copiers,"Canon Fax and Copier, Digital",381.96,2,0,42
IN-2015-WB2185027-42346,2015-12-08 00:00:00,WB-2185027,William Brown,Consumer,China,Asia Pacific,Eastern Asia,OFF-SU-6179,Office Supplies,Supplies,"Stiletto Shears, Steel",94.98000000000002,2,0,9.48
ES-2015-BP1129045-42348,2015-12-10 00:00:00,BP-1129045,Beth Paige,Consumer,France,Europe,Western Europe,OFF-AR-3475,Office Supplies,Art,"Binney & Smith Canvas, Blue",205.43999999999997,4,0,39
EG-2015-KH651038-42354,2015-12-16 00:00:00,KH-651038,Keith Herrera,Consumer,Egypt,Africa,North Africa,OFF-ST-5705,Office Supplies,Storage,"Rogers Shelving, Blue",124.25999999999999,2,0,6.18
IN-2015-DW1358566-42364,2015-12-26 00:00:00,DW-1358566,Dorothy Wardle,Corporate,Japan,Asia Pacific,Eastern Asia,OFF-FA-3071,Office Supplies,Fasteners,"Advantus Staples, Metal",98.82000000000001,9,0,11.61
CA-2015-EP13915140-42352,2015-12-14 00:00:00,EP-139151404,Emily Phan,Consumer,United States,USCA,Western US,FUR-FU-4046,Furniture,Furnishings,"Eldon Executive Woodline II Desk Accessories, Mahogany",201.04,8,0,54.2808
IT-2015-GA1451591-42347,2015-12-09 00:00:00,GA-1451591,George Ashbrook,Consumer,Netherlands,Europe,Western Europe,FUR-FU-5740,Furniture,Furnishings,"Rubbermaid Stacking Tray, Durable",140.78400000000002,7,0.2,28.01399999999999
CA-2015-EP13915140-42352,2015-12-14 00:00:00,EP-139151404,Emily Phan,Consumer,United States,USCA,Western US,OFF-PA-6555,Office Supplies,Paper,Xerox 1996,38.88,6,0,18.6624
CA-2015-EP13915140-42357,2015-12-19 00:00:00,EP-139151404,Emily Phan,Consumer,United States,USCA,Western US,OFF-AR-5305,Office Supplies,Art,Newell 327,6.63,3,0,1.7901
CA-2015-EP13915140-42357,2015-12-19 00:00:00,EP-139151404,Emily Phan,Consumer,United States,USCA,Western US,OFF-PA-6555,Office Supplies,Paper,Xerox 1996,12.96,2,0,6.2208000000000006
CA-2015-EP13915140-42352,2015-12-14 00:00:00,EP-139151404,Emily Phan,Consumer,United States,USCA,Western US,OFF-PA-6532,Office Supplies,Paper,Xerox 1975,12.96,2,0,6.3504000000000005
CA-2015-EP13915140-42352,2015-12-14 00:00:00,EP-139151404,Emily Phan,Consumer,United States,USCA,Western US,OFF-LA-3209,Office Supplies,Labels,Avery 49,8.64,3,0,4.2336
SG-2015-BE1410111-42348,2015-12-10 00:00:00,BE-1410111,Bobby Elias,Consumer,Senegal,Africa,Western Africa,TEC-CO-4580,Technology,Copiers,"Hewlett Ink, Digital",148.32,1,0,66.72
IN-2015-NP1870059-42340,2015-12-02 00:00:00,NP-1870059,Nora Preis,Consumer,Indonesia,Asia Pacific,Southeastern Asia,OFF-AR-3537,Office Supplies,Art,"Boston Markers, Blue",115.50060000000002,6,0.27,-34.97940000000001
MX-2015-CC1247518-42353,2015-12-15 00:00:00,CC-1247518,Cindy Chapman,Consumer,Brazil,LATAM,South America,FUR-FU-3933,Furniture,Furnishings,"Deflect-O Door Stop, Duo Pack",58.67999999999999,2,0,15.84
CA-2015-EP13915140-42357,2015-12-19 00:00:00,EP-139151404,Emily Phan,Consumer,United States,USCA,Western US,OFF-PA-6576,Office Supplies,Paper,Xerox 213,32.400000000000006,5,0,15.552000000000001
ES-2015-CW11905139-42361,2015-12-23 00:00:00,CW-11905139,Carl Weiss,Home Office,United Kingdom,Europe,Northern Europe,OFF-BI-3257,Office Supplies,Binders,"Avery Binding Machine, Economy",131.868,3,0.1,2.897999999999996
IR-2015-JO528060-42350,2015-12-12 00:00:00,JO-528060,Jas O'Carroll,Consumer,Iran,Asia Pacific,Southern Asia,TEC-CO-4581,Technology,Copiers,"Hewlett Ink, High-Speed",146.88,1,0,44.04
MX-2015-RR1952536-42369,2015-12-31 00:00:00,RR-1952536,Rick Reed,Corporate,Dominican Republic,LATAM,Caribbean,TEC-AC-5201,Technology,Accessories,"Memorex Keyboard, Programmable",155.39200000000002,4,0.2,40.751999999999995
ES-2015-VW21775120-42363,2015-12-25 00:00:00,VW-21775120,Victoria Wilson,Corporate,Spain,Europe,Southern Europe,TEC-CO-3706,Technology,Copiers,"Canon Personal Copier, Laser",285.48,2,0,128.46
MX-2015-CK1220582-42365,2015-12-27 00:00:00,CK-1220582,Chloris Kastensmidt,Consumer,Mexico,LATAM,Central America,TEC-CO-4787,Technology,Copiers,"HP Personal Copier, Laser",248.08284000000003,3,0.002,108.82283999999997
AG-2015-YS118803-42365,2015-12-27 00:00:00,YS-118803,Yana Sorensen,Corporate,Algeria,Africa,North Africa,TEC-MA-6132,Technology,Machines,"StarTech Calculator, Durable",160.32,4,0,24
IT-2015-SL2015564-42340,2015-12-02 00:00:00,SL-2015564,Sara Luxemburg,Home Office,Italy,Europe,Southern Europe,OFF-PA-5878,Office Supplies,Paper,"SanDisk Message Books, Premium",166.74,7,0,43.26
ES-2015-PW19030120-42362,2015-12-24 00:00:00,PW-19030120,Pauline Webber,Corporate,Spain,Europe,Southern Europe,FUR-FU-3066,Furniture,Furnishings,"Advantus Stacking Tray, Durable",79.11000000000001,3,0,21.330000000000002
ID-2015-RP1939092-42354,2015-12-16 00:00:00,RP-1939092,Resi Pölking,Consumer,New Zealand,Asia Pacific,Oceania,TEC-PH-5837,Technology,Phones,"Samsung Signal Booster, VoIP",164.016,2,0.4,-95.724
TU-2015-JD5895134-42367,2015-12-29 00:00:00,JD-5895134,Jonathan Doherty,Corporate,Turkey,Asia Pacific,Western Asia,OFF-ST-5693,Office Supplies,Storage,"Rogers File Cart, Single Width",56.652,1,0.6,-48.16799999999999
ES-2015-AW1084048-42353,2015-12-15 00:00:00,AW-1084048,Anthony Witt,Consumer,Germany,Europe,Western Europe,OFF-AR-3492,Office Supplies,Art,"Binney & Smith Pencil Sharpener, Easy-Erase",167.57999999999998,6,0,18.36
CA-2015-EB13975140-42369,2015-12-31 00:00:00,EB-139751404,Erica Bern,Corporate,United States,USCA,Western US,OFF-BI-4335,Office Supplies,Binders,GBC Binding covers,20.72,2,0.2,6.474999999999998
CA-2015-EB13975140-42369,2015-12-31 00:00:00,EB-139751404,Erica Bern,Corporate,United States,USCA,Western US,OFF-BI-3741,Office Supplies,Binders,"Cardinal Slant-D Ring Binder, Heavy Gauge Vinyl",13.904,2,0.2,4.5188
ES-2015-AS1022545-42357,2015-12-19 00:00:00,AS-1022545,Alan Schoenberger,Corporate,France,Europe,Western Europe,OFF-BI-3713,Office Supplies,Binders,"Cardinal 3-Hole Punch, Durable",212.09999999999997,7,0,97.43999999999998
CA-2015-EH14005140-42340,2015-12-02 00:00:00,EH-140051406,Erica Hernandez,Home Office,United States,USCA,Eastern US,OFF-EN-5651,Office Supplies,Envelopes,Quality Park Security Envelopes,104.68000000000002,5,0.2,35.329499999999996
CA-2015-EH14005140-42367,2015-12-29 00:00:00,EH-140051408,Erica Hernandez,Home Office,United States,USCA,Southern US,OFF-ST-3745,Office Supplies,Storage,Carina Double Wide Media Storage Towers in Natural & Black,64.784,1,0.2,-12.956800000000005
US-2015-TG216405-42343,2015-12-05 00:00:00,TG-216405,Trudy Glocke,Consumer,Argentina,LATAM,South America,FUR-BO-4859,Furniture,Bookcases,"Ikea Floating Shelf Set, Traditional",272.544,4,0.4,-54.576
CA-2015-EH14005140-42340,2015-12-02 00:00:00,EH-140051406,Erica Hernandez,Home Office,United States,USCA,Eastern US,TEC-PH-3406,Technology,Phones,"Belkin SportFit Armband For iPhone 5s/5c, Fuchsia",62.958,7,0.4,9.4437
ID-2015-MG1820592-42343,2015-12-05 00:00:00,MG-1820592,Mitch Gastineau,Corporate,New Zealand,Asia Pacific,Oceania,TEC-CO-6004,Technology,Copiers,"Sharp Ink, Laser",447.876,6,0.4,-283.824
ES-2015-NC1834045-42364,2015-12-26 00:00:00,NC-1834045,Nat Carroll,Consumer,France,Europe,Western Europe,TEC-MA-5493,Technology,Machines,"Okidata Calculator, Durable",133.6455,3,0.15,-12.604499999999998
ES-2015-AH1069048-42339,2015-12-01 00:00:00,AH-1069048,Anna Häberlin,Corporate,Germany,Europe,Western Europe,OFF-EN-5035,Office Supplies,Envelopes,"Kraft Mailers, Set of 50",225.90000000000003,6,0,60.84
MX-2015-TC2153593-42366,2015-12-28 00:00:00,TC-2153593,Tracy Collins,Home Office,Nicaragua,LATAM,Central America,TEC-AC-5133,Technology,Accessories,"Logitech Numeric Keypad, USB",124.08,4,0,0
IN-2015-PS1876058-42340,2015-12-02 00:00:00,PS-1876058,Pamela Stobb,Consumer,India,Asia Pacific,Southern Asia,OFF-AP-3862,Office Supplies,Appliances,"Cuisinart Coffee Grinder, Silver",118.08,3,0,25.92
IN-2015-KW1657059-42347,2015-12-09 00:00:00,KW-1657059,Kelly Williams,Consumer,Indonesia,Asia Pacific,Southeastern Asia,TEC-PH-3792,Technology,Phones,"Cisco Headset, VoIP",146.9598,2,0.17,8.839799999999997
MX-2015-HM1498028-42344,2015-12-06 00:00:00,HM-1498028,Henry MacAllister,Consumer,Colombia,LATAM,South America,TEC-PH-5335,Technology,Phones,"Nokia Audio Dock, Cordless",226.11999999999998,2,0,97.2
CA-2015-ES14080140-42341,2015-12-03 00:00:00,ES-140801406,Erin Smith,Corporate,United States,USCA,Eastern US,TEC-PH-3165,Technology,Phones,AT&T CL2909,151.188,2,0.4,-25.198000000000008
CA-2015-ES14080140-42341,2015-12-03 00:00:00,ES-140801406,Erin Smith,Corporate,United States,USCA,Eastern US,OFF-AR-5698,Office Supplies,Art,Rogers Handheld Barrel Pencil Sharpener,19.728,9,0.2,1.7262000000000022
IN-2015-TH211007-42363,2015-12-25 00:00:00,TH-211007,Thea Hendricks,Consumer,Australia,Asia Pacific,Oceania,OFF-AR-3492,Office Supplies,Art,"Binney & Smith Pencil Sharpener, Easy-Erase",125.685,5,0.1,40.485
ES-2015-BD1150064-42350,2015-12-12 00:00:00,BD-1150064,Bradley Drucker,Consumer,Italy,Europe,Southern Europe,FUR-FU-5729,Furniture,Furnishings,"Rubbermaid Frame, Durable",213.84000000000003,2,0,53.46
ID-2015-SS205907-42361,2015-12-23 00:00:00,SS-205907,Sonia Sunley,Consumer,Australia,Asia Pacific,Oceania,FUR-CH-4525,Furniture,Chairs,"Harbour Creations Chairmat, Set of Two",178.20000000000002,4,0.4,-115.92000000000003
ES-2015-RD19585120-42344,2015-12-06 00:00:00,RD-19585120,Rob Dowd,Consumer,Spain,Europe,Southern Europe,OFF-LA-3298,Office Supplies,Labels,"Avery Legal Exhibit Labels, Adjustable",73.92,8,0,22.799999999999997
SY-2015-BP1095126-42358,2015-12-20 00:00:00,BP-1095126,Bart Pistole,Corporate,Syria,Asia Pacific,Western Asia,OFF-ST-5691,Office Supplies,Storage,"Rogers File Cart, Blue",84.402,1,0.4,-54.888000000000005
MX-2015-CA1196531-42351,2015-12-13 00:00:00,CA-1196531,Carol Adams,Corporate,Cuba,LATAM,Caribbean,FUR-CH-4633,Furniture,Chairs,"Hon Chairmat, Set of Two",192.60000000000002,5,0,86.6
IN-2015-PS1876058-42340,2015-12-02 00:00:00,PS-1876058,Pamela Stobb,Consumer,India,Asia Pacific,Southern Asia,OFF-SU-4326,Office Supplies,Supplies,"Fiskars Trimmer, High Speed",338.40000000000003,8,0,97.92
IN-2015-MS1736592-42342,2015-12-04 00:00:00,MS-1736592,Maribeth Schnelling,Consumer,New Zealand,Asia Pacific,Oceania,FUR-CH-5803,Furniture,Chairs,"SAFCO Steel Folding Chair, Set of Two",351.84000000000003,4,0,147.72
OD-2015-MW8235119-42369,2015-12-31 00:00:00,MW-8235119,Mitch Willingham,Corporate,South Sudan,Africa,Eastern Africa,TEC-CO-3708,Technology,Copiers,"Canon Wireless Fax, Digital",378.3,1,0,166.44
US-2015-BD1172555-42365,2015-12-27 00:00:00,BD-1172555,Bruce Degenhardt,Consumer,Honduras,LATAM,Central America,FUR-BO-3887,Furniture,Bookcases,"Dania 3-Shelf Cabinet, Pine",228.47999999999996,4,0.4,-95.2
ES-2015-CL12565139-42348,2015-12-10 00:00:00,CL-12565139,Clay Ludtke,Consumer,United Kingdom,Europe,Northern Europe,OFF-ST-6065,Office Supplies,Storage,"Smead Trays, Blue",145.44,3,0,18.900000000000002
MX-2015-JC1538518-42361,2015-12-23 00:00:00,JC-1538518,Jenna Caffey,Consumer,Brazil,LATAM,South America,OFF-PA-5851,Office Supplies,Paper,"SanDisk Computer Printout Paper, 8.5 x 11",67.85999999999999,3,0,1.32
IN-2015-CG1204092-42343,2015-12-05 00:00:00,CG-1204092,Catherine Glotzbach,Home Office,New Zealand,Asia Pacific,Oceania,OFF-FA-5472,Office Supplies,Fasteners,"OIC Push Pins, Assorted Sizes",49.44,4,0,23.16
TO-2015-JO5550131-42357,2015-12-19 00:00:00,JO-5550131,Jesus Ocampo,Home Office,Togo,Africa,Western Africa,FUR-CH-4701,Furniture,Chairs,"Hon Swivel Stool, Adjustable",332.2800000000001,2,0,43.14
ES-2015-MP1747048-42364,2015-12-26 00:00:00,MP-1747048,Mark Packer,Home Office,Germany,Europe,Western Europe,OFF-LA-6037,Office Supplies,Labels,"Smead File Folder Labels, Laser Printer Compatible",71.03999999999999,8,0,0.48
ES-2015-AB1016545-42356,2015-12-18 00:00:00,AB-1016545,Alan Barnes,Consumer,France,Europe,Western Europe,OFF-LA-6034,Office Supplies,Labels,"Smead File Folder Labels, 5000 Label Set",55.62,6,0,25.56
AO-2015-KL66454-42369,2015-12-31 00:00:00,KL-66454,Ken Lonsdale,Consumer,Angola,Africa,Central Africa,OFF-PA-5868,Office Supplies,Paper,"SanDisk Memo Slips, 8.5 x 11",126.72,6,0,20.160000000000004
CA-2015-FM14215140-42362,2015-12-24 00:00:00,FM-142151406,Filia McAdams,Corporate,United States,USCA,Eastern US,FUR-FU-6280,Furniture,Furnishings,"Tenex Traditional Chairmats for Medium Pile Carpet, Standard Lip, 36"" x 48""",181.95,3,0,38.2095
TO-2015-JO5550131-42357,2015-12-19 00:00:00,JO-5550131,Jesus Ocampo,Home Office,Togo,Africa,Western Africa,OFF-AP-4495,Office Supplies,Appliances,"Hamilton Beach Coffee Grinder, Silver",173.64,4,0,36.36
ES-2015-AS1022545-42357,2015-12-19 00:00:00,AS-1022545,Alan Schoenberger,Corporate,France,Europe,Western Europe,TEC-CO-4765,Technology,Copiers,"HP Copy Machine, Color",205.60649999999998,1,0.15,12.076500000000003
SO-2015-CS1845116-42345,2015-12-07 00:00:00,CS-1845116,Cari Sayre,Corporate,Somalia,Africa,Eastern Africa,OFF-ST-6247,Office Supplies,Storage,"Tenex File Cart, Industrial",134.13,1,0,25.47
SY-2015-BP1095126-42358,2015-12-20 00:00:00,BP-1095126,Bart Pistole,Corporate,Syria,Asia Pacific,Western Asia,OFF-BI-6384,Office Supplies,Binders,"Wilson Jones Binding Machine, Economy",48.96,1,0,17.61
US-2015-PF1922536-42347,2015-12-09 00:00:00,PF-1922536,Phillip Flathmann,Consumer,Dominican Republic,LATAM,Caribbean,FUR-FU-6270,Furniture,Furnishings,"Tenex Photo Frame, Durable",146.61,9,0.5,-44.01000000000001
IN-2015-Co1264088-42365,2015-12-27 00:00:00,Co-1264088,Corey-Lock,Consumer,Myanmar (Burma),Asia Pacific,Southeastern Asia,TEC-CO-4581,Technology,Copiers,"Hewlett Ink, High-Speed",185.06879999999998,2,0.37,-102.87119999999999
MX-2015-SP2054582-42353,2015-12-15 00:00:00,SP-2054582,Sibella Parks,Corporate,Mexico,LATAM,Central America,FUR-BO-5942,Furniture,Bookcases,"Sauder 3-Shelf Cabinet, Pine",179.23200000000003,2,0.2,-42.568000000000005
ES-2015-DB1327048-42360,2015-12-22 00:00:00,DB-1327048,Deborah Brumfield,Home Office,Germany,Europe,Western Europe,FUR-CH-5751,Furniture,Chairs,"SAFCO Bag Chairs, Black",126.92699999999996,3,0.1,9.837000000000003
IN-2015-JH1598592-42346,2015-12-08 00:00:00,JH-1598592,Joseph Holt,Consumer,New Zealand,Asia Pacific,Oceania,OFF-SU-2989,Office Supplies,Supplies,"Acme Scissors, High Speed",101.76,4,0,31.44
AG-2015-TB112503-42368,2015-12-30 00:00:00,TB-112503,Tim Brockman,Consumer,Algeria,Africa,North Africa,OFF-AR-5904,Office Supplies,Art,"Sanford Canvas, Fluorescent",207.12,4,0,76.56
IT-2015-SL2015564-42340,2015-12-02 00:00:00,SL-2015564,Sara Luxemburg,Home Office,Italy,Europe,Southern Europe,TEC-PH-5348,Technology,Phones,"Nokia Office Telephone, VoIP",117.39599999999999,3,0.4,-5.904000000000025
ES-2015-LS16945139-42342,2015-12-04 00:00:00,LS-16945139,Linda Southworth,Corporate,United Kingdom,Europe,Northern Europe,OFF-BI-4806,Office Supplies,Binders,"Ibico 3-Hole Punch, Recycled",92.43,3,0,25.83
MX-2015-KB1624039-42364,2015-12-26 00:00:00,KB-1624039,Karen Bern,Corporate,El Salvador,LATAM,Central America,OFF-AP-4719,Office Supplies,Appliances,"Hoover Blender, Black",128.8,2,0,33.48
MX-2015-AS1028518-42342,2015-12-04 00:00:00,AS-1028518,Alejandro Savely,Corporate,Brazil,LATAM,South America,OFF-ST-4029,Office Supplies,Storage,"Eldon Box, Industrial",35.8,5,0,17.5
UP-2015-NG8430137-42351,2015-12-13 00:00:00,NG-8430137,Nathan Gelder,Consumer,Ukraine,Europe,Eastern Europe,TEC-PH-5831,Technology,Phones,"Samsung Office Telephone, VoIP",65.31,1,0,18.93
JO-2015-PT909067-42367,2015-12-29 00:00:00,PT-909067,Pete Takahito,Consumer,Jordan,Asia Pacific,Western Asia,OFF-EN-3105,Office Supplies,Envelopes,"Ames Manila Envelope, Security-Tint",108.36000000000001,4,0,43.32
MX-2015-MP1796582-42342,2015-12-04 00:00:00,MP-1796582,Michael Paige,Corporate,Mexico,LATAM,Central America,FUR-CH-4523,Furniture,Chairs,"Harbour Creations Chairmat, Black",74.208,2,0.2,-2.7920000000000016
MX-2015-TC21535132-42369,2015-12-31 00:00:00,TC-21535132,Tracy Collins,Home Office,Trinidad and Tobago,LATAM,Caribbean,OFF-AP-3858,Office Supplies,Appliances,"Cuisinart Blender, Silver",135.48000000000002,3,0,17.580000000000002
IN-2015-KM163757-42342,2015-12-04 00:00:00,KM-163757,Katherine Murray,Home Office,Australia,Asia Pacific,Oceania,OFF-PA-4181,Office Supplies,Paper,"Enermax Parchment Paper, 8.5 x 11",70.308,4,0.1,13.187999999999999
MX-2015-CS1240093-42368,2015-12-30 00:00:00,CS-1240093,Christopher Schild,Home Office,Nicaragua,LATAM,Central America,OFF-AR-3492,Office Supplies,Art,"Binney & Smith Pencil Sharpener, Easy-Erase",167.57999999999998,9,0,77.03999999999999
CA-2015-FP14320140-42346,2015-12-08 00:00:00,FP-143201404,Frank Preis,Consumer,United States,USCA,Western US,TEC-PH-3811,Technology,Phones,Cisco SPA301,374.37600000000003,3,0.2,46.79699999999998
IN-2015-VB2174527-42357,2015-12-19 00:00:00,VB-2174527,Victoria Brennan,Corporate,China,Asia Pacific,Eastern Asia,OFF-BI-2881,Office Supplies,Binders,"Acco 3-Hole Punch, Clear",118.32000000000002,4,0,1.08
ES-2015-LA1678048-42356,2015-12-18 00:00:00,LA-1678048,Laura Armstrong,Corporate,Germany,Europe,Western Europe,OFF-AR-3545,Office Supplies,Art,"Boston Pencil Sharpener, Water Color",131.48999999999998,5,0.1,4.290000000000001
ID-2015-CA1205597-42356,2015-12-18 00:00:00,CA-1205597,Cathy Armstrong,Home Office,Pakistan,Asia Pacific,Southern Asia,FUR-CH-5366,Furniture,Chairs,"Novimex Bag Chairs, Adjustable",155.04000000000002,4,0.2,44.519999999999996
MX-2015-AB1001539-42353,2015-12-15 00:00:00,AB-1001539,Aaron Bergman,Consumer,El Salvador,LATAM,Central America,OFF-SU-2966,Office Supplies,Supplies,"Acme Box Cutter, High Speed",151.2,6,0,75.6
SF-2015-BS1800117-42358,2015-12-20 00:00:00,BS-1800117,Bryan Spruell,Home Office,South Africa,Africa,Southern Africa,OFF-PA-4162,Office Supplies,Paper,"Enermax Memo Slips, Recycled",62.28,4,0,11.76
US-2015-GP1474018-42356,2015-12-18 00:00:00,GP-1474018,Guy Phonely,Corporate,Brazil,LATAM,South America,OFF-AR-5902,Office Supplies,Art,"Sanford Canvas, Blue",67.36,5,0.6,-97.74000000000001
ES-2015-BN11515139-42349,2015-12-11 00:00:00,BN-11515139,Bradley Nguyen,Consumer,United Kingdom,Europe,Northern Europe,OFF-ST-6039,Office Supplies,Storage,"Smead Folders, Industrial",53.91,3,0,12.330000000000002
US-2015-RM1975036-42353,2015-12-15 00:00:00,RM-1975036,Roland Murray,Consumer,Dominican Republic,LATAM,Caribbean,FUR-BO-5954,Furniture,Bookcases,"Sauder Corner Shelving, Pine",178.38000000000002,3,0.4,-53.520000000000024
IN-2015-BE1145558-42342,2015-12-04 00:00:00,BE-1145558,Brad Eason,Home Office,India,Asia Pacific,Southern Asia,OFF-PA-6613,Office Supplies,Paper,"Xerox Message Books, 8.5 x 11",49.019999999999996,2,0,1.44
MX-2015-PB1915051-42364,2015-12-26 00:00:00,PB-1915051,Philip Brown,Consumer,Guatemala,LATAM,Central America,OFF-AP-4499,Office Supplies,Appliances,"Hamilton Beach Microwave, Silver",944.2,5,0,217.1
IR-2015-TC1114560-42357,2015-12-19 00:00:00,TC-1114560,Theresa Coyne,Corporate,Iran,Asia Pacific,Southern Asia,FUR-CH-5803,Furniture,Chairs,"SAFCO Steel Folding Chair, Set of Two",87.96000000000001,1,0,37.8
US-2015-JK16090101-42347,2015-12-09 00:00:00,JK-16090101,Juliana Krohn,Consumer,Peru,LATAM,South America,FUR-CH-5371,Furniture,Chairs,"Novimex Chairmat, Black",64.69199999999998,3,0.4,-36.707999999999984
EG-2015-TT1122038-42364,2015-12-26 00:00:00,TT-1122038,Thomas Thornton,Consumer,Egypt,Africa,North Africa,OFF-AR-3552,Office Supplies,Art,"Boston Sketch Pad, Blue",48.599999999999994,1,0,20.88
CA-2015-FH14365140-42364,2015-12-26 00:00:00,FH-143651404,Fred Hopkins,Corporate,United States,USCA,Western US,OFF-ST-6296,Office Supplies,Storage,"Tennsco Stur-D-Stor Boltless Shelving, 5 Shelves, 24"" Deep, Sand",270.62,2,0,2.706200000000024
CA-2015-FH14365140-42364,2015-12-26 00:00:00,FH-143651404,Fred Hopkins,Corporate,United States,USCA,Western US,OFF-BI-4341,Office Supplies,Binders,GBC DocuBind P50 Personal Binding Machine,153.552,3,0.2,51.8238
ID-2015-KC166757-42367,2015-12-29 00:00:00,KC-166757,Kimberly Carter,Corporate,Australia,Asia Pacific,Oceania,TEC-AC-5127,Technology,Accessories,"Logitech Mouse, Erganomic",121.90500000000002,5,0.1,-12.195000000000002
EG-2015-ZD1192538-42366,2015-12-28 00:00:00,ZD-1192538,Zuschuss Donatelli,Consumer,Egypt,Africa,North Africa,FUR-FU-3943,Furniture,Furnishings,"Deflect-O Frame, Erganomic",108.66,1,0,2.16
IN-2015-DB136157-42342,2015-12-04 00:00:00,DB-136157,Doug Bickford,Consumer,Australia,Asia Pacific,Oceania,OFF-AR-3534,Office Supplies,Art,"Boston Highlighters, Water Color",132.29999999999998,6,0,10.439999999999998
IN-2015-DB136157-42342,2015-12-04 00:00:00,DB-136157,Doug Bickford,Consumer,Australia,Asia Pacific,Oceania,OFF-FA-2942,Office Supplies,Fasteners,"Accos Clamps, Bulk Pack",77.52000000000001,4,0,20.88
SA-2015-RE9450110-42354,2015-12-16 00:00:00,RE-9450110,Richard Eichhorn,Consumer,Saudi Arabia,Asia Pacific,Western Asia,FUR-CH-4520,Furniture,Chairs,"Harbour Creations Bag Chairs, Red",123.24000000000001,2,0,52.980000000000004
MX-2015-EB1417018-42350,2015-12-12 00:00:00,EB-1417018,Evan Bailliet,Consumer,Brazil,LATAM,South America,FUR-CH-5394,Furniture,Chairs,"Novimex Rocking Chair, Adjustable",178.56,2,0,17.84
ID-2015-RF19735102-42368,2015-12-30 00:00:00,RF-19735102,Roland Fjeld,Consumer,Philippines,Asia Pacific,Southeastern Asia,FUR-FU-3940,Furniture,Furnishings,"Deflect-O Frame, Black",247.59,3,0.25,39.599999999999994
IN-2015-EH137657-42367,2015-12-29 00:00:00,EH-137657,Edward Hooks,Corporate,Australia,Asia Pacific,Oceania,TEC-AC-3395,Technology,Accessories,"Belkin Mouse, USB",73.65599999999999,2,0.1,19.596000000000004
IN-2015-SS2059059-42364,2015-12-26 00:00:00,SS-2059059,Sonia Sunley,Consumer,Indonesia,Asia Pacific,Southeastern Asia,TEC-AC-5864,Technology,Accessories,"SanDisk Keyboard, Bluetooth",302.2908000000001,7,0.47000000000000003,-131.35920000000002
MX-2015-CS1250582-42342,2015-12-04 00:00:00,CS-1250582,Cindy Stewart,Consumer,Mexico,LATAM,Central America,OFF-AP-4509,Office Supplies,Appliances,"Hamilton Beach Toaster, Black",75.92,2,0,2.2399999999999998
ES-2015-EB13840139-42367,2015-12-29 00:00:00,EB-13840139,Ellis Ballard,Corporate,United Kingdom,Europe,Northern Europe,OFF-EN-5036,Office Supplies,Envelopes,"Kraft Mailers, with clear poly window",148.284,4,0.1,23.004000000000005
ES-2015-TB2125048-42362,2015-12-24 00:00:00,TB-2125048,Tim Brockman,Consumer,Germany,Europe,Western Europe,TEC-CO-4573,Technology,Copiers,"Hewlett Fax and Copier, High-Speed",382.14,2,0,91.67999999999999
IN-2015-EM1406558-42353,2015-12-15 00:00:00,EM-1406558,Erin Mull,Consumer,India,Asia Pacific,Southern Asia,OFF-BI-4810,Office Supplies,Binders,"Ibico Binder Covers, Recycled",112.08,8,0,4.32
CA-2015-GM14455140-42353,2015-12-15 00:00:00,GM-144551402,Gary Mitchum,Home Office,United States,USCA,Central US,TEC-AC-4935,Technology,Accessories,Kensington Expert Mouse Optical USB Trackball for PC or Mac,227.976,3,0.2,28.496999999999957
CA-2015-GM14455140-42353,2015-12-15 00:00:00,GM-144551402,Gary Mitchum,Home Office,United States,USCA,Central US,TEC-PH-5828,Technology,Phones,Samsung HM1900 Bluetooth Headset,52.67999999999999,3,0.2,19.755
CA-2015-GM14455140-42353,2015-12-15 00:00:00,GM-144551402,Gary Mitchum,Home Office,United States,USCA,Central US,FUR-FU-5172,Furniture,Furnishings,"Master Caster Door Stop, Gray",2.032,1,0.6,-1.3208000000000002
IN-2015-AC1061559-42341,2015-12-03 00:00:00,AC-1061559,Ann Chong,Corporate,Indonesia,Asia Pacific,Southeastern Asia,TEC-PH-3818,Technology,Phones,"Cisco Speaker Phone, with Caller ID",114.93839999999999,1,0.17,33.2184
MX-2015-MY1829593-42355,2015-12-17 00:00:00,MY-1829593,Muhammed Yedwab,Corporate,Nicaragua,LATAM,Central America,FUR-FU-4034,Furniture,Furnishings,"Eldon Clock, Black",75.36,2,0,30.119999999999997
US-2015-GZ14470140-42362,2015-12-24 00:00:00,GZ-144701404,Gary Zandusky,Consumer,United States,USCA,Western US,OFF-AR-3480,Office Supplies,Art,"Binney & Smith Crayola Metallic Crayons, 16-Color Pack",13.48,4,0,5.931200000000001
IZ-2015-MB730561-42347,2015-12-09 00:00:00,MB-730561,Maria Bertelson,Consumer,Iraq,Asia Pacific,Western Asia,OFF-ST-4296,Office Supplies,Storage,"Fellowes Trays, Wire Frame",56.46,1,0,14.100000000000001
TU-2015-HA4905134-42356,2015-12-18 00:00:00,HA-4905134,Helen Abelman,Consumer,Turkey,Asia Pacific,Western Asia,TEC-CO-3709,Technology,Copiers,"Canon Wireless Fax, High-Speed",150.744,1,0.6,-128.13600000000002
SA-2015-BF975110-42347,2015-12-09 00:00:00,BF-975110,Barbara Fisher,Corporate,Saudi Arabia,Asia Pacific,Western Asia,OFF-SU-4137,Office Supplies,Supplies,"Elite Trimmer, Serrated",230.22000000000003,6,0,108.18
US-2015-LH16750101-42357,2015-12-19 00:00:00,LH-16750101,Larry Hughes,Consumer,Peru,LATAM,South America,TEC-CO-3602,Technology,Copiers,"Brother Ink, Laser",117.4472,2,0.402,-45.5928
ID-2015-SU2066558-42365,2015-12-27 00:00:00,SU-2066558,Stephanie Ulpright,Home Office,India,Asia Pacific,Southern Asia,OFF-ST-4057,Office Supplies,Storage,"Eldon File Cart, Single Width",192.555,3,0.5,-154.125
IZ-2015-CS225061-42367,2015-12-29 00:00:00,CS-225061,Chris Selesnick,Corporate,Iraq,Asia Pacific,Western Asia,OFF-BI-6370,Office Supplies,Binders,"Wilson Jones 3-Hole Punch, Durable",176.94,6,0,37.08
ID-2015-RP1939092-42354,2015-12-16 00:00:00,RP-1939092,Resi Pölking,Consumer,New Zealand,Asia Pacific,Oceania,FUR-CH-4698,Furniture,Chairs,"Hon Steel Folding Chair, Black",94.788,2,0.4,-41.111999999999995
RW-2015-BG1740109-42353,2015-12-15 00:00:00,BG-1740109,Bruce Geld,Consumer,Rwanda,Africa,Eastern Africa,OFF-PA-4177,Office Supplies,Paper,"Enermax Note Cards, Premium",57,2,0,5.699999999999999
ES-2015-JG15160120-42340,2015-12-02 00:00:00,JG-15160120,James Galang,Consumer,Spain,Europe,Southern Europe,OFF-AR-6113,Office Supplies,Art,"Stanley Highlighters, Water Color",143.04,8,0,48.480000000000004
ES-2015-FH1435045-42347,2015-12-09 00:00:00,FH-1435045,Fred Harton,Consumer,France,Europe,Western Europe,OFF-BI-3715,Office Supplies,Binders,"Cardinal 3-Hole Punch, Recycled",174.96000000000004,6,0,50.58
RS-2015-PB9105108-42369,2015-12-31 00:00:00,PB-9105108,Peter Bühler,Consumer,Russia,Europe,Eastern Europe,FUR-FU-5723,Furniture,Furnishings,"Rubbermaid Door Stop, Black",43.800000000000004,1,0,13.559999999999999
CA-2015-GB14575140-42356,2015-12-18 00:00:00,GB-145751408,Giulietta Baptist,Consumer,United States,USCA,Southern US,OFF-ST-3015,Office Supplies,Storage,Adjustable Depth Letter/Legal Cart,544.38,3,0,157.87019999999993
ES-2015-JJ15760139-42357,2015-12-19 00:00:00,JJ-15760139,Joel Jenkins,Home Office,United Kingdom,Europe,Northern Europe,OFF-SU-4985,Office Supplies,Supplies,"Kleencut Scissors, Easy Grip",47.82000000000001,2,0,10.5
ID-2015-SD2048559-42351,2015-12-13 00:00:00,SD-2048559,Shirley Daniels,Home Office,Indonesia,Asia Pacific,Southeastern Asia,OFF-SU-4989,Office Supplies,Supplies,"Kleencut Shears, Easy Grip",76.9401,3,0.47000000000000003,-1.539900000000003
CA-2015-GD14590140-42364,2015-12-26 00:00:00,GD-145901404,Giulietta Dortch,Corporate,United States,USCA,Western US,OFF-BI-6321,Office Supplies,Binders,Tuff Stuff Recycled Round Ring Binders,3.8560000000000003,1,0.2,1.3978000000000002
CA-2015-GW14605140-42341,2015-12-03 00:00:00,GW-146051406,Giulietta Weimer,Consumer,United States,USCA,Eastern US,OFF-BI-4338,Office Supplies,Binders,GBC DocuBind 300 Electric Binding Machine,631.1760000000002,4,0.7,-462.8624
ID-2015-CL12700102-42361,2015-12-23 00:00:00,CL-12700102,Craig Leslie,Home Office,Philippines,Asia Pacific,Southeastern Asia,OFF-EN-4432,Office Supplies,Envelopes,"GlobeWeis Business Envelopes, Security-Tint",97.71300000000001,9,0.45,-60.507000000000005
SU-2015-NP8325122-42354,2015-12-16 00:00:00,NP-8325122,Naresj Patel,Consumer,Sudan,Africa,North Africa,OFF-AR-5930,Office Supplies,Art,"Sanford Sketch Pad, Blue",90.96000000000001,2,0,2.7
IT-2015-NK18490139-42343,2015-12-05 00:00:00,NK-18490139,Neil Knudson,Home Office,United Kingdom,Europe,Northern Europe,FUR-FU-5719,Furniture,Furnishings,"Rubbermaid Clock, Duo Pack",70.308,2,0.3,-14.112000000000002
ES-2015-PB1921045-42354,2015-12-16 00:00:00,PB-1921045,Phillip Breyer,Corporate,France,Europe,Western Europe,TEC-AC-4153,Technology,Accessories,"Enermax Flash Drive, Programmable",129.06,3,0,46.44
MX-2015-LC1696082-42367,2015-12-29 00:00:00,LC-1696082,Lindsay Castell,Home Office,Mexico,LATAM,Central America,FUR-BO-4859,Furniture,Bookcases,"Ikea Floating Shelf Set, Traditional",90.848,1,0.2,9.068000000000001
TZ-2015-CS1845129-42340,2015-12-02 00:00:00,CS-1845129,Cari Sayre,Corporate,Tanzania,Africa,Eastern Africa,OFF-SU-4308,Office Supplies,Supplies,"Fiskars Letter Opener, Easy Grip",29.549999999999997,1,0,3.54
UG-2015-DP3165136-42362,2015-12-24 00:00:00,DP-3165136,David Philippe,Consumer,Uganda,Africa,Eastern Africa,FUR-BO-4852,Furniture,Bookcases,"Ikea Corner Shelving, Metal",220.53600000000006,6,0.7,-485.24399999999997
TZ-2015-RH9555129-42343,2015-12-05 00:00:00,RH-9555129,Ritsa Hightower,Consumer,Tanzania,Africa,Eastern Africa,FUR-FU-4035,Furniture,Furnishings,"Eldon Clock, Duo Pack",56.58,1,0,24.869999999999997
CA-2015-GH466523-42368,2015-12-30 00:00:00,GH-466523,Greg Hansen,Consumer,Canada,USCA,Canada,OFF-BI-2919,Office Supplies,Binders,"Acco Index Tab, Economy",20.16,2,0,9.24
CA-2015-GH14665140-42367,2015-12-29 00:00:00,GH-146651402,Greg Hansen,Consumer,United States,USCA,Central US,FUR-BO-3652,Furniture,Bookcases,"Bush Westfield Collection Bookcases, Medium Cherry Finish",78.85279999999999,2,0.32,-11.595999999999997
CA-2015-GH14665140-42367,2015-12-29 00:00:00,GH-146651402,Greg Hansen,Consumer,United States,USCA,Central US,OFF-AR-6104,Office Supplies,Art,Stanley Bostitch Contemporary Electric Pencil Sharpeners,27.168000000000003,2,0.2,2.7168
IN-2015-JW152207-42357,2015-12-19 00:00:00,JW-152207,Jane Waco,Corporate,Australia,Asia Pacific,Oceania,OFF-LA-4665,Office Supplies,Labels,"Hon Legal Exhibit Labels, Laser Printer Compatible",117.28799999999998,12,0.1,7.4879999999999995
EG-2015-KH651038-42354,2015-12-16 00:00:00,KH-651038,Keith Herrera,Consumer,Egypt,Africa,North Africa,FUR-FU-6254,Furniture,Furnishings,"Tenex Frame, Duo Pack",110.03999999999999,1,0,8.790000000000001
IN-2015-DE1325527-42350,2015-12-12 00:00:00,DE-1325527,Deanra Eno,Home Office,China,Asia Pacific,Eastern Asia,TEC-AC-4154,Technology,Accessories,"Enermax Flash Drive, USB",125.19,3,0,29.97
TU-2015-JG5115134-42364,2015-12-26 00:00:00,JG-5115134,Jack Garza,Consumer,Turkey,Asia Pacific,Western Asia,TEC-AC-5131,Technology,Accessories,"Logitech Numeric Keypad, Erganomic",105.912,6,0.6,-50.328
IN-2015-DK1309027-42350,2015-12-12 00:00:00,DK-1309027,Dave Kipp,Consumer,China,Asia Pacific,Eastern Asia,FUR-FU-5741,Furniture,Furnishings,"Rubbermaid Stacking Tray, Erganomic",47.519999999999996,2,0,23.28
ID-2015-GM14680102-42368,2015-12-30 00:00:00,GM-14680102,Greg Matthias,Consumer,Philippines,Asia Pacific,Southeastern Asia,OFF-PA-4177,Office Supplies,Paper,"Enermax Note Cards, Premium",49.3515,3,0.45,-4.558500000000002
IN-2015-JF1519021-42341,2015-12-03 00:00:00,JF-1519021,Jamie Frazer,Consumer,Cambodia,Asia Pacific,Southeastern Asia,OFF-BI-3248,Office Supplies,Binders,"Avery Binder Covers, Economy",55.35,5,0,22.650000000000002
MX-2015-Dp1324037-42351,2015-12-13 00:00:00,Dp-1324037,Dean percer,Home Office,Ecuador,LATAM,South America,OFF-ST-4252,Office Supplies,Storage,"Fellowes Box, Single Width",65.7,5,0,5.2
MX-2015-DK1337582-42365,2015-12-27 00:00:00,DK-1337582,Dennis Kane,Consumer,Mexico,LATAM,Central America,OFF-BI-6383,Office Supplies,Binders,"Wilson Jones Binding Machine, Durable",67.28,2,0,6.04
IN-2015-EB139757-42350,2015-12-12 00:00:00,EB-139757,Erica Bern,Corporate,Australia,Asia Pacific,Oceania,OFF-SU-4306,Office Supplies,Supplies,"Fiskars Box Cutter, Steel",94.284,3,0.1,31.374000000000002
MX-2015-PR1888082-42344,2015-12-06 00:00:00,PR-1888082,Patrick Ryan,Consumer,Mexico,LATAM,Central America,OFF-AR-3534,Office Supplies,Art,"Boston Highlighters, Water Color",58.8,4,0,15.84
SF-2015-VT11700117-42339,2015-12-01 00:00:00,VT-11700117,Valerie Takahito,Home Office,South Africa,Africa,Southern Africa,TEC-PH-5266,Technology,Phones,"Motorola Signal Booster, with Caller ID",143.13,1,0,57.239999999999995
ES-2015-HE14800139-42357,2015-12-19 00:00:00,HE-14800139,Harold Engle,Corporate,United Kingdom,Europe,Northern Europe,OFF-BI-3254,Office Supplies,Binders,"Avery Binder, Recycled",79.56,6,0,36.54
CA-2015-GA14725140-42364,2015-12-26 00:00:00,GA-147251402,Guy Armstrong,Consumer,United States,USCA,Central US,OFF-FA-6129,Office Supplies,Fasteners,Staples,44.688,7,0.2,5.0273999999999965
CA-2015-GA14725140-42364,2015-12-26 00:00:00,GA-147251402,Guy Armstrong,Consumer,United States,USCA,Central US,OFF-BI-6408,Office Supplies,Binders,"Wilson Jones Ledger-Size, Piano-Hinge Binder, 2"", Blue",40.97999999999999,5,0.8,-65.568
ES-2015-BT1139545-42341,2015-12-03 00:00:00,BT-1139545,Bill Tyler,Corporate,France,Europe,Western Europe,OFF-SU-4978,Office Supplies,Supplies,"Kleencut Letter Opener, Easy Grip",229.44,8,0,27.36
CA-2015-GA14725140-42364,2015-12-26 00:00:00,GA-147251402,Guy Armstrong,Consumer,United States,USCA,Central US,OFF-BI-6409,Office Supplies,Binders,Wilson Jones Legal Size Ring Binders,39.58199999999999,9,0.8,-59.372999999999976
CA-2015-GA14725140-42364,2015-12-26 00:00:00,GA-147251402,Guy Armstrong,Consumer,United States,USCA,Central US,OFF-AR-5319,Office Supplies,Art,Newell 34,31.744,2,0.2,2.3808000000000007
US-2015-BN1147082-42358,2015-12-20 00:00:00,BN-1147082,Brad Norvell,Corporate,Mexico,LATAM,Central America,FUR-FU-4042,Furniture,Furnishings,"Eldon Door Stop, Durable",132.132,7,0.4,-2.2680000000000176
ES-2015-BG1174045-42353,2015-12-15 00:00:00,BG-1174045,Bruce Geld,Consumer,France,Europe,Western Europe,FUR-FU-5734,Furniture,Furnishings,"Rubbermaid Light Bulb, Erganomic",122.21999999999998,7,0,58.59
ES-2015-NC1834045-42364,2015-12-26 00:00:00,NC-1834045,Nat Carroll,Consumer,France,Europe,Western Europe,OFF-BI-6383,Office Supplies,Binders,"Wilson Jones Binding Machine, Durable",201.84,4,0,3.96
CA-2015-GA14725140-42364,2015-12-26 00:00:00,GA-147251402,Guy Armstrong,Consumer,United States,USCA,Central US,OFF-BI-6367,Office Supplies,Binders,"Wilson Jones 1"" Hanging DublLock Ring Binders",3.1679999999999993,3,0.8,-5.0687999999999995
ES-2015-SH2063545-42339,2015-12-01 00:00:00,SH-2063545,Stefanie Holloman,Corporate,France,Europe,Western Europe,OFF-AR-3469,Office Supplies,Art,"BIC Sketch Pad, Easy-Erase",146.78999999999996,3,0,73.35000000000001
MX-2015-DC1328536-42351,2015-12-13 00:00:00,DC-1328536,Debra Catini,Consumer,Dominican Republic,LATAM,Caribbean,OFF-PA-5849,Office Supplies,Paper,"SanDisk Cards & Envelopes, Premium",129.12,5,0.2,48.42
ES-2015-LC17050139-42365,2015-12-27 00:00:00,LC-17050139,Liz Carlisle,Consumer,United Kingdom,Europe,Northern Europe,OFF-ST-4097,Office Supplies,Storage,"Eldon Shelving, Wire Frame",189.96,4,0,15.120000000000001
ES-2015-AW1084048-42353,2015-12-15 00:00:00,AW-1084048,Anthony Witt,Consumer,Germany,Europe,Western Europe,OFF-SU-4137,Office Supplies,Supplies,"Elite Trimmer, Serrated",76.74000000000001,2,0,36.06
ES-2015-TC2147548-42368,2015-12-30 00:00:00,TC-2147548,Tony Chapman,Home Office,Germany,Europe,Western Europe,FUR-FU-5726,Furniture,Furnishings,"Rubbermaid Door Stop, Erganomic",84.84000000000002,2,0,12.72
TU-2015-HA4905134-42356,2015-12-18 00:00:00,HA-4905134,Helen Abelman,Consumer,Turkey,Asia Pacific,Western Asia,FUR-CH-4562,Furniture,Chairs,"Harbour Creations Swivel Stool, Black",142.15200000000002,2,0.6,-95.98799999999999
CA-2015-HR14770140-42356,2015-12-18 00:00:00,HR-147701404,Hallie Redmond,Home Office,United States,USCA,Western US,OFF-BI-4352,Office Supplies,Binders,GBC Plastic Binding Combs,11.808,2,0.2,4.2804
IT-2015-JJ1576062-42367,2015-12-29 00:00:00,JJ-1576062,Joel Jenkins,Home Office,Ireland,Europe,Northern Europe,OFF-AR-6105,Office Supplies,Art,"Stanley Canvas, Blue",74.205,3,0.5,-50.535
ID-2015-MG1820592-42343,2015-12-05 00:00:00,MG-1820592,Mitch Gastineau,Corporate,New Zealand,Asia Pacific,Oceania,TEC-PH-3817,Technology,Phones,"Cisco Speaker Phone, VoIP",166.284,2,0.4,-72.096
IT-2015-NL1831091-42344,2015-12-06 00:00:00,NL-1831091,Nancy Lomonaco,Home Office,Netherlands,Europe,Western Europe,OFF-EN-4446,Office Supplies,Envelopes,"GlobeWeis Mailers, with clear poly window",42.089999999999996,2,0.5,-26.129999999999995
CA-2015-HE14800140-42357,2015-12-19 00:00:00,HE-148001402,Harold Engle,Corporate,United States,USCA,Central US,FUR-FU-6300,Furniture,Furnishings,Tensor Track Tree Floor Lamp,99.94999999999999,5,0,22.9885
MX-2015-RF1973526-42347,2015-12-09 00:00:00,RF-1973526,Roland Fjeld,Consumer,Chile,LATAM,South America,FUR-CH-5397,Furniture,Chairs,"Novimex Rocking Chair, Set of Two",178.24,2,0,64.16
ES-2015-DH1367545-42348,2015-12-10 00:00:00,DH-1367545,Duane Huffman,Home Office,France,Europe,Western Europe,OFF-PA-4482,Office Supplies,Paper,"Green Bar Parchment Paper, Multicolor",90.44999999999999,5,0,28.799999999999997
TU-2015-GZ4545134-42339,2015-12-01 00:00:00,GZ-4545134,George Zrebassa,Corporate,Turkey,Asia Pacific,Western Asia,TEC-PH-5272,Technology,Phones,"Motorola Speaker Phone, VoIP",103.89600000000002,2,0.6,-145.464
CA-2015-HE14800140-42357,2015-12-19 00:00:00,HE-148001402,Harold Engle,Corporate,United States,USCA,Central US,TEC-AC-5182,Technology,Accessories,"Maxell 74 Minute CDR, 10/Pack",29.339999999999996,3,0,10.855799999999999
CA-2015-HP14815140-42339,2015-12-01 00:00:00,HP-148151406,Harold Pawlan,Home Office,United States,USCA,Eastern US,FUR-CH-5749,Furniture,Chairs,SAFCO Arco Folding Chair,1242.8999999999999,5,0.1,262.3899999999999
CA-2015-HP14815140-42339,2015-12-01 00:00:00,HP-148151406,Harold Pawlan,Home Office,United States,USCA,Eastern US,OFF-BI-5093,Office Supplies,Binders,Lock-Up Easel 'Spel-Binder',68.47200000000001,3,0.2,23.109299999999998
IN-2015-MM180557-42343,2015-12-05 00:00:00,MM-180557,Michelle Moray,Consumer,Australia,Asia Pacific,Oceania,OFF-BI-4812,Office Supplies,Binders,"Ibico Binder, Durable",91.692,6,0.1,11.052000000000003
IN-2015-IG1508527-42356,2015-12-18 00:00:00,IG-1508527,Ivan Gibson,Consumer,China,Asia Pacific,Eastern Asia,OFF-ST-4061,Office Supplies,Storage,"Eldon Folders, Industrial",69.84,4,0,2.04
TU-2015-VP11730134-42341,2015-12-03 00:00:00,VP-11730134,Victor Preis,Home Office,Turkey,Asia Pacific,Western Asia,TEC-MA-5502,Technology,Machines,"Okidata Inkjet, White",124.50000000000003,1,0.6,-146.31000000000003
CA-2015-HM14860140-42367,2015-12-29 00:00:00,HM-148601404,Harry Marie,Corporate,United States,USCA,Western US,FUR-FU-2867,Furniture,Furnishings,3M Hangers With Command Adhesive,7.4,2,0,3.0340000000000007
IT-2015-BF1102045-42354,2015-12-16 00:00:00,BF-1102045,Barry Französisch,Corporate,France,Europe,Western Europe,OFF-AR-5917,Office Supplies,Art,"Sanford Markers, Blue",81.37499999999999,7,0.5,-50.50499999999998
ES-2015-DM13345120-42367,2015-12-29 00:00:00,DM-13345120,Denise Monton,Corporate,Spain,Europe,Southern Europe,OFF-ST-4283,Office Supplies,Storage,"Fellowes Shelving, Industrial",52.48799999999999,1,0.1,19.818
SU-2015-DB3555122-42364,2015-12-26 00:00:00,DB-3555122,Dorothy Badders,Corporate,Sudan,Africa,North Africa,OFF-ST-4296,Office Supplies,Storage,"Fellowes Trays, Wire Frame",112.92,2,0,28.200000000000003
IN-2015-WB2185027-42346,2015-12-08 00:00:00,WB-2185027,William Brown,Consumer,China,Asia Pacific,Eastern Asia,OFF-ST-6274,Office Supplies,Storage,"Tenex Shelving, Single Width",109.38,2,0,14.16
TU-2015-JM6195134-42357,2015-12-19 00:00:00,JM-6195134,Justin MacKendrick,Consumer,Turkey,Asia Pacific,Western Asia,TEC-PH-3802,Technology,Phones,"Cisco Signal Booster, VoIP",121.53600000000002,2,0.6,-164.124
NG-2015-AB16594-42339,2015-12-01 00:00:00,AB-16594,Alan Barnes,Consumer,Niger,Africa,Western Africa,OFF-ST-4057,Office Supplies,Storage,"Eldon File Cart, Single Width",127.92,1,0,23.009999999999998
ID-2015-SC2023097-42340,2015-12-02 00:00:00,SC-2023097,Scot Coram,Corporate,Pakistan,Asia Pacific,Southern Asia,FUR-FU-3947,Furniture,Furnishings,"Deflect-O Light Bulb, Duo Pack",45.72,3,0.2,-4.589999999999999
ES-2015-LW1682514-42347,2015-12-09 00:00:00,LW-1682514,Laurel Workman,Corporate,Belgium,Europe,Western Europe,OFF-BI-6371,Office Supplies,Binders,"Wilson Jones 3-Hole Punch, Economy",83.97,3,0,27.629999999999995
IN-2015-MG1765027-42350,2015-12-12 00:00:00,MG-1765027,Matthew Grinstein,Home Office,China,Asia Pacific,Eastern Asia,FUR-FU-3947,Furniture,Furnishings,"Deflect-O Light Bulb, Duo Pack",114.29999999999998,6,0,13.680000000000001
SA-2015-PG8820110-42339,2015-12-01 00:00:00,PG-8820110,Patrick Gardner,Consumer,Saudi Arabia,Asia Pacific,Western Asia,TEC-MA-5568,Technology,Machines,"Panasonic Phone, Red",81.99000000000001,1,0,27.03
IT-2015-TS21430120-42350,2015-12-12 00:00:00,TS-21430120,Tom Stivers,Corporate,Spain,Europe,Southern Europe,OFF-ST-6023,Office Supplies,Storage,"Smead Box, Blue",29.079,3,0.1,-3.231
MX-2015-JD1579093-42354,2015-12-16 00:00:00,JD-1579093,John Dryer,Consumer,Nicaragua,LATAM,Central America,OFF-PA-4145,Office Supplies,Paper,"Enermax Cards & Envelopes, Premium",62.80000000000001,2,0,7.5200000000000005
ES-2015-JL1513048-42348,2015-12-10 00:00:00,JL-1513048,Jack Lebron,Consumer,Germany,Europe,Western Europe,OFF-BI-3252,Office Supplies,Binders,"Avery Binder, Durable",100.79999999999998,7,0,5.04
CA-2015-HA14920140-42349,2015-12-11 00:00:00,HA-149201406,Helen Andreada,Consumer,United States,USCA,Eastern US,TEC-AC-5198,Technology,Accessories,Memorex Froggy Flash Drive 8 GB,14.200000000000001,1,0.2,3.372499999999999
ES-2015-PC1874548-42348,2015-12-10 00:00:00,PC-1874548,Pamela Coakley,Corporate,Germany,Europe,Western Europe,OFF-PA-4464,Office Supplies,Paper,"Green Bar Cards & Envelopes, Recycled",48.300000000000004,1,0,5.3100000000000005
SG-2015-BE1410111-42348,2015-12-10 00:00:00,BE-1410111,Bobby Elias,Consumer,Senegal,Africa,Western Africa,TEC-CO-3606,Technology,Copiers,"Brother Personal Copier, High-Speed",141.09,1,0,31.02
IT-2015-MG18205124-42367,2015-12-29 00:00:00,MG-18205124,Mitch Gastineau,Corporate,Sweden,Europe,Northern Europe,OFF-AR-3466,Office Supplies,Art,"BIC Pens, Fluorescent",31.08,4,0.5,-10.68
MX-2015-BM1114039-42361,2015-12-23 00:00:00,BM-1114039,Becky Martin,Consumer,El Salvador,LATAM,Central America,OFF-EN-4920,Office Supplies,Envelopes,"Jiffy Manila Envelope, Set of 50",86.7,5,0,35.5
MX-2015-CK1220582-42365,2015-12-27 00:00:00,CK-1220582,Chloris Kastensmidt,Consumer,Mexico,LATAM,Central America,OFF-FA-2955,Office Supplies,Fasteners,"Accos Staples, 12 Pack",55.36,8,0,25.44
IN-2015-TD2099527-42349,2015-12-11 00:00:00,TD-2099527,Tamara Dahlen,Consumer,China,Asia Pacific,Eastern Asia,OFF-LA-4540,Office Supplies,Labels,"Harbour Creations Legal Exhibit Labels, Laser Printer Compatible",21.9,2,0,6.300000000000001
IN-2015-JH1543078-42363,2015-12-25 00:00:00,JH-1543078,Jennifer Halladay,Consumer,Malaysia,Asia Pacific,Southeastern Asia,OFF-FA-6198,Office Supplies,Fasteners,"Stockwell Rubber Bands, Assorted Sizes",97.86,7,0,48.93
ES-2015-HJ1487545-42364,2015-12-26 00:00:00,HJ-1487545,Heather Jas,Home Office,France,Europe,Western Europe,OFF-BI-3258,Office Supplies,Binders,"Avery Binding Machine, Recycled",98.4,2,0,42.3
MX-2015-FP1432082-42340,2015-12-02 00:00:00,FP-1432082,Frank Preis,Consumer,Mexico,LATAM,Central America,OFF-PA-4159,Office Supplies,Paper,"Enermax Memo Slips, 8.5 x 11",118.80000000000003,9,0,56.88000000000001
MX-2015-AS1028518-42351,2015-12-13 00:00:00,AS-1028518,Alejandro Savely,Corporate,Brazil,LATAM,South America,OFF-BI-3717,Office Supplies,Binders,"Cardinal Binder Covers, Durable",36,4,0,6.4799999999999995
IR-2015-DM301560-42339,2015-12-01 00:00:00,DM-301560,Darrin Martin,Consumer,Iran,Asia Pacific,Southern Asia,OFF-AR-6120,Office Supplies,Art,"Stanley Pencil Sharpener, Water Color",50.099999999999994,2,0,3
RS-2015-PP8955108-42355,2015-12-17 00:00:00,PP-8955108,Paul Prost,Home Office,Russia,Europe,Eastern Europe,TEC-PH-3799,Technology,Phones,"Cisco Office Telephone, with Caller ID",80.46000000000001,1,0,10.44
MX-2015-MS1771018-42340,2015-12-02 00:00:00,MS-1771018,Maurice Satty,Consumer,Brazil,LATAM,South America,OFF-AR-3468,Office Supplies,Art,"BIC Sketch Pad, Blue",64.88,2,0,12.32
US-2015-HG14965140-42346,2015-12-08 00:00:00,HG-149651402,Henry Goldwyn,Corporate,United States,USCA,Central US,OFF-BI-4821,Office Supplies,Binders,Ibico EPK-21 Electric Binding System,1889.9899999999998,5,0.8,-2929.4845000000005
US-2015-ND1837082-42357,2015-12-19 00:00:00,ND-1837082,Natalie DeCherney,Consumer,Mexico,LATAM,Central America,FUR-CH-4697,Furniture,Chairs,"Hon Steel Folding Chair, Adjustable",89.50399999999999,2,0.2,-1.1360000000000015
MX-2015-AC1066093-42350,2015-12-12 00:00:00,AC-1066093,Anna Chung,Consumer,Nicaragua,LATAM,Central America,OFF-AR-3456,Office Supplies,Art,"BIC Markers, Blue",88.1,5,0,34.3
ES-2015-ES1402045-42343,2015-12-05 00:00:00,ES-1402045,Erica Smith,Consumer,France,Europe,Western Europe,OFF-PA-3998,Office Supplies,Paper,"Eaton Message Books, 8.5 x 11",123.6,5,0,54.3
MX-2015-TS2116051-42361,2015-12-23 00:00:00,TS-2116051,Theresa Swint,Corporate,Guatemala,LATAM,Central America,OFF-EN-3671,Office Supplies,Envelopes,"Cameo Manila Envelope, Set of 50",54,3,0,3.78
ID-2015-HG148457-42357,2015-12-19 00:00:00,HG-148457,Harry Greene,Consumer,Australia,Asia Pacific,Oceania,OFF-EN-4443,Office Supplies,Envelopes,"GlobeWeis Mailers, Recycled",134.45999999999998,4,0.1,52.25999999999999
UP-2015-VW11775137-42362,2015-12-24 00:00:00,VW-11775137,Victoria Wilson,Corporate,Ukraine,Europe,Eastern Europe,OFF-EN-4451,Office Supplies,Envelopes,"GlobeWeis Peel and Seal, Recycled",121.13999999999999,6,0,58.14
MX-2015-MP1796582-42342,2015-12-04 00:00:00,MP-1796582,Michael Paige,Corporate,Mexico,LATAM,Central America,OFF-SU-4318,Office Supplies,Supplies,"Fiskars Scissors, Steel",60.160000000000004,4,0,10.16
IT-2015-ED13885139-42354,2015-12-16 00:00:00,ED-13885139,Emily Ducich,Home Office,United Kingdom,Europe,Northern Europe,OFF-AR-6108,Office Supplies,Art,"Stanley Canvas, Water Color",105.30000000000001,2,0,46.32
MO-2015-AB60086-42362,2015-12-24 00:00:00,AB-60086,Ann Blume,Corporate,Morocco,Africa,North Africa,OFF-BI-6402,Office Supplies,Binders,"Wilson Jones Index Tab, Clear",70.92,12,0,6.12
IT-2015-GA1451591-42347,2015-12-09 00:00:00,GA-1451591,George Ashbrook,Consumer,Netherlands,Europe,Western Europe,TEC-PH-5352,Technology,Phones,"Nokia Signal Booster, VoIP",68.295,1,0.5,-30.075000000000003
CA-2015-HF14995140-42348,2015-12-10 00:00:00,HF-149951402,Herbert Flentye,Consumer,United States,USCA,Central US,OFF-PA-6419,Office Supplies,Paper,"Wirebound Message Books, Four 2 3/4 x 5 White Forms per Page",33.45,5,0,15.387
IZ-2015-CS225061-42367,2015-12-29 00:00:00,CS-225061,Chris Selesnick,Corporate,Iraq,Asia Pacific,Western Asia,OFF-ST-4108,Office Supplies,Storage,"Eldon Trays, Wire Frame",188.16,4,0,73.32000000000001
ES-2015-MP1747048-42364,2015-12-26 00:00:00,MP-1747048,Mark Packer,Home Office,Germany,Europe,Western Europe,TEC-AC-5221,Technology,Accessories,"Memorex Numeric Keypad, Erganomic",93.42,2,0,14.940000000000001
CA-2015-HF14995140-42348,2015-12-10 00:00:00,HF-149951402,Herbert Flentye,Consumer,United States,USCA,Central US,OFF-BI-4012,Office Supplies,Binders,Economy Binders,10.4,5,0,5.096
US-2015-FH1427528-42365,2015-12-27 00:00:00,FH-1427528,Frank Hawley,Corporate,Colombia,LATAM,South America,OFF-SU-4311,Office Supplies,Supplies,"Fiskars Ruler, Easy Grip",53.5,5,0,10.7
SF-2015-BO1350117-42348,2015-12-10 00:00:00,BO-1350117,Bill Overfelt,Corporate,South Africa,Africa,Southern Africa,OFF-BI-3189,Office Supplies,Binders,"Avery 3-Hole Punch, Recycled",56.46000000000001,2,0,0
MX-2015-LP1709512-42350,2015-12-12 00:00:00,LP-1709512,Liz Preis,Consumer,Barbados,LATAM,Caribbean,FUR-FU-3932,Furniture,Furnishings,"Deflect-O Door Stop, Black",58.6,2,0,0
IZ-2015-JC538561-42354,2015-12-16 00:00:00,JC-538561,Jenna Caffey,Consumer,Iraq,Asia Pacific,Western Asia,TEC-AC-3389,Technology,Accessories,"Belkin Memory Card, Erganomic",112.61999999999998,1,0,56.31
CA-2015-HG15025140-42363,2015-12-25 00:00:00,HG-150251406,Hunter Glantz,Consumer,United States,USCA,Eastern US,FUR-CH-3977,Furniture,Chairs,DMI Arturo Collection Mission-style Design Wood Chair,271.764,2,0.1,48.31360000000001
ES-2015-DM1301548-42364,2015-12-26 00:00:00,DM-1301548,Darrin Martin,Consumer,Germany,Europe,Western Europe,FUR-FU-4104,Furniture,Furnishings,"Eldon Stacking Tray, Erganomic",189.75600000000003,7,0.1,35.82599999999999
IN-2015-JF1519021-42341,2015-12-03 00:00:00,JF-1519021,Jamie Frazer,Consumer,Cambodia,Asia Pacific,Southeastern Asia,OFF-SU-3004,Office Supplies,Supplies,"Acme Trimmer, Steel",43.980000000000004,1,0,3.51
MX-2015-MZ1751582-42346,2015-12-08 00:00:00,MZ-1751582,Mary Zewe,Corporate,Mexico,LATAM,Central America,FUR-CH-4700,Furniture,Chairs,"Hon Steel Folding Chair, Set of Two",89.248,2,0.2,6.688
CA-2015-HG15025140-42363,2015-12-25 00:00:00,HG-150251406,Hunter Glantz,Consumer,United States,USCA,Eastern US,OFF-BI-3984,Office Supplies,Binders,"DXL Angle-View Binders with Locking Rings, Black",14.376000000000001,3,0.2,4.8519
MX-2015-PK1907528-42361,2015-12-23 00:00:00,PK-1907528,Pete Kriz,Consumer,Colombia,LATAM,South America,OFF-SU-4327,Office Supplies,Supplies,"Fiskars Trimmer, Serrated",130.00000000000003,5,0,40.3
UP-2015-FW4395137-42369,2015-12-31 00:00:00,FW-4395137,Fred Wasserman,Corporate,Ukraine,Europe,Eastern Europe,OFF-FA-5485,Office Supplies,Fasteners,"OIC Thumb Tacks, Assorted Sizes",138.24,12,0,55.08
ES-2015-ES1402045-42343,2015-12-05 00:00:00,ES-1402045,Erica Smith,Consumer,France,Europe,Western Europe,OFF-ST-4258,Office Supplies,Storage,"Fellowes File Cart, Industrial",248.02200000000005,2,0.1,8.261999999999993
MX-2015-JG1580531-42364,2015-12-26 00:00:00,JG-1580531,John Grady,Corporate,Cuba,LATAM,Caribbean,OFF-AR-6121,Office Supplies,Art,"Stanley Pens, Blue",33.50000000000001,5,0,6.7
IN-2015-CL1256527-42343,2015-12-05 00:00:00,CL-1256527,Clay Ludtke,Consumer,China,Asia Pacific,Eastern Asia,OFF-AR-3489,Office Supplies,Art,"Binney & Smith Markers, Easy-Erase",121.8,5,0,7.199999999999999
MX-2015-PM1913518-42357,2015-12-19 00:00:00,PM-1913518,Peter McVee,Home Office,Brazil,LATAM,South America,OFF-AR-5903,Office Supplies,Art,"Sanford Canvas, Easy-Erase",67.72,2,0,1.3199999999999998
KE-2015-ES402069-42341,2015-12-03 00:00:00,ES-402069,Erica Smith,Consumer,Kenya,Africa,Eastern Africa,OFF-EN-4448,Office Supplies,Envelopes,"GlobeWeis Manila Envelope, Security-Tint",29.79,1,0,0.27
ID-2015-JF1519059-42363,2015-12-25 00:00:00,JF-1519059,Jamie Frazer,Consumer,Indonesia,Asia Pacific,Southeastern Asia,OFF-SU-6172,Office Supplies,Supplies,"Stiletto Scissors, Easy Grip",80.23140000000001,6,0.47000000000000003,-62.1486
MX-2015-EM1409539-42361,2015-12-23 00:00:00,EM-1409539,Eudokia Martin,Corporate,El Salvador,LATAM,Central America,TEC-AC-5222,Technology,Accessories,"Memorex Numeric Keypad, USB",86.04,3,0,36.96
IT-2015-MK18160124-42347,2015-12-09 00:00:00,MK-18160124,Mike Kennedy,Consumer,Sweden,Europe,Northern Europe,TEC-MA-5544,Technology,Machines,"Panasonic Card Printer, White",86.11500000000001,1,0.5,-20.685000000000016
CA-2015-JL15130140-42361,2015-12-23 00:00:00,JL-151301408,Jack Lebron,Consumer,United States,USCA,Southern US,FUR-TA-3425,Furniture,Tables,"Bevis Round Bullnose 29"" High Table Top",934.9559999999999,6,0.4,-249.3216
MX-2015-SW2027518-42348,2015-12-10 00:00:00,SW-2027518,Scott Williamson,Consumer,Brazil,LATAM,South America,FUR-FU-3028,Furniture,Furnishings,"Advantus Door Stop, Duo Pack",150.3,5,0,33
CA-2015-JL15130140-42361,2015-12-23 00:00:00,JL-151301408,Jack Lebron,Consumer,United States,USCA,Southern US,OFF-AP-4608,Office Supplies,Appliances,"Holmes Replacement Filter for HEPA Air Cleaner, Large Room",59.24,5,0.2,16.290999999999997
CA-2015-JL15130140-42361,2015-12-23 00:00:00,JL-151301408,Jack Lebron,Consumer,United States,USCA,Southern US,TEC-AC-5096,Technology,Accessories,Logitech ClearChat Comfort/USB Headset H390,46.864000000000004,2,0.2,7.615399999999994
ES-2015-BF1127548-42363,2015-12-25 00:00:00,BF-1127548,Beth Fritzler,Corporate,Germany,Europe,Western Europe,OFF-AR-3450,Office Supplies,Art,"BIC Canvas, Water Color",113.76,2,0,1.08
CA-2015-JL15130140-42361,2015-12-23 00:00:00,JL-151301408,Jack Lebron,Consumer,United States,USCA,Southern US,OFF-ST-3851,Office Supplies,Storage,Crate-A-Files,26.160000000000004,3,0.2,1.961999999999998
IN-2015-JG153107-42350,2015-12-12 00:00:00,JG-153107,Jason Gross,Corporate,Australia,Asia Pacific,Oceania,OFF-SU-2987,Office Supplies,Supplies,"Acme Ruler, Steel",101.49300000000001,7,0.1,1.1130000000000013
CA-2015-JL15130140-42361,2015-12-23 00:00:00,JL-151301408,Jack Lebron,Consumer,United States,USCA,Southern US,OFF-AR-5303,Office Supplies,Art,Newell 325,23.128,7,0.2,2.8909999999999982
MO-2015-AG33086-42367,2015-12-29 00:00:00,AG-33086,Alex Grayson,Consumer,Morocco,Africa,North Africa,OFF-BI-6380,Office Supplies,Binders,"Wilson Jones Binder, Economy",78.12,6,0,24.120000000000005
ID-2015-CG12040102-42348,2015-12-10 00:00:00,CG-12040102,Catherine Glotzbach,Home Office,Philippines,Asia Pacific,Southeastern Asia,OFF-BI-3257,Office Supplies,Binders,"Avery Binding Machine, Economy",41.514,1,0.15000000000000002,-0.5160000000000009
IN-2015-ME1732027-42364,2015-12-26 00:00:00,ME-1732027,Maria Etezadi,Home Office,China,Asia Pacific,Eastern Asia,OFF-SU-4328,Office Supplies,Supplies,"Fiskars Trimmer, Steel",83.4,2,0,7.5
UP-2015-RK9300137-42341,2015-12-03 00:00:00,RK-9300137,Ralph Kennedy,Consumer,Ukraine,Europe,Eastern Europe,TEC-PH-5261,Technology,Phones,"Motorola Office Telephone, VoIP",71.85,1,0,31.589999999999996
IN-2015-PF1922527-42367,2015-12-29 00:00:00,PF-1922527,Phillip Flathmann,Consumer,China,Asia Pacific,Eastern Asia,TEC-CO-3697,Technology,Copiers,"Canon Ink, Laser",294.29999999999995,2,0,135.35999999999999
NI-2015-AS22595-42350,2015-12-12 00:00:00,AS-22595,Alan Schoenberger,Corporate,Nigeria,Africa,Western Africa,FUR-BO-5777,Furniture,Bookcases,"Safco Floating Shelf Set, Metal",117.72000000000003,2,0.7,-156.96
ES-2015-JG15160120-42340,2015-12-02 00:00:00,JG-15160120,James Galang,Consumer,Spain,Europe,Southern Europe,OFF-PA-5879,Office Supplies,Paper,"SanDisk Message Books, Recycled",94.91999999999999,4,0,42.599999999999994
CA-2015-JG15160140-42368,2015-12-30 00:00:00,JG-151601404,James Galang,Consumer,United States,USCA,Western US,TEC-PH-3017,Technology,Phones,Adtran 1202752G1,302.376,3,0.2,22.678200000000018
CA-2015-JG15160140-42368,2015-12-30 00:00:00,JG-151601404,James Galang,Consumer,United States,USCA,Western US,FUR-CH-4412,Furniture,Chairs,"Global High-Back Leather Tilter, Burgundy",393.568,4,0.2,-44.276400000000024
ES-2015-DR1294045-42342,2015-12-04 00:00:00,DR-1294045,Daniel Raglin,Home Office,France,Europe,Western Europe,FUR-CH-5414,Furniture,Chairs,"Novimex Swivel Stool, Set of Two",450.1170000000001,3,0.1,139.977
CA-2015-JL15175140-42363,2015-12-25 00:00:00,JL-151751404,James Lanier,Home Office,United States,USCA,Western US,FUR-CH-4416,Furniture,Chairs,Global Leather Executive Chair,842.3760000000001,3,0.2,105.29699999999988
ES-2015-SW2035045-42357,2015-12-19 00:00:00,SW-2035045,Sean Wendt,Home Office,France,Europe,Western Europe,OFF-EN-4436,Office Supplies,Envelopes,"GlobeWeis Clasp Envelope, Security-Tint",36.9,3,0,13.950000000000001
CA-2015-JL15175140-42363,2015-12-25 00:00:00,JL-151751404,James Lanier,Home Office,United States,USCA,Western US,FUR-FU-3006,Furniture,Furnishings,Acrylic Self-Standing Desk Frames,8.544,4,0.2,1.9223999999999997
LH-2015-AT43575-42341,2015-12-03 00:00:00,AT-43575,Alyssa Tate,Home Office,Lithuania,Europe,Northern Europe,TEC-CO-5997,Technology,Copiers,"Sharp Fax Machine, Color",89.12700000000001,1,0.7,-184.20299999999997
MX-2015-SV2078582-42347,2015-12-09 00:00:00,SV-2078582,Stewart Visinsky,Consumer,Mexico,LATAM,Central America,OFF-EN-3668,Office Supplies,Envelopes,"Cameo Mailers, with clear poly window",55.6,2,0,9.440000000000001
ES-2015-AT1073545-42367,2015-12-29 00:00:00,AT-1073545,Annie Thurman,Consumer,France,Europe,Western Europe,OFF-BI-3252,Office Supplies,Binders,"Avery Binder, Durable",72,5,0,3.5999999999999996
IN-2015-NH1861059-42349,2015-12-11 00:00:00,NH-1861059,Nicole Hansen,Corporate,Indonesia,Asia Pacific,Southeastern Asia,OFF-PA-4474,Office Supplies,Paper,"Green Bar Message Books, 8.5 x 11",118.42320000000001,8,0.47000000000000003,-80.5368
TZ-2015-RH9555129-42343,2015-12-05 00:00:00,RH-9555129,Ritsa Hightower,Consumer,Tanzania,Africa,Eastern Africa,TEC-CO-3602,Technology,Copiers,"Brother Ink, Laser",147.3,1,0,0
MX-2015-MK1790539-42343,2015-12-05 00:00:00,MK-1790539,Michael Kennedy,Corporate,El Salvador,LATAM,Central America,OFF-SU-4979,Office Supplies,Supplies,"Kleencut Letter Opener, High Speed",52.92,3,0,3.6599999999999993
IT-2015-MK18160124-42347,2015-12-09 00:00:00,MK-18160124,Mike Kennedy,Consumer,Sweden,Europe,Northern Europe,FUR-CH-5433,Furniture,Chairs,"Office Star Bag Chairs, Adjustable",144.825,5,0.5,-104.32499999999999
ES-2015-JJ15760139-42357,2015-12-19 00:00:00,JJ-15760139,Joel Jenkins,Home Office,United Kingdom,Europe,Northern Europe,OFF-AR-3465,Office Supplies,Art,"BIC Pens, Easy-Erase",43.65,3,0,9.540000000000001
ES-2015-PC1874548-42348,2015-12-10 00:00:00,PC-1874548,Pamela Coakley,Corporate,Germany,Europe,Western Europe,OFF-LA-4537,Office Supplies,Labels,"Harbour Creations Legal Exhibit Labels, 5000 Label Set",34.019999999999996,3,0,5.3999999999999995
ES-2015-RF1984045-42350,2015-12-12 00:00:00,RF-1984045,Roy Französisch,Consumer,France,Europe,Western Europe,TEC-MA-4190,Technology,Machines,"Epson Calculator, Red",111.078,3,0.15,27.378000000000004
ES-2015-BM11785139-42367,2015-12-29 00:00:00,BM-11785139,Bryan Mills,Consumer,United Kingdom,Europe,Northern Europe,OFF-ST-4063,Office Supplies,Storage,"Eldon Folders, Wire Frame",64.19999999999999,4,0,6.36
GV-2015-CD228052-42357,2015-12-19 00:00:00,CD-228052,Christina DeMoss,Consumer,Guinea,Africa,Western Africa,OFF-ST-6282,Office Supplies,Storage,"Tenex Trays, Industrial",109.37999999999998,2,0,10.92
IN-2015-EH137657-42367,2015-12-29 00:00:00,EH-137657,Edward Hooks,Corporate,Australia,Asia Pacific,Oceania,OFF-EN-5039,Office Supplies,Envelopes,"Kraft Manila Envelope, Set of 50",95.364,4,0.1,2.0039999999999996
ID-2015-NH18610102-42349,2015-12-11 00:00:00,NH-18610102,Nicole Hansen,Corporate,Philippines,Asia Pacific,Southeastern Asia,FUR-CH-5408,Furniture,Chairs,"Novimex Steel Folding Chair, Red",185.01749999999998,3,0.25,-7.402500000000003
EG-2015-PO918038-42340,2015-12-02 00:00:00,PO-918038,Philisse Overcash,Home Office,Egypt,Africa,North Africa,OFF-AR-3489,Office Supplies,Art,"Binney & Smith Markers, Easy-Erase",24.36,1,0,9.72
IT-2015-DL1349591-42347,2015-12-09 00:00:00,DL-1349591,Dionis Lloyd,Corporate,Netherlands,Europe,Western Europe,OFF-ST-6067,Office Supplies,Storage,"Smead Trays, Single Width",72.76499999999999,3,0.5,-26.234999999999985
ID-2015-PB1880559-42361,2015-12-23 00:00:00,PB-1880559,Patrick Bzostek,Home Office,Indonesia,Asia Pacific,Southeastern Asia,OFF-SU-6175,Office Supplies,Supplies,"Stiletto Scissors, Steel",48.7812,4,0.47000000000000003,-41.458800000000004
IN-2015-AC1061558-42357,2015-12-19 00:00:00,AC-1061558,Ann Chong,Corporate,India,Asia Pacific,Southern Asia,OFF-EN-5028,Office Supplies,Envelopes,"Kraft Clasp Envelope, with clear poly window",75.24,6,0,11.879999999999999
TU-2015-HA4905134-42356,2015-12-18 00:00:00,HA-4905134,Helen Abelman,Consumer,Turkey,Asia Pacific,Western Asia,FUR-FU-3029,Furniture,Furnishings,"Advantus Door Stop, Durable",235.53600000000003,14,0.6,-58.884000000000015
MX-2015-EB1397518-42369,2015-12-31 00:00:00,EB-1397518,Erica Bern,Corporate,Brazil,LATAM,South America,TEC-AC-4164,Technology,Accessories,"Enermax Memory Card, Erganomic",74.79999999999998,1,0,28.419999999999998
ID-2015-KB16405102-42339,2015-12-01 00:00:00,KB-16405102,Katrina Bavinger,Home Office,Philippines,Asia Pacific,Southeastern Asia,FUR-CH-4563,Furniture,Chairs,"Harbour Creations Swivel Stool, Red",135.09,1,0.25,-39.63
TO-2015-JO5550131-42357,2015-12-19 00:00:00,JO-5550131,Jesus Ocampo,Home Office,Togo,Africa,Western Africa,TEC-AC-3395,Technology,Accessories,"Belkin Mouse, USB",163.67999999999998,4,0,24.48
ID-2015-EB1393059-42350,2015-12-12 00:00:00,EB-1393059,Eric Barreto,Consumer,Indonesia,Asia Pacific,Southeastern Asia,OFF-EN-5032,Office Supplies,Envelopes,"Kraft Interoffice Envelope, with clear poly window",80.23140000000001,3,0.47000000000000003,-18.2286
CA-2015-JG15310140-42361,2015-12-23 00:00:00,JG-153101406,Jason Gross,Corporate,United States,USCA,Eastern US,OFF-SU-5635,Office Supplies,Supplies,Premier Electric Letter Opener,695.16,6,0,34.75799999999995
MX-2015-JS1603082-42348,2015-12-10 00:00:00,JS-1603082,Joy Smith,Consumer,Mexico,LATAM,Central America,FUR-FU-5729,Furniture,Furnishings,"Rubbermaid Frame, Durable",128.30400000000003,3,0.4,-83.43600000000004
CA-2015-JG15310140-42367,2015-12-29 00:00:00,JG-153101404,Jason Gross,Corporate,United States,USCA,Western US,FUR-CH-5415,Furniture,Chairs,Novimex Turbo Task Chair,340.70400000000006,6,0.2,-34.07040000000001
CA-2015-JG15310140-42361,2015-12-23 00:00:00,JG-153101406,Jason Gross,Corporate,United States,USCA,Eastern US,FUR-BO-3632,Furniture,Bookcases,"Bush Cubix Collection Bookcases, Fully Assembled",220.98,1,0,50.8254
ES-2015-LS16945139-42342,2015-12-04 00:00:00,LS-16945139,Linda Southworth,Corporate,United Kingdom,Europe,Northern Europe,OFF-AR-3447,Office Supplies,Art,"BIC Canvas, Blue",53.699999999999996,1,0,4.29
MX-2015-MY1829593-42355,2015-12-17 00:00:00,MY-1829593,Muhammed Yedwab,Corporate,Nicaragua,LATAM,Central America,OFF-SU-4319,Office Supplies,Supplies,"Fiskars Shears, Easy Grip",32.839999999999996,1,0,16.419999999999998
IR-2015-JO528060-42350,2015-12-12 00:00:00,JO-528060,Jas O'Carroll,Consumer,Iran,Asia Pacific,Southern Asia,OFF-SU-4138,Office Supplies,Supplies,"Elite Trimmer, Steel",328.56000000000006,8,0,160.8
RS-2015-PP8955108-42355,2015-12-17 00:00:00,PP-8955108,Paul Prost,Home Office,Russia,Europe,Eastern Europe,TEC-AC-5132,Technology,Accessories,"Logitech Numeric Keypad, Programmable",47.82000000000001,1,0,6.209999999999999
EG-2015-CS240038-42358,2015-12-20 00:00:00,CS-240038,Christopher Schild,Home Office,Egypt,Africa,North Africa,FUR-CH-5434,Furniture,Chairs,"Office Star Bag Chairs, Black",53.00999999999999,1,0,21.72
ES-2015-IM15055120-42354,2015-12-16 00:00:00,IM-15055120,Ionia McGrath,Consumer,Spain,Europe,Southern Europe,OFF-ST-5697,Office Supplies,Storage,"Rogers Folders, Wire Frame",53.56799999999999,2,0.1,0.5880000000000019
IN-2015-PV189857-42361,2015-12-23 00:00:00,PV-189857,Paul Van Hugh,Home Office,Australia,Asia Pacific,Oceania,OFF-EN-3088,Office Supplies,Envelopes,"Ames Business Envelopes, Recycled",60.48000000000001,5,0.1,18.029999999999994
ES-2015-SC2068045-42348,2015-12-10 00:00:00,SC-2068045,Steve Carroll,Home Office,France,Europe,Western Europe,OFF-BI-3723,Office Supplies,Binders,"Cardinal Binder, Recycled",28.379999999999995,2,0,5.9399999999999995
CA-2015-JB15400140-42362,2015-12-24 00:00:00,JB-154001402,Jennifer Braxton,Corporate,United States,USCA,Central US,OFF-BI-6406,Office Supplies,Binders,Wilson Jones International Size A4 Ring Binders,13.839999999999998,4,0.8,-22.144000000000005
CA-2015-JB15400140-42362,2015-12-24 00:00:00,JB-154001402,Jennifer Braxton,Corporate,United States,USCA,Central US,OFF-PA-6495,Office Supplies,Paper,Xerox 1940,175.872,4,0.2,63.75359999999999
ES-2015-RH1955545-42362,2015-12-24 00:00:00,RH-1955545,Ritsa Hightower,Consumer,France,Europe,Western Europe,OFF-BI-2894,Office Supplies,Binders,"Acco Binder Covers, Recycled",68.4,5,0,20.4
ES-2015-TS2161048-42346,2015-12-08 00:00:00,TS-2161048,Troy Staebel,Consumer,Germany,Europe,Western Europe,OFF-ST-4253,Office Supplies,Storage,"Fellowes Box, Wire Frame",33.75,2,0.1,13.469999999999999
CA-2015-JF15415140-42367,2015-12-29 00:00:00,JF-154151406,Jennifer Ferguson,Consumer,United States,USCA,Eastern US,OFF-LA-3191,Office Supplies,Labels,Avery 473,72.45,7,0,34.775999999999996
CA-2015-JF15415140-42367,2015-12-29 00:00:00,JF-154151406,Jennifer Ferguson,Consumer,United States,USCA,Eastern US,OFF-BI-6209,Office Supplies,Binders,Storex Dura Pro Binders,33.264,7,0.2,11.2266
ES-2015-AB1016545-42356,2015-12-18 00:00:00,AB-1016545,Alan Barnes,Consumer,France,Europe,Western Europe,OFF-PA-5877,Office Supplies,Paper,"SanDisk Message Books, Multicolor",151.38,6,0,24.120000000000005
CA-2015-JF15415140-42367,2015-12-29 00:00:00,JF-154151406,Jennifer Ferguson,Consumer,United States,USCA,Eastern US,TEC-PH-3880,Technology,Phones,Cush Cases Heavy Duty Rugged Cover Case for Samsung Galaxy S5 - Purple,14.850000000000001,3,0,4.0095
CA-2015-JF15415140-42367,2015-12-29 00:00:00,JF-154151406,Jennifer Ferguson,Consumer,United States,USCA,Eastern US,OFF-FA-5461,Office Supplies,Fasteners,OIC Bulk Pack Metal Binder Clips,13.96,4,0,6.4216
CA-2015-JH15430140-42364,2015-12-26 00:00:00,JH-154301408,Jennifer Halladay,Consumer,United States,USCA,Southern US,TEC-MA-5080,Technology,Machines,Lexmark 20R1285 X6650 Wireless All-in-One Printer,120,2,0.5,-7.200000000000003
CA-2015-JH15430140-42364,2015-12-26 00:00:00,JH-154301408,Jennifer Halladay,Consumer,United States,USCA,Southern US,FUR-FU-4022,Furniture,Furnishings,"Eldon 400 Class Desk Accessories, Black Carbon",21,3,0.2,5.775000000000002
IR-2015-TC1114560-42357,2015-12-19 00:00:00,TC-1114560,Theresa Coyne,Corporate,Iran,Asia Pacific,Southern Asia,OFF-FA-5471,Office Supplies,Fasteners,"OIC Push Pins, 12 Pack",57.36,4,0,23.4
ES-2015-HM1486045-42365,2015-12-27 00:00:00,HM-1486045,Harry Marie,Corporate,France,Europe,Western Europe,OFF-ST-6025,Office Supplies,Storage,"Smead Box, Single Width",87.48,9,0.1,15.389999999999999
ES-2015-SJ20215139-42341,2015-12-03 00:00:00,SJ-20215139,Sarah Jordon,Consumer,United Kingdom,Europe,Northern Europe,OFF-SU-6179,Office Supplies,Supplies,"Stiletto Shears, Steel",427.4100000000001,9,0,38.339999999999996
LY-2015-MB808574-42358,2015-12-20 00:00:00,MB-808574,Mick Brown,Consumer,Libya,Africa,North Africa,OFF-SU-6165,Office Supplies,Supplies,"Stiletto Letter Opener, Easy Grip",60,2,0,11.399999999999999
MX-2015-DC1328536-42351,2015-12-13 00:00:00,DC-1328536,Debra Catini,Consumer,Dominican Republic,LATAM,Caribbean,OFF-AP-3857,Office Supplies,Appliances,"Cuisinart Blender, Red",107.18400000000001,3,0.2,-22.836000000000006
ES-2015-BG1174045-42363,2015-12-25 00:00:00,BG-1174045,Bruce Geld,Consumer,France,Europe,Western Europe,TEC-PH-3134,Technology,Phones,"Apple Headset, VoIP",62.3475,1,0.15,-0.7424999999999997
IT-2015-DL1349591-42347,2015-12-09 00:00:00,DL-1349591,Dionis Lloyd,Corporate,Netherlands,Europe,Western Europe,FUR-CH-4521,Furniture,Chairs,"Harbour Creations Bag Chairs, Set of Two",127.74000000000001,4,0.5,-46.02000000000001
AE-2015-GH4665138-42351,2015-12-13 00:00:00,GH-4665138,Greg Hansen,Consumer,United Arab Emirates,Asia Pacific,Western Asia,TEC-PH-5253,Technology,Phones,"Motorola Headset, VoIP",95.796,4,0.7,-156.56399999999996
IN-2015-NH1861059-42349,2015-12-11 00:00:00,NH-1861059,Nicole Hansen,Corporate,Indonesia,Asia Pacific,Southeastern Asia,FUR-FU-3935,Furniture,Furnishings,"Deflect-O Door Stop, Erganomic",93.22830000000002,3,0.27,25.458299999999987
CG-2015-AF87033-42357,2015-12-19 00:00:00,AF-87033,Art Ferguson,Consumer,Democratic Republic of the Congo,Africa,Central Africa,OFF-BI-3727,Office Supplies,Binders,"Cardinal Binding Machine, Recycled",50.13,1,0,10.5
US-2015-GH1442598-42351,2015-12-13 00:00:00,GH-1442598,Gary Hwang,Consumer,Panama,LATAM,Central America,OFF-AR-3470,Office Supplies,Art,"BIC Sketch Pad, Fluorescent",19.968,1,0.4,-0.6719999999999985
ES-2015-DW1358545-42357,2015-12-19 00:00:00,DW-1358545,Dorothy Wardle,Corporate,France,Europe,Western Europe,OFF-BI-3719,Office Supplies,Binders,"Cardinal Binder Covers, Recycled",37.08,3,0,16.650000000000002
IR-2015-TW1102560-42350,2015-12-12 00:00:00,TW-1102560,Tamara Willingham,Home Office,Iran,Asia Pacific,Southern Asia,FUR-CH-5758,Furniture,Chairs,"SAFCO Chairmat, Red",59.82000000000001,1,0,12.54
ID-2015-NH18610102-42349,2015-12-11 00:00:00,NH-18610102,Nicole Hansen,Corporate,Philippines,Asia Pacific,Southeastern Asia,OFF-SU-4990,Office Supplies,Supplies,"Kleencut Shears, High Speed",77.1705,3,0.45,-47.7495
CA-2015-JP15520140-42347,2015-12-09 00:00:00,JP-155201402,Jeremy Pistek,Consumer,United States,USCA,Central US,OFF-AP-4751,Office Supplies,Appliances,Hoover WindTunnel Plus Canister Vacuum,1089.75,3,0,305.1300000000001
CA-2015-JP15520140-42347,2015-12-09 00:00:00,JP-155201402,Jeremy Pistek,Consumer,United States,USCA,Central US,FUR-BO-5946,Furniture,Bookcases,"Sauder Camden County Collection Libraries, Planked Cherry Finish",459.92,4,0,41.392799999999966
ES-2015-AT1073545-42367,2015-12-29 00:00:00,AT-1073545,Annie Thurman,Consumer,France,Europe,Western Europe,OFF-BI-2884,Office Supplies,Binders,"Acco 3-Hole Punch, Recycled",91.44000000000001,3,0,8.19
IT-2015-DL1349591-42347,2015-12-09 00:00:00,DL-1349591,Dionis Lloyd,Corporate,Netherlands,Europe,Western Europe,OFF-BI-3256,Office Supplies,Binders,"Avery Binding Machine, Durable",75.51,3,0.5,-66.51
CG-2015-DW358533-42341,2015-12-03 00:00:00,DW-358533,Dorothy Wardle,Corporate,Democratic Republic of the Congo,Africa,Central Africa,TEC-MA-4203,Technology,Machines,"Epson Phone, White",79.38,1,0,30.150000000000002
IN-2015-AC1061559-42341,2015-12-03 00:00:00,AC-1061559,Ann Chong,Corporate,Indonesia,Asia Pacific,Southeastern Asia,TEC-AC-4172,Technology,Accessories,"Enermax Mouse, Erganomic",60.57899999999999,3,0.47000000000000003,-14.931000000000004
CA-2015-JP15520140-42347,2015-12-09 00:00:00,JP-155201402,Jeremy Pistek,Consumer,United States,USCA,Central US,TEC-AC-5103,Technology,Accessories,Logitech G105 Gaming Keyboard,178.10999999999999,3,0,32.059799999999996
CA-2015-JP15520140-42347,2015-12-09 00:00:00,JP-155201402,Jeremy Pistek,Consumer,United States,USCA,Central US,OFF-PA-3008,Office Supplies,Paper,"Adams Phone Message Book, 200 Message Capacity, 8 1/16” x 11”",27.52,4,0,12.659199999999998
CA-2015-JP15520140-42361,2015-12-23 00:00:00,JP-155201408,Jeremy Pistek,Consumer,United States,USCA,Southern US,OFF-FA-6129,Office Supplies,Fasteners,Staples,7.824,1,0.2,2.9339999999999997
CA-2015-JP15520140-42347,2015-12-09 00:00:00,JP-155201402,Jeremy Pistek,Consumer,United States,USCA,Central US,OFF-LA-3190,Office Supplies,Labels,"Avery 4027 File Folder Labels for Dot Matrix Printers, 5000 Labels per Box, White",61.06,2,0,28.087600000000002
IN-2015-LS17230118-42365,2015-12-27 00:00:00,LS-17230118,Lycoris Saunders,Consumer,South Korea,Asia Pacific,Eastern Asia,OFF-ST-4266,Office Supplies,Storage,"Fellowes Lockers, Blue",207.32999999999998,2,0.5,-29.069999999999993
IN-2015-BE1145558-42342,2015-12-04 00:00:00,BE-1145558,Brad Eason,Home Office,India,Asia Pacific,Southern Asia,OFF-SU-2967,Office Supplies,Supplies,"Acme Box Cutter, Serrated",69,2,0,19.32
ES-2015-SW20755139-42354,2015-12-16 00:00:00,SW-20755139,Steven Ward,Corporate,United Kingdom,Europe,Northern Europe,OFF-LA-4542,Office Supplies,Labels,"Harbour Creations Removable Labels, Adjustable",49.5,6,0,6.840000000000001
IN-2015-BT1168066-42351,2015-12-13 00:00:00,BT-1168066,Brian Thompson,Consumer,Japan,Asia Pacific,Eastern Asia,OFF-SU-4138,Office Supplies,Supplies,"Elite Trimmer, Steel",123.21000000000002,3,0,49.230000000000004
ES-2015-PG1889545-42367,2015-12-29 00:00:00,PG-1889545,Paul Gonzalez,Consumer,France,Europe,Western Europe,TEC-MA-5542,Technology,Machines,"Panasonic Card Printer, Durable",147.849,1,0.15,8.678999999999998
ID-2015-RF1984092-42354,2015-12-16 00:00:00,RF-1984092,Roy Französisch,Consumer,New Zealand,Asia Pacific,Oceania,OFF-EN-5037,Office Supplies,Envelopes,"Kraft Manila Envelope, Recycled",30.348,2,0.4,-4.571999999999999
CA-2015-JM15580140-42369,2015-12-31 00:00:00,JM-155801404,Jill Matthias,Consumer,United States,USCA,Western US,OFF-FA-3330,Office Supplies,Fasteners,Bagged Rubber Bands,3.024,3,0.2,-0.6048
US-2015-AC1066054-42367,2015-12-29 00:00:00,AC-1066054,Anna Chung,Consumer,Haiti,LATAM,Caribbean,OFF-EN-4913,Office Supplies,Envelopes,"Jiffy Interoffice Envelope, with clear poly window",99.96,5,0.4,-30.04
ES-2015-PV1898545-42348,2015-12-10 00:00:00,PV-1898545,Paul Van Hugh,Home Office,France,Europe,Western Europe,OFF-ST-6058,Office Supplies,Storage,"Smead Shelving, Industrial",88.938,2,0.1,13.818000000000003
NI-2015-PF922595-42355,2015-12-17 00:00:00,PF-922595,Phillip Flathmann,Consumer,Nigeria,Africa,Western Africa,TEC-MA-5506,Technology,Machines,"Okidata Phone, Durable",52.18200000000001,2,0.7,-83.538
US-2015-CA1196518-42346,2015-12-08 00:00:00,CA-1196518,Carol Adams,Corporate,Brazil,LATAM,South America,FUR-CH-5450,Furniture,Chairs,"Office Star Steel Folding Chair, Adjustable",75.36,3,0.6,-75.36000000000001
MX-2015-AS1024082-42357,2015-12-19 00:00:00,AS-1024082,Alan Shonely,Consumer,Mexico,LATAM,Central America,OFF-PA-4001,Office Supplies,Paper,"Eaton Message Books, Recycled",109.28,8,0,33.760000000000005
IN-2015-SS205907-42340,2015-12-02 00:00:00,SS-205907,Sonia Sunley,Consumer,Australia,Asia Pacific,Oceania,OFF-PA-3990,Office Supplies,Paper,"Eaton Computer Printout Paper, 8.5 x 11",55.242000000000004,2,0.1,15.341999999999999
ES-2015-BN11515139-42349,2015-12-11 00:00:00,BN-11515139,Bradley Nguyen,Consumer,United Kingdom,Europe,Northern Europe,OFF-EN-4449,Office Supplies,Envelopes,"GlobeWeis Manila Envelope, Set of 50",82.17,3,0,27.089999999999996
SF-2015-BO1350117-42348,2015-12-10 00:00:00,BO-1350117,Bill Overfelt,Corporate,South Africa,Africa,Southern Africa,OFF-AR-3533,Office Supplies,Art,"Boston Highlighters, Fluorescent",120.77999999999997,6,0,31.32
ES-2015-CW11905139-42361,2015-12-23 00:00:00,CW-11905139,Carl Weiss,Home Office,United Kingdom,Europe,Northern Europe,OFF-EN-4442,Office Supplies,Envelopes,"GlobeWeis Interoffice Envelope, with clear poly window",184.89600000000002,4,0.1,36.93600000000001
MX-2015-EB1397518-42369,2015-12-31 00:00:00,EB-1397518,Erica Bern,Corporate,Brazil,LATAM,South America,OFF-BI-3187,Office Supplies,Binders,"Avery 3-Hole Punch, Durable",58.74000000000001,3,0,16.439999999999998
MX-2015-AR1057018-42367,2015-12-29 00:00:00,AR-1057018,Anemone Ratner,Consumer,Brazil,LATAM,South America,OFF-EN-5044,Office Supplies,Envelopes,"Kraft Peel and Seal, with clear poly window",112.13999999999999,7,0,38.080000000000005
ES-2015-DL1331548-42351,2015-12-13 00:00:00,DL-1331548,Delfina Latchford,Consumer,Germany,Europe,Western Europe,OFF-LA-4551,Office Supplies,Labels,"Harbour Creations Round Labels, Laser Printer Compatible",94.5,14,0,13.86
CA-2015-JM15655140-42361,2015-12-23 00:00:00,JM-156551404,Jim Mitchum,Corporate,United States,USCA,Western US,TEC-PH-4868,Technology,Phones,"iKross Bluetooth Portable Keyboard + Cell Phone Stand Holder + Brush for Apple iPhone 5S 5C 5, 4S 4",67.04,4,0.2,6.703999999999997
CA-2015-JM15655140-42361,2015-12-23 00:00:00,JM-156551404,Jim Mitchum,Corporate,United States,USCA,Western US,OFF-ST-4098,Office Supplies,Storage,Eldon Simplefile Box Office,37.32,3,0,10.4496
CA-2015-JM15655140-42361,2015-12-23 00:00:00,JM-156551404,Jim Mitchum,Corporate,United States,USCA,Western US,OFF-LA-3239,Office Supplies,Labels,Avery 517,18.45,5,0,8.6715
CA-2015-JM15655140-42361,2015-12-23 00:00:00,JM-156551404,Jim Mitchum,Corporate,United States,USCA,Western US,OFF-AR-3963,Office Supplies,Art,Design Ebony Sketching Pencil,4.17,3,0,1.0841999999999998
RS-2015-JA5970108-42351,2015-12-13 00:00:00,JA-5970108,Joseph Airdo,Consumer,Russia,Europe,Eastern Europe,OFF-AR-6127,Office Supplies,Art,"Stanley Sketch Pad, Fluorescent",45.69,1,0,7.290000000000001
TZ-2015-SS10140129-42340,2015-12-02 00:00:00,SS-10140129,Saphhira Shifley,Corporate,Tanzania,Africa,Eastern Africa,OFF-AR-6122,Office Supplies,Art,"Stanley Pens, Easy-Erase",61.92,6,0,27.18
MX-2015-ME1732031-42356,2015-12-18 00:00:00,ME-1732031,Maria Etezadi,Home Office,Cuba,LATAM,Caribbean,OFF-BI-2895,Office Supplies,Binders,"Acco Binder, Clear",19.48,2,0,7
MX-2015-HG1502593-42363,2015-12-25 00:00:00,HG-1502593,Hunter Glantz,Consumer,Nicaragua,LATAM,Central America,TEC-AC-5194,Technology,Accessories,"Memorex Flash Drive, Erganomic",72.56,4,0,25.36
IN-2015-GK14620130-42357,2015-12-19 00:00:00,GK-14620130,Grace Kelly,Corporate,Thailand,Asia Pacific,Southeastern Asia,OFF-PA-6620,Office Supplies,Paper,"Xerox Note Cards, Recycled",83.5704,6,0.47000000000000003,-8.049599999999998
BK-2015-ML775517-42343,2015-12-05 00:00:00,ML-775517,Max Ludwig,Home Office,Bosnia and Herzegovina,Europe,Southern Europe,OFF-ST-6251,Office Supplies,Storage,"Tenex Folders, Single Width",93,4,0,19.44
ES-2015-TS2120545-42343,2015-12-05 00:00:00,TS-2120545,Thomas Seio,Corporate,France,Europe,Western Europe,OFF-SU-2985,Office Supplies,Supplies,"Acme Ruler, High Speed",83.55000000000001,5,0,3.3000000000000003
ES-2015-AS1028514-42350,2015-12-12 00:00:00,AS-1028514,Alejandro Savely,Corporate,Belgium,Europe,Western Europe,FUR-FU-3047,Furniture,Furnishings,"Advantus Photo Frame, Black",158.94,3,0,1.53
IN-2015-TC209807-42342,2015-12-04 00:00:00,TC-209807,Tamara Chand,Corporate,Australia,Asia Pacific,Oceania,OFF-SU-4308,Office Supplies,Supplies,"Fiskars Letter Opener, Easy Grip",53.19,2,0.1,18.27
ES-2015-LA1678048-42356,2015-12-18 00:00:00,LA-1678048,Laura Armstrong,Corporate,Germany,Europe,Western Europe,OFF-BI-6371,Office Supplies,Binders,"Wilson Jones 3-Hole Punch, Economy",100.76400000000001,4,0.1,25.643999999999995
ES-2015-JK1537045-42368,2015-12-30 00:00:00,JK-1537045,Jay Kimmel,Consumer,France,Europe,Western Europe,OFF-EN-3665,Office Supplies,Envelopes,"Cameo Mailers, Recycled",147.84,4,0,33.96
CG-2015-TA1138533-42361,2015-12-23 00:00:00,TA-1138533,Tom Ashbrook,Home Office,Democratic Republic of the Congo,Africa,Central Africa,OFF-ST-4294,Office Supplies,Storage,"Fellowes Trays, Industrial",115.74,2,0,27.72
MX-2015-PR1888082-42344,2015-12-06 00:00:00,PR-1888082,Patrick Ryan,Consumer,Mexico,LATAM,Central America,OFF-LA-4540,Office Supplies,Labels,"Harbour Creations Legal Exhibit Labels, Laser Printer Compatible",43.8,6,0,16.560000000000002
ES-2015-AS1022545-42357,2015-12-19 00:00:00,AS-1022545,Alan Schoenberger,Corporate,France,Europe,Western Europe,OFF-AP-4746,Office Supplies,Appliances,"Hoover Toaster, Black",224.28900000000002,3,0.1,87.21900000000002
TZ-2015-JA5970129-42369,2015-12-31 00:00:00,JA-5970129,Joseph Airdo,Consumer,Tanzania,Africa,Eastern Africa,OFF-ST-4264,Office Supplies,Storage,"Fellowes Folders, Wire Frame",22.922999999999995,1,0.1,4.053000000000001
EZ-2015-JB604532-42341,2015-12-03 00:00:00,JB-604532,Julia Barnett,Home Office,Czech Republic,Europe,Eastern Europe,OFF-AR-6105,Office Supplies,Art,"Stanley Canvas, Blue",49.47,1,0,7.89
US-2015-RA1991582-42342,2015-12-04 00:00:00,RA-1991582,Russell Applegate,Consumer,Mexico,LATAM,Central America,OFF-AR-5918,Office Supplies,Art,"Sanford Markers, Easy-Erase",15.680000000000001,1,0,7.040000000000001
IR-2015-KH633060-42350,2015-12-12 00:00:00,KH-633060,Katharine Harms,Corporate,Iran,Asia Pacific,Southern Asia,TEC-AC-3384,Technology,Accessories,"Belkin Keyboard, Bluetooth",83.88,1,0,20.97
ID-2015-CG125207-42341,2015-12-03 00:00:00,CG-125207,Claire Gute,Consumer,Australia,Asia Pacific,Oceania,OFF-EN-3655,Office Supplies,Envelopes,"Cameo Business Envelopes, Security-Tint",91.53000000000002,6,0.1,-2.0700000000000003
ES-2015-FH14350139-42368,2015-12-30 00:00:00,FH-14350139,Fred Harton,Consumer,United Kingdom,Europe,Northern Europe,OFF-ST-4252,Office Supplies,Storage,"Fellowes Box, Single Width",39.42,2,0,2.34
IR-2015-KH633060-42350,2015-12-12 00:00:00,KH-633060,Katharine Harms,Corporate,Iran,Asia Pacific,Southern Asia,OFF-SU-2990,Office Supplies,Supplies,"Acme Scissors, Serrated",44.28,2,0,2.64
MX-2015-CM1219093-42369,2015-12-31 00:00:00,CM-1219093,Charlotte Melton,Consumer,Nicaragua,LATAM,Central America,TEC-PH-5346,Technology,Phones,"Nokia Office Telephone, Cordless",135.95999999999998,3,0,10.860000000000001
IN-2015-JH1543078-42363,2015-12-25 00:00:00,JH-1543078,Jennifer Halladay,Consumer,Malaysia,Asia Pacific,Southeastern Asia,TEC-AC-4152,Technology,Accessories,"Enermax Flash Drive, Erganomic",78.66,2,0,33
US-2015-LH16750101-42357,2015-12-19 00:00:00,LH-16750101,Larry Hughes,Consumer,Peru,LATAM,South America,FUR-FU-3952,Furniture,Furnishings,"Deflect-O Photo Frame, Durable",58.715999999999994,3,0.4,-19.583999999999993
MX-2015-RB1946531-42367,2015-12-29 00:00:00,RB-1946531,Rick Bensley,Home Office,Cuba,LATAM,Caribbean,FUR-BO-5798,Furniture,Bookcases,"Safco Stackable Bookrack, Pine",601.32,6,0,246.47999999999996
MX-2015-BD1156093-42362,2015-12-24 00:00:00,BD-1156093,Brendan Dodson,Home Office,Nicaragua,LATAM,Central America,OFF-FA-6189,Office Supplies,Fasteners,"Stockwell Paper Clips, Assorted Sizes",45.36,6,0,11.280000000000001
MX-2015-MK1790539-42343,2015-12-05 00:00:00,MK-1790539,Michael Kennedy,Corporate,El Salvador,LATAM,Central America,OFF-BI-2899,Office Supplies,Binders,"Acco Binding Machine, Clear",67.4,2,0,13.48
MX-2015-MG1820582-42353,2015-12-15 00:00:00,MG-1820582,Mitch Gastineau,Corporate,Mexico,LATAM,Central America,OFF-BI-4812,Office Supplies,Binders,"Ibico Binder, Durable",33.959999999999994,3,0,9.48
IN-2015-MM180557-42343,2015-12-05 00:00:00,MM-180557,Michelle Moray,Consumer,Australia,Asia Pacific,Oceania,TEC-MA-6132,Technology,Machines,"StarTech Calculator, Durable",108.21600000000001,3,0.1,-12.024000000000001
US-2015-BT1148555-42339,2015-12-01 00:00:00,BT-1148555,Brad Thomas,Home Office,Honduras,LATAM,Central America,OFF-SU-6177,Office Supplies,Supplies,"Stiletto Shears, High Speed",115.41600000000001,6,0.4,-21.26400000000001
ES-2015-CD1192045-42367,2015-12-29 00:00:00,CD-1192045,Carlos Daly,Consumer,France,Europe,Western Europe,OFF-BI-3726,Office Supplies,Binders,"Cardinal Binding Machine, Economy",99.54000000000002,2,0,27.839999999999996
ES-2015-AS1004545-42346,2015-12-08 00:00:00,AS-1004545,Aaron Smayling,Corporate,France,Europe,Western Europe,OFF-AP-4955,Office Supplies,Appliances,"KitchenAid Coffee Grinder, White",555.7409999999999,9,0.1,154.251
IN-2015-EM139607-42352,2015-12-14 00:00:00,EM-139607,Eric Murdock,Consumer,Australia,Asia Pacific,Oceania,OFF-AR-3459,Office Supplies,Art,"BIC Markers, Water Color",106.596,4,0.1,30.755999999999993
ID-2015-SS205907-42361,2015-12-23 00:00:00,SS-205907,Sonia Sunley,Consumer,Australia,Asia Pacific,Oceania,TEC-AC-5132,Technology,Accessories,"Logitech Numeric Keypad, Programmable",57.38400000000001,2,0.4,-21.096000000000007
ES-2015-JM1553545-42355,2015-12-17 00:00:00,JM-1553545,Jessica Myrick,Consumer,France,Europe,Western Europe,OFF-BI-2899,Office Supplies,Binders,"Acco Binding Machine, Clear",101.10000000000001,2,0,11.100000000000001
ID-2015-TG2131059-42355,2015-12-17 00:00:00,TG-2131059,Toby Gnade,Consumer,Indonesia,Asia Pacific,Southeastern Asia,OFF-SU-4975,Office Supplies,Supplies,"Kleencut Box Cutter, Serrated",49.846500000000006,3,0.47000000000000003,-10.363500000000009
US-2015-JL15835140-42348,2015-12-10 00:00:00,JL-158351408,John Lee,Consumer,United States,USCA,Southern US,TEC-CO-3692,Technology,Copiers,Canon Imageclass D680 Copier / Fax,1399.98,2,0,629.991
ID-2015-MV17485144-42350,2015-12-12 00:00:00,MV-17485144,Mark Van Huff,Consumer,Vietnam,Asia Pacific,Southeastern Asia,OFF-ST-4253,Office Supplies,Storage,"Fellowes Box, Wire Frame",62.25,4,0.17,-0.7500000000000018
US-2015-JL15835140-42348,2015-12-10 00:00:00,JL-158351408,John Lee,Consumer,United States,USCA,Southern US,OFF-AP-3376,Office Supplies,Appliances,Belkin F9M820V08 8 Outlet Surge,214.89999999999998,5,0,62.32099999999997
US-2015-JL15835140-42348,2015-12-10 00:00:00,JL-158351408,John Lee,Consumer,United States,USCA,Southern US,TEC-AC-5096,Technology,Accessories,Logitech ClearChat Comfort/USB Headset H390,146.45,5,0,48.32849999999999
ES-2015-DH1367545-42348,2015-12-10 00:00:00,DH-1367545,Duane Huffman,Home Office,France,Europe,Western Europe,OFF-ST-5689,Office Supplies,Storage,"Rogers Box, Wire Frame",62.208,3,0.1,1.368000000000002
ES-2015-BT1130548-42341,2015-12-03 00:00:00,BT-1130548,Beth Thompson,Home Office,Germany,Europe,Western Europe,OFF-AR-5921,Office Supplies,Art,"Sanford Pencil Sharpener, Easy-Erase",81.26999999999998,3,0,40.589999999999996
US-2015-JL15835140-42348,2015-12-10 00:00:00,JL-158351408,John Lee,Consumer,United States,USCA,Southern US,OFF-BI-6628,Office Supplies,Binders,"XtraLife ClearVue Slant-D Ring Binder, White, 3""",29.36,2,0,13.5056
US-2015-JL15835140-42348,2015-12-10 00:00:00,JL-158351408,John Lee,Consumer,United States,USCA,Southern US,OFF-ST-4068,Office Supplies,Storage,Eldon Gobal File Keepers,15.14,1,0,0.605599999999999
AE-2015-GH4665138-42351,2015-12-13 00:00:00,GH-4665138,Greg Hansen,Consumer,United Arab Emirates,Asia Pacific,Western Asia,OFF-ST-4078,Office Supplies,Storage,"Eldon Lockers, Blue",59.373000000000005,1,0.7,-118.76699999999998
MX-2015-HF1499582-42355,2015-12-17 00:00:00,HF-1499582,Herbert Flentye,Consumer,Mexico,LATAM,Central America,TEC-PH-3141,Technology,Phones,"Apple Office Telephone, VoIP",130.73999999999998,3,0,47.040000000000006
US-2015-JL15835140-42348,2015-12-10 00:00:00,JL-158351408,John Lee,Consumer,United States,USCA,Southern US,OFF-BI-3269,Office Supplies,Binders,"Avery Durable Slant Ring Binders, No Labels",15.92,4,0,7.4824
US-2015-JL15835140-42348,2015-12-10 00:00:00,JL-158351408,John Lee,Consumer,United States,USCA,Southern US,OFF-LA-3212,Office Supplies,Labels,Avery 492,5.76,2,0,2.6495999999999995
US-2015-AC1066054-42367,2015-12-29 00:00:00,AC-1066054,Anna Chung,Consumer,Haiti,LATAM,Caribbean,OFF-ST-6273,Office Supplies,Storage,"Tenex Shelving, Industrial",88.224,4,0.4,-26.49600000000001
TU-2015-EB3930134-42341,2015-12-03 00:00:00,EB-3930134,Eric Barreto,Consumer,Turkey,Asia Pacific,Western Asia,TEC-AC-5118,Technology,Accessories,"Logitech Keyboard, USB",58.128000000000014,2,0.6,-56.712
ES-2015-SC207258-42357,2015-12-19 00:00:00,SC-207258,Steven Cartwright,Consumer,Austria,Europe,Western Europe,OFF-SU-6168,Office Supplies,Supplies,"Stiletto Ruler, Easy Grip",82.5,5,0,33.75
ID-2015-BO114257-42364,2015-12-26 00:00:00,BO-114257,Bobby Odegard,Consumer,Australia,Asia Pacific,Oceania,OFF-LA-4694,Office Supplies,Labels,"Hon Shipping Labels, Adjustable",33.372,6,0.4,-17.388
ES-2015-RB1933045-42354,2015-12-16 00:00:00,RB-1933045,Randy Bradley,Consumer,France,Europe,Western Europe,OFF-FA-6200,Office Supplies,Fasteners,"Stockwell Rubber Bands, Metal",83.25,5,0,39.900000000000006
ES-2015-RH19555139-42350,2015-12-12 00:00:00,RH-19555139,Ritsa Hightower,Consumer,United Kingdom,Europe,Northern Europe,OFF-PA-5884,Office Supplies,Paper,"SanDisk Note Cards, 8.5 x 11",59.46,2,0,15.419999999999998
EG-2015-KH651038-42354,2015-12-16 00:00:00,KH-651038,Keith Herrera,Consumer,Egypt,Africa,North Africa,OFF-AR-3456,Office Supplies,Art,"BIC Markers, Blue",105.72,4,0,2.04
ES-2015-AM10360139-42348,2015-12-10 00:00:00,AM-10360139,Alice McCarthy,Corporate,United Kingdom,Europe,Northern Europe,OFF-LA-6035,Office Supplies,Labels,"Smead File Folder Labels, Adjustable",47.459999999999994,7,0,2.73
ID-2015-JF1519059-42363,2015-12-25 00:00:00,JF-1519059,Jamie Frazer,Consumer,Indonesia,Asia Pacific,Southeastern Asia,OFF-EN-3654,Office Supplies,Envelopes,"Cameo Business Envelopes, Recycled",92.29950000000001,9,0.47000000000000003,-80.2305
SO-2015-SW10245116-42347,2015-12-09 00:00:00,SW-10245116,Scot Wooten,Consumer,Somalia,Africa,Eastern Africa,OFF-BI-3726,Office Supplies,Binders,"Cardinal Binding Machine, Economy",49.77000000000001,1,0,13.919999999999998
TU-2015-AD180134-42364,2015-12-26 00:00:00,AD-180134,Alan Dominguez,Home Office,Turkey,Asia Pacific,Western Asia,OFF-ST-6048,Office Supplies,Storage,"Smead Lockers, Single Width",158.76,2,0.6,-59.579999999999984
MX-2015-CM1219093-42369,2015-12-31 00:00:00,CM-1219093,Charlotte Melton,Consumer,Nicaragua,LATAM,Central America,OFF-SU-4982,Office Supplies,Supplies,"Kleencut Ruler, High Speed",72.32000000000001,8,0,6.4
IT-2015-AR10345104-42340,2015-12-02 00:00:00,AR-10345104,Alex Russell,Corporate,Portugal,Europe,Southern Europe,TEC-AC-5127,Technology,Accessories,"Logitech Mouse, Erganomic",121.90500000000002,9,0.5,-66.01500000000001
EZ-2015-LS694532-42363,2015-12-25 00:00:00,LS-694532,Linda Southworth,Corporate,Czech Republic,Europe,Eastern Europe,OFF-BI-3255,Office Supplies,Binders,"Avery Binding Machine, Clear",48.300000000000004,1,0,5.79
IT-2015-GA1451591-42347,2015-12-09 00:00:00,GA-1451591,George Ashbrook,Consumer,Netherlands,Europe,Western Europe,OFF-BI-4812,Office Supplies,Binders,"Ibico Binder, Durable",76.40999999999998,9,0.5,-72.08999999999997
ES-2015-PG1889545-42346,2015-12-08 00:00:00,PG-1889545,Paul Gonzalez,Consumer,France,Europe,Western Europe,OFF-BI-3249,Office Supplies,Binders,"Avery Binder Covers, Recycled",45.72,4,0,16.44
IN-2015-AC104507-42361,2015-12-23 00:00:00,AC-104507,Amy Cox,Consumer,Australia,Asia Pacific,Oceania,OFF-FA-2948,Office Supplies,Fasteners,"Accos Push Pins, Assorted Sizes",71.82000000000001,10,0.4,-42.18
CA-2015-JS594023-42346,2015-12-08 00:00:00,JS-594023,Joni Sundaresam,Home Office,Canada,USCA,Canada,OFF-ST-6228,Office Supplies,Storage,"Tenex Box, Blue",16.5,1,0,4.11
CG-2015-AF87033-42357,2015-12-19 00:00:00,AF-87033,Art Ferguson,Consumer,Democratic Republic of the Congo,Africa,Central Africa,OFF-AR-3467,Office Supplies,Art,"BIC Pens, Water Color",69.84,4,0,28.56
IN-2015-LE16810130-42355,2015-12-17 00:00:00,LE-16810130,Laurel Elliston,Consumer,Thailand,Asia Pacific,Southeastern Asia,FUR-FU-4085,Furniture,Furnishings,"Eldon Photo Frame, Durable",40.2522,1,0.27,12.6822
CA-2015-JW15955140-42364,2015-12-26 00:00:00,JW-159551408,Joni Wasserman,Consumer,United States,USCA,Southern US,FUR-CH-4427,Furniture,Chairs,"Global Value Mid-Back Manager's Chair, Gray",304.45,5,0,76.11249999999998
CA-2015-JW15955140-42364,2015-12-26 00:00:00,JW-159551408,Joni Wasserman,Consumer,United States,USCA,Southern US,OFF-ST-4245,Office Supplies,Storage,Fellowes Bankers Box Stor/Drawer Steel Plus,95.94,3,0,9.594000000000001
US-2015-GH1442598-42351,2015-12-13 00:00:00,GH-1442598,Gary Hwang,Consumer,Panama,LATAM,Central America,TEC-AC-4173,Technology,Accessories,"Enermax Mouse, Programmable",16.716,1,0.4,1.936
IT-2015-JJ1576062-42367,2015-12-29 00:00:00,JJ-1576062,Joel Jenkins,Home Office,Ireland,Europe,Northern Europe,OFF-BI-3188,Office Supplies,Binders,"Avery 3-Hole Punch, Economy",55.74000000000001,4,0.5,-0.060000000000016485
MX-2015-CM1244582-42354,2015-12-16 00:00:00,CM-1244582,Chuck Magee,Consumer,Mexico,LATAM,Central America,OFF-EN-4450,Office Supplies,Envelopes,"GlobeWeis Manila Envelope, with clear poly window",61.85999999999999,3,0,4.92
ES-2015-AS1028514-42350,2015-12-12 00:00:00,AS-1028514,Alejandro Savely,Corporate,Belgium,Europe,Western Europe,OFF-ST-6024,Office Supplies,Storage,"Smead Box, Industrial",78.75,7,0,6.299999999999999
ES-2015-BP1129045-42348,2015-12-10 00:00:00,BP-1129045,Beth Paige,Consumer,France,Europe,Western Europe,OFF-AR-3554,Office Supplies,Art,"Boston Sketch Pad, Fluorescent",99.72,2,0,0
ES-2015-JF1535564-42356,2015-12-18 00:00:00,JF-1535564,Jay Fein,Consumer,Italy,Europe,Southern Europe,OFF-ST-5688,Office Supplies,Storage,"Rogers Box, Single Width",43.199999999999996,3,0.4,-20.160000000000004
IN-2015-NH1861059-42349,2015-12-11 00:00:00,NH-1861059,Nicole Hansen,Corporate,Indonesia,Asia Pacific,Southeastern Asia,OFF-ST-6229,Office Supplies,Storage,"Tenex Box, Industrial",84.56039999999999,6,0.17,-2.1996
MZ-2015-EB393087-42339,2015-12-01 00:00:00,EB-393087,Eric Barreto,Consumer,Mozambique,Africa,Eastern Africa,TEC-MA-5540,Technology,Machines,"Panasonic Calculator, White",97.38,2,0,32.099999999999994
ID-2015-KB16405102-42339,2015-12-01 00:00:00,KB-16405102,Katrina Bavinger,Home Office,Philippines,Asia Pacific,Southeastern Asia,OFF-EN-3099,Office Supplies,Envelopes,"Ames Interoffice Envelope, with clear poly window",53.526,2,0.45,-38.934
TU-2015-JG5115134-42364,2015-12-26 00:00:00,JG-5115134,Jack Garza,Consumer,Turkey,Asia Pacific,Western Asia,FUR-FU-5738,Furniture,Furnishings,"Rubbermaid Photo Frame, Erganomic",40.296,2,0.6,-29.243999999999993
CA-2015-JH15985140-42340,2015-12-02 00:00:00,JH-159851402,Joseph Holt,Consumer,United States,USCA,Central US,TEC-PH-5563,Technology,Phones,Panasonic KX-TG6844B Expandable Digital Cordless Telephone,131.98,2,0,35.634600000000006
CA-2015-JH15985140-42340,2015-12-02 00:00:00,JH-159851402,Joseph Holt,Consumer,United States,USCA,Central US,OFF-ST-4456,Office Supplies,Storage,"Gould Plastics 18-Pocket Panel Bin, 34w x 5-1/4d x 20-1/2h",91.99,1,0,3.6795999999999935
CA-2015-JH15985140-42340,2015-12-02 00:00:00,JH-159851402,Joseph Holt,Consumer,United States,USCA,Central US,OFF-ST-6291,Office Supplies,Storage,"Tennsco Lockers, Gray",83.92,4,0,5.874399999999994
ES-2015-AC1045048-42364,2015-12-26 00:00:00,AC-1045048,Amy Cox,Consumer,Germany,Europe,Western Europe,OFF-AR-3456,Office Supplies,Art,"BIC Markers, Blue",158.57999999999998,6,0,3.06
CA-2015-JH15985140-42340,2015-12-02 00:00:00,JH-159851402,Joseph Holt,Consumer,United States,USCA,Central US,OFF-FA-3054,Office Supplies,Fasteners,"Advantus Push Pins, Aluminum Head",52.29,9,0,16.209899999999998
CA-2015-JH15985140-42340,2015-12-02 00:00:00,JH-159851402,Joseph Holt,Consumer,United States,USCA,Central US,OFF-BI-3269,Office Supplies,Binders,"Avery Durable Slant Ring Binders, No Labels",15.92,4,0,7.4824
IN-2015-DN1369027-42350,2015-12-12 00:00:00,DN-1369027,Duane Noonan,Consumer,China,Asia Pacific,Eastern Asia,OFF-AP-4722,Office Supplies,Appliances,"Hoover Coffee Grinder, Black",409.32,6,0,175.85999999999999
IT-2015-FO1430564-42342,2015-12-04 00:00:00,FO-1430564,Frank Olsen,Consumer,Italy,Europe,Southern Europe,FUR-CH-5446,Furniture,Chairs,"Office Star Rocking Chair, Adjustable",172.08,3,0.6,-103.32000000000002
US-2015-JS16030140-42341,2015-12-03 00:00:00,JS-160301402,Joy Smith,Consumer,United States,USCA,Central US,OFF-AP-2863,Office Supplies,Appliances,3.6 Cubic Foot Counter Height Office Refrigerator,294.61999999999995,5,0.8,-766.012
ID-2015-JW16075144-42368,2015-12-30 00:00:00,JW-16075144,Julia West,Consumer,Vietnam,Asia Pacific,Southeastern Asia,OFF-PA-5893,Office Supplies,Paper,"SanDisk Parchment Paper, Recycled",27.589199999999995,2,0.17,6.589200000000001
ID-2015-JW16075144-42368,2015-12-30 00:00:00,JW-16075144,Julia West,Consumer,Vietnam,Asia Pacific,Southeastern Asia,OFF-AR-5930,Office Supplies,Art,"Sanford Sketch Pad, Blue",113.24520000000001,3,0.17,6.775199999999995
SF-2015-TC11295117-42357,2015-12-19 00:00:00,TC-11295117,Toby Carlisle,Consumer,South Africa,Africa,Southern Africa,OFF-EN-4441,Office Supplies,Envelopes,"GlobeWeis Interoffice Envelope, Set of 50",47.82,1,0,10.98
IT-2015-PB1921091-42344,2015-12-06 00:00:00,PB-1921091,Phillip Breyer,Corporate,Netherlands,Europe,Western Europe,OFF-AR-3540,Office Supplies,Art,"Boston Markers, Water Color",73.875,5,0.5,-73.875
US-2015-JS16030140-42341,2015-12-03 00:00:00,JS-160301402,Joy Smith,Consumer,United States,USCA,Central US,FUR-FU-3042,Furniture,Furnishings,Advantus Panel Wall Acrylic Frame,8.752,4,0.6,-3.719599999999998
IN-2015-CR1258058-42347,2015-12-09 00:00:00,CR-1258058,Clay Rozendal,Home Office,India,Asia Pacific,Southern Asia,OFF-ST-6230,Office Supplies,Storage,"Tenex Box, Single Width",115.71000000000001,7,0,40.32
CA-2015-JB16045140-42362,2015-12-24 00:00:00,JB-160451406,Julia Barnett,Home Office,United States,USCA,Eastern US,FUR-FU-3924,Furniture,Furnishings,DAX Wood Document Frame,27.46,2,0,9.8856
ES-2015-ST20530120-42363,2015-12-25 00:00:00,ST-20530120,Shui Tom,Consumer,Spain,Europe,Southern Europe,OFF-AP-3566,Office Supplies,Appliances,"Breville Coffee Grinder, Black",183.87,3,0,64.35000000000001
TZ-2015-CS1845129-42340,2015-12-02 00:00:00,CS-1845129,Cari Sayre,Corporate,Tanzania,Africa,Eastern Africa,OFF-FA-3062,Office Supplies,Fasteners,"Advantus Rubber Bands, Bulk Pack",16.59,1,0,5.46
SU-2015-NP8325122-42354,2015-12-16 00:00:00,NP-8325122,Naresj Patel,Consumer,Sudan,Africa,North Africa,OFF-PA-4475,Office Supplies,Paper,"Green Bar Message Books, Multicolor",50.400000000000006,2,0,24.18
CA-2015-JK16090140-42341,2015-12-03 00:00:00,JK-160901402,Juliana Krohn,Consumer,United States,USCA,Central US,TEC-PH-3824,Technology,Phones,ClearOne CHATAttach 160 - speaker phone,2479.96,4,0,743.9879999999998
IZ-2015-LC687061-42346,2015-12-08 00:00:00,LC-687061,Lena Cacioppo,Consumer,Iraq,Asia Pacific,Western Asia,TEC-PH-3793,Technology,Phones,"Cisco Headset, with Caller ID",88.44,1,0,35.37
IS-2015-MO780063-42355,2015-12-17 00:00:00,MO-780063,Meg O'Connel,Home Office,Israel,Asia Pacific,Western Asia,OFF-LA-5392,Office Supplies,Labels,"Novimex Removable Labels, Adjustable",15.54,2,0,0
IN-2015-RF198407-42349,2015-12-11 00:00:00,RF-198407,Roy Französisch,Consumer,Australia,Asia Pacific,Oceania,FUR-CH-4700,Furniture,Chairs,"Hon Steel Folding Chair, Set of Two",167.34,2,0,81.96000000000001
ID-2015-JA1597027-42369,2015-12-31 00:00:00,JA-1597027,Joseph Airdo,Consumer,China,Asia Pacific,Eastern Asia,OFF-AR-3497,Office Supplies,Art,"Binney & Smith Pens, Fluorescent",39.6,3,0,6.659999999999999
ES-2015-GH14425139-42350,2015-12-12 00:00:00,GH-14425139,Gary Hwang,Consumer,United Kingdom,Europe,Northern Europe,OFF-ST-4261,Office Supplies,Storage,"Fellowes Folders, Blue",79.19999999999999,3,0,39.6
ES-2015-KA1652545-42353,2015-12-15 00:00:00,KA-1652545,Kelly Andreada,Consumer,France,Europe,Western Europe,FUR-FU-6238,Furniture,Furnishings,"Tenex Clock, Durable",70.92,3,0.5,-8.550000000000004
MX-2015-RH1949551-42345,2015-12-07 00:00:00,RH-1949551,Rick Hansen,Consumer,Guatemala,LATAM,Central America,OFF-ST-5710,Office Supplies,Storage,"Rogers Trays, Industrial",82.87999999999998,2,0,8.28
ES-2015-BD1163564-42357,2015-12-19 00:00:00,BD-1163564,Brian Derr,Consumer,Italy,Europe,Southern Europe,OFF-AR-6123,Office Supplies,Art,"Stanley Pens, Fluorescent",56.55000000000001,5,0,4.95
MX-2015-FO1430593-42347,2015-12-09 00:00:00,FO-1430593,Frank Olsen,Consumer,Nicaragua,LATAM,Central America,OFF-LA-6051,Office Supplies,Labels,"Smead Removable Labels, Adjustable",50.81999999999999,7,0,16.659999999999997
IN-2015-Co1264088-42365,2015-12-27 00:00:00,Co-1264088,Corey-Lock,Consumer,Myanmar (Burma),Asia Pacific,Southeastern Asia,OFF-AR-3462,Office Supplies,Art,"BIC Pencil Sharpener, Fluorescent",100.4964,4,0.17,-12.183600000000002
ES-2015-JH1598545-42358,2015-12-20 00:00:00,JH-1598545,Joseph Holt,Consumer,France,Europe,Western Europe,OFF-ST-6229,Office Supplies,Storage,"Tenex Box, Industrial",106.974,7,0.1,43.974
ES-2015-BN11515139-42349,2015-12-11 00:00:00,BN-11515139,Bradley Nguyen,Consumer,United Kingdom,Europe,Northern Europe,OFF-FA-2947,Office Supplies,Fasteners,"Accos Push Pins, 12 Pack",41.85,3,0,13.319999999999999
TU-2015-JG5115134-42364,2015-12-26 00:00:00,JG-5115134,Jack Garza,Consumer,Turkey,Asia Pacific,Western Asia,OFF-AR-3532,Office Supplies,Art,"Boston Highlighters, Easy-Erase",30.623999999999995,4,0.6,-29.135999999999996
EG-2015-AC42038-42356,2015-12-18 00:00:00,AC-42038,Alyssa Crouse,Corporate,Egypt,Africa,North Africa,OFF-AR-3463,Office Supplies,Art,"BIC Pencil Sharpener, Water Color",32.19,1,0,12.21
NI-2015-TB1135595-42355,2015-12-17 00:00:00,TB-1135595,Todd Boyes,Corporate,Nigeria,Africa,Western Africa,FUR-CH-4684,Furniture,Chairs,"Hon Rocking Chair, Set of Two",39.861000000000004,1,0.7,-54.489000000000004
ES-2015-GZ1447064-42362,2015-12-24 00:00:00,GZ-1447064,Gary Zandusky,Consumer,Italy,Europe,Southern Europe,OFF-AR-3548,Office Supplies,Art,"Boston Pens, Fluorescent",30.96,2,0,5.22
US-2015-JE16165140-42349,2015-12-11 00:00:00,JE-161651408,Justin Ellison,Corporate,United States,USCA,Southern US,FUR-FU-4054,Furniture,Furnishings,"Eldon Expressions Wood Desk Accessories, Oak",14.76,2,0,4.280399999999998
EG-2015-RM937538-42360,2015-12-22 00:00:00,RM-937538,Raymond Messe,Consumer,Egypt,Africa,North Africa,OFF-BI-3737,Office Supplies,Binders,"Cardinal Index Tab, Clear",40.31999999999999,6,0,16.919999999999998
ES-2015-BT1139545-42341,2015-12-03 00:00:00,BT-1139545,Bill Tyler,Corporate,France,Europe,Western Europe,OFF-AR-3465,Office Supplies,Art,"BIC Pens, Easy-Erase",101.85,7,0,22.26
IN-2015-LS17230118-42365,2015-12-27 00:00:00,LS-17230118,Lycoris Saunders,Consumer,South Korea,Asia Pacific,Eastern Asia,OFF-AP-3564,Office Supplies,Appliances,"Breville Blender, Silver",90.24000000000001,2,0.5,-21.66000000000001
SA-2015-EB3930110-42362,2015-12-24 00:00:00,EB-3930110,Eric Barreto,Consumer,Saudi Arabia,Asia Pacific,Western Asia,OFF-SU-6165,Office Supplies,Supplies,"Stiletto Letter Opener, Easy Grip",56.760000000000005,2,0,26.64
TU-2015-GW4605134-42355,2015-12-17 00:00:00,GW-4605134,Giulietta Weimer,Consumer,Turkey,Asia Pacific,Western Asia,TEC-MA-6139,Technology,Machines,"StarTech Card Printer, Wireless",65.4,1,0.6,-53.96999999999999
AG-2015-RD96603-42342,2015-12-04 00:00:00,RD-96603,Robert Dilbeck,Home Office,Algeria,Africa,North Africa,OFF-AR-3548,Office Supplies,Art,"Boston Pens, Fluorescent",92.88,6,0,15.66
CA-2015-KM16225140-42355,2015-12-17 00:00:00,KM-162251404,Kalyca Meade,Corporate,United States,USCA,Western US,TEC-AC-4877,Technology,Accessories,Imation Secure Drive + Hardware Encrypted USB flash drive - 16 GB,189.95000000000002,5,0,45.587999999999994
CA-2015-KM16225140-42355,2015-12-17 00:00:00,KM-162251404,Kalyca Meade,Corporate,United States,USCA,Western US,TEC-AC-5235,Technology,Accessories,Microsoft Natural Ergonomic Keyboard 4000,149.95,5,0,31.489499999999992
ES-2015-AS1028514-42350,2015-12-12 00:00:00,AS-1028514,Alejandro Savely,Corporate,Belgium,Europe,Western Europe,OFF-BI-3713,Office Supplies,Binders,"Cardinal 3-Hole Punch, Durable",60.599999999999994,2,0,27.839999999999996
CA-2015-KM16225140-42355,2015-12-17 00:00:00,KM-162251404,Kalyca Meade,Corporate,United States,USCA,Western US,OFF-LA-3193,Office Supplies,Labels,Avery 475,44.400000000000006,3,0,22.200000000000003
CA-2015-KM16225140-42355,2015-12-17 00:00:00,KM-162251404,Kalyca Meade,Corporate,United States,USCA,Western US,OFF-AR-3613,Office Supplies,Art,Bulldog Table or Wall-Mount Pencil Sharpener,29.950000000000003,5,0,8.6855
ES-2015-JL1523545-42356,2015-12-18 00:00:00,JL-1523545,Janet Lee,Consumer,France,Europe,Western Europe,OFF-ST-6229,Office Supplies,Storage,"Tenex Box, Industrial",61.128,4,0.1,25.128
IN-2015-ND184607-42364,2015-12-26 00:00:00,ND-184607,Neil Ducich,Corporate,Australia,Asia Pacific,Oceania,OFF-PA-5891,Office Supplies,Paper,"SanDisk Parchment Paper, Multicolor",81.53999999999999,5,0.1,24.389999999999997
US-2015-AR1082518-42347,2015-12-09 00:00:00,AR-1082518,Anthony Rawles,Corporate,Brazil,LATAM,South America,OFF-SU-4327,Office Supplies,Supplies,"Fiskars Trimmer, Serrated",31.20000000000001,3,0.6,-22.62000000000001
IT-2015-AR10345104-42340,2015-12-02 00:00:00,AR-10345104,Alex Russell,Corporate,Portugal,Europe,Southern Europe,OFF-AR-6120,Office Supplies,Art,"Stanley Pencil Sharpener, Water Color",69.9,5,0.5,-64.35000000000001
CA-2015-KM16225140-42355,2015-12-17 00:00:00,KM-162251404,Kalyca Meade,Corporate,United States,USCA,Western US,OFF-BI-2939,Office Supplies,Binders,Accohide Poly Flexible Ring Binders,5.984000000000001,2,0.2,2.2439999999999998
CA-2015-KM16225140-42348,2015-12-10 00:00:00,KM-162251406,Kalyca Meade,Corporate,United States,USCA,Eastern US,OFF-AR-3853,Office Supplies,Art,Crayola Colored Pencils,2.624,1,0.2,0.4263999999999998
IT-2015-BP11050139-42347,2015-12-09 00:00:00,BP-11050139,Barry Pond,Corporate,United Kingdom,Europe,Northern Europe,FUR-FU-3931,Furniture,Furnishings,"Deflect-O Clock, Erganomic",34.25099999999999,1,0.3,-10.298999999999996
IN-2015-TT2126592-42367,2015-12-29 00:00:00,TT-2126592,Tim Taslimi,Corporate,New Zealand,Asia Pacific,Oceania,FUR-CH-5750,Furniture,Chairs,"SAFCO Bag Chairs, Adjustable",103.85999999999999,2,0,16.56
MX-2015-MD1735082-42343,2015-12-05 00:00:00,MD-1735082,Maribeth Dona,Consumer,Mexico,LATAM,Central America,OFF-ST-4268,Office Supplies,Storage,"Fellowes Lockers, Single Width",138.24,1,0,33.160000000000004
CA-2015-KB16240140-42365,2015-12-27 00:00:00,KB-162401402,Karen Bern,Corporate,United States,USCA,Central US,OFF-PA-6515,Office Supplies,Paper,Xerox 1959,16.032,3,0.2,5.611199999999999
ID-2015-AS1024058-42348,2015-12-10 00:00:00,AS-1024058,Alan Shonely,Consumer,India,Asia Pacific,Southern Asia,OFF-LA-3314,Office Supplies,Labels,"Avery Round Labels, 5000 Label Set",45.17999999999999,6,0,5.76
MX-2015-GP1474082-42368,2015-12-30 00:00:00,GP-1474082,Guy Phonely,Corporate,Mexico,LATAM,Central America,OFF-PA-4463,Office Supplies,Paper,"Green Bar Cards & Envelopes, Premium",161.30000000000004,5,0,6.4
IN-2015-ME173207-42361,2015-12-23 00:00:00,ME-173207,Maria Etezadi,Home Office,Australia,Asia Pacific,Oceania,FUR-FU-3065,Furniture,Furnishings,"Advantus Stacking Tray, Black",47.574,2,0.1,10.553999999999998
ID-2015-MH174407-42361,2015-12-23 00:00:00,MH-174407,Mark Haberlin,Corporate,Australia,Asia Pacific,Oceania,OFF-FA-6187,Office Supplies,Fasteners,"Stockwell Clamps, Metal",34.128,2,0.1,-1.5720000000000005
ES-2015-PB1921045-42354,2015-12-16 00:00:00,PB-1921045,Phillip Breyer,Corporate,France,Europe,Western Europe,OFF-PA-4479,Office Supplies,Paper,"Green Bar Note Cards, Multicolor",67.86,2,0,27.78
MX-2015-JS1603082-42348,2015-12-10 00:00:00,JS-1603082,Joy Smith,Consumer,Mexico,LATAM,Central America,FUR-FU-4085,Furniture,Furnishings,"Eldon Photo Frame, Durable",44.112,2,0.4,-8.848000000000004
ES-2015-AH1069048-42339,2015-12-01 00:00:00,AH-1069048,Anna Häberlin,Corporate,Germany,Europe,Western Europe,OFF-BI-3251,Office Supplies,Binders,"Avery Binder, Clear",86.52,7,0,8.61
IR-2015-CC237060-42363,2015-12-25 00:00:00,CC-237060,Christopher Conant,Consumer,Iran,Asia Pacific,Southern Asia,OFF-SU-4978,Office Supplies,Supplies,"Kleencut Letter Opener, Easy Grip",114.72,4,0,13.68
ES-2015-BT1130548-42341,2015-12-03 00:00:00,BT-1130548,Beth Thompson,Home Office,Germany,Europe,Western Europe,TEC-AC-4165,Technology,Accessories,"Enermax Memory Card, Programmable",115.88999999999999,1,0,21.990000000000002
RO-2015-DK2835107-42348,2015-12-10 00:00:00,DK-2835107,Damala Kotsonis,Corporate,Romania,Europe,Eastern Europe,OFF-AR-3449,Office Supplies,Art,"BIC Canvas, Fluorescent",54.96,1,0,19.23
IN-2015-PV189857-42361,2015-12-23 00:00:00,PV-189857,Paul Van Hugh,Home Office,Australia,Asia Pacific,Oceania,OFF-SU-3002,Office Supplies,Supplies,"Acme Trimmer, High Speed",80.24400000000001,2,0.1,24.023999999999994
US-2015-BS1175554-42351,2015-12-13 00:00:00,BS-1175554,Bruce Stewart,Consumer,Haiti,LATAM,Caribbean,OFF-EN-5043,Office Supplies,Envelopes,"Kraft Peel and Seal, Set of 50",49.176,6,0.4,-0.8639999999999987
SA-2015-EB3930110-42362,2015-12-24 00:00:00,EB-3930110,Eric Barreto,Consumer,Saudi Arabia,Asia Pacific,Western Asia,FUR-FU-6268,Furniture,Furnishings,"Tenex Photo Frame, Black",51.84,1,0,14.49
MX-2015-JW1522039-42353,2015-12-15 00:00:00,JW-1522039,Jane Waco,Corporate,El Salvador,LATAM,Central America,TEC-AC-5217,Technology,Accessories,"Memorex Mouse, Erganomic",51.959999999999994,3,0,18.660000000000004
ID-2015-GD145907-42357,2015-12-19 00:00:00,GD-145907,Giulietta Dortch,Corporate,Australia,Asia Pacific,Oceania,OFF-EN-3089,Office Supplies,Envelopes,"Ames Business Envelopes, Security-Tint",26.352000000000004,2,0.1,-0.588000000000001
ES-2015-SC2002048-42361,2015-12-23 00:00:00,SC-2002048,Sam Craven,Consumer,Germany,Europe,Western Europe,OFF-AR-6120,Office Supplies,Art,"Stanley Pencil Sharpener, Water Color",50.099999999999994,2,0,3
EG-2015-KH651038-42354,2015-12-16 00:00:00,KH-651038,Keith Herrera,Consumer,Egypt,Africa,North Africa,OFF-AR-3537,Office Supplies,Art,"Boston Markers, Blue",52.74000000000001,2,0,21.6
IT-2015-MS17530139-42354,2015-12-16 00:00:00,MS-17530139,MaryBeth Skach,Consumer,United Kingdom,Europe,Northern Europe,OFF-AR-3502,Office Supplies,Art,"Binney & Smith Sketch Pad, Water Color",74.25,3,0.5,-25.29
IN-2015-ME1732027-42340,2015-12-02 00:00:00,ME-1732027,Maria Etezadi,Home Office,China,Asia Pacific,Eastern Asia,OFF-EN-5039,Office Supplies,Envelopes,"Kraft Manila Envelope, Set of 50",79.47,3,0,9.450000000000001
IT-2015-MH1762091-42346,2015-12-08 00:00:00,MH-1762091,Matt Hagelstein,Corporate,Netherlands,Europe,Western Europe,FUR-FU-3952,Furniture,Furnishings,"Deflect-O Photo Frame, Durable",78.288,2,0.2,-5.8919999999999995
ES-2015-AT1073545-42367,2015-12-29 00:00:00,AT-1073545,Annie Thurman,Consumer,France,Europe,Western Europe,OFF-AR-3553,Office Supplies,Art,"Boston Sketch Pad, Easy-Erase",293.21999999999997,6,0,84.96000000000001
IT-2015-DL1349591-42347,2015-12-09 00:00:00,DL-1349591,Dionis Lloyd,Corporate,Netherlands,Europe,Western Europe,TEC-MA-6134,Technology,Machines,"StarTech Calculator, White",76.74,4,0.5,-73.74
IN-2015-RE194057-42341,2015-12-03 00:00:00,RE-194057,Ricardo Emerson,Consumer,Australia,Asia Pacific,Oceania,FUR-CH-5757,Furniture,Chairs,"SAFCO Chairmat, Black",51.651,1,0.1,4.010999999999999
IN-2015-KM163757-42342,2015-12-04 00:00:00,KM-163757,Katherine Murray,Home Office,Australia,Asia Pacific,Oceania,OFF-EN-4434,Office Supplies,Envelopes,"GlobeWeis Business Envelopes, with clear poly window",37.583999999999996,2,0.1,8.723999999999998
US-2015-LH1675055-42342,2015-12-04 00:00:00,LH-1675055,Larry Hughes,Consumer,Honduras,LATAM,Central America,FUR-CH-5371,Furniture,Chairs,"Novimex Chairmat, Black",43.12799999999999,2,0.4,-24.47199999999999
US-2015-KH16360140-42368,2015-12-30 00:00:00,KH-163601408,Katherine Hughes,Consumer,United States,USCA,Southern US,FUR-CH-3977,Furniture,Chairs,DMI Arturo Collection Mission-style Design Wood Chair,1207.84,8,0,314.0384
US-2015-KH16360140-42368,2015-12-30 00:00:00,KH-163601408,Katherine Hughes,Consumer,United States,USCA,Southern US,FUR-CH-4415,Furniture,Chairs,"Global Leather and Oak Executive Chair, Black",300.98,1,0,87.28419999999997
SF-2015-RA9945117-42349,2015-12-11 00:00:00,RA-9945117,Ryan Akin,Consumer,South Africa,Africa,Southern Africa,OFF-EN-4454,Office Supplies,Envelopes,"GlobeWeis Peel and Seal, with clear poly window",24.93,1,0,1.23
US-2015-KH16360140-42368,2015-12-30 00:00:00,KH-163601408,Katherine Hughes,Consumer,United States,USCA,Southern US,FUR-CH-4556,Furniture,Chairs,Harbour Creations Steel Folding Chair,258.75,3,0,77.62499999999997
US-2015-KH16360140-42368,2015-12-30 00:00:00,KH-163601408,Katherine Hughes,Consumer,United States,USCA,Southern US,OFF-AR-5552,Office Supplies,Art,Panasonic KP-350BK Electric Pencil Sharpener with Auto Stop,34.58,1,0,10.028199999999998
ES-2015-BF1127548-42363,2015-12-25 00:00:00,BF-1127548,Beth Fritzler,Corporate,Germany,Europe,Western Europe,OFF-FA-6190,Office Supplies,Fasteners,"Stockwell Paper Clips, Bulk Pack",108.96000000000001,8,0,52.08
US-2015-KH16360140-42368,2015-12-30 00:00:00,KH-163601408,Katherine Hughes,Consumer,United States,USCA,Southern US,OFF-BI-4361,Office Supplies,Binders,GBC ProClick Spines for 32-Hole Punch,12.53,1,0,5.889099999999999
ID-2015-CS1213059-42358,2015-12-20 00:00:00,CS-1213059,Chad Sievert,Consumer,Indonesia,Asia Pacific,Southeastern Asia,OFF-AR-3553,Office Supplies,Art,"Boston Sketch Pad, Easy-Erase",71.3502,2,0.27,-4.909800000000001
US-2015-BM1114018-42361,2015-12-23 00:00:00,BM-1114018,Becky Martin,Consumer,Brazil,LATAM,South America,OFF-EN-4920,Office Supplies,Envelopes,"Jiffy Manila Envelope, Set of 50",34.68,5,0.6,-16.520000000000003
MX-2015-DS1318016-42355,2015-12-17 00:00:00,DS-1318016,David Smith,Corporate,Bolivia,LATAM,South America,OFF-EN-3669,Office Supplies,Envelopes,"Cameo Manila Envelope, Recycled",51.6,3,0,9.24
ID-2015-JK1537059-42348,2015-12-10 00:00:00,JK-1537059,Jay Kimmel,Consumer,Indonesia,Asia Pacific,Southeastern Asia,OFF-PA-5869,Office Supplies,Paper,"SanDisk Memo Slips, Multicolor",29.2401,3,0.47000000000000003,-19.3599
US-2015-CA1196518-42346,2015-12-08 00:00:00,CA-1196518,Carol Adams,Corporate,Brazil,LATAM,South America,OFF-SU-4133,Office Supplies,Supplies,"Elite Shears, Serrated",58.279999999999994,5,0.6,-87.41999999999999
US-2015-AC1066054-42367,2015-12-29 00:00:00,AC-1066054,Anna Chung,Consumer,Haiti,LATAM,Caribbean,OFF-EN-3672,Office Supplies,Envelopes,"Cameo Manila Envelope, with clear poly window",61.08,5,0.4,-30.619999999999997
IN-2015-JD16150130-42369,2015-12-31 00:00:00,JD-16150130,Justin Deggeller,Corporate,Thailand,Asia Pacific,Southeastern Asia,OFF-EN-4432,Office Supplies,Envelopes,"GlobeWeis Business Envelopes, Security-Tint",20.924400000000002,2,0.47000000000000003,-14.235600000000002
PL-2015-ME7725103-42356,2015-12-18 00:00:00,ME-7725103,Max Engle,Consumer,Poland,Europe,Eastern Europe,OFF-AR-6113,Office Supplies,Art,"Stanley Highlighters, Water Color",71.52,4,0,24.240000000000002
CA-2015-KN16390140-42350,2015-12-12 00:00:00,KN-163901406,Katherine Nockton,Corporate,United States,USCA,Eastern US,TEC-PH-5608,Technology,Phones,Plantronics MX500i Earset,128.85000000000002,3,0,3.8654999999999973
IT-2015-GA1451591-42347,2015-12-09 00:00:00,GA-1451591,George Ashbrook,Consumer,Netherlands,Europe,Western Europe,OFF-ST-6025,Office Supplies,Storage,"Smead Box, Single Width",32.400000000000006,6,0.5,-15.660000000000004
MX-2015-CM1219093-42361,2015-12-23 00:00:00,CM-1219093,Charlotte Melton,Consumer,Nicaragua,LATAM,Central America,OFF-EN-4905,Office Supplies,Envelopes,"Jiffy Business Envelopes, Set of 50",26,2,0,6.24
ID-2015-CL12700102-42361,2015-12-23 00:00:00,CL-12700102,Craig Leslie,Home Office,Philippines,Asia Pacific,Southeastern Asia,OFF-BI-6381,Office Supplies,Binders,"Wilson Jones Binder, Recycled",102.357,9,0.15000000000000002,34.857
ID-2015-JK1537059-42348,2015-12-10 00:00:00,JK-1537059,Jay Kimmel,Consumer,Indonesia,Asia Pacific,Southeastern Asia,OFF-BI-3249,Office Supplies,Binders,"Avery Binder Covers, Recycled",47.43449999999999,5,0.17,17.134500000000003
ES-2015-SW2045545-42362,2015-12-24 00:00:00,SW-2045545,Shaun Weien,Consumer,France,Europe,Western Europe,OFF-BI-4825,Office Supplies,Binders,"Ibico Hole Reinforcements, Economy",55.92,8,0,27.36
MX-2015-BF1117031-42350,2015-12-12 00:00:00,BF-1117031,Ben Ferrer,Home Office,Cuba,LATAM,Caribbean,OFF-BI-4829,Office Supplies,Binders,"Ibico Index Tab, Durable",30.899999999999995,5,0,4
IN-2015-EM139607-42343,2015-12-05 00:00:00,EM-139607,Eric Murdock,Consumer,Australia,Asia Pacific,Oceania,OFF-SU-6175,Office Supplies,Supplies,"Stiletto Scissors, Steel",46.019999999999996,2,0,0.8999999999999999
ID-2015-KC166757-42367,2015-12-29 00:00:00,KC-166757,Kimberly Carter,Corporate,Australia,Asia Pacific,Oceania,OFF-PA-4159,Office Supplies,Paper,"Enermax Memo Slips, 8.5 x 11",53.46,3,0.1,19.529999999999998
IN-2015-DW131957-42363,2015-12-25 00:00:00,DW-131957,David Wiener,Corporate,Australia,Asia Pacific,Oceania,TEC-AC-5131,Technology,Accessories,"Logitech Numeric Keypad, Erganomic",39.717000000000006,1,0.1,9.687000000000001
IT-2015-MS17365104-42364,2015-12-26 00:00:00,MS-17365104,Maribeth Schnelling,Consumer,Portugal,Europe,Southern Europe,OFF-BI-6405,Office Supplies,Binders,"Wilson Jones Index Tab, Recycled",20.43,6,0.5,-9.09
ES-2015-AS1004545-42346,2015-12-08 00:00:00,AS-1004545,Aaron Smayling,Corporate,France,Europe,Western Europe,OFF-BI-4804,Office Supplies,Binders,"Ibico 3-Hole Punch, Durable",95.85000000000001,3,0,35.46
CA-2015-KE16420140-42343,2015-12-05 00:00:00,KE-164201406,Katrina Edelman,Corporate,United States,USCA,Eastern US,FUR-FU-3829,Furniture,Furnishings,C-Line Cubicle Keepers Polyproplyene Holder With Velcro Backings,11.352000000000002,3,0.2,2.696100000000001
IT-2015-JK1564091-42369,2015-12-31 00:00:00,JK-1564091,Jim Kriz,Home Office,Netherlands,Europe,Western Europe,OFF-AR-3462,Office Supplies,Art,"BIC Pencil Sharpener, Fluorescent",30.27,2,0.5,-9.689999999999998
AG-2015-MS79803-42363,2015-12-25 00:00:00,MS-79803,Michael Stewart,Corporate,Algeria,Africa,North Africa,OFF-ST-6275,Office Supplies,Storage,"Tenex Shelving, Wire Frame",53.730000000000004,1,0,6.42
MX-2015-HA1492051-42339,2015-12-01 00:00:00,HA-1492051,Helen Andreada,Consumer,Guatemala,LATAM,Central America,OFF-SU-6165,Office Supplies,Supplies,"Stiletto Letter Opener, Easy Grip",40,2,0,9.6
MX-2015-TP2113082-42341,2015-12-03 00:00:00,TP-2113082,Theone Pippenger,Consumer,Mexico,LATAM,Central America,OFF-AR-3493,Office Supplies,Art,"Binney & Smith Pencil Sharpener, Fluorescent",17.780000000000005,1,0,3.9
ES-2015-PG1889545-42346,2015-12-08 00:00:00,PG-1889545,Paul Gonzalez,Consumer,France,Europe,Western Europe,OFF-ST-6025,Office Supplies,Storage,"Smead Box, Single Width",38.88,4,0.1,6.84
ES-2015-CL1189064-42356,2015-12-18 00:00:00,CL-1189064,Carl Ludwig,Consumer,Italy,Europe,Southern Europe,OFF-LA-3316,Office Supplies,Labels,"Avery Round Labels, Alphabetical",27.839999999999996,4,0,6.12
ES-2015-BG1103548-42340,2015-12-02 00:00:00,BG-1103548,Barry Gonzalez,Consumer,Germany,Europe,Western Europe,OFF-SU-4988,Office Supplies,Supplies,"Kleencut Scissors, Steel",195.21,9,0,11.61
MX-2015-DR1288082-42363,2015-12-25 00:00:00,DR-1288082,Dan Reichenbach,Corporate,Mexico,LATAM,Central America,OFF-PA-4477,Office Supplies,Paper,"Green Bar Message Books, Recycled",47.39999999999999,3,0,22.26
ES-2015-ML17755139-42368,2015-12-30 00:00:00,ML-17755139,Max Ludwig,Home Office,United Kingdom,Europe,Northern Europe,FUR-CH-5437,Furniture,Chairs,"Office Star Chairmat, Adjustable",68.31,1,0,26.64
IT-2015-TG21640124-42364,2015-12-26 00:00:00,TG-21640124,Trudy Glocke,Consumer,Sweden,Europe,Northern Europe,OFF-AR-3468,Office Supplies,Art,"BIC Sketch Pad, Blue",48.66,2,0.5,-31.199999999999996
KG-2015-RH955570-42340,2015-12-02 00:00:00,RH-955570,Ritsa Hightower,Consumer,Kyrgyzstan,Asia Pacific,Central Asia,OFF-AR-6117,Office Supplies,Art,"Stanley Markers, Water Color",25.379999999999995,1,0,8.370000000000001
ES-2015-VT2170064-42362,2015-12-24 00:00:00,VT-2170064,Valerie Takahito,Home Office,Italy,Europe,Southern Europe,OFF-LA-4694,Office Supplies,Labels,"Hon Shipping Labels, Adjustable",74.16,8,0,25.92
ES-2015-AW1084048-42353,2015-12-15 00:00:00,AW-1084048,Anthony Witt,Consumer,Germany,Europe,Western Europe,OFF-AR-5911,Office Supplies,Art,"Sanford Highlighters, Easy-Erase",32.04,2,0,1.26
MX-2015-PR1888082-42344,2015-12-06 00:00:00,PR-1888082,Patrick Ryan,Consumer,Mexico,LATAM,Central America,OFF-LA-4529,Office Supplies,Labels,"Harbour Creations Color Coded Labels, Laser Printer Compatible",43,5,0,16.3
MX-2015-DB1291036-42367,2015-12-29 00:00:00,DB-1291036,Daniel Byrd,Home Office,Dominican Republic,LATAM,Caribbean,FUR-FU-5734,Furniture,Furnishings,"Rubbermaid Light Bulb, Erganomic",34.92,6,0.5,-12.600000000000003
MX-2015-MM1792039-42356,2015-12-18 00:00:00,MM-1792039,Michael Moore,Consumer,El Salvador,LATAM,Central America,OFF-ST-4261,Office Supplies,Storage,"Fellowes Folders, Blue",52.79999999999999,3,0,13.679999999999998
CA-2015-KH16510140-42347,2015-12-09 00:00:00,KH-165101404,Keith Herrera,Consumer,United States,USCA,Western US,FUR-BO-5522,Furniture,Bookcases,O'Sullivan 4-Shelf Bookcase in Odessa Pine,1336.829,13,0.15,31.45479999999995
CA-2015-KH16510140-42347,2015-12-09 00:00:00,KH-165101404,Keith Herrera,Consumer,United States,USCA,Western US,FUR-TA-3428,Furniture,Tables,"Bevis Round Conference Table Top, X-Base",1004.0239999999999,7,0.2,-112.95269999999994
CA-2015-KH16510140-42347,2015-12-09 00:00:00,KH-165101404,Keith Herrera,Consumer,United States,USCA,Western US,TEC-CO-5989,Technology,Copiers,Sharp AL-1530CS Digital Copier,1199.976,3,0.2,434.9913
CA-2015-KH16510140-42347,2015-12-09 00:00:00,KH-165101404,Keith Herrera,Consumer,United States,USCA,Western US,TEC-AC-6074,Technology,Accessories,Sony 64GB Class 10 Micro SDHC R40 Memory Card,179.95000000000002,5,0,37.789500000000004
CA-2015-KH16510140-42347,2015-12-09 00:00:00,KH-165101404,Keith Herrera,Consumer,United States,USCA,Western US,FUR-CH-5386,Furniture,Chairs,Novimex High-Tech Fabric Mesh Task Chair,113.56800000000001,2,0.2,-18.454800000000013
CA-2015-KH16510140-42347,2015-12-09 00:00:00,KH-165101404,Keith Herrera,Consumer,United States,USCA,Western US,OFF-PA-6459,Office Supplies,Paper,Xerox 1908,55.98,1,0,27.4302
GV-2015-CD228052-42357,2015-12-19 00:00:00,CD-228052,Christina DeMoss,Consumer,Guinea,Africa,Western Africa,OFF-ST-5709,Office Supplies,Storage,"Rogers Trays, Blue",123.35999999999999,2,0,36.96
CA-2015-KH16510140-42347,2015-12-09 00:00:00,KH-165101404,Keith Herrera,Consumer,United States,USCA,Western US,OFF-PA-6415,Office Supplies,Paper,"Wirebound Message Book, 4 per Page",27.15,5,0,13.3035
IN-2015-MS1771027-42340,2015-12-02 00:00:00,MS-1771027,Maurice Satty,Consumer,China,Asia Pacific,Eastern Asia,OFF-FA-2951,Office Supplies,Fasteners,"Accos Rubber Bands, 12 Pack",32.22,2,0,4.800000000000001
ES-2015-AW1084048-42353,2015-12-15 00:00:00,AW-1084048,Anthony Witt,Consumer,Germany,Europe,Western Europe,OFF-PA-6612,Office Supplies,Paper,"Xerox Memo Slips, Recycled",53.760000000000005,4,0,8.040000000000001
IN-2015-BK1126027-42341,2015-12-03 00:00:00,BK-1126027,Berenike Kampe,Consumer,China,Asia Pacific,Eastern Asia,OFF-BI-3189,Office Supplies,Binders,"Avery 3-Hole Punch, Recycled",56.46000000000001,2,0,27.06
ES-2015-MG1820545-42349,2015-12-11 00:00:00,MG-1820545,Mitch Gastineau,Corporate,France,Europe,Western Europe,OFF-LA-4553,Office Supplies,Labels,"Harbour Creations Shipping Labels, Adjustable",28.08,3,0,0
CA-2015-KH16510140-42347,2015-12-09 00:00:00,KH-165101404,Keith Herrera,Consumer,United States,USCA,Western US,OFF-LA-5978,Office Supplies,Labels,Self-Adhesive Removable Labels,28.349999999999998,9,0,13.608
CA-2015-KH16510140-42347,2015-12-09 00:00:00,KH-165101404,Keith Herrera,Consumer,United States,USCA,Western US,OFF-PA-6423,Office Supplies,Paper,"Wirebound Service Call Books, 5 1/2"" x 4""",9.68,1,0,4.6464
US-2015-DP13165143-42362,2015-12-24 00:00:00,DP-13165143,David Philippe,Consumer,Venezuela,LATAM,South America,TEC-AC-5862,Technology,Accessories,"SanDisk Flash Drive, Programmable",49.248000000000005,3,0.4,-8.23200000000001
US-2015-FP1432018-42340,2015-12-02 00:00:00,FP-1432018,Frank Preis,Consumer,Brazil,LATAM,South America,OFF-PA-4159,Office Supplies,Paper,"Enermax Memo Slips, 8.5 x 11",47.52,9,0.6,-14.4
ES-2015-BE1145545-42366,2015-12-28 00:00:00,BE-1145545,Brad Eason,Home Office,France,Europe,Western Europe,OFF-BI-6402,Office Supplies,Binders,"Wilson Jones Index Tab, Clear",41.370000000000005,7,0,3.5700000000000003
EG-2015-RM937538-42360,2015-12-22 00:00:00,RM-937538,Raymond Messe,Consumer,Egypt,Africa,North Africa,OFF-LA-3273,Office Supplies,Labels,"Avery File Folder Labels, Alphabetical",17.88,2,0,5.88
SF-2015-BS1800117-42358,2015-12-20 00:00:00,BS-1800117,Bryan Spruell,Home Office,South Africa,Africa,Southern Africa,FUR-FU-3956,Furniture,Furnishings,"Deflect-O Stacking Tray, Durable",25.29,1,0,1.26
ES-2015-MG18205120-42341,2015-12-03 00:00:00,MG-18205120,Mitch Gastineau,Corporate,Spain,Europe,Southern Europe,OFF-AR-5923,Office Supplies,Art,"Sanford Pencil Sharpener, Water Color",78.3,3,0,20.339999999999996
SA-2015-BF975110-42347,2015-12-09 00:00:00,BF-975110,Barbara Fisher,Corporate,Saudi Arabia,Asia Pacific,Western Asia,OFF-BI-4816,Office Supplies,Binders,"Ibico Binding Machine, Durable",52.92,1,0,24.33
ES-2015-AM10360139-42348,2015-12-10 00:00:00,AM-10360139,Alice McCarthy,Corporate,United Kingdom,Europe,Northern Europe,OFF-AR-3476,Office Supplies,Art,"Binney & Smith Canvas, Easy-Erase",51.629999999999995,1,0,8.76
MX-2015-JC1538518-42361,2015-12-23 00:00:00,JC-1538518,Jenna Caffey,Consumer,Brazil,LATAM,South America,OFF-SU-3001,Office Supplies,Supplies,"Acme Trimmer, Easy Grip",92.4,3,0,34.14
IT-2015-BP11050139-42347,2015-12-09 00:00:00,BP-11050139,Barry Pond,Corporate,United Kingdom,Europe,Northern Europe,OFF-PA-4145,Office Supplies,Paper,"Enermax Cards & Envelopes, Premium",94.2,2,0,27.299999999999997
IN-2015-HE14800113-42363,2015-12-25 00:00:00,HE-14800113,Harold Engle,Corporate,Singapore,Asia Pacific,Southeastern Asia,OFF-BI-3256,Office Supplies,Binders,"Avery Binding Machine, Durable",50.34,1,0,10.56
IN-2015-IG1508527-42356,2015-12-18 00:00:00,IG-1508527,Ivan Gibson,Consumer,China,Asia Pacific,Eastern Asia,OFF-FA-6207,Office Supplies,Fasteners,"Stockwell Thumb Tacks, Bulk Pack",27.06,2,0,7.02
MX-2015-DL1333018-42342,2015-12-04 00:00:00,DL-1333018,Denise Leinenbach,Consumer,Brazil,LATAM,South America,OFF-FA-5478,Office Supplies,Fasteners,"OIC Rubber Bands, Metal",34.379999999999995,3,0,16.5
IT-2015-MK18160124-42347,2015-12-09 00:00:00,MK-18160124,Mike Kennedy,Consumer,Sweden,Europe,Northern Europe,FUR-CH-5433,Furniture,Chairs,"Office Star Bag Chairs, Adjustable",57.92999999999999,2,0.5,-41.72999999999999
CA-2015-KL16555140-42353,2015-12-15 00:00:00,KL-165551408,Kelly Lampkin,Corporate,United States,USCA,Southern US,TEC-AC-5237,Technology,Accessories,Microsoft Sculpt Comfort Mouse,159.8,4,0,70.31200000000001
SF-2015-DN3690117-42357,2015-12-19 00:00:00,DN-3690117,Duane Noonan,Consumer,South Africa,Africa,Southern Africa,OFF-BI-6402,Office Supplies,Binders,"Wilson Jones Index Tab, Clear",23.64,4,0,2.04
CA-2015-KL16555140-42353,2015-12-15 00:00:00,KL-165551408,Kelly Lampkin,Corporate,United States,USCA,Southern US,TEC-AC-4945,Technology,Accessories,Kingston Digital DataTraveler 16GB USB 2.0,44.75,5,0,8.502499999999994
MX-2015-AG1076582-42341,2015-12-03 00:00:00,AG-1076582,Anthony Garverick,Home Office,Mexico,LATAM,Central America,OFF-AR-3471,Office Supplies,Art,"BIC Sketch Pad, Water Color",34.56000000000001,1,0,1.3800000000000001
ES-2015-BP11185139-42356,2015-12-18 00:00:00,BP-11185139,Ben Peterman,Corporate,United Kingdom,Europe,Northern Europe,OFF-EN-4449,Office Supplies,Envelopes,"GlobeWeis Manila Envelope, Set of 50",54.78,2,0,18.06
ES-2015-PW1924045-42368,2015-12-30 00:00:00,PW-1924045,Pierre Wener,Consumer,France,Europe,Western Europe,OFF-ST-4252,Office Supplies,Storage,"Fellowes Box, Single Width",70.956,4,0.1,-3.2040000000000006
MX-2015-EB1397518-42369,2015-12-31 00:00:00,EB-1397518,Erica Bern,Corporate,Brazil,LATAM,South America,OFF-EN-3655,Office Supplies,Envelopes,"Cameo Business Envelopes, Security-Tint",22.6,2,0,7.44
IR-2015-KB631560-42347,2015-12-09 00:00:00,KB-631560,Karl Braun,Consumer,Iran,Asia Pacific,Southern Asia,OFF-BI-2917,Office Supplies,Binders,"Acco Index Tab, Clear",34.32,4,0,5.4
ES-2015-Co1264045-42350,2015-12-12 00:00:00,Co-1264045,Corey-Lock,Consumer,France,Europe,Western Europe,OFF-AR-3498,Office Supplies,Art,"Binney & Smith Pens, Water Color",45.36,3,0,16.29
IN-2015-JF1556558-42351,2015-12-13 00:00:00,JF-1556558,Jill Fjeld,Consumer,India,Asia Pacific,Southern Asia,OFF-PA-3988,Office Supplies,Paper,"Eaton Cards & Envelopes, Premium",90.36,2,0,19.86
IN-2015-BS1136558-42369,2015-12-31 00:00:00,BS-1136558,Bill Shonely,Corporate,India,Asia Pacific,Southern Asia,FUR-BO-3893,Furniture,Bookcases,"Dania Corner Shelving, Metal",364.59000000000003,3,0,153.09
MX-2015-JF1556518-42368,2015-12-30 00:00:00,JF-1556518,Jill Fjeld,Consumer,Brazil,LATAM,South America,OFF-FA-3020,Office Supplies,Fasteners,"Advantus Clamps, Assorted Sizes",44.64,4,0,3.5200000000000005
CA-2015-KB16600140-42368,2015-12-30 00:00:00,KB-166001402,Ken Brennan,Corporate,United States,USCA,Central US,OFF-PA-6467,Office Supplies,Paper,Xerox 1915,209.7,2,0,100.65599999999999
US-2015-KB16600140-42348,2015-12-10 00:00:00,KB-166001402,Ken Brennan,Corporate,United States,USCA,Central US,OFF-ST-6015,Office Supplies,Storage,"SimpliFile Personal File, Black Granite, 15w x 6-15/16d x 11-1/4h",27.240000000000002,3,0.2,2.724000000000002
US-2015-KB16600140-42348,2015-12-10 00:00:00,KB-166001402,Ken Brennan,Corporate,United States,USCA,Central US,OFF-BI-4012,Office Supplies,Binders,Economy Binders,1.2479999999999998,3,0.8,-1.9344000000000006
ES-2015-BP1109545-42367,2015-12-29 00:00:00,BP-1109545,Bart Pistole,Corporate,France,Europe,Western Europe,OFF-ST-4028,Office Supplies,Storage,"Eldon Box, Blue",18.467999999999996,2,0.1,3.2280000000000006
US-2015-KB16600140-42348,2015-12-10 00:00:00,KB-166001402,Ken Brennan,Corporate,United States,USCA,Central US,FUR-FU-2876,Furniture,Furnishings,"6"" Cubicle Wall Clock, Black",9.708,3,0.6,-5.8248000000000015
AE-2015-GH4665138-42351,2015-12-13 00:00:00,GH-4665138,Greg Hansen,Consumer,United Arab Emirates,Asia Pacific,Western Asia,OFF-AR-3463,Office Supplies,Art,"BIC Pencil Sharpener, Water Color",77.256,8,0.7,-82.58399999999997
US-2015-TH2155055-42364,2015-12-26 00:00:00,TH-2155055,Tracy Hopkins,Home Office,Honduras,LATAM,Central America,OFF-EN-4924,Office Supplies,Envelopes,"Jiffy Peel and Seal, Security-Tint",35.856,4,0.4,-9.024000000000001
ES-2015-AS1004545-42346,2015-12-08 00:00:00,AS-1004545,Aaron Smayling,Corporate,France,Europe,Western Europe,OFF-SU-4313,Office Supplies,Supplies,"Fiskars Ruler, Serrated",44.519999999999996,4,0,16.44
IN-2015-KM1622527-42369,2015-12-31 00:00:00,KM-1622527,Kalyca Meade,Corporate,China,Asia Pacific,Eastern Asia,OFF-EN-3088,Office Supplies,Envelopes,"Ames Business Envelopes, Recycled",67.2,5,0,24.749999999999996
ID-2015-GA14725118-42356,2015-12-18 00:00:00,GA-14725118,Guy Armstrong,Consumer,South Korea,Asia Pacific,Eastern Asia,OFF-PA-4480,Office Supplies,Paper,"Green Bar Note Cards, Premium",46.800000000000004,3,0.5,-42.120000000000005
ZA-2015-JC5775147-42356,2015-12-18 00:00:00,JC-5775147,John Castell,Consumer,Zimbabwe,Africa,Eastern Africa,TEC-MA-5019,Technology,Machines,"Konica Receipt Printer, Red",71.64000000000001,2,0.7,-93.17999999999999
SA-2015-BF975110-42347,2015-12-09 00:00:00,BF-975110,Barbara Fisher,Corporate,Saudi Arabia,Asia Pacific,Western Asia,TEC-AC-5216,Technology,Accessories,"Memorex Mouse, Bluetooth",56.34,2,0,2.2199999999999998
MX-2015-NM1844582-42339,2015-12-01 00:00:00,NM-1844582,Nathan Mautz,Home Office,Mexico,LATAM,Central America,OFF-PA-6622,Office Supplies,Paper,"Xerox Parchment Paper, Multicolor",29.339999999999996,3,0,3.4799999999999995
ES-2015-BT1130548-42341,2015-12-03 00:00:00,BT-1130548,Beth Thompson,Home Office,Germany,Europe,Western Europe,OFF-BI-6379,Office Supplies,Binders,"Wilson Jones Binder, Durable",43.56,3,0,1.7100000000000002
TU-2015-SB10170134-42343,2015-12-05 00:00:00,SB-10170134,Sarah Bern,Consumer,Turkey,Asia Pacific,Western Asia,TEC-AC-5867,Technology,Accessories,"SanDisk Keyboard, USB",32.67600000000001,1,0.6,-42.504000000000005
ES-2015-ML18040139-42362,2015-12-24 00:00:00,ML-18040139,Michelle Lonsdale,Corporate,United Kingdom,Europe,Northern Europe,OFF-BI-6371,Office Supplies,Binders,"Wilson Jones 3-Hole Punch, Economy",75.57300000000001,3,0.1,19.232999999999993
ES-2015-FH1436564-42368,2015-12-30 00:00:00,FH-1436564,Fred Hopkins,Corporate,Italy,Europe,Southern Europe,OFF-BI-2897,Office Supplies,Binders,"Acco Binder, Economy",45.449999999999996,3,0,6.299999999999999
ID-2015-NP183257-42368,2015-12-30 00:00:00,NP-183257,Naresj Patel,Consumer,Australia,Asia Pacific,Oceania,OFF-FA-2958,Office Supplies,Fasteners,"Accos Staples, Metal",13.284,2,0.4,-8.676
ES-2015-HM14860125-42368,2015-12-30 00:00:00,HM-14860125,Harry Marie,Corporate,Switzerland,Europe,Western Europe,OFF-SU-4981,Office Supplies,Supplies,"Kleencut Ruler, Easy Grip",30.36,2,0,0.6000000000000001
ID-2015-PC19000102-42348,2015-12-10 00:00:00,PC-19000102,Pauline Chand,Home Office,Philippines,Asia Pacific,Southeastern Asia,OFF-FA-6205,Office Supplies,Fasteners,"Stockwell Thumb Tacks, 12 Pack",48.3945,7,0.45,-23.005499999999994
IN-2015-NH1861059-42349,2015-12-11 00:00:00,NH-1861059,Nicole Hansen,Corporate,Indonesia,Asia Pacific,Southeastern Asia,OFF-SU-3004,Office Supplies,Supplies,"Acme Trimmer, Steel",46.61880000000001,2,0.47000000000000003,-34.321200000000005
CA-2015-KM16660140-42354,2015-12-16 00:00:00,KM-166601404,Khloe Miller,Consumer,United States,USCA,Western US,TEC-PH-5561,Technology,Phones,Panasonic KX TS3282B Corded phone,196.776,3,0.2,14.758199999999995
MX-2015-AC1042039-42363,2015-12-25 00:00:00,AC-1042039,Alyssa Crouse,Corporate,El Salvador,LATAM,Central America,OFF-LA-4688,Office Supplies,Labels,"Hon Round Labels, Laser Printer Compatible",22.2,5,0,9.3
CA-2015-KM16660140-42354,2015-12-16 00:00:00,KM-166601404,Khloe Miller,Consumer,United States,USCA,Western US,OFF-AP-4729,Office Supplies,Appliances,Hoover Commercial SteamVac,54.32,4,0,16.296
CA-2015-KM16660140-42354,2015-12-16 00:00:00,KM-166601404,Khloe Miller,Consumer,United States,USCA,Western US,OFF-PA-6421,Office Supplies,Paper,"Wirebound Message Books, Two 4 1/4"" x 5"" Forms per Page",22.830000000000002,3,0,10.7301
MX-2015-CL1270018-42348,2015-12-10 00:00:00,CL-1270018,Craig Leslie,Home Office,Brazil,LATAM,South America,OFF-SU-6173,Office Supplies,Supplies,"Stiletto Scissors, High Speed",15.74,1,0,7.540000000000001
IN-2015-Co1264088-42365,2015-12-27 00:00:00,Co-1264088,Corey-Lock,Consumer,Myanmar (Burma),Asia Pacific,Southeastern Asia,OFF-FA-6197,Office Supplies,Fasteners,"Stockwell Rubber Bands, 12 Pack",52.98719999999999,4,0.17,9.5472
IT-2015-GM14680124-42362,2015-12-24 00:00:00,GM-14680124,Greg Matthias,Consumer,Sweden,Europe,Northern Europe,OFF-BI-3256,Office Supplies,Binders,"Avery Binding Machine, Durable",50.34,2,0.5,-44.34
MA-2015-IG508577-42368,2015-12-30 00:00:00,IG-508577,Ivan Gibson,Consumer,Madagascar,Africa,Eastern Africa,OFF-FA-2942,Office Supplies,Fasteners,"Accos Clamps, Bulk Pack",77.52000000000001,4,0,36.36
CA-2015-KH16690140-42367,2015-12-29 00:00:00,KH-166901404,Kristen Hastings,Corporate,United States,USCA,Western US,OFF-ST-3015,Office Supplies,Storage,Adjustable Depth Letter/Legal Cart,725.84,4,0,210.4935999999999
ES-2015-KH16630139-42361,2015-12-23 00:00:00,KH-16630139,Ken Heidel,Corporate,United Kingdom,Europe,Northern Europe,OFF-BI-3725,Office Supplies,Binders,"Cardinal Binding Machine, Durable",51.27000000000001,1,0,17.94
KG-2015-RH955570-42340,2015-12-02 00:00:00,RH-955570,Ritsa Hightower,Consumer,Kyrgyzstan,Asia Pacific,Central Asia,OFF-LA-5387,Office Supplies,Labels,"Novimex Legal Exhibit Labels, 5000 Label Set",21.72,2,0,2.82
ES-2015-RM1967564-42365,2015-12-27 00:00:00,RM-1967564,Robert Marley,Home Office,Italy,Europe,Southern Europe,OFF-SU-4322,Office Supplies,Supplies,"Fiskars Shears, Steel",94.08,2,0,27.240000000000002
US-2015-EN1378055-42339,2015-12-01 00:00:00,EN-1378055,Edward Nazzal,Consumer,Honduras,LATAM,Central America,OFF-BI-2883,Office Supplies,Binders,"Acco 3-Hole Punch, Economy",72.28800000000001,6,0.4,-38.59200000000001
ES-2015-BB1099045-42355,2015-12-17 00:00:00,BB-1099045,Barry Blumstein,Corporate,France,Europe,Western Europe,OFF-EN-4434,Office Supplies,Envelopes,"GlobeWeis Business Envelopes, with clear poly window",62.64,3,0,18.72
GV-2015-CD228052-42357,2015-12-19 00:00:00,CD-228052,Christina DeMoss,Consumer,Guinea,Africa,Western Africa,OFF-EN-3098,Office Supplies,Envelopes,"Ames Interoffice Envelope, Set of 50",45.12,1,0,17.580000000000002
ES-2015-DE1325545-42341,2015-12-03 00:00:00,DE-1325545,Deanra Eno,Home Office,France,Europe,Western Europe,OFF-SU-4991,Office Supplies,Supplies,"Kleencut Shears, Serrated",43.47,1,0,2.16
ES-2015-AW1084048-42353,2015-12-15 00:00:00,AW-1084048,Anthony Witt,Consumer,Germany,Europe,Western Europe,OFF-BI-2913,Office Supplies,Binders,"Acco Hole Reinforcements, Durable",40.8,5,0,19.05
SF-2015-BW1065117-42347,2015-12-09 00:00:00,BW-1065117,Barry Weirich,Consumer,South Africa,Africa,Southern Africa,FUR-CH-5369,Furniture,Chairs,"Novimex Bag Chairs, Set of Two",48.21,1,0,11.55
ES-2015-AW1084048-42353,2015-12-15 00:00:00,AW-1084048,Anthony Witt,Consumer,Germany,Europe,Western Europe,OFF-EN-3657,Office Supplies,Envelopes,"Cameo Clasp Envelope, Recycled",24.929999999999996,3,0,1.98
IN-2015-BS1136558-42369,2015-12-31 00:00:00,BS-1136558,Bill Shonely,Corporate,India,Asia Pacific,Southern Asia,OFF-ST-5688,Office Supplies,Storage,"Rogers Box, Single Width",72,3,0,4.32
RW-2015-BG1740109-42353,2015-12-15 00:00:00,BG-1740109,Bruce Geld,Consumer,Rwanda,Africa,Eastern Africa,OFF-PA-6618,Office Supplies,Paper,"Xerox Note Cards, Multicolor",27.78,1,0,6.93
CA-2015-KM16720140-42341,2015-12-03 00:00:00,KM-167201406,Kunst Miller,Consumer,United States,USCA,Eastern US,TEC-PH-4382,Technology,Phones,GE 30524EE4,979.95,5,0,284.18549999999993
CA-2015-KM16720140-42341,2015-12-03 00:00:00,KM-167201406,Kunst Miller,Consumer,United States,USCA,Eastern US,OFF-AP-3368,Office Supplies,Appliances,Belkin 8 Outlet Surge Protector,286.85999999999996,7,0,80.32079999999999
MX-2015-MP1796582-42342,2015-12-04 00:00:00,MP-1796582,Michael Paige,Corporate,Mexico,LATAM,Central America,FUR-FU-3951,Furniture,Furnishings,"Deflect-O Photo Frame, Duo Pack",41.568,2,0.4,0.6879999999999995
NI-2015-CB253595-42362,2015-12-24 00:00:00,CB-253595,Claudia Bergmann,Corporate,Nigeria,Africa,Western Africa,OFF-EN-3109,Office Supplies,Envelopes,"Ames Peel and Seal, Security-Tint",12.654000000000002,2,0.7,-16.505999999999997
TU-2015-DG3300134-42355,2015-12-17 00:00:00,DG-3300134,Deirdre Greer,Corporate,Turkey,Asia Pacific,Western Asia,TEC-AC-4155,Technology,Accessories,"Enermax Keyboard, Bluetooth",33.38400000000001,1,0.6,-10.026000000000003
ES-2015-MH1778545-42354,2015-12-16 00:00:00,MH-1778545,Maya Herman,Corporate,France,Europe,Western Europe,OFF-EN-4907,Office Supplies,Envelopes,"Jiffy Clasp Envelope, Security-Tint",10.919999999999998,1,0,1.7399999999999998
CA-2015-KM16720140-42341,2015-12-03 00:00:00,KM-167201406,Kunst Miller,Consumer,United States,USCA,Eastern US,OFF-FA-6129,Office Supplies,Fasteners,Staples,4.36,2,0,0.17439999999999944
TU-2015-RD9930134-42341,2015-12-03 00:00:00,RD-9930134,Russell D'Ascenzo,Consumer,Turkey,Asia Pacific,Western Asia,OFF-BI-4806,Office Supplies,Binders,"Ibico 3-Hole Punch, Recycled",12.324000000000002,1,0.6,-9.876000000000001
US-2015-GP1474018-42356,2015-12-18 00:00:00,GP-1474018,Guy Phonely,Corporate,Brazil,LATAM,South America,OFF-EN-3667,Office Supplies,Envelopes,"Cameo Mailers, Set of 50",61.056000000000004,6,0.6,-56.544
IN-2015-DM130157-42347,2015-12-09 00:00:00,DM-130157,Darrin Martin,Consumer,Australia,Asia Pacific,Oceania,FUR-FU-4076,Furniture,Furnishings,"Eldon Light Bulb, Durable",40.013999999999996,2,0.1,15.534
CA-2015-LT16765140-42343,2015-12-05 00:00:00,LT-167651406,Larry Tron,Consumer,United States,USCA,Eastern US,OFF-PA-4838,Office Supplies,Paper,"IBM Multi-Purpose Copy Paper, 8 1/2 x 11"", Case",74.352,3,0.2,23.234999999999992
CA-2015-LT676523-42361,2015-12-23 00:00:00,LT-676523,Larry Tron,Consumer,Canada,USCA,Canada,OFF-BI-3252,Office Supplies,Binders,"Avery Binder, Durable",28.799999999999997,2,0,1.44
IN-2015-DK1309027-42350,2015-12-12 00:00:00,DK-1309027,Dave Kipp,Consumer,China,Asia Pacific,Eastern Asia,OFF-BI-6405,Office Supplies,Binders,"Wilson Jones Index Tab, Recycled",13.620000000000001,2,0,6.24
ES-2015-CW11905139-42361,2015-12-23 00:00:00,CW-11905139,Carl Weiss,Home Office,United Kingdom,Europe,Northern Europe,OFF-BI-2917,Office Supplies,Binders,"Acco Index Tab, Clear",54.054,7,0.1,3.444000000000001
ID-2015-NP183257-42368,2015-12-30 00:00:00,NP-183257,Naresj Patel,Consumer,Australia,Asia Pacific,Oceania,OFF-BI-6398,Office Supplies,Binders,"Wilson Jones Hole Reinforcements, Durable",10.854000000000001,3,0.4,-6.696000000000002
CM-2015-VM1168522-42356,2015-12-18 00:00:00,VM-1168522,Valerie Mitchum,Home Office,Cameroon,Africa,Central Africa,FUR-FU-3949,Furniture,Furnishings,"Deflect-O Light Bulb, Erganomic",35.22,2,0,17.580000000000002
MX-2015-PA1906082-42346,2015-12-08 00:00:00,PA-1906082,Pete Armstrong,Home Office,Mexico,LATAM,Central America,OFF-ST-4063,Office Supplies,Storage,"Eldon Folders, Wire Frame",74.9,7,0,28.419999999999995
US-2015-PG18820143-42349,2015-12-11 00:00:00,PG-18820143,Patrick Gardner,Consumer,Venezuela,LATAM,South America,TEC-AC-4178,Technology,Accessories,"Enermax Numeric Keypad, Bluetooth",68.796,3,0.4,-45.864
MX-2015-RC1996039-42347,2015-12-09 00:00:00,RC-1996039,Ryan Crowe,Consumer,El Salvador,LATAM,Central America,OFF-AP-4491,Office Supplies,Appliances,"Hamilton Beach Blender, Silver",47.36000000000001,1,0,0
IT-2015-GH1441045-42349,2015-12-11 00:00:00,GH-1441045,Gary Hansen,Home Office,France,Europe,Western Europe,OFF-AR-3532,Office Supplies,Art,"Boston Highlighters, Easy-Erase",38.279999999999994,2,0,8.399999999999999
CA-2015-LE16810140-42348,2015-12-10 00:00:00,LE-168101404,Laurel Elliston,Consumer,United States,USCA,Western US,TEC-PH-5362,Technology,Phones,Nortel Business Series Terminal T7208 Digital phone,444.76800000000003,4,0.2,44.476800000000026
IN-2015-SH1997527-42344,2015-12-06 00:00:00,SH-1997527,Sally Hughsby,Corporate,China,Asia Pacific,Eastern Asia,OFF-LA-6051,Office Supplies,Labels,"Smead Removable Labels, Adjustable",32.67,3,0,16.29
MX-2015-KB1624039-42364,2015-12-26 00:00:00,KB-1624039,Karen Bern,Corporate,El Salvador,LATAM,Central America,OFF-EN-4432,Office Supplies,Envelopes,"GlobeWeis Business Envelopes, Security-Tint",52.64,4,0,22.56
MX-2015-EH1376582-42348,2015-12-10 00:00:00,EH-1376582,Edward Hooks,Corporate,Mexico,LATAM,Central America,OFF-ST-6251,Office Supplies,Storage,"Tenex Folders, Single Width",31,2,0,1.52
ID-2015-AA1064559-42341,2015-12-03 00:00:00,AA-1064559,Anna Andreadi,Consumer,Indonesia,Asia Pacific,Southeastern Asia,OFF-LA-3322,Office Supplies,Labels,"Avery Shipping Labels, Alphabetical",43.2957,7,0.47000000000000003,-5.844299999999997
IN-2015-DL133307-42357,2015-12-19 00:00:00,DL-133307,Denise Leinenbach,Consumer,Australia,Asia Pacific,Oceania,OFF-PA-4175,Office Supplies,Paper,"Enermax Note Cards, 8.5 x 11",76.70700000000001,3,0.1,7.586999999999998
SU-2015-GT4635122-42360,2015-12-22 00:00:00,GT-4635122,Grant Thornton,Corporate,Sudan,Africa,North Africa,FUR-CH-4632,Furniture,Chairs,"Hon Chairmat, Red",55.53,1,0,7.77
ES-2015-NF1838545-42362,2015-12-24 00:00:00,NF-1838545,Natalie Fritzler,Consumer,France,Europe,Western Europe,OFF-LA-4553,Office Supplies,Labels,"Harbour Creations Shipping Labels, Adjustable",28.08,3,0,0
TO-2015-JO5550131-42357,2015-12-19 00:00:00,JO-5550131,Jesus Ocampo,Home Office,Togo,Africa,Western Africa,OFF-AR-3447,Office Supplies,Art,"BIC Canvas, Blue",53.699999999999996,1,0,4.29
AJ-2015-DR28809-42365,2015-12-27 00:00:00,DR-28809,Dan Reichenbach,Corporate,Azerbaijan,Asia Pacific,Western Asia,FUR-FU-3933,Furniture,Furnishings,"Deflect-O Door Stop, Duo Pack",44.01,1,0,15.84
ID-2015-JW160757-42357,2015-12-19 00:00:00,JW-160757,Julia West,Consumer,Australia,Asia Pacific,Oceania,OFF-PA-6614,Office Supplies,Paper,"Xerox Message Books, Multicolor",39.204,3,0.4,-22.266000000000002
CA-2015-LC16870140-42342,2015-12-04 00:00:00,LC-168701404,Lena Cacioppo,Consumer,United States,USCA,Western US,TEC-AC-5207,Technology,Accessories,Memorex Micro Travel Drive 16 GB,102.33600000000001,8,0.2,14.07119999999999
IN-2015-HG1484558-42339,2015-12-01 00:00:00,HG-1484558,Harry Greene,Consumer,India,Asia Pacific,Southern Asia,FUR-FU-3932,Furniture,Furnishings,"Deflect-O Door Stop, Black",43.95,1,0,10.98
CA-2015-LC16870140-42342,2015-12-04 00:00:00,LC-168701404,Lena Cacioppo,Consumer,United States,USCA,Western US,OFF-SU-4115,Office Supplies,Supplies,"Elite 5"" Scissors",47.32,7,0.2,5.914999999999994
IN-2015-MG1789056-42343,2015-12-05 00:00:00,MG-1789056,Michael Granlund,Home Office,Hong Kong,Asia Pacific,Eastern Asia,OFF-PA-4476,Office Supplies,Paper,"Green Bar Message Books, Premium",71.37,3,0,22.77
CA-2015-LC16870140-42342,2015-12-04 00:00:00,LC-168701404,Lena Cacioppo,Consumer,United States,USCA,Western US,OFF-FA-6129,Office Supplies,Fasteners,Staples,23.376,3,0.2,7.012800000000001
ES-2015-AS1022545-42357,2015-12-19 00:00:00,AS-1022545,Alan Schoenberger,Corporate,France,Europe,Western Europe,OFF-ST-5693,Office Supplies,Storage,"Rogers File Cart, Single Width",382.401,3,0.1,67.941
CA-2015-LC16870140-42342,2015-12-04 00:00:00,LC-168701404,Lena Cacioppo,Consumer,United States,USCA,Western US,FUR-FU-3922,Furniture,Furnishings,DAX Two-Tone Silver Metal Document Frame,16.192,1,0.2,4.655200000000001
MX-2015-HA1492051-42339,2015-12-01 00:00:00,HA-1492051,Helen Andreada,Consumer,Guatemala,LATAM,Central America,OFF-AR-3495,Office Supplies,Art,"Binney & Smith Pens, Blue",23.88,3,0,1.38
ZA-2015-JM5250147-42363,2015-12-25 00:00:00,JM-5250147,Janet Martin,Consumer,Zimbabwe,Africa,Eastern Africa,FUR-CH-5806,Furniture,Chairs,"SAFCO Swivel Stool, Black",49.65300000000001,1,0.7,-56.277
CA-2015-LC16870140-42342,2015-12-04 00:00:00,LC-168701404,Lena Cacioppo,Consumer,United States,USCA,Western US,TEC-AC-5207,Technology,Accessories,Memorex Micro Travel Drive 16 GB,76.75200000000001,6,0.2,10.553399999999993
IN-2015-GK14620130-42357,2015-12-19 00:00:00,GK-14620130,Grace Kelly,Corporate,Thailand,Asia Pacific,Southeastern Asia,OFF-PA-5853,Office Supplies,Paper,"SanDisk Computer Printout Paper, Premium",31.5774,2,0.47000000000000003,-23.2626
CA-2015-LC16870140-42342,2015-12-04 00:00:00,LC-168701404,Lena Cacioppo,Consumer,United States,USCA,Western US,FUR-FU-4070,Furniture,Furnishings,"Eldon Image Series Desk Accessories, Burgundy",16.72,5,0.2,3.3439999999999994
CA-2015-LC16870140-42342,2015-12-04 00:00:00,LC-168701404,Lena Cacioppo,Consumer,United States,USCA,Western US,OFF-PA-6414,Office Supplies,Paper,"Wirebound Four 2-3/4 x 5 Forms per Page, 400 Sets per Book",10.32,2,0.2,3.7409999999999997
CA-2015-LC16870140-42342,2015-12-04 00:00:00,LC-168701404,Lena Cacioppo,Consumer,United States,USCA,Western US,OFF-AR-5324,Office Supplies,Art,Newell 344,13.343999999999998,6,0.2,1.0008
US-2015-LC16885140-42353,2015-12-15 00:00:00,LC-168851402,Lena Creighton,Consumer,United States,USCA,Central US,FUR-TA-3560,Furniture,Tables,Bretford CR4500 Series Slim Rectangular Table,974.9879999999998,4,0.3,-97.49879999999996
US-2015-TG216405-42343,2015-12-05 00:00:00,TG-216405,Trudy Glocke,Consumer,Argentina,LATAM,South America,FUR-CH-5412,Furniture,Chairs,"Novimex Swivel Stool, Black",64.812,1,0.4,-32.408
MX-2015-Dp1324037-42351,2015-12-13 00:00:00,Dp-1324037,Dean percer,Home Office,Ecuador,LATAM,South America,OFF-ST-4061,Office Supplies,Storage,"Eldon Folders, Industrial",58.20000000000001,5,0,12.8
MX-2015-LW1699093-42346,2015-12-08 00:00:00,LW-1699093,Lindsay Williams,Corporate,Nicaragua,LATAM,Central America,OFF-AR-3467,Office Supplies,Art,"BIC Pens, Water Color",34.92,3,0,7.3199999999999985
US-2015-LH16900140-42348,2015-12-10 00:00:00,LH-169001402,Lena Hernandez,Consumer,United States,USCA,Central US,OFF-PA-6433,Office Supplies,Paper,Xerox 1884,143.85600000000002,9,0.2,48.551399999999994
CA-2015-LR16915140-42343,2015-12-05 00:00:00,LR-169151408,Lena Radford,Consumer,United States,USCA,Southern US,TEC-MA-5492,Technology,Machines,Okidata C610n Printer,649,2,0.5,-272.58000000000015
IN-2015-NR18550102-42342,2015-12-04 00:00:00,NR-18550102,Nick Radford,Consumer,Philippines,Asia Pacific,Southeastern Asia,OFF-AR-3471,Office Supplies,Art,"BIC Sketch Pad, Water Color",85.53600000000002,3,0.45,1.475999999999999
IN-2015-NC1862527-42349,2015-12-11 00:00:00,NC-1862527,Noah Childs,Corporate,China,Asia Pacific,Eastern Asia,OFF-PA-5886,Office Supplies,Paper,"SanDisk Note Cards, Premium",59.64,2,0,29.82
SA-2015-RE9450110-42354,2015-12-16 00:00:00,RE-9450110,Richard Eichhorn,Consumer,Saudi Arabia,Asia Pacific,Western Asia,OFF-FA-6187,Office Supplies,Fasteners,"Stockwell Clamps, Metal",18.96,1,0,0.36
SF-2015-DN3690117-42357,2015-12-19 00:00:00,DN-3690117,Duane Noonan,Consumer,South Africa,Africa,Southern Africa,OFF-BI-2898,Office Supplies,Binders,"Acco Binder, Recycled",15.51,1,0,0.44999999999999996
IT-2015-JK1564091-42369,2015-12-31 00:00:00,JK-1564091,Jim Kriz,Home Office,Netherlands,Europe,Western Europe,OFF-BI-3249,Office Supplies,Binders,"Avery Binder Covers, Recycled",22.86,4,0.5,-6.419999999999998
IN-2015-NP1870059-42340,2015-12-02 00:00:00,NP-1870059,Nora Preis,Consumer,Indonesia,Asia Pacific,Southeastern Asia,OFF-FA-5484,Office Supplies,Fasteners,"OIC Thumb Tacks, 12 Pack",21.465,3,0.47000000000000003,-14.985000000000003
MX-2015-AT1043582-42353,2015-12-15 00:00:00,AT-1043582,Alyssa Tate,Home Office,Mexico,LATAM,Central America,OFF-FA-6206,Office Supplies,Fasteners,"Stockwell Thumb Tacks, Assorted Sizes",21.18,3,0,1.86
MX-2015-TD2099582-42369,2015-12-31 00:00:00,TD-2099582,Tamara Dahlen,Consumer,Mexico,LATAM,Central America,OFF-ST-4261,Office Supplies,Storage,"Fellowes Folders, Blue",35.199999999999996,2,0,9.12
ID-2015-CG12040102-42348,2015-12-10 00:00:00,CG-12040102,Catherine Glotzbach,Home Office,Philippines,Asia Pacific,Southeastern Asia,OFF-AR-6107,Office Supplies,Art,"Stanley Canvas, Fluorescent",27.901500000000006,1,0.45,-9.658500000000004
IT-2015-JD1589591-42363,2015-12-25 00:00:00,JD-1589591,Jonathan Doherty,Corporate,Netherlands,Europe,Western Europe,OFF-LA-6035,Office Supplies,Labels,"Smead File Folder Labels, Adjustable",23.729999999999997,7,0.5,-20.999999999999996
CA-2015-LS16975140-42349,2015-12-11 00:00:00,LS-169751402,Lindsay Shagiari,Home Office,United States,USCA,Central US,OFF-BI-4819,Office Supplies,Binders,Ibico Covers for Plastic or Wire Binding Elements,34.5,3,0,15.524999999999999
MX-2015-RB1946531-42367,2015-12-29 00:00:00,RB-1946531,Rick Bensley,Home Office,Cuba,LATAM,Caribbean,OFF-ST-6281,Office Supplies,Storage,"Tenex Trays, Blue",36.13999999999999,1,0,3.2399999999999998
SU-2015-GT4635122-42360,2015-12-22 00:00:00,GT-4635122,Grant Thornton,Corporate,Sudan,Africa,North Africa,OFF-BI-3290,Office Supplies,Binders,"Avery Hole Reinforcements, Durable",47.28,8,0,16.799999999999997
TU-2015-VD11670134-42369,2015-12-31 00:00:00,VD-11670134,Valerie Dominguez,Consumer,Turkey,Asia Pacific,Western Asia,TEC-AC-5864,Technology,Accessories,"SanDisk Keyboard, Bluetooth",32.592000000000006,1,0.6,-25.278000000000013
MX-2015-MG1814582-42367,2015-12-29 00:00:00,MG-1814582,Mike Gockenbach,Consumer,Mexico,LATAM,Central America,OFF-LA-3273,Office Supplies,Labels,"Avery File Folder Labels, Alphabetical",11.92,2,0,4.16
NI-2015-CB253595-42362,2015-12-24 00:00:00,CB-253595,Claudia Bergmann,Corporate,Nigeria,Africa,Western Africa,OFF-EN-5029,Office Supplies,Envelopes,"Kraft Interoffice Envelope, Recycled",13.716000000000001,1,0.7,-16.944
IN-2015-SS2059059-42364,2015-12-26 00:00:00,SS-2059059,Sonia Sunley,Consumer,Indonesia,Asia Pacific,Southeastern Asia,FUR-FU-3028,Furniture,Furnishings,"Advantus Door Stop, Duo Pack",98.74709999999999,3,0.27,2.6270999999999987
SG-2015-BE1410111-42348,2015-12-10 00:00:00,BE-1410111,Bobby Elias,Consumer,Senegal,Africa,Western Africa,OFF-AR-5924,Office Supplies,Art,"Sanford Pens, Blue",44.400000000000006,4,0,10.56
MX-2015-SW2027518-42348,2015-12-10 00:00:00,SW-2027518,Scott Williamson,Consumer,Brazil,LATAM,South America,OFF-BI-3248,Office Supplies,Binders,"Avery Binder Covers, Economy",36.9,5,0,4.4
CA-2015-LP17095140-42360,2015-12-22 00:00:00,LP-170951402,Liz Preis,Consumer,United States,USCA,Central US,OFF-ST-6294,Office Supplies,Storage,Tennsco Single-Tier Lockers,375.34,1,0,18.766999999999996
ES-2015-JM1553545-42355,2015-12-17 00:00:00,JM-1553545,Jessica Myrick,Consumer,France,Europe,Western Europe,OFF-BI-4813,Office Supplies,Binders,"Ibico Binder, Economy",30.959999999999994,2,0,8.64
ID-2015-MG1820592-42343,2015-12-05 00:00:00,MG-1820592,Mitch Gastineau,Corporate,New Zealand,Asia Pacific,Oceania,OFF-AR-5904,Office Supplies,Art,"Sanford Canvas, Fluorescent",62.135999999999996,2,0.4,-9.324000000000012
ID-2015-JH15430118-42340,2015-12-02 00:00:00,JH-15430118,Jennifer Halladay,Consumer,South Korea,Asia Pacific,Eastern Asia,OFF-AR-5917,Office Supplies,Art,"Sanford Markers, Blue",34.87499999999999,3,0.5,-22.364999999999995
ES-2015-HM1486045-42365,2015-12-27 00:00:00,HM-1486045,Harry Marie,Corporate,France,Europe,Western Europe,OFF-EN-4926,Office Supplies,Envelopes,"Jiffy Peel and Seal, with clear poly window",23.549999999999997,1,0,4.47
MX-2015-AC1042082-42348,2015-12-10 00:00:00,AC-1042082,Alyssa Crouse,Corporate,Mexico,LATAM,Central America,OFF-SU-4134,Office Supplies,Supplies,"Elite Shears, Steel",92.82,3,0,0
US-2015-LC17140140-42356,2015-12-18 00:00:00,LC-171401402,Logan Currie,Consumer,United States,USCA,Central US,OFF-AP-4218,Office Supplies,Appliances,Eureka Sanitaire  Commercial Upright,66.28399999999999,2,0.8,-178.9668
EG-2015-GM444038-42368,2015-12-30 00:00:00,GM-444038,Gary McGarr,Consumer,Egypt,Africa,North Africa,OFF-EN-4903,Office Supplies,Envelopes,"Jiffy Business Envelopes, Recycled",18.36,1,0,3.3000000000000003
CA-2015-LC17140140-42356,2015-12-18 00:00:00,LC-171401404,Logan Currie,Consumer,United States,USCA,Western US,OFF-BI-2926,Office Supplies,Binders,"Acco Pressboard Covers with Storage Hooks, 9 1/2"" x 11"", Executive Red",15.24,5,0.2,5.143499999999998
IN-2015-DF1313559-42360,2015-12-22 00:00:00,DF-1313559,David Flashing,Consumer,Indonesia,Asia Pacific,Southeastern Asia,OFF-AR-3538,Office Supplies,Art,"Boston Markers, Easy-Erase",58.3416,3,0.27,-15.998400000000002
CA-2015-LC17140140-42356,2015-12-18 00:00:00,LC-171401404,Logan Currie,Consumer,United States,USCA,Western US,OFF-PA-3114,Office Supplies,Paper,"Ampad Gold Fibre Wirebound Steno Books, 6"" x 9"", Gregg Ruled",13.23,3,0,6.0858
US-2015-RA1991582-42342,2015-12-04 00:00:00,RA-1991582,Russell Applegate,Consumer,Mexico,LATAM,Central America,FUR-FU-6257,Furniture,Furnishings,"Tenex Light Bulb, Black",15.143999999999997,2,0.4,-1.536
ES-2015-EM1396048-42353,2015-12-15 00:00:00,EM-1396048,Eric Murdock,Consumer,Germany,Europe,Western Europe,OFF-AR-3449,Office Supplies,Art,"BIC Canvas, Fluorescent",54.96,2,0.5,-16.5
IN-2015-DJ1351059-42363,2015-12-25 00:00:00,DJ-1351059,Don Jones,Corporate,Indonesia,Asia Pacific,Southeastern Asia,FUR-FU-3049,Furniture,Furnishings,"Advantus Photo Frame, Durable",73.01459999999999,2,0.27,14.994600000000002
IN-2015-VB217451-42349,2015-12-11 00:00:00,VB-217451,Victoria Brennan,Corporate,Afghanistan,Asia Pacific,Southern Asia,OFF-AR-3494,Office Supplies,Art,"Binney & Smith Pencil Sharpener, Water Color",29.849999999999998,1,0,8.040000000000001
US-2015-KM1637536-42349,2015-12-11 00:00:00,KM-1637536,Katherine Murray,Home Office,Dominican Republic,LATAM,Caribbean,FUR-FU-3050,Furniture,Furnishings,"Advantus Photo Frame, Erganomic",137.6,8,0.5,-74.4
IN-2015-Co1264088-42365,2015-12-27 00:00:00,Co-1264088,Corey-Lock,Consumer,Myanmar (Burma),Asia Pacific,Southeastern Asia,FUR-FU-4035,Furniture,Furnishings,"Eldon Clock, Duo Pack",41.303399999999996,1,0.27,11.303399999999998
ID-2015-NP183257-42368,2015-12-30 00:00:00,NP-183257,Naresj Patel,Consumer,Australia,Asia Pacific,Oceania,OFF-FA-6196,Office Supplies,Fasteners,"Stockwell Push Pins, Metal",16.92,2,0.4,0.23999999999999844
CA-2015-LO17170140-42367,2015-12-29 00:00:00,LO-171701402,Lori Olson,Corporate,United States,USCA,Central US,FUR-CH-5536,Furniture,Chairs,"Padded Folding Chairs, Black, 4/Carton",113.372,2,0.3,-3.2391999999999896
ES-2015-NF1847548-42363,2015-12-25 00:00:00,NF-1847548,Neil Französisch,Home Office,Germany,Europe,Western Europe,OFF-AR-3460,Office Supplies,Art,"BIC Pencil Sharpener, Blue",78.327,3,0.1,26.937
CA-2015-LO17170140-42367,2015-12-29 00:00:00,LO-171701402,Lori Olson,Corporate,United States,USCA,Central US,FUR-FU-4334,Furniture,Furnishings,G.E. Longer-Life Indoor Recessed Floodlight Bulbs,7.968,3,0.6,-2.3903999999999996
CA-2015-LO17170140-42367,2015-12-29 00:00:00,LO-171701402,Lori Olson,Corporate,United States,USCA,Central US,FUR-FU-2867,Furniture,Furnishings,3M Hangers With Command Adhesive,2.9600000000000004,2,0.6,-1.4059999999999997
CA-2015-LO17170140-42367,2015-12-29 00:00:00,LO-171701402,Lori Olson,Corporate,United States,USCA,Central US,OFF-BI-3841,Office Supplies,Binders,Computer Printout Index Tabs,1.6799999999999995,5,0.8,-2.6880000000000015
ES-2015-BS11755139-42363,2015-12-25 00:00:00,BS-11755139,Bruce Stewart,Consumer,United Kingdom,Europe,Northern Europe,OFF-PA-5877,Office Supplies,Paper,"SanDisk Message Books, Multicolor",100.92,4,0,16.080000000000002
CA-2015-LF17185140-42347,2015-12-09 00:00:00,LF-171851404,Luke Foster,Consumer,United States,USCA,Western US,OFF-PA-6524,Office Supplies,Paper,Xerox 1968,60.12,9,0,28.857599999999998
CA-2015-LF17185140-42347,2015-12-09 00:00:00,LF-171851404,Luke Foster,Consumer,United States,USCA,Western US,FUR-FU-6279,Furniture,Furnishings,"Tenex Traditional Chairmats for Hard Floors, Average Lip, 36"" x 48""",128.9,2,0,15.468000000000004
CA-2015-LF17185140-42347,2015-12-09 00:00:00,LF-171851404,Luke Foster,Consumer,United States,USCA,Western US,OFF-ST-3079,Office Supplies,Storage,Akro-Mils 12-Gallon Tote,29.79,3,0,8.639099999999996
ID-2015-MY18295102-42369,2015-12-31 00:00:00,MY-18295102,Muhammed Yedwab,Corporate,Philippines,Asia Pacific,Southeastern Asia,TEC-AC-5216,Technology,Accessories,"Memorex Mouse, Bluetooth",61.97400000000001,4,0.45,-37.266000000000005
ES-2015-BF1127545-42355,2015-12-17 00:00:00,BF-1127545,Beth Fritzler,Corporate,France,Europe,Western Europe,OFF-FA-6194,Office Supplies,Fasteners,"Stockwell Push Pins, Assorted Sizes",35.46,3,0,11.700000000000001
CA-2015-LW17215140-42348,2015-12-10 00:00:00,LW-172151402,Luke Weiss,Consumer,United States,USCA,Central US,OFF-BI-4346,Office Supplies,Binders,GBC Imprintable Covers,54.900000000000006,5,0,26.901000000000003
ES-2015-SC2080045-42339,2015-12-01 00:00:00,SC-2080045,Stuart Calhoun,Consumer,France,Europe,Western Europe,OFF-BI-4813,Office Supplies,Binders,"Ibico Binder, Economy",46.43999999999999,3,0,12.96
MX-2015-DH1367536-42346,2015-12-08 00:00:00,DH-1367536,Duane Huffman,Home Office,Dominican Republic,LATAM,Caribbean,OFF-EN-4431,Office Supplies,Envelopes,"GlobeWeis Business Envelopes, Recycled",17.216,2,0.2,0.8560000000000002
US-2015-DP13165143-42362,2015-12-24 00:00:00,DP-13165143,David Philippe,Consumer,Venezuela,LATAM,South America,OFF-ST-4296,Office Supplies,Storage,"Fellowes Trays, Wire Frame",45.16799999999999,2,0.4,-21.832
IT-2015-AR10345104-42340,2015-12-02 00:00:00,AR-10345104,Alex Russell,Corporate,Portugal,Europe,Southern Europe,FUR-CH-4628,Furniture,Chairs,"Hon Bag Chairs, Red",45.15,2,0.5,-15.39
ID-2015-HM14860118-42360,2015-12-22 00:00:00,HM-14860118,Harry Marie,Corporate,South Korea,Asia Pacific,Eastern Asia,OFF-SU-3002,Office Supplies,Supplies,"Acme Trimmer, High Speed",44.580000000000005,2,0.5,-11.640000000000008
ES-2015-BN11515139-42349,2015-12-11 00:00:00,BN-11515139,Bradley Nguyen,Consumer,United Kingdom,Europe,Northern Europe,OFF-EN-4906,Office Supplies,Envelopes,"Jiffy Clasp Envelope, Recycled",21.959999999999994,3,0,10.709999999999999
NG-2015-AB16594-42339,2015-12-01 00:00:00,AB-16594,Alan Barnes,Consumer,Niger,Africa,Western Africa,OFF-AR-3463,Office Supplies,Art,"BIC Pencil Sharpener, Water Color",32.19,1,0,12.21
IN-2015-TG2131027-42342,2015-12-04 00:00:00,TG-2131027,Toby Gnade,Consumer,China,Asia Pacific,Eastern Asia,OFF-LA-4536,Office Supplies,Labels,"Harbour Creations File Folder Labels, Laser Printer Compatible",43.650000000000006,5,0,15.150000000000002
IN-2015-EB1387058-42354,2015-12-16 00:00:00,EB-1387058,Emily Burns,Consumer,India,Asia Pacific,Southern Asia,OFF-AR-5913,Office Supplies,Art,"Sanford Highlighters, Water Color",37.86,2,0,16.98
IN-2015-TG2131027-42342,2015-12-04 00:00:00,TG-2131027,Toby Gnade,Consumer,China,Asia Pacific,Eastern Asia,OFF-LA-4657,Office Supplies,Labels,"Hon File Folder Labels, 5000 Label Set",45.15,5,0,16.65
ES-2015-CS1249045-42367,2015-12-29 00:00:00,CS-1249045,Cindy Schnelling,Corporate,France,Europe,Western Europe,OFF-AR-6122,Office Supplies,Art,"Stanley Pens, Easy-Erase",30.96,3,0,13.59
ES-2015-JL1513045-42340,2015-12-02 00:00:00,JL-1513045,Jack Lebron,Consumer,France,Europe,Western Europe,OFF-LA-4536,Office Supplies,Labels,"Harbour Creations File Folder Labels, Laser Printer Compatible",43.650000000000006,5,0,13.5
CA-2015-MZ17335140-42339,2015-12-01 00:00:00,MZ-173351404,Maria Zettner,Home Office,United States,USCA,Western US,FUR-FU-3846,Furniture,Furnishings,Contemporary Borderless Frame,25.83,3,0,9.557099999999998
ID-2015-SD2048559-42351,2015-12-13 00:00:00,SD-2048559,Shirley Daniels,Home Office,Indonesia,Asia Pacific,Southeastern Asia,OFF-LA-3314,Office Supplies,Labels,"Avery Round Labels, 5000 Label Set",31.9272,8,0.47000000000000003,-20.6328
IN-2015-KW1657059-42347,2015-12-09 00:00:00,KW-1657059,Kelly Williams,Consumer,Indonesia,Asia Pacific,Southeastern Asia,TEC-CO-6000,Technology,Copiers,"Sharp Fax Machine, Laser",274.95449999999994,1,0.07,-0.025500000000000966
ID-2015-MW18235102-42353,2015-12-15 00:00:00,MW-18235102,Mitch Willingham,Corporate,Philippines,Asia Pacific,Southeastern Asia,OFF-SU-2977,Office Supplies,Supplies,"Acme Letter Opener, Easy Grip",52.519499999999994,3,0.45,-3.8205000000000027
ES-2015-BP11290139-42356,2015-12-18 00:00:00,BP-11290139,Beth Paige,Consumer,United Kingdom,Europe,Northern Europe,OFF-FA-2961,Office Supplies,Fasteners,"Accos Thumb Tacks, Bulk Pack",41.04,3,0,8.549999999999999
IN-2015-BS1136558-42369,2015-12-31 00:00:00,BS-1136558,Bill Shonely,Corporate,India,Asia Pacific,Southern Asia,OFF-FA-6207,Office Supplies,Fasteners,"Stockwell Thumb Tacks, Bulk Pack",39.42,3,0,17.28
NI-2015-KL664595-42341,2015-12-03 00:00:00,KL-664595,Ken Lonsdale,Consumer,Nigeria,Africa,Western Africa,OFF-BI-3739,Office Supplies,Binders,"Cardinal Index Tab, Economy",21.024,8,0.7,-16.895999999999994
SF-2015-VT11700117-42339,2015-12-01 00:00:00,VT-11700117,Valerie Takahito,Home Office,South Africa,Africa,Southern Africa,TEC-MA-6134,Technology,Machines,"StarTech Calculator, White",38.37,1,0,0.75
MX-2015-AG1030082-42367,2015-12-29 00:00:00,AG-1030082,Aleksandra Gannaway,Corporate,Mexico,LATAM,Central America,OFF-FA-6190,Office Supplies,Fasteners,"Stockwell Paper Clips, Bulk Pack",54.48,6,0,10.319999999999999
MX-2015-HA1492051-42339,2015-12-01 00:00:00,HA-1492051,Helen Andreada,Consumer,Guatemala,LATAM,Central America,OFF-ST-4096,Office Supplies,Storage,"Eldon Shelving, Single Width",32.3,1,0,12.26
BN-2015-AS1009015-42348,2015-12-10 00:00:00,AS-1009015,Adam Shillingsburg,Consumer,Benin,Africa,Western Africa,OFF-AR-3493,Office Supplies,Art,"Binney & Smith Pencil Sharpener, Fluorescent",26.67,1,0,1.0499999999999998
TU-2015-BP1050134-42358,2015-12-20 00:00:00,BP-1050134,Barry Pond,Corporate,Turkey,Asia Pacific,Western Asia,OFF-LA-4535,Office Supplies,Labels,"Harbour Creations File Folder Labels, Alphabetical",20.520000000000003,6,0.6,-24.12
MX-2015-PR1888082-42344,2015-12-06 00:00:00,PR-1888082,Patrick Ryan,Consumer,Mexico,LATAM,Central America,OFF-BI-2914,Office Supplies,Binders,"Acco Hole Reinforcements, Economy",26.640000000000004,6,0,4.44
TU-2015-SB10170134-42343,2015-12-05 00:00:00,SB-10170134,Sarah Bern,Consumer,Turkey,Asia Pacific,Western Asia,TEC-MA-4189,Technology,Machines,"Epson Calculator, Durable",18.612000000000002,1,0.6,-15.378
SF-2015-BN1470117-42347,2015-12-09 00:00:00,BN-1470117,Brad Norvell,Corporate,South Africa,Africa,Southern Africa,FUR-CH-5373,Furniture,Chairs,"Novimex Chairmat, Set of Two",58.59,1,0,9.36
CA-2015-MY17380140-42340,2015-12-02 00:00:00,MY-173801402,Maribeth Yedwab,Corporate,United States,USCA,Central US,OFF-PA-6563,Office Supplies,Paper,Xerox 201,10.368000000000002,2,0.2,3.6288
NI-2015-CB253595-42362,2015-12-24 00:00:00,CB-253595,Claudia Bergmann,Corporate,Nigeria,Africa,Western Africa,OFF-PA-5885,Office Supplies,Paper,"SanDisk Note Cards, Multicolor",10.188000000000002,1,0.7,-9.521999999999998
IN-2015-EH137657-42367,2015-12-29 00:00:00,EH-137657,Edward Hooks,Corporate,Australia,Asia Pacific,Oceania,OFF-AR-3481,Office Supplies,Art,"Binney & Smith Highlighters, Blue",74.65499999999999,5,0.1,-3.344999999999998
IR-2015-SC1030560-42353,2015-12-15 00:00:00,SC-1030560,Sean Christensen,Consumer,Iran,Asia Pacific,Southern Asia,OFF-AR-6105,Office Supplies,Art,"Stanley Canvas, Blue",49.47,1,0,7.89
MX-2015-MC1763531-42364,2015-12-26 00:00:00,MC-1763531,Matthew Clasen,Corporate,Cuba,LATAM,Caribbean,OFF-PA-6620,Office Supplies,Paper,"Xerox Note Cards, Recycled",35.04,2,0,8.4
MX-2015-RB1957031-42349,2015-12-11 00:00:00,RB-1957031,Rob Beeghly,Consumer,Cuba,LATAM,Caribbean,OFF-BI-2881,Office Supplies,Binders,"Acco 3-Hole Punch, Clear",19.72,1,0,3.34
IN-2015-KW1657059-42347,2015-12-09 00:00:00,KW-1657059,Kelly Williams,Consumer,Indonesia,Asia Pacific,Southeastern Asia,OFF-BI-2897,Office Supplies,Binders,"Acco Binder, Economy",37.723499999999994,3,0.17,6.3134999999999994
ID-2015-NH18610102-42349,2015-12-11 00:00:00,NH-18610102,Nicole Hansen,Corporate,Philippines,Asia Pacific,Southeastern Asia,OFF-SU-2980,Office Supplies,Supplies,"Acme Letter Opener, Steel",48.85650000000001,3,0.45,-32.05350000000001
MX-2015-PR1888082-42344,2015-12-06 00:00:00,PR-1888082,Patrick Ryan,Consumer,Mexico,LATAM,Central America,FUR-CH-5758,Furniture,Chairs,"SAFCO Chairmat, Red",31.904000000000003,1,0.2,7.164
MX-2015-DA1345093-42356,2015-12-18 00:00:00,DA-1345093,Dianna Arnett,Home Office,Nicaragua,LATAM,Central America,OFF-ST-4029,Office Supplies,Storage,"Eldon Box, Industrial",14.319999999999999,2,0,7
RO-2015-DK2835107-42348,2015-12-10 00:00:00,DK-2835107,Damala Kotsonis,Corporate,Romania,Europe,Eastern Europe,OFF-ST-6249,Office Supplies,Storage,"Tenex Folders, Blue",46.44,2,0,15.299999999999999
IT-2015-DK1322564-42343,2015-12-05 00:00:00,DK-1322564,Dean Katz,Corporate,Italy,Europe,Southern Europe,OFF-PA-3996,Office Supplies,Paper,"Eaton Memo Slips, Premium",27.48,2,0,9.3
ID-2015-HG148457-42357,2015-12-19 00:00:00,HG-148457,Harry Greene,Consumer,Australia,Asia Pacific,Oceania,OFF-SU-2984,Office Supplies,Supplies,"Acme Ruler, Easy Grip",65.98800000000001,4,0.1,-1.572000000000001
IT-2015-JK16090104-42361,2015-12-23 00:00:00,JK-16090104,Juliana Krohn,Consumer,Portugal,Europe,Southern Europe,OFF-FA-6206,Office Supplies,Fasteners,"Stockwell Thumb Tacks, Assorted Sizes",32.94,6,0.5,-9.899999999999999
IT-2015-TG21640124-42364,2015-12-26 00:00:00,TG-21640124,Trudy Glocke,Consumer,Sweden,Europe,Northern Europe,OFF-FA-6207,Office Supplies,Fasteners,"Stockwell Thumb Tacks, Bulk Pack",33.824999999999996,5,0.5,-12.974999999999994
IN-2015-MM180557-42343,2015-12-05 00:00:00,MM-180557,Michelle Moray,Consumer,Australia,Asia Pacific,Oceania,OFF-FA-3063,Office Supplies,Fasteners,"Advantus Rubber Bands, Metal",60.156000000000006,4,0.1,15.276
ES-2015-HM1486045-42365,2015-12-27 00:00:00,HM-1486045,Harry Marie,Corporate,France,Europe,Western Europe,OFF-BI-4807,Office Supplies,Binders,"Ibico Binder Covers, Clear",26.22,2,0,1.7999999999999998
ID-2015-IG150857-42348,2015-12-10 00:00:00,IG-150857,Ivan Gibson,Consumer,Australia,Asia Pacific,Oceania,OFF-EN-5022,Office Supplies,Envelopes,"Kraft Business Envelopes, Recycled",18.288,2,0.4,-7.932
ID-2015-LS1720059-42354,2015-12-16 00:00:00,LS-1720059,Luke Schmidt,Corporate,Indonesia,Asia Pacific,Southeastern Asia,OFF-LA-5398,Office Supplies,Labels,"Novimex Round Labels, 5000 Label Set",24.708599999999997,7,0.47000000000000003,-7.631399999999999
CA-2015-MV17485140-42342,2015-12-04 00:00:00,MV-174851402,Mark Van Huff,Consumer,United States,USCA,Central US,FUR-FU-6298,Furniture,Furnishings,Tensor Brushed Steel Torchiere Floor Lamp,13.591999999999999,2,0.6,-14.2716
TU-2015-JD5895134-42367,2015-12-29 00:00:00,JD-5895134,Jonathan Doherty,Corporate,Turkey,Asia Pacific,Western Asia,OFF-EN-3106,Office Supplies,Envelopes,"Ames Manila Envelope, Set of 50",9.876000000000001,1,0.6,-12.864
TU-2015-CC2220134-42348,2015-12-10 00:00:00,CC-2220134,Chris Cortes,Consumer,Turkey,Asia Pacific,Western Asia,OFF-AR-3459,Office Supplies,Art,"BIC Markers, Water Color",11.844000000000001,1,0.6,-7.415999999999997
IN-2015-Co1264088-42365,2015-12-27 00:00:00,Co-1264088,Corey-Lock,Consumer,Myanmar (Burma),Asia Pacific,Southeastern Asia,OFF-LA-4538,Office Supplies,Labels,"Harbour Creations Legal Exhibit Labels, Adjustable",29.382000000000005,4,0.17,-1.8180000000000023
SA-2015-EB3930110-42362,2015-12-24 00:00:00,EB-3930110,Eric Barreto,Consumer,Saudi Arabia,Asia Pacific,Western Asia,TEC-MA-4190,Technology,Machines,"Epson Calculator, Red",43.56,1,0,15.66
MO-2015-JH543086-42362,2015-12-24 00:00:00,JH-543086,Jennifer Halladay,Consumer,Morocco,Africa,North Africa,OFF-EN-3675,Office Supplies,Envelopes,"Cameo Peel and Seal, Set of 50",21,1,0,3.3600000000000003
MX-2015-SW2027518-42348,2015-12-10 00:00:00,SW-2027518,Scott Williamson,Consumer,Brazil,LATAM,South America,OFF-BI-3739,Office Supplies,Binders,"Cardinal Index Tab, Economy",40.88,7,0,13.020000000000001
ES-2015-ES1402045-42343,2015-12-05 00:00:00,ES-1402045,Erica Smith,Consumer,France,Europe,Western Europe,OFF-EN-4434,Office Supplies,Envelopes,"GlobeWeis Business Envelopes, with clear poly window",41.76,2,0,12.48
MX-2015-BD1156082-42357,2015-12-19 00:00:00,BD-1156082,Brendan Dodson,Home Office,Mexico,LATAM,Central America,OFF-SU-4305,Office Supplies,Supplies,"Fiskars Box Cutter, Serrated",64.44000000000001,3,0,27.660000000000004
IN-2015-GK14620130-42357,2015-12-19 00:00:00,GK-14620130,Grace Kelly,Corporate,Thailand,Asia Pacific,Southeastern Asia,OFF-FA-6199,Office Supplies,Fasteners,"Stockwell Rubber Bands, Bulk Pack",25.662600000000005,3,0.47000000000000003,0.4625999999999948
ES-2015-LC17050139-42365,2015-12-27 00:00:00,LC-17050139,Liz Carlisle,Consumer,United Kingdom,Europe,Northern Europe,OFF-EN-4454,Office Supplies,Envelopes,"GlobeWeis Peel and Seal, with clear poly window",24.93,1,0,1.23
IN-2015-AG1030027-42342,2015-12-04 00:00:00,AG-1030027,Aleksandra Gannaway,Corporate,China,Asia Pacific,Eastern Asia,OFF-BI-3253,Office Supplies,Binders,"Avery Binder, Economy",38.699999999999996,3,0,15.84
NI-2015-AG90095-42346,2015-12-08 00:00:00,AG-90095,Arthur Gainer,Consumer,Nigeria,Africa,Western Africa,OFF-ST-4094,Office Supplies,Storage,"Eldon Shelving, Blue",29.052000000000007,2,0.7,-41.688
US-2015-MC17575140-42342,2015-12-04 00:00:00,MC-175751408,Matt Collins,Consumer,United States,USCA,Southern US,OFF-AP-3375,Office Supplies,Appliances,Belkin F9H710-06 7 Outlet SurgeMaster Surge Protector,45.216,3,0.2,4.521599999999999
US-2015-MC17575140-42342,2015-12-04 00:00:00,MC-175751408,Matt Collins,Consumer,United States,USCA,Southern US,OFF-BI-4356,Office Supplies,Binders,"GBC Pre-Punched Binding Paper, Plastic, White, 8-1/2"" x 11""",28.782000000000004,6,0.7,-21.1068
US-2015-MC17575140-42342,2015-12-04 00:00:00,MC-175751408,Matt Collins,Consumer,United States,USCA,Southern US,OFF-PA-5677,Office Supplies,Paper,"Rediform Wirebound ""Phone Memo"" Message Book, 11 x 5-3/4",24.448,4,0.2,8.8624
IT-2015-NF1847591-42343,2015-12-05 00:00:00,NF-1847591,Neil Französisch,Home Office,Netherlands,Europe,Western Europe,OFF-ST-4061,Office Supplies,Storage,"Eldon Folders, Industrial",26.19,3,0.5,-24.66
IN-2015-GK1462027-42343,2015-12-05 00:00:00,GK-1462027,Grace Kelly,Corporate,China,Asia Pacific,Eastern Asia,OFF-BI-3739,Office Supplies,Binders,"Cardinal Index Tab, Economy",35.04,4,0,12.600000000000001
MX-2015-FO1430593-42347,2015-12-09 00:00:00,FO-1430593,Frank Olsen,Consumer,Nicaragua,LATAM,Central America,OFF-AR-3466,Office Supplies,Art,"BIC Pens, Fluorescent",20.719999999999995,2,0,4.12
MX-2015-TC2129518-42340,2015-12-02 00:00:00,TC-2129518,Toby Carlisle,Consumer,Brazil,LATAM,South America,OFF-AR-3493,Office Supplies,Art,"Binney & Smith Pencil Sharpener, Fluorescent",35.56000000000001,2,0,7.8
ID-2015-BH117107-42341,2015-12-03 00:00:00,BH-117107,Brosina Hoffman,Consumer,Australia,Asia Pacific,Oceania,OFF-LA-4680,Office Supplies,Labels,"Hon Removable Labels, Laser Printer Compatible",12.096,2,0.4,-4.464
MX-2015-DB1321093-42348,2015-12-10 00:00:00,DB-1321093,Dean Braden,Consumer,Nicaragua,LATAM,Central America,TEC-PH-3134,Technology,Phones,"Apple Headset, VoIP",97.8,2,0,35.2
MX-2015-JS1603082-42348,2015-12-10 00:00:00,JS-1603082,Joy Smith,Consumer,Mexico,LATAM,Central America,OFF-PA-6613,Office Supplies,Paper,"Xerox Message Books, 8.5 x 11",49.02,3,0,8.819999999999999
IZ-2015-DH367561-42349,2015-12-11 00:00:00,DH-367561,Duane Huffman,Home Office,Iraq,Asia Pacific,Western Asia,OFF-BI-6378,Office Supplies,Binders,"Wilson Jones Binder, Clear",49.92,4,0,3.96
CA-2015-MG17650140-42340,2015-12-02 00:00:00,MG-176501406,Matthew Grinstein,Home Office,United States,USCA,Eastern US,FUR-FU-5164,Furniture,Furnishings,Magna Visual Magnetic Picture Hangers,7.712000000000001,2,0.2,1.7352000000000005
MX-2015-NM1844582-42339,2015-12-01 00:00:00,NM-1844582,Nathan Mautz,Home Office,Mexico,LATAM,Central America,OFF-PA-4161,Office Supplies,Paper,"Enermax Memo Slips, Premium",31.320000000000004,3,0,0.3
ID-2015-BF11005130-42361,2015-12-23 00:00:00,BF-11005130,Barry Franz,Home Office,Thailand,Asia Pacific,Southeastern Asia,OFF-PA-5886,Office Supplies,Paper,"SanDisk Note Cards, Premium",15.8046,1,0.47000000000000003,0.8945999999999987
IN-2015-LT167657-42363,2015-12-25 00:00:00,LT-167657,Larry Tron,Consumer,Australia,Asia Pacific,Oceania,OFF-LA-4659,Office Supplies,Labels,"Hon File Folder Labels, Alphabetical",15.227999999999998,2,0.1,6.048
ES-2015-PW1924045-42368,2015-12-30 00:00:00,PW-1924045,Pierre Wener,Consumer,France,Europe,Western Europe,OFF-LA-3299,Office Supplies,Labels,"Avery Legal Exhibit Labels, Alphabetical",44.64,4,0,9.72
US-2015-TG216405-42343,2015-12-05 00:00:00,TG-216405,Trudy Glocke,Consumer,Argentina,LATAM,South America,OFF-EN-4454,Office Supplies,Envelopes,"GlobeWeis Peel and Seal, with clear poly window",29.915999999999997,3,0.4,-10.524000000000001
IN-2015-AA1031558-42361,2015-12-23 00:00:00,AA-1031558,Alex Avila,Consumer,India,Asia Pacific,Southern Asia,OFF-BI-3721,Office Supplies,Binders,"Cardinal Binder, Durable",45.989999999999995,3,0,13.319999999999999
TU-2015-FP4320134-42342,2015-12-04 00:00:00,FP-4320134,Frank Preis,Consumer,Turkey,Asia Pacific,Western Asia,OFF-SU-4123,Office Supplies,Supplies,"Elite Ruler, Easy Grip",37.007999999999996,6,0.6,-49.211999999999996
IN-2015-LS17230118-42365,2015-12-27 00:00:00,LS-17230118,Lycoris Saunders,Consumer,South Korea,Asia Pacific,Eastern Asia,OFF-FA-2957,Office Supplies,Fasteners,"Accos Staples, Bulk Pack",21.900000000000002,4,0.5,-1.3800000000000026
US-2015-DP13165143-42362,2015-12-24 00:00:00,DP-13165143,David Philippe,Consumer,Venezuela,LATAM,South America,OFF-EN-4453,Office Supplies,Envelopes,"GlobeWeis Peel and Seal, Set of 50",59.891999999999996,7,0.4,8.931999999999999
IT-2015-PB1921091-42344,2015-12-06 00:00:00,PB-1921091,Phillip Breyer,Corporate,Netherlands,Europe,Western Europe,OFF-BI-3712,Office Supplies,Binders,"Cardinal 3-Hole Punch, Clear",28.259999999999998,2,0.5,-16.439999999999998
ID-2015-RA19945130-42368,2015-12-30 00:00:00,RA-19945130,Ryan Akin,Consumer,Thailand,Asia Pacific,Southeastern Asia,OFF-BI-3246,Office Supplies,Binders,"Avery Binder Covers, Clear",43.69949999999999,5,0.17,-0.10050000000000026
IN-2015-MG1789056-42343,2015-12-05 00:00:00,MG-1789056,Michael Granlund,Home Office,Hong Kong,Asia Pacific,Eastern Asia,OFF-SU-4129,Office Supplies,Supplies,"Elite Scissors, Serrated",57.68999999999999,3,0,24.21
CA-2015-ME17725140-42339,2015-12-01 00:00:00,ME-177251406,Max Engle,Consumer,United States,USCA,Eastern US,OFF-AR-3550,Office Supplies,Art,"BOSTON Ranger #55 Pencil Sharpener, Black",155.94,6,0,45.22259999999999
CA-2015-ME17725140-42341,2015-12-03 00:00:00,ME-177251408,Max Engle,Consumer,United States,USCA,Southern US,FUR-CH-5431,Furniture,Chairs,Office Star - Professional Matrix Back Chair with 2-to-1 Synchro Tilt and Mesh Fabric Seat,701.96,2,0,168.47040000000004
ES-2015-NG184308-42342,2015-12-04 00:00:00,NG-184308,Nathan Gelder,Consumer,Austria,Europe,Western Europe,OFF-PA-5878,Office Supplies,Paper,"SanDisk Message Books, Premium",23.82,1,0,6.18
US-2015-MJ17740140-42347,2015-12-09 00:00:00,MJ-177401406,Max Jones,Consumer,United States,USCA,Eastern US,TEC-PH-4843,Technology,Phones,iHome FM Clock Radio with Lightning Dock,83.98799999999999,2,0.4,-20.996999999999993
IT-2015-BP1105064-42364,2015-12-26 00:00:00,BP-1105064,Barry Pond,Corporate,Italy,Europe,Southern Europe,FUR-CH-4519,Furniture,Chairs,"Harbour Creations Bag Chairs, Black",23.676000000000002,1,0.6,-30.203999999999994
US-2015-MJ17740140-42347,2015-12-09 00:00:00,MJ-177401406,Max Jones,Consumer,United States,USCA,Eastern US,OFF-AR-3445,Office Supplies,Art,BIC Brite Liner Highlighters,13.248,4,0.2,3.6431999999999998
US-2015-ML17755140-42339,2015-12-01 00:00:00,ML-177551406,Max Ludwig,Home Office,United States,USCA,Eastern US,OFF-AP-4934,Office Supplies,Appliances,Kensington 7 Outlet MasterPiece Power Center with Fax/Phone Line Protection,663.936,4,0.2,82.99199999999988
CA-2015-ML17755140-42340,2015-12-02 00:00:00,ML-177551404,Max Ludwig,Home Office,United States,USCA,Western US,FUR-FU-6224,Furniture,Furnishings,"Tenex ""The Solids"" Textured Chair Mats",629.64,9,0,107.03879999999994
TU-2015-MH7785134-42362,2015-12-24 00:00:00,MH-7785134,Maya Herman,Corporate,Turkey,Asia Pacific,Western Asia,TEC-MA-4211,Technology,Machines,"Epson Receipt Printer, White",46.17600000000001,1,0.6,-19.644000000000013
ES-2015-MG18205120-42341,2015-12-03 00:00:00,MG-18205120,Mitch Gastineau,Corporate,Spain,Europe,Southern Europe,OFF-AR-3464,Office Supplies,Art,"BIC Pens, Blue",28.56,2,0,3.12
SF-2015-BS1800117-42358,2015-12-20 00:00:00,BS-1800117,Bryan Spruell,Home Office,South Africa,Africa,Southern Africa,FUR-FU-3038,Furniture,Furnishings,"Advantus Light Bulb, Durable",17.099999999999998,1,0,4.08
NI-2015-MC757595-42354,2015-12-16 00:00:00,MC-757595,Matt Collins,Consumer,Nigeria,Africa,Western Africa,FUR-CH-5439,Furniture,Chairs,"Office Star Chairmat, Red",39.49200000000001,2,0.7,-39.52800000000001
IN-2015-DE1325527-42350,2015-12-12 00:00:00,DE-1325527,Deanra Eno,Home Office,China,Asia Pacific,Eastern Asia,OFF-PA-5847,Office Supplies,Paper,"SanDisk Cards & Envelopes, 8.5 x 11",52.56,1,0,2.61
IT-2015-MK18160124-42347,2015-12-09 00:00:00,MK-18160124,Mike Kennedy,Consumer,Sweden,Europe,Northern Europe,OFF-PA-5879,Office Supplies,Paper,"SanDisk Message Books, Recycled",23.729999999999997,2,0.5,-2.4299999999999997
ML-2015-AZ75079-42343,2015-12-05 00:00:00,AZ-75079,Annie Zypern,Consumer,Mali,Africa,Western Africa,OFF-ST-4253,Office Supplies,Storage,"Fellowes Box, Wire Frame",18.75,1,0,8.61
IN-2015-DK132257-42368,2015-12-30 00:00:00,DK-132257,Dean Katz,Corporate,Australia,Asia Pacific,Oceania,OFF-LA-4541,Office Supplies,Labels,"Harbour Creations Removable Labels, 5000 Label Set",27.945000000000004,3,0.1,6.164999999999999
ES-2015-DL1331548-42351,2015-12-13 00:00:00,DL-1331548,Delfina Latchford,Consumer,Germany,Europe,Western Europe,OFF-AR-6122,Office Supplies,Art,"Stanley Pens, Easy-Erase",20.64,2,0,9.06
ID-2015-KB16405102-42339,2015-12-01 00:00:00,KB-16405102,Katrina Bavinger,Home Office,Philippines,Asia Pacific,Southeastern Asia,OFF-ST-6058,Office Supplies,Storage,"Smead Shelving, Industrial",54.351,2,0.45,-34.629000000000005
ES-2015-KA1652545-42353,2015-12-15 00:00:00,KA-1652545,Kelly Andreada,Consumer,France,Europe,Western Europe,OFF-LA-3312,Office Supplies,Labels,"Avery Removable Labels, Alphabetical",15.84,3,0.5,-9.9
ES-2015-DB1321048-42362,2015-12-24 00:00:00,DB-1321048,Dean Braden,Consumer,Germany,Europe,Western Europe,FUR-FU-5731,Furniture,Furnishings,"Rubbermaid Light Bulb, Black",33.91199999999999,2,0.1,13.152
RO-2015-JE5475107-42342,2015-12-04 00:00:00,JE-5475107,Jeremy Ellison,Consumer,Romania,Europe,Eastern Europe,TEC-AC-4154,Technology,Accessories,"Enermax Flash Drive, USB",41.73,1,0,16.259999999999998
ID-2015-KB16405102-42339,2015-12-01 00:00:00,KB-16405102,Katrina Bavinger,Home Office,Philippines,Asia Pacific,Southeastern Asia,OFF-SU-4136,Office Supplies,Supplies,"Elite Trimmer, High Speed",45.837,2,0.45,-17.523
MX-2015-CB1202531-42360,2015-12-22 00:00:00,CB-1202531,Cassandra Brandow,Consumer,Cuba,LATAM,Caribbean,OFF-LA-6035,Office Supplies,Labels,"Smead File Folder Labels, Adjustable",9.040000000000001,2,0,2.2399999999999998
CA-2015-MC17845140-42349,2015-12-11 00:00:00,MC-178451404,Michael Chen,Consumer,United States,USCA,Western US,FUR-TA-3559,Furniture,Tables,Bretford “Just In Time” Height-Adjustable Multi-Task Work Tables,1669.6,4,0,116.87199999999984
ES-2015-AS1022545-42357,2015-12-19 00:00:00,AS-1022545,Alan Schoenberger,Corporate,France,Europe,Western Europe,OFF-PA-6616,Office Supplies,Paper,"Xerox Message Books, Recycled",20.28,1,0,6.27
EG-2015-KH651038-42354,2015-12-16 00:00:00,KH-651038,Keith Herrera,Consumer,Egypt,Africa,North Africa,OFF-AR-3545,Office Supplies,Art,"Boston Pencil Sharpener, Water Color",32.129999999999995,1,0,16.049999999999997
US-2015-MC17845140-42368,2015-12-30 00:00:00,MC-178451406,Michael Chen,Consumer,United States,USCA,Eastern US,OFF-FA-4842,Office Supplies,Fasteners,Ideal Clamps,6.029999999999999,3,0,2.9547
TU-2015-SK9990134-42339,2015-12-01 00:00:00,SK-9990134,Sally Knutson,Consumer,Turkey,Asia Pacific,Western Asia,OFF-AR-3478,Office Supplies,Art,"Binney & Smith Canvas, Water Color",21.816000000000003,1,0.6,-6.563999999999993
IN-2015-JH159857-42354,2015-12-16 00:00:00,JH-159857,Joseph Holt,Consumer,Australia,Asia Pacific,Oceania,FUR-FU-4102,Furniture,Furnishings,"Eldon Stacking Tray, Duo Pack",31.56,1,0,2.52
IN-2015-NH1861059-42349,2015-12-11 00:00:00,NH-1861059,Nicole Hansen,Corporate,Indonesia,Asia Pacific,Southeastern Asia,OFF-PA-4181,Office Supplies,Paper,"Enermax Parchment Paper, 8.5 x 11",31.0527,3,0.47000000000000003,-11.787300000000005
CA-2015-MK17905140-42341,2015-12-03 00:00:00,MK-179051408,Michael Kennedy,Corporate,United States,USCA,Southern US,OFF-AR-3614,Office Supplies,Art,Bulldog Vacuum Base Pencil Sharpener,47.96,5,0.2,4.196499999999995
ES-2015-WB2185045-42348,2015-12-10 00:00:00,WB-2185045,William Brown,Consumer,France,Europe,Western Europe,OFF-BI-6370,Office Supplies,Binders,"Wilson Jones 3-Hole Punch, Durable",88.47,3,0,18.54
ID-2015-AR1057059-42367,2015-12-29 00:00:00,AR-1057059,Anemone Ratner,Consumer,Indonesia,Asia Pacific,Southeastern Asia,TEC-AC-3394,Technology,Accessories,"Belkin Mouse, Programmable",44.7426,2,0.47000000000000003,-27.917400000000008
CA-2015-MM17920140-42362,2015-12-24 00:00:00,MM-179201402,Michael Moore,Consumer,United States,USCA,Central US,OFF-AP-2886,Office Supplies,Appliances,Acco 6 Outlet Guardian Premium Plus Surge Suppressor,29.311999999999994,8,0.8,-74.74560000000001
CA-2015-MM17920140-42362,2015-12-24 00:00:00,MM-179201402,Michael Moore,Consumer,United States,USCA,Central US,OFF-PA-6095,Office Supplies,Paper,Spiral Phone Message Books with Labels by Adams,28.672000000000004,8,0.2,10.393600000000001
ES-2015-AB1016545-42356,2015-12-18 00:00:00,AB-1016545,Alan Barnes,Consumer,France,Europe,Western Europe,OFF-BI-4810,Office Supplies,Binders,"Ibico Binder Covers, Recycled",14.01,1,0,5.16
CA-2015-MM17920140-42358,2015-12-20 00:00:00,MM-179201404,Michael Moore,Consumer,United States,USCA,Western US,OFF-BI-3961,Office Supplies,Binders,Deluxe Heavy-Duty Vinyl Round Ring Binder,36.672000000000004,2,0.2,11.459999999999999
SF-2015-BO1350117-42348,2015-12-10 00:00:00,BO-1350117,Bill Overfelt,Corporate,South Africa,Africa,Southern Africa,OFF-BI-6375,Office Supplies,Binders,"Wilson Jones Binder Covers, Durable",12.689999999999998,1,0,5.82
SG-2015-ME7725111-42358,2015-12-20 00:00:00,ME-7725111,Max Engle,Consumer,Senegal,Africa,Western Africa,OFF-SU-3003,Office Supplies,Supplies,"Acme Trimmer, Serrated",41.28,1,0,4.949999999999999
US-2015-AC1066054-42367,2015-12-29 00:00:00,AC-1066054,Anna Chung,Consumer,Haiti,LATAM,Caribbean,OFF-EN-5030,Office Supplies,Envelopes,"Kraft Interoffice Envelope, Security-Tint",39.456,2,0.4,3.2560000000000002
MX-2015-RB1946593-42369,2015-12-31 00:00:00,RB-1946593,Rick Bensley,Home Office,Nicaragua,LATAM,Central America,OFF-ST-6024,Office Supplies,Storage,"Smead Box, Industrial",15,2,0,1.2
ID-2015-JW16075144-42368,2015-12-30 00:00:00,JW-16075144,Julia West,Consumer,Vietnam,Asia Pacific,Southeastern Asia,OFF-ST-4030,Office Supplies,Storage,"Eldon Box, Single Width",8.5407,1,0.17,2.3607000000000005
ES-2015-BB1099045-42355,2015-12-17 00:00:00,BB-1099045,Barry Blumstein,Corporate,France,Europe,Western Europe,OFF-EN-4926,Office Supplies,Envelopes,"Jiffy Peel and Seal, with clear poly window",47.099999999999994,2,0,8.94
NI-2015-KL664595-42341,2015-12-03 00:00:00,KL-664595,Ken Lonsdale,Consumer,Nigeria,Africa,Western Africa,OFF-AR-3554,Office Supplies,Art,"Boston Sketch Pad, Fluorescent",14.958000000000002,1,0.7,-34.901999999999994
CA-2015-MS17980140-42343,2015-12-05 00:00:00,MS-179801406,Michael Stewart,Corporate,United States,USCA,Eastern US,TEC-AC-5104,Technology,Accessories,Logitech G13 Programmable Gameboard with LCD Display,255.968,4,0.2,-28.796399999999984
CA-2015-MS17980140-42343,2015-12-05 00:00:00,MS-179801406,Michael Stewart,Corporate,United States,USCA,Eastern US,FUR-CH-4395,Furniture,Chairs,Global Chrome Stack Chair,239.95999999999998,10,0.3,-10.283999999999992
CA-2015-MS17980140-42343,2015-12-05 00:00:00,MS-179801406,Michael Stewart,Corporate,United States,USCA,Eastern US,FUR-FU-4515,Furniture,Furnishings,Hand-Finished Solid Wood Document Frame,54.768,2,0.2,6.8459999999999965
CA-2015-MS17980140-42343,2015-12-05 00:00:00,MS-179801406,Michael Stewart,Corporate,United States,USCA,Eastern US,OFF-AR-3973,Office Supplies,Art,DIXON Ticonderoga Erasable Checking Pencils,13.392000000000001,3,0.2,3.1806000000000005
CA-2015-MS17980140-42343,2015-12-05 00:00:00,MS-179801406,Michael Stewart,Corporate,United States,USCA,Eastern US,OFF-PA-6512,Office Supplies,Paper,Xerox 1956,23.92,5,0.2,8.671
ES-2015-JF1541548-42342,2015-12-04 00:00:00,JF-1541548,Jennifer Ferguson,Consumer,Germany,Europe,Western Europe,OFF-AR-6123,Office Supplies,Art,"Stanley Pens, Fluorescent",22.620000000000005,2,0,1.98
EG-2015-PO918038-42340,2015-12-02 00:00:00,PO-918038,Philisse Overcash,Home Office,Egypt,Africa,North Africa,OFF-FA-3019,Office Supplies,Fasteners,"Advantus Clamps, 12 Pack",18.72,1,0,2.9699999999999998
MX-2015-AC1042082-42343,2015-12-05 00:00:00,AC-1042082,Alyssa Crouse,Corporate,Mexico,LATAM,Central America,OFF-SU-4978,Office Supplies,Supplies,"Kleencut Letter Opener, Easy Grip",36.08,2,0,14.040000000000001
MX-2015-SC2026082-42369,2015-12-31 00:00:00,SC-2026082,Scott Cohen,Corporate,Mexico,LATAM,Central America,OFF-LA-3310,Office Supplies,Labels,"Avery Removable Labels, 5000 Label Set",22.26,3,0,3.9599999999999995
TU-2015-MA7995134-42353,2015-12-15 00:00:00,MA-7995134,Michelle Arnett,Home Office,Turkey,Asia Pacific,Western Asia,OFF-SU-4305,Office Supplies,Supplies,"Fiskars Box Cutter, Serrated",25.776,2,0.6,-18.083999999999993
TU-2015-MG8205134-42368,2015-12-30 00:00:00,MG-8205134,Mitch Gastineau,Corporate,Turkey,Asia Pacific,Western Asia,OFF-ST-4266,Office Supplies,Storage,"Fellowes Lockers, Blue",165.864,2,0.6,-141.03599999999994
US-2015-BF112755-42363,2015-12-25 00:00:00,BF-112755,Beth Fritzler,Corporate,Argentina,LATAM,South America,OFF-AR-3537,Office Supplies,Art,"Boston Markers, Blue",52.74000000000001,5,0.4,-12.360000000000017
AE-2015-GH4665138-42351,2015-12-13 00:00:00,GH-4665138,Greg Hansen,Consumer,United Arab Emirates,Asia Pacific,Western Asia,OFF-ST-5693,Office Supplies,Storage,"Rogers File Cart, Single Width",42.489000000000004,1,0.7,-62.33099999999999
MX-2015-SC2084539-42361,2015-12-23 00:00:00,SC-2084539,Sung Chung,Consumer,El Salvador,LATAM,Central America,OFF-LA-4542,Office Supplies,Labels,"Harbour Creations Removable Labels, Adjustable",28.639999999999997,4,0,5.44
ES-2015-RF1984045-42350,2015-12-12 00:00:00,RF-1984045,Roy Französisch,Consumer,France,Europe,Western Europe,OFF-AR-3460,Office Supplies,Art,"BIC Pencil Sharpener, Blue",29.009999999999998,1,0,11.879999999999999
TU-2015-TS11370134-42351,2015-12-13 00:00:00,TS-11370134,Todd Sumrall,Corporate,Turkey,Asia Pacific,Western Asia,FUR-FU-6243,Furniture,Furnishings,"Tenex Door Stop, Durable",16.368000000000002,1,0.6,-19.241999999999997
NI-2015-TB1135595-42355,2015-12-17 00:00:00,TB-1135595,Todd Boyes,Corporate,Nigeria,Africa,Western Africa,TEC-AC-4153,Technology,Accessories,"Enermax Flash Drive, Programmable",25.812,2,0.7,-29.267999999999986
NI-2015-TB1135595-42355,2015-12-17 00:00:00,TB-1135595,Todd Boyes,Corporate,Nigeria,Africa,Western Africa,OFF-PA-4471,Office Supplies,Paper,"Green Bar Memo Slips, Multicolor",22.032000000000004,4,0.7,-25.007999999999992
ES-2015-DP1339048-42369,2015-12-31 00:00:00,DP-1339048,Dennis Pardue,Home Office,Germany,Europe,Western Europe,OFF-BI-6404,Office Supplies,Binders,"Wilson Jones Index Tab, Economy",32.25,5,0,8.25
CA-2015-MH18115140-42364,2015-12-26 00:00:00,MH-181151408,Mick Hernandez,Home Office,United States,USCA,Southern US,OFF-PA-6467,Office Supplies,Paper,Xerox 1915,629.0999999999999,6,0,301.96799999999996
IN-2015-JH1543078-42363,2015-12-25 00:00:00,JH-1543078,Jennifer Halladay,Consumer,Malaysia,Asia Pacific,Southeastern Asia,OFF-EN-5023,Office Supplies,Envelopes,"Kraft Business Envelopes, Security-Tint",82.2,5,0,10.649999999999999
CA-2015-MH18115140-42364,2015-12-26 00:00:00,MH-181151408,Mick Hernandez,Home Office,United States,USCA,Southern US,TEC-PH-3163,Technology,Phones,AT&T 17929 Lendline Telephone,90.48,2,0,23.5248
ID-2015-KB16405102-42350,2015-12-12 00:00:00,KB-16405102,Katrina Bavinger,Home Office,Philippines,Asia Pacific,Southeastern Asia,OFF-FA-2940,Office Supplies,Fasteners,"Accos Clamps, 12 Pack",10.345500000000001,1,0.45,-6.964500000000001
EG-2015-KH651038-42354,2015-12-16 00:00:00,KH-651038,Keith Herrera,Consumer,Egypt,Africa,North Africa,OFF-BI-3724,Office Supplies,Binders,"Cardinal Binding Machine, Clear",49.23000000000001,1,0,19.68
CA-2015-MH18115140-42364,2015-12-26 00:00:00,MH-181151408,Mick Hernandez,Home Office,United States,USCA,Southern US,OFF-PA-2859,Office Supplies,Paper,14-7/8 x 11 Blue Bar Computer Printout Paper,96.08,2,0,46.118399999999994
CA-2015-MH18115140-42364,2015-12-26 00:00:00,MH-181151408,Mick Hernandez,Home Office,United States,USCA,Southern US,OFF-FA-3158,Office Supplies,Fasteners,Assorted Color Push Pins,3.62,2,0,1.1945999999999999
US-2015-PS1904598-42349,2015-12-11 00:00:00,PS-1904598,Penelope Sewall,Home Office,Panama,LATAM,Central America,OFF-LA-5385,Office Supplies,Labels,"Novimex File Folder Labels, Laser Printer Compatible",23.1,7,0.4,-14.280000000000001
MX-2015-DC1328536-42351,2015-12-13 00:00:00,DC-1328536,Debra Catini,Consumer,Dominican Republic,LATAM,Caribbean,TEC-PH-3132,Technology,Phones,"Apple Headset, Cordless",40.592,1,0.2,-1.528
ID-2015-KC166757-42367,2015-12-29 00:00:00,KC-166757,Kimberly Carter,Corporate,Australia,Asia Pacific,Oceania,OFF-BI-2895,Office Supplies,Binders,"Acco Binder, Clear",26.298,2,0.1,3.7980000000000005
TZ-2015-CK2325129-42369,2015-12-31 00:00:00,CK-2325129,Christine Kargatis,Home Office,Tanzania,Africa,Eastern Africa,OFF-LA-4542,Office Supplies,Labels,"Harbour Creations Removable Labels, Adjustable",49.5,6,0,6.840000000000001
IN-2015-HG1484558-42339,2015-12-01 00:00:00,HG-1484558,Harry Greene,Consumer,India,Asia Pacific,Southern Asia,OFF-BI-3712,Office Supplies,Binders,"Cardinal 3-Hole Punch, Clear",56.519999999999996,2,0,23.700000000000003
ID-2015-RF19735102-42368,2015-12-30 00:00:00,RF-19735102,Roland Fjeld,Consumer,Philippines,Asia Pacific,Southeastern Asia,OFF-SU-4131,Office Supplies,Supplies,"Elite Shears, Easy Grip",53.49300000000001,2,0.45,-32.127
ES-2015-JJ15760139-42357,2015-12-19 00:00:00,JJ-15760139,Joel Jenkins,Home Office,United Kingdom,Europe,Northern Europe,OFF-FA-3074,Office Supplies,Fasteners,"Advantus Thumb Tacks, Bulk Pack",27.18,2,0,0
CA-2015-MP18175140-42353,2015-12-15 00:00:00,MP-181751404,Mike Pelletier,Home Office,United States,USCA,Western US,OFF-EN-2848,Office Supplies,Envelopes,"#10- 4 1/8"" x 9 1/2"" Recycled Envelopes",43.7,5,0,20.539
CA-2015-MP18175140-42353,2015-12-15 00:00:00,MP-181751404,Mike Pelletier,Home Office,United States,USCA,Western US,OFF-BI-6387,Office Supplies,Binders,"Wilson Jones Clip & Carry Folder Binder Tool for Ring Binders, Clear",64.96,14,0.2,22.736
CA-2015-MP18175140-42353,2015-12-15 00:00:00,MP-181751404,Mike Pelletier,Home Office,United States,USCA,Western US,FUR-FU-4022,Furniture,Furnishings,"Eldon 400 Class Desk Accessories, Black Carbon",26.25,3,0,11.025000000000002
ID-2015-BO114257-42364,2015-12-26 00:00:00,BO-114257,Bobby Odegard,Consumer,Australia,Asia Pacific,Oceania,OFF-EN-4907,Office Supplies,Envelopes,"Jiffy Clasp Envelope, Security-Tint",13.103999999999997,2,0.4,-4.415999999999999
CA-2015-MV18190140-42350,2015-12-12 00:00:00,MV-181901406,Mike Vittorini,Consumer,United States,USCA,Eastern US,TEC-AC-5148,Technology,Accessories,Logitech LS21 Speaker System - PC Multimedia - 2.1-CH - Wired,39.98,2,0,13.593199999999996
CA-2015-MV18190140-42350,2015-12-12 00:00:00,MV-181901406,Mike Vittorini,Consumer,United States,USCA,Eastern US,OFF-BI-3118,Office Supplies,Binders,"Angle-D Binders with Locking Rings, Label Holders",23.36,4,0.2,7.883999999999999
MX-2015-HM1498028-42344,2015-12-06 00:00:00,HM-1498028,Henry MacAllister,Consumer,Colombia,LATAM,South America,OFF-AR-6115,Office Supplies,Art,"Stanley Markers, Easy-Erase",44.940000000000005,3,0,18.419999999999998
ES-2015-JW15220120-42355,2015-12-17 00:00:00,JW-15220120,Jane Waco,Corporate,Spain,Europe,Southern Europe,OFF-BI-3719,Office Supplies,Binders,"Cardinal Binder Covers, Recycled",37.08,3,0,16.650000000000002
ID-2015-DW135857-42339,2015-12-01 00:00:00,DW-135857,Dorothy Wardle,Corporate,Australia,Asia Pacific,Oceania,TEC-AC-4153,Technology,Accessories,"Enermax Flash Drive, Programmable",51.623999999999995,2,0.4,-30.995999999999995
CA-2015-MW18220140-42352,2015-12-14 00:00:00,MW-182201404,Mitch Webber,Consumer,United States,USCA,Western US,OFF-ST-6157,Office Supplies,Storage,Sterilite Officeware Hinged File Box,31.44,3,0,8.488800000000001
SF-2015-RA9945117-42349,2015-12-11 00:00:00,RA-9945117,Ryan Akin,Consumer,South Africa,Africa,Southern Africa,OFF-LA-4659,Office Supplies,Labels,"Hon File Folder Labels, Alphabetical",8.459999999999999,1,0,3.21
TU-2015-BP1185134-42364,2015-12-26 00:00:00,BP-1185134,Ben Peterman,Corporate,Turkey,Asia Pacific,Western Asia,OFF-AR-6126,Office Supplies,Art,"Stanley Sketch Pad, Easy-Erase",17.880000000000003,1,0.6,-18.33
US-2015-MF18250140-42362,2015-12-24 00:00:00,MF-182501408,Monica Federle,Corporate,United States,USCA,Southern US,TEC-PH-3171,Technology,Phones,"Ativa D5772 2-Line 5.8GHz Digital Expandable Corded/Cordless Phone System with Answering & Caller ID/Call Waiting, Black/Silver",494.97,3,0,148.49099999999996
US-2015-MF18250140-42362,2015-12-24 00:00:00,MF-182501408,Monica Federle,Corporate,United States,USCA,Southern US,OFF-ST-4456,Office Supplies,Storage,"Gould Plastics 18-Pocket Panel Bin, 34w x 5-1/4d x 20-1/2h",367.96,4,0,14.718399999999974
US-2015-MF18250140-42362,2015-12-24 00:00:00,MF-182501408,Monica Federle,Corporate,United States,USCA,Southern US,OFF-EN-6326,Office Supplies,Envelopes,"Tyvek Interoffice Envelopes, 9 1/2"" x 12 1/2"", 100/Box",182.94,3,0,85.98179999999999
US-2015-MF18250140-42362,2015-12-24 00:00:00,MF-182501408,Monica Federle,Corporate,United States,USCA,Southern US,OFF-ST-5595,Office Supplies,Storage,"Personal Filing Tote with Lid, Black/Gray",62.04,4,0,17.3712
CG-2015-AF87033-42357,2015-12-19 00:00:00,AF-87033,Art Ferguson,Consumer,Democratic Republic of the Congo,Africa,Central Africa,OFF-LA-3315,Office Supplies,Labels,"Avery Round Labels, Adjustable",20.16,4,0,3.3600000000000003
MX-2015-BS11365143-42340,2015-12-02 00:00:00,BS-11365143,Bill Shonely,Corporate,Venezuela,LATAM,South America,FUR-BO-3647,Furniture,Bookcases,"Bush Stackable Bookrack, Pine",50.412,1,0.4,1.671999999999997
US-2015-MF18250140-42362,2015-12-24 00:00:00,MF-182501408,Monica Federle,Corporate,United States,USCA,Southern US,OFF-PA-4882,Office Supplies,Paper,"Ink Jet Note and Greeting Cards, 8-1/2"" x 5-1/2"" Card Size",44.96,2,0,20.6816
ES-2015-SS2087548-42355,2015-12-17 00:00:00,SS-2087548,Sung Shariari,Consumer,Germany,Europe,Western Europe,OFF-FA-6186,Office Supplies,Fasteners,"Stockwell Clamps, Bulk Pack",37.68,2,0,3
US-2015-BS1175554-42351,2015-12-13 00:00:00,BS-1175554,Bruce Stewart,Consumer,Haiti,LATAM,Caribbean,FUR-FU-6259,Furniture,Furnishings,"Tenex Light Bulb, Durable",15.960000000000003,5,0.7,-35.74
MX-2015-CC1243082-42339,2015-12-01 00:00:00,CC-1243082,Chuck Clark,Home Office,Mexico,LATAM,Central America,OFF-LA-3273,Office Supplies,Labels,"Avery File Folder Labels, Alphabetical",11.92,2,0,4.16
TU-2015-AD180134-42364,2015-12-26 00:00:00,AD-180134,Alan Dominguez,Home Office,Turkey,Asia Pacific,Western Asia,OFF-ST-5697,Office Supplies,Storage,"Rogers Folders, Wire Frame",11.903999999999998,1,0.6,-14.585999999999995
CA-2015-NP18325140-42344,2015-12-06 00:00:00,NP-183251404,Naresj Patel,Consumer,United States,USCA,Western US,OFF-PA-6517,Office Supplies,Paper,Xerox 1960,92.94,3,0,41.82299999999999
IZ-2015-DH367561-42349,2015-12-11 00:00:00,DH-367561,Duane Huffman,Home Office,Iraq,Asia Pacific,Western Asia,OFF-PA-5877,Office Supplies,Paper,"SanDisk Message Books, Multicolor",25.23,1,0,4.0200000000000005
NI-2015-PF922595-42355,2015-12-17 00:00:00,PF-922595,Phillip Flathmann,Consumer,Nigeria,Africa,Western Africa,OFF-AR-6116,Office Supplies,Art,"Stanley Markers, Fluorescent",14.076,2,0.7,-16.943999999999996
US-2015-AC1066054-42367,2015-12-29 00:00:00,AC-1066054,Anna Chung,Consumer,Haiti,LATAM,Caribbean,FUR-TA-5056,Furniture,Tables,"Lesro Computer Table, with Bottom Storage",172.212,2,0.7,-327.2279999999999
ES-2015-BT1139545-42341,2015-12-03 00:00:00,BT-1139545,Bill Tyler,Corporate,France,Europe,Western Europe,OFF-FA-6205,Office Supplies,Fasteners,"Stockwell Thumb Tacks, 12 Pack",25.139999999999997,2,0,7.74
TO-2015-JO5550131-42357,2015-12-19 00:00:00,JO-5550131,Jesus Ocampo,Home Office,Togo,Africa,Western Africa,FUR-CH-5750,Furniture,Chairs,"SAFCO Bag Chairs, Adjustable",51.92999999999999,1,0,9.33
IN-2015-PV189857-42361,2015-12-23 00:00:00,PV-189857,Paul Van Hugh,Home Office,Australia,Asia Pacific,Oceania,OFF-ST-4029,Office Supplies,Storage,"Eldon Box, Industrial",28.997999999999998,3,0.1,9.918000000000001
AJ-2015-DR28809-42365,2015-12-27 00:00:00,DR-28809,Dan Reichenbach,Corporate,Azerbaijan,Asia Pacific,Western Asia,OFF-SU-6179,Office Supplies,Supplies,"Stiletto Shears, Steel",47.49000000000001,1,0,4.26
IZ-2015-AJ78061-42368,2015-12-30 00:00:00,AJ-78061,Anthony Jacobs,Corporate,Iraq,Asia Pacific,Western Asia,TEC-AC-5217,Technology,Accessories,"Memorex Mouse, Erganomic",25.98,1,0,1.02
CA-2015-ND18370140-42342,2015-12-04 00:00:00,ND-183701408,Natalie DeCherney,Consumer,United States,USCA,Southern US,TEC-AC-4937,Technology,Accessories,Kensington Orbit Wireless Mobile Trackball for PC and Mac,47.992000000000004,1,0.2,7.198799999999995
IZ-2015-CS225061-42367,2015-12-29 00:00:00,CS-225061,Chris Selesnick,Corporate,Iraq,Asia Pacific,Western Asia,OFF-ST-6229,Office Supplies,Storage,"Tenex Box, Industrial",16.98,1,0,7.98
NI-2015-JG516095-42353,2015-12-15 00:00:00,JG-516095,James Galang,Consumer,Nigeria,Africa,Western Africa,OFF-SU-6168,Office Supplies,Supplies,"Stiletto Ruler, Easy Grip",29.700000000000006,6,0.7,-28.799999999999997
ID-2015-KB1631559-42367,2015-12-29 00:00:00,KB-1631559,Karl Braun,Consumer,Indonesia,Asia Pacific,Southeastern Asia,OFF-EN-5028,Office Supplies,Envelopes,"Kraft Clasp Envelope, with clear poly window",33.230999999999995,5,0.47000000000000003,-19.568999999999996
IT-2015-MH1762091-42346,2015-12-08 00:00:00,MH-1762091,Matt Hagelstein,Corporate,Netherlands,Europe,Western Europe,OFF-ST-4251,Office Supplies,Storage,"Fellowes Box, Industrial",20.160000000000004,2,0.5,-18.180000000000003
SA-2015-ML8265110-42361,2015-12-23 00:00:00,ML-8265110,Muhammed Lee,Consumer,Saudi Arabia,Asia Pacific,Western Asia,OFF-ST-6040,Office Supplies,Storage,"Smead Folders, Single Width",17.52,1,0,5.43
ES-2015-PW1924045-42368,2015-12-30 00:00:00,PW-1924045,Pierre Wener,Consumer,France,Europe,Western Europe,OFF-BI-6377,Office Supplies,Binders,"Wilson Jones Binder Covers, Recycled",80.85,7,0,19.32
SF-2015-BS1800117-42358,2015-12-20 00:00:00,BS-1800117,Bryan Spruell,Home Office,South Africa,Africa,Southern Africa,OFF-BI-3737,Office Supplies,Binders,"Cardinal Index Tab, Clear",14.52,2,0,5.04
RO-2015-DK2835107-42348,2015-12-10 00:00:00,DK-2835107,Damala Kotsonis,Corporate,Romania,Europe,Eastern Europe,OFF-BI-3739,Office Supplies,Binders,"Cardinal Index Tab, Economy",17.52,2,0,8.040000000000001
IT-2015-MG18205124-42367,2015-12-29 00:00:00,MG-18205124,Mitch Gastineau,Corporate,Sweden,Europe,Northern Europe,OFF-AR-5910,Office Supplies,Art,"Sanford Highlighters, Blue",7.874999999999998,1,0.5,-6.164999999999998
ES-2015-BF1127545-42355,2015-12-17 00:00:00,BF-1127545,Beth Fritzler,Corporate,France,Europe,Western Europe,OFF-BI-6405,Office Supplies,Binders,"Wilson Jones Index Tab, Recycled",6.8100000000000005,1,0,1.8900000000000001
SU-2015-LW6990122-42346,2015-12-08 00:00:00,LW-6990122,Lindsay Williams,Corporate,Sudan,Africa,North Africa,OFF-ST-4062,Office Supplies,Storage,"Eldon Folders, Single Width",17.009999999999998,1,0,7.98
EG-2015-RA994538-42342,2015-12-04 00:00:00,RA-994538,Ryan Akin,Consumer,Egypt,Africa,North Africa,OFF-ST-6248,Office Supplies,Storage,"Tenex File Cart, Single Width",134.61,1,0,63.239999999999995
MX-2015-BF1117031-42350,2015-12-12 00:00:00,BF-1117031,Ben Ferrer,Home Office,Cuba,LATAM,Caribbean,OFF-FA-6194,Office Supplies,Fasteners,"Stockwell Push Pins, Assorted Sizes",23.640000000000004,3,0,3.0599999999999996
CM-2015-AS22522-42367,2015-12-29 00:00:00,AS-22522,Alan Schoenberger,Corporate,Cameroon,Africa,Central Africa,OFF-BI-2893,Office Supplies,Binders,"Acco Binder Covers, Economy",13.319999999999999,1,0,5.46
IT-2015-BM11140139-42358,2015-12-20 00:00:00,BM-11140139,Becky Martin,Consumer,United Kingdom,Europe,Northern Europe,FUR-FU-3930,Furniture,Furnishings,"Deflect-O Clock, Durable",47.33999999999998,5,0.8,-113.76
IT-2015-FO1430564-42342,2015-12-04 00:00:00,FO-1430564,Frank Olsen,Consumer,Italy,Europe,Southern Europe,OFF-SU-4131,Office Supplies,Supplies,"Elite Shears, Easy Grip",48.63,1,0,2.91
CA-2015-NS18505140-42363,2015-12-25 00:00:00,NS-185051402,Neola Schneider,Consumer,United States,USCA,Central US,OFF-ST-4013,Office Supplies,Storage,Economy Rollaway Files,264.32,2,0.2,19.823999999999998
IN-2015-NH1861059-42349,2015-12-11 00:00:00,NH-1861059,Nicole Hansen,Corporate,Indonesia,Asia Pacific,Southeastern Asia,OFF-EN-4911,Office Supplies,Envelopes,"Jiffy Interoffice Envelope, Security-Tint",51.77040000000001,2,0.47000000000000003,-18.609600000000007
AG-2015-TB112503-42368,2015-12-30 00:00:00,TB-112503,Tim Brockman,Consumer,Algeria,Africa,North Africa,OFF-BI-4826,Office Supplies,Binders,"Ibico Hole Reinforcements, Recycled",58.800000000000004,8,0,18
IT-2015-TG21640124-42364,2015-12-26 00:00:00,TG-21640124,Trudy Glocke,Consumer,Sweden,Europe,Northern Europe,TEC-AC-3378,Technology,Accessories,"Belkin Flash Drive, Bluetooth",20.97,1,0.5,-5.459999999999999
IT-2015-TG21640124-42364,2015-12-26 00:00:00,TG-21640124,Trudy Glocke,Consumer,Sweden,Europe,Northern Europe,FUR-FU-3049,Furniture,Furnishings,"Advantus Photo Frame, Durable",20.003999999999998,1,0.6,-22.025999999999993
MX-2015-DB1291036-42367,2015-12-29 00:00:00,DB-1291036,Daniel Byrd,Home Office,Dominican Republic,LATAM,Caribbean,OFF-FA-5487,Office Supplies,Fasteners,"OIC Thumb Tacks, Metal",15.136,2,0.2,0.9360000000000006
TU-2015-AB165134-42353,2015-12-15 00:00:00,AB-165134,Alan Barnes,Consumer,Turkey,Asia Pacific,Western Asia,OFF-EN-5044,Office Supplies,Envelopes,"Kraft Peel and Seal, with clear poly window",19.224000000000004,2,0.6,-15.875999999999998
ID-2015-BF11005130-42361,2015-12-23 00:00:00,BF-11005130,Barry Franz,Home Office,Thailand,Asia Pacific,Southeastern Asia,OFF-LA-4538,Office Supplies,Labels,"Harbour Creations Legal Exhibit Labels, Adjustable",9.381000000000002,2,0.47000000000000003,-6.219000000000003
ES-2015-EM1396048-42353,2015-12-15 00:00:00,EM-1396048,Eric Murdock,Consumer,Germany,Europe,Western Europe,OFF-FA-6202,Office Supplies,Fasteners,"Stockwell Staples, Assorted Sizes",12.375,3,0.5,-1.754999999999999
CA-2015-NC18535140-42348,2015-12-10 00:00:00,NC-185351404,Nick Crebassa,Corporate,United States,USCA,Western US,OFF-PA-5274,Office Supplies,Paper,Multicolor Computer Printout Paper,419.4,5,0.2,146.79
AG-2015-MS79803-42363,2015-12-25 00:00:00,MS-79803,Michael Stewart,Corporate,Algeria,Africa,North Africa,OFF-AR-6117,Office Supplies,Art,"Stanley Markers, Water Color",50.75999999999999,2,0,16.740000000000002
CA-2015-NC18535140-42363,2015-12-25 00:00:00,NC-185351406,Nick Crebassa,Corporate,United States,USCA,Eastern US,OFF-PA-6577,Office Supplies,Paper,Xerox 214,19.44,3,0,9.3312
AO-2015-RM93754-42348,2015-12-10 00:00:00,RM-93754,Raymond Messe,Consumer,Angola,Africa,Central Africa,OFF-ST-6231,Office Supplies,Storage,"Tenex Box, Wire Frame",15.569999999999999,1,0,7.14
ES-2015-RF1984045-42350,2015-12-12 00:00:00,RF-1984045,Roy Französisch,Consumer,France,Europe,Western Europe,OFF-BI-3251,Office Supplies,Binders,"Avery Binder, Clear",24.72,2,0,2.46
CA-2015-NC18535140-42348,2015-12-10 00:00:00,NC-185351404,Nick Crebassa,Corporate,United States,USCA,Western US,OFF-BI-2930,Office Supplies,Binders,"Acco Recycled 2"" Capacity Laser Printer Hanging Data Binders",13.005000000000003,3,0.7,-9.970499999999998
CA-2015-NC18535140-42363,2015-12-25 00:00:00,NC-185351406,Nick Crebassa,Corporate,United States,USCA,Eastern US,OFF-BI-3326,Office Supplies,Binders,"Avery Triangle Shaped Sheet Lifters, Black, 2/Pack",12.3,5,0,6.15
IZ-2015-SS1041061-42343,2015-12-05 00:00:00,SS-1041061,Shahid Shariari,Consumer,Iraq,Asia Pacific,Western Asia,OFF-BI-2917,Office Supplies,Binders,"Acco Index Tab, Clear",16.08,2,0,6.720000000000001
MX-2015-EB1397582-42368,2015-12-30 00:00:00,EB-1397582,Erica Bern,Corporate,Mexico,LATAM,Central America,OFF-FA-2944,Office Supplies,Fasteners,"Accos Paper Clips, Assorted Sizes",38.3,5,0,0
US-2015-TT2126536-42368,2015-12-30 00:00:00,TT-2126536,Tim Taslimi,Corporate,Dominican Republic,LATAM,Caribbean,OFF-BI-2882,Office Supplies,Binders,"Acco 3-Hole Punch, Durable",16.864000000000004,1,0.2,-1.0560000000000005
MX-2015-JD1579093-42354,2015-12-16 00:00:00,JD-1579093,John Dryer,Consumer,Nicaragua,LATAM,Central America,OFF-BI-2896,Office Supplies,Binders,"Acco Binder, Durable",22.2,2,0,11.08
EG-2015-DM301538-42367,2015-12-29 00:00:00,DM-301538,Darrin Martin,Consumer,Egypt,Africa,North Africa,OFF-FA-6204,Office Supplies,Fasteners,"Stockwell Staples, Metal",10.53,1,0,2.82
ID-2015-KB1631559-42367,2015-12-29 00:00:00,KB-1631559,Karl Braun,Consumer,Indonesia,Asia Pacific,Southeastern Asia,OFF-SU-3003,Office Supplies,Supplies,"Acme Trimmer, Serrated",21.878400000000003,1,0.47000000000000003,-8.691600000000003
NI-2015-NF838595-42368,2015-12-30 00:00:00,NF-838595,Natalie Fritzler,Consumer,Nigeria,Africa,Western Africa,OFF-AR-3496,Office Supplies,Art,"Binney & Smith Pens, Easy-Erase",21.978000000000005,6,0.7,-51.282000000000004
IN-2015-JE1571556-42360,2015-12-22 00:00:00,JE-1571556,Joe Elijah,Consumer,Hong Kong,Asia Pacific,Eastern Asia,OFF-LA-3323,Office Supplies,Labels,"Avery Shipping Labels, Laser Printer Compatible",11.85,1,0,5.550000000000001
MX-2015-BF1127531-42348,2015-12-10 00:00:00,BF-1127531,Beth Fritzler,Corporate,Cuba,LATAM,Caribbean,OFF-BI-3737,Office Supplies,Binders,"Cardinal Index Tab, Clear",22.399999999999995,5,0,9.8
NI-2015-AO81095-42362,2015-12-24 00:00:00,AO-81095,Anthony O'Donnell,Corporate,Nigeria,Africa,Western Africa,OFF-FA-6208,Office Supplies,Fasteners,"Stockwell Thumb Tacks, Metal",15.912000000000003,4,0.7,-19.128
IZ-2015-DH367561-42349,2015-12-11 00:00:00,DH-367561,Duane Huffman,Home Office,Iraq,Asia Pacific,Western Asia,FUR-FU-5731,Furniture,Furnishings,"Rubbermaid Light Bulb, Black",18.839999999999996,1,0,8.459999999999999
US-2015-NB18655140-42350,2015-12-12 00:00:00,NB-186551406,Nona Balk,Corporate,United States,USCA,Eastern US,OFF-FA-6192,Office Supplies,Fasteners,Stockwell Push Pins,6.540000000000001,3,0,2.1582
TZ-2015-RH9555129-42343,2015-12-05 00:00:00,RH-9555129,Ritsa Hightower,Consumer,Tanzania,Africa,Eastern Africa,OFF-LA-6062,Office Supplies,Labels,"Smead Shipping Labels, Adjustable",9.51,1,0,0.66
US-2015-PC18745140-42367,2015-12-29 00:00:00,PC-187451404,Pamela Coakley,Corporate,United States,USCA,Western US,OFF-BI-3309,Office Supplies,Binders,Avery Reinforcements for Hole-Punch Pages,1.1880000000000002,2,0.7,-0.9899999999999998
MX-2015-MS1771018-42340,2015-12-02 00:00:00,MS-1771018,Maurice Satty,Consumer,Brazil,LATAM,South America,OFF-BI-6377,Office Supplies,Binders,"Wilson Jones Binder Covers, Recycled",7.699999999999998,1,0,0.45999999999999996
ES-2015-AH1007591-42339,2015-12-01 00:00:00,AH-1007591,Adam Hart,Corporate,Netherlands,Europe,Western Europe,OFF-BI-4830,Office Supplies,Binders,"Ibico Index Tab, Economy",15.615,3,0.5,-5.085000000000001
US-2015-PN18775140-42339,2015-12-01 00:00:00,PN-187751408,Parhena Norris,Home Office,United States,USCA,Southern US,TEC-PH-5535,Technology,Phones,OtterBox Defender Series Case - Samsung Galaxy S4,71.976,3,0.2,8.99699999999999
CA-2015-PB18805140-42344,2015-12-06 00:00:00,PB-188051404,Patrick Bzostek,Home Office,United States,USCA,Western US,OFF-BI-4375,Office Supplies,Binders,GBC VeloBinder Manual Binding System,172.752,6,0.2,60.463200000000015
CA-2015-PB18805140-42344,2015-12-06 00:00:00,PB-188051404,Patrick Bzostek,Home Office,United States,USCA,Western US,FUR-FU-4090,Furniture,Furnishings,Eldon Radial Chair Mat for Low to Medium Pile Carpets,199.89999999999998,5,0,39.97999999999999
CA-2015-PB18805140-42344,2015-12-06 00:00:00,PB-188051404,Patrick Bzostek,Home Office,United States,USCA,Western US,OFF-BI-4355,Office Supplies,Binders,GBC Premium Transparent Covers with Diagonal Lined Pattern,83.92000000000002,5,0.2,29.371999999999993
CA-2015-PB18805140-42344,2015-12-06 00:00:00,PB-188051404,Patrick Bzostek,Home Office,United States,USCA,Western US,TEC-PH-3881,Technology,Phones,Cyber Acoustics AC-202b Speech Recognition Stereo Headset,31.176000000000002,3,0.2,-7.0146
IV-2015-RB979529-42339,2015-12-01 00:00:00,RB-979529,Ross Baird,Home Office,Cote d'Ivoire,Africa,Western Africa,OFF-BI-6400,Office Supplies,Binders,"Wilson Jones Hole Reinforcements, Recycled",48.900000000000006,10,0,11.7
CA-2015-PB18805140-42344,2015-12-06 00:00:00,PB-188051404,Patrick Bzostek,Home Office,United States,USCA,Western US,OFF-BI-4249,Office Supplies,Binders,Fellowes Black Plastic Comb Bindings,9.296,2,0.2,3.0211999999999994
IN-2015-CL1256527-42343,2015-12-05 00:00:00,CL-1256527,Clay Ludtke,Consumer,China,Asia Pacific,Eastern Asia,OFF-BI-4807,Office Supplies,Binders,"Ibico Binder Covers, Clear",39.33,3,0,7.83
UP-2015-GT4755137-42355,2015-12-17 00:00:00,GT-4755137,Guy Thornton,Consumer,Ukraine,Europe,Eastern Europe,OFF-AR-3492,Office Supplies,Art,"Binney & Smith Pencil Sharpener, Easy-Erase",27.93,1,0,3.06
MX-2015-TZ2144582-42361,2015-12-23 00:00:00,TZ-2144582,Tom Zandusky,Corporate,Mexico,LATAM,Central America,OFF-BI-4808,Office Supplies,Binders,"Ibico Binder Covers, Durable",30.3,3,0,2.1
US-2015-PS1904598-42349,2015-12-11 00:00:00,PS-1904598,Penelope Sewall,Home Office,Panama,LATAM,Central America,OFF-AR-3493,Office Supplies,Art,"Binney & Smith Pencil Sharpener, Fluorescent",21.336000000000006,2,0.4,-6.424000000000004
IN-2015-JF1519021-42341,2015-12-03 00:00:00,JF-1519021,Jamie Frazer,Consumer,Cambodia,Asia Pacific,Southeastern Asia,OFF-ST-6026,Office Supplies,Storage,"Smead Box, Wire Frame",9.84,1,0,1.26
IN-2015-LS17230118-42365,2015-12-27 00:00:00,LS-17230118,Lycoris Saunders,Consumer,South Korea,Asia Pacific,Eastern Asia,OFF-FA-6189,Office Supplies,Fasteners,"Stockwell Paper Clips, Assorted Sizes",10.95,2,0.5,-2.01
US-2015-PO18850140-42365,2015-12-27 00:00:00,PO-188501402,Patrick O'Brill,Consumer,United States,USCA,Central US,OFF-PA-5664,Office Supplies,Paper,"Recycled Desk Saver Line ""While You Were Out"" Book, 5 1/2"" X 4""",44.75,5,0,20.584999999999994
ES-2015-SC2068045-42348,2015-12-10 00:00:00,SC-2068045,Steve Carroll,Home Office,France,Europe,Western Europe,OFF-FA-6200,Office Supplies,Fasteners,"Stockwell Rubber Bands, Metal",32.519999999999996,2,0,16.259999999999998
CA-2015-PO18865140-42369,2015-12-31 00:00:00,PO-188651406,Patrick O'Donnell,Consumer,United States,USCA,Eastern US,FUR-BO-3651,Furniture,Bookcases,"Bush Westfield Collection Bookcases, Fully Assembled",323.136,4,0.2,12.117599999999968
IN-2015-CR1258058-42347,2015-12-09 00:00:00,CR-1258058,Clay Rozendal,Home Office,India,Asia Pacific,Southern Asia,OFF-EN-5026,Office Supplies,Envelopes,"Kraft Clasp Envelope, Security-Tint",45.599999999999994,4,0,0.8400000000000001
ID-2015-CL12700102-42361,2015-12-23 00:00:00,CL-12700102,Craig Leslie,Home Office,Philippines,Asia Pacific,Southeastern Asia,OFF-AR-3481,Office Supplies,Art,"Binney & Smith Highlighters, Blue",18.249,2,0.45,-12.950999999999997
CA-2015-PO18865140-42369,2015-12-31 00:00:00,PO-188651406,Patrick O'Donnell,Consumer,United States,USCA,Eastern US,TEC-PH-4388,Technology,Phones,Gear Head AU3700S Headset,90.93,7,0,2.7278999999999964
CA-2015-PO18865140-42369,2015-12-31 00:00:00,PO-188651406,Patrick O'Donnell,Consumer,United States,USCA,Eastern US,OFF-BI-6409,Office Supplies,Binders,Wilson Jones Legal Size Ring Binders,52.775999999999996,3,0.2,19.791
ID-2015-LS1720059-42354,2015-12-16 00:00:00,LS-1720059,Luke Schmidt,Corporate,Indonesia,Asia Pacific,Southeastern Asia,OFF-EN-3092,Office Supplies,Envelopes,"Ames Clasp Envelope, Security-Tint",20.352000000000004,4,0.47000000000000003,-13.488000000000005
CA-2015-PO18865140-42364,2015-12-26 00:00:00,PO-188651406,Patrick O'Donnell,Consumer,United States,USCA,Eastern US,TEC-AC-5209,Technology,Accessories,Memorex Micro Travel Drive 4 GB,31.799999999999997,3,0,13.674000000000003
ES-2015-PB1921045-42354,2015-12-16 00:00:00,PB-1921045,Phillip Breyer,Corporate,France,Europe,Western Europe,OFF-EN-3093,Office Supplies,Envelopes,"Ames Clasp Envelope, Set of 50",36,5,0,16.200000000000003
TU-2015-SA10830134-42359,2015-12-21 00:00:00,SA-10830134,Sue Ann Reed,Consumer,Turkey,Asia Pacific,Western Asia,OFF-AR-5924,Office Supplies,Art,"Sanford Pens, Blue",17.76,4,0.6,-16.080000000000005
US-2015-KH1663098-42342,2015-12-04 00:00:00,KH-1663098,Ken Heidel,Corporate,Panama,LATAM,Central America,OFF-FA-2953,Office Supplies,Fasteners,"Accos Rubber Bands, Bulk Pack",6.672,1,0.4,-0.1279999999999994
IT-2015-JK16090104-42361,2015-12-23 00:00:00,JK-16090104,Juliana Krohn,Consumer,Portugal,Europe,Southern Europe,OFF-BI-4803,Office Supplies,Binders,"Ibico 3-Hole Punch, Clear",29.910000000000004,2,0.5,-6.030000000000005
SO-2015-KM6660116-42339,2015-12-01 00:00:00,KM-6660116,Khloe Miller,Consumer,Somalia,Africa,Eastern Africa,OFF-AR-6121,Office Supplies,Art,"Stanley Pens, Blue",10.05,1,0,4.92
CA-2015-PL18925140-42354,2015-12-16 00:00:00,PL-189251404,Paul Lucas,Home Office,United States,USCA,Western US,FUR-FU-5175,Furniture,Furnishings,"Master Giant Foot Doorstop, Safety Yellow",22.77,3,0,9.7911
AO-2015-RW95404-42343,2015-12-05 00:00:00,RW-95404,Rick Wilson,Corporate,Angola,Africa,Central Africa,OFF-FA-6198,Office Supplies,Fasteners,"Stockwell Rubber Bands, Assorted Sizes",13.98,1,0,2.64
MO-2015-VB1174586-42365,2015-12-27 00:00:00,VB-1174586,Victoria Brennan,Corporate,Morocco,Africa,North Africa,OFF-AR-5926,Office Supplies,Art,"Sanford Pens, Fluorescent",12.36,1,0,3.4499999999999997
MX-2015-AC1042082-42343,2015-12-05 00:00:00,AC-1042082,Alyssa Crouse,Corporate,Mexico,LATAM,Central America,OFF-BI-3251,Office Supplies,Binders,"Avery Binder, Clear",16.48,2,0,3.44
US-2015-BD1172555-42365,2015-12-27 00:00:00,BD-1172555,Bruce Degenhardt,Consumer,Honduras,LATAM,Central America,OFF-BI-3720,Office Supplies,Binders,"Cardinal Binder, Clear",15.947999999999997,3,0.4,-6.911999999999996
MX-2015-MP1796582-42342,2015-12-04 00:00:00,MP-1796582,Michael Paige,Corporate,Mexico,LATAM,Central America,OFF-PA-4149,Office Supplies,Paper,"Enermax Computer Printout Paper, Premium",18.98,1,0,8.16
IT-2015-AB1010562-42342,2015-12-04 00:00:00,AB-1010562,Adrian Barton,Consumer,Ireland,Europe,Northern Europe,OFF-ST-6039,Office Supplies,Storage,"Smead Folders, Industrial",8.985,1,0.5,-4.874999999999999
NI-2015-JG516095-42353,2015-12-15 00:00:00,JG-516095,James Galang,Consumer,Nigeria,Africa,Western Africa,OFF-EN-3096,Office Supplies,Envelopes,"Ames Interoffice Envelope, Recycled",13.176,1,0.7,-11.00399999999999
US-2015-ND1837082-42357,2015-12-19 00:00:00,ND-1837082,Natalie DeCherney,Consumer,Mexico,LATAM,Central America,FUR-FU-3037,Furniture,Furnishings,"Advantus Light Bulb, Duo Pack",16.104,2,0.4,-9.696
IT-2015-GM14680124-42362,2015-12-24 00:00:00,GM-14680124,Greg Matthias,Consumer,Sweden,Europe,Northern Europe,OFF-SU-2984,Office Supplies,Supplies,"Acme Ruler, Easy Grip",36.660000000000004,4,0.5,-22.740000000000006
TU-2015-SN10560134-42356,2015-12-18 00:00:00,SN-10560134,Skye Norling,Home Office,Turkey,Asia Pacific,Western Asia,OFF-AR-3553,Office Supplies,Art,"Boston Sketch Pad, Easy-Erase",19.548000000000002,1,0.6,-15.161999999999995
TU-2015-SV10785134-42340,2015-12-02 00:00:00,SV-10785134,Stewart Visinsky,Consumer,Turkey,Asia Pacific,Western Asia,OFF-LA-4657,Office Supplies,Labels,"Hon File Folder Labels, 5000 Label Set",7.224,2,0.6,-1.8359999999999985
US-2015-JK1564098-42352,2015-12-14 00:00:00,JK-1564098,Jim Kriz,Home Office,Panama,LATAM,Central America,OFF-PA-3998,Office Supplies,Paper,"Eaton Message Books, 8.5 x 11",29.664000000000005,3,0.4,-0.036000000000001364
ES-2015-BG1174045-42353,2015-12-15 00:00:00,BG-1174045,Bruce Geld,Consumer,France,Europe,Western Europe,OFF-AR-3552,Office Supplies,Art,"Boston Sketch Pad, Blue",48.599999999999994,1,0,20.88
BO-2015-LC705013-42363,2015-12-25 00:00:00,LC-705013,Liz Carlisle,Consumer,Belarus,Europe,Eastern Europe,OFF-ST-4029,Office Supplies,Storage,"Eldon Box, Industrial",10.739999999999998,1,0,3.96
CA-2015-PK19075140-42360,2015-12-22 00:00:00,PK-190751408,Pete Kriz,Consumer,United States,USCA,Southern US,OFF-BI-4834,Office Supplies,Binders,Ibico Presentation Index for Binding Systems,23.88,6,0,11.223600000000001
IT-2015-RB1970562-42353,2015-12-15 00:00:00,RB-1970562,Roger Barcio,Home Office,Ireland,Europe,Northern Europe,OFF-PA-3998,Office Supplies,Paper,"Eaton Message Books, 8.5 x 11",37.08,3,0.5,-4.5
ES-2015-SJ20215139-42341,2015-12-03 00:00:00,SJ-20215139,Sarah Jordon,Consumer,United Kingdom,Europe,Northern Europe,OFF-PA-6616,Office Supplies,Paper,"Xerox Message Books, Recycled",20.28,1,0,6.27
ES-2015-SC2068064-42340,2015-12-02 00:00:00,SC-2068064,Steve Carroll,Home Office,Italy,Europe,Southern Europe,OFF-PA-6615,Office Supplies,Paper,"Xerox Message Books, Premium",40.74,2,0,18.72
MX-2015-AR1057018-42367,2015-12-29 00:00:00,AR-1057018,Anemone Ratner,Consumer,Brazil,LATAM,South America,OFF-EN-4921,Office Supplies,Envelopes,"Jiffy Manila Envelope, with clear poly window",19.7,1,0,9.84
MX-2015-CM1219093-42361,2015-12-23 00:00:00,CM-1219093,Charlotte Melton,Consumer,Nicaragua,LATAM,Central America,OFF-PA-6612,Office Supplies,Paper,"Xerox Memo Slips, Recycled",26.879999999999995,3,0,12.06
MX-2015-HG1502593-42363,2015-12-25 00:00:00,HG-1502593,Hunter Glantz,Consumer,Nicaragua,LATAM,Central America,OFF-PA-6613,Office Supplies,Paper,"Xerox Message Books, 8.5 x 11",32.68,2,0,5.88
IN-2015-SV2093559-42353,2015-12-15 00:00:00,SV-2093559,Susan Vittorini,Consumer,Indonesia,Asia Pacific,Southeastern Asia,OFF-AR-3534,Office Supplies,Art,"Boston Highlighters, Water Color",32.193,2,0.27,-8.427
IN-2015-TP2113058-42340,2015-12-02 00:00:00,TP-2113058,Theone Pippenger,Consumer,India,Asia Pacific,Southern Asia,OFF-BI-2915,Office Supplies,Binders,"Acco Hole Reinforcements, Recycled",14.04,2,0,0.24
LH-2015-AT43575-42341,2015-12-03 00:00:00,AT-43575,Alyssa Tate,Home Office,Lithuania,Europe,Northern Europe,OFF-ST-6025,Office Supplies,Storage,"Smead Box, Single Width",12.960000000000003,4,0.7,-19.08
CA-2015-QJ19255140-42344,2015-12-06 00:00:00,QJ-192551406,Quincy Jones,Corporate,United States,USCA,Eastern US,TEC-AC-5096,Technology,Accessories,Logitech ClearChat Comfort/USB Headset H390,205.03,7,0,67.65989999999998
IN-2015-JF1549092-42357,2015-12-19 00:00:00,JF-1549092,Jeremy Farry,Consumer,New Zealand,Asia Pacific,Oceania,OFF-LA-4535,Office Supplies,Labels,"Harbour Creations File Folder Labels, Alphabetical",17.1,2,0,6.300000000000001
CA-2015-RA19285140-42364,2015-12-26 00:00:00,RA-192851406,Ralph Arnett,Consumer,United States,USCA,Eastern US,FUR-BO-3621,Furniture,Bookcases,"Bush Andora Bookcase, Maple/Graphite Gray Finish",191.984,2,0.2,4.799599999999977
CA-2015-RA19285140-42340,2015-12-02 00:00:00,RA-192851406,Ralph Arnett,Consumer,United States,USCA,Eastern US,FUR-FU-6329,Furniture,Furnishings,"Ultra Door Kickplate, 8""H x 34""W",79.12,5,0.2,13.845999999999997
EG-2015-DM301538-42367,2015-12-29 00:00:00,DM-301538,Darrin Martin,Consumer,Egypt,Africa,North Africa,FUR-FU-3946,Furniture,Furnishings,"Deflect-O Light Bulb, Black",18.99,1,0,6.8100000000000005
CA-2015-RA19285140-42340,2015-12-02 00:00:00,RA-192851406,Ralph Arnett,Consumer,United States,USCA,Eastern US,OFF-ST-5594,Office Supplies,Storage,Personal File Boxes with Fold-Down Carry Handle,37.392,3,0.2,2.336999999999998
ID-2015-MC17845102-42361,2015-12-23 00:00:00,MC-17845102,Michael Chen,Consumer,Philippines,Asia Pacific,Southeastern Asia,OFF-AR-3502,Office Supplies,Art,"Binney & Smith Sketch Pad, Water Color",27.225,1,0.45,-15.345000000000002
CA-2015-RR19315140-42350,2015-12-12 00:00:00,RR-193151402,Ralph Ritter,Consumer,United States,USCA,Central US,FUR-CH-4489,Furniture,Chairs,GuestStacker Chair with Chrome Finish Legs,520.4639999999999,2,0.3,-14.870399999999961
CA-2015-RR19315140-42350,2015-12-12 00:00:00,RR-193151402,Ralph Ritter,Consumer,United States,USCA,Central US,FUR-FU-4113,Furniture,Furnishings,Electrix Halogen Magnifier Lamp,77.72000000000001,1,0.6,-66.062
CA-2015-RR19315140-42350,2015-12-12 00:00:00,RR-193151402,Ralph Ritter,Consumer,United States,USCA,Central US,OFF-PA-6572,Office Supplies,Paper,Xerox 21,10.368000000000002,2,0.2,3.6288
US-2015-FH1427528-42365,2015-12-27 00:00:00,FH-1427528,Frank Hawley,Corporate,Colombia,LATAM,South America,OFF-BI-3739,Office Supplies,Binders,"Cardinal Index Tab, Economy",11.68,2,0,3.72
ES-2015-AS10090120-42354,2015-12-16 00:00:00,AS-10090120,Adam Shillingsburg,Consumer,Spain,Europe,Southern Europe,OFF-LA-5383,Office Supplies,Labels,"Novimex File Folder Labels, Adjustable",12.299999999999999,2,0,2.46
ID-2015-KB1631559-42367,2015-12-29 00:00:00,KB-1631559,Karl Braun,Consumer,Indonesia,Asia Pacific,Southeastern Asia,OFF-EN-4451,Office Supplies,Envelopes,"GlobeWeis Peel and Seal, Recycled",21.4014,2,0.47000000000000003,-0.018599999999999284
ES-2015-MV1748545-42353,2015-12-15 00:00:00,MV-1748545,Mark Van Huff,Consumer,France,Europe,Western Europe,OFF-FA-3073,Office Supplies,Fasteners,"Advantus Thumb Tacks, Assorted Sizes",22.080000000000002,2,0,3.3000000000000003
IS-2015-MH802563-42355,2015-12-17 00:00:00,MH-802563,Michelle Huthwaite,Consumer,Israel,Asia Pacific,Western Asia,FUR-FU-3957,Furniture,Furnishings,"Deflect-O Stacking Tray, Erganomic",47.82,2,0,13.379999999999999
TO-2015-NS8505131-42356,2015-12-18 00:00:00,NS-8505131,Neola Schneider,Consumer,Togo,Africa,Western Africa,OFF-LA-3260,Office Supplies,Labels,"Avery Color Coded Labels, 5000 Label Set",13.68,1,0,4.7700000000000005
CA-2015-RF934523-42363,2015-12-25 00:00:00,RF-934523,Randy Ferguson,Corporate,Canada,USCA,Canada,OFF-BI-3737,Office Supplies,Binders,"Cardinal Index Tab, Clear",13.439999999999998,2,0,5.64
MX-2015-PT1909082-42355,2015-12-17 00:00:00,PT-1909082,Pete Takahito,Consumer,Mexico,LATAM,Central America,OFF-BI-3739,Office Supplies,Binders,"Cardinal Index Tab, Economy",11.68,2,0,3.72
TU-2015-FM4380134-42368,2015-12-30 00:00:00,FM-4380134,Fred McMath,Consumer,Turkey,Asia Pacific,Western Asia,OFF-AR-3499,Office Supplies,Art,"Binney & Smith Sketch Pad, Blue",18.528000000000002,1,0.6,-15.761999999999999
ES-2015-RR1952545-42357,2015-12-19 00:00:00,RR-1952545,Rick Reed,Corporate,France,Europe,Western Europe,OFF-AR-3496,Office Supplies,Art,"Binney & Smith Pens, Easy-Erase",73.26,6,0,0
TU-2015-AA315134-42367,2015-12-29 00:00:00,AA-315134,Alex Avila,Consumer,Turkey,Asia Pacific,Western Asia,OFF-BI-3727,Office Supplies,Binders,"Cardinal Binding Machine, Recycled",20.052000000000003,1,0.6,-19.578
CA-2015-RB19435140-42350,2015-12-12 00:00:00,RB-194351406,Richard Bierner,Consumer,United States,USCA,Eastern US,OFF-BI-4827,Office Supplies,Binders,Ibico Ibimaster 300 Manual Binding System,735.98,2,0,331.191
IT-2015-EB1387064-42352,2015-12-14 00:00:00,EB-1387064,Emily Burns,Consumer,Italy,Europe,Southern Europe,TEC-MA-5568,Technology,Machines,"Panasonic Phone, Red",98.388,2,0.4,-11.53200000000001
CA-2015-RB19435140-42350,2015-12-12 00:00:00,RB-194351406,Richard Bierner,Consumer,United States,USCA,Eastern US,OFF-BI-4297,Office Supplies,Binders,"Fellowes Twister Kit, Gray/Clear, 3/pkg",40.199999999999996,5,0,18.089999999999996
CA-2015-RB19435140-42350,2015-12-12 00:00:00,RB-194351406,Richard Bierner,Consumer,United States,USCA,Eastern US,OFF-AP-3558,Office Supplies,Appliances,"Bravo II Megaboss 12-Amp Hard Body Upright, Replacement Belts, 2 Belts per Pack",22.75,7,0,6.597499999999999
CA-2015-RB19465140-42355,2015-12-17 00:00:00,RB-194651404,Rick Bensley,Home Office,United States,USCA,Western US,OFF-ST-5811,Office Supplies,Storage,"Safco Wire Cube Shelving System, For Use as 4 or 5 14"" Cubes, Black",158.9,5,0,7.944999999999993
CA-2015-RB19465140-42360,2015-12-22 00:00:00,RB-194651402,Rick Bensley,Home Office,United States,USCA,Central US,OFF-FA-6129,Office Supplies,Fasteners,Staples,15.92,2,0,7.004800000000001
CA-2015-RB19465140-42355,2015-12-17 00:00:00,RB-194651404,Rick Bensley,Home Office,United States,USCA,Western US,OFF-PA-6448,Office Supplies,Paper,Xerox 1898,13.36,2,0,6.4128
IN-2015-EN1378059-42355,2015-12-17 00:00:00,EN-1378059,Edward Nazzal,Consumer,Indonesia,Asia Pacific,Southeastern Asia,OFF-EN-3657,Office Supplies,Envelopes,"Cameo Clasp Envelope, Recycled",13.212899999999998,3,0.47000000000000003,-6.767099999999998
RS-2015-JP6135108-42343,2015-12-05 00:00:00,JP-6135108,Julie Prescott,Home Office,Russia,Europe,Eastern Europe,OFF-AR-6122,Office Supplies,Art,"Stanley Pens, Easy-Erase",10.32,1,0,4.53
IT-2015-PM18940124-42348,2015-12-10 00:00:00,PM-18940124,Paul MacIntyre,Consumer,Sweden,Europe,Northern Europe,OFF-AR-3498,Office Supplies,Art,"Binney & Smith Pens, Water Color",7.5600000000000005,1,0.5,-2.130000000000001
MX-2015-AH1021018-42362,2015-12-24 00:00:00,AH-1021018,Alan Hwang,Consumer,Brazil,LATAM,South America,OFF-FA-2947,Office Supplies,Fasteners,"Accos Push Pins, 12 Pack",74.4,8,0,31.2
US-2015-PB191505-42360,2015-12-22 00:00:00,PB-191505,Philip Brown,Consumer,Argentina,LATAM,South America,OFF-AR-3528,Office Supplies,Art,"Boston Canvas, Water Color",136.368,6,0.4,11.327999999999998
UP-2015-GT4755137-42369,2015-12-31 00:00:00,GT-4755137,Guy Thornton,Consumer,Ukraine,Europe,Eastern Europe,OFF-LA-3316,Office Supplies,Labels,"Avery Round Labels, Alphabetical",27.839999999999996,4,0,6.12
ES-2015-CS124908-42364,2015-12-26 00:00:00,CS-124908,Cindy Schnelling,Corporate,Austria,Europe,Western Europe,OFF-BI-2914,Office Supplies,Binders,"Acco Hole Reinforcements, Economy",6.66,1,0,0.5700000000000001
IN-2015-DE1325527-42350,2015-12-12 00:00:00,DE-1325527,Deanra Eno,Home Office,China,Asia Pacific,Eastern Asia,OFF-EN-3110,Office Supplies,Envelopes,"Ames Peel and Seal, Set of 50",37.38,2,0,1.08
CA-2015-RB19570140-42344,2015-12-06 00:00:00,RB-195701402,Rob Beeghly,Consumer,United States,USCA,Central US,OFF-AP-4929,Office Supplies,Appliances,Kensington 6 Outlet Guardian Standard Surge Protector,61.44,3,0,16.5888
IN-2015-LE16810130-42355,2015-12-17 00:00:00,LE-16810130,Laurel Elliston,Consumer,Thailand,Asia Pacific,Southeastern Asia,FUR-FU-3947,Furniture,Furnishings,"Deflect-O Light Bulb, Duo Pack",27.812999999999995,2,0.27,-5.7269999999999985
CA-2015-RB19570140-42344,2015-12-06 00:00:00,RB-195701402,Rob Beeghly,Consumer,United States,USCA,Central US,TEC-AC-4871,Technology,Accessories,Imation 16GB Mini TravelDrive USB 2.0 Flash Drive,99.39000000000001,3,0,40.749900000000004
CA-2015-RB19570140-42344,2015-12-06 00:00:00,RB-195701402,Rob Beeghly,Consumer,United States,USCA,Central US,OFF-PA-6081,Office Supplies,Paper,"Southworth 100% Résumé Paper, 24lb.",38.9,5,0,17.504999999999995
SA-2015-EB3930110-42362,2015-12-24 00:00:00,EB-3930110,Eric Barreto,Consumer,Saudi Arabia,Asia Pacific,Western Asia,TEC-PH-5831,Technology,Phones,"Samsung Office Telephone, VoIP",65.31,1,0,18.93
SF-2015-FH4350117-42355,2015-12-17 00:00:00,FH-4350117,Fred Harton,Consumer,South Africa,Africa,Southern Africa,OFF-AR-3498,Office Supplies,Art,"Binney & Smith Pens, Water Color",30.240000000000002,2,0,10.86
KE-2015-VS1182069-42347,2015-12-09 00:00:00,VS-1182069,Vivek Sundaresam,Consumer,Kenya,Africa,Eastern Africa,OFF-FA-6187,Office Supplies,Fasteners,"Stockwell Clamps, Metal",19.35,1,0,8.7
US-2015-EH1400555-42341,2015-12-03 00:00:00,EH-1400555,Erica Hernandez,Home Office,Honduras,LATAM,Central America,TEC-AC-5219,Technology,Accessories,"Memorex Mouse, USB",22.703999999999994,2,0.4,-12.895999999999997
ES-2015-BK1126045-42343,2015-12-05 00:00:00,BK-1126045,Berenike Kampe,Consumer,France,Europe,Western Europe,OFF-AR-3482,Office Supplies,Art,"Binney & Smith Highlighters, Easy-Erase",16.86,1,0,6.0600000000000005
SO-2015-KM6660116-42339,2015-12-01 00:00:00,KM-6660116,Khloe Miller,Consumer,Somalia,Africa,Eastern Africa,OFF-BI-6399,Office Supplies,Binders,"Wilson Jones Hole Reinforcements, Economy",9.060000000000002,2,0,4.5
MX-2015-NM1844582-42339,2015-12-01 00:00:00,NM-1844582,Nathan Mautz,Home Office,Mexico,LATAM,Central America,OFF-BI-2895,Office Supplies,Binders,"Acco Binder, Clear",9.74,1,0,3.5
ES-2015-TA21385120-42343,2015-12-05 00:00:00,TA-21385120,Tom Ashbrook,Home Office,Spain,Europe,Southern Europe,OFF-PA-3988,Office Supplies,Paper,"Eaton Cards & Envelopes, Premium",90.36,2,0,27.06
IN-2015-DB13405144-42341,2015-12-03 00:00:00,DB-13405144,Denny Blanton,Consumer,Vietnam,Asia Pacific,Southeastern Asia,OFF-AR-3490,Office Supplies,Art,"Binney & Smith Markers, Fluorescent",63.1215,3,0.17,2.281500000000001
CA-2015-RM19675140-42363,2015-12-25 00:00:00,RM-196751404,Robert Marley,Home Office,United States,USCA,Western US,TEC-CO-4585,Technology,Copiers,Hewlett Packard LaserJet 3310 Copier,2879.952,6,0.2,1007.9831999999999
NI-2015-PF922595-42355,2015-12-17 00:00:00,PF-922595,Phillip Flathmann,Consumer,Nigeria,Africa,Western Africa,OFF-EN-5027,Office Supplies,Envelopes,"Kraft Clasp Envelope, Set of 50",2.7,1,0.7,-6.3
CA-2015-RM19675140-42363,2015-12-25 00:00:00,RM-196751404,Robert Marley,Home Office,United States,USCA,Western US,OFF-BI-6345,Office Supplies,Binders,Vinyl Sectional Post Binders,90.48000000000002,3,0.2,33.93
ID-2015-RA19945130-42368,2015-12-30 00:00:00,RA-19945130,Ryan Akin,Consumer,Thailand,Asia Pacific,Southeastern Asia,FUR-FU-5739,Furniture,Furnishings,"Rubbermaid Stacking Tray, Black",18.396,1,0.27,-1.2840000000000007
TU-2015-HA4905134-42356,2015-12-18 00:00:00,HA-4905134,Helen Abelman,Consumer,Turkey,Asia Pacific,Western Asia,FUR-FU-4043,Furniture,Furnishings,"Eldon Door Stop, Erganomic",19.512,1,0.6,-22.938000000000002
IN-2015-KT16480102-42342,2015-12-04 00:00:00,KT-16480102,Kean Thornton,Consumer,Philippines,Asia Pacific,Southeastern Asia,OFF-BI-3251,Office Supplies,Binders,"Avery Binder, Clear",31.517999999999994,3,0.15000000000000002,12.168
MX-2015-AG1052518-42357,2015-12-19 00:00:00,AG-1052518,Andy Gerbode,Corporate,Brazil,LATAM,South America,OFF-EN-3654,Office Supplies,Envelopes,"Cameo Business Envelopes, Recycled",10.5,1,0,5.04
NI-2015-CR273095-42364,2015-12-26 00:00:00,CR-273095,Craig Reiter,Consumer,Nigeria,Africa,Western Africa,OFF-LA-4527,Office Supplies,Labels,"Harbour Creations Color Coded Labels, Adjustable",12.96,4,0.7,-24.239999999999995
US-2015-EH1376555-42351,2015-12-13 00:00:00,EH-1376555,Edward Hooks,Corporate,Honduras,LATAM,Central America,OFF-BI-3734,Office Supplies,Binders,"Cardinal Hole Reinforcements, Durable",8.208,3,0.4,-2.3520000000000003
US-2015-RD19720140-42348,2015-12-10 00:00:00,RD-197201406,Roger Demir,Consumer,United States,USCA,Eastern US,OFF-BI-6367,Office Supplies,Binders,"Wilson Jones 1"" Hanging DublLock Ring Binders",11.088000000000003,7,0.7,-8.1312
NI-2015-AO81095-42362,2015-12-24 00:00:00,AO-81095,Anthony O'Donnell,Corporate,Nigeria,Africa,Western Africa,OFF-PA-6606,Office Supplies,Paper,"Xerox Computer Printout Paper, Multicolor",8.325000000000001,1,0.7,-13.334999999999997
IT-2015-JK16090104-42361,2015-12-23 00:00:00,JK-16090104,Juliana Krohn,Consumer,Portugal,Europe,Southern Europe,OFF-AR-5902,Office Supplies,Art,"Sanford Canvas, Blue",25.259999999999998,1,0.5,-10.619999999999997
ID-2015-LS1720059-42354,2015-12-16 00:00:00,LS-1720059,Luke Schmidt,Corporate,Indonesia,Asia Pacific,Southeastern Asia,OFF-AR-3489,Office Supplies,Art,"Binney & Smith Markers, Easy-Erase",35.565599999999996,2,0.27,-10.2744
AG-2015-MS79803-42363,2015-12-25 00:00:00,MS-79803,Michael Stewart,Corporate,Algeria,Africa,North Africa,FUR-CH-5794,Furniture,Chairs,"SAFCO Rocking Chair, Black",264.96000000000004,2,0,29.099999999999998
TU-2015-AG270134-42356,2015-12-18 00:00:00,AG-270134,Alejandro Grove,Consumer,Turkey,Asia Pacific,Western Asia,OFF-FA-3068,Office Supplies,Fasteners,"Advantus Staples, 12 Pack",8.232,2,0.6,-10.908
ES-2015-DB1312045-42364,2015-12-26 00:00:00,DB-1312045,David Bremer,Corporate,France,Europe,Western Europe,OFF-AR-3464,Office Supplies,Art,"BIC Pens, Blue",28.56,2,0,3.12
MO-2015-EJ415586-42347,2015-12-09 00:00:00,EJ-415586,Eva Jacobs,Consumer,Morocco,Africa,North Africa,OFF-ST-5689,Office Supplies,Storage,"Rogers Box, Wire Frame",46.08,2,0,5.5200000000000005
IN-2015-JH1543078-42363,2015-12-25 00:00:00,JH-1543078,Jennifer Halladay,Consumer,Malaysia,Asia Pacific,Southeastern Asia,OFF-EN-4905,Office Supplies,Envelopes,"Jiffy Business Envelopes, Set of 50",39,2,0,7.38
CA-2015-RD19810140-42355,2015-12-17 00:00:00,RD-198101406,Ross DeVincentis,Home Office,United States,USCA,Eastern US,OFF-BI-2904,Office Supplies,Binders,"Acco Data Flex Cable Posts For Top & Bottom Load Binders, 6"" Capacity",33.376,4,0.2,10.429999999999998
ES-2015-JR1570045-42362,2015-12-24 00:00:00,JR-1570045,Jocasta Rupert,Consumer,France,Europe,Western Europe,OFF-BI-6404,Office Supplies,Binders,"Wilson Jones Index Tab, Economy",12.899999999999999,2,0,3.3000000000000003
CA-2015-RF19840140-42363,2015-12-25 00:00:00,RF-198401406,Roy Französisch,Consumer,United States,USCA,Eastern US,OFF-FA-6129,Office Supplies,Fasteners,Staples,35.910000000000004,3,0,9.695699999999999
ID-2015-SC2023097-42340,2015-12-02 00:00:00,SC-2023097,Scot Coram,Corporate,Pakistan,Asia Pacific,Southern Asia,OFF-LA-3312,Office Supplies,Labels,"Avery Removable Labels, Alphabetical",10.56,2,0.5,-6.360000000000001
EG-2015-ZD1192538-42366,2015-12-28 00:00:00,ZD-1192538,Zuschuss Donatelli,Consumer,Egypt,Africa,North Africa,OFF-BI-3293,Office Supplies,Binders,"Avery Index Tab, Clear",23.16,4,0,6.24
CA-2015-RP19855140-42341,2015-12-03 00:00:00,RP-198551402,Roy Phan,Corporate,United States,USCA,Central US,OFF-AR-5166,Office Supplies,Art,Manco Dry-Lighter Erasable Highlighter,12.160000000000002,5,0.2,2.127999999999999
CA-2015-RS19870140-42350,2015-12-12 00:00:00,RS-198701402,Roy Skaria,Home Office,United States,USCA,Central US,OFF-EN-5580,Office Supplies,Envelopes,Pastel Pink Envelopes,7.28,1,0,3.4944
CA-2015-RS19870140-42350,2015-12-12 00:00:00,RS-198701402,Roy Skaria,Home Office,United States,USCA,Central US,OFF-BI-6391,Office Supplies,Binders,Wilson Jones Easy Flow II Sheet Lifters,5.4,3,0,2.592
NI-2015-AS22595-42350,2015-12-12 00:00:00,AS-22595,Alan Schoenberger,Corporate,Nigeria,Africa,Western Africa,TEC-PH-3818,Technology,Phones,"Cisco Speaker Phone, with Caller ID",41.544000000000004,1,0.7,-91.416
IN-2015-JF1556558-42351,2015-12-13 00:00:00,JF-1556558,Jill Fjeld,Consumer,India,Asia Pacific,Southern Asia,OFF-BI-2894,Office Supplies,Binders,"Acco Binder Covers, Recycled",27.36,2,0,8.7
CA-2015-RA19915140-42357,2015-12-19 00:00:00,RA-199151404,Russell Applegate,Consumer,United States,USCA,Western US,TEC-AC-5147,Technology,Accessories,Logitech Illuminated - Keyboard,119.98,2,0,57.5904
CA-2015-RA19915140-42357,2015-12-19 00:00:00,RA-199151404,Russell Applegate,Consumer,United States,USCA,Western US,FUR-BO-3644,Furniture,Bookcases,"Bush Saratoga Collection 5-Shelf Bookcase, Hanover Cherry, *Special Order",119.83299999999998,1,0.15,-12.688200000000002
ES-2015-JR1621045-42351,2015-12-13 00:00:00,JR-1621045,Justin Ritter,Corporate,France,Europe,Western Europe,OFF-LA-5388,Office Supplies,Labels,"Novimex Legal Exhibit Labels, Adjustable",16.740000000000002,2,0,1.1400000000000001
CA-2015-RA19915140-42357,2015-12-19 00:00:00,RA-199151404,Russell Applegate,Consumer,United States,USCA,Western US,OFF-BI-3474,Office Supplies,Binders,Binding Machine Supplies,46.672000000000004,2,0.2,16.3352
IN-2015-RH195107-42349,2015-12-11 00:00:00,RH-195107,Rick Huthwaite,Home Office,Australia,Asia Pacific,Oceania,OFF-SU-4303,Office Supplies,Supplies,"Fiskars Box Cutter, Easy Grip",66.852,2,0.1,8.892
ID-2015-TP2113059-42367,2015-12-29 00:00:00,TP-2113059,Theone Pippenger,Consumer,Indonesia,Asia Pacific,Southeastern Asia,OFF-EN-4908,Office Supplies,Envelopes,"Jiffy Clasp Envelope, Set of 50",13.546800000000001,3,0.47000000000000003,-3.103200000000001
SA-2015-BF975110-42347,2015-12-09 00:00:00,BF-975110,Barbara Fisher,Corporate,Saudi Arabia,Asia Pacific,Western Asia,OFF-LA-3312,Office Supplies,Labels,"Avery Removable Labels, Alphabetical",10.56,1,0,1.98
IN-2015-KT16480102-42342,2015-12-04 00:00:00,KT-16480102,Kean Thornton,Consumer,Philippines,Asia Pacific,Southeastern Asia,OFF-LA-3260,Office Supplies,Labels,"Avery Color Coded Labels, 5000 Label Set",7.524,1,0.45,-4.116
IN-2015-JE1571556-42360,2015-12-22 00:00:00,JE-1571556,Joe Elijah,Consumer,Hong Kong,Asia Pacific,Eastern Asia,OFF-BI-6404,Office Supplies,Binders,"Wilson Jones Index Tab, Economy",19.349999999999998,3,0,7.11
CA-2015-SH19975140-42340,2015-12-02 00:00:00,SH-199751404,Sally Hughsby,Corporate,United States,USCA,Western US,OFF-ST-6296,Office Supplies,Storage,"Tennsco Stur-D-Stor Boltless Shelving, 5 Shelves, 24"" Deep, Sand",541.24,4,0,5.412400000000048
MX-2015-LP1709512-42350,2015-12-12 00:00:00,LP-1709512,Liz Preis,Consumer,Barbados,LATAM,Caribbean,OFF-ST-4028,Office Supplies,Storage,"Eldon Box, Blue",6.839999999999999,1,0,3.34
CA-2015-SH19975140-42340,2015-12-02 00:00:00,SH-199751404,Sally Hughsby,Corporate,United States,USCA,Western US,FUR-FU-4109,Furniture,Furnishings,Eldon Wave Desk Accessories,70.67999999999999,12,0,31.099200000000003
CA-2015-SH19975140-42340,2015-12-02 00:00:00,SH-199751404,Sally Hughsby,Corporate,United States,USCA,Western US,OFF-BI-4834,Office Supplies,Binders,Ibico Presentation Index for Binding Systems,15.920000000000002,5,0.2,5.372999999999999
ID-2015-SC2023097-42340,2015-12-02 00:00:00,SC-2023097,Scot Coram,Corporate,Pakistan,Asia Pacific,Southern Asia,OFF-PA-6612,Office Supplies,Paper,"Xerox Memo Slips, Recycled",13.440000000000001,2,0.5,-3.5400000000000027
MX-2015-HA1492051-42339,2015-12-01 00:00:00,HA-1492051,Helen Andreada,Consumer,Guatemala,LATAM,Central America,OFF-LA-4660,Office Supplies,Labels,"Hon File Folder Labels, Laser Printer Compatible",5.76,1,0,0
ES-2015-AW1084048-42353,2015-12-15 00:00:00,AW-1084048,Anthony Witt,Consumer,Germany,Europe,Western Europe,OFF-AR-3459,Office Supplies,Art,"BIC Markers, Water Color",59.22,2,0,20.700000000000003
CA-2015-SK19990140-42361,2015-12-23 00:00:00,SK-199901406,Sally Knutson,Consumer,United States,USCA,Eastern US,TEC-PH-5565,Technology,Phones,Panasonic KX-TG9541B DECT 6.0 Digital 2-Line Expandable Cordless Phone With Digital Answering System,629.958,7,0.4,94.49369999999999
CA-2015-SK19990140-42361,2015-12-23 00:00:00,SK-199901406,Sally Knutson,Consumer,United States,USCA,Eastern US,OFF-BI-3119,Office Supplies,Binders,Angle-D Ring Binders,1.6410000000000002,1,0.7,-1.3128000000000002
ID-2015-BF11005130-42361,2015-12-23 00:00:00,BF-11005130,Barry Franz,Home Office,Thailand,Asia Pacific,Southeastern Asia,OFF-ST-6272,Office Supplies,Storage,"Tenex Shelving, Blue",57.9396,2,0.47000000000000003,-51.3804
TU-2015-BN1515134-42342,2015-12-04 00:00:00,BN-1515134,Bradley Nguyen,Consumer,Turkey,Asia Pacific,Western Asia,OFF-BI-3723,Office Supplies,Binders,"Cardinal Binder, Recycled",11.351999999999999,2,0.6,-11.087999999999996
NI-2015-JG516095-42353,2015-12-15 00:00:00,JG-516095,James Galang,Consumer,Nigeria,Africa,Western Africa,FUR-BO-3885,Furniture,Bookcases,"Dania 3-Shelf Cabinet, Metal",42.273,1,0.7,-70.46699999999998
GH-2015-SS1059049-42341,2015-12-03 00:00:00,SS-1059049,Sonia Sunley,Consumer,Ghana,Africa,Western Africa,OFF-LA-4695,Office Supplies,Labels,"Hon Shipping Labels, Alphabetical",11.19,1,0,5.01
ID-2015-SV1093559-42358,2015-12-20 00:00:00,SV-1093559,Susan Vittorini,Consumer,Indonesia,Asia Pacific,Southeastern Asia,OFF-AR-3534,Office Supplies,Art,"Boston Highlighters, Water Color",4.409999999999999,1,0.4,-2.36
MX-2015-BF1127531-42348,2015-12-10 00:00:00,BF-1127531,Beth Fritzler,Corporate,Cuba,LATAM,Caribbean,OFF-BI-3295,Office Supplies,Binders,"Avery Index Tab, Economy",20.880000000000003,4,0,7.44
CA-2015-SG20080140-42361,2015-12-23 00:00:00,SG-200801402,Sandra Glassco,Consumer,United States,USCA,Central US,OFF-AP-5937,Office Supplies,Appliances,Sanyo 2.5 Cubic Foot Mid-Size Office Refrigerators,839.4300000000001,3,0,218.25179999999997
IZ-2015-CS225061-42367,2015-12-29 00:00:00,CS-225061,Chris Selesnick,Corporate,Iraq,Asia Pacific,Western Asia,OFF-EN-4452,Office Supplies,Envelopes,"GlobeWeis Peel and Seal, Security-Tint",23.79,1,0,2.8499999999999996
TU-2015-JO5145134-42364,2015-12-26 00:00:00,JO-5145134,Jack O'Briant,Corporate,Turkey,Asia Pacific,Western Asia,OFF-BI-3254,Office Supplies,Binders,"Avery Binder, Recycled",5.304,1,0.6,-1.8659999999999997
ES-2015-LB1673545-42360,2015-12-22 00:00:00,LB-1673545,Larry Blacks,Consumer,France,Europe,Western Europe,OFF-BI-3253,Office Supplies,Binders,"Avery Binder, Economy",25.799999999999997,2,0,10.02
IT-2015-MH1762091-42346,2015-12-08 00:00:00,MH-1762091,Matt Hagelstein,Corporate,Netherlands,Europe,Western Europe,OFF-SU-2966,Office Supplies,Supplies,"Acme Box Cutter, High Speed",18.9,1,0.5,-0.7799999999999976
TU-2015-VP11730134-42341,2015-12-03 00:00:00,VP-11730134,Victor Preis,Home Office,Turkey,Asia Pacific,Western Asia,OFF-AR-3490,Office Supplies,Art,"Binney & Smith Markers, Fluorescent",10.14,1,0.6,-8.369999999999997
CA-2015-SE20110140-42360,2015-12-22 00:00:00,SE-201101404,Sanjit Engle,Consumer,United States,USCA,Western US,OFF-ST-4271,Office Supplies,Storage,"Fellowes Mobile File Cart, Black",124.36,2,0,33.577200000000005
RO-2015-SW10455107-42362,2015-12-24 00:00:00,SW-10455107,Shaun Weien,Consumer,Romania,Europe,Eastern Europe,OFF-EN-4905,Office Supplies,Envelopes,"Jiffy Business Envelopes, Set of 50",19.5,1,0,2.91
RS-2015-JP6135108-42343,2015-12-05 00:00:00,JP-6135108,Julie Prescott,Home Office,Russia,Europe,Eastern Europe,OFF-LA-4638,Office Supplies,Labels,"Hon Color Coded Labels, Adjustable",10.709999999999997,1,0,1.71
CA-2015-SS20140140-42354,2015-12-16 00:00:00,SS-201401402,Saphhira Shifley,Corporate,United States,USCA,Central US,OFF-AR-5283,Office Supplies,Art,Newell 307,10.192000000000002,7,0.2,1.0192
MX-2015-AC1066093-42350,2015-12-12 00:00:00,AC-1066093,Anna Chung,Consumer,Nicaragua,LATAM,Central America,FUR-FU-3036,Furniture,Furnishings,"Advantus Light Bulb, Black",26.76,2,0,7.4799999999999995
MX-2015-AJ1094518-42341,2015-12-03 00:00:00,AJ-1094518,Ashley Jarboe,Consumer,Brazil,LATAM,South America,OFF-PA-4176,Office Supplies,Paper,"Enermax Note Cards, Multicolor",21.76,1,0,5.220000000000001
RW-2015-BG1740109-42353,2015-12-15 00:00:00,BG-1740109,Bruce Geld,Consumer,Rwanda,Africa,Eastern Africa,OFF-BI-4814,Office Supplies,Binders,"Ibico Binder, Recycled",15.839999999999998,1,0,1.26
PL-2015-LA6780103-42368,2015-12-30 00:00:00,LA-6780103,Laura Armstrong,Corporate,Poland,Europe,Eastern Europe,OFF-BI-4830,Office Supplies,Binders,"Ibico Index Tab, Economy",10.41,1,0,3.51
UZ-2015-LW6990142-42355,2015-12-17 00:00:00,LW-6990142,Lindsay Williams,Corporate,Uzbekistan,Asia Pacific,Central Asia,OFF-ST-6231,Office Supplies,Storage,"Tenex Box, Wire Frame",15.569999999999999,1,0,7.14
AG-2015-RO97803-42365,2015-12-27 00:00:00,RO-97803,Rose O'Brian,Consumer,Algeria,Africa,North Africa,OFF-AR-6111,Office Supplies,Art,"Stanley Highlighters, Easy-Erase",14.97,1,0,5.37
MO-2015-TB1125086-42339,2015-12-01 00:00:00,TB-1125086,Tim Brockman,Consumer,Morocco,Africa,North Africa,OFF-LA-4548,Office Supplies,Labels,"Harbour Creations Round Labels, 5000 Label Set",7.14,1,0,2.7600000000000002
ES-2015-VW21775120-42363,2015-12-25 00:00:00,VW-21775120,Victoria Wilson,Corporate,Spain,Europe,Southern Europe,OFF-ST-6023,Office Supplies,Storage,"Smead Box, Blue",9.693,1,0.1,-1.077
MX-2015-SC2072526-42362,2015-12-24 00:00:00,SC-2072526,Steven Cartwright,Consumer,Chile,LATAM,South America,OFF-BI-6405,Office Supplies,Binders,"Wilson Jones Index Tab, Recycled",9.08,2,0,4.320000000000001
TU-2015-AD180134-42364,2015-12-26 00:00:00,AD-180134,Alan Dominguez,Home Office,Turkey,Asia Pacific,Western Asia,OFF-BI-3735,Office Supplies,Binders,"Cardinal Hole Reinforcements, Economy",4.272000000000001,2,0.6,-2.088
CA-2015-SJ20215140-42340,2015-12-02 00:00:00,SJ-202151402,Sarah Jordon,Consumer,United States,USCA,Central US,FUR-CH-3977,Furniture,Chairs,DMI Arturo Collection Mission-style Design Wood Chair,317.058,3,0.3,-18.117599999999996
IN-2015-JM155357-42346,2015-12-08 00:00:00,JM-155357,Jessica Myrick,Consumer,Australia,Asia Pacific,Oceania,OFF-SU-4124,Office Supplies,Supplies,"Elite Ruler, High Speed",33.12,4,0.4,2.1600000000000037
CA-2015-SJ20215140-42340,2015-12-02 00:00:00,SJ-202151402,Sarah Jordon,Consumer,United States,USCA,Central US,TEC-PH-3810,Technology,Phones,Cisco SPA112 2 Port Phone Adapter,219.80000000000004,5,0.2,24.72749999999997
MX-2015-JF1556582-42365,2015-12-27 00:00:00,JF-1556582,Jill Fjeld,Consumer,Mexico,LATAM,Central America,OFF-LA-4685,Office Supplies,Labels,"Hon Round Labels, 5000 Label Set",18.8,4,0,3.7600000000000002
MX-2015-SP2092055-42363,2015-12-25 00:00:00,SP-2092055,Susan Pistek,Consumer,Honduras,LATAM,Central America,OFF-FA-2950,Office Supplies,Fasteners,"Accos Push Pins, Metal",17.567999999999998,3,0.4,2.9279999999999973
TU-2015-AG270134-42356,2015-12-18 00:00:00,AG-270134,Alejandro Grove,Consumer,Turkey,Asia Pacific,Western Asia,OFF-FA-6184,Office Supplies,Fasteners,"Stockwell Clamps, 12 Pack",7.464,1,0.6,-2.2560000000000002
TU-2015-VP11730134-42341,2015-12-03 00:00:00,VP-11730134,Victor Preis,Home Office,Turkey,Asia Pacific,Western Asia,OFF-ST-6283,Office Supplies,Storage,"Tenex Trays, Single Width",21.695999999999998,1,0.6,-11.933999999999997
CA-2015-SW20275140-42339,2015-12-01 00:00:00,SW-202751408,Scott Williamson,Consumer,United States,USCA,Southern US,OFF-ST-4612,Office Supplies,Storage,Home/Office Personal File Carts,173.79999999999998,5,0,43.44999999999999
ES-2015-JG15160120-42340,2015-12-02 00:00:00,JG-15160120,James Galang,Consumer,Spain,Europe,Southern Europe,OFF-AR-3490,Office Supplies,Art,"Binney & Smith Markers, Fluorescent",25.349999999999998,1,0,6.84
MO-2015-LP709586-42369,2015-12-31 00:00:00,LP-709586,Liz Preis,Consumer,Morocco,Africa,North Africa,OFF-BI-6397,Office Supplies,Binders,"Wilson Jones Hole Reinforcements, Clear",3.99,1,0,0.42000000000000004
CA-2015-SC20305140-42340,2015-12-02 00:00:00,SC-203051406,Sean Christensen,Consumer,United States,USCA,Eastern US,FUR-CH-4398,Furniture,Chairs,Global Commerce Series High-Back Swivel/Tilt Chairs,398.972,2,0.3,-28.49799999999999
IT-2015-MK18160124-42347,2015-12-09 00:00:00,MK-18160124,Mike Kennedy,Consumer,Sweden,Europe,Northern Europe,FUR-CH-5435,Furniture,Chairs,"Office Star Bag Chairs, Red",55.44,2,0.5,-33.3
CA-2015-SC20305140-42340,2015-12-02 00:00:00,SC-203051406,Sean Christensen,Consumer,United States,USCA,Eastern US,OFF-LA-3202,Office Supplies,Labels,Avery 483,15.936000000000002,4,0.2,5.1792
ES-2015-SW2045545-42362,2015-12-24 00:00:00,SW-2045545,Shaun Weien,Consumer,France,Europe,Western Europe,OFF-FA-6200,Office Supplies,Fasteners,"Stockwell Rubber Bands, Metal",48.779999999999994,3,0,24.389999999999997
CA-2015-SC20305140-42340,2015-12-02 00:00:00,SC-203051406,Sean Christensen,Consumer,United States,USCA,Eastern US,OFF-BI-2923,Office Supplies,Binders,"Acco Pressboard Covers with Storage Hooks, 14 7/8"" x 11"", Dark Blue",8.001000000000001,7,0.7,-5.600699999999996
US-2015-CS123555-42340,2015-12-02 00:00:00,CS-123555,Christine Sundaresam,Consumer,Argentina,LATAM,South America,OFF-PA-6600,Office Supplies,Paper,"Xerox Cards & Envelopes, 8.5 x 11",19.644,1,0.4,-1.3160000000000012
IT-2015-GH1441045-42349,2015-12-11 00:00:00,GH-1441045,Gary Hansen,Home Office,France,Europe,Western Europe,OFF-EN-5039,Office Supplies,Envelopes,"Kraft Manila Envelope, Set of 50",52.980000000000004,2,0,5.82
TU-2015-JH6180134-42342,2015-12-04 00:00:00,JH-6180134,Justin Hirsh,Consumer,Turkey,Asia Pacific,Western Asia,OFF-BI-3723,Office Supplies,Binders,"Cardinal Binder, Recycled",5.675999999999999,1,0.6,-5.543999999999998
NI-2015-LC705095-42362,2015-12-24 00:00:00,LC-705095,Liz Carlisle,Consumer,Nigeria,Africa,Western Africa,OFF-BI-3737,Office Supplies,Binders,"Cardinal Index Tab, Clear",8.712000000000002,4,0.7,-10.248
CA-2015-SO20335140-42340,2015-12-02 00:00:00,SO-203351404,Sean O'Donnell,Consumer,United States,USCA,Western US,FUR-BO-4668,Furniture,Bookcases,"Hon Metal Bookcases, Putty",141.96,2,0,41.16839999999999
CA-2015-SO20335140-42340,2015-12-02 00:00:00,SO-203351404,Sean O'Donnell,Consumer,United States,USCA,Western US,OFF-PA-6502,Office Supplies,Paper,Xerox 1947,41.86,7,0,18.837
SA-2015-RE9450110-42354,2015-12-16 00:00:00,RE-9450110,Richard Eichhorn,Consumer,Saudi Arabia,Asia Pacific,Western Asia,OFF-AR-6122,Office Supplies,Art,"Stanley Pens, Easy-Erase",10.32,1,0,4.53
IN-2015-DB1366059-42339,2015-12-01 00:00:00,DB-1366059,Duane Benoit,Consumer,Indonesia,Asia Pacific,Southeastern Asia,OFF-FA-6193,Office Supplies,Fasteners,"Stockwell Push Pins, 12 Pack",14.2146,2,0.47000000000000003,0.7745999999999977
ID-2015-HL1504059-42339,2015-12-01 00:00:00,HL-1504059,Hunter Lopez,Consumer,Indonesia,Asia Pacific,Southeastern Asia,OFF-PA-5870,Office Supplies,Paper,"SanDisk Memo Slips, Premium",53.99640000000001,6,0.47000000000000003,-13.323599999999999
MX-2015-KM1637539-42367,2015-12-29 00:00:00,KM-1637539,Katherine Murray,Home Office,El Salvador,LATAM,Central America,OFF-ST-6023,Office Supplies,Storage,"Smead Box, Blue",14.36,2,0,5.720000000000001
CA-2015-SC20380140-42339,2015-12-01 00:00:00,SC-203801408,Shahid Collister,Consumer,United States,USCA,Southern US,FUR-TA-3619,Furniture,Tables,Bush Advantage Collection Racetrack Conference Table,1781.6819999999998,7,0.4,-653.2834
CA-2015-SC20380140-42339,2015-12-01 00:00:00,SC-203801408,Shahid Collister,Consumer,United States,USCA,Southern US,TEC-AC-5140,Technology,Accessories,Logitech Wireless Gaming Headset G930,383.97600000000006,3,0.2,81.59490000000001
MX-2015-SP2092055-42363,2015-12-25 00:00:00,SP-2092055,Susan Pistek,Consumer,Honduras,LATAM,Central America,OFF-AR-3456,Office Supplies,Art,"BIC Markers, Blue",21.144,2,0.4,-0.37600000000000194
CA-2015-SH20395140-42346,2015-12-08 00:00:00,SH-203951406,Shahid Hopkins,Consumer,United States,USCA,Eastern US,TEC-AC-5110,Technology,Accessories,Logitech G602 Wireless Gaming Mouse,127.984,2,0.2,25.596799999999998
IT-2015-GM14680124-42362,2015-12-24 00:00:00,GM-14680124,Greg Matthias,Consumer,Sweden,Europe,Northern Europe,TEC-MA-6145,Technology,Machines,"StarTech Phone, White",36.464999999999996,1,0.5,-6.584999999999994
IT-2015-JK16090104-42361,2015-12-23 00:00:00,JK-16090104,Juliana Krohn,Consumer,Portugal,Europe,Southern Europe,OFF-SU-4124,Office Supplies,Supplies,"Elite Ruler, High Speed",20.7,3,0.5,-17.46
US-2015-MG1787598-42364,2015-12-26 00:00:00,MG-1787598,Michael Grace,Home Office,Panama,LATAM,Central America,OFF-LA-3273,Office Supplies,Labels,"Avery File Folder Labels, Alphabetical",10.728,3,0.4,-0.9120000000000005
MX-2015-BF1127531-42348,2015-12-10 00:00:00,BF-1127531,Beth Fritzler,Corporate,Cuba,LATAM,Caribbean,OFF-LA-3300,Office Supplies,Labels,"Avery Legal Exhibit Labels, Laser Printer Compatible",15.12,2,0,1.64
US-2015-DR1288018-42363,2015-12-25 00:00:00,DR-1288018,Dan Reichenbach,Corporate,Brazil,LATAM,South America,OFF-PA-4477,Office Supplies,Paper,"Green Bar Message Books, Recycled",18.96,3,0.6,-6.179999999999995
CA-2015-SR20425140-42361,2015-12-23 00:00:00,SR-204251408,Sharelle Roach,Home Office,United States,USCA,Southern US,FUR-CH-6016,Furniture,Chairs,"Situations Contoured Folding Chairs, 4/Set",141.96,2,0,35.49000000000001
MX-2015-RB1946531-42367,2015-12-29 00:00:00,RB-1946531,Rick Bensley,Home Office,Cuba,LATAM,Caribbean,OFF-AR-3548,Office Supplies,Art,"Boston Pens, Fluorescent",20.64,2,0,7.840000000000001
MX-2015-LP1709512-42350,2015-12-12 00:00:00,LP-1709512,Liz Preis,Consumer,Barbados,LATAM,Caribbean,OFF-PA-4183,Office Supplies,Paper,"Enermax Parchment Paper, Premium",10.26,1,0,4.1
IN-2015-KM1622527-42369,2015-12-31 00:00:00,KM-1622527,Kalyca Meade,Corporate,China,Asia Pacific,Eastern Asia,OFF-PA-4002,Office Supplies,Paper,"Eaton Note Cards, 8.5 x 11",79.47,3,0,25.379999999999995
RS-2015-DP3000108-42355,2015-12-17 00:00:00,DP-3000108,Darren Powers,Consumer,Russia,Europe,Eastern Europe,OFF-AR-3482,Office Supplies,Art,"Binney & Smith Highlighters, Easy-Erase",16.86,1,0,6.0600000000000005
IZ-2015-JD615061-42348,2015-12-10 00:00:00,JD-615061,Justin Deggeller,Corporate,Iraq,Asia Pacific,Western Asia,OFF-FA-3075,Office Supplies,Fasteners,"Advantus Thumb Tacks, Metal",13.71,1,0,2.58
MX-2015-BS1180018-42360,2015-12-22 00:00:00,BS-1180018,Bryan Spruell,Home Office,Brazil,LATAM,South America,FUR-FU-5739,Furniture,Furnishings,"Rubbermaid Stacking Tray, Black",33.6,2,0,2.68
MX-2015-BF1127531-42348,2015-12-10 00:00:00,BF-1127531,Beth Fritzler,Corporate,Cuba,LATAM,Caribbean,OFF-BI-6400,Office Supplies,Binders,"Wilson Jones Hole Reinforcements, Recycled",16.3,5,0,4.4
IR-2015-KH633060-42350,2015-12-12 00:00:00,KH-633060,Katharine Harms,Corporate,Iran,Asia Pacific,Southern Asia,OFF-BI-6397,Office Supplies,Binders,"Wilson Jones Hole Reinforcements, Clear",3.99,1,0,0.42000000000000004
NI-2015-EL373595-42343,2015-12-05 00:00:00,EL-373595,Ed Ludwig,Home Office,Nigeria,Africa,Western Africa,OFF-FA-2945,Office Supplies,Fasteners,"Accos Paper Clips, Bulk Pack",4.248000000000001,1,0.7,-4.691999999999999
BO-2015-EB411013-42349,2015-12-11 00:00:00,EB-411013,Eugene Barchas,Consumer,Belarus,Europe,Eastern Europe,OFF-BI-6375,Office Supplies,Binders,"Wilson Jones Binder Covers, Durable",12.689999999999998,1,0,5.82
CA-2015-SU20665140-42349,2015-12-11 00:00:00,SU-206651408,Stephanie Ulpright,Home Office,United States,USCA,Southern US,TEC-AC-5657,Technology,Accessories,Razer Tiamat Over Ear 7.1 Surround Sound PC Gaming Headset,599.97,3,0,257.98710000000005
IT-2015-MK18160124-42347,2015-12-09 00:00:00,MK-18160124,Mike Kennedy,Consumer,Sweden,Europe,Northern Europe,OFF-BI-3737,Office Supplies,Binders,"Cardinal Index Tab, Clear",6.719999999999999,2,0.5,-1.0799999999999992
IT-2015-PB1921091-42344,2015-12-06 00:00:00,PB-1921091,Phillip Breyer,Corporate,Netherlands,Europe,Western Europe,OFF-LA-4657,Office Supplies,Labels,"Hon File Folder Labels, 5000 Label Set",40.635,9,0.5,-0.134999999999998
CA-2015-SU20665140-42349,2015-12-11 00:00:00,SU-206651408,Stephanie Ulpright,Home Office,United States,USCA,Southern US,TEC-PH-3881,Technology,Phones,Cyber Acoustics AC-202b Speech Recognition Stereo Headset,38.97,3,0,0.7794000000000008
CA-2015-SU20665140-42349,2015-12-11 00:00:00,SU-206651408,Stephanie Ulpright,Home Office,United States,USCA,Southern US,OFF-BI-3301,Office Supplies,Binders,Avery Metallic Poly Binders,45.84,8,0,22.0032
IN-2015-EN1378059-42355,2015-12-17 00:00:00,EN-1378059,Edward Nazzal,Consumer,Indonesia,Asia Pacific,Southeastern Asia,OFF-BI-2899,Office Supplies,Binders,"Acco Binding Machine, Clear",83.913,2,0.17,18.152999999999995
IZ-2015-JC538561-42354,2015-12-16 00:00:00,JC-538561,Jenna Caffey,Consumer,Iraq,Asia Pacific,Western Asia,OFF-BI-4824,Office Supplies,Binders,"Ibico Hole Reinforcements, Durable",8.49,1,0,2.37
TU-2015-JH6180134-42342,2015-12-04 00:00:00,JH-6180134,Justin Hirsh,Consumer,Turkey,Asia Pacific,Western Asia,OFF-PA-4466,Office Supplies,Paper,"Green Bar Computer Printout Paper, 8.5 x 11",13.560000000000002,1,0.6,-15.270000000000003
ID-2015-RP1927059-42362,2015-12-24 00:00:00,RP-1927059,Rachel Payne,Corporate,Indonesia,Asia Pacific,Southeastern Asia,OFF-FA-6189,Office Supplies,Fasteners,"Stockwell Paper Clips, Assorted Sizes",7.361700000000001,1,0.47000000000000003,-0.8583000000000007
MX-2015-CM1219093-42369,2015-12-31 00:00:00,CM-1219093,Charlotte Melton,Consumer,Nicaragua,LATAM,Central America,OFF-LA-4637,Office Supplies,Labels,"Hon Color Coded Labels, 5000 Label Set",26.399999999999995,3,0,12.360000000000001
UP-2015-RK9300137-42341,2015-12-03 00:00:00,RK-9300137,Ralph Kennedy,Consumer,Ukraine,Europe,Eastern Europe,OFF-FA-3071,Office Supplies,Fasteners,"Advantus Staples, Metal",10.98,1,0,4.5
TU-2015-AD180134-42364,2015-12-26 00:00:00,AD-180134,Alan Dominguez,Home Office,Turkey,Asia Pacific,Western Asia,OFF-LA-4534,Office Supplies,Labels,"Harbour Creations File Folder Labels, Adjustable",5.304,2,0.6,-7.295999999999999
NI-2015-AG52595-42354,2015-12-16 00:00:00,AG-52595,Andy Gerbode,Corporate,Nigeria,Africa,Western Africa,OFF-PA-3997,Office Supplies,Paper,"Eaton Memo Slips, Recycled",4.095,1,0.7,-6.704999999999998
ZA-2015-MN7935147-42339,2015-12-01 00:00:00,MN-7935147,Michael Nguyen,Consumer,Zimbabwe,Africa,Eastern Africa,OFF-BI-3256,Office Supplies,Binders,"Avery Binding Machine, Durable",15.102000000000004,1,0.7,-32.238
CA-2015-SC20800140-42339,2015-12-01 00:00:00,SC-208001402,Stuart Calhoun,Consumer,United States,USCA,Central US,OFF-FA-3472,Office Supplies,Fasteners,Binder Clips by OIC,2.368,2,0.2,0.8287999999999999
CA-2015-SV1081523-42361,2015-12-23 00:00:00,SV-1081523,Stuart Van,Corporate,Canada,USCA,Canada,TEC-PH-5268,Technology,Phones,"Motorola Smart Phone, Full Size",3863.88,6,0,1159.02
CA-2015-SV1081523-42361,2015-12-23 00:00:00,SV-1081523,Stuart Van,Corporate,Canada,USCA,Canada,OFF-SU-6166,Office Supplies,Supplies,"Stiletto Letter Opener, High Speed",111.12000000000002,4,0,18.84
CA-2015-SV1081523-42361,2015-12-23 00:00:00,SV-1081523,Stuart Van,Corporate,Canada,USCA,Canada,OFF-PA-4182,Office Supplies,Paper,"Enermax Parchment Paper, Multicolor",33.599999999999994,2,0,10.08
MX-2015-NP1868518-42355,2015-12-17 00:00:00,NP-1868518,Nora Pelletier,Home Office,Brazil,LATAM,South America,OFF-SU-6171,Office Supplies,Supplies,"Stiletto Ruler, Steel",9.52,1,0,2.94
US-2015-AC1066054-42367,2015-12-29 00:00:00,AC-1066054,Anna Chung,Consumer,Haiti,LATAM,Caribbean,OFF-ST-4269,Office Supplies,Storage,"Fellowes Lockers, Wire Frame",247.68,3,0.4,16.5
TU-2015-JJ5445134-42350,2015-12-12 00:00:00,JJ-5445134,Jennifer Jackson,Consumer,Turkey,Asia Pacific,Western Asia,OFF-LA-3272,Office Supplies,Labels,"Avery File Folder Labels, Adjustable",2.808,1,0.6,-1.6919999999999997
US-2015-ND1837082-42357,2015-12-19 00:00:00,ND-1837082,Natalie DeCherney,Consumer,Mexico,LATAM,Central America,OFF-BI-4826,Office Supplies,Binders,"Ibico Hole Reinforcements, Recycled",14.7,3,0,3.4799999999999995
MX-2015-JB1604582-42369,2015-12-31 00:00:00,JB-1604582,Julia Barnett,Home Office,Mexico,LATAM,Central America,OFF-LA-5388,Office Supplies,Labels,"Novimex Legal Exhibit Labels, Adjustable",16.74,3,0,0.66
IN-2015-MO178007-42363,2015-12-25 00:00:00,MO-178007,Meg O'Connel,Home Office,Australia,Asia Pacific,Oceania,FUR-CH-4559,Furniture,Chairs,"Harbour Creations Steel Folding Chair, Red",88.10100000000001,1,0.1,28.371000000000002
TU-2015-BM1140134-42356,2015-12-18 00:00:00,BM-1140134,Becky Martin,Consumer,Turkey,Asia Pacific,Western Asia,OFF-BI-4805,Office Supplies,Binders,"Ibico 3-Hole Punch, Economy",12.180000000000001,1,0.6,-3.0599999999999987
US-2015-SV20935140-42364,2015-12-26 00:00:00,SV-209351406,Susan Vittorini,Consumer,United States,USCA,Eastern US,FUR-TA-4677,Furniture,Tables,Hon Rectangular Conference Tables,273.06,2,0.4,-104.67300000000006
CA-2015-SV20935140-42367,2015-12-29 00:00:00,SV-209351404,Susan Vittorini,Consumer,United States,USCA,Western US,OFF-ST-4082,Office Supplies,Storage,Eldon Mobile Mega Data Cart  Mega Stackable  Add-On Trays,118.25,5,0,34.2925
TU-2015-HA4905134-42356,2015-12-18 00:00:00,HA-4905134,Helen Abelman,Consumer,Turkey,Asia Pacific,Western Asia,OFF-AR-3544,Office Supplies,Art,"Boston Pencil Sharpener, Fluorescent",11.580000000000002,1,0.6,-13.32
US-2015-SV20935140-42364,2015-12-26 00:00:00,SV-209351406,Susan Vittorini,Consumer,United States,USCA,Eastern US,TEC-AC-5178,Technology,Accessories,Maxell 4.7GB DVD-R,158.928,7,0.2,41.718599999999995
CA-2015-SV20935140-42341,2015-12-03 00:00:00,SV-209351404,Susan Vittorini,Consumer,United States,USCA,Western US,OFF-BI-6345,Office Supplies,Binders,Vinyl Sectional Post Binders,67.86000000000001,6,0.7,-45.239999999999995
US-2015-SV20935140-42364,2015-12-26 00:00:00,SV-209351406,Susan Vittorini,Consumer,United States,USCA,Eastern US,OFF-FA-6129,Office Supplies,Fasteners,Staples,39.312,13,0.2,12.776399999999999
US-2015-SV20935140-42364,2015-12-26 00:00:00,SV-209351406,Susan Vittorini,Consumer,United States,USCA,Eastern US,OFF-BI-5939,Office Supplies,Binders,Satellite Sectional Post Binders,13.023000000000001,1,0.7,-10.418399999999998
CA-2015-SV20935140-42367,2015-12-29 00:00:00,SV-209351404,Susan Vittorini,Consumer,United States,USCA,Western US,OFF-PA-6509,Office Supplies,Paper,Xerox 1953,4.28,1,0,1.9259999999999997
TU-2015-MH7785134-42362,2015-12-24 00:00:00,MH-7785134,Maya Herman,Corporate,Turkey,Asia Pacific,Western Asia,OFF-BI-3251,Office Supplies,Binders,"Avery Binder, Clear",4.944,1,0.6,-6.186
CA-2015-SM20950140-42344,2015-12-06 00:00:00,SM-209501406,Suzanne McNair,Corporate,United States,USCA,Eastern US,OFF-AP-4220,Office Supplies,Appliances,Eureka The Boss Cordless Rechargeable Stick Vac,254.89999999999998,5,0,68.82300000000001
ES-2015-BS11665120-42340,2015-12-02 00:00:00,BS-11665120,Brian Stugart,Consumer,Spain,Europe,Southern Europe,OFF-AR-6122,Office Supplies,Art,"Stanley Pens, Easy-Erase",20.64,2,0,9.06
CA-2015-SM20950140-42344,2015-12-06 00:00:00,SM-209501406,Suzanne McNair,Corporate,United States,USCA,Eastern US,FUR-FU-5985,Furniture,Furnishings,"Seth Thomas 14"" Putty-Colored Wall Clock",58.68,2,0,18.190799999999996
CA-2015-SM20950140-42344,2015-12-06 00:00:00,SM-209501406,Suzanne McNair,Corporate,United States,USCA,Eastern US,FUR-FU-4052,Furniture,Furnishings,"Eldon Expressions Wood and Plastic Desk Accessories, Cherry Wood",20.94,3,0,6.072599999999999
NI-2015-HG502595-42346,2015-12-08 00:00:00,HG-502595,Hunter Glantz,Consumer,Nigeria,Africa,Western Africa,OFF-AR-3489,Office Supplies,Art,"Binney & Smith Markers, Easy-Erase",7.308000000000001,1,0.7,-7.331999999999999
ID-2015-LS1720059-42354,2015-12-16 00:00:00,LS-1720059,Luke Schmidt,Corporate,Indonesia,Asia Pacific,Southeastern Asia,OFF-PA-5869,Office Supplies,Paper,"SanDisk Memo Slips, Multicolor",19.4934,2,0.47000000000000003,-12.906600000000001
MX-2015-AC1066093-42350,2015-12-12 00:00:00,AC-1066093,Anna Chung,Consumer,Nicaragua,LATAM,Central America,OFF-BI-6374,Office Supplies,Binders,"Wilson Jones Binder Covers, Clear",21.3,3,0,8.7
US-2015-SG208905-42353,2015-12-15 00:00:00,SG-208905,Susan Gilcrest,Corporate,Argentina,LATAM,South America,OFF-ST-5686,Office Supplies,Storage,"Rogers Box, Blue",19.176000000000002,2,0.4,-0.024000000000002332
IT-2015-AB1010562-42342,2015-12-04 00:00:00,AB-1010562,Adrian Barton,Consumer,Ireland,Europe,Northern Europe,OFF-LA-4537,Office Supplies,Labels,"Harbour Creations Legal Exhibit Labels, 5000 Label Set",11.34,2,0.5,-7.74
EG-2015-SP1054538-42351,2015-12-13 00:00:00,SP-1054538,Sibella Parks,Corporate,Egypt,Africa,North Africa,OFF-PA-5879,Office Supplies,Paper,"SanDisk Message Books, Recycled",23.729999999999997,1,0,10.649999999999999
PL-2015-CB2025103-42347,2015-12-09 00:00:00,CB-2025103,Cassandra Brandow,Consumer,Poland,Europe,Eastern Europe,OFF-BI-6398,Office Supplies,Binders,"Wilson Jones Hole Reinforcements, Durable",6.030000000000001,1,0,1.8599999999999999
IZ-2015-LC714061-42353,2015-12-15 00:00:00,LC-714061,Logan Currie,Consumer,Iraq,Asia Pacific,Western Asia,OFF-BI-3293,Office Supplies,Binders,"Avery Index Tab, Clear",23.16,4,0,6.24
NI-2015-NF838595-42368,2015-12-30 00:00:00,NF-838595,Natalie Fritzler,Consumer,Nigeria,Africa,Western Africa,OFF-ST-6038,Office Supplies,Storage,"Smead Folders, Blue",5.247000000000002,1,0.7,-10.173
ES-2015-VT2170064-42362,2015-12-24 00:00:00,VT-2170064,Valerie Takahito,Home Office,Italy,Europe,Southern Europe,OFF-AR-3532,Office Supplies,Art,"Boston Highlighters, Easy-Erase",19.139999999999997,1,0,4.199999999999999
MX-2015-DC1328536-42351,2015-12-13 00:00:00,DC-1328536,Debra Catini,Consumer,Dominican Republic,LATAM,Caribbean,OFF-AR-5924,Office Supplies,Art,"Sanford Pens, Blue",11.84,2,0.2,2.4800000000000004
CA-2015-TP21130140-42361,2015-12-23 00:00:00,TP-211301402,Theone Pippenger,Consumer,United States,USCA,Central US,FUR-CH-4661,Furniture,Chairs,Hon GuestStacker Chair,1586.6899999999998,7,0,412.5394
CA-2015-TP21130140-42361,2015-12-23 00:00:00,TP-211301402,Theone Pippenger,Consumer,United States,USCA,Central US,FUR-TA-3411,Furniture,Tables,Bevis 44 x 96 Conference Tables,411.8,2,0,70.00599999999997
US-2015-TP21130140-42343,2015-12-05 00:00:00,TP-211301402,Theone Pippenger,Consumer,United States,USCA,Central US,TEC-AC-5107,Technology,Accessories,Logitech G430 Surround Sound Gaming Headset with Dolby 7.1 Technology,399.95,5,0,143.982
CA-2015-TP21130140-42361,2015-12-23 00:00:00,TP-211301402,Theone Pippenger,Consumer,United States,USCA,Central US,TEC-AC-5146,Technology,Accessories,Logitech Gaming G510s - Keyboard,84.99,1,0,30.596399999999996
US-2015-TP21130140-42343,2015-12-05 00:00:00,TP-211301402,Theone Pippenger,Consumer,United States,USCA,Central US,TEC-AC-4301,Technology,Accessories,First Data TMFD35 PIN Pad,142.8,1,0,29.988
NI-2015-ND846095-42361,2015-12-23 00:00:00,ND-846095,Neil Ducich,Corporate,Nigeria,Africa,Western Africa,OFF-BI-6404,Office Supplies,Binders,"Wilson Jones Index Tab, Economy",1.935,1,0.7,-2.8649999999999984
CA-2015-TP21130140-42361,2015-12-23 00:00:00,TP-211301402,Theone Pippenger,Consumer,United States,USCA,Central US,TEC-AC-5238,Technology,Accessories,Microsoft Wireless Mobile Mouse 4000,199.95000000000002,5,0,63.98399999999999
US-2015-TP21130140-42343,2015-12-05 00:00:00,TP-211301402,Theone Pippenger,Consumer,United States,USCA,Central US,OFF-AR-5287,Office Supplies,Art,Newell 310,8.8,5,0,2.5519999999999996
SA-2015-AG330110-42355,2015-12-17 00:00:00,AG-330110,Alex Grayson,Consumer,Saudi Arabia,Asia Pacific,Western Asia,OFF-ST-6026,Office Supplies,Storage,"Smead Box, Wire Frame",19.68,2,0,3.3000000000000003
IT-2015-EH14005139-42355,2015-12-17 00:00:00,EH-14005139,Erica Hernandez,Home Office,United Kingdom,Europe,Northern Europe,OFF-BI-4828,Office Supplies,Binders,"Ibico Index Tab, Clear",8.91,2,0.5,-5.73
AE-2015-GH4665138-42351,2015-12-13 00:00:00,GH-4665138,Greg Hansen,Consumer,United Arab Emirates,Asia Pacific,Western Asia,OFF-BI-3246,Office Supplies,Binders,"Avery Binder Covers, Clear",3.1590000000000003,1,0.7,-4.970999999999998
AE-2015-GH4665138-42351,2015-12-13 00:00:00,GH-4665138,Greg Hansen,Consumer,United Arab Emirates,Asia Pacific,Western Asia,OFF-BI-3249,Office Supplies,Binders,"Avery Binder Covers, Recycled",3.4290000000000003,1,0.7,-3.890999999999999
ES-2015-JH1598545-42358,2015-12-20 00:00:00,JH-1598545,Joseph Holt,Consumer,France,Europe,Western Europe,OFF-SU-4315,Office Supplies,Supplies,"Fiskars Scissors, Easy Grip",49.56,2,0,5.9399999999999995
IT-2015-VG2180591-42365,2015-12-27 00:00:00,VG-2180591,Vivek Grady,Corporate,Netherlands,Europe,Western Europe,OFF-LA-4551,Office Supplies,Labels,"Harbour Creations Round Labels, Laser Printer Compatible",16.875,5,0.5,-11.925
NI-2015-BP118595-42365,2015-12-27 00:00:00,BP-118595,Ben Peterman,Corporate,Nigeria,Africa,Western Africa,OFF-AR-6114,Office Supplies,Art,"Stanley Markers, Blue",13.320000000000002,2,0.7,-27.119999999999997
KZ-2015-BD132068-42364,2015-12-26 00:00:00,BD-132068,Bill Donatelli,Consumer,Kazakhstan,Asia Pacific,Central Asia,OFF-LA-6056,Office Supplies,Labels,"Smead Round Labels, Laser Printer Compatible",2.0700000000000003,1,0.7,-2.369999999999999
ID-2015-CA1205597-42356,2015-12-18 00:00:00,CA-1205597,Cathy Armstrong,Home Office,Pakistan,Asia Pacific,Southern Asia,OFF-AR-6122,Office Supplies,Art,"Stanley Pens, Easy-Erase",20.64,4,0.5,-6.240000000000002
NI-2015-NF838595-42368,2015-12-30 00:00:00,NF-838595,Natalie Fritzler,Consumer,Nigeria,Africa,Western Africa,OFF-BI-4810,Office Supplies,Binders,"Ibico Binder Covers, Recycled",4.203,1,0.7,-4.6469999999999985
EG-2015-ZD1192538-42366,2015-12-28 00:00:00,ZD-1192538,Zuschuss Donatelli,Consumer,Egypt,Africa,North Africa,OFF-LA-4663,Office Supplies,Labels,"Hon Legal Exhibit Labels, Adjustable",8.76,1,0,1.3800000000000001
CA-2015-TC21295140-42342,2015-12-04 00:00:00,TC-212951404,Toby Carlisle,Consumer,United States,USCA,Western US,OFF-PA-6437,Office Supplies,Paper,Xerox 1888,166.44,3,0,79.8912
NI-2015-AG52595-42354,2015-12-16 00:00:00,AG-52595,Andy Gerbode,Corporate,Nigeria,Africa,Western Africa,OFF-BI-2913,Office Supplies,Binders,"Acco Hole Reinforcements, Durable",2.4480000000000004,1,0.7,-1.9019999999999997
KZ-2015-AF87068-42364,2015-12-26 00:00:00,AF-87068,Art Ferguson,Consumer,Kazakhstan,Asia Pacific,Central Asia,OFF-BI-3187,Office Supplies,Binders,"Avery 3-Hole Punch, Durable",17.622000000000007,2,0.7,-20.598000000000003
SA-2015-BF975110-42347,2015-12-09 00:00:00,BF-975110,Barbara Fisher,Corporate,Saudi Arabia,Asia Pacific,Western Asia,OFF-BI-3292,Office Supplies,Binders,"Avery Hole Reinforcements, Recycled",4.7700000000000005,1,0,2.04
ES-2015-BN11515139-42349,2015-12-11 00:00:00,BN-11515139,Bradley Nguyen,Consumer,United Kingdom,Europe,Northern Europe,OFF-BI-6402,Office Supplies,Binders,"Wilson Jones Index Tab, Clear",11.82,2,0,1.02
US-2015-TC2147518-42360,2015-12-22 00:00:00,TC-2147518,Tony Chapman,Home Office,Brazil,LATAM,South America,OFF-BI-2918,Office Supplies,Binders,"Acco Index Tab, Durable",2.384,1,0.6,-2.276
US-2015-MG1787598-42364,2015-12-26 00:00:00,MG-1787598,Michael Grace,Home Office,Panama,LATAM,Central America,OFF-FA-5470,Office Supplies,Fasteners,"OIC Paper Clips, Metal",11.639999999999999,2,0.4,-3.720000000000001
MX-2015-AR1057018-42367,2015-12-29 00:00:00,AR-1057018,Anemone Ratner,Consumer,Brazil,LATAM,South America,OFF-LA-3272,Office Supplies,Labels,"Avery File Folder Labels, Adjustable",14.039999999999997,3,0,6.419999999999999
MX-2015-TD2099582-42369,2015-12-31 00:00:00,TD-2099582,Tamara Dahlen,Consumer,Mexico,LATAM,Central America,OFF-LA-4664,Office Supplies,Labels,"Hon Legal Exhibit Labels, Alphabetical",7.12,1,0,0.5599999999999999
TU-2015-JG5115134-42364,2015-12-26 00:00:00,JG-5115134,Jack Garza,Consumer,Turkey,Asia Pacific,Western Asia,OFF-FA-6206,Office Supplies,Fasteners,"Stockwell Thumb Tacks, Assorted Sizes",8.784,2,0.6,-5.496
ES-2015-SH2063545-42339,2015-12-01 00:00:00,SH-2063545,Stefanie Holloman,Corporate,France,Europe,Western Europe,OFF-ST-6039,Office Supplies,Storage,"Smead Folders, Industrial",16.173,1,0.1,2.3130000000000006
KZ-2015-AH12068-42348,2015-12-10 00:00:00,AH-12068,Adrian Hane,Home Office,Kazakhstan,Asia Pacific,Central Asia,OFF-BI-3734,Office Supplies,Binders,"Cardinal Hole Reinforcements, Durable",2.0520000000000005,1,0.7,-3.378
CA-2015-TT21460140-42357,2015-12-19 00:00:00,TT-214601404,Tonja Turnell,Home Office,United States,USCA,Western US,OFF-AR-5314,Office Supplies,Art,Newell 335,5.76,2,0,1.6703999999999999
SG-2015-BC1125111-42340,2015-12-02 00:00:00,BC-1125111,Becky Castell,Home Office,Senegal,Africa,Western Africa,OFF-BI-3716,Office Supplies,Binders,"Cardinal Binder Covers, Clear",11.459999999999999,1,0,2.9699999999999998
IN-2015-GK14620130-42357,2015-12-19 00:00:00,GK-14620130,Grace Kelly,Corporate,Thailand,Asia Pacific,Southeastern Asia,OFF-BI-6400,Office Supplies,Binders,"Wilson Jones Hole Reinforcements, Recycled",8.1174,2,0.17,1.7573999999999996
CA-2015-TS21505140-42358,2015-12-20 00:00:00,TS-215051404,Tony Sayre,Consumer,United States,USCA,Western US,FUR-BO-5520,Furniture,Bookcases,O'Sullivan 2-Shelf Heavy-Duty Bookcases,102.01800000000001,7,0.7,-183.6323999999999
ID-2015-MG1820592-42343,2015-12-05 00:00:00,MG-1820592,Mitch Gastineau,Corporate,New Zealand,Asia Pacific,Oceania,OFF-PA-4477,Office Supplies,Paper,"Green Bar Message Books, Recycled",28.439999999999998,2,0.4,-8.100000000000001
CA-2015-TS21505140-42358,2015-12-20 00:00:00,TS-215051404,Tony Sayre,Consumer,United States,USCA,Western US,OFF-ST-6290,Office Supplies,Storage,Tennsco Industrial Shelving,78.256,2,0.2,-17.607599999999998
CA-2015-TS21505140-42358,2015-12-20 00:00:00,TS-215051404,Tony Sayre,Consumer,United States,USCA,Western US,FUR-FU-5479,Furniture,Furnishings,OIC Stacking Trays,13.360000000000001,5,0.2,4.008000000000001
MX-2015-NF1859536-42358,2015-12-20 00:00:00,NF-1859536,Nicole Fjeld,Home Office,Dominican Republic,LATAM,Caribbean,OFF-FA-3056,Office Supplies,Fasteners,"Advantus Push Pins, Bulk Pack",15.392000000000001,2,0.2,3.8319999999999994
IT-2015-BD1163591-42349,2015-12-11 00:00:00,BD-1163591,Brian Derr,Consumer,Netherlands,Europe,Western Europe,OFF-EN-3088,Office Supplies,Envelopes,"Ames Business Envelopes, Recycled",20.160000000000004,3,0.5,-4.860000000000005
TZ-2015-CM2115129-42349,2015-12-11 00:00:00,CM-2115129,Chad McGuire,Consumer,Tanzania,Africa,Eastern Africa,OFF-BI-3293,Office Supplies,Binders,"Avery Index Tab, Clear",5.79,1,0,1.56
SU-2015-DB3555122-42364,2015-12-26 00:00:00,DB-3555122,Dorothy Badders,Corporate,Sudan,Africa,North Africa,OFF-EN-3090,Office Supplies,Envelopes,"Ames Business Envelopes, Set of 50",18.18,1,0,5.25
IN-2015-JH1543078-42363,2015-12-25 00:00:00,JH-1543078,Jennifer Halladay,Consumer,Malaysia,Asia Pacific,Southeastern Asia,FUR-FU-6257,Furniture,Furnishings,"Tenex Light Bulb, Black",37.86,2,0,5.64
NI-2015-MC757595-42354,2015-12-16 00:00:00,MC-757595,Matt Collins,Consumer,Nigeria,Africa,Western Africa,OFF-BI-3739,Office Supplies,Binders,"Cardinal Index Tab, Economy",2.628,1,0.7,-2.111999999999999
CA-2015-TC21535140-42346,2015-12-08 00:00:00,TC-215351404,Tracy Collins,Home Office,United States,USCA,Western US,OFF-PA-5673,Office Supplies,Paper,"REDIFORM Incoming/Outgoing Call Register, 11"" X 8 1/2"", 100 Messages",50.04,6,0,25.02
CA-2015-TC21535140-42365,2015-12-27 00:00:00,TC-215351406,Tracy Collins,Home Office,United States,USCA,Eastern US,OFF-BI-2906,Office Supplies,Binders,Acco Economy Flexible Poly Round Ring Binder,3.132,2,0.7,-2.6099999999999994
US-2015-TG216405-42343,2015-12-05 00:00:00,TG-216405,Trudy Glocke,Consumer,Argentina,LATAM,South America,OFF-LA-3272,Office Supplies,Labels,"Avery File Folder Labels, Adjustable",2.8079999999999994,1,0.4,0.26800000000000035
US-2015-TB21625140-42339,2015-12-01 00:00:00,TB-216251406,Trudy Brown,Consumer,United States,USCA,Eastern US,FUR-CH-4399,Furniture,Chairs,Global Commerce Series Low-Back Swivel/Tilt Chairs,1079.316,6,0.3,-15.418800000000203
IN-2015-NH1861059-42349,2015-12-11 00:00:00,NH-1861059,Nicole Hansen,Corporate,Indonesia,Asia Pacific,Southeastern Asia,OFF-LA-4696,Office Supplies,Labels,"Hon Shipping Labels, Laser Printer Compatible",18.078300000000002,3,0.47000000000000003,0.9782999999999973
CA-2015-TG1164023-42339,2015-12-01 00:00:00,TG-1164023,Trudy Glocke,Consumer,Canada,USCA,Canada,OFF-AP-3582,Office Supplies,Appliances,"Breville Toaster, Black",456.8400000000001,6,0,132.48000000000002
CA-2015-TG1164023-42339,2015-12-01 00:00:00,TG-1164023,Trudy Glocke,Consumer,Canada,USCA,Canada,TEC-MA-5497,Technology,Machines,"Okidata Card Printer, Durable",351.90000000000003,2,0,28.14
CA-2015-TG1164023-42339,2015-12-01 00:00:00,TG-1164023,Trudy Glocke,Consumer,Canada,USCA,Canada,FUR-CH-4702,Furniture,Chairs,"Hon Swivel Stool, Black",322.44000000000005,2,0,90.24
CA-2015-TG1164023-42339,2015-12-01 00:00:00,TG-1164023,Trudy Glocke,Consumer,Canada,USCA,Canada,TEC-PH-3803,Technology,Phones,"Cisco Signal Booster, with Caller ID",303.65999999999997,2,0,75.9
CA-2015-TG1164023-42339,2015-12-01 00:00:00,TG-1164023,Trudy Glocke,Consumer,Canada,USCA,Canada,TEC-AC-5865,Technology,Accessories,"SanDisk Keyboard, Erganomic",79.29,1,0,10.290000000000001
CA-2015-TG1164023-42339,2015-12-01 00:00:00,TG-1164023,Trudy Glocke,Consumer,Canada,USCA,Canada,FUR-FU-3930,Furniture,Furnishings,"Deflect-O Clock, Durable",47.339999999999996,1,0,15.120000000000001
ES-2015-BT1139545-42341,2015-12-03 00:00:00,BT-1139545,Bill Tyler,Corporate,France,Europe,Western Europe,OFF-BI-3293,Office Supplies,Binders,"Avery Index Tab, Clear",17.37,3,0,4.68
TU-2015-AD180134-42364,2015-12-26 00:00:00,AD-180134,Alan Dominguez,Home Office,Turkey,Asia Pacific,Western Asia,OFF-AR-5926,Office Supplies,Art,"Sanford Pens, Fluorescent",4.944,1,0.6,-3.9659999999999997
CA-2015-VF21715140-42356,2015-12-18 00:00:00,VF-217151402,Vicky Freymann,Home Office,United States,USCA,Central US,OFF-PA-6416,Office Supplies,Paper,"Wirebound Message Books, 2 7/8"" x 5"", 3 Forms per Page",28.16,4,0,13.235199999999999
CA-2015-VP21730140-42339,2015-12-01 00:00:00,VP-217301406,Victor Preis,Home Office,United States,USCA,Eastern US,TEC-PH-5537,Technology,Phones,Panasonic Business Telephones KX-T7736,546.0600000000001,3,0,163.81799999999998
CA-2015-VP21730140-42339,2015-12-01 00:00:00,VP-217301406,Victor Preis,Home Office,United States,USCA,Eastern US,OFF-ST-4273,Office Supplies,Storage,Fellowes Officeware Wire Shelving,269.49,3,0,5.389799999999994
CA-2015-VP21730140-42339,2015-12-01 00:00:00,VP-217301406,Victor Preis,Home Office,United States,USCA,Eastern US,OFF-ST-4890,Office Supplies,Storage,"Iris 3-Drawer Stacking Bin, Black",83.56,4,0,1.671199999999999
TU-2015-JO5145134-42364,2015-12-26 00:00:00,JO-5145134,Jack O'Briant,Corporate,Turkey,Asia Pacific,Western Asia,OFF-LA-4549,Office Supplies,Labels,"Harbour Creations Round Labels, Adjustable",1.8600000000000003,1,0.6,-1.5
CA-2015-VW21775140-42341,2015-12-03 00:00:00,VW-217751404,Victoria Wilson,Corporate,United States,USCA,Western US,OFF-ST-4271,Office Supplies,Storage,"Fellowes Mobile File Cart, Black",559.62,9,0,151.09740000000002
QA-2015-LM7065105-42362,2015-12-24 00:00:00,LM-7065105,Liz MacKendrick,Consumer,Qatar,Asia Pacific,Western Asia,OFF-BI-3738,Office Supplies,Binders,"Cardinal Index Tab, Durable",7.62,1,0,3.42
CA-2015-VW21775140-42341,2015-12-03 00:00:00,VW-217751404,Victoria Wilson,Corporate,United States,USCA,Western US,OFF-PA-6495,Office Supplies,Paper,Xerox 1940,109.92,2,0,53.8608
IN-2015-NH1861059-42349,2015-12-11 00:00:00,NH-1861059,Nicole Hansen,Corporate,Indonesia,Asia Pacific,Southeastern Asia,OFF-LA-4688,Office Supplies,Labels,"Hon Round Labels, Laser Printer Compatible",14.1192,4,0.47000000000000003,-7.8408
CA-2015-VW21775140-42341,2015-12-03 00:00:00,VW-217751404,Victoria Wilson,Corporate,United States,USCA,Western US,OFF-PA-6518,Office Supplies,Paper,Xerox 1962,8.56,2,0,3.8519999999999994
US-2015-SG2008054-42366,2015-12-28 00:00:00,SG-2008054,Sandra Glassco,Consumer,Haiti,LATAM,Caribbean,TEC-AC-5882,Technology,Accessories,"SanDisk Mouse, Programmable",31.847999999999995,2,0.4,-6.391999999999999
US-2015-PS1904598-42349,2015-12-11 00:00:00,PS-1904598,Penelope Sewall,Home Office,Panama,LATAM,Central America,TEC-MA-4201,Technology,Machines,"Epson Phone, Durable",16.218000000000004,1,0.7,-35.142
US-2015-MM1828098-42357,2015-12-19 00:00:00,MM-1828098,Muhammed MacIntyre,Corporate,Panama,LATAM,Central America,OFF-SU-4134,Office Supplies,Supplies,"Elite Shears, Steel",18.564,1,0.4,-12.376
MX-2015-RM1975082-42351,2015-12-13 00:00:00,RM-1975082,Roland Murray,Consumer,Mexico,LATAM,Central America,OFF-LA-4540,Office Supplies,Labels,"Harbour Creations Legal Exhibit Labels, Laser Printer Compatible",14.6,2,0,5.5200000000000005
NI-2015-EH412595-42347,2015-12-09 00:00:00,EH-412595,Eugene Hildebrand,Home Office,Nigeria,Africa,Western Africa,OFF-AR-6118,Office Supplies,Art,"Stanley Pencil Sharpener, Easy-Erase",15.624000000000002,2,0.7,-18.755999999999993
CA-2015-VM1183523-42361,2015-12-23 00:00:00,VM-1183523,Vivian Mathis,Consumer,Canada,USCA,Canada,OFF-AR-3448,Office Supplies,Art,"BIC Canvas, Easy-Erase",53.97,1,0,18.330000000000002
CA-2015-VM1183523-42361,2015-12-23 00:00:00,VM-1183523,Vivian Mathis,Consumer,Canada,USCA,Canada,OFF-BI-3294,Office Supplies,Binders,"Avery Index Tab, Durable",6.6899999999999995,1,0,1.71
UP-2015-DP3390137-42357,2015-12-19 00:00:00,DP-3390137,Dennis Pardue,Home Office,Ukraine,Europe,Eastern Europe,OFF-AR-3548,Office Supplies,Art,"Boston Pens, Fluorescent",15.48,1,0,2.61
US-2015-WB21850140-42349,2015-12-11 00:00:00,WB-218501406,William Brown,Consumer,United States,USCA,Eastern US,FUR-FU-3849,Furniture,Furnishings,"Contract Clock, 14"", Brown",87.92,5,0.2,15.386
NI-2015-CR273095-42364,2015-12-26 00:00:00,CR-273095,Craig Reiter,Consumer,Nigeria,Africa,Western Africa,OFF-AR-5925,Office Supplies,Art,"Sanford Pens, Easy-Erase",3.411000000000001,1,0.7,-5.349
US-2015-WB21850140-42349,2015-12-11 00:00:00,WB-218501406,William Brown,Consumer,United States,USCA,Eastern US,OFF-BI-4567,Office Supplies,Binders,Heavy-Duty E-Z-D Binders,3.2730000000000006,1,0.7,-2.5092999999999996
ZA-2015-JC5775147-42356,2015-12-18 00:00:00,JC-5775147,John Castell,Consumer,Zimbabwe,Africa,Eastern Africa,OFF-BI-3289,Office Supplies,Binders,"Avery Hole Reinforcements, Clear",1.1610000000000003,1,0.7,-2.349
CA-2015-YS21880140-42360,2015-12-22 00:00:00,YS-218801404,Yana Sorensen,Corporate,United States,USCA,Western US,OFF-ST-5076,Office Supplies,Storage,Letter Size Cart,1000.0200000000001,7,0,290.0057999999999
CA-2015-YC21895140-42365,2015-12-27 00:00:00,YC-218951402,Yoseph Carroll,Corporate,United States,USCA,Central US,OFF-ST-6294,Office Supplies,Storage,Tennsco Single-Tier Lockers,750.68,2,0,37.53399999999999
NI-2015-AS22595-42350,2015-12-12 00:00:00,AS-22595,Alan Schoenberger,Corporate,Nigeria,Africa,Western Africa,OFF-BI-2913,Office Supplies,Binders,"Acco Hole Reinforcements, Durable",2.4480000000000004,1,0.7,-1.9019999999999997
ID-2015-PC19000102-42348,2015-12-10 00:00:00,PC-19000102,Pauline Chand,Home Office,Philippines,Asia Pacific,Southeastern Asia,OFF-PA-3996,Office Supplies,Paper,"Eaton Memo Slips, Premium",15.114,2,0.45,-0.006000000000000227
TU-2015-TB11520134-42351,2015-12-13 00:00:00,TB-11520134,Tracy Blumstein,Consumer,Turkey,Asia Pacific,Western Asia,OFF-AR-6121,Office Supplies,Art,"Stanley Pens, Blue",4.0200000000000005,1,0.6,-1.1100000000000003
NI-2015-AS22595-42350,2015-12-12 00:00:00,AS-22595,Alan Schoenberger,Corporate,Nigeria,Africa,Western Africa,OFF-BI-4828,Office Supplies,Binders,"Ibico Index Tab, Clear",2.6730000000000005,1,0.7,-4.647
NI-2015-JR570095-42356,2015-12-18 00:00:00,JR-570095,Jocasta Rupert,Consumer,Nigeria,Africa,Western Africa,OFF-LA-4694,Office Supplies,Labels,"Hon Shipping Labels, Adjustable",2.781,1,0.7,-3.2489999999999988
MX-2015-BG1169518-42360,2015-12-22 00:00:00,BG-1169518,Brooke Gillingham,Corporate,Brazil,LATAM,South America,OFF-FA-6202,Office Supplies,Fasteners,"Stockwell Staples, Assorted Sizes",36.68000000000001,7,0,16.8
RS-2015-DP3000108-42355,2015-12-17 00:00:00,DP-3000108,Darren Powers,Consumer,Russia,Europe,Eastern Europe,OFF-ST-6275,Office Supplies,Storage,"Tenex Shelving, Wire Frame",53.730000000000004,1,0,6.42
